name,addr:postcode,addr:city,addr:street,addr:housenumber,operator,operator:type,__id
Centralne Muzeum Pożarnictwa w Mysłowicach,41-400,Mysłowice,Stadionowa,7a,Komenda Główna Państwowej Straży Pożarnej,government,-718339978
Centralne Muzeum Włókiennictwa w Łodzi,93-034,Łódź,Piotrkowska,282,Miasto Łódź,government,-1046000476
Muzeum Pogranicza w Działdowie,13-200,Działdowo,Mickiewicza,43,Gmina – Miasto Działdowo,government,-360842724
Lubuskie Muzeum Wojskowe w Zielonej Górze z siedzibą w Drzonowie,66-008,Świdnica,Drzonów,54,Miasto Zielona Góra,government,-422093732
Miejskie Muzeum Zabawek ze zbiorów Henryka Tomaszewskiego,58-540,Karpacz,Kolejowa,3,Gmina Karpacz,government,-552145993
Międzyrzecki Rejon Umocniony - Muzeum Fortyfikacji i Nietoperzy w Pniewie,66-300,Międzyrzecz,Pniewo,1,Gmina Międzyrzecz,government,-190626180
Muzeum Czartoryskich w Puławach,24-100,Puławy,Czartoryskich,8,Miasto Puławy,government,-590126584
Muzeum Górnośląski Park Etnograficzny w Chorzowie,41-500,Chorzów,Parkowa,25,Województwo Śląskie,government,-1064392677
Muzeum Archeologiczne w Biskupinie,88-410,Gąsawa,Biskupin,17,Województwo Kujawsko – Pomorskie,government,-382577073
Muzeum Archeologiczne w Gdańsku,80-833,Gdańsk,Mariacka,25,Województwo Pomorskie,government,-281735217
Muzeum Archeologiczne w Krakowie,31-002,Kraków,Senacka,3,Województwo Małopolskie,government,-968830708
Muzeum Archeologiczne w Poznaniu,61-781,Poznań,Wodna,27,Województwo Wielkopolskie,government,-407973662
Muzeum Archeologiczne i Etnograficzne w Łodzi,91-415,Łódź,Wolności,14,Województwo Łódzkie,government,-315936099
Muzeum Archeologiczne Środkowego Nadodrza w Zielonej Górze z siedzibą w Świdnicy,66-008,Świdnica,Długa,27,Miasto Zielona Góra,government,-71367507
Muzeum Archeologiczno-Historyczne w Elblągu,82-300,Elbląg,Bulwar Zygmunta Augusta,11,Gmina Miasto Elbląg,government,-55338847
Muzeum Archeologiczno-Historyczne w Głogowie,67-200,Głogów,Brama Brzostowska,1,Gmina Miejska Głogów,government,-766819029
Muzeum Archeologiczno – Historyczne w Stargardzie,73-110,Stargard,Rynek Staromiejski,2-,Gmina Miasto Stargard,government,-667626513
Muzeum Architektury we Wrocławiu,50-156,Wrocław,Bernardyńska,7,Gmina Wrocław,government,-712190437
Muzeum Armii Krajowej im. gen. Emila Fieldorfa Nila w Krakowie,31-511,Kraków,Wita Stwosza,12,Gmina Miejska Kraków i Województwo Małopolskie,government,-1013753691
Muzeum Augusta Zamoyskiego w Jabłoniu,21-205,Jabłoń,Augusta Zamoyskiego,9A,Gmina Jabłoń,government,-541015520
Muzeum Azji i Pacyfiku w Warszawie,00-403,Warszawa,Solec,24,Województwo Mazowieckie,government,-651150847
Muzeum Badań Polarnych w Puławach,24-100,Puławy,4 Pułku Piechoty Wojska Polskiego,18,Minister Kultury i Dziedzictwa Narodowego,government,-337983166
Muzeum Bitwy pod Grunwaldem w Stębarku,14-107,Gietrzwałd,Stębark,1,Województwo Warmińsko- Mazurskie,government,-549742584
Muzeum Budownictwa Ludowego – Park Etnograficzny w Olsztynku,11-015,Olsztynek,Leśna,23,Województwo Warmińsko – Mazurskie,government,-1036621305
Muzeum Budownictwa Ludowego w Sanoku,38-500,Sanok,Traugutta,3,Województwo Podkarpackie,government,-436680332
Muzeum Ceramiki w Bolesławcu,59-700,Bolesławiec,Mickiewicza,13,Gmina Miejska Bolesławiec,government,-670345220
Muzeum Częstochowskie,42-217,Częstochowa,Najświętszej Marii Panny,47,Gmina Częstochowa,government,-1660534
Muzeum Dawnego Kupiectwa w Świdnicy,58-100,Świdnica,Rynek,37,Gmina Miasto Świdnica,government,-296070975
Muzeum Dobranocek ze Zbiorów Wojciecha Jamy w Rzeszowie,35-064,Rzeszów,Mickiewicza,13,Gmina Miasto Rzeszów,government,-887415567
Muzeum Dulag 121,05-800,Pruszków,3 Maja,8a,Powiat Pruszkowski,government,-249955852
Muzeum - Dwory Karwacjanów i Gładyszów w Gorlicach,38-300,Gorlice,Wróblewskiego,10a,Województwo Małopolskie,government,-872301332
Muzeum Emigracji w Gdyni,81-372,Gdynia,Armii Krajowej,24,Gmina Miasta Gdyni,government,-47772557
Muzeum Etnograficzne w Zielonej Górze - Ochli,66-006,Ochla,Muzealna,5,Województwo Lubuskie,government,-1069391992
Muzeum Etnograficzne im. Marii Znamierowskiej - Prüfferowej w Toruniu,87-100,Toruń,Wały gen. Sikorskiego,19,Województwo Kujawsko-Pomorskie,government,-831256268
Muzeum Etnograficzne im. Seweryna Udzieli w Krakowie,31-066,Kraków,Krakowska,46,Województwo Małopolskie,government,-472847596
Muzeum Fauny i Flory Morskiej i Śródlądowej w Jaworzu,43-384,Jaworze,Wapienicka,10,Gmina Jaworze,government,-345613705
Muzeum Filumenistyczne w Bystrzycy Kłodzkiej,57-500,Bystrzyca Kłodzka,Mały Rynek,1,Gmina Bystrzyca Kłodzka,government,-35313355
Muzeum Gminne w Biszczy,23-425,Biszcza,Biszcza,50,Gmina Biszcza,government,-690850232
Muzeum Górnictwa Węglowego w Zabrzu,41-800,Zabrze,3 Maja,19,Miasto Zabrze i Województwo Śląskie,government,-273449801
Muzeum Górnośląskie w Bytomiu,40-902,Bytom,Jana III Sobieskiego,2,Województwo Śląskie,government,-827557144
Muzeum Henryka Sienkiewicza w Woli Okrzejskiej,21-480,Okrzeja,Wola Okrzejska,109,Powiat Łukowski,government,-586967075
Muzeum Historii Fotografii im. Walerego Rzewuskiego w Krakowie,30-045,Kraków,Józefitów,16,Gmina Miejska Kraków,government,-839871687
Muzeum Historii Katowic w Katowicach,40-025,Katowice,Ks. J. Szafranka,9,Miasto Katowice,government,-1033667835
Muzeum Historii Kielc,25-303,Kielce,Świętego Leonarda,4,Miasto Kielce,government,-23686901
Muzeum Historii Miasta Zduńska Wola,98-220,Zduńska Wola,Złotnickiego,7,Miasto Zduńska Wola,government,-125221019
Muzeum Historii Polskiego Ruchu Ludowego w Warszawie,02-730,Warszawa,Wilanowska,204,Samorząd Województwa Mazowieckiego,government,-1015100617
Muzeum Historii Przemysłu w Opatówku,62-860,Opatówek,Kościelna,1,Powiat Kaliski,government,-1013258525
Muzeum Historii Ziemi Kamieńskiej,72-400,Kamień Pomorski,Katedralny,7,Gmina Kamień Pomorski,government,-982024273
Muzeum Gdańska,80-831,Gdańsk,Długa,46,Gmina Miasta Gdańska,government,-224533926
Muzeum Historyczne Miasta Krakowa,31-011,Kraków,Rynek Główny,35,Gmina Miejska Kraków,government,-935588441
Muzeum- Zamek Tarnowskich w Tarnobrzegu,39-400,Tarnobrzeg,Sandomierska,27,Miasto Tarnobrzeg,government,-680594596
Muzeum Historyczne - Pałac w Dukli,38-450,Dukla,Trakt Węgierski,5,Powiat Krośnieński,government,-32886570
Muzeum Historyczne Skierniewic w Skierniewicach,96-100,Skierniewice,Rynek,1,Miasto Skierniewice,government,-339615894
Muzeum Historyczne w Bielsku-Białej,43-300,Bielsko-Biała,Wzgórze,16,Województwo Śląskie,government,-852896820
Muzeum Historyczne w Ełku,19-300,Ełk,Małeckich,3,Miasto Ełk,government,-1020438942
Muzeum Historyczne w Legionowie,05-120,Legionowo,Adama Mickiewicza,23,Gmina Legionowo,government,-92152489
Muzeum Historyczne w Lubinie,59-300,Lubin,Pruzi,7,Gmina Miejska Lubin,government,-813455564
Muzeum Historyczne w Przasnyszu,06-300,Przasnysz,Jana Kilińskiego,2,Miasto Przasnysz,government,-755563581
Muzeum Historyczne w Sanoku,38-500,Sanok,Zamkowa,2,Powiat Sanocki,government,-235901107
Muzeum Historyczno-Archeologiczne w Ostrowcu Świętokrzyskim,27-400,Sudół,Sudół,135A,Minister Kultury i Dziedzictwa Narodowego,government,-1060689963
Muzeum Historyczno-Etnograficzne im. Juliana Rydzkowskiego w Chojnicach,89-600,Chojnice,Podmurna,15,Powiat Chojnicki,government,-1003576861
Muzeum Hutnictwa w Chorzowie,41-500,Chorzów,Powstańców,25,Miasto Chorzów,government,-783770524
Muzeum im. Aleksandra Kłosińskiego w Kętach,32-650,Kęty,Rynek,16,Gmina Kęty,government,-1010886954
Muzeum im. Anny i Jarosława Iwaszkiewiczów w Stawisku,05-807,Podkowa Leśna,Gołębia,1,Powiat Grodziski,government,-771629588
Muzeum im. Jacka Malczewskiego w Radomiu,26-600,Radom,Rynek,11,Województwo Mazowieckie,government,-790405036
Muzeum im. Jana Dzierżona w Kluczborku,46-200,Kluczbork,Zamkowa,10,Gmina Kluczbork,government,-525135346
Muzeum im. Jana Kasprowicza w Inowrocławiu,88-100,Inowrocław,Solankowa,33,Powiat Inowrocławski,government,-885421018
Muzeum im. Jerzego Dunin-Borkowskiego w Krośniewicach,99-340,Krośniewice,Plac Wolności,1,Powiat Kutnowski,government,-459453219
Muzeum im. ks. dr. Władysława Łęgi w Grudziądzu,86-300,Grudziądz,Wodna,3,Gmina - Miasto Grudziądz,government,-102090130
Muzeum im. ks. Stanisława Staszica w Hrubieszowie,22-500,Hrubieszów,3 Maja,11,Powiat Hrubieszowski,government,-735469462
Muzeum im. Orła Białego w Skarżysku - Kamiennej,26-110,Skarżysko - Kamienna,Słoneczna,90,Gmina Skarżysko - Kamienna,government,-898573491
Muzeum im. prof. Stanisława Fischera w Bochni,32-700,Bochnia,Rynek,20,Gmina Miasta Bochnia,government,-170352881
Muzeum im. Przypkowskich w Jędrzejowie,28-300,Jędrzejów,Tadeusza Kościuszki,7-,Powiat Jędrzejowski,government,-58014719
Muzeum im. Władysława Orkana w Rabce - Zdroju,34-700,Rabka-Zdrój,Sądecka,6,Powiat Nowotarski,government,-200262601
Muzeum im. Wojciecha Kętrzyńskiego w Kętrzynie,11-400,Kętrzyn,Zamkowy,1,Gmina Miejska Kętrzyn,government,-1027900477
Muzeum im. Zofii i Wacława Nałkowskich w Wołominie,05-200,Wołomin,Wacława Nałkowskiego,17,Gmina Wołomin,government,-933967718
Muzeum Inżynierii i Techniki w Krakowie,31-060,Kraków,Św. Wawrzyńca,13,Gmina Miejska Kraków,government,-487480215
Muzeum Jana Kochanowskiego w Czarnolesie,26-720,Policzna,,,Samorząd Województwa Mazowieckiego,government,-881208558
Muzeum Józefa Ignacego Kraszewskiego w Romanowie,21-518,Sosnówka,Romanów,25,Powiat Bialski,government,-892540889
Muzeum Karkonoskie w Jeleniej Górze,58-500,Jelenia Góra,Jana Matejki,28,Województwo Dolnośląskie,government,-232014056
Muzeum Karykatury im. Eryka Lipińskiego w Warszawie,00-070,Warszawa,Kozia,11,Miasto Stołeczne Warszawa,government,-701306531
Muzeum - Kaszubski Park Etnograficzny im. Teodory i Izydora Gulgowskich we Wdzydzach Kiszewskich,83-406,Wąglikowice,Teodora i Izydora Gulgowskich,68,Województwo Pomorskie,government,-927519878
Muzeum Kaszubskie im. Franciszka Tredera w Kartuzach,83-300,Kartuzy,Kościerska,1,Gmina Kartuzy,government,-365342832
Muzeum Kinematografii w Łodzi,90-312,Łódź,Zwycięstwa,1,Miasto Łódź,government,-199925177
Muzeum Konstantego Ildefonsa Gałczyńskiego w Praniu z Oddziałem Muzeum Michała Kajki w Ogródku,12-220,Ruciane Nida,Pranie,1,Powiat Piski,government,-205654438
Muzeum Kresów w Lubaczowie,37-600,Lubaczów,Sobieskiego,4,Powiat Lubaczowski,government,-965298517
Muzeum Kultury Kurpiowskiej w Ostrołęce,07-410,Ostrołęka,gen. Józefa Bema,8,Województwo Mazowieckie,government,-530818215
Muzeum Kultury Ludowej Pogórza Sudeckiego w Kudowie - Zdroju,57-350,Kudowa-Zdrój,Pstrążna,14,Gmina Kudowa-Zdrój,government,-713364958
Muzeum Kultury Ludowej w Kolbuszowej,36-100,Kolbuszowa,Tadeusza Kościuszki,6,Województwo Podkarpackie,government,-464820144
Muzeum Kultury Ludowej w Węgorzewie,11-600,Węgorzewo,Portowa,1,Województwo Warmińsko – Mazurskie,government,-285040897
Muzeum Lniarstwa im. Filipa De Girarda w Żyrardowie,96-300,Żyrardów,Karola Ditricha,18,Miasto Żyrardów,government,-587162692
Muzeum Lotnictwa Polskiego w Krakowie,31-864,Kraków,Jana Pawła II,39,Województwo Małopolskie,government,-153993763
Muzeum Lubuskie im. Jana Dekerta w Gorzowie Wielkopolskim,66-400,Gorzów Wielkopolski,Warszawska,35,Województwo Lubuskie,government,-536674055
Muzeum Ludowych Instrumentów Muzycznych w Szydłowcu,26-500,Szydłowiec,gen. J.Sowińskiego,2,Województwo Mazowieckie,government,-921483615
Muzeum Łużyckie w Zgorzelcu,59-900,Zgorzelec,Daszyńskiego,15,Gmina Zgorzelec,government,-116328967
Muzeum Marii Skłodowskiej - Curie w Warszawie,00-227,Warszawa,Freta,16,Miasto Stołeczne Warszawa,government,-124103555
Muzeum Marii Konopnickiej w Żarnowcu,38-460,Jedlicze,Żarnowiec,133,Samorząd Województwo Podkarpackie,government,-592355492
Muzeum Martyrologiczne w Żabikowie,62-031,Luboń,Niezłomnych,2,Województwo Wielkopolskie,government,-99418364
Muzeum Mazowieckie w Płocku,09-402,Płock,Tumska,8,Województwo Mazowieckie,government,-798588393
Muzeum Mazowsza Zachodniego w Żyrardowie,96-300,Żyrardów,Karola Ditricha,1,Powiat Żyrardowski,government,-944844109
Muzeum Miasta Gdyni,81-374,Gdynia,Zawiszy Czarnego,1,Gmina Miasta Gdyni,government,-764484374
Muzeum Miasta Jaworzna,43-600,Jaworzno,Pocztowa,5,Gmina Jaworzno - miasto na prawach powiatu,government,-960656357
Muzeum Miasta Łodzi,91-065,Łódź,Ogrodowa,15,Miasto Łódź,government,-651151236
Muzeum Miasta Mysłowice,41-400,Mysłowice,Stadionowa,7a,Miasto Mysłowice,government,-758004654
Muzeum Miasta Ostrowa Wielkopolskiego,63-400,Ostrów Wielkopolski,Rynek,1,Gmina Miasto Ostrów Wielkopolski,government,-124966769
Muzeum Miasta Pabianic,95-200,Pabianice,Stary Rynek,1,Miasto Pabianice,government,-584973920
Muzeum Miasta Turku im. Józefa Mehoffera,62-700,Turek,Wojska Polskiego,1,Gmina Miejska Turek,government,-154370533
Muzeum Miasta Zgierza,95-100,Zgierz,gen. Jana Henryka Dąbrowskiego,21,Gmina Miasto Zgierz,government,-167028564
Muzeum Miedzi w Legnicy,59-220,Legnica,Partyzantów,3,Gmina Legnica,government,-95397646
Muzeum Miejskie Dzierżoniowa,58- 200,Dzierżoniów,Świdnicka,30,Gmina Miejska Dzierżoniów,government,-497006026
Muzeum Miejskie w Bieruniu,43-150,Bieruń,Rynek,14,Gmina Bieruń,government,-107435139
Muzeum Miejskie w Nowej Soli,67-100,Nowa Sól,Muzealna,20,Gmina miejska Nowa Sól,government,-307752565
Muzeum Miejskie w Siemianowicach Śląskich,41-100,Siemianowice Śląskie,Chopina,6,Miasto na prawach powiatu Siemianowice Śląskie,government,-137971044
Muzeum Miejskie Suchej Beskidzkiej,34-200,Sucha Beskidzka,Zamkowa,1,Gmina Sucha Beskidzka,government,-282209079
Muzeum Miejskie w Tychach,43-100,Tychy,Katowicka,9,Miasto Tychy,government,-499536240
Muzeum Miejskie w Zabrzu,41-800,Zabrze,3 Maja,91,Miasto Zabrze,government,-785471311
Muzeum Miejskie w Żorach,44-240,Żory,Muzealna,1,Gmina Miejska Żory,government,-286580961
Muzeum Miejskie w Żywcu,34-300,Żywiec,Zamkowa,2,Miasto Żywiec,government,-905224824
Muzeum Miejskie Dom Gerharta Hauptmanna w Jeleniej Górze,58-570,Jelenia Góra,Michałowicka,32,Miasto Jelenia Góra,government,-350161628
Muzeum Miejskie Sztygarka w Dąbrowie Górniczej,41-300,Dąbrowa Górnicza,Legionów Polskich,69,Miasto Dąbrowa Górnicza,government,-649668338
Muzeum Miejskie im. Maksymiliana Chroboka w Rudzie Śląskiej,41-700,Ruda Śląska,Wolności,26,Miasto Ruda Śląska,government,-481393479
Muzeum Miejskie Wrocławia,50-107,Wrocław,Sukiennice,14,Gmina Wrocław,government,-170545578
Muzeum Mikołaja Kopernika we Fromborku,14-530,Frombork,Katedralna,8,Województwo Warmińsko – Mazurskie,government,-21987408
Muzeum Małopolski Zachodniej w Wygiełzowie,32-551,Babice Wygiełzów,Podzamcze,1,Województwo Małopolskie,government,-356572076
Muzeum Nadwiślańskie w Kazimierzu Dolnym,24-120,Kazimierz Dolny,Rynek,19,Województwo Lubelskie,government,-1002465544
Muzeum Narodowe Rolnictwa i Przemysłu Rolno-Spożywczego w Szreniawie,62-052,Komorniki,Dworcowa,5,Województwo Wielkopolskie,government,-29572611
Muzeum Niepodległości w Warszawie,00-240,Warszawa,Solidarności,62,Województwo Mazowieckie,government,-652244774
Muzeum Niepołomickie w Niepołomicach,32-005,Niepołomice,Zamkowa,2,Gmina Niepołomice,government,-362013544
Muzeum Obozów Jenieckich w Żaganiu,68-100,Żagań,Lotników Alianckich,6,Miasto Żagań,government,-498731203
Muzeum Okręgowe im. Leona Wyczółkowskiego w Bydgoszczy,85-006,Bydgoszcz,Gdańska,4,Miasto Bydgoszcz,government,-614268751
Muzeum Okręgowe im. Stanisława Staszica w Pile,64-920,Piła,Browarna,7,Województwo Wielkopolskie,government,-726274837
Muzeum Okręgowe w Koninie,62-505,Konin,Muzealna,5,Województwo Wielkopolskie,government,-531373915
Muzeum Okręgowe w Lesznie,64-100,Leszno,Jana Metziga,17,Województwo Wielkopolskie,government,-393212066
Muzeum Ziemi Sądeckiej,33-300,Nowy Sącz,Jagiellońska,56,Województwo Małopolskie,government,-656839414
Muzeum Okręgowe w Rzeszowie,35-030,Rzeszów,3 Maja,19,Województwo Podkarpackie,government,-3151474
Muzeum Okręgowe w Sieradzu,98-200,Sieradz,Dominikańska,2,Powiat Sieradzki,government,-58025209
Muzeum Okręgowe w Suwałkach,16-400,Suwałki,T. Kościuszki,81,Miasto Suwałki,government,-305948244
Muzeum Ziemi Tarnowskiej,33-100,Tarnów,Rynek,3,Województwo Małopolskie,government,-724486782
Muzeum Okręgowe w Toruniu,87-100,Toruń,Rynek Staromiejski,1,Gmina Miasta Toruń,government,-932084238
Muzeum Okręgowe Ziemi Kaliskiej w Kaliszu,62-800,Kalisz,T. Kościuszki,12,Województwo Wielkopolskie,government,-667042696
Muzeum - Orawski Park Etnograficzny w Zubrzycy Górnej,34-484,Zubrzyca Górna,Zubrzyca Górna,388,Województwo Małopolskie,government,-251164725
Muzeum Oręża Polskiego w Kołobrzegu,78-100,Kołobrzeg,Armii Krajowej,13,Powiat Kołobrzeski,government,-1046156371
Muzeum Pamięci Narodowej i Sztuki Ludowej w Ochotnicy Górnej,34-453,Ochotnica Dolna,Zawady,205 B,Gmina Ochotnica Dolna,government,-61142232
Muzeum Pamiątek 1. Armii Wojska Polskiego oraz Dziejów Ziemi Mieszkowickiej w Mieszkowicach,74-505,Mieszkowice,Chopina,1,Gmina Mieszkowice,government,-157986045
Muzeum Pamięci Sybiru,15-092,Białystok,H. Sienkiewicza,26,Miasto Białystok,government,-26236285
Muzeum Papiernictwa w Dusznikach Zdroju,57-340,Duszniki Zdrój,Kłodzka,42,Województwo Dolnośląskie,government,-592089715
Muzeum Piaseczna,05-500,Piaseczno,Plac Piłsudskiego,10,Gmina Piaseczno,government,-641002629
Muzeum Pierwszych Piastów na Lednicy,62-261,Lednogóra,Dziekanowice,32,Województwo Wielkopolskie,government,-155230565
Muzeum Piśmiennictwa i Muzyki Kaszubsko-Pomorskiej w Wejherowie,84-200,Wejherowo,Zamkowa,2a,Powiat Wejherowski,government,-872691036
Muzeum Początków Państwa Polskiego w Gnieźnie,62-200,Gniezno,Kostrzewskiego,1,Województwo Wielkopolskie,government,-704789748
Muzeum Poczty i Telekomunikacji we Wrocławiu,50-954,Wrocław,Z. Krasińskiego,1,Województwo Dolnośląskie,government,-307903885
Muzeum Podkarpackie w Krośnie,38-400,Krosno,Piłsudskiego,16,Województwo Podkarpackie,government,-265542966
Muzeum Pogranicza Śląsko – Łużyckiego w Żarach,68-200,Żary,Kardynała Stefana Wyszyńskiego,2,Gmina Żary o statusie miejskim,government,-49545599
Muzeum - Zespół Synagogalny we Włodawie,22-200,Włodawa,Czerwonego Krzyża,7,Powiat Włodawski,government,-858956782
Muzeum Pojezierza Myśliborskiego w Myśliborzu,74-300,Myślibórz,Bohaterów Warszawy,74,Gmina Myślibórz,government,-514560847
Muzeum Polskiej Piosenki w Opolu,45–040,Opole,Mikołaja Kopernika,1,Miasto Opole,government,-241445727
Muzeum Południowego Podlasia w Białej Podlaskiej,21-500,Biała Podlaska,Warszawska,12,Gmina Miejska Biała Podlaska,government,-379760298
Muzeum Pomorza Środkowego w Słupsku,76-200,Słupsk,Dominikańska,5,Województwo Pomorskie,government,-758947823
Muzeum Powstania Warszawskiego,00-844,Warszawa,Grzybowska,79,Miasto Stołeczne Warszawa,government,-944893101
Muzeum Powstańców Wielkopolskich im. Generała Józefa Dowbora Muśnickiego w Lusowie,62-080,Lusowo,Ogrodowa,3a,Gmina Tarnowo Podgórne,government,-968238108
Muzeum Powstań Śląskich w Świętochłowicach,41-600,Świętochłowice,Szpitalna,2,Gmina Świętochłowice,government,-178664503
Muzeum Pożarnictwa w Cześnikach,22-424,Sitno,Sitno,73,Gmina Sitno,government,-885322153
Muzeum Pożarnictwa w Oseredku,22-672,Susiec,Oseredek,123,Gmina Susiec,government,-39981003
Muzeum Północno – Mazowieckie w Łomży,18-400,Łomża,Dworna,22C,Miasto Łomża,government,-1038103272
Muzeum Przyrodnicze w Jeleniej Górze,58-560,Jelenia Góra,Cieplicka,11A,Miasto Jelenia Góra,government,-986826459
Muzeum Przyrody – Dwór Lutosławskich w Drozdowie,18-421,Piątnica,Główna,38,Powiat Łomżyński,government,-431045628
Muzeum Przyrody i Techniki Ekomuzeum im. Jana Pazdura w Starachowicach,27-200,Starachowice,Wielkopiecowa,1,Powiat Starachowicki,government,-651499917
Muzeum Puszczy Drawskiej i Noteckiej im. Franciszka Grasia w Drezdenku,66-530,Drezdenko,Wolności,11,Gmina Drezdenko,government,-778814675
Muzeum Regionalne im. Adama Fastnachta w Brzozowie,36-200,Brzozów,Rynek,10,Gmina Brzozów,government,-462519535
Muzeum Regionalne im. dr. Henryka Florkowskiego w Kościanie,64-000,Kościan,Rynek,1,Gmina Miejska Kościan,government,-464204650
Muzeum Regionalne im. dr. Janusza Petera w Tomaszowie Lubelskim,22-600,Tomaszów Lubelski,Zamojska,2,Powiat Tomaszowski (Tomaszów Lubelski),government,-645116236
Muzeum Regionalne im. Dzieci Wrzesińskich we Wrześni,62-300,Września,Dzieci Wrzesińskich,13,Miasto i Gmina Września,government,-859685346
Muzeum Regionalne im. Hieronima Ławniczaka w Krotoszynie,63-700,Krotoszyn,Mały Rynek,1,Miasto i Gmina Krotoszyn,government,-555944975
Muzeum Regionalne im. prof. Tomasza Mikockiego w Kozienicach,26-900,Kozienice,Parkowa,5B,Gmina Kozienice,government,-718099703
Muzeum Regionalne im. Stanisława Sankowskiego w Radomsku,97-500,Radomsko,Narutowicza,1,Miasto Radomsko,government,-1042956754
Muzeum Regionalne im. Walentyny Dermackiej z Sapiehów w Pieckach,11-710,Piecki,Zwycięstwa,48,Gmina Piecki,government,-511979798
Muzeum Regionalne im. Wł. St. Reymonta w Lipcach Reymontowskich,96-127,Lipce Reymontowskie,Wiatraczna,10,Powiat Skierniewicki,government,-976829270
Muzeum Regionalne im. Zygmunta Krasińskiego w Złotym Potoku,42-253,Złoty Potok (poczta Janów),Tadeusza Kościuszki,11,Gmina Janów,government,-802362839
Muzeum Regionalne w Bełchatowie,97-400,Bełchatów,Rodziny Hellwigów,11,Miasto Bełchatów,government,-145530847
Muzeum Regionalne w Brzezinach,95-060,Brzeziny,Piłsudskiego,49,Gmina Miasto Brzeziny,government,-351467144
Muzeum Regionalne w Cedyni,74-520,Cedynia,Wolności,4,Gmina Cedynia,government,-542179047
Muzeum Regionalne w Chojnowie,59-225,Chojnów,Zamkowy,3,Miasto Chojnów,government,-1063746318
Muzeum Regionalne w Człuchowie,77-300,Człuchów,Wojska Polskiego,3,Gmina Miejska Człuchów,government,-429940894
Muzeum Regionalne w Dębicy,39-200,Dębica,Ratuszowa,4,Gmina Miasta Dębica,government,-625780205
Muzeum Regionalne w Gniewkowie,88-140,Gniewkowo,Podgórna,2,Gmina Gniewkowo,government,-17142454
Muzeum Regionalne w Janowie Lubelskim,23-300,Janów Lubelski,Ogrodowa,3a,Gmina Janów Lubelski,government,-62561692
Muzeum Regionalne w Jaśle im. dr. Stanisława Kadyiego,38-200,Jasło,Stanisława Kadyiego,11,Miasto Jasło,government,-1060697736
Muzeum Regionalne w Jaworze,59-400,Jawor,Klasztorna,6,Gmina Jawor,government,-1047428764
Muzeum Regionalne w Kluczkowicach,24-300,Kluczkowice,Kluczkowice,7,Powiat Opolski,government,-221676145
Muzeum Regionalne w Krasnymstawie,22-300,Krasnystaw,Marszałka Józefa Piłsudskiego,5A,Powiat Krasnostawski,government,-153037828
Muzeum Pałac Saski w Kutnie,99-300,Kutno,Józefa Piłsudskiego,20,Miasto Kutno,government,-305882164
Muzeum Regionalne w Lubaniu,59-800,Lubań,Rynek - Ratusz,,Gmina Miejska Lubań,government,-331320341
Muzeum Regionalne w Łukowie,21-400,Łuków,Piłsudskiego,19,Powiat Łukowski,government,-186590669
Muzeum Regionalne w Opocznie,26-300,Opoczno,Zamkowy,1,Gmina Opoczno,government,-629853725
Muzeum Regionalne w Pińczowie,28-400,Pińczów,Piłsudskiego,2a,Gmina Pińczów,government,-262677285
Muzeum Regionalne w Pleszewie,63-300,Pleszew,Poznańska,34,Miasto i Gmina Pleszew,government,-949966927
Muzeum Regionalne w Pułtusku,06-100,Pułtusk,Rynek,1,Gmina Pułtusk,government,-177137505
Muzeum Regionalne im. Mieczysłwa Asłanowicza w Siedlcach,08-110,Siedlce,Piłsudskiego,1,Województwo Mazowieckie,government,-416594009
Muzeum Regionalne w Skawinie,32-050,Skawina,Adama Mickiewicza,26,Miasto i Gmina Skawina,government,-2098885
Muzeum Regionalne w Słupcy,62-400,Słupca,Warszawska,53,Gmina Miejska Słupca,government,-338441363
Muzeum Regionalne w Stalowej Woli,37-464,Stalowa Wola,Sandomierska,1,Gmina Stalowa Wola,government,-210928474
Muzeum Regionalne w Stęszewie,62-060,Stęszew,Rynek,8,Gmina Stęszew,government,-881572688
Muzeum Regionalne w Szczecinku,78-400,Szczecinek,Szkolna,1,Miasto Szczecinek,government,-135925648
Muzeum Regionalne w Środzie Śląskiej,55-300,Środa Śląska,Wolności,3,Powiat Średzki,government,-461469196
Muzeum Regionalne w Świebodzinie,66-200,Świebodzin,Jana Pawła II,1,Gmina Świebodzin,government,-1046878488
Muzeum Regionalne w Zwoleniu,26-700,Zwoleń,Jana Pawła II,2,Gmina Zwoleń,government,-22167278
Muzeum Regionalne Ziemi Limanowskiej,34-600,Limanowa,Józefa Marka,13,Gmina Miasto Limanowa,government,-1064341872
Muzeum Regionalne Ziemi Sulmierzyckiej im. Sebastiana Fabiana Klonowicza,63-750,Sulmierzyce,Rynek,1,Miasto Sulmierzyce,government,-735472904
Muzeum Rolnictwa im. ks. Krzysztofa Klukaw Ciechanowcu,18-230,Ciechanowiec,Pałacowa,5,Województwo Podlaskie,government,-739292627
Muzeum Romantyzmu w Opinogórze,06-406,Opinogóra,Zygmunta Krasińskiego,9,Samorząd Województwa Mazowieckiego,government,-529658600
Muzeum Rybołówstwa Morskiego w Niechorzu,72-350,Niechorze,Bursztynowa,28,Gmina Rewal,government,-591282948
Muzeum Rzemiosła w Krośnie,38-400,Krosno,Piłsudskiego,19,Gmina Krosno,government,-246881979
Muzeum Samorządowe Ziemi Strzyżowskiej im. Zygmunta Leśniaka w Strzyżowie,38-100,Strzyżów,I. Łukasiewicza,10,Gmina Strzyżów,government,-602448774
Muzeum Saturn w Czeladzi,41-250,Czeladź,Dehnelów,43,Gmina Miejska Czeladź,government,-218189923
Muzeum Solca im. Księcia Przemysła w Solcu Kujawskim,86-050,Solec Kujawski,Toruńska,8,Miasto i Gmina Solec Kujawski,government,-957940871
Muzeum Sopotu,81-724,Sopot,Poniatowskiego,8,Gmina Miasta Sopotu,government,-1065722890
Muzeum Sportu i Turystyki w Karpaczu,58-540,Karpacz,Mikołaja Kopernika,2,Województwo Dolnośląskie,government,-256501204
Muzeum Sportu i Turystyki w Warszawie,01-531,Warszawa,Wybrzeże Gdyńskie,4,Województwo Mazowieckie,government,-752648758
Muzeum Domu Śląskiego w Ziebicach,57-220,Ziębice,Rynek,44,Gmina Ziębice,government,-57976090
Muzeum Starożytnego Hutnictwa Mazowieckiego im. Stefana Woydy w Pruszkowie,05-800,Pruszków,Jana Pawła II,2,Miasto Pruszków,government,-329962354
Muzeum Stanisława Staszica w Pile,64-920,Piła,Browarna,18,Gmina Piła,government,-26869797
Muzeum Szlachty Mazowieckiej w Ciechanowie,06-400,Ciechanów,Warszawska,61,Województwo Mazowieckie,government,-281448574
Muzeum Sztuki Współczesnej w Krakowie MOCAK,30-702,Kraków,Lipowa,4,Gmina Miejska Kraków,government,-170195218
Muzeum Śląska Cieszyńskiego w Cieszynie,43-400,Cieszyn,Tadeusza Regera,6,Powiat Cieszyński,government,-232303389
Muzeum Śląska Opolskiego w Opolu,45-023,Opole,św. Wojciecha,13,Województwo Opolskie,government,-57721366
Muzeum Ślężańskie im. Stanisława Dunajewskiego w Sobótce,55-050,Sobótka,św. Jakuba,18,Gmina Sobótka,government,-175856235
Muzeum Ślusarstwa im. Marcina Mikuły w Świątnikach Górnych,32-040,Świątniki Górne,Kazimierza Bruchnalskiego,35,Miasto i Gmina Świątniki Górne,government,-575408733
Muzeum Śremskie w Śremie,63-100,Śrem,Adama Mickiewicza,89,Miasto i Gmina Śrem,government,-456416121
Muzeum Technik Ceramicznych w Kole,62-600,Koło,M. Kajki,44,Gmina Miejska Koło,government,-581416440
Muzeum Techniki i Komunikacji - Zajezdnia Sztuki w Szczecinie,71-441,Szczecin,Niemierzyńska,18A,Gmina Miasto Szczecin,government,-308523462
Muzeum Tkactwa w Kamiennej Górze,58-400,Kamienna Góra,Wolności,11,Gmina Miejska Kamienna Góra,government,-942918886
Muzeum Tradycji Niepodległościowych w Łodzi,90-706,Łódź,Gdańska,13,Miasto Łódź,government,-279261903
Muzeum Twierdzy Kostrzyn nad Odrą,66-470,Kostrzyn nad Odrą,Graniczna,1,Miasto Kostrzyn nad Odrą,government,-314118081
Muzeum Ustrońskie im. Jana Jarockiego w Ustroniu,43-450,Ustroń,Hutnicza,3,Miasto Ustroń,government,-751874870
Muzeum w Brodnicy,87-300,Brodnica,św. Jakuba,1,Miasto Brodnica,government,-435717292
Muzeum w Chrzanowie im. Ireny i Mieczysława Mazarakich,32-500,Chrzanów,Mickiewicza,13,Gmina Chrzanów,government,-445705491
Muzeum w Gliwicach,44-100,Gliwice,Dolnych Walów,8a,Miasto Gliwice,government,-99750710
Muzeum w Jarosławiu Kamienica Orsettich,37-500,Jarosław,Rynek,4,Powiat Jarosławski,government,-897446039
Muzeum w Koszalinie,75-420,Koszalin,Młyńska,37-,Miasto Koszalin,government,-719653005
Muzeum w Lewkowie - Zespół Pałacowo - Parkowy,63-410,Lewków,Kwiatkowska,6c,Województwo Wielkopolskie,government,-684464740
Muzeum w Lęborku,84-300,Lębork,Młynarska,14-,Gmina Miasto Lębork,government,-325876826
Muzeum w Łęczycy,99-100,Łęczyca,Zamkowa,1,Gmina Miasto Łęczyca,government,-725128085
Muzeum w Łowiczu,99-400,Łowicz,Stary Rynek,5,Powiat Łowicki,government,-108331678
Muzeum Powiatowe w Nysie,48-300,Nysa,Biskupa Jarosława,11,Powiat Nyski,government,-1019397175
Muzeum w Ostródzie,14-100,Ostróda,Adama Mickiewicza,22,Gmina Miejska Ostróda,government,-245842417
Muzeum Regionalne w Wągrowcu,62-100,Wągrowiec,Opacka,15,Gmina Miejska Wągrowiec,government,-952580507
Muzeum w Piotrkowie Trybunalskim,97-300,Piotrków Trybunalski,Zamkowy,4,Miasto Piotrków Trybunalski,government,-191035831
Muzeum w Praszce,46-320,Praszka,Grunwaldzki,15,Gmina Praszka,government,-203185679
Muzeum w Przeworsku - Zespół Pałacowo-Parkowy,37-200,Przeworsk,Park,2,Powiat Przeworski,government,-489473675
Muzeum w Raciborzu,47-400,Racibórz,Rzeźnicza,15,Gmina Racibórz,government,-889985941
Muzeum w Rybniku,44-200,Rybnik,Rynek,18,Miasto Rybnik,government,-895103407
Muzeum w Tarnowskich Górach,42-600,Tarnowskie Góry,Rynek,1,Gmina Tarnowskie Góry,government,-547628907
Muzeum w Tomaszowie Mazowieckim imienia Antoniego Hrabiego Ostrowskiego,97-200,Tomaszów Mazowiecki,Polskiej Organizacji Wojskowej,11,Gmina - Miasto Tomaszów Mazowiecki,government,-711606489
Muzeum Porcelany w Wałbrzychu,58-300,Wałbrzych,1 Maja,9,Gmina Wałbrzych,government,-858054705
Muzeum w Wodzisławiu Śląskim,44-300,Wodzisław Śląski,Ks. płk. Wilhelma Kubsza,2,Miasto Wodzisław Śląski,government,-877090210
Muzeum Warmii i Mazur w Olsztynie,10-074,Olsztyn,Zamkowa,2,Województwo Warmińsko – Mazurskie,government,-566859578
Muzeum Warszawy,00-272,Warszawa,Rynek Starego Miasta,28-,Miasto Stołeczne Warszawa,government,-84751093
Muzeum Wisły Środkowej i Ziemi Wyszogrodzkiej w Wyszogrodzie,09-450,Wyszogród,Rynek,1,Gmina i Miasto Wyszogród,government,-711351706
Muzeum Wojska,Wojskowowści i Ziemi Orzyskiej w Orzyszu,12-250,ul.,Giżycka,,,-505956885
Muzeum Wsi Kieleckiej w Kielcach,25-025,Kielce,Jana Pawła II,6,Województwo Świętokrzyskie,government,-381506115
Muzeum Wsi Lubelskiej w Lublinie,20-824,Lublin,Warszawska,96,Województwo Lubelskie,government,-571241371
Muzeum Wsi Mazowieckiej w Sierpcu,09-200,Sierpc,Gabriela Narutowicza,64,Samorząd Województwa Mazowieckiego,government,-405007741
Muzeum Wsi Opolskiej w Opolu,45-835,Opole,Wrocławska,174,Województwo Opolskie,government,-914789082
Muzeum Wsi Radomskiej w Radomiu,26-600,Radom,Szydłowiecka,30,Samorząd Województwa Mazowieckiego,government,-116180937
Muzeum Współczesne Wrocław,53-681,Wrocław,Strzegomski,2a,Gmina Wrocław,government,-709270142
Muzeum Zabawek i Zabawy w Kielcach,25-367,Kielce,Wolności,2,Miasto Kielce,government,-117638347
Muzeum Zachodniokaszubskie w Bytowie,77-100,Bytów,Zamkowa,2,Województwo Pomorskie,government,-241893374
Muzeum Zagłębia w Będzinie,42-500,Będzin,Gzichowska,15,Gmina Będzin,government,-284166906
Muzeum - Zamek Górków w Szamotułach,64-500,Szamotuły,Wroniecka,30,Powiat Szamotulski,government,-430585124
Muzeum Ziemi Kociewskiej w Starogardzie Gdańskim,83-200,Starogard Gdański,Rynek,1,Gmina Miejska Starogard Gdański,government,-663919636
Muzeum Ziemi Sochaczewskiej w Pola Bitwy nad Bzurą w Sochaczewie,96-500,Sochaczew,Tadeusza Kościuszki,12,Gmina Sochaczew,government,-584425819
Zamek Książąt Pomorskich - Muzeum w Darłowie,76-150,Darłowo,Zamkowy,4,Powiat Sławieński,government,-28376651
Muzeum Zamek Opalińskich w Sierakowie,64-410,Sieraków,Stadnina,3a,Powiat Międzychodzki,government,-55353503
Muzeum - Zamek w Oporowie,99-322,Oporów,Oporów,34,Powiat Kutnowski,government,-476821973
Muzeum Zamek w Oświęcimiu,32-600,Oświęcim,Zamkowa,1,Gmina Miasto Oświęcim,government,-293166647
Muzeum Zamkowe w Pszczynie,43-200,Pszczyna,Brama Wybrańców,1,Województwo Śląskie,government,-386004187
Muzeum Zamek Szymbark w Warszawie,14-200,Szymbark,Szymbark,10A,Fundacja Zamek Szymbark,ngo,-770727653
Muzeum Zamojskie w Zamościu,22-400,Zamość,Ormiańska,30,Miasto Zamość,government,-152493242
Muzeum Zamoyskich w Kozłówce,21-132,Kamionka,Kozłówka,3,Województwo Lubelskie,government,-51300710
Muzeum Zbrojownia na Zamku w Liwie,07-100,Liw (poczta Węgrów),Stefana Batorego,2,Samorząd Województwa Mazowieckiego,government,-856632190
Muzeum Ziemi Bieckiej,38-340,Biecz,Węgierska,1,Gmina Biecz,government,-273627844
Muzeum Ziemi Biłgorajskiej w Biłgoraju,23-400,Biłgoraj,Kościuszki,87,Powiat Biłgorajski,government,-948164439
Muzeum Ziemi Błońskiej,05-870,Blonie,Norwida,1,Gmina Błonie,government,-105757480
Muzeum Ziemi Chełmskiej im. Wiktora Ambroziewicza w Chełmie,22-100,Chełm,Lubelska,55,Miasto Chełm,government,-940727450
Muzeum Ziemi Dobrzyńskiej w Rypinie,87-500,Rypin,Wrocławska,20,Miasto Rypin,government,-583778233
Muzeum Ziemi Kępińskiej im. Tadeusza Piotra Potworowskiego w Kępnie,63-600,Kępno,Kwiatowa,13,Gmina Kępno,government,-60625664
Muzeum Ziemi Kłodzkiej w Kłodzku,57-300,Kłodzko,Łukasiewicza,4,Gmina Miasto Kłodzko,government,-574791602
Muzeum Ziemi Koszyckiej im. Stanisława Boducha w Koszycach,32 -130,Koszyce,Wspólna,11,Gmina Koszyce,government,-1003049056
Muzeum Ziemi Kościerskiej im. dra Jerzego Knyby w Kościerzynie,83-400,Kościerzyna,Rynek,9,Gmina Miejska Kościerzyna,government,-261337404
Muzeum Ziemi Kozielskiej w Kędzierzynie Koźlu,47-200,Kędzierzyn-Koźle,Józefa Ignacego Kraszewskiego,5b,Gmina Kędzierzyn-Koźle,government,-1019778953
Muzeum Ziemi Krajeńskiej w Nakle nad Notecią,89-100,Nakło nad Notecią,Pocztowa,14,Gmina Nakło nad Notecią,government,-953956078
Muzeum Ziemi Kujawskiej i Dobrzyńskiej we Włocławku,87-800,Włocławek,Słowackiego,1a,Województwo Kujawsko-Pomorskie,government,-415483550
Muzeum Ziemi Leżajskiej,37-300,Leżajsk,Mickiewicza,20A,Powiat Leżajski,government,-954419405
Muzeum Ziemi Lubartowskiej w Lubartowie,21-100,Lubartów,Kościuszki,28,Miasto Lubartów,government,-421203700
Muzeum Ziemi Lubuskiej w Zielonej Górze,65-048,Zielona Góra,Niepodległości,15,Województwo Lubuskie,government,-958009631
Muzeum Ziemi Miechowskiej w Miechowie,32-200,Miechów,Warszawska,1,Gmina Miechów,government,-770463691
Muzeum Ziemi Mińskiej w Mińsku Mazowieckim,05-300,Mińsk Mazowiecki,S. Okrzei,16,Miasto Mińsk Mazowiecki,government,-481607163
Muzeum Ziemi Mogileńskiej w Mogilnie z siedzibą w Chabsku,88-342,Chabsko (poczta Wylatowo),Chabsko,20,Gmina Mogilno,government,-369396437
Muzeum Ziemi Nadnoteckiej im. Wiktora Stachowiaka w Trzciance,64-980,Trzcianka,Żeromskiego,36a,Gmina Trzcianka,government,-382056710
Muzeum Ziemi Pałuckiej w Żninie,88-400,Żnin,Plac Wolności,1,Gmina Żnin,government,-578078453
Muzeum Ziemi Piskiej w Piszu,12-200,Pisz,Ignacego Daszyńskiego,7,Gmina Pisz,government,-585650219
Muzeum Ziemi Prudnickiej w Prudniku,48-200,Prudnik,Chrobrego,5,Gmina Prudnik,government,-262126038
Muzeum Ziemi Puckiej im. Floriana Ceynowy w Pucku,84-100,Puck,Wolności,28,Powiat Pucki,government,-599270542
Muzeum Ziemi Rawickiej w Rawiczu,63 -900,Rawicz,Rynek,1,Gmina Rawicz,government,-320321019
Muzeum Ziemi Rawskiej w Rawie Mazowieckiej,96-200,Rawa Mazowiecka,Łowicka,26,Miasto Rawa Mazowiecka,government,-456712231
Muzeum Ziemi Sadowieńskiej w Sadownem,07-140,Sadowne,Kościuszki,74,Gmina Sadowne,government,-268472239
Muzeum Ziemi Szubińskiej im. Zenona Erdmanna w Szubinie,89-200,Szubin,Szkolna,2,Gmina Szubin,government,-670640835
Muzeum Ziemi Średzkiej - Dwór w Koszutach,63-000,Środa Wielkopolska,Koszuty,27,Gmina Środa Wielkopolska,government,-173820745
Muzeum Ziemi Wałeckiej w Wałczu,78-600,Wałcz,Pocztowa,14,Gmina Miejska Wałcz,government,-998405081
Muzeum Ziemi Wieluńskiej w Wieluniu,98-300,Wieluń,Narutowicza,13,Gmina Wieluń,government,-659259275
Muzeum Ziemi Wiśnickiej w Nowym Wiśniczu,32-720,Nowy Wiśnicz,Zamkowa,13,Gmina Nowy Wiśnicz,government,-181796682
Muzeum Ziemi Wschowskiej,67-400,Wschowa,Zamkowy,2,Gmina Wschowa,government,-247500873
Muzeum Ziemi Zawkrzeńskiej w Mławie,06-500,Mława,3 Maja,5,Miasto Mława,government,-349278346
Muzeum Ziemi Złotowskiej w Złotowie,77-400,Złotów,Wojska Polskiego,2a,Gmina Miasto Złotów,government,-286920868
Muzeum Ziemiaństwa w Dobrzycy - Zespół Pałacowo-Parkowy,63-330,Dobrzyca,Pleszewska,5a,Województwo Wielkopolskie,government,-800158549
Oleskie Muzeum Regionalne w Oleśnie,46-300,Olesno,Jaronia,7,Gmina Olesno,government,-321587852
Pałac Schoena Muzeum w Sosnowcu,41-205,Sosnowiec,Chemiczna,12,Gmina Sosnowiec,government,-1072032258
Państwowe Muzeum Archeologiczne w Warszawie,00-241,Warszawa,Długa,52,Województwo Mazowieckie,government,-1040087476
Państwowe Muzeum Etnograficzne w Warszawie,00-056,Warszawa,Kredytowa,1,Województwo Mazowieckie,government,-340919072
Podlaskie Muzeum Kultury Ludowej,16-010,Wasilków,Leśna,7,Województwo Podlaskie,government,-439537433
Powiatowe Muzeum Ziemi Głubczyckiej w Głubczycach,48-100,Głubczyce,Rynek,1,Powiat Głubczycki,government,-1020809955
Skansen w Sidzinie-Muzeum Kultury Ludowej,34-236,Sidzina,Binkówka,,Gmina Bystra – Sidzina,government,-472685111
Wielkopolskie Muzeum Niepodległości,61-772,Poznań,Stary Rynek,3,Minister Kultury i Dziedzictwa Narodowego,government,-50027203
Muzeum Żywiecki Park Etnograficzny,34-323,Ślemień,Łączna,2A,Gmina Ślemień,government,-272209200
Centralne Muzeum Jeńców Wojennych,45-017,Opole,Minorytów,3,Minister Kultury i Dziedzictwa Narodowego,government,-830254854
Muzeum Dom Rodzinny Ojca Świętego Jana Pawła II w Wadowicach,34-100,Wadowice,Kościelna,7,Minister Kultury i Dziedzictwa Narodowego,government,-412118317
Muzeum - Dom Rodziny Pileckich w Ostrowi Mazowieckiej,07-300,Ostrów Mazowiecka,Warszawska,4,Minister Kultury i Dziedzictwa Narodowego,government,-285404305
Muzeum Gross-Rosen w Rogoźnicy. Niemiecki nazistowski obóz koncentracyjny i zagłady (1940 - 1945),58-304,Wałbrzych,Szarych Szeregów,9,Minister Kultury i Dziedzictwa Narodowego,government,-938551745
Muzeum Historii Żydów Polskich Polin,00-157,Warszawa,Anielewicza,6,Minister Kultury i Dziedzictwa Narodowego,government,-189890825
Muzeum im. Kazimierza Pułaskiego w Warce,05-660,Warka,K. Pułaskiego,24,Minister Kultury i Dziedzictwa Narodowego,government,-601673784
Muzeum Jana Pawła II i Prymasa Wyszyńskiego,02-972,Warszawa,Księdza Prymasa Augusta Hlonda,1,Archidiecezja Warszawska,government,-1048973119
Muzeum Józefa Piłsudskiego w Sulejówku,05-070,Sulejówek,Oleandrów,5,Minister Kultury i Dziedzictwa Narodowego,government,-675369971
Muzeum Literatury im. Adama Mickiewicza w Warszawie,00-272,Warszawa,Rynek Starego Miasta,20,Minister Kultury i Dziedzictwa Narodowego,government,-632892937
Muzeum Narodowe w Gdańsku,80-822,Gdańsk,Toruńska,1,Minister Kultury i Dziedzictwa Narodowego,government,-602454989
Muzeum Narodowe w Kielcach,25-010,Kielce,Zamkowy,1,Minister Kultury i Dziedzictwa Narodowego,government,-263911457
Muzeum Narodowe w Szczecinie,70-561,Szczecin,Staromłyńska,27,Minister Kultury i Dziedzictwa Narodowego,government,-277734160
Muzeum Narodowe we Wrocławiu,50-153,Wrocław,Powstańców Warszawy,5,Minister Kultury i Dziedzictwa Narodowego,government,-455371981
Muzeum Narodowe Ziemi Przemyskiej w Przemyślu,37-700,Przemyśl,Berka Joselewicza,1,Minister Kultury i Dziedzictwa Narodowego,government,-536034272
Muzeum Zamkowe w Sandomierzu,27-600,Sandomierz,Zamkowa,12,Minister Kultury i Dziedzictwa Narodowego,government,-286006511
Muzeum Pamięci Mieszkańców Ziemi Oświęcimskiej,32-600,Oświęcim,Maksymiliana Kolbego,2A,Minister Kultury i Dziedzictwa Narodowego,government,-364061967
Muzeum PAMIĘĆ I TOŻSAMOŚĆ św. Jana Pawła II,87-100,Toruń,Droga Starotoruńska,3,Minister Kultury i Dziedzictwa Narodowego,government,-264087971
Muzeum Piastów Śląskich w Brzegu,49-300,Brzeg,Zamkowy,1,Minister Kultury i Dziedzictwa Narodowego,government,-766657421
Muzeum Podlaskie w Białymstoku,15-426,Białystok,Rynek Kościuszki,10,Minister Kultury i Dziedzictwa Narodowego,government,-662597836
Muzeum Polaków Ratujących Żydów podczas II wojny światowej im. Rodziny Ulmów w Markowej,37-120,Markowa,,1487,Minister Kultury i Dziedzictwa Narodowego,government,-343933628
Muzeum Sztuki Nowoczesnej w Warszawie,00-124,Warszawa,Pańska,3,Minister Kultury i Dziedzictwa Narodowego,government,-886839147
Muzeum Sztuki w Łodzi,90-734,Łódź,Więckowskiego,36,Minister Kultury i Dziedzictwa Narodowego,government,-1028539485
Muzeum Śląskie w Katowicach,40-205,Katowice,T. Dobrowolskiego,1,Minister Kultury i Dziedzictwa Narodowego,government,-893137756
Muzeum Tatrzańskie im. dra Tytusa Chałubińskiego w Zakopanem,34-500,Zakopane,Krupówki,10,Minister Kultury i Dziedzictwa Narodowego,government,-921015008
Muzeum Treblinka. Niemiecki nazistowski obóz zagłady i obóz pracy (1941-1944),08-330,Kosów Lacki,Wólka Okrąglik,115,Minister Kultury i Dziedzictwa Narodowego,government,-437061676
Muzeum-Zamek w Łańcucie,37-100,Łańcut,Zamkowa,1,Minister Kultury i Dziedzictwa Narodowego,government,-708307437
Muzeum Ziemi Międzyrzeckiej im. Alfa Kowalskiego,66-300,Międzyrzec,Podzamcze,2,Minister Kultury i Dziedzictwa Narodowego,government,-708324447
Muzeum Żołnierzy Wyklętych,07-410,Ostrołęka,Traugutta,19,Minister Kultury i Dziedzictwa Narodowego,government,-39498137
Narodowe Muzeum Techniki w Warszawie,,Warszawa,Defilad,1,Minister Kultury i Dziedzictwa Narodowego,government,-970353839
Muzeum II Wojny Światowej w Gdańsku,80-862,Gdańsk,Władysława Bartoszewskiego,1,Minister Kultury i Dziedzictwa Narodowego,government,-805586048
Muzeum Getta Warszawskiego,00-108,Warszawa,Zielna,39,Minister Kultury i Dziedzictwa Narodowego,government,-619336954
Muzeum Historii Polski w Warszawie,00-560,Warszawa,Mokotowska (siedziba tymczasowa),33,Minister Kultury i Dziedzictwa Narodowego,government,-235518292
Muzeum Łazienki Królewskie w Warszawie,00-460,Warszawa,Agrykoli,1,Minister Kultury i Dziedzictwa Narodowego,government,-116491920
Muzeum Marynarki Wojennej w Gdyni,81-374,Gdynia,Zawiszy Czarnego,1b,Minister Obrony Narodowej,government,-321497421
Muzeum Narodowe w Krakowie,30-062,Kraków,3 Maja,1,Minister Kultury i Dziedzictwa Narodowego,government,-198831870
Muzeum Narodowe w Lublinie,20-117,Lublin,Zamkowa,9,Minister Kultury i Dziedzictwa Narodowego,government,-70169229
Muzeum Narodowe w Poznaniu,61-745,Poznań,Karola Marcinkowskiego,9,Minister Kultury i Dziedzictwa Narodowego,government,-640460909
Muzeum Narodowe w Warszawie,00-495,Warszawa,Jerozolimsie,3,Minister Kultury i Dziedzictwa Narodowego,government,-984085161
Muzeum Pałacu Króla Jana III w Wilanowie,02-958,Warszawa,Stanisława Kostki Potockiego,10,Minister Kultury i Dziedzictwa Narodowego,government,-678360196
Muzeum Sił Powietrznych w Dęblinie,08-521,Dęblin,Dywizjonu 303,12,Minister Obrony Narodowej,government,-579801847
Muzeum Stutthof w Sztutowie. Niemiecki nazistowski obóz koncentracyjny i zagłady (1939-1945),82-110,Sztutowo,Muzealna,6,Minister Kultury i Dziedzictwa Narodowego,government,-367993042
Muzeum Sztuki i Techniki Japońskiej MANGGHA,30-302,Kraków,Marii Konpnickiej,26,Minister Kultury i Dziedzictwa Narodowego,government,-105755472
Muzeum Wojsk Lądowych w Bydgoszczy,85-641,Bydgoszcz,Czerkaska,2,Minister Obrony Narodowej,government,-629105501
Muzeum Wojska Polskiego w Warszawie,00-495,Warszawa,Jerozolmskie,3,Minister Obrony Narodowej,government,-767251983
Muzeum Zamkowe w Malborku,82-200,Malbork,Starościńska,1,Minister Kultury i Dziedzictwa Narodowego,government,-849817573
Muzeum Żup Krakowskich Wieliczka w Wieliczce,32-020,Wieliczka,Zamkowa,8,Minister Kultury i Dziedzictwa Narodowego,government,-201635518
Narodowe Muzeum Morskie w Gdańsku,80-751,Gdańsk,Ołowianka,9-,Minister Kultury i Dziedzictwa Narodowego,government,-995709057
Państwowe Muzeum Auschwitz-Birkenau w Oświęcimiu,32-603,Oświęcim,Więźniów Oświęcimia,20,Minister Kultury i Dziedzictwa Narodowego,government,-713175572
Państwowe Muzeum na Majdanku. Niemiecki nazistowski obóz koncentracyjny i zagłady (1941-1944),20-325,Lublin,Droga Męczenników Majdanka,67,Minister Kultury i Dziedzictwa Narodowego,government,-398915747
Zamek Królewski na Wawelu – Państwowe Zbiory Sztuki,31-001,Kraków,Wawel,5,Minister Kultury i Dziedzictwa Narodowego,government,-100844697
Zamek Królewski w Warszawie – Muzeum. Rezydencja Królów i Rzeczypospolitej,00-277,Warszawa,Zamkowy,4,Minister Kultury i Dziedzictwa Narodowego,government,-859424705
Muzeum Archidiecezjalne Kardynała Karola Wojtyły,31-002,Kraków,Kanonicza,19-,Archidiecezja Krakowska,religious,-53657659
Muzeum św. Ojca Stanisława Papczyńskiego w Górze Kalwarii,05-330,Góra Kalwaria (Dom Zakonny Zgromadzenia Księży Marianów pod wezwaniem bł. Ojca Stanisław Papczyńskiego w Górze Kalwarii),Stanisława Papczyńskiego,5A,Prowincja Polska Zgromadzenia Księży Marianów pod wezwaniem Niepokalanego Poczęcia Najświętszej Marii Panny z siedzibą w Warszawie,religious,-374935907
Muzeum Diecezjalne im. bł. Abpa. Antoniego Juliana Nowowiejskiego w Płocku,09-402,Płock,Tumska,3,Diecezja Płocka,religious,-896681287
Muzeum Diecezjalne w Drohiczynie im. Jana Pawła II,17-312,Drohiczyn,Kraszewskiego,4,Diecezja Drohiczyńska,religious,-298142339
Muzeum Diecezjalne w Siedlcach,08-110,Siedlce,Biskupa I. Świrskiego,56,Diecezja Siedlecka,religious,-314387397
Muzeum Diecezji Elbląskiej,82-300,Elbląg,Mostowa,14-,Diecezja Elbląska,religious,-497000467
Muzeum im. Księdza Walentego Ślusarczyka przy Opactwie O.O. Cysterów w Wąchocku,27-215,Wąchock,Kościelna,14,Opactwo Ojców Cystersów w Wąchocku,religious,-461746745
Muzeum im. św. Jana Pawła II,75-016,Koszalin (Centrum Pielgrzymkowo - Turystyczne przy Domu Zakonnym - Góra Chełmska),Słupska,1,Szensztacki Instytut Sióstr Maryi (ISSM),religious,-626445223
Muzeum Markowieckiego Sanktuarium,88-320,Strzelno,Markowice,5,Parafia Rzymskokatolicka pw. Nawiedzenia Najświętszej Maryi Panny w Markowicach,religious,-771734069
Muzeum Misyjne Sióstr Klawerianek w Krośnie,38-400,Krosno,Łukasiewicza,62,Zgromadzenie Sióstr Misjonarek Św. Piotra Klawera w Krośnie,religious,-89998901
Muzeum Pomnika Historii Frombork - zespół katedralny we Fromborku,14-530,Frombork,Katedralna,8,Archidiecezja Warmińska,religious,-513566593
Muzeum Prawosławnej Diecezji Lubelsko-Chełmskiej,21-526,Jabłeczna,Jabłeczna,1,Prawosławna Diecezja Lubelsko-Chełmska,religious,-727487446
Muzeum Reformacji Polskiej w Mikołajkach,11-730,Mikołajki,Plac Kościelny,5,Zgromadzenie Parafialne Parafii Ewangelicko-Augsburskiej Św. Trójcy w Mikołajkach,religious,-535465263
Muzeum Warszawskiej Metropolii Prawosławnej w Warszawie,03-403,Warszawa,św. Cyryla i Metodego,4,Warszawska Metropolia Prawosławna,religious,-994782283
Chojnickie Muzeum Motoryzacji i Techniki,89-600,Chojnice,Stary Rynek,12,Liliana Helta,private,-956663646
Chotomowskie Muzeum Techniki Wojskowej w Chotomowie,05-123,Chotomów,Baśniowa,1,Marcin Ptaszyński,private,-647939431
Ekomuzeum Olejarstwa w Zadnodze Olejarnia Staropolska na Roztoczu,22-610,Krynice,Zadnoga,19,Anna Kołodziej,private,-885175029
Falenickie Muzeum Historyczne,04-921,Warszawa - Falenica,Biernacka,12,Paweł Szewczak,private,-63219039
Gdyńskie Muzeum Motoryzacji,81-010,Gdynia,Żwirowa,2c,Witold Ciążkowski,private,-512109975
Kociewskie Muzeum Motoryzacji i Przemysłu w Starogardzie Gdańskim,83-200,Starogard Gdański,Norwida,2,"Zbigniew Pielecki, Michał Pielecki, Paweł Pielecki",private,-838196690
Kolbuszowskie Muzeum Techniki Militarnej i Użytkowej,36-100,Kolbuszowa,P. Por. Sawy,76,Zdzisław Smyrski,private,-926984572
Kwidzyńskie Muzeum Rodła,82-500,Kwidzyn,Graniczna,36,Jacek Synakiewicz,private,-457614047
Lokalne Muzeum Techniki Wojskowej i Cywilnej,05-270,Marki,Zieleniecka,47,Krzysztof Gendek,private,-595397219
Lubelskie Muzeum Historii Wojskowości – Ars Militaris,20-868,Lublin,Karpacka,60,Paweł Wójcik,private,-600525416
Lubelskie Muzeum Techniki Wojskowej i Użytkowej w Jelnicy,21-560,Miedzyrzec Podlaski,Jelnica,166,Witold Witkowski,private,-568642432
Małe Muzeum Ludowe u Kowalskich,55-100,Trzebnica,Marcinowo,2,Marian Kowalski,private,-698034037
Mazowieckie Muzeum Militarne,05-120,Legionowo,Dębowa,11,Łukasz Walnik,private,-485346335
Muzeum 303 im. ppłk. pil. Jana Zumbacha w Napoleonie,42-165,Lipie,Napoleon,35A,Tomasz Kajkowski,private,-569303263
Muzeum Afryki w Sobanicach,09-162,Nacpolsk,Sobanice,45A,Marta Kołodziej,private,-56497807
Muzeum Archeologii Pól Bitewnych Twierdzy Przemyśl w Przemyślu,37-700,Przemyśl,Zielińskiego,14,Jacek Dzik,private,-892907537
Muzeum – Archeoskansen grodu warownego z X w.,43-246,Strumień,Graniczna dz.,1162,Sylwester Zalewski,private,-318220311
Muzeum Artylerii Ziemi Przemyskiej,37-700,Przemyśl,Ostrów,22,Andrzej Potoczny,private,-754049921
Muzeum Artystów Polskich,05-071,Sulejówek,Stefana Żeromskiego,19,Joanna Beata Wyrostkiewicz-Wasilka,private,-506639244
Muzeum Arystokracji Śląskiej,55-110,Prusice,Piotrkowice Pałac,74,Arkadiusz Michoński,private,-630582737
"Muzeum Automobilizmu, Techniki i Marynistyki w Trzebieży",72-020,Trzebież,Dolna,21,Janusz Baczewicz,private,-216380642
Muzeum Betonowego Schronu Bojowego JS 1941 w Medyce,35-055,Rzeszów,Adama Naruszewicza,13,Jerzy Marek Solecki,private,-5191773
Muzeum Bohaterów Września 1939 im. Jerzego Waszkiewicza,00-132,Warszawa,Grzybowska,16/22,Dominik Waszkiewicz,private,-628478238
Muzeum Bombek Choinkowych w Nowej Dębie,39-460,Nowa Dęba,Wojska Polskiego,1c,Janusz Biliński,private,-69029053
"Muzeum Broni Dawnej i Nowej, Pojazdów Militarnych i Wyposażenia Wojskowego",75-259,Koszalin,Picassa,9,Robert Kiryluk,private,-54340072
Muzeum Broni i Militariów w Lubawie,14-260,Lubawa,Przemysłowa,2,Jarosław Kijewski,private,-1041580867
Muzeum Broni Historycznej i Współczesnej w Poroście,76-020,Bobolice,Porost 50a,,Marek Tomaszewski,private,-564700350
Muzeum Broni i Militariów w Przasnyszu,06-300,Przasnysz,Glinki,8,Daniel Duchnowski,private,-409324634
Muzeum Broni i Sprzętu Wojskowego Mauser w Dzierzgoniu,82-440,Dzierzgoń,Wojska Polskiego,24,Mirosław Procyk,private,-40379666
Muzeum Broni i Wyposażenia Piechoty w Warszawie,02-755,Warszawa,Krucza,41/43,Maciej Tylski,private,-8746192
Muzeum Broni w Stanisławowie,59-424,Stanisławów,,41,Przemysław Kusek,private,-1021075736
Muzeum Bursztynu w Ustce,76-270,Ustka,Słowiańska,35a,Paulina Szyłko,private,-834356799
Muzeum Czynu Zbrojnego w Lipcach Reymontowskich,96-127,Lipce Reymontowskie,Reymonta,22,Jerzy Murgrabia,private,-933122193
Muzeum Czynu Zbrojnego Żywiecczyzny w Żywcu,34-300,Żywiec,Wolności,4,Artur Caputa,private,-416928279
Muzeum Dawnej Broni i Osobliwości w Strzyżawie,86-070,Dąbrowa Chełmińska,Strzyżawa,43,Andrzej Dulcet,private,-849549499
Muzeum Dewocjonaliów i Rzeczy Osobistych w Ostrowi Mazowieckiej,07-300,Ostrów Mazowiecka,Antoniego Bałdygi,12,Aneta Żyłowska,private,-247469201
Muzeum Doctor Villa w Koszęcinie,42-286,Koszęcin,Ligonia,8,Katarzyna Mańko,private,-475395264
Muzeum Doliny Liwca,08-110,Siedlce,Pruszynek,58B,Michał Krasuski,private,-547922487
Muzeum 4 Pułku Strzelców Podhalańskich,43-400,Cieszyn,Frysztacka,2,Krzysztof Neścior,private,-504683673
Muzeum II Korpusu Polskiego w Józefowie,05-420,Józefów,Kasztanowa,6,Mariusz Niewiedzielski,private,-55002029
Muzeum II Wojny Światowej w Lubiszynie,66-433,Lubiszyn,Polna,1,Jan Lewek,private,-30486652
Muzeum Dawnej Motoryzacji i Techniki Kontrasty w Świnoujściu,72-600,Świnoujście,Słowiański,15,Rafał Tyszkiewicz,private,-363561662
Muzeum Dawnej Wsi Domek Tkaczki,26-120,Bliżyn,Zafabryczna,35,Urszula Jędrzejczyk,private,-601944601
Muzeum Dolina Psarki,27-225,Pawłów,Tarczek,24,Michał Sokalski,private,-113348174
Muzeum Dwór Feillów,32-420,Gdów,Zręczyce,51,Aneta Tyl,private,-612568460
Muzeum Dziedzictwa Kulturowego,80-410,Szczecin,św. Wojciecha,1,Wojciech Lizak,private,-254442716
Muzeum 3 Dywizji Piechoty Legionów w Zamościu,22-400,Zamość,Ordynacka,47,Maciej Podgórski,private,-989797693
Muzeum Eksploracji w Przeźmierowie,62-081,Przeźmierowo,Składowa,40A,Zygmunt Adamski,private,-562350753
Muzeum Eksploracji Ziem Polskich w Poznaniu,61-311,Poznań,Przyjemna,18,Anna Lińska,private,-248898639
Muzeum Elwiro Michała Andriollego,05-410,Józefów,Słoneczna,20,Robert Lewandowski,private,-122151787
Muzeum Etnograficzno - Archeologiczne KLEISTMETAL,83-331,Żukowo Przyjaźń,Sosnowa,21,Krystian Adamczyk,private,-493306627
Muzeum Fiata 126p,43-300,Bielsko - Biała,Karpacka,44,Antoni Przychodzień,private,-50854749
Muzeum Fort XII Werner w Żurawicy,37-710,Żurawica k. Przemyśla,Forteczna,20,Sławomir Golonka,private,-669126040
Muzeum Foteli Katapultowych w Oleśnicy,56-400,Oleśnica,Ludwikowska,27,Radosław Szukała,private,-931650539
Muzeum Fotografii w Janowie Lubelskim,23-300,Janów Lubelski,Jana Zamoyskiego,20,Antoni Florczak,private,-959984977
Muzeum Frontu Wschodniego,03-301,Warszawa,Jagiellońska,49c,Artur Steckiewicz,private,-493545580
Muzeum Galeria Sulmin w Sulminie(w organizacji),83-331,Sulmin,Sulmin,33,Alicja Solarewicz-Zawierucha,private,-482197944
Muzeum Galicyjskich Wsi i Pobojowisk w Łaskach,38-200,Łaski,Łaski,207,Klaudiusz Kotulak,private,-495529222
Muzeum Górnictwa i Historii Złotego Stoku,57-250,Złoty Stok,Złota,9,Elżbieta Szumska,private,-55372322
Muzeum Górnictwa i Hutnictwa Staropolskiego w Warszawie,01-864,Warszawa,Kochanowskiego,52,Stanisław Krupa,private,-258664632
Muzeum Góry Sowie Region Sudety,58-250,Pieszyce,Kamionki,12,Józef Przeorek,private,-528704890
Muzeum Gross Born w Bornem Sulinowie,78-449,Borne Sulinowo,Marii Konopnickiej,9,Dariusz Czerniawski,private,-405086605
Muzeum Hełm w Chełmie,59-305,Rudna,Chełm,33,Ryszard Biskup,private,-672682816
Muzeum Historii Artylerii,05-319,Cegłów,Rudnik,57,Łukasz Cichosz,private,-226180167
Muzeum Historii Bieszczad w Czarnej Górnej,38-710,Czarna Górna,Czarna Górna,6,Rafał Dudka,private,-431074787
Muzeum Historii Czułowa w Tychach,43-100,Tychy,Klonowa,25,Gabriel Pierończyk,private,-858743321
Muzeum Historii i Działań Zbrojnych,99-320,Żychlin,Krasickiego,8,Bogdan Szalaty,private,-925146906
Muzeum Historii i Militariów w Czarnej Wodzie,83-262,Czarna Woda,Chojnicka,20,Piotr Kazimierz Szulc,private,-330238442
"Muzeum Historii Gospodarki, Finansów i Rozwoju Przedsiębiorczości Na Ziemiach Polskich",05-804,Pruszków,skr. Poczt.,90,Krzysztof Kotyński,private,-192079917
Muzeum Historii Komputerów i Informatyki,40-061,Katowice,Oddziałów Młodzieży Powstańczej,1,Krzysztof Chwałowski,private,-663459154
Muzeum Historii Modlina i Nowego Dworu Mazowieckiego,05-102,Nowy Dwór Mazowiecki,Generała Thommee,10,Dariusz Banaszek,private,-109483442
Muzeum Historii Najnowszej w Poznaniu,61-838,Poznań,Wrocławska,9,Sławomir Cichocki,private,-130051381
Muzeum Historii Ubioru,61-881,Poznań,Kwiatowa,14,Anna Moryto,private,-791091399
Muzeum Historii Wielkopolskiego Leśnictwa 1920-1945 w Bronisławiu,36-025,Witowo,Bronisław,1,Andrzej i Justyna Antowscy,private,-69600343
Muzeum Historii - Włosień i okolice we Włosieniu,59-816,Platerówka,Włosień,127,"Leszek Stępień, Marcin Stępień",private,-535042523
Muzeum Historii Wojskowości Polskiej w Warszawie,01-168,Warszawa,Syreny,44,Piotr Andrzej Fudała,private,-303853919
Muzeum Historii Ziemi Ciechanowskiej,06-400,Ciechanów,Ks. Konrada II,9,Paweł Podlasiński,private,-688064322
Muzeum Historii Ziemi Rudnickiej w Rudniku nad Sanem,37-420,Rudnik nad Sanem,Mickiewicza,136a,Marek Mierzwa,private,-209637837
Muzeum Historyczne Broni Pancernej,05-140,Serock,Zabłocie Święcienica,3,Bogdan Powała,private,-376374559
Muzeum Historyczne Bunkier Otryt,38-713,Lutowiska,Lutowiska,98,Jarosław Brzeski,private,-752163369
Muzeum Historyczne Frontu Wschodniego,05-120,Legionowo,Krucza,27,Tomasz Dziczek,private,-867816215
Muzeum Historyczne Północne Mazowsze i Garnizon Różan 1914- 1945,06-230,Różan,Kaszewiec,52,Wojciech Wielgosz,private,-50221986
Muzeum Historyczne w Strzepczu,84-223,Linia,Strzepcz,4,Piotr Lisiński,private,-84476987
Muzeum Historyczne w Sulejówku,05-071,Sulejówek,Szosowa,26,Robert Buczek,private,-521990386
Muzeum Historyczne Warszawa Kampinos 1939,05-152,Czosnów Kazuń Polski,Jeziorna,110,Wojciech Hejnrych,private,-1053468311
Muzeum Historyczne - Zespół Pałacowy w Patrykozach,08-311,Bielany,Patrykozy,29,Maurycy Zając,private,-389334436
Muzeum Historyczno-Etnograficzne w Andrychowie,34-120,Andrychów,Podgórska,3,Iwona Elżbieta Dyla,private,-230783605
Muzeum Historyczno-Etnograficzne w Gorzkowie,22-315,Gorzków,Gorzków Wieś,89,Krzysztof Sokołowski,private,-980794877
Muzeum Historyczno-Etnograficzne w Osieku,99-414,Kocierzew,Osiek Dwór,,Filip Bacciarelli,private,-149628458
Muzeum Historyczno – Przyrodnicze Pamiątka,05-080,Izabelin,3 Maja,49,Piotr Bakoń,private,-511105423
Muzeum - Historyczny Dolny Śląsk,58-520,Janowice Wielkie,Robotnicza,8A,Małgorzata Piątek,private,-58322302
Muzeum Historycznych Pojazdów Militarnych i Techniki Motoryzacyjnej w Boczkach,98-240,Szadek,Boczki,38,Jacek Kopczyński,private,-797941012
Muzeum Humoru i Absurdu w Poznaniu,61-309,Poznań,Bodawska,11,Malwina Łukowska,private,-1067142548
Muzeum Ikon i Kultury Staroobrzędowców,12-220,Ruciane Nida,Wojnowo,76,Tomasz Ludwikowski,private,-251612608
Muzeum im. Michała Drzymały w Miasteczku Krajeńskim,89-350,Miasteczko Krajeńskie,Wolności,13,Kazimierz Pospieszny,private,-24775639
Muzeum im. mjr. Władysława Nowakowskiego Żubra,01-437,Warszawa,Bolecha,90,Waldemar Nowakowski,private,-307925526
Muzeum Jazda Historyczna – Galeria Pojazdów i Staroci,43-430,Ochaby Wielkie,Główna,173,Zygmunt Bieniek,private,-18021671
Muzeum Jednostek Specjalnych i Wojsk Powietrzno - Desantowych,04-696,Warszawa,Piechurów,20,Paweł Kleszczewski,private,-646762514
Muzeum – Kasa Biletowa z pamiątkami kolejowymi Jerzego Grabowskiego,07-417,Ostrołęka,Plac Dworcowy,,Jerzy Grabowski,private,-733864824
Muzeum Kaszubska Zagroda Bielickowo,83-304,Przodkowo,Kawle Dolne,7,Czesław Bielicki,private,-652579137
Muzeum Kart do Gry,05-091,Ząbki,Jodłowa,22,Andrzej Rzepkowski,private,-765023782
Muzeum Kolekcji Dwór Muławki,11-400,Kętrzyn,Muławki,12,Paweł Lipko,private,-489375498
Muzeum Kolekcji Macieja Głowackiego,62-004,Czerwonak,Gdyńska,27,Maciej Głowacki,private,-267151238
Muzeum Komunikacji w Paterku,89-100,Nakło Paterek,Łąkowa,34A,Artur Robert Lemański,private,-632824068
Muzeum Konfliktów Zbrojnych w Warszawie,02-715,Warszawa,Puławska,233,Piotr Szalaty,private,-1052789491
Muzeum Kowalstwa i Ślusarstwa Mierzwińskich w Hajnówce,17-200,Hajnówka,Lipowa,1,Stanisław Mierzwiński,private,-458074342
Muzeum Kresów i Ziemi Ostrowskiej im. Marzeny i Zbigniewa Banaszków w Ostrowi Mazowieckiej,07-300,Ostrów Mazowiecka,Lubiejewska,158,Zbigniew Banaszek,private,-29533770
Muzeum Kultury Romów w Warszawie,03-936,Warszawa,Zwycięzców,3-,Andrzej Grzymała – Kazłowski,private,-467911933
Muzeum Kurpiowskie w Wachu,07-420,Kadzidło,Wach,14,Zdzisław Bogdan Bziukiewicz,private,-228234485
Muzeum Lalek w Pilźnie,39-220,Pilzno,Grodzka,24,Zofia Gągała-Bohaczyk,private,-380241892
Muzeum Lisewski Zakątek w Lisewie,87-400,Lisewo,,56,Tomasz Stefański,private,-523873021
Muzeum Lwóweckie w Lwówku Śląskim,59-600,Lwówek Śląski,Wolności,22,Dorota Zawadzka,private,-325308092
Muzeum Łączności w Redzie,84-240,Reda,Gniewowska,74,Marcin Talaśka,private,-339019258
Muzeum Miasta Słupska,76-200,Słupsk,Bauera,14,Grzegorz Rataj,private,-658705838
Muzeum Militariów 1914-1945,74-510,Trzcińsko-Zdrój,Dworcowa,39,Piotra Mańczak,private,-564074101
Muzeum Militariów Atena w Skwierzynie,66-440,Skwierzyna,Rzeźnicka,1,Agnieszka Kuś – Ratownictwo Drogowe Anhol,private,-847191111
Muzeum Militariów i Historii Galicji we Frysztaku,38-130,Frysztak,Pułanki,23,Michał Król,private,-553437184
Muzeum Militariów i Techniki Wojskowej Kompania Szklary,48-388,Kamiennik,Szklary,102,Jan Kosakiewicz,private,-1025083428
Muzeum Militariów i Techniki w Woli Sękowej,28-505,Bukowsko,Wola Sękowa,52,Krzysztof Mindur,private,-656383255
Muzeum Militariów w Gowarzewie,63-004,Gowarzewo,Lawendowa,43,Mikołaj Szczepaniak,private,-544628131
Muzeum Militariów w Tywicy,74-110,Banie,Tywica,32/1,Patryk Wiśniewski,private,-90839257
Muzeum Militarnej Historii w Bornem Sulinowie,78-449,Borne Sulinowo,Wojska Polskiego,1,Wiesław Bartoszek,private,-482159335
Muzeum Militarnej Historii Ziemi Raciąskiej w Raciążu,09-140,Raciąż,Lipowa,15,Grzegorz Domański,private,-89066868
Muzeum Mineralogiczne ze zbiorów Renaty Sokołowskiej w Szklarskiej Porębie,58-580,Szklarska Poręba,Kilińskiego,20,Renata Sokołowska,private,-591272432
Muzeum Miniaturowej Sztuki Profesjonalnej Henryk Jan Dominiak w Tychach,43-100,Tychy,Żwakowska,8,Henryk Jan Dominiak,private,-441682631
Muzeum Misji Zagranicznych Wojska Polskiego w Feliksowie,05-083,Zaborów,Świerkowa,5,Jacek Roszkowski,private,-947644227
Muzeum Młynarstwa i Rolnictwa w Osiecznej,64-100,Leszno,Dekana,8,Jarosław Jankowski,private,-73153548
"Muzeum Młynarstwa, Techniki i Rzemiosła Wiejskiego im. Józefa Winiarskiego",33-316,Rożnów,Roztoka Brzeziny,105,Michał Winiarski,private,-990065090
Muzeum Motocykli Zabytkowych w Stężycy,83-322,Stężyca,Marii Konpnickiej,4,Jarosław Czapiewski,private,-434418368
Muzeum Motoryzacji,34-143,Lanckorona,Lanckorona,290,Józef Zaręba,private,-175937244
Muzeum Motoryzacji – Bielskie Syreny.pl w Łodygowicach,34-325,Łodygowice,Kalinowa,1,Krzysztof Rajski,private,-617024985
Muzeum Motoryzacji im. Antoniego Steckiego,05-124,Skaryszew wieś Janówek Pierwszy,Jaśminowa,29,Marcin Lewandowski,private,-471536565
Muzeum Motoryzacji i Techniki INDIV w Siemianowicach Śląskich,41-106,Siemianowice Śląskie,Niepodległości,61E,Leszek Bierski,private,-332453573
Muzeum Motoryzacji i Techniki MOTO-HOBBY w Zielonkach,32-087,Zielonki,Na Popielówkę,67D,Piotr Pelc,private,-759878941
Muzeum Motoryzacji i Techniki w Białej Oleckiej,19-400,Olecko,Biała Olecka,9,Wojciech Kot,private,-571076180
Muzeum Motoryzacji i Techniki w Chodowie,08-110,Siedlce,Węgrowska,113,Jakub Wojciech Mroczek,private,-835806956
Muzeum Motoryzacji I Techniki w Chodzieży,64-800,Chodzież,Józefa Piłsudskiego,9,Wojciech Chyra,private,-568216948
Muzeum Motoryzacji i Techniki w Kolonii Kołłątaja,59-226,Chojnów,Kolonia Kołłątaja,40,Michał Antoszczuk,private,-860061798
Muzeum Motoryzacji i Techniki w Łoziskach,05-500,Łoziska,Fabryczna,31,Roman Mirkowski,private,-485632777
Muzeum Techniki i Motoryzacji w Piastowie,05-820,Piastów,Mazowiecka,6A,Ryszard Rozpondek,private,-552699575
Muzeum Motoryzacji i Techniki Wojskowej Bunkier,36-060,Głogów Małopolski,Rudna Mała,48c,Sebastian Mazur,private,-480479168
Muzeum Motoryzacji w Będzinie,42-500,Będzin,Wilcza,36,Dariusz Lemański,private,-512395226
Muzeum Motoryzacji i Techniki SKARB NARODU w Warszawie,02-384,Warszawa,Włodarzewska,51d,Robert Brykała,private,-142454108
Muzeum Motoryzacji i Techniki w Kobyłce,05-230,Kobyłka,Pionierska,7,"Jacek Brzozowski, Dariusz Brzozowski",private,-711366068
Muzeum Motoryzacji i Techniki w Ligocie,43-518,Ligota,Zaciszna,8,Paweł Soszka,private,-778636232
Muzeum Motoryzacji i Techniki w Opaczy Kolonii,05-816,Opacz Kolonia,Mokra,6,Tomasz Graczyk,private,-773524471
Muzeum Motoryzacji i Techniki w Radomiu,26-600,Radom,Lubelska,8,Artur Kwiecień,private,-1001688812
Muzeum Motoryzacji i Wojskowości w Tanowie,72-004,Tanowo,Szczecińska,16A,Leszek Budyłowski,private,-766695276
Muzeum Motoryzacji RIKO w Katowicach,40-160,Katowice,Korfantego,59,Ryszard Rueckert,private,-436518404
"Muzeum Motoryzacji, Służb Mundurowych i Techniki Użytkowej w Radomiu",26-600,Radom,11 Listopada,98,Artur Rembowski,private,-761140313
"Muzeum Motoryzacji, Techniki Budowlanej i Rolnej w Rębkowie",08-400,Garwolin,Spacerowa (Rębków),27,Jaroslaw Pytel,private,-887683819
Muzeum Motoryzacji w Bystrej,34-235,Bystra,Bystra,502,Michał Krauze,private,-422130254
Muzeum Motoryzacji w Chorzowie ( w organizachi),41-503,Chorzów,Siemianowicka,50,Kacper Gach,private,-392000217
Muzeum Motoryzacji w Gołogłowach,57-300,Kłodzko,Gołogłowy,23A,Marcin Oliwa,private,-308755809
Muzeum Motoryzacji w Ludwikowicach Kłodzkich,57-450,Ludwikowice Kłodzkie,Fabryczna,26,Kamil Marcinkowski,private,-772491912
Muzeum Motoryzacji w Wydrze,42-130,Wręczyca Wlk.,Wydra,14a,Piotr Szczepanek,private,-342458673
Muzeum Narwi w Tykocinie,16-080,Tykocin,Browarna,17,Adam Rudawski,private,-740283950
Muzeum Obrony Wybrzeża w Świnoujściu,72-602,Świnoujście,Bunkrowa,2,Piotr Piwowarczyk,private,-478511031
Muzeum Operacji i Działań Specjalnych,67-400,Wschowa,Słowackiego,3,Piotr Makała,private,-894121894
Muzeum Oręża i Techniki Użytkowej im. ks. gen. Stanisława Brzóski w Łukowie,21-400,Łuków,Farfak,42,Jan Janusz Jastrzębski,private,-697750761
Muzeum Oręża i Techniki Ziemi Zamojskiej w Lublinie,20-010,Lublin,Dolna Panny Marii,56,Marcin Potocki,private,-764425764
Muzeum Oręża im. Oddziałów Partyzanckich Ziemi Opatowskiej w Męczennicach,27-540,Lipnik,Męczennice,8,Janusz Orłowski,private,-305589015
Muzeum Pacowa Chata w Krypnie Wielkim,19-111,Krypno Kościelne,Krypno Wielkie,119,Tomasz Pac,private,-104762327
Muzeum Pałacowe Garnizonu Biedrusko,62-003,Biedrusko,1 Maja,82,Jan Kucharski,private,-875297701
Muzeum Patria Colbergiensis w Kołobrzegu,78-100,Kołobrzeg,Armii Krajowej,12,Robert Aleksander Maziarz,private,-1068803331
Muzeum Pieców i Kultury Ogniowej,62-100,Wągrowiec,Łaziska,29,Piotr Batura,private,-478222344
Muzeum Piernika i Etnografii w Kopytowej,38-459,Kopytowa,Kopytowa,1,Wojciech Kołder,private,-921073052
Muzeum Piśmiennictwa i Drukarstwa w Grębocinie,87-122,Grębocin,Szkolna,31,Dariusz Subocz,private,-921214532
Muzeum Po Bitwie,87-148,Łysomice,Kamionki Małe,23,Olaf Popkiewicz,private,-826953488
Muzeum Pojazdów Historycznych Polskie Drogi w Busku – Zdroju,28-100,Busko – Zdrój,Żeromskiego,12A,Edyta Łukasik,private,-938513144
Muzeum Pojazdów Militarnych – MILITARY - KONARY,05-660,Konary,Konary,9,Andrzej Jasiński,private,-501806715
Muzeum Pojazdów Militarnych i Uzbrojenia,62-081,Przeźmierowo,Piaskowa,17,Anna Paczkowska-Jarecka,private,-903543709
Muzeum Pojazdów Militarnych w Częstochowie,42-200,Częstochowa,Bukowa,25,Karol Woldan,private,-900583037
Muzeum Pojazdów Retro i Karawaningu w Łodzi,92-403,Łódź,Tranzytowa,5,Jacek Przybyliński,private,-335316352
Muzeum Pojazdów Wojska Polskiego w Chodkowie Działkach,09-470,Bodzanów,Wyszogrodzka,20,"Marcin Bartczak, Dorota Kordulasińska",private,-480474958
Muzeum Pojazdów Wojskowych i Uzbrojenia,84-107,Starzyno,Kłanino,2,Mateusz Deling,private,-418067923
Muzeum Pojazdów Zabytkowych i Unikatowych w Gliwicach,44-151,Gliwice,I. Daszyńskiego,546A,Bronisław Keller,private,-244461007
Muzeum Polskich Organów Elektronicznych w Gnieźnie,62-200,Gniezno,Gdańska,77,"Wanda Jung,",private,-210752907
Muzeum Polskiej Motoryzacji XX wieku Polska na Kołach w Busku – Zdroju,28-100,Busko – Zdrój,Podgaje,9,Wojciech Łukasik,private,-848428677
Muzeum Pobojowisk w Wałyczu,87-200,Wąbrzeźno,Pszenna,8,Dariusz Górski,private,-178236714
Muzeum Pól Bitewnych Pomorza,84-217,Szemud,Wejherowska,27,Piotr Sroka,private,-58845663
Muzeum 1 Pułku Strzelców Konnych w Garwolinie,08-400,Garwolin,Jana Pawła II,44a,Przemysław Makulec,private,-567707051
Muzeum Przedmiotów Historycznych i Zapomnianych,84-250,Gniewino Bychowo,,38,Jacek Bagnecki,private,-956787750
Muzeum Przemysłu Wojennego w Pogórzu,43-430,Skoczów Pogórze,Zamek,54,Przemysław Michalski,private,-475244085
Muzeum Przyrodnicze w Turzynie,89-240,Kcynia,Turzyn,2,Andrzej Morawski,private,-761687149
Muzeum Przyrodniczo-Historyczne im. Stanisława Golewskiego w Warszawie,01-313,Warszawa,Karabeli,4,Honorata Stafiej-Szczęsna,private,-917201157
Muzeum Radiotechniki,85-112,Bydgoszcz,Mennica,2A,Maria Kujawska,private,-841739763
Muzeum Ratownictwa i Medycyny w Mogilnie,88-300,Mogilno,Witosa,7,Grzegorz Jakubowski,private,-34958945
Muzeum Regionalne Jama Michalików w Serocku,21-136,Firlej,Serock,207,Zygmunt Jan Michalik,private,-665324673
Muzeum Regionalne w Kierzkowie,74-300,Myślibórz,Kierzków,6,Mirosław Wójcik,private,-443194592
Muzeum Regionalne w Nowogrodźcu,59-730,Nowogrodziec,Kamienna,3,Piotr Nieratka,private,-834962751
Muzeum Regionalne w Ruks Młynie,64-600,Oborniki,Ruks Młyn,1,Jan Czartoszewski i Joanna Czartoszewska,private,-42195582
Muzeum Regionalnego Pogranicza i Międzyrzeckiego Rejonu Umocnionego w Kaławie,66-300,Międzyrzecz,Kaława,68A,Piotr Szlachtycz,private,-478552810
Muzeum Rodziny Knape w Dobrzanach,73-130,Dobrzany,Mickiewicza,9a,Krzysztof Knape,private,-566910664
Muzeum Rodziny Morsztynów w Ściborkach,19-520,Banie Mazurskie,Ściborki,6,Justyna Morsztyn,private,-691623247
Muzeum Rolniczego Kombinatu Spółdzielczego Buszewko w Dębinie,62-080,Baranowo,Perłowa,14,Piotr Włodarczyk,private,-449271925
Muzeum Rowerów w Żaganiu,68-100,Żagań,Szkolna,68,Stanisław Małachowski,private,-709653229
Muzeum Samochodu Papieskiego JP2 w Kielcach,25-253,Kielce,Cmentarna,5A,Marek Adamczak,private,-188150795
Muzeum Saperskie Explosive,80-001,Gdańsk,Trakt św. Wojciecha,336,Piotr Bik,private,-808360447
Muzeum - Skansen Młynarstwa w Żukowie,83-330,Żukowo,Parkowa,1,Maria Kujawska,private,-148706651
Muzeum – Skansen w Ochabach – Tradycyjna Zagroda Rolna,43-430,Skoczów,Główna,177,Urszula i Maciej Bieniek,private,-639312427
Muzeum Skarby Techniki w Rotnowie,72-300,Gryfice,Rotnowo,9,Marek Fornal,private,-427528570
Muzeum Skrzydła i Motory w Niedźwiedziu,87-620,Kikół,Niedźwiedź,19,Arkadiusz Wiśniewski,private,-299516466
Muzeum Służb Mundurowych w Gdańsku,80-864,Gdańsk,ks. Jerzego Popiełuszki,6,Krzysztof Wojtaś,private,-142827204
Muzeum Spadochroniarstwa i Wojsk Specjalnych,43-460,Wisła,Przylesie,1a,Piotr Wybraniec,private,-342465362
Muzeum Sprzętu Wojskowego w Mrągowie,11-700,Mrągowo,Przemysłowa,11C,Sławomir Trzeciakiewicz,private,-800353378
Muzeum Sprzętu Wojskowego we Wrocławiu,52-218,Wrocław,Gen. Grota-Roweckiego,71B,Zbigniew Łukaszczuk,private,-682952184
Muzeum Stębark – Tannenberg 1914 w Kani Nowej,05-140,Kania Nowa,Wspólna,41,Arkadiusz Radomski,private,-635519476
Muzeum Strategii i Taktyki Działań Zbrojnych CLAUSEWITZ,02-972,Warszawa,Sarmacka,9,Maciej Szalaty,private,-594237710
Muzeum Szlachty Mazowieckiej w Szczawinie,07-440,Goworowo,Szczawin,8,Anna Dorota Sawczuk,private,-965757451
Muzeum Sztuki i Historii w Warszawie Okno do Wieczności,00-697,Warszawa,Jerozolimskie,51,Maria Magdalena Bogucka,private,-230643095
Muzeum Sztuki Inżynierskiej KOPRAS w Fiałkowie,62-070,Dopiewo,Więckowska (wieś Fiałkowo),80,Zbigniew Kopras,private,-422349280
Muzeum Sztuki Ludowej Sacrum i Profanum,16-080,Tykocin,Kolonia Nowe Miasto,10,Barbara Gębała,private,-1038196985
Muzeum Sztuki Polskiej w Sopocie,81-707,Sopot,Jana Jerzego Haffnera,54,Juliusz Windorbski,private,-873305005
Muzeum Śląskiego Września 1939 roku,43-100,Tychy,Brzozowa,24,Arkadiusz Dominiec,private,-898231256
Muzeum Światowego Oręża i Wojskowości,02-814,Warszawa,Słonki,5H,Paweł Żerdzicki,private,-319713495
Muzeum Tablic Rejestracyjnych i Pojazdów w Żeliszewie,08-130,Kotuń,Żeliszew Duży,3d,Piotr Piersa,private,-287367054
Muzeum Techniki Bojowej w Olszynie,59-830,Olszyna,Wolności,60c,Aneta Sławińska,private,-565768546
Muzeum Techniki i Broni w Dzierzgoniu,92-440,Dzierzgoń,Słoneczna,1,Andrzej Mieleszczuk,private,-798541299
Muzeum Techniki im. Władysława Drybsa,05-540,Zalesie Górne,Leśnych Boginek,34,Konrad Brzozowski,private,-1033455267
Muzeum Techniki i Machin Wojennych w Gnieźnie,62-200,Gniezno,Św. Michała,10,Mateusz Hen,private,-466185744
Muzeum Techniki i Motoryzacji w Gdańsku(w organizacji),80-177,Gdańsk,Porzeczkowa,6,Andrzej Haak,private,-453092878
Muzeum Techniki i Pojazdów Wojskowych w Bojanie,84-207,Bojano,Władyslawa Jagiełły,15,Jarosław Kupień,private,-370805691
Muzeum Techniki i Rzemiosła Wiejskiego w Zapuście,59-830,Olszyna Lubańska,Zapusta,28,Aneta Tyl,private,-153229275
Muzeum Techniki i Techniki Wojskowej TYTAN,76- 142,Malechowo,Malechowo,27b,Marian Laskowski,private,-972448665
Muzeum Techniki i Wynalazków w Raciniewie,86-260,Unisław,Bydgoska (w miejscowości Raciniewo),14A,Jan Kołodziej,private,-285243091
Muzeum Techniki Militarnej,05-311,Dębe Wielkie,Polna,15c,Bogdan Korziuk,private,-892449509
Muzeum Techniki Militarnej i Cywilnej MARS,78-611,Szwecja,Górna,1,Piotr Letki,private,-503408361
Muzeum Techniki Rzemiosła Ślusarstwo – Kowalstwo w Sośnicowicach,44-153,Sośnicowice,Raciborska,47,Andrzej Śledziński,private,-572315207
Muzeum Techniki Militarnej i Użytkowej w Bytomiu,41-902,Bytom,Franciszkańska,21,Roman Ploch,private,-900367459
Muzeum Techniki Militarnej i Użytkowej w Zabrzu,41-800,Zabrze,Botaniczna,6,Rafał Siech,private,-361067955
Muzeum Techniki Motoryzacyjnej,62-100,Wągrowiec,Łaziska,10b,Aleksander Błaszkowski,private,-792277810
Muzeum Techniki Uzbrojenia w Bydgoszczy,85-011,Bydgoszcz,Śniadeckich,32,Włodzimierz Rapkiewicz,private,-290121581
Muzeum Techniki Uzbrojenia w Kamiennej Górze,58-400,Kamienna Góra,Lubawska,1a,Maciej Wyszkowski,private,-905906196
Muzeum Techniki w Ciućkowie,09-460,Mała Wieś,Ciućkowo,14,Krzysztof Włoczkowski,private,-702536646
Muzeum Techniki Wojskowej ARMA w Warszawie,02-871,Warszawa,Karczunkowska,26,Jarosław Jakubowski,private,-121325319
Muzeum Techniki Wojskowej i Motoryzacji w Góralach,87-330,Górale,,110,Dorian Koprowski,private,-934851412
Muzeum Techniki Wojskowej i Obrony Przeciwlotniczej w Busku - Zdroju,28-100,Busko-Zdrój,Żeromskiego,24,Zbigniew Wach,private,-237141236
Muzeum Techniki Wojskowej i Użytkowej,95-030,Rzgów,Polna,3,Kordian Skalski,private,-543424354
Muzeum Techniki Wojskowej im. Bogdana Wojciecha Kozłowskiego w Olsztynie,11-041,Olsztyn,Wilimowo,10a,Bogdan Wojciech Kozłowski,private,-516732988
Muzeum Techniki Wojskowej im. Jerzego Tadeusza Widuchowskiego w Zabrzu,41-803,Zabrze,Wojciecha Kossaka,31a,Wacław Widuchowski,private,-757403718
Muzeum Techniki Wojskowej w Feliksowie,05-083,Zaborów,Świerkowa,5,Jacek Roszkowski,private,-675216939
Muzeum Techniki Wojskowej w Jaworznie,43-602,Jaworzno,Zarzeczna,2,Marian Lewek,private,-54892269
Muzeum Techniki Wojskowej w Kłodawie,62-650,Kłodawa,Cegielniana,26,Paweł Bartłomiejczak,private,-787389808
Muzeum Tradycji Niepodległościowych Ziemi Staszowskiej w Staszowie,28-200,Staszów,Kilińskiego,18,Paweł Ciepiela,private,-640696076
Muzeum Tradycji Ruchu Narodowego w Jelczu - Laskowicach,55-220,Jelcz - Laskowice,Hirszfelda,70,Mateusz Kotas,private,-439734618
Muzeum Tradycji Wojskowych na Kujawach i Pomorzu w Janikowie,88-160,Janikowo,1 Maja,4,Sebastian Maciej Witkowski,private,-18521353
Muzeum Twierdza BTR – 40 we Wrocławiu,51-180,Wrocław,Kominiarska,32,Wiesław Majewski,private,-794747935
Muzeum Uzbrojenia,05-220,Zielonka,Sprinterska,5,Wojciech Goryca,private,-825658613
Muzeum Uzbrojenia i Wojskowości,05-077,Warszawa - Wesoła,Jana Pawła II,46,Jędrzej Kozak,private,-336563100
Muzeum Uzbrojenia Żołnierza Wojska Polskiego 1914-1945,01-518,Warszawa,Józefa Zajączka,1/5,Jacek Mazuro,private,-988447105
Muzeum Volkswagena,83-330,"Żukowo, Pępowo gm. Żukowo",Armii Krajowej,50,Ewa Suchecka,private,-866623328
Muzeum VOLVO i innych Automobili w Poznaniu Volvostrada,60-012,Poznań,Ustronna,13b,Dariusz Wesołowski,private,-169413184
Muzeum w Ponurzycy,05-430,Celestynów,Ponurzyca,60,Radosław Szymczak,private,-1017537130
Muzeum Uzbrojenia i Technologii Wojskowej w Warszawie,04-452,Warszawa,Zawiszaków,5,Robert Fotyniuk,private,-291715901
Muzeum Uzbrojenia i Wyposażenia Wielkiej Wojny w Szerzynach,38-246,Szerzyny,Szerzyny,141,Paweł Mikrut,private,-179008409
Muzeum Uzbrojenia i Wyposażenia Wojskowego w Ustrzykach Dolnych,38-700,Ustrzyki Dolne,Dworcowa,4,Paweł Słupek,private,-984324079
Muzeum Wielkiej Wojny w Kotani,38-232,Krempna,Kotań,45C,Przemysław Wróbel,private,-98199628
Muzeum Winiarstwa i Wina w Mechelinkach,81-198,Mechelinki,Klifowa,17,Krzysztof Nawrot,private,-157651822
Muzeum Militariów i Historii Willa Lodusieńka w Warszawie,04-824,Warszawa,Herbaciana,6,Marek Salamonowicz,private,-801134650
Muzeum Wiosna 1812 w Olszowej,63-600,Kępno,Perłowa,2,Piotr Kowalewski,private,-374992543
Muzeum Wojen i Życia,68-200,Żary,Przyjaźni,14,Franciszek Łuckiewicz,private,-42884139
Muzeum Wojny i Pokoju,05-071,Sulejówek,Grzybowa,3,Robert Wyrostkiewicz,private,-1043734517
Muzeum Wojny i Techniki w Gdańsku,80-742,Gdańsk,Kurza,18/19,Tomasz Dziergowski,private,-51136990
Muzeum Wojny Obronnej Rybnik’39,44-251,Rybnik,Rycerska,16a,Marcin Ruś,private,-48062223
"Muzeum Wojska, Techniki i Uzbrojenia",05-092,Łomianki,Waligóry,15,Tomasz Renault,private,-432956034
Muzeum Wojskowe i Regionalne w Klenicy,66-133,Klenica,Bolesława Chrobrego,14,Tomasz Łysiak,private,-927179077
Muzeum Wojskowo- Cywilne w Łosicach,08-200,Łosice,Narutowicza,53,Mateusz Celiński,private,-625390188
Muzeum Wojskowości i Uzbrojenia,02-972,Warszawa,Hlonda,2c,Michał Kuczmierowski,private,-743711024
Muzeum Wojskowości w Łowiczu,99-400,Łowicz,Polna,4,Bartłomiej Gałaj,private,-161178544
Muzeum Wojskowości w Starej Miłośnie,05-077,Warszawa,Jarzębionowa,12,Wojciech Jarosławski,private,-247018518
Muzeum Wojskowości w Świerklańcu,42-622,Świerklaniec,Tarnogórska,75,Antoni Żurek,private,-527113967
Muzeum Wolnego Czasu,82-120,Krynica Morska,Teleexpresu,3c,Filip Gawliński,private,-864637707
Muzeum Wsi Sudeckiej i Techniki Militarnej,58-340,Łomnica,Sudecka,dz. nr 104,Jerzy Rudnicki,private,-1018413848
Muzeum Wsi w Maruszowie,27-630,Zawichost,Maruszów,16,Edward Ziarko,private,-116784163
Muzeum Współczesnej Broni Palnej w Jeżowie Sudeckim,58-521,Jeżów Sudecki,Zachodnia,2,Wojciech Aleksiewicz,private,-530268478
Muzeum W Starej Papierni w Łapinie,83-050,Łapino,Michała Wołodyjowskiego,18,Paweł Jaworski,private,-306829732
Muzeum Zabawek w Kudowie Zdroju,57-350,Kudowa Zdrój,Zdrojowa,34,Maria Ozierańska,private,-78103558
Muzeum Zabawek w Sporem,78-400,Szczecinek,Spore,41,Andrzej Wilczyński,private,-896945712
Muzeum Zabytków Techniki Wojskowej w Warszawie,30-107,Warszawa,Ciechanowska,3,Stanisław Kęszycki,private,-1015263670
Muzeum Zamkowe Kamieniec,38-420,Korczyna,Podzamcze,b,Andrzej Kołder,private,-749133585
Muzeum Zamkowe w Grodźcu,43- 386,Świętoszówka Grodziec,Dworska,1,Michał Bożek,private,-661869752
Muzeum Ziemi Kaszubskiej i Sprzętów Militarnych,83-311,Goręczyno gm. Samonino,Kasztelańska,26e,Sławomir Kamiński,private,-315653117
Muzeum Ziemi Kozielskiej i Śląska Opolskiego,,Kędzierzyn-Koźle,Wyzwolenia,28,Łukasz Wawrzyńczyk,private,-82768408
Muzeum Ziemi Kwidzyńskiej w Kwidzynie,82-500,Kwidzyn,Bolesława Śmiałego,4,Tomasz Wojciechowski,private,-49337594
Muzeum Ziemi Makowskiej i Garnizonu Różan,06-230,Różan,Szkolna,2,Wiesław Łaskarzewski,private,-543436129
Muzeum Ziemi Polskiej Wolne Miasto w Pruszczu Gdańskim,83-000,Pruszcz Gdański,Nad Radunią,48,Mateusz Rutkowski,private,-48871268
Muzeum Ziemi Przemkowskiej,59-170,Przemków,Akacjowa,5c,Marcin Jednoróg,private,-768986269
Muzeum Ziemi Skórzeckiej,08-114,Skórzec,M. Kameckiego,61,Andrzej Wysocki,private,-676135312
Muzeum Ziemi Włodawskiej,22-244,Stary Brus,Kołacze,115,Paweł Wojtal,private,-11984288
Muzeum Ziemi Wolsztyńskiej,64-200,Wolsztyn,Niałecka,24,Andrzej Toś,private,-20362255
Muzeum Żołnierzy AK z Odelska,04-980,Warszawa,Olecka,12,Konrad Logiński,private,-899023381
Muzeum Życia Codziennego,32-552,Płaza,Jana III Sobieskiego,38,Stanisław Garlicki,private,-137614372
Nadwiślańskie Muzeum Broni Dawnej i Nowej w Piasecznie,05-500,Piaseczno,Młynarska,13,Maciej Szadkowski,private,-349515076
Podlaskie Muzeum Techniki Wojskowej i Użytkowej w Bielanach Wąsach,08-311,Bielany,Bielany Wąsy,14,Mariusz Murawski,private,-741214588
Polskie Muzeum Motoryzacji,81-575,Gdynia,Wschodnia,1A,Adam Stelmach,private,-218042806
Pomorskie Muzeum Bawarskiej Motoryzacji w Gdyni,81-017,Gdynia,Grochowa,4,Damian Michałowski,private,-260923982
Pomorskie Muzeum Motoryzacji,84-208,Kielno,Tuchomska,2,Tomasz Nasiński,private,-708694121
Pomorskie Muzeum Motoryzacji i Techniki w Gdyni,81-383,Gdynia,I Armii Wojska Polskiego,28,Tomasz Karchut,private,-579307859
Pomorskie Okręgowe Muzeum PRL w Sępólnie Krajeńskim,89-400,Sępólno Krajeńskie,Koronowska,20,Marcin Gulka,private,-669362087
Prywatne Multimedialne Muzeum Gry i Zabawy w Warszawie,00-586,Warszawa,Flory,5,Paweł Abramczuk,private,-727980016
Prywatne Muzeum Artylerii i Broni Pancernej 1939-1945 w Warszawie,01-568,Warszawa,Stafana Pogonowskiego,8,Jan Olszański,private,-386066989
Prywatne Muzeum Broni i Militariów w Świdnicy,58-100,Świdnica,Witoszów Dolny,7,Stanisław Gabryś,private,-965749157
Prywatne Muzeum Broni Pancernej i Militariów im. Franciszka Bier w Bielsku-Białej,43-310,Bielsko-Biała,Pasterska,18,Rafał Bier,private,-27426715
Prywatne Muzeum Historii Człowieka - Planeta Terra w Kampinosie,05-085,Kampinos,Kampinos A,23B,Piotr Pałys,private,-241389954
Prywatne Muzeum Historii Garaż PRL-u w Nakle nad Notecią,89-100,Nakło nad Notecią,Młyńska,5,Grzegorz Trudziński,private,-853270092
Prywatne Muzeum Historii Ziem i Walk Nadwiślańskich w Wojszynie,24-123,Janowiec,Wojszyn,29A,"Sebastian Szulowski, Iwona Szulowska",private,-612956413
Prywatne Muzeum Historyczne Gaja w Janowie,05-082,Stare Babice,Studzińskiego,3,Adrian Kłos,private,-793234915
Prywatne Muzeum Historyczno-Przyrodnicze w Łazach,05-552,Łazy,Konwaliowa,6a,Ludwik Tomczyk,private,-746748905
Prywatne Muzeum Kowalstwa w Warszawie,02-749,Warszawa,Przy Grobli,84,Kamil Gałecki,private,-945102138
Prywatne Muzeum Militarne w Woli Małej,37-100,Wola Mała,,8a,Adam Strzępka,private,-850214294
Prywatne Muzeum Motoryzacji i Techniki w Otrębusach,05-805,Otrębusy k/Warszawy,Warszawska,21,Joanna Mikiciuk,private,-603135772
Prywatne Muzeum Motoryzacji i Techniki w Radomiu,26-600,Radom,K. Kurpińskiego,1a,Konrad Figarski,private,-766149385
Prywatne Muzeum Podkarpackich Pól Bitewnych,38-400,Krosno,Czajkowskiego,92,Piotr Kiełtyka,private,-316237407
Prywatne Muzeum Pojazdów Militarnych i Zabytkowych w Rakszawie,37-111,Rakszawa,Rakszawa,118,Bogdan Maczuga,private,-754376567
Prywatne Muzeum Pojazdów i Techniki PRL w Agnieszkowie,62-840,Koźminek,Agnieszków,6,Michał Grabowski,private,-828091534
Prywatne Muzeum Polsko-Amerykańskie Hell’s Angel w Wadowicach,34-100,Wadowice,Konstytucji 3 Maja,23A,Zygmunt Kraus,private,-297517244
Prywatne Muzeum Pożarnicze w Gwieździnie,77-304,Rzeczenica,Gwieździn,35,Konrad Zachajczuk,private,-415136862
Prywatne Muzeum Regionalne w Lidzbarku Warmińskim,11-100,Lidzbark Warmiński,Nad Łyną,39,Rafał Pliszka,private,-1017319812
Prywatne Muzeum Sztuki Ludowej w Otrębusach,05-805,Otrębusy k/ Warszawy,Natalińska,15,Marian Pokropek,private,-1000464163
Prywatne Muzeum Techniki i Militariów w Mietlu,28-130,Stopnica,Mietel,109,Łukasz Linowski,private,-432095992
Prywatne Muzeum Techniki i Militariów w Rzeszowie,36-062,Zaczernie,Zaczernie,375D,Tomasz Bąk,private,-770920458
Prywatne Muzeum Techniki PRL w Sicienku,86-014,Sicienko,Nakielska,5,Marek Erdmann,private,-346129494
Prywatne Muzeum Techniki Wojskowej i Historii Regionalnej w Podlesiu Dużym,26-804,Podlesie Duże,,99 B,Stanisław Kaliciński,private,-452544098
Prywatne Muzeum Tomala w Kadzidle,07-420,Kadzidło,Kompozytorów,9,Antoni Tomala,private,-13028575
Prywatne Muzeum w Petrykozach,96-321,Petrykozy,,,Jadwiga Siemion,private,-1012984297
Prywatne Muzeum w Starych Załubicach,05-255,Stare Załubice,Mazowiecka,26,Dominik Redka,private,-884602794
Prywatne Muzeum w Tuklęczy,28-236,Rytwiany,Tuklęcz,27,Jerzy Krauze,private,-786046388
Regionalne Muzeum Drogownictwa Nurzec Stacja,05-800,Pruszków,Zenona,27,Izabella Kortyka,private,-466832490
Regionalne Muzeum Historii i Militariów w Lubinie,59-300,Lubin,Wołyńska,12,Krzysztof Więckowski,private,-631252488
Regionalne Muzeum Historyczne Nowej Soli,67-100,Nowa Sól,Konstytucji 3 Maja,2C,Waldemar Jasiński,private,-399364496
Śląskie Muzeum Militariów i Techniki Użytkowej w Gorzycach,44-350,Gorzyce,Raciborska,138,Maciej Gruszka,private,-498434989
Świętokrzyskie Muzeum Militariów w Małogoszczu,28-366,Małogoszcz,Konarskiego,47,Paweł Grosicki,private,-585966475
Toruńskie Muzeum Oręża,87-100,Toruń,Grudziądzka,57a,Krzysztof Melerski,private,-767760356
TWIERDZA TORUŃ-Muzeum Historii i Wojskowości w Toruniu,87-100,Toruń,Winna,19,Tomasz Krajewski,private,-589520628
Unisławskie Muzeum Barwy i Broni,86-260,Unisław,Wiślana,3,Tomasz Michałek,private,-1042095836
Warszawskie Muzeum Pojazdów Zabytkowych,05-092,Łomianki,Chopina,49,Maciej Gąsior,private,-824321117
Wawerskie Muzeum Historyczne,04-541,Warszawa,Karpacka,4c,Tomasz Prasał,private,-505028341
Zagłębiowskie Muzeum Militariów Dragon w Sosnowcu,41-215,Sosnowiec,Gen. Waltera Janke,32,Krzysztof Borda,private,-706123173
Żuławskie Muzeum Motoryzacji i Wypoczynku w Rokitnicy,83-021,Rokitnica,Bursztynowa,28,Agnieszka Wieliczko i Dominik Wieliczko,private,-26596347
Dolnośląskie Społeczne Muzeum Kolejnictwa Przy Klubie Sympatyków Kolei we Wrocławiu,50-503,Wrocław,Paczkowska,26,Klub Sympatyków Kolei z siedzibą we Wrocławiu,ngo,-66062086
ARCHE Muzeum Skraj Kultur w Janowie Podlaskim,21-505,Janów Podlaski,Zamkowa,1,Fundacja Leny Grochowskiej z siedzibą w Siedlach,ngo,-877726706
Europejskie Centrum - Muzeum Haftu na Ziemi Garkowskiej,63-430,Odolanów,Garki,16B,Fundacja im. św. Rity na rzecz Europejskiego Muzeum Etnograficznego Ziemi Garkowskiej,ngo,-851372903
Gminne Muzeum Kultury Duchowej i Materialnej Bojków w Myczkowie,38-610,Polańczyk,Wiejska,2,"Gminny Ośrodek Kultury, Sportu i Turystyki w Solinie z/s w Polańczyku",ngo,-891628050
Harcerskie Muzeum Etnograficzne w Katowicach,40-004,Katowice,Wojciecha Korfantego,8,Związek Harcerstwa Polskiego - Chorągie Śląska,ngo,-414985696
"Interaktywne Muzeum Technik Bezpieczeństwa, Transportu, Ochrony i Higieny Pracy w Mikołowie",43-190,Mikołów,Rybnicka,43,PPHU MORITZ Marek Różycki,ngo,-723977755
Karpackie Muzeum Broni i Wyposażenia Wojskowego,38-400,Krosno,Rynek,3,Fundacja STEN,ngo,-596742557
"Kujawskie Muzeum Oręża, Nauki i Techniki",87-880,Brześć Kujawski,Redecz Krukowy,8A,Fundacja im. Janusza Borkowskiego Godne Życie na Kujawach,ngo,-973848768
Małopolskie Muzeum Pożarnictwa im. Z. Gęsikowskiego w Alwerni,32-566,Alwernia,Korycińskiego,10,Ochotnicza Straż Pożarna w Alwerni,ngo,-119328607
Mazurskie Muzeum Militariów,11-400,Kętrzyn,Parcz,7,"Fundacja Edukacji Historycznej ,,Park Militariów",ngo,-815533407
Mobilne Muzeum Lotnictwa i Techniki w Warszawie,02-063,Warszawa,Górnickiego,3,Fundacja Lot Classic J. Makula &Partnerzy,ngo,-875600419
Mobilne Muzeum Militarne we Wrocławiu,51-180,Wrocław,Pełczyńska,33,Fundacja Inicjatyw Społecznych i Kulturalnych JEDYNKA,ngo,-945940939
Muzeum Akademii Sztuk Pięknych w Warszawie,00-068,Warszawa,Krakowskie Przedmieście,5,Akademia Sztuk Pięknych,ngo,-416070379
Muzeum Archeologiczno-Historyczne w Moryniu,70-504,Moryń,Jeziorna,8,Towarzystwo Wszechstronnego Rozwoju COLLEGIUM,ngo,-624609689
Muzeum Architektury I Ikony Karpackiej w Baligrodzie,38-606,Baligród,Bieszczadzka,1,Stowarzyszenie Ratowania Cerkwi w Baligrodzie,ngo,-83502859
Muzeum ARMA BELLUM Moto - Armii Sp. z o.o.,78-600,Wałcz,Kilińszczaków,40B,Moto - Armia Sp. z o.o.,ngo,-758849127
Muzeum Bambrów Poznańskich,60-723,Poznań,Mostowa,7,Towarzystwo Bambrów Poznańskich w Poznaniu,ngo,-443224760
Muzeum Brodnickiej Grupy Eksploracyjno -Poszukiwawczej,87-313,Brzozie,,48,Stowarzyszenie Brodnicka Grupa Eksploracyjno - Poszukiwawcza,ngo,-111080721
Muzeum Broni Dawnej i Nowej Fundacji In Singulis Dextra,75-950,Koszalin,Rynek Staromiejski,5,Fundacja In Singulis Dextra,ngo,-246397636
Muzeum Broni Dawnej i Nowej Towarzystwa Strzeleckiego,75-038,Koszalin,Zwycięstwa,46,Towarzystwo Strzeleckie z siedzibą w Koszalinie,ngo,-459511728
Muzeum Broni i Sprzętu Wojskowego Kwidzyńskiego Stowarzyszenia Sportowo-Kolekcjonerskiego GWARD,82-500,Kwidzyn,Miłosna,18,Kwidzyńskie Stowarzyszenie Sportowo-Kolekcjonerskie GWARD,ngo,-464611580
Muzeum Broni i Sprzętu Wojskowego SIRGUNE,82-440,Dzierzgoń,Odrodzenia,4,SALU Sp. z o.o.,ngo,-1038719402
Muzeum Bursztynu,78-100,Kołobrzeg,Waryńskiego,4,Sunstone sp.z o.o.,ngo,-474458383
Muzeum Chirurgii i Sali Operacyjnej w Ustroniu,43-450,Ustroń,Szpitalna,11,Śląski Szpital Reumatologiczno- Rehabilitacyjny w Ustroniu,ngo,-1072079870
Muzeum Czynu Bojowego Kleeberczyków w Woli Gułowskiej,21-481,Wola Gułowska,,68,"Samorządowa instytucja kultury - Dom Kultury - Pomnik Czynu Bojowego Kleeberczyków w Woli Gułowskiej, dla której organizatorem jest Gmina Adamów",ngo,-698604413
Muzeum Czynu Zbrojnego w Krakowie Nowej Hucie,31-961,Kraków,Górali,23,Małopolska Fundacja Dom Kombatanta RP - Muzeum Czynu Zbrojnego,ngo,-842541267
Muzeum Edukacji Pszczółki w Niezwojowicach,32-109,Pałecznica Niezwojowice,,23,"Fundacja na rzecz Kultury Sztuki i Przyrody ,,Pszczółki",ngo,-28320299
Muzeum Eksploracji Polskiej,80-518,Gdańsk,Gdańska,21,Fundacja Na Rzecz Odzyskania Zaginionych Dzieł Sztuki LATEBRA,ngo,-3735419
Muzeum Fort Wielka Księża Góra,86-302,Grudziądz,Wielkie Lniska,22,Stowarzyszenie Fort Wielka Księża Góra,ngo,-1907792
Muzeum Fortyfikacji Pancernej Twierdzy Toruń,87-100,Toruń,Poznańska,191,Toruńskie Towarzystwo Fortyfikacyjne,ngo,-427954737
Muzeum Fryderyka Chopina w Warszawie,00-368,Warszawa (Zamek Ostrogskich),Okólnik,1,Narodowy Instytut Fryderyka Chopina,ngo,-575901142
Muzeum Gazownictwa w Paczkowie,48-370,Paczków,Pocztowa,6,Górnośląska Spółka Gazownictwa Sp. z o.o.,ngo,-768028169
Muzeum Gazowni Warszawskiej w Warszawie,01-224,Warszawa,Marcina Kasprzaka,25,Fundacja PGNiG S.A. im. Ignacego Łukasiewicza z siedzibą w Warszawie,ngo,-227533700
Muzeum Grodziska Kolej Drezynowa,62-065,Ptaszkowo,,82,Stowarzyszenie Grodziska Kolej Drezynowa,ngo,-68762171
Muzeum Gryfa Pomorskiego,84-251,Lisewo,,28,Militarni Team Sp. z o.o. z siedzibą w Gdyni,ngo,-139600305
Muzeum Harcerstwa w Warszawie,00-491,Warszawa,Konopnickiej,6,Związek Harcerstwa Polskiego,ngo,-546246982
Muzeum Historii i Uzbrojenia w Opolu przy Stowarzyszeniu 10 Sudeckiej Dywizji Zmechanizowanej,45-063,Opole,Kościuszki,45,Stowarzyszenie 10 Sudeckiej Dywizji Zmechanizowanej,ngo,-523904680
Muzeum Historii Kocka,21-150,Kock,Marcina Stępnia,6,Miejsko-Gminna Biblioteka Publiczna z siedzibą w Kocku,ngo,-407474866
Muzeum Historii Medycyny Warszawskiego Uniwersytetu Medycznego,02-091,Warszawa,Żwirki i Wigury,63,Warszawski Uniwersytet Medyczny,ngo,-356559050
Muzeum Historii Obronności i Oręża Polskiego w Drzewcach,86-065,Drzewce,Drzewiecka,15,Stowarzyszenie Kulturalno-Naukowe AWANGARDA w Drzewcach,ngo,-353433434
Muzeum Historii Szczypiorna,62-800,Kalisz,Wrocławska,189,Stowarzyszenie Szczypiorniak z siedzibą w Kaliszu,ngo,-736147190
Muzeum Historii Twierdzy Świnoujście,72-600,Świnoujście,Jachtowa,1,Stowarzyszenie Miłośników Fortów w Świnoujściu Reduta,ngo,-603924557
Muzeum Historyczne im. 7 Pułku Lansjerów Nadwiślańskich,05-074,Halinów,Okuniewska,114,Stowarzyszenie Historyczno – Edukacyjne im. 7 Pułku Lansjerów Nadwiślańskich,ngo,-500643154
Muzeum Historyczne Skarb w Policach,72-010,Police,Spółdzielcza,31,Stowarzyszenie Przyjaciół Ziemi Polickiej Skarb z siedzibą w Policach,ngo,-583881600
Muzeum Historyczne przy PBG Spółka Akcyjna,62-081,Wysogotowo (poczta Przeźmierowo),Skórzewska,35,PBG S. A z siedzibą w Wysogotowie,ngo,-98577203
Muzeum Historyczne w Bytomiu,41-902,Bytom,Prusa,14,Fundacja im. Mieczysława Dumnickiego,ngo,-392543502
Muzeum Hutnictwa Cynku - Walcownia,40-387,Katowice,11 Listopada,50,Fundacja Ochrony Dziedzictwa Przemysłowego Śląska,ngo,-453590525
Muzeum Hutnictwa Doliny Małej Panwi,46-040,Ozimek,Hutnicza,1,Stowarzyszenie Dolina Małej Panwi,ngo,-429527493
Muzeum im. G. i. J. Osiakowskich,62-800,Kalisz,Garbarska,2,"Fundacja ,,Króla Salomona",ngo,-882670015
Muzeum Broni Dawnej i Nowej w Sandomierzu Fundacji im. Żołnierzy Wyklętych,27-600,Sandomierz,Doktora Feliksa Milberta 8,41,Fundacja im. Żołnierzy Wyklętych,ngo,-449153418
Muzeum Instytutu Tarnogórskiego,42-600,Tarnowskie Góry,Ligonia,7,Instytut Tarnogórski i Muzeum,ngo,-594009733
Muzeum Kampanii Wrześniowej i Twierdzy Modlin,05-100,Nowy Dwór Mazowiecki (Twierdza Modlin),Baśki Murmańskiej,164,Stowarzyszenie Przyjaciół Muzeum Kampanii Wrześniowej i Twierdzy Modlin,ngo,-842209616
Muzeum Kaszubskie Kamienie,83-304,Przodkowo,Kawle Dolne,88,Fundacja Kaszubkie Kamienie,ngo,-766172684
Muzeum Katolickiego Uniwersytetu Lubelskiego Jana Pawła II,20-950,Lublin,Racławickie,14,Katolicki Uniwersytet Lubelski Jana Pawła II,ngo,-223233916
Muzeum Kierownictwa Dywersji Armii Krajowej w Stalowej Woli - Rozwadowie,37-464,Stalowa Wola,Stanisława Bełżyńskiego,18,Fundacja KEDYW,ngo,-705818727
Muzeum Klubu Sportowego Widzew Łódź w Łodzi,92-230,Łódź,Marszałka Józefa Piłsudskiego,138,Stowarzyszenie Reaktywacja Tradycji Sportowych Widzew Łódź,ngo,-28820993
Muzeum Komputerów I Konsol w Osielsku,86-031,"Osielsko, Myślęcinek",Bielska,1,Fundacja Dookoła Świata,ngo,-801459980
Muzeum Książąt Lubomirskich,50-139,Wrocław,Szewska,37,Zakład Narodowy im. Ossolińskich,ngo,-377810504
Muzeum Kolejnictwa,00-811,Warszawa,Towarowa,3,Stacja Muzeum,ngo,-741130229
Muzeum Kolejnictwa na Śląsku,58-140,Jaworzyna Śląska,Towarowa,4,Fundacja Ochrony Dziedzictwa Przemysłowego Śląska,ngo,-370059567
Muzeum Kolekcji im. Jana Pawła II Fundacji Carroll-Porczyńskich w Warszawie,00-139,Warszawa,Bankowy,1,Fundacja Arteks i Konferencja Episkopatu Polski,ngo,-642518736
Muzeum Kolekcja Sztuki Współczesnej,26-600,Radom,Kopernika,1,"Samorządowa instytucja kultury - Mazowieckie Centrum Sztuki Współczesnej Elektrownia w Radomiu, dla której organizatorem jest Województwo Mazowieckie",ngo,-511948624
Muzeum Komputerów i Gier w Warszawie,00-609,Warszawa,Niepodległości,208A,Warszawskie Muzeum Komputerów i Gier sp. z o.o.,ngo,-677297113
Muzeum Komunikacji w Warszawie,03-309,Warszawa,Pożarowa,2,Fundacja Heredis,ngo,-967329667
Muzeum Koronki Koniakowskiej w Koniakowie,43-474,Koniaków,Koniaków,704,Fundacja Koronki Koniakowskiej,ngo,-911088483
Muzeum Książki Artystycznej w Łodzi,90-349,Łódź,Tymienieckiego,24,Fundacja Correspondance des Arts,ngo,-149970411
Muzeum Kultury Łemkowskiej w Zyndranowej,38-454,Tylawa,Zyndranowa,1,Towarzystwo na Rzecz Rozwoju Muzeum Kultury Łemkowskiej,ngo,-489588455
Muzeum Lokalne Kolejki Szprotawskiej w Zielonej Górze,65-462,Zielona Góra,Ogrodowa,3c,Polskie Towarzystwo Krajoznawcze,ngo,-972476752
Muzeum Lotnictwa i Techniki Militarnej w Rogowie,72-330,"Rogowo,",Rogowo,376,"Fundacja na rzecz Ochrony Zabytków militarnych i propagowania sportów lotniczych ,,Fort-Rogowo z siedzibą w Rogowie",ngo,-638008675
Muzeum Lotnictwa Ziemi Świdwińskiej,78-300,Świdwin,Niedziałkowskiego,17,Stowarzyszenie Przyjaciół Lotniska Wojskowego Świdwin z siedzibą w Świdwinie,ngo,-199576519
Muzeum Lotnicze w Góraszce,05-462,Góraszka Gm. Wiązowna,Lotnisko Góraszka,,Fundacja Polskie Orły,ngo,-974596984
Muzeum Lwowa i Kresów Południowo-Wschodnich,96-325,Radziejowice,Kuklówka Radziejowicka,23A,Fundacja Lwów i Kresy Południowo-Wschodnie,ngo,-767763205
Muzeum Marcepanów w Piotrkowie Trybunalskim,97-300,Piotrków Trybunalski,Słowackiego,116,Piotrkowskie Bractwo Akademickie im. Zygmunta I Starego,ngo,-198194609
Muzeum Miasta i Rzeki Warty przy Oddziale PTTK im. dr E. Kaleniewicz w Warcie,98-290,Warta,20 stycznia,26,Oddział Polskiego Towarzystwa Turystyczno – Krajoznawczego im. dr Eugenii Kaleniewicz w Warcie,ngo,-830926000
Muzeum Miasta Piastowa w Piastowie,05-820,Piastów,11 Listopada,8,Piastowskie Archiwum Miejskie,ngo,-589837413
Muzeum Miejskie w Górowie Iławeckim,11-220,Górowo Iławeckie,Sikorskiego,19,"Stowarzyszenie Historyczno – Kolekcjonerskie Ziemi Górowskiej ,,DREYSE",ngo,-674569487
Muzeum Militarnych Dziejów Śląska w Pszczynie,43-200,Pszczyna,Katowicka,1,",,PRO MEMORIA Stowarzyszenie Bitwy pod Pszczyną 1939",ngo,-968702574
Muzeum Morskiego Dywizjonu Lotniczego w Pucku,84-100,Puck,10 Lutego,36,Stowarzyszenie Historyczne Morskiego Dywizjonu Lotniczego w Pucku,ngo,-378658181
Muzeum Motoryzacji i techniki w Roczynach,34-120,Andrychów,Sadowa (w miejscowości Roczyny),21,STALVEN Spółka z ograniczoną odpowiedzialnością,ngo,-167431355
Muzeum Motoryzacji w Lublinie,20-704,Lublin,Skromna,5,Fundacja Niepodległości,ngo,-555843354
Muzeum Nauk Rolniczych im. Książąt Czartoryskich w Puławach,24-100,Puławy,Czartoryskich,8,Instytut Uprawy Nawożenia i Gleboznawstwa – Państwowy Instytut Badawczy w Puławach,ngo,-615332354
Muzeum Nalewki Łódzkiej,,Łódź,Nowomiejska,14,MRT Philosophy sp. z o.o.,ngo,-484498616
Muzeum Obrony Wybrzeża,84-150,Hel,Helska,16,"Stowarzyszenie ,,Przyjaciele Helu, Sekcja Zabytków Militarnych",ngo,-519247590
Muzeum Oręża i Techniki Użytkowej,05-230,Kobyłka,Leszka,23,Fundacja EKSPONAT,ngo,-792250803
Muzeum Oręża Polskiego im. 1. Brygady Pancernej im. Bohaterów Westerplatte,26-903,Głowaczów,Studzianki Pancerne,14,"Fundacja Obrońców Ojczyzny ,,Pancerze i Skrzydła",ngo,-1067235870
Muzeum Otwarta Twierdza-Otwarte Rozproszone Ekomuzeum Cywilizacji i Wojny XIX i XX wieku,31-153,Kraków,Szlak,26,"Fundacja Aktywnej Ochrony Zabytków, Techniki i Dziedzictwa Kulturowego Janus",ngo,-258912560
Muzeum Pałac Sulisław,49-200,Sulisław,Sulisław,24,BJ Sp. zo.o.,ngo,-680135915
Muzeum Pamiątek Turystycznych PTTK w Radomiu,26-610,Radom,Traugutta,46,Zarząd Oddziału Miejskiego PTTK w Radomiu,ngo,-72510212
Muzeum Pamięci Narodowej Kobiet Polskich w Szczecinie,71-612,Szczecin,Malczewskiego,35,Fundacja Oleander,ngo,-402051550
Muzeum Pamięci Powstania Warszawskiego,00-084,Warszawa,Daniłowiczowska,18b,Stowarzyszenie Grupa Historyczna Zgrupowanie Radosław,ngo,-537491266
Muzeum Papiernictwa w Dawnej Królewskiej Fabryce Papieru w Konstancinie-Jeziornie,05-520,Konstancin -Jeziorna,Mirkowska,45,Konstans Sp. z o.o.,ngo,-186630560
Muzeum Parowozownia Jarocin w Jarocinie,63-200,Jarocin,Parowozownia,1,Towarzystwo Kolei Wielkopolskiej z siedzibą w Jarocinie,ngo,-115758039
Muzeum Pod Kuźniczym Młotem,34-500,Zakopane,Niepodległości,6,Zakopiańska Fundacja Narodowa Skansen,ngo,-969952431
Muzeum Polskich Sił Zbrojnych w Lublinie,20-704,Lublin,Skromna,5,Fundacja Niepodległości,ngo,-999088824
Muzeum Polskiego Czynu Zbrojnego w Armiach Sprzymierzonych,83-330,Borkowo,Kartuska,65,"Fundacja Muzeum Polskiego Czynu Zbrojnego Armii Sprzymierzonych ,,ALLIANT",ngo,-944052642
Muzeum Pomorskich Kolei Wąskotorowych,75-108,Koszalin (Centrum Pielgrzymkowo - Turystyczne przy Domu Zakonnym - Góra Chełmska),ul. Kolejowa,4,Towarzystwo Koszalińskiej Kolei Wąskotorowej,ngo,-844896858
Muzeum Poszukiwaczy Śladów Historii DENAR,62-811,Kościelna Wieś,Łęgowa,1g,Kaliskie Stowarzyszenie Poszukiwaczy Śladów Historii DENAR,ngo,-408439202
Muzeum Powozów Galowice,55-020,"Żórawina, Galowice",Leśna,5,"Fundacja ,,Gallen",ngo,-673773492
Muzeum Pożarnictwa w Przodkowie,83-304,Przodkowo,Kartuska,23,Stowarzyszenie Ochotnicza Straż Pożarna w Przodkowie,ngo,-233747106
Muzeum PRL-u i Historii Miasta Nowy Dwór Mazowiecki,05-100,Nowy Dwór Mazowiecki,Nowołęczna,2,Fundacja dla Muzeum PRL-u i Historii Miasta Nowy Dwór Mazowiecki,ngo,-125815409
Muzeum PRL-u w Rudzie Śląskiej,41-711,Ruda Śląska,Zajęcza,42,Fundacja Minionej Epoki,ngo,-474633690
Muzeum Przemysłu i Techniki w Wałbrzychu,58-304,Wałbrzych,Piotra Wysockiego,29,"Samorządowa instytucja kultury pn. Park Wielokulturowy – Stara Kopalnia w Wałbrzychu, dla której organizatorem jest Gmina Wałbrzych",ngo,-169935004
Muzeum Przemysłu Skórzanego w Wielopolu Skrzyńskim,39-110,Wielopole Skrzyńskie,Wielopole Skrzyńskie,642,Zakład Produkcji Obuwia ASKO Spółka z ograniczoną odpowiedzialnością,ngo,-205258001
Muzeum Przemysłu Zapałczanego w Częstochowie,42-200,Częstochowa,Ogrodowa,68,Spółka Akcyjna Częstochowskie Zakłady Przemysłu Zapałczanego,ngo,-789651892
Muzeum Ratownictwa w Krakowie,30-363,Kraków,Rzemieślnicza,10,"Stowarzyszenie Ochotnicza Straż Pożarna ,,Muzeum Ratownictwa w Krakowie",ngo,-9761774
Muzeum Regionalne im. Seweryna Udzieli w Starym Sączu,33-340,Stary Sącz,Rynek,6,Towarzystwo Miłośników Starego Sącza,ngo,-676349882
Muzeum Regionalne PTTK im. Antoniego Minkiewicza w Olkuszu,32-300,Olkusz,Rynek,20,Polskie Towarzystwo Turystyczno-Krajoznawcze im. Aleksandra Janowskiego Oddział w Olkuszu,ngo,-800683511
Muzeum Regionalne PTTK im. Ignacego Łukasiewicza w Gorlicach,38-300,Gorlice,,,Gorlicki Oddział Polskiego Towarzystwa Turystyczno-Krajoznawczego,ngo,-598932669
Muzeum Regionalne PTTK im. Władysława Kowalskiego w Dobczycach,32-410,Dobczyce,Podgórska,1,Oddział Polskiego Towarzystwa Turystyczno – Krajoznawczego w Dobczycach,ngo,-948829133
Muzeum Regionalne PTTK w Końskich,26-200,Końskie,Partyzantów,1,Zarząd Oddziału Polskiego Towarzystwa Turystyczno - Krajoznawczego w Końskich,ngo,-121372743
Muzeum Regionalne w Brzesku,32-800,Brzesko,Kościuszki,2,wewnętrzna jednostka organizacyjna Miejskiego Ośrodka Kultury w Brzesku,ngo,-1072259194
Muzeum Regionalne w Dobrodzieniu,46-380,Dobrodzień,Wolności,24,"wewnętrzna jednostka organizacyjna Dobrodzieńskiego Ośrodka Kultury i Sportu z siedzibą w Dobrodzieniu, dla którego Organizatorem jest Gmina Dobrodzień",ngo,-682388287
Muzeum Regionalne w Goczałkowicach-Zdroju,43-230,Goczałkowice-Zdrój,Główna,46A,Stowarzyszenie Przyjaciół Goczałkowic-Zdroju,ngo,-58098879
Muzeum Regionalne w Handzlówce,37-123,Handzlówka,Handzlówka,107,Stowarzyszenie Promocji i Rozwoju Wsi Handzlówka,ngo,-901229178
Muzeum Regionalne w Krokowej,84-100,Krokowa,Zamkowa,1,Fundacja Europejskie Spotkania Kaszubskie Centrum Kultury Krokowa,ngo,-1035586324
Muzeum Regionalne w Pilźnie,39-220,Pilzno,Petrycego,8,Dom Kultury w Pilźnie,ngo,-683356363
Muzeum Regionalne w Suszu,14-240,Susz,M. Kopernika,15,Stowarzyszenie Historyczno-Badawcze Galea,ngo,-336609168
Muzeum Rodziny Dohnów w Gładyszach,00-895,Warszawa,Biała,4,Fundacja Odbudowy Zabytków Warmii,ngo,-965570756
Muzeum Romanowscy z siedzibą w Poznaniu,61-407,Poznań,Franciszka Witaszka,4,Fundacja Romanowscy,ngo,-1032993183
Muzeum Sali BHP Stoczni Gdańskiej,80-864,Gdańsk,Ks. Jerzego Popiełuszki,6,Fundacja Promocji Solidarności z siedzibą w Gdańsku,ngo,-396225184
Muzeum Spraw Wojskowych w Krakowie,30-698,Kraków,Sawiczewskich,46,"Fundacja ,,Gloria Fortibus",ngo,-1021218859
Muzeum Sprzętu Militarnego w Strzegomiu,58-150,Strzegom,Tadeusza Kościuszki,2,Grupa Rekonstrukcji Historycznej Muzeum Sprzętu Militarnego Strzegom,ngo,-21819960
Muzeum Sue Ryder,00-588,Warszawa (Rogatka Mokotowska),Uni Lubelskiej,3,Fundacja Sue Ryder,ngo,-185913028
Muzeum Sztuki Drukarskiej i Papiernictwa im. Fiola i Fiodorowa w Supraślu,16-030,Supraśl,Klasztorna,1,Muzeum Sztuki Drukarskiej i Papiernictwa im. Fiola i Fiodorowa sp. z o.o.,ngo,-547781436
Muzeum Sztuki Jana Wałacha,43-470,Istebna,,,Muzeum i Stowarzyszenie im. Artysty Jana Wałacha w Istebnej,ngo,-83030119
Muzeum Sztuki Książki,75-120,Koszalin,Szczecińska,1,wewnętrzna jednostka organizacyjna Wydawnictwa Artystycznego Kurtiak i Ley,ngo,-23262577
Muzeum Sztuki Reduktywnej,59-850,Świeradów Zdrój,Piłsudskiego,29,Fundacja Gerarda na Rzecz Sztuki Współczesnej,ngo,-752607838
Muzeum Śląskiej Bitwy o Paliwo Blechhammer 1944 w Kędzierzynie-Koźlu,47-225,Kędzierzyn-Koźle,Wyzwolenia,7,Stowarzyszenie Blechhammer-1944,ngo,-958873943
Muzeum Tadeusza Kantora w Krakowie,30-527,Kraków,Nadwiślańska,44231,Ośrodek Dokumnetacji Sztuki Tadeusza Kantora CRICOTEKA,ngo,-89382267
Muzeum Techniki i Sztuki Wojennej,87-400,Golub-Dobrzyń Ostrowite,,,Stowarzyszenie na Rzecz Rekonstrukcji Chorągwi Kujawskiej,ngo,-807262162
Muzeum Techniki i Uzbrojenia Stowarzyszenia Strzelecko Kolekcjonerskiego Olimp w Olimpinie,86-061,Olimpin,Łąkowa,11,Stowarzyszenie Strzelecko - Kolekcjonerskie Olimp,ngo,-68226282
Muzeum Techniki i Uzbrojenia Wojskowego w Kaliszu przy Stowarzyszeniu Strzeleckim Bellona,62-800,Kalisz,Konopnickiej,2-,"Stowarzyszenie Strzeleckie ,,Bellona",ngo,-670358441
Muzeum Techniki Militarnej i Historii Pomorza w Kłaninie,84-107,Kłanino,Kłanino,2,Fundacja EXERCITUS,ngo,-392766293
Muzeum Techniki Militarnej Riese,57-450,Ludwikowice,Fabryczna,37d,Stowarzyszenie Riese,ngo,-179028654
Muzeum Techniki Militarnej w Warszawie,02-484,Warszawa,Na Krańcu,107,Fundacja Ochrony Zabytków Techniki Wojskowej,ngo,-31757233
Muzeum Techniki Rolniczej w Bierkowie,76-206,Bierkowo,Grodzka,168,Fundacja Techniki Rolniczej,ngo,-602630141
Muzeum Techniki Wojskowej w Szczecinie,71-806,Szczecin,Strzelców Karpackich,15,Fundacja Edukacji Strzeleckiej i Historycznej Semper Parati,ngo,-1037450601
Muzeum Techniki Wojskowej GRYF,84-242,Dąbrówka,ppłk. Ryszarda Lubowiedzkiego,2,"Fundacja Historyczna ,,Gryf",ngo,-665725443
Muzeum Techniki Wojskowej i Tradycji Jednostki Strzeleckiej 4008 Łódź,91-735,Łódź,Źródłowa,52,Stowarzyszenie Jednostka Strzelecka 4008 Łódź,ngo,-542202339
Muzeum Techniki Wojskowej przy Stowarzyszeniu Miłośników Sprzętu Pancernego SKOT w Środzie Wielkopolskiej,63-000,Środa Wielkopolska,Marcinkowskiego,17,Stowarzyszenie Miłośników Sprzętu Pancernego SKOT w Środzie Wielkopolskiej,ngo,-671870579
Muzeum Tercetu Egzotycznego w Lubiniu,64-010,Krzywiń,Mickiewicza,3,Stowarzyszenie Oliwskie Słoneczko z siedzibą w Lubiniu,ngo,-330747737
Muzeum Tradycji i Techniki,86-260,Unisław,Ogrodowa,6,"Stowarzyszenie ,,Towarzystwo Sportowo- Kolekcjonerskie z siedzibą w miejscowości Unisław",ngo,-627905194
Muzeum Tradycji Kolejowej w Węgorzewie,11-600,Węgorzewo,Jaracza,4,"Fundacja ,,Dziedzictwo Nasze",ngo,-202179312
Muzeum Tradycji Rybactwa Stawów Milickich i Doliny Baryczy,56-300,Milicz,Ruda Sułowska,20,Spółka Akcyjna Stawy Milickie z siedzibą w Rudzie Sułowskiej,ngo,-277870175
Muzeum Transportu Kolejowego Bocznicy Pastuchów,58-140,Jaworzyna Śląska,Kościelna,4,Stowarzyszenie Miłośników Kolei w Jaworzynie Śląskiej,ngo,-492098321
Muzeum Twierdzy Modlin w Nowym Dworze Mazowieckim,05-160,Nowy Dwór Mazowiecki,Bema,200C,Fundacja Nasza Historia,ngo,-44768780
Muzeum Twierdzy Przemyśl,37-700,Przemyśl,Katedralna,6,Stowarzyszenie 3 Historycznego Galicyjskiego Pułku Artylerii Fortecznej im. Księcia Kinsky’ego z siedzibą w Przemyślu,ngo,-23178947
Muzeum Uniwersytetu Jagiellońskiego,31-010,Kraków,Jagiellońska,15,Uniwersytet Jagielloński,ngo,-492335441
Muzeum Uzbrojenia w Stanisławowie,59-424,Stanisławów nr 41,"Baza Lotnicza ,,Baryt",,Jednostka Poszukiwawczo-Ratownicza w Złotoryi,ngo,-109070435
Muzeum Wału Pomorskiego i Militarnej Historii Pomorza w Szczecinku,78-400,Szczecinek,Kościuszki,93,Ogólnopolskie Stowarzyszenie Turystyczno Historyczne Jazda 4x4,ngo,-31475092
Muzeum Wału Pomorskiego w Wałczu,78-600,Wałcz,Wojska Polskiego,99,Stowarzyszenie Grup Warownych Pojezierza Wałeckiego,ngo,-861622576
Muzeum Witrażu,31-111,Kraków,Krasińskiego,23,Krakowski zakład Witrażów S.G. Żeleński Sp. z o.o.,ngo,-1028476536
Muzeum Wydziału Nauk o Ziemi Uniwersytetu Śląskiego w Katowicach,41-200,Sosnowiec,Będzińska,60,Uniwersytet Śląski w Katowicach,ngo,-101385436
Muzeum Zamek Roztoka w Roztoce,58-173,Roztoka,Zamkowa,3,Fundacja Zamek Roztoka-Ocalic od Zapomnienia,ngo,-813865075
Muzeum Zamek w Rydzynie,64-130,Rydzyna,Zamkowy,1,Stowarzyszenie Inżynierów i Techników Mechaników Polskich z siedzibą w Warszawie,ngo,-295308519
Muzeum-Zamek w Baranowie Sandomierskim,39-450,Baranów Sandomierski,Zamkowa,20,Agencja Rozwoju Przemysłu S.A. w Warszawie,ngo,-583137069
Muzeum Zamku w Chudowie,44-177,Paniówki,Podzamcze,6 (Chudów),"Fundacja ,,Zamek Chudów",ngo,-459470547
Muzeum Zespołu Budownictwa Drewnianego im. Józefa Żaka w Zawoi - Markowe Rówienki,34-222,Markowe Rówienki,Zawoja,76,Oddział Polskiego Towarzystawa Turystyczno-Krajoznawczego Ziemia Babiogórska im. Prof.. Dr. Walerego Goetla w Suchej Beskidzkiej,ngo,-1019362035
Muzeum-Zespół Zamkowy w Niedzicy,34-441,Niedzica,Niedzica-Zamek,1,Stowarzyszenie Historyków Sztuki,ngo,-61145851
Muzeum Ziemi Braniewskiej,15-500,Braniewo,Gdańska,19,Towarzysto Miłośników Braniewa,ngo,-506029540
Muzeum Ziemi Pomorskiej w Siemczynie,78-551,Siemczyno,Siemczyno,82,Henrykowskie Stowarzyszenie w Siemczynie,ngo,-288466810
Muzeum Ziemi Reskiej w Resku,72-315,Resko,Wojska Polskiego,16,Centrum Kultury w Resku,ngo,-237868340
Muzeum Ziem Nadbużańskich – Zespół Pałacowy Ossolińskich Sterdyń,08-320,Sterdyń,Kościelna,43,Fundacja Patriotyzm i Niepodległość Naszych Ziem,ngo,-516408286
Muzeum Żołnierzy Wyklętych i Więźniów Politycznych PRL,02-521,Warszawa,Rakowiecka,37a,Muzeum działa w strukturze organizacyjnej Centralnego Zarządu Służby Więziennej,ngo,-1051362404
Muzeum Żywej Historii,72-010,Police,Usługowa,1a,Stowarzyszenie Historyczne 549,ngo,-1072170274
Ośrodek Dokumentacji i Historii Ziemi Żmigrodzkiej - Muzeum im. Leona Karcińskiego w Nowym Żmigrodzie,38-230,Nowy Żmigród,Dukielska,1,Towarzystwo Miłośników Nowego Żmigrodu,ngo,-42728844
Pałuckie Muzeum Techniki Wojskowej i Uzbrojenia w Kowalewku,89-240,Kcynia Kowalewko,,28,Jednostka Ratownictwa Medycznego w Kowalewku,ngo,-984551001
Pilskie Muzeum Wojskowe,64-920,Piła,Chojnicka,1,Pilskie Stowarzyszenie Historyczno-Militarne,ngo,-770235221
Podkarpackie Muzeum Konia imieniem BASK,37-122,Albigowa,,300,Fundacja BASK,ngo,-786617594
Podlaskie Muzeum Militariów w Białymstoku,15-740,Białystok,Antoniukowska,11,Stowarzyszenie Pasjonatów Historii Ziemi Podlaskiej oraz Kolekcjonerów Militariów Grupa Wschód,ngo,-1055706655
Żywe Muzeum Piernika,87-100,Toruń,Rabiańska,9,TO-TUR Toruńska Turystyka Elżbieta Olszewska; DOM LEGEND,ngo,-555130874
Muzeum Obywatela XX wieku w Elblągu,82-300,Elbląg,Giermków,28,Piotr Kukliński,private,-172388056
Muzeum Motoryzacji PRL w Łomnicy,58-340,Łomnica,Sudecka,9,Łukasz Pawlik,private,-398984456
Muzeum Motoryzacji I Techniki w Krakowie,31-271,Kraków,Krowoderskich Zuchów,26,Olgierd Ziębliński,private,-853023380
Muzeum Politechniki Łódzkiej w Łodzi,90-924,Łódź,Żeromskiego,116,Politechnika Łódzka,ngo,-423199645
Muzeum Motoryzacji i Techniki Rolniczej w Pruszkowie,05-800,Pruszków,Duchnicka,14,Piotr Prędkiewicz,private,-758233348
Muzeum Motoryzacji i Techniki Militarnej w Katowicach,41-500,Chorzów,Dąbrowskiego,60,Grzegorz Murak,private,-40029736
Muzeum Stalowa Historia w Rzeszowie,35-083,Rzeszów,Kresowa,31D,Fundacja Stalowa Historia,ngo,-531111367
Muzeum Techniki Militarnej w Tarnowskich Górach,42-603,Tarnowskie Góry,Jaworowa,58,Marek Pilarek,private,-538515107
Muzeum Fabryki Norblina w Warszawie,00-841,Warszawa,Żelazna,51,ARTN Spółka sp. z o.o.z siedzibą w Warszawie,ngo,-445740397
Muzeum – Miejsce Pamięci KL Plaszow w Krakowie. Niemiecki nazistowski obóz pracy i obóz koncentracyjny (1942 - 1945),31-011,Kraków,Rynek Główny,35,Minister Kultury i Dziedzictwa Narodowego,government,-349105907
Muzeum Tradycji i Oręża Jednostki Strzeleckiej w Bełchatowie,97-400,Bełchatów,dr. Włodzimierza Rodziewicza,10,Związek Strzelecki Strzelec Józefa Piłsudskiego Jednostka Strzelecka 1001 w Bełchatowie im. gen. dyw. Janusza Głuchowskiego,ngo,-68821000
Muzeum Motoryzacji i Elektroniki w Pruszkowie,05-800,Pruszków,Inżynierska,27,Marek Gawryszewski,private,-1068216173
Muzeum Samochodów Sportowych w Warszawie,02-820,Warszawa,Gawota,13A,Rafał Winiarski,private,-514101579
Muzeum Fort Prusy w Nysie,48-300,Nysa,Obrońców Tobruku,1,Stowarzyszenie Przyjaciół Młodzieży Harmonia w Chaosie,ngo,-23750114
Muzeum Pojazdów i Przedmiotów Zabytkowych w Zabrzu,41-803,Zabrze,B. Głowackiego,5,Krzysztof Jentrzczok,private,-82747084
Muzeum Wojska w Białymstoku,15-089,Białystok,Jana Kilińskiego,7,Miasto Białystok,government,-874241378
Muzeum Skansenowskie Gottwaldówka w Kątach Bystrzyckich,57-540,Lądek Zdrój,Kąty Bystrzyckie,23,Renata Czaplińska,private,-929536169
Muzeum Ołowianych Żolnierzyków w Żerkowicach,59-600,Lwówek Śląski,Żerkowice,30D,Bogdan Rudawski,private,-56309495
Muzeum Regionalne w Wolsztynie,64-200,Wolsztyn,5 stycznia,34,Gmina Wolsztyn,government,-267914839
Muzeum Chata Kawuloka w Istebnej,43-470,Istebna,Istebna,163,Janusz Macoszek,private,-955663591
Muzeum Motoryzacji i Techniki Kiedyś to było w Solcu,05-532,Baniocha,Solec,127E,Kamil Wilk,private,-866482443
Muzeum Księdza Jerzego Popiełuszki w Warszawie,01-565,Warszawa,Hozjusza,2,Parafia Rzymskokatolicka Świętego Stanisława Kostki w Warszawie,ngo,-926792060
Muzeum Pól Bitewnych Przyczółek Serocki w Zalesiu Borowym,05-140,Serock,Zalesie Borowe,11a,Sebastian Stępkowski,private,-516424553
Muzeum Starożytnego Hutnictwa Świętokrzyskiego im. Mieczysława Radwana w Nowej Słupi,26-006,Nowa Słupia,Świętokrzyska,59,Miasto i Gmina Nowa Słupia,government,-75911801
Muzeum Techniki Wojskowej w Borkowie,05-192,Cieksyn,Rzeczna,36,Krzysztof Gawęda,private,-518614587
Muzeum Historii Najnowszej Radomia w Radomiu,26-600,Radom,Rwańska 2/ Rynek 15 oraz Rwańska 4/ Rynek 14/Grodzka 1,,Ośrodek Kultury i Sztuki Resursa Obywatelska,ngo,-303897016
Roztoczańskie Muzeum PRL w Zamościu,22-400,Zamość,Weteranów,6,Tomasz Pakuła,private,-321265449
Muzeum WYSPA KLASYKÓW w Świnoujściu,72-600,Świnoujście,Krzywa,7a,Jacek Kimel,private,-431771081
Wilekopolskie Muzeum Motoryzacji i Dawnej Techniki w Nowej Wsi Królewskiej,62-204,Września,Nowa Wieś Królewska,24,Sławomir Kośmicki,private,-1009185983
Muzeum Iluzji w Warszawie,03-736,Warszawa,Plac Konesera,1,Museum of Illusion sp. z o.o.,ngo,-573848714
Muzeum Motoryzacji Titek w Tarnowskich Górach,42-600,Tarnowskie Góry,Świdra,12,Tomasz Wilczek,private,-76541622
Muzeum Uniwersytetu Wrocławskiego we Wrocławiu,50-137,Wrocław,Plac Uniwersytecki,1,Uniwersytet Wrocławski,ngo,-488431443
Muzeum Dzieci Polskich - ofiar totalitaryzmu. Niemiecki nazistowski obóz dla polskich dzieci w Łodzi (1942-1945),90-103,Łodź,Piotrkowska,90,Minister Kultury i Dziedzictwa Narodowego,government,-52780037
Muzeum Militarne Pogranicze w Szczytnej,57-330,Szczytna,Zamkowa,12,Andrzej Wasielewski,private,-24501139
Muzeum Historyczno-Regionalne im. Biskupa Hugona Kołłątaja w Grzymałkowie,26-080,Grzymałków,Kościelna,6,Fundacja im. Stefana Żerowskiego,ngo,-557416830
Muzeum w Zagrodzie Młyńskiej Ptaki,05-332,Siennica,Ptaki,11,Zbigniew Nowosielski,private,-684974914
Gminne Muzeum Ziemi Trzebnickiej w Trzebnicy,55-100,Trzebnica,Rynek,25,Gmina Trzebnica,government,-219436444
Muzeum Wyposażenia Wojskowego 1939-1945/ Military Equipment Muzeum 1939-1945 w Kielcach,25-430,Kielce,Jana Nowaka Jeziorańskiego,89,Mateusz Kwiatek,private,-291131486
Muzeum Motoryzacji i Techniki Automania w Izabelinie,05-080,Izabelin,Sienkiewicza,53,Łukasz Wasilczuk,private,-401840817
Muzeum Cypriana Norwida w Dębinkach,07-230,Dębinki,Pałacowa,7,"Powiat Wyszkowski, Gminba Zabrodzie, Fundacja Museion Norwid, Ministerstwo Kultury i Dziedzictwa Narodowego",government,-170649339
Kaszubskie Muzeum Motoryzacji i Techniki w Chmielnie,83-333,Chmielno,Raduńska,32B,Włodzimierz Jank,private,-380051522
Muzeum Ziemi Chełmińskiej w Chełmnie,86-200,Chełmno,Rynek-Ratusz,28,Gmina Miasto Chełmno,government,-612395483
Legionowskie Muzeum Wojskowe,05-120,Legionowo,Topolowa,26c,Łukasz Suska,private,-590620337
Muzeum Ziemi Zakrzowieckiej w Bystrzycy,23-213,Zakrzówek,Bystrzyca,152,Fundacja Semper Adiuvent,ngo,-639013247
Muzeum Motoryzacji i Techniki w Mszanie,44-325,Mszana,Ładna,2,Jarosław Konieczny,private,-74056202
Muzeum Japońskiej Motoryzacji SAKURA w Ksawerowie,95-054,Ksawerów,Pomorska,33,Damian Żaczek prowadzący działalność gospodarczą pod firmą SAKURA CARS DAMIAN ŻACZEK,private,-385068528
Muzeum Regionalne w Jarocinie,63-200,Jarocin,Rynek-Ratusz,,Gmina Jarocin,government,-927589196
Muzeum Motoryzacji i Techniki LANDKLASYK w Nowym Polichnie,66-431,Sanok,Nowe Polichno,15A,Karol Dzwonkowski,private,-736168404
Muzeum Pamiątek z Okresu PRL w Turzych Rogach,21-400,Łuków/ Turze Rogi,Nowa Droga,55,Łukasz Celiński,private,-652093473
Pomorskie Muzeum Motoryzacji MOTOLANDIA w Otominie,80-174,Otomin,Słoneczna,22,Piotr Kozłowski,private,-1039676386
Muzeum Kultury Wojennej i Technologii Uzbrojenia w Lipce,77-320,Lipka,Osiedle Rajdowe,5,Józef Cieszkowski,private,-363688811
Muzeum Motoryzacji Klasycznej w Woli Zgłobieńskiej,36-046,Zgłobień,Wola Zgłobieńska,259,Michał Witalec,private,-92669620
Muzeum Zakladów Zbożowych w Kozłowie,32-241,Kozłów,Kozłów,19,Stowarzyszenie- Muzeum Przedsiębiorstwo Zbożowo Młynarskie Polskie Zakłady Zbożowe PZM-PZZ Kozłów,ngo,-874442567
Muzeum Motoryzacji Amerykańskiej w Turku,62-700,Turek,Milewskiego,21,Kamil Farbicki,private,-221896752
Muzeum Historyczne w Grajewie (Grajewska Izba Historyczna),19-200,Grajewo,Legionistów,9,Grajewskie Centrum Kultury,ngo,-177970277
Prywatne Muzeum Motoryzacji Współczesnej w Stargardzie,73-110,Stargard,Piłsudskiego,28,Piotr Bartosiak,private,-96169329
Muzeum Motoryzacji Wena w Oławie,55-200,Oława,Zielna,1,Tomasz Jurczak,private,-10851080
Muzeum Ziemi Koźmińskiej w Koźminie Wielkopolskim,63-720,Koźmin Wielkopolski,Zamkowa,1,Gminny Zespół Instytucji Kultury w Koźminie Wielkopolskim,ngo,-674472557
Muzeum Militarne w Baruchowie,87-821,Baruchowo,Baruchowo,8a,Jacek Jabłoński,private,-314515964
Muzeum Motoryzacji i Techniki w Bodzanowie,09-470,Bodzanów,Ks. J. Poniatowskiego,7,Maciej Szelągowski,private,-98133885
Muzeum Motoryzacji i Techniki w Warszawie,04-849,Warszawa,Żwanowiecka,26,Jacek Budkowski,private,-431964636
Muzeum Motoryzacji i Sprzętu Przeciwpożarowego w Gryficach,72-300,Gryfice,Szmaragdowa,19,Krzysztof Wrzesiński,private,-252706069
Muzeum - Skansen Kurpiowski im. Adama Chętnika w Nowogrodzie,18-414,Nowogród,Zamkowa,25,Samorząd Województwa Podlaskiego,government,-243118069
Muzeum Oręża i Techniki Wojskowej- SJS2019 w Tomaszowie Lubelskim,22-600,Tomaszów Lubelski,Lwowska,63,Stowarzyszenie Jednostka Strzelecka 2019,ngo,-491745877
Muzeum Korba w Dargobądzu,72-510,Wolin,Dargobądz,25,Andrzej Andrzejewski,private,-905462452
Pomorskie Muzeum Motoryzacji i Techniki w Rakowcu,82-500,Rakowiec,Piękna,11,Agnieszka Wiercińska i Marek Wierciński,private,-603552127
Muzeum Pojazdów Specjalistycznych w Nowym Stawie,82-230,Nowy Staw,Chlebówka,20,Anna Szafran,private,-1018631388
Śląskie Muzeum Motoryzacji w Szałszy,42-677,Szałsza,Cisowa,12a,Szymon Andrzej Pudlik,private,-173702987
Muzeum Motoryzacji Użytkowej i Techniki Specjalnej w Luboniu,62-030,Luboń,Łąkowa,9,Joanna Goraj-Chytry,private,-459270650
Muzeum Historyczno- Kulturalne w Pyrzycach,74-200,Pyrzyce,Lipiańska,2,Stowarzyszenie Inicjatywa Ziemia Pyrzycka,ngo,-562687678
Muzeum Zabytków Ziemi Śląskiej w Knurowie,44-196,Knurów,26 Stycznia,40,Arkadiusz Szołtysek,private,-45758279
Muzeum Szlachty Łęczyckiej w Kozankach Podleśnych,99-140,Świnice Warckie,Kozanki Podleśne,22,Andrzej Więckowski,private,-945007208
Muzeum Pojazdów i Pamiątek Motoryzacyjnych w Nadarzynie,05-830,Nadarzyn,Pogodna,2,Paweł Nowak,private,-962823864
Muzeum Historii i Techniki Baza Maszynowa w Kuszynie,86-014,Kruszyn,Bydgoska,12,Mateusz Niedzwiecki,private,-1028275404
Muzeum Sztuki Zagrabionej w Sulisławicach,57-212,Ząbkowice Śląskie,Sulisławice,6,Polish Lost Art Foundation,ngo,-31086508
Muzeum Techniki i Motoryzacji Motoweteran w Dąbrowie Chotomowskiej,05-123,Dąbrowa Chotomowska,Lipowa,45,Jan Bogacki,private,-103008975
Muzeum Elementarza im. prof. Mariana Falskiego w Kuźnicy Grabowskiej,63-522,Kuźnica Grabowska,Kuźnica Grabowska,105,Gmina Kraszewice,government,-564200024
Muzeum Motoryzacji Caffe Garage w Poznaniu,60-012,Poznań,Ustronna,27,Mateusz Mazur,private,-506155736
Muzeum Motoryzacji w Pomiechowie,05-180,Pomiechowo,Kościelna,22C,Dariusz Bielecki,private,-135860481
Muzeum Techniki Motoryzacyjnej i pojazdów Specjalistycznych w Ossówce,21-542,Leśna Podlaska,Ossówka,25c,Radosław Tur,private,-490204108
Muzeum Polskie Drogi w Modliszewicach,26-200,Modliszewice,Zielona,42,Piomar Końskie sp. z o.o.,ngo,-1018148063
Muzeum Leśnictwa i Gospodarstwa Domowego DRZEWIEJ BYWAŁO w Santoku,66-431,Santok,Gorzowska,67,Roch Kaczorowski,private,-816501827
Muzeum Szybownictwa Polskiego we Wrocławiu,54-054,Wrocław,Oliwkowa,11,Bartłomiej Kot,private,-690816413
Muzeum Samochodów Historycznych Nostalgia w Mrągowie,11-700,Mrągowo,Młodkowskiego,40,Business Investment & Counseling Sp. z o.o.,ngo,-249412865
Muzeum Kina Amatorskiego w Poznaniu ( W organizacji),61-702,Poznań,Gwarna,9,Fundacja Obywatelska Czas Jaszczurów,ngo,-186704031
Muzeum Twierdzy Srebrna Góra  w Srebrnej Górze,57-215,Srebrna Góra,Kręta,4,Twierdza Srebrna Góra sp. z o.o.,ngo,-429695529
Muzeum I Dywizji Pancernej im. Generała Stanisława Maczka w Czosnowie,05-152,Czosnów,Holenderska,4C,Artur Rytel,private,-832857203
Muzeum Motoryzacji im. Tadeusza Marka w Łomiankach,05-092,Łomianki,Przełajowa,5A,Fundacja im. Tadeusza Marka,ngo,-759235534
Bałtyckie Muzeum Osadnictwa w Krągu,76-010,Polanów,Krąg,16,Fundacja Kochajmy Zabytki,ngo,-332653826
Muzeum Miniatur i Tradycji Ewangelickiej w Wejsunach,12-220,Ruciane Nida,Wejsuny,39,Parafia Ewangelicko- Augsburska w Piszu,ngo,-292424295
Muzeum Historii Wojskowości w Konstancinie-Jeziornie,05-510,Konstancin -Jeziorna,Ciechanowska,17A,Mikołaj Kosarewicz,private,-526659534
Muzeum Motoryzacji i Zabytków Techniki MKT w Warszawie,02-378,Warszawa,Stefana Bobrowskiego,9,Maciej Bień,private,-810622919
Muzeum Dawnej Motoryzacji w Warszawie,01-794,Warszawa,Anny German,15,Marek Gładyszczak,private,-718091898
Muzeum Inżynierii i Techniki Motoryzacji w Głuszycy,58-340,Głuszyca,Leśna,3,Krzysztof Mężyk,private,-50402121
Kaszubskie Muzeum Motoryzacji i Techniki w Mezowie,83-332,Mezowo,Wiosenna,5,Artur Młodawski,private,-263670367
Prywatne Muzeum Pożarnictwa i Transportu w Czersku,89-650,Czersk,Tucholska,100,Katarzyna Elak,private,-596611188
Muzeum Broni w Świdnicy,58-100,Świdnica,Łączna,4,Stowarzyszenie Klub Sportów Obronnych Świdnica,ngo,-888170652
Muzeum Książki Artystycznej w Łodzi,90-349,Łódź,Tymienieckiego,24,Minister Kultury i Dziedzictwa Narodowego,government,-867432443
Muzeum Motoryzacji Szope Klasyki w Warszawie,00-992,Warszawa,Jagiellońska,88,Andrzej Szope,private,-965934106
Muzeum Techniki Wojskowej nad Piławą w Szwecji,78-611,Szwecja,Szkolna,17,Adam Mędryk,private,-111840675
Muzeum Sprzętu Wojskowego im. Franciszka Biegańskiego w Choroszczy,16-070,Choroszcz,Wiatrakowa,3,Fundacja Rodziny Herników,ngo,-347912315
Muzeum Uzbrojenia SAPER w Brzezinach,26-026,Morawica,Dolomitowa,26,Grzegorz Kierczyński,private,-502954418
Muzeum Techniki Motoryzacyjnej w Krzęcinie,32-051,Krzęcin,Akacjowa,11,Wojciech Głuszczak,private,-135740575
Muzeum Motoryzacji Historia kołem się toczy w Jeleniej Górze,58-500,Jelenia Góra,Podwale,15,Bianka Naciążek,private,-1021730320
Muzeum Transportu i Taktyki Wojskowej w Gdańsku,80-298,Gdańsk,Rakietowa,20,Provenum Sp. z o.o.,ngo,-411124662
Muzeum Jednorożców Doktora Kossakowskiego w Warszawie,04-857,Warszawa,Mrówcza,3A,Fundacja Kossakowskiego,ngo,-477462573
Muzeum Bunkier V-3 w Zalesiu,72-500,Międzyzdroje,Nadbrzeżna-Bunkier,,Piotr Nogala,private,-588374383
Muzeum Motoryzacji Moto Wagabunda w Pruszkowie,05-800,Pruszków,Dolna,24,Michał Skrobot,private,-653709954
Muzeum Motoryzacji i Techniki Kolekcji Jana Kasprzyckiego MOTORETRO w Komorowie,05-806,Komorów,Słowackiego,1,Jan Kasprzycki,private,-321120445
Uznamskie Muzeum Techniki w Świnoujściu,72-600,Świnoujście,Śląska,44,Andrzej Kimel,private,-1003507243
Muzeum w Mikołowie,43-190,Mikołów,Karola Miarki,15,Gmina Mikołów,government,-841126675
Krajeńskie Muzeum Rolnictwa i Motoryzacji w Siedlisku,89-400,Siedlisko,Siedlisko,5a,Mariusz Spica,private,-790532791
Łukowskie Muzeum Techniki Wojskowej i Użytkowej w Jonniku,21-421,Tuchowicz,Jonnik,58,Bożena i Robert Gomółka,private,-58116047
Muzeum Motoryzacji Srebrnogórskie Klasyki w Srebrnej Górze,57-215,Srebrna Góra,Widokowa,1,Sławomir Jopa,private,-452956934
Muzeum Motoryzacji Brytyjskiej Avalon w Będzinie,42-500,Będzin,Teatralna,29,Michał Buczyński,private,-698628133
Muzeum Motoryzacji i Techniki w Trąbkach Wielkich,83-034,Trąbki Wielkie,Jaworowa,10,Michał Trzciński,private,-497813314
Muzeum Śliwki w Szydłowie,28-225,Szydłów,Rynek,21,Business Republic Agnieszka Wierzbicka- Baxter,ngo,-599485140
Muzeum Kuchni Regionalnej w Wiśle,43-460,Wisła,ks. bp. J. Bursche,33,Helena Legierska,private,-55579571
Muzeum Lotnictwa i Techniki w Warszawie,02-997,Warszawa,Ruczaj,88H,Maciej Dominiak,private,-105898299
Muzeum Samochodów Zabytkowych w Koszwałach,83-011,Koszwały,Świerkowa,8A,Maciej Piotr Tomkowicz,private,-358751670
Muzeum Pojazdów Spalinowych w Krakowie,30-614,Kraków,Cechowa,44B,Jarosław Socharczenko SOMASTER,ngo,-173731690
Muzeum Motoryzacji Stary Garaż w Zalesiu Borowym,05-140,Serock,Zalesie Borowe,16,Bogumił Hajdacki,private,-350390480
Muzeum Księży Młyn w Łodzi,90-345,Łódź,Księży Młyn,2,Stowarzyszenie Tylko Księży Młyn,ngo,-36716188
Muzeum Miasta Malborka,82-200,Malbork,Kościuszki,54,Miasto Malbork,government,-422904761
Muzeum Służb Mundurowych w Świdnicy,58-100,Świdnica,Zacisze,6,Stowarzyszenie Sympatyków Śłużb Mundurowych,ngo,-534536071
Muzeum Nasze Młynarstwo w Gołubiu,83-316,Gołubie,Młyńska,7,Młynapiek sp. z o.o.,ngo,-221331248
Muzeum Techniki i Motoryzacji w Miedźnie,42-120,Miedźno,Częstochowska,12,"Paweł Kopera, Bogdan Kopera",private,-545042638
Muzeum Pereł Motoryzacji w Brzeziu,32-014,Brzezie,Brzezie,446,Michał Gliński,private,-514076163
Prywatne Muzeum Pojazdów i Techniki w Łodzi,90-644,Łódź,Żeligowskiego,58,Michał Mamos,private,-287174519
Muzeum Motoryzacji i Techniki w Pawłowicach,43-250,Pawłowice,Nowa,2f,Tomasz Schmidt,private,-395009549
PEROWOZOWNIA Muzeum Techniki XX wieku w Rybiu,05-090,Raszyn,Spokojna,12,Konrad Góra,private,-850042743
Muzeum Motoryzacji i Techniki Fiatem przez Tatrę  im. Rudolfa Waloszka i Franciszka Kastelika w Żywcu,34-300,Żywiec,Kopernika,96,"Marcin Waloszek, Joanna Kastelik-Waloszek",ngo,-697885246
Muzeum Dziedzictwa Golfa w Murowanej Goślinie,62-095,Murowana Goślina,Długa,32,Waldemar Zawadka,private,-816266645
Muzeum PRLauto Perły Motoryzacji w  Łodzi,92-103,Łódź,Brzezińska,5,Mariusz Augustyniak,private,-664445858
Muzeum Pamięci Ofiar Rzezi Wołyńskiej oraz Centrum Prawdy i Pojednania im. Prezydenta Lecha Kaczyńskiego w Chełmie,22-100,Chełm,Chrubieszowska,102,Miasto Chełm,government,-1053001798
Muzeum Motoryzacji w Turowicach,05-604,Turowice,Świerkowa,8,"Krystian Bielecki, Patrycja Bielecka",private,-52682567
Muzeum Historii Znalezionej Relikt w Kołobrzegu,78-100,Kołobrzeg,Dubois,16c,Fundacja Skryptorium,ngo,-648472435
Hase Moto Muzeum w Warszawie,02-846,Warszawa,Sporna,23a,Hase Corporation Spółka z o.o.,ngo,-502096776
Muzeum Radiowozów w Gdyni,81-591,Gdynia,Szafranowa,41,Jakub Kwiatkowski,private,-968728893
Pomorskie Muzeum Techniki Użytkowej w Gdańsku,80-312,Gdańsk,Wita Stwosza,3,Łukasz Sławiński,private,-679408947
Muzeum z Klasą w Warszawie,04-506,Warszawa,Płowiecka,77,Fundacja na rzecz Wielkich Historii,ngo,-536957055
Muzeum Kultury Wilamowskiej w Wilamowicach,43-330,Wilamowice,Więźniów Oświęcimia,19,Gmina Wilamowice,government,-727427959
Muzeum Motoryzacji i Polskiego Motorsportu w Łosiu,05-505,Łoś,Meliorantów,17,Stowarzyszenie M FOR SPORT,ngo,-466880793
Muzeum Regionalne Ziemi Pyzdrskiej w Pyzdrach,62-310,Pyzdry,Kaliska,25a,Gmina Pyzdry,government,-286203707
"Muzeum Przyrody, Motoryzacji i Mechanizacji w Polednie",86-122,Bukowiec,Poledno,2,Fundacja Muzeum w Polednie,ngo,-776016234
Muzeum Północnokaszubskie we Władysławowie,84-120,Władysławowo,Gen. J. Hallera,19,Gmina Władysławowo,government,-658254269
Muzeum Motoryzacji Nienowoczesnej w Warszawie,04-768,Warszawa,Mrówcza,105,Daniel Sztyber,private,-1006370482
Muzeum Dolnośląskie Duchy w Karczmie Rzym we Wrocławiu,54-530,Wrocław,Jarnołtowska,85b,Andrzej Dworak,private,-558799341
Muzeum Ludowe im. Tadeusza Michalskiego w Przedborzu,97-570,Przedbórz,Kielecka,9,Gmina Przedbórz,government,-206925156
Muzeum Karawaningu im. Tadeusza Sakowskiego w Sadówce,95-011,Bratoszewice,Sadówka,39,Michał Nalepa,private,-178746508
Muzeum Motoryzacji i Techniki Estradowej w Głuchołazach,48-340,Głuchołazy,Jana Pawła II,13,Stowarzyszenie Przyjaciół Młodzieży i Dzieci Miasta Głuchołazy,ngo,-143327837
Muzeum Motoryzacji Klasycznej Mazowiecki Garaż w Płocku,09-410,Płock,Kasztanowa,6,Dariusz Gruszczyński,private,-868473313
Muzeum Polskiej Motoryzacji w Puszczykowie,62-040,Puszczykowo,Klasztorna,1,Fundacja Romanowscy,ngo,-947573694
Interaktywne Muzeum Polskiego Lotnictwa Wojskowego w Mścicach,76-031,Mścice,Klonowa,12,Andrzej Milart,private,-652957596
Muzeum Motoryzacji u Maxa w Głowience,38-455,Głowienka,Młynarska,27,Maksymilian Czech,private,-914102646
Muzeum Ziemi Goleniowskiej w Goleniowie,72-100,Goleniów,Barnima I,1,Jarosław Jancelewicz,private,-685939017
Muzeum Kresów Rzeczypospolitej Obojga Narodów w Sejnach,16-500,Sejny,Plac św. Agaty,1,Parafia Rzymskokatolicka p.w. Nawiedzenia Najświętrzej Maryi Panny w Sejnach,religious,-368126864
Muzeum Żołnierzy Wyklętych i Więźniów Politycznych PRL,02-521,Warszawa,Rakowiecka,37,Prezes Instytutu Pamięci Narodowej- Komisja Ścigania Zbrodni przeciwko Narodowi Polskiemu,government,-943570560
Muzeum Diecezjalne Diecezji Bydgoskiej,85-104,Bydgoszcz,Farna,10,Diecezja Bydgoska,religious,-294712218
Muzeum Sztuki Współczesnej Józefa Wilkonia w Piasecznie,05-500,Piaseczno,Puławska,3,Gmina Piaseczno,government,-420751367
