H_WP_ID,ID,LOKAL_MIEJSCOWOSC,LOKAL_KOD,LOKAL_ULICA,LOKAL_NR,H_WP_STATUS,PT_ADRES_MIEJSCOWOSC,PT_KRS,PT_NAZWA,PT_NIP,WP_RDL_NR,WP_STATUS,NAME,BRAND,BRAND_WIKIDATA
72920,72806,Wieliczka,32-020,Edwarda Dembowskiego,1,WPS_WPI,WIELICZKA,0001117410,A COSIK SPÓŁKA Z OGRANICZONĄ ODPOWIEDZIALNOŚCIĄ,6832138924,RDL000178,Wpisany,,,
38936,38801,Konin,62-510,Zakładowa,11/101,WPS_WPI,WARSZAWA,0000882306,ALPA FINANCE SPÓŁKA Z OGRANICZONĄ ODPOWIEDZIALNOŚCIĄ,5272948833,RDL000047,Wpisany,,,
40087,37285,PIASECZNO,05-500,SZKOLNA,16,WPS_WPI,PIASECZNO,0001079887,ANPIR-LOMBARD SPÓŁKA Z OGRANICZONĄ ODPOWIEDZIALNOŚCIĄ,1231547584,RDL000051,Wpisany,,,
88632,67093,warszawa,02-507,wołoska 56,11,WPS_WPI,WARSZAWA,0001077973,ARM COINS SPÓŁKA Z OGRANICZONĄ ODPOWIEDZIALNOŚCIĄ,5214052422,RDL000216,Wpisany,,,
71120,68135,Warszawa,03-358,Bartnicza 4,lok. U3,WPS_WPI,WARSZAWA,0001085762,ARTAR FINE GOLD SPÓŁKA Z OGRANICZONĄ ODPOWIEDZIALNOŚCIĄ,5242765246,RDL000154,Wpisany,,,
35756,35152,Bolesławiec,59-700,Adama Asnyka,19A,WPS_WPI,BOLESŁAWIEC,0001081341,AS LOMBARD SPÓŁKA Z OGRANICZONĄ ODPOWIEDZIALNOŚCIĄ,6121884490,RDL000017,Wpisany,,,
99184,93495,Międzyrzecz,66-300,Garncarska,4,WPS_WPI,MIĘDZYRZECZ,0000375556,AS-COM SPÓŁKA Z OGRANICZONĄ ODPOWIEDZIALNOŚCIĄ,5961738502,RDL000252,Wpisany,As-Com,,
69024,65749,Kraków,30-504,Kalwaryjska,6,WPS_WPI,KRAKÓW,0000605165,AUDIO-MIX SPÓŁKA Z OGRANICZONĄ ODPOWIEDZIALNOŚCIĄ,6793123923,RDL000139,Wpisany,Audio-Mix,,
83707,82483,Konin,62-510,Aleje 1 Maja,16,WPS_WPI,KONIN,0001134010,AURA BIS SPÓŁKA Z OGRANICZONĄ ODPOWIEDZIALNOŚCIĄ,6653071474,RDL000196,Wpisany,,,
62175,43342,Będzin,42-500,Aleja Hugona Kołłątaja,50,WPS_WPI,BĘDZIN,0001104008,AUTO LOMBARD SPÓŁKA Z OGRANICZONĄ ODPOWIEDZIALNOŚCIĄ,6252494252,RDL000111,Wpisany,,,
94551,94399,Bydgoszcz,85-002,Ludwikowo,7/105,WPS_WPI,BYDGOSZCZ,0001193401,AVERTEN PRO SPÓŁKA Z OGRANICZONĄ ODPOWIEDZIALNOŚCIĄ,9671490964,RDL000234,Wpisany,,,
44980,43848,Wrocław,50-007,Hugona Kołłątaja,16,WPS_WPI,WROCŁAW,0000579639,BANKUS SPÓŁKA Z OGRANICZONĄ ODPOWIEDZIALNOŚCIĄ,9112012094,RDL000093,Wpisany,,,
44980,43835,Wrocław,50-079,Ruska,64,WPS_WPI,WROCŁAW,0000579639,BANKUS SPÓŁKA Z OGRANICZONĄ ODPOWIEDZIALNOŚCIĄ,9112012094,RDL000093,Wpisany,,,
36464,35654,Stargard,73-110,Piłsudskiego,97 b,WPS_WPI,SZCZECIN,0001078775,BEST MOBILE LOMBARD SPÓŁKA Z OGRANICZONĄ ODPOWIEDZIALNOŚCIĄ,8513304904,RDL000021,Wpisany,,,
36464,35602,Szczecin,71-525,Kołłataja,1,WPS_WPI,SZCZECIN,0001078775,BEST MOBILE LOMBARD SPÓŁKA Z OGRANICZONĄ ODPOWIEDZIALNOŚCIĄ,8513304904,RDL000021,Wpisany,Best Mobile,,
36464,35628,Szczecin,70-555,Wyzwolenia,12,WPS_WPI,SZCZECIN,0001078775,BEST MOBILE LOMBARD SPÓŁKA Z OGRANICZONĄ ODPOWIEDZIALNOŚCIĄ,8513304904,RDL000021,Wpisany,Best Mobile,,
36464,86934,Szczecin,70-314,Krzywoustego,22/u5,WPS_WPI,SZCZECIN,0001078775,BEST MOBILE LOMBARD SPÓŁKA Z OGRANICZONĄ ODPOWIEDZIALNOŚCIĄ,8513304904,RDL000021,Wpisany,Best Mobile,,
69136,66251,Biała Podlaska,21-500,Brzeska,2,WPS_WPI,BIAŁA PODLASKA,0001074058,BIALSPOT SPÓŁKA Z OGRANICZONĄ ODPOWIEDZIALNOŚCIĄ,5372678362,RDL000141,Wpisany,,,
42023,89578,Łaziska Górne,43-170,DWORCOWA,39,WPS_WPI,ŁAZISKA GÓRNE,0000607616,BIURO POŚREDNICTWA SPÓŁKA Z OGRANICZONĄ ODPOWIEDZIALNOŚCIĄ,6351837695,RDL000072,Wpisany,,,
67834,66943,Gdańsk,80-855,Wały Piastowskie,1/1508,WPS_WPI,GDAŃSK,0001043998,BLANK FINANCE SPÓŁKA Z OGRANICZONĄ ODPOWIEDZIALNOŚCIĄ,5833481581,RDL000135,Wpisany,,,
41318,76740,Olsztyn,10-038,Świętego Wojciecha,3/3a,WPS_WPI,OLSZTYN,0000608407,BOJAROWICZ POŻYCZKI SPÓŁKA Z OGRANICZONĄ ODPOWIEDZIALNOŚCIĄ,7393884754,RDL000066,Wpisany,,,
41318,41184,Olsztyn,10-504,Kościuszki,32  lok. 1,WPS_WPI,OLSZTYN,0000608407,BOJAROWICZ POŻYCZKI SPÓŁKA Z OGRANICZONĄ ODPOWIEDZIALNOŚCIĄ,7393884754,RDL000066,Wpisany,,,
44746,44054,Kraków,31-832,os Jagiellońskie,7,WPS_WPI,WIELICZKA,0000606724,BRAVO SPÓŁKA Z OGRANICZONĄ ODPOWIEDZIALNOŚCIĄ,6832088971,RDL000092,Wpisany,,,
77339,73343,Białogard,78-200,Pomorska,2/6,WPS_WPI,BIAŁOGARD,0000934018,BUY&TRADE SPÓŁKA Z OGRANICZONĄ ODPOWIEDZIALNOŚCIĄ,6722100145,RDL000183,Wpisany,Buy&Trade,,
86641,86544,Miętne,08-400,Spacerowa,31,WPS_WPI,MIĘTNE,0000577305,CENTRUM POŻYCZEK LOMBARD SPÓŁKA Z OGRANICZONĄ ODPOWIEDZIALNOŚCIĄ,8262192743,RDL000206,Wpisany,,,
71367,70951,Malbork,82-200,Wołyńska,18a,WPS_WPI,MALBORK,0001109849,CENTRUM WSPARCIA FINANSOWEGO LOMBARD SPÓŁKA Z OGRANICZONĄ ODPOWIEDZIALNOŚCIĄ,5792295840,RDL000159,Wpisany,,,
86142,85605,BARTOSZYCE,11-200,PLAC KONSTYTUCJI 3 MAJA,32/23,WPS_WPI,BRANIEWO,0000636749,CERTUS SPÓŁKA Z OGRANICZONĄ ODPOWIEDZIALNOŚCIĄ,5821627702,RDL000200,Wpisany,,,
86142,85579,BRANIEWO,14-500,KOŚCIUSZKI,30A,WPS_WPI,BRANIEWO,0000636749,CERTUS SPÓŁKA Z OGRANICZONĄ ODPOWIEDZIALNOŚCIĄ,5821627702,RDL000200,Wpisany,,,
86142,85592,KĘTRZYN,11-400,PLAC PIŁSUDSKIEGO,9,WPS_WPI,BRANIEWO,0000636749,CERTUS SPÓŁKA Z OGRANICZONĄ ODPOWIEDZIALNOŚCIĄ,5821627702,RDL000200,Wpisany,,,
86142,85618,LIDZBARK WARMIŃSKI,11-100,WALDEMARA MILEWICZA,2,WPS_WPI,BRANIEWO,0000636749,CERTUS SPÓŁKA Z OGRANICZONĄ ODPOWIEDZIALNOŚCIĄ,5821627702,RDL000200,Wpisany,,,
66691,65860,Szczecin,70-419,Pl. Rodła,1-2,WPS_WPI,SZCZECIN,0001079217,COMBO SPÓŁKA Z OGRANICZONĄ ODPOWIEDZIALNOŚCIĄ,8513305051,RDL000128,Wpisany,,,
66691,65873,Szczecin,71-515,Staszica 1,Pawilon 48A,WPS_WPI,SZCZECIN,0001079217,COMBO SPÓŁKA Z OGRANICZONĄ ODPOWIEDZIALNOŚCIĄ,8513305051,RDL000128,Wpisany,,,
66691,65912,Szczecin,70-555,Wyzwolenia,2,WPS_WPI,SZCZECIN,0001079217,COMBO SPÓŁKA Z OGRANICZONĄ ODPOWIEDZIALNOŚCIĄ,8513305051,RDL000128,Wpisany,,,
66691,65899,Szczecin,70-412,al. Niepodległości,4,WPS_WPI,SZCZECIN,0001079217,COMBO SPÓŁKA Z OGRANICZONĄ ODPOWIEDZIALNOŚCIĄ,8513305051,RDL000128,Wpisany,,,
66691,65886,Szczecin,70-533,Al. Wyzwolenia,12-14,WPS_WPI,SZCZECIN,0001079217,COMBO SPÓŁKA Z OGRANICZONĄ ODPOWIEDZIALNOŚCIĄ,8513305051,RDL000128,Wpisany,,,
72714,70487,BYDGOSZCZ,85-005,GDAŃSKA,77,WPS_WPI,BYDGOSZCZ,0001079227,COM-FIN SPÓŁKA Z OGRANICZONĄ ODPOWIEDZIALNOŚCIĄ,9671472400,RDL000176,Wpisany,,,
38908,37192,Łódź,91-030,Woronicza,3,WPS_WPI,ŁÓDŹ,0001069919,CZARNY KOŃ SPÓŁKA Z OGRANICZONĄ ODPOWIEDZIALNOŚCIĄ,9472012073,RDL000046,Wpisany,,,
38908,37205,Łódź,90-411,Więckowskiego,3,WPS_WPI,ŁÓDŹ,0001069919,CZARNY KOŃ SPÓŁKA Z OGRANICZONĄ ODPOWIEDZIALNOŚCIĄ,9472012073,RDL000046,Wpisany,,,
38908,37218,Zgierz,95-100,Gałczyńskiego,33 bc,WPS_WPI,ŁÓDŹ,0001069919,CZARNY KOŃ SPÓŁKA Z OGRANICZONĄ ODPOWIEDZIALNOŚCIĄ,9472012073,RDL000046,Wpisany,,,
86228,96058,Bydgoszcz,85-105,Stary Rynek,20,WPS_WPI,BYDGOSZCZ,0000519142,DAIGLOB SPÓŁKA Z OGRANICZONĄ ODPOWIEDZIALNOŚCIĄ,9532643281,RDL000202,Wpisany,,,
82076,77510,STRZELIN,57-100,DZIERŻONIOWSKA,16E,WPS_WPI,STRZELIN,0001127431,DAK INVESTMENT SPÓŁKA Z OGRANICZONĄ ODPOWIEDZIALNOŚCIĄ,9141577545,RDL000189,Wpisany,,,
81964,71703,Inowrocław,88-100,Dworcowa,2,WPS_WPI,INOWROCŁAW,0001083631,DAMDAR SPÓŁKA Z OGRANICZONĄ ODPOWIEDZIALNOŚCIĄ,5562807319,RDL000188,Wpisany,,,
81777,72531,CZĘSTOCHOWA,42-200,Aleja Naświętszej Maryi Panny,6,WPS_WPI,CZĘSTOCHOWA,0000730408,DIENGI SPÓŁKA Z OGRANICZONĄ ODPOWIEDZIALNOŚCIĄ,9492229108,RDL000185,Wpisany,,,
81777,72544,Częstochowa,42-216,Brzozowa,16,WPS_WPI,CZĘSTOCHOWA,0000730408,DIENGI SPÓŁKA Z OGRANICZONĄ ODPOWIEDZIALNOŚCIĄ,9492229108,RDL000185,Wpisany,,,
81777,72570,Katowice,40-009,Warszawska,13,WPS_WPI,CZĘSTOCHOWA,0000730408,DIENGI SPÓŁKA Z OGRANICZONĄ ODPOWIEDZIALNOŚCIĄ,9492229108,RDL000185,Wpisany,,,
81777,72557,Tarnowskie Góry,42-600,Piastowska,7,WPS_WPI,CZĘSTOCHOWA,0000730408,DIENGI SPÓŁKA Z OGRANICZONĄ ODPOWIEDZIALNOŚCIĄ,9492229108,RDL000185,Wpisany,,,
91385,90425,Elbląg,82-300,Hetmańska,8,WPS_WPI,ELBLĄG,0001169647,DUKAT SPÓŁKA Z OGRANICZONĄ ODPOWIEDZIALNOŚCIĄ,5783177934,RDL000226,Wpisany,,,
34965,95750,Lipno,87-300,3 MAJA,16,WPS_WPI,LIPNO,0000534333,E-MOBILOM SPÓŁKA Z OGRANICZONĄ ODPOWIEDZIALNOŚCIĄ,5252604906,RDL000009,Wpisany,,,
37781,35737,Zabrze,41-800,3 Maja,1A,WPS_WPI,ZABRZE,0001081256,EUROGOLD SPÓŁKA Z OGRANICZONĄ ODPOWIEDZIALNOŚCIĄ,6482820850,RDL000028,Wpisany,,,
66175,54766,Bydgoszcz,85-430,Gawronia,74,WPS_WPI,OSIELSKO,0000955375,EUROPEAN FINANCES SPÓŁKA Z OGRANICZONĄ ODPOWIEDZIALNOŚCIĄ,5543000797,RDL000125,Wpisany,,,
66175,54779,Bydgoszcz,85-236,Grunwaldzka,2/2,WPS_WPI,OSIELSKO,0000955375,EUROPEAN FINANCES SPÓŁKA Z OGRANICZONĄ ODPOWIEDZIALNOŚCIĄ,5543000797,RDL000125,Wpisany,,,
68013,66876,Gniezno,62-200,ul.KRZYWE KOŁO,7A,WPS_WPI,GNIEZNO,0001007558,EVS SPÓŁKA Z OGRANICZONĄ ODPOWIEDZIALNOŚCIĄ,7842533692,RDL000137,Wpisany,,,
68013,66863,Gniezno,62-200,ul.PLAC JÓZEFA PIŁSUDSKIEGO,11,WPS_WPI,GNIEZNO,0001007558,EVS SPÓŁKA Z OGRANICZONĄ ODPOWIEDZIALNOŚCIĄ,7842533692,RDL000137,Wpisany,,,
77418,70884,Gdańsk,80-039,Trakt św. Wojciecha,20,WPS_WPI,GDAŃSK,0001080144,EXIT SPÓŁKA Z OGRANICZONĄ ODPOWIEDZIALNOŚCIĄ,5833498736,RDL000184,Wpisany,,,
42365,42115,Zawiercie,42-400,3 maja,21A,WPS_WPI,ZAWIERCIE,0001091105,EXPRESS FINANCE SPÓŁKA Z OGRANICZONĄ ODPOWIEDZIALNOŚCIĄ,5272645848,RDL000076,Wpisany,,,
40918,39820,Ostrów Wielkopolski,63-400,Gimnazjalna,4,WPS_WPI,OSTRÓW WIELKOPOLSKI,0001093433,EZLOMBARD SPÓŁKA Z OGRANICZONĄ ODPOWIEDZIALNOŚCIĄ,6222854591,RDL000056,Wpisany,,,
43962,98017,Warszawa,01-180,Górczewska,6/U3,WPS_WPI,WARSZAWA,0001100057,FAST SPÓŁKA Z OGRANICZONĄ ODPOWIEDZIALNOŚCIĄ,5273108756,RDL000088,Wpisany,,,
43962,43048,Warszawa,01-496,Morcinka,32A,WPS_WPI,WARSZAWA,0001100057,FAST SPÓŁKA Z OGRANICZONĄ ODPOWIEDZIALNOŚCIĄ,5273108756,RDL000088,Wpisany,,,
97845,97703,Iłowo-Osada,13-240,Władysława Łokietka,5A,WPS_WPI,IŁOWO-OSADA,0001210690,FASTFINANCE SPÓŁKA Z OGRANICZONĄ ODPOWIEDZIALNOŚCIĄ,5711730787,RDL000245,Wpisany,,,
44418,42952,Lubsko,68-300,Kopernika,8,WPS_WPI,LUBSKO,0001103004,F.H.U. DONS SPÓŁKA Z OGRANICZONĄ ODPOWIEDZIALNOŚCIĄ,9282111211,RDL000090,Wpisany,,,
71812,71542,GDAŃSK,80-264,ROMANA DMOWSKIEGO,16/6,WPS_WPI,WROCŁAW,0001114757,FINANCIAL ENTEPRISE SPÓŁKA Z OGRANICZONĄ ODPOWIEDZIALNOŚCIĄ,8992997956,RDL000163,Wpisany,,,
71812,71607,GDAŃSK,80-037,MAŁOMIEJSKA,47,WPS_WPI,WROCŁAW,0001114757,FINANCIAL ENTEPRISE SPÓŁKA Z OGRANICZONĄ ODPOWIEDZIALNOŚCIĄ,8992997956,RDL000163,Wpisany,,,
71812,71568,GDAŃSK,80-257,SŁOWACKIEGO,37A,WPS_WPI,WROCŁAW,0001114757,FINANCIAL ENTEPRISE SPÓŁKA Z OGRANICZONĄ ODPOWIEDZIALNOŚCIĄ,8992997956,RDL000163,Wpisany,,,
71812,99756,Gdańsk,80-844,PODWALE STAROMIEJSKIE,104,WPS_WPI,WROCŁAW,0001114757,FINANCIAL ENTEPRISE SPÓŁKA Z OGRANICZONĄ ODPOWIEDZIALNOŚCIĄ,8992997956,RDL000163,Wpisany,,,
71812,95555,Gdańsk,80-809,CIESZYŃSKIEGO,36/5B,WPS_WPI,WROCŁAW,0001114757,FINANCIAL ENTEPRISE SPÓŁKA Z OGRANICZONĄ ODPOWIEDZIALNOŚCIĄ,8992997956,RDL000163,Wpisany,,,
71812,95564,Gdańsk,80-115,SKRAJNA,1,WPS_WPI,WROCŁAW,0001114757,FINANCIAL ENTEPRISE SPÓŁKA Z OGRANICZONĄ ODPOWIEDZIALNOŚCIĄ,8992997956,RDL000163,Wpisany,,,
71812,95573,Gdańsk,80-234,GOSPODY,3C/2,WPS_WPI,WROCŁAW,0001114757,FINANCIAL ENTEPRISE SPÓŁKA Z OGRANICZONĄ ODPOWIEDZIALNOŚCIĄ,8992997956,RDL000163,Wpisany,,,
71812,71581,GDYNIA,81-044,KARTUSKA,20A,WPS_WPI,WROCŁAW,0001114757,FINANCIAL ENTEPRISE SPÓŁKA Z OGRANICZONĄ ODPOWIEDZIALNOŚCIĄ,8992997956,RDL000163,Wpisany,,,
71812,71594,GDYNIA,81-229,MORSKA,117/15,WPS_WPI,WROCŁAW,0001114757,FINANCIAL ENTEPRISE SPÓŁKA Z OGRANICZONĄ ODPOWIEDZIALNOŚCIĄ,8992997956,RDL000163,Wpisany,,,
71812,71555,GDYNIA,81-388,ŚWIĘTOJAŃSKA,100A,WPS_WPI,WROCŁAW,0001114757,FINANCIAL ENTEPRISE SPÓŁKA Z OGRANICZONĄ ODPOWIEDZIALNOŚCIĄ,8992997956,RDL000163,Wpisany,,,
71812,71620,SŁUPSK,76-200,WOLNOŚCI,37/38,WPS_WPI,WROCŁAW,0001114757,FINANCIAL ENTEPRISE SPÓŁKA Z OGRANICZONĄ ODPOWIEDZIALNOŚCIĄ,8992997956,RDL000163,Wpisany,,,
35454,34659,Koło,62-600,Toruńska,35,WPS_WPI,POZNAŃ,0001063472,FINWAVE SPÓŁKA Z OGRANICZONĄ ODPOWIEDZIALNOŚCIĄ,6682012623,RDL000014,Wpisany,,,
35454,34685,Kutno,99-300,Kościuszki,4,WPS_WPI,POZNAŃ,0001063472,FINWAVE SPÓŁKA Z OGRANICZONĄ ODPOWIEDZIALNOŚCIĄ,6682012623,RDL000014,Wpisany,,,
35454,34698,Kutno,99-300,Zamenhofa,4,WPS_WPI,POZNAŃ,0001063472,FINWAVE SPÓŁKA Z OGRANICZONĄ ODPOWIEDZIALNOŚCIĄ,6682012623,RDL000014,Wpisany,,,
35454,34672,Sieradz,98-200,Polna,13,WPS_WPI,POZNAŃ,0001063472,FINWAVE SPÓŁKA Z OGRANICZONĄ ODPOWIEDZIALNOŚCIĄ,6682012623,RDL000014,Wpisany,,,
35454,34711,Zduńska Wola,98-220,Sieradzka,1,WPS_WPI,POZNAŃ,0001063472,FINWAVE SPÓŁKA Z OGRANICZONĄ ODPOWIEDZIALNOŚCIĄ,6682012623,RDL000014,Wpisany,,,
83640,83287,Szprotawa,67-300,Muzealna,11/5,WPS_WPI,SZPROTAWA,0001113354,FIRMA WIELOBRANŻOWA SPÓŁKA Z OGRANICZONĄ ODPOWIEDZIALNOŚCIĄ,9241926206,RDL000194,Wpisany,,,
87869,87084,NOWY SĄCZ,33-300,DŁUGOSZA,43/1,WPS_WPI,NOWY SĄCZ,0001146207,GJT SPÓŁKA Z OGRANICZONĄ ODPOWIEDZIALNOŚCIĄ,7343650190,RDL000212,Wpisany,,,
38668,38499,Myszków,42-300,Sikorskiego,16,WPS_WPI,MYSZKÓW,0001088778,GLAM-TECH SPÓŁKA Z OGRANICZONĄ ODPOWIEDZIALNOŚCIĄ,5772000669,RDL000040,Wpisany,,,
69302,67789,Aleksandrów Kujawski,87-700,Fryderyka Chopina,15,WPS_WPI,ALEKSANDRÓW KUJAWSKI,0001110501,GOLD3N SPÓŁKA Z OGRANICZONĄ ODPOWIEDZIALNOŚCIĄ,8911641156,RDL000144,Wpisany,,,
69302,67815,Kruszwica,88-150,Rynek,20,WPS_WPI,ALEKSANDRÓW KUJAWSKI,0001110501,GOLD3N SPÓŁKA Z OGRANICZONĄ ODPOWIEDZIALNOŚCIĄ,8911641156,RDL000144,Wpisany,,,
69302,67802,Radziejów,88-200,Rynek,15,WPS_WPI,ALEKSANDRÓW KUJAWSKI,0001110501,GOLD3N SPÓŁKA Z OGRANICZONĄ ODPOWIEDZIALNOŚCIĄ,8911641156,RDL000144,Wpisany,,,
41259,39903,WARSZAWA,02-663,ALEJA LOTNIKÓW,1/55,WPS_WPI,WARSZAWA,0001089320,GOLDAREX  SPÓŁKA Z OGRANICZONĄ ODPOWIEDZIALNOŚCIĄ,5214058471,RDL000064,Wpisany,,,
40946,40043,Proszowice,32-100,3 maja,92,WPS_WPI,PROSZOWICE,0001086028,GOLDEN RUSH SPÓŁKA Z OGRANICZONĄ ODPOWIEDZIALNOŚCIĄ,6821804292,RDL000057,Wpisany,,,
87699,68914,Bytów,77-100,Sikorskiego,12,WPS_WPI,GDAŃSK,0000811222,GOLD-MONEY.PL SPÓŁKA Z OGRANICZONĄ ODPOWIEDZIALNOŚCIĄ,5833376588,RDL000211,Wpisany,,,
87699,68979,Chełmno,86-200,Grudziądzka,1,WPS_WPI,GDAŃSK,0000811222,GOLD-MONEY.PL SPÓŁKA Z OGRANICZONĄ ODPOWIEDZIALNOŚCIĄ,5833376588,RDL000211,Wpisany,,,
87699,69005,Gdańsk,80-038,Podmiejska,12/U,WPS_WPI,GDAŃSK,0000811222,GOLD-MONEY.PL SPÓŁKA Z OGRANICZONĄ ODPOWIEDZIALNOŚCIĄ,5833376588,RDL000211,Wpisany,,,
87699,68992,Gdańsk,80-243,Romana Dmowskiego,7b,WPS_WPI,GDAŃSK,0000811222,GOLD-MONEY.PL SPÓŁKA Z OGRANICZONĄ ODPOWIEDZIALNOŚCIĄ,5833376588,RDL000211,Wpisany,,,
87699,68927,Kościerzyna,83-400,Świętojańska,18,WPS_WPI,GDAŃSK,0000811222,GOLD-MONEY.PL SPÓŁKA Z OGRANICZONĄ ODPOWIEDZIALNOŚCIĄ,5833376588,RDL000211,Wpisany,,,
87699,68940,Lębork,84-300,Staromiejska,14a,WPS_WPI,GDAŃSK,0000811222,GOLD-MONEY.PL SPÓŁKA Z OGRANICZONĄ ODPOWIEDZIALNOŚCIĄ,5833376588,RDL000211,Wpisany,,,
87699,68953,Starogard Gdański,83-200,Al. Armii Krajowej,22,WPS_WPI,GDAŃSK,0000811222,GOLD-MONEY.PL SPÓŁKA Z OGRANICZONĄ ODPOWIEDZIALNOŚCIĄ,5833376588,RDL000211,Wpisany,,,
87699,68966,Tczew,83-110,gen. Jarosława Dąbrowskiego,2,WPS_WPI,GDAŃSK,0000811222,GOLD-MONEY.PL SPÓŁKA Z OGRANICZONĄ ODPOWIEDZIALNOŚCIĄ,5833376588,RDL000211,Wpisany,,,
66596,65303,Pabianice,95-200,ZAMKOWA,48A,WPS_WPI,ŁÓDŹ,0000635886,GOLDYES SPÓŁKA Z OGRANICZONĄ ODPOWIEDZIALNOŚCIĄ,7292712483,RDL000127,Wpisany,,,
71064,70586,Warszawa,02-515,Puławska,11,WPS_WPI,WARSZAWA,0000745831,GRADOR SPÓŁKA Z OGRANICZONĄ ODPOWIEDZIALNOŚCIĄ,5213837954,RDL000152,Wpisany,,,
65225,64479,Warszawa,00-898,Al. Solidarności,149,WPS_WPI,WARSZAWA,0000585644,GRUPA INTER SPÓŁKA Z OGRANICZONĄ ODPOWIEDZIALNOŚCIĄ,5242787466,RDL000118,Wpisany,,,
86114,96547,Częstochowa,42-200,Aleja Najświętszej Maryi Panny,13,WPS_WPI,CZĘSTOCHOWA,0000528462,GRUPA KAPITAŁOWA PARKMAR INKASSO SPÓŁKA AKCYJNA,9532642583,RDL000199,Wpisany,,,
98902,98823,Toruń,87-100,Końcowa,10/41,WPS_WPI,TORUŃ,0001203236,HELP INVESTMENT SPÓŁKA Z OGRANICZONĄ ODPOWIEDZIALNOŚCIĄ,9562407125,RDL000250,Wpisany,,,
92127,91944,Chrzanów,32-500,Ogrodowa,5,WPS_WPI,TENCZYNEK,0001178736,IDEAINWEST SPÓŁKA Z OGRANICZONĄ ODPOWIEDZIALNOŚCIĄ,5130303552,RDL000228,Wpisany,,,
92127,91931,Tenczynek,32-067,Akacjowa,8,WPS_WPI,TENCZYNEK,0001178736,IDEAINWEST SPÓŁKA Z OGRANICZONĄ ODPOWIEDZIALNOŚCIĄ,5130303552,RDL000228,Wpisany,,,
88262,88165,Poznań,61-005,Św. Michała,100/6,WPS_WPI,POZNAŃ,0001049329,IMPRESIO SPÓŁKA Z OGRANICZONĄ ODPOWIEDZIALNOŚCIĄ,7822927502,RDL000214,Wpisany,,,
96435,96378,Rzeszow,35-509,Obroncow Poczty Gdanskiej,14,WPS_WPI,RZESZÓW,0001211984,IZZY&#39;S YOUNG PAWN SHOP- MULTITRADE  SPÓŁKA Z OGRANICZONĄ ODPOWIEDZIALNOŚCIĄ,5170466289,RDL000238,Wpisany,,,
86752,85345,Busko-Zdrój,28-100,Plac Zwycięstwa,5,WPS_WPI,BUSKO-ZDRÓJ,0000629599,JANOV SPÓŁKA Z OGRANICZONĄ ODPOWIEDZIALNOŚCIĄ,6551973693,RDL000207,Wpisany,,,
38850,36695,Rawa Mazowiecka,96-200,Kościuszki,7,WPS_WPI,RAWA MAZOWIECKA,0001077911,JANTAR RAWKI SPÓŁKA Z OGRANICZONĄ ODPOWIEDZIALNOŚCIĄ,8351619143,RDL000044,Wpisany,,,
35510,37561,Radom,26-600,Traugutta,13,WPS_WPI,RADOM,0001078689,JANTAR SPÓŁKA Z OGRANICZONĄ ODPOWIEDZIALNOŚCIĄ,9482643639,RDL000016,Wpisany,,,
35510,33373,Radom,26-600,Gagarina,2,WPS_WPI,RADOM,0001078689,JANTAR SPÓŁKA Z OGRANICZONĄ ODPOWIEDZIALNOŚCIĄ,9482643639,RDL000016,Wpisany,,,
35510,85175,Radom,26-600,Sucha,2 lok. 8,WPS_WPI,RADOM,0001078689,JANTAR SPÓŁKA Z OGRANICZONĄ ODPOWIEDZIALNOŚCIĄ,9482643639,RDL000016,Wpisany,,,
35510,33448,Radom,26-600,Królowej Jadwigi,9a,WPS_WPI,RADOM,0001078689,JANTAR SPÓŁKA Z OGRANICZONĄ ODPOWIEDZIALNOŚCIĄ,9482643639,RDL000016,Wpisany,,,
35510,33422,Radom,26-600,Okulickiego,44,WPS_WPI,RADOM,0001078689,JANTAR SPÓŁKA Z OGRANICZONĄ ODPOWIEDZIALNOŚCIĄ,9482643639,RDL000016,Wpisany,,,
36492,35219,GORZÓW WIELKPOLSKI,66-400,CHROBREGO,21,WPS_WPI,GORZÓW WIELKOPOLSKI,0001072717,JANUSZKIEWICZ FAMILIA SPÓŁKA Z OGRANICZONĄ ODPOWIEDZIALNOŚCIĄ,5993281253,RDL000022,Wpisany,,,
72128,66130,Częstochowa,42-202,Al. Wolności,15A,WPS_WPI,CZĘSTOCHOWA,0001095106,JOKER LOMBARD SPÓŁKA Z OGRANICZONĄ ODPOWIEDZIALNOŚCIĄ,9492266196,RDL000166,Wpisany,,,
72128,66143,Częstochowa,42-202,Plac Ignacego Daszyńskiego,13 lok 7,WPS_WPI,CZĘSTOCHOWA,0001095106,JOKER LOMBARD SPÓŁKA Z OGRANICZONĄ ODPOWIEDZIALNOŚCIĄ,9492266196,RDL000166,Wpisany,,,
72128,66156,Częstochowa,42-216,Al. Niepodległości,46A,WPS_WPI,CZĘSTOCHOWA,0001095106,JOKER LOMBARD SPÓŁKA Z OGRANICZONĄ ODPOWIEDZIALNOŚCIĄ,9492266196,RDL000166,Wpisany,,,
43897,43603,Gliwice,44-100,Basztowa,2,WPS_WPI,GLIWICE,0000602404,JURAN GOLD SPÓŁKA Z OGRANICZONĄ ODPOWIEDZIALNOŚCIĄ,6312661105,RDL000086,Wpisany,,,
43897,43616,Gliwice,44-100,Ignacego Daszyńskiego,1,WPS_WPI,GLIWICE,0000602404,JURAN GOLD SPÓŁKA Z OGRANICZONĄ ODPOWIEDZIALNOŚCIĄ,6312661105,RDL000086,Wpisany,,,
43897,43629,Gliwice,44-100,Lipowa,48,WPS_WPI,GLIWICE,0000602404,JURAN GOLD SPÓŁKA Z OGRANICZONĄ ODPOWIEDZIALNOŚCIĄ,6312661105,RDL000086,Wpisany,,,
43897,43642,Gliwice,44-100,Zwycięstwa,43,WPS_WPI,GLIWICE,0000602404,JURAN GOLD SPÓŁKA Z OGRANICZONĄ ODPOWIEDZIALNOŚCIĄ,6312661105,RDL000086,Wpisany,,,
43897,43655,Zabrze,41-800,Karłowicza,7,WPS_WPI,GLIWICE,0000602404,JURAN GOLD SPÓŁKA Z OGRANICZONĄ ODPOWIEDZIALNOŚCIĄ,6312661105,RDL000086,Wpisany,,,
72279,72094,Olecko,19-400,Kolejowa,2b,WPS_WPI,OLECKO,0000837437,JUREWICZ INVESTMENTS SPÓŁKA Z OGRANICZONĄ ODPOWIEDZIALNOŚCIĄ,8471624827,RDL000169,Wpisany,,,
72279,72107,Pisz,12-200,Kościuszki,10,WPS_WPI,OLECKO,0000837437,JUREWICZ INVESTMENTS SPÓŁKA Z OGRANICZONĄ ODPOWIEDZIALNOŚCIĄ,8471624827,RDL000169,Wpisany,,,
72597,72355,Nowy Sącz,33-300,Długosza,43 L,WPS_WPI,NOWY SĄCZ,0001112171,K. O. INVEST SPÓŁKA Z OGRANICZONĄ ODPOWIEDZIALNOŚCIĄ,7343643244,RDL000172,Wpisany,,,
36982,36445,Warszawa,02-030,Grójecka,27,WPS_WPI,WARSZAWA,0001081060,KALMAR SPÓŁKA Z OGRANICZONĄ ODPOWIEDZIALNOŚCIĄ,5223284669,RDL000024,Wpisany,,,
36982,36432,Warszawa,02-495,Bohaterów Warszawy,35,WPS_WPI,WARSZAWA,0001081060,KALMAR SPÓŁKA Z OGRANICZONĄ ODPOWIEDZIALNOŚCIĄ,5223284669,RDL000024,Wpisany,,,
65322,43275,Szczecin,70-766,ul. Leszczynowa,23,WPS_WPI,SZCZECIN,0000842842,KAPRYS SPÓŁKA Z OGRANICZONĄ ODPOWIEDZIALNOŚCIĄ,9552541299,RDL000119,Wpisany,,,
38190,35833,Bydgoszcz,85-077,Świętojańska,2,WPS_WPI,BYDGOSZCZ,0001040374,KASTOM SPÓŁKA Z OGRANICZONĄ ODPOWIEDZIALNOŚCIĄ,9671466693,RDL000039,Wpisany,,,
44390,43182,Chorzów,41-500,Katowicka,153,WPS_WPI,CHORZÓW,0001079582,KK TESTO SPÓŁKA Z OGRANICZONĄ ODPOWIEDZIALNOŚCIĄ,6272789111,RDL000089,Wpisany,,,
44390,43208,Chorzów,41-500,Hajducka,29,WPS_WPI,CHORZÓW,0001079582,KK TESTO SPÓŁKA Z OGRANICZONĄ ODPOWIEDZIALNOŚCIĄ,6272789111,RDL000089,Wpisany,,,
44390,43195,Chorzów,41-500,Wandy,43,WPS_WPI,CHORZÓW,0001079582,KK TESTO SPÓŁKA Z OGRANICZONĄ ODPOWIEDZIALNOŚCIĄ,6272789111,RDL000089,Wpisany,,,
38161,37368,Poznań,61-624,OS. KOSMONAUTÓW,4,WPS_WPI,POZNAŃ,0001068677,KOSMO SPÓŁKA Z OGRANICZONĄ ODPOWIEDZIALNOŚCIĄ,9721345975,RDL000038,Wpisany,,,
42201,42182,Konin,62-510,Kleczewska,25,WPS_WPI,KONIN,0000667879,KRAJOWE CENTRUM POŻYCZKOWE SPÓŁKA Z OGRANICZONĄ ODPOWIEDZIALNOŚCIĄ,6653005796,RDL000073,Wpisany,,,
98874,98756,RYBNIK,44-200,ŚWIĘTEJ JADWIGI,14,WPS_WPI,KATOWICE,0001119801,LBD 888 INVEST SPÓŁKA Z OGRANICZONĄ ODPOWIEDZIALNOŚCIĄ,9542874467,RDL000249,Wpisany,,,
67984,64849,Warszawa,03-733,Targowa,46 lok. 65,WPS_WPI,WARSZAWA,0000881668,LEMOON SPÓŁKA Z OGRANICZONĄ ODPOWIEDZIALNOŚCIĄ,5252850373,RDL000136,Wpisany,,,
96808,96784,Wrocław,50-078,Stanisława Leszczyńskiego,4/25,WPS_WPI,WROCŁAW,0001204642,LEO CAPITAL SPÓŁKA Z OGRANICZONĄ ODPOWIEDZIALNOŚCIĄ,8971962384,RDL000239,Wpisany,,,
40146,39577,Warszawa,00-683,Marszałkowska,85,WPS_WPI,WARSZAWA,0000883791,LEXPRES SPÓŁKA Z OGRANICZONĄ ODPOWIEDZIALNOŚCIĄ,8971888512,RDL000053,Wpisany,,,
40146,39590,Warszawa,03-844,Grochowska,255,WPS_WPI,WARSZAWA,0000883791,LEXPRES SPÓŁKA Z OGRANICZONĄ ODPOWIEDZIALNOŚCIĄ,8971888512,RDL000053,Wpisany,,,
40146,39603,warszawa,01-001,Jana Pawła II,41,WPS_WPI,WARSZAWA,0000883791,LEXPRES SPÓŁKA Z OGRANICZONĄ ODPOWIEDZIALNOŚCIĄ,8971888512,RDL000053,Wpisany,,,
41030,72999,Warszawa,04-158,ZAMIENIECKA,80 LOK 20,WPS_WPI,WARSZAWA,0001095473,LIDER S. J. SPÓŁKA Z OGRANICZONĄ ODPOWIEDZIALNOŚCIĄ,5273104586,RDL000060,Wpisany,,,
41030,40694,Warszawa,00-832,Żelazna,40,WPS_WPI,WARSZAWA,0001095473,LIDER S. J. SPÓŁKA Z OGRANICZONĄ ODPOWIEDZIALNOŚCIĄ,5273104586,RDL000060,Wpisany,,,
90020,89906,Włocławek,87-800,Spółdzielcza,10,WPS_WPI,WŁOCŁAWEK,0000793806,LIMA 500 SPÓŁKA Z OGRANICZONĄ ODPOWIEDZIALNOŚCIĄ,8883141618,RDL000222,Wpisany,,,
72375,67722,Szczecin,71-411,Al. Wyzwolenia,87,WPS_WPI,SZCZECIN,0001075198,LOMBARD  SPÓŁKA Z OGRANICZONĄ ODPOWIEDZIALNOŚCIĄ,8513304293,RDL000170,Wpisany,,,
97988,97598,Gniewkowo,88-140,Dworcowa,1A,WPS_WPI,GNIEWKOWO,0001066436,LOMBARD 7 SPÓŁKA Z OGRANICZONĄ ODPOWIEDZIALNOŚCIĄ,5543018076,RDL000246,Wpisany,,,
77244,76877,Konin,62-500,Plac Zamkowy,9A,WPS_WPI,KONIN,0001113870,LOMBARD ABC SPÓŁKA Z OGRANICZONĄ ODPOWIEDZIALNOŚCIĄ,6653070061,RDL000182,Wpisany,,,
71756,69720,Gryfice,72-300,Bracka,2,WPS_WPI,PŁOTY,0001113157,LOMBARD BETA SPÓŁKA Z OGRANICZONĄ ODPOWIEDZIALNOŚCIĄ,8571939789,RDL000161,Wpisany,,,
71756,69733,Nowogard,72-200,5 Marca,9,WPS_WPI,PŁOTY,0001113157,LOMBARD BETA SPÓŁKA Z OGRANICZONĄ ODPOWIEDZIALNOŚCIĄ,8571939789,RDL000161,Wpisany,,,
69400,67010,Błonie,05-870,Warszawska,16,WPS_WPI,BŁONIE,0001077113,LOMBARD BŁONIE SPÓŁKA Z OGRANICZONĄ ODPOWIEDZIALNOŚCIĄ,1182275400,RDL000145,Wpisany,,,
35482,35085,Dzierżoniów,58-200,marsz. Józefa Piłsudskiego,11,WPS_WPI,DZIERŻONIÓW,0001079830,LOMBARD BORYS  SPÓŁKA Z OGRANICZONĄ ODPOWIEDZIALNOŚCIĄ,8822146277,RDL000015,Wpisany,,,
67221,44727,Żyrardów,96-300,1 maja,15,WPS_WPI,ŻYRARDÓW,0000577552,LOMBARD CENTRAL SP SPÓŁKA Z OGRANICZONĄ ODPOWIEDZIALNOŚCIĄ,8943066821,RDL000130,Wpisany,,,
83669,82305,Elbląg,82-300,Hetmańska,5/3,WPS_WPI,ELBLĄG,0001133365,LOMBARD CENTRUM SPÓŁKA Z OGRANICZONĄ ODPOWIEDZIALNOŚCIĄ,5783173586,RDL000195,Wpisany,,,
98027,97435,Bydgoszcz,85-011,Jana i Jędrzeja Śniadeckich,20,WPS_WPI,BYDGOSZCZ,0001220094,LOMBARD CENTRUM SPÓŁKA Z OGRANICZONĄ ODPOWIEDZIALNOŚCIĄ,9671495200,RDL000247,Wpisany,,,
65959,44287,Szczecin,70-461,Piłsudskiego,30/LU1,WPS_WPI,SZCZECIN,0001078315,LOMBARD COMPLEX SPÓŁKA Z OGRANICZONĄ ODPOWIEDZIALNOŚCIĄ,8513304761,RDL000123,Wpisany,,,
65987,65478,BRANIEWO,14-500,MONIUSZKI,2E,WPS_WPI,ELBLĄG,0001085332,LOMBARD EURO SPÓŁKA Z OGRANICZONĄ ODPOWIEDZIALNOŚCIĄ,5783167410,RDL000124,Wpisany,,,
65987,65504,Nowy Dwór Gdański,82-100,SIKORSKIEGO,14,WPS_WPI,ELBLĄG,0001085332,LOMBARD EURO SPÓŁKA Z OGRANICZONĄ ODPOWIEDZIALNOŚCIĄ,5783167410,RDL000124,Wpisany,,,
65987,65491,Nowy Dwór Gdański,82-100,MORSKA,3B,WPS_WPI,ELBLĄG,0001085332,LOMBARD EURO SPÓŁKA Z OGRANICZONĄ ODPOWIEDZIALNOŚCIĄ,5783167410,RDL000124,Wpisany,,,
65987,65465,PASŁĘK,14-400,Ogrodowa,12,WPS_WPI,ELBLĄG,0001085332,LOMBARD EURO SPÓŁKA Z OGRANICZONĄ ODPOWIEDZIALNOŚCIĄ,5783167410,RDL000124,Wpisany,,,
38101,36266,Łódź,93-504,Augusta Cieszkowskiego,7/7-U,WPS_WPI,ŁÓDŹ,0001082269,LOMBARD FOKUS SPÓŁKA Z OGRANICZONĄ ODPOWIEDZIALNOŚCIĄ,7292753944,RDL000036,Wpisany,,,
99452,99006,Pruszków,05-800,Kraszewskiego,27 Lok. A,WPS_WPI,PRUSZKÓW,0001231034,LOMBARD GOLD ROYAL SPÓŁKA Z OGRANICZONĄ ODPOWIEDZIALNOŚCIĄ,5342710322,RDL000254,Wpisany,,,
57511,46704,Augustów,16-300,MOSTOWA,6,WPS_WPI,WROCŁAW,0001102425,LOMBARD GOLD SPÓŁKA Z OGRANICZONĄ ODPOWIEDZIALNOŚCIĄ,8992991942,RDL000097,Wpisany,Loombard,Loombard,Q113227799
57511,46713,Bartoszyce,11-200,BOHATERÓW WARSZAWY,69,WPS_WPI,WROCŁAW,0001102425,LOMBARD GOLD SPÓŁKA Z OGRANICZONĄ ODPOWIEDZIALNOŚCIĄ,8992991942,RDL000097,Wpisany,Loombard,Loombard,Q113227799
57511,46722,Będzin,42-500,ALEJA KOŁŁĄTAJA,30,WPS_WPI,WROCŁAW,0001102425,LOMBARD GOLD SPÓŁKA Z OGRANICZONĄ ODPOWIEDZIALNOŚCIĄ,8992991942,RDL000097,Wpisany,Loombard,Loombard,Q113227799
57511,46740,Biłgoraj,23-400,KOŚCIUSZKI,48,WPS_WPI,WROCŁAW,0001102425,LOMBARD GOLD SPÓŁKA Z OGRANICZONĄ ODPOWIEDZIALNOŚCIĄ,8992991942,RDL000097,Wpisany,Loombard,Loombard,Q113227799
57511,46749,Biskupiec,11-300,MAZURSKIE PRZEDMIESCIE,10,WPS_WPI,WROCŁAW,0001102425,LOMBARD GOLD SPÓŁKA Z OGRANICZONĄ ODPOWIEDZIALNOŚCIĄ,8992991942,RDL000097,Wpisany,Loombard,Loombard,Q113227799
57511,46767,Bytom,41-902,MARSZ. JÓZEFA PIŁSUDSKIEGO,80,WPS_WPI,WROCŁAW,0001102425,LOMBARD GOLD SPÓŁKA Z OGRANICZONĄ ODPOWIEDZIALNOŚCIĄ,8992991942,RDL000097,Wpisany,Loombard,Loombard,Q113227799
57511,46758,Bytom,41-902,ANTONIEGO JÓZEFCZAKA,4,WPS_WPI,WROCŁAW,0001102425,LOMBARD GOLD SPÓŁKA Z OGRANICZONĄ ODPOWIEDZIALNOŚCIĄ,8992991942,RDL000097,Wpisany,Loombard,Loombard,Q113227799
57511,46776,Bytom,41-907,ORZEGOWSKA,2/5,WPS_WPI,WROCŁAW,0001102425,LOMBARD GOLD SPÓŁKA Z OGRANICZONĄ ODPOWIEDZIALNOŚCIĄ,8992991942,RDL000097,Wpisany,Loombard,Loombard,Q113227799
57511,46794,Chełm,22-100,KOLEJOWA,80/2,WPS_WPI,WROCŁAW,0001102425,LOMBARD GOLD SPÓŁKA Z OGRANICZONĄ ODPOWIEDZIALNOŚCIĄ,8992991942,RDL000097,Wpisany,Loombard,Loombard,Q113227799
57511,46803,Chełm,22-100,LUBELSKA,75/3,WPS_WPI,WROCŁAW,0001102425,LOMBARD GOLD SPÓŁKA Z OGRANICZONĄ ODPOWIEDZIALNOŚCIĄ,8992991942,RDL000097,Wpisany,Loombard,Loombard,Q113227799
57511,46812,Chełm,22-100,LWOWSKA,32,WPS_WPI,WROCŁAW,0001102425,LOMBARD GOLD SPÓŁKA Z OGRANICZONĄ ODPOWIEDZIALNOŚCIĄ,8992991942,RDL000097,Wpisany,Loombard,Loombard,Q113227799
57511,46821,Chełm,22-100,POCZTOWA,1,WPS_WPI,WROCŁAW,0001102425,LOMBARD GOLD SPÓŁKA Z OGRANICZONĄ ODPOWIEDZIALNOŚCIĄ,8992991942,RDL000097,Wpisany,Loombard,Loombard,Q113227799
57511,46785,Chełm,22-100,ARMII KRAJOWEJ,9/21,WPS_WPI,WROCŁAW,0001102425,LOMBARD GOLD SPÓŁKA Z OGRANICZONĄ ODPOWIEDZIALNOŚCIĄ,8992991942,RDL000097,Wpisany,Loombard,Loombard,Q113227799
57511,46830,Chełmno,86-200,WODNA,17,WPS_WPI,WROCŁAW,0001102425,LOMBARD GOLD SPÓŁKA Z OGRANICZONĄ ODPOWIEDZIALNOŚCIĄ,8992991942,RDL000097,Wpisany,Loombard,Loombard,Q113227799
57511,87227,Chełmno,86-200,Grudziądzka,24,WPS_WPI,WROCŁAW,0001102425,LOMBARD GOLD SPÓŁKA Z OGRANICZONĄ ODPOWIEDZIALNOŚCIĄ,8992991942,RDL000097,Wpisany,Loombard,Loombard,Q113227799
57511,46839,Ciechanów,06-400,NARUTOWICZA,1,WPS_WPI,WROCŁAW,0001102425,LOMBARD GOLD SPÓŁKA Z OGRANICZONĄ ODPOWIEDZIALNOŚCIĄ,8992991942,RDL000097,Wpisany,Loombard,Loombard,Q113227799
57511,46848,Ciechanów,06-400,WARSZAWSKA,25,WPS_WPI,WROCŁAW,0001102425,LOMBARD GOLD SPÓŁKA Z OGRANICZONĄ ODPOWIEDZIALNOŚCIĄ,8992991942,RDL000097,Wpisany,Loombard,Loombard,Q113227799
57511,46857,Dębica,39-200,RYNEK,10,WPS_WPI,WROCŁAW,0001102425,LOMBARD GOLD SPÓŁKA Z OGRANICZONĄ ODPOWIEDZIALNOŚCIĄ,8992991942,RDL000097,Wpisany,Loombard,Loombard,Q113227799
57511,46866,Działdowo,13-200,BIELNIKOWA,4,WPS_WPI,WROCŁAW,0001102425,LOMBARD GOLD SPÓŁKA Z OGRANICZONĄ ODPOWIEDZIALNOŚCIĄ,8992991942,RDL000097,Wpisany,Loombard,Loombard,Q113227799
57511,46902,Gorzów Wielkopolski,66-400,SIKORSKIEGO,14,WPS_WPI,WROCŁAW,0001102425,LOMBARD GOLD SPÓŁKA Z OGRANICZONĄ ODPOWIEDZIALNOŚCIĄ,8992991942,RDL000097,Wpisany,Loombard,Loombard,Q113227799
57511,46893,Gorzów Wielkopolski,66-400,OBROŃCÓW POKOJU,76B,WPS_WPI,WROCŁAW,0001102425,LOMBARD GOLD SPÓŁKA Z OGRANICZONĄ ODPOWIEDZIALNOŚCIĄ,8992991942,RDL000097,Wpisany,Loombard,Loombard,Q113227799
57511,46884,Gorzów Wielkopolski,66-400,DWORCOWA,9/2,WPS_WPI,WROCŁAW,0001102425,LOMBARD GOLD SPÓŁKA Z OGRANICZONĄ ODPOWIEDZIALNOŚCIĄ,8992991942,RDL000097,Wpisany,Loombard,Loombard,Q113227799
57511,46875,Gorzów Wielkopolski,66-400,30 STYCZNIA,15A/4,WPS_WPI,WROCŁAW,0001102425,LOMBARD GOLD SPÓŁKA Z OGRANICZONĄ ODPOWIEDZIALNOŚCIĄ,8992991942,RDL000097,Wpisany,Loombard,Loombard,Q113227799
57511,100495,Gorzów Wielkopolski,66-400,30 STYCZNIA,27/1,WPS_WPI,WROCŁAW,0001102425,LOMBARD GOLD SPÓŁKA Z OGRANICZONĄ ODPOWIEDZIALNOŚCIĄ,8992991942,RDL000097,Wpisany,Loombard,Loombard,Q113227799
57511,46920,Gostynin,09-500,RYNEK,20,WPS_WPI,WROCŁAW,0001102425,LOMBARD GOLD SPÓŁKA Z OGRANICZONĄ ODPOWIEDZIALNOŚCIĄ,8992991942,RDL000097,Wpisany,Loombard,Loombard,Q113227799
57511,46929,Gostyń,63-800,POWSTAŃCÓW WIELKOPOLSKICH,2,WPS_WPI,WROCŁAW,0001102425,LOMBARD GOLD SPÓŁKA Z OGRANICZONĄ ODPOWIEDZIALNOŚCIĄ,8992991942,RDL000097,Wpisany,Loombard,Loombard,Q113227799
57511,46938,Góra,56-200,GŁOGOWSKA,1A,WPS_WPI,WROCŁAW,0001102425,LOMBARD GOLD SPÓŁKA Z OGRANICZONĄ ODPOWIEDZIALNOŚCIĄ,8992991942,RDL000097,Wpisany,Loombard,Loombard,Q113227799
57511,85163,Hrubieszów,22-500,Rynek,70,WPS_WPI,WROCŁAW,0001102425,LOMBARD GOLD SPÓŁKA Z OGRANICZONĄ ODPOWIEDZIALNOŚCIĄ,8992991942,RDL000097,Wpisany,Loombard,Loombard,Q113227799
57511,46956,Iława,14-200,KOŚCIUSZKI,3/3A,WPS_WPI,WROCŁAW,0001102425,LOMBARD GOLD SPÓŁKA Z OGRANICZONĄ ODPOWIEDZIALNOŚCIĄ,8992991942,RDL000097,Wpisany,Loombard,Loombard,Q113227799
57511,46965,Jarosław,37-500,GRUNWALDZKA,16,WPS_WPI,WROCŁAW,0001102425,LOMBARD GOLD SPÓŁKA Z OGRANICZONĄ ODPOWIEDZIALNOŚCIĄ,8992991942,RDL000097,Wpisany,Loombard,Loombard,Q113227799
57511,46974,Jasło,38-200,KOŚCIUSZKI,4,WPS_WPI,WROCŁAW,0001102425,LOMBARD GOLD SPÓŁKA Z OGRANICZONĄ ODPOWIEDZIALNOŚCIĄ,8992991942,RDL000097,Wpisany,Loombard,Loombard,Q113227799
57511,47001,Jaworzno,43-603,ŚW. MAKSYMILINA KOLBEGO,11,WPS_WPI,WROCŁAW,0001102425,LOMBARD GOLD SPÓŁKA Z OGRANICZONĄ ODPOWIEDZIALNOŚCIĄ,8992991942,RDL000097,Wpisany,Loombard,Loombard,Q113227799
57511,46983,Jaworzno,43-600,GRUNWALDZKA,47/64,WPS_WPI,WROCŁAW,0001102425,LOMBARD GOLD SPÓŁKA Z OGRANICZONĄ ODPOWIEDZIALNOŚCIĄ,8992991942,RDL000097,Wpisany,Loombard,Loombard,Q113227799
57511,46992,Jaworzno,43-600,PIŁSUDSKIEGO,27,WPS_WPI,WROCŁAW,0001102425,LOMBARD GOLD SPÓŁKA Z OGRANICZONĄ ODPOWIEDZIALNOŚCIĄ,8992991942,RDL000097,Wpisany,Loombard,Loombard,Q113227799
57511,47010,Kąty Wrocławskie,55-080,RYNEK,16,WPS_WPI,WROCŁAW,0001102425,LOMBARD GOLD SPÓŁKA Z OGRANICZONĄ ODPOWIEDZIALNOŚCIĄ,8992991942,RDL000097,Wpisany,Loombard,Loombard,Q113227799
57511,47019,Kętrzyn,11-400,SIKORSKIEGO,40,WPS_WPI,WROCŁAW,0001102425,LOMBARD GOLD SPÓŁKA Z OGRANICZONĄ ODPOWIEDZIALNOŚCIĄ,8992991942,RDL000097,Wpisany,Loombard,Loombard,Q113227799
57511,47037,Kłodzko,57-300,JANA PAWŁA II,3/2,WPS_WPI,WROCŁAW,0001102425,LOMBARD GOLD SPÓŁKA Z OGRANICZONĄ ODPOWIEDZIALNOŚCIĄ,8992991942,RDL000097,Wpisany,Loombard,Loombard,Q113227799
57511,87218,Kłodzko,57-300,Kościelna,2,WPS_WPI,WROCŁAW,0001102425,LOMBARD GOLD SPÓŁKA Z OGRANICZONĄ ODPOWIEDZIALNOŚCIĄ,8992991942,RDL000097,Wpisany,Loombard,Loombard,Q113227799
57511,47064,Kraków,31-156,KURNIKI,6,WPS_WPI,WROCŁAW,0001102425,LOMBARD GOLD SPÓŁKA Z OGRANICZONĄ ODPOWIEDZIALNOŚCIĄ,8992991942,RDL000097,Wpisany,Loombard,Loombard,Q113227799
57511,47073,Kraków,31-831,SZYBKA,25/2,WPS_WPI,WROCŁAW,0001102425,LOMBARD GOLD SPÓŁKA Z OGRANICZONĄ ODPOWIEDZIALNOŚCIĄ,8992991942,RDL000097,Wpisany,Loombard,Loombard,Q113227799
57511,47055,Kraków,30-612,WINCENTEGO WITOSA,39,WPS_WPI,WROCŁAW,0001102425,LOMBARD GOLD SPÓŁKA Z OGRANICZONĄ ODPOWIEDZIALNOŚCIĄ,8992991942,RDL000097,Wpisany,Loombard,Loombard,Q113227799
57511,47046,Kraków,30-504,KALWARYJSKA,37,WPS_WPI,WROCŁAW,0001102425,LOMBARD GOLD SPÓŁKA Z OGRANICZONĄ ODPOWIEDZIALNOŚCIĄ,8992991942,RDL000097,Wpisany,Loombard,Loombard,Q113227799
57511,47082,Krasnystaw,22-300,ZAMKOWA,8A,WPS_WPI,WROCŁAW,0001102425,LOMBARD GOLD SPÓŁKA Z OGRANICZONĄ ODPOWIEDZIALNOŚCIĄ,8992991942,RDL000097,Wpisany,Loombard,Loombard,Q113227799
57511,47091,Kraśnik,23-200,LUBELSKA,40,WPS_WPI,WROCŁAW,0001102425,LOMBARD GOLD SPÓŁKA Z OGRANICZONĄ ODPOWIEDZIALNOŚCIĄ,8992991942,RDL000097,Wpisany,Loombard,Loombard,Q113227799
57511,47100,Kraśnik,23-204,DEKUTOWSKIEGO,3A,WPS_WPI,WROCŁAW,0001102425,LOMBARD GOLD SPÓŁKA Z OGRANICZONĄ ODPOWIEDZIALNOŚCIĄ,8992991942,RDL000097,Wpisany,Loombard,Loombard,Q113227799
57511,85145,Kraśnik,23-200,Urzędowska,14B,WPS_WPI,WROCŁAW,0001102425,LOMBARD GOLD SPÓŁKA Z OGRANICZONĄ ODPOWIEDZIALNOŚCIĄ,8992991942,RDL000097,Wpisany,Loombard,Loombard,Q113227799
57511,47109,Kutno,99-300,NORBERTA BARLICKIEGO,47,WPS_WPI,WROCŁAW,0001102425,LOMBARD GOLD SPÓŁKA Z OGRANICZONĄ ODPOWIEDZIALNOŚCIĄ,8992991942,RDL000097,Wpisany,Loombard,Loombard,Q113227799
57511,47118,Lidzbark Warmiński,11-100,KASPROWICZA,8,WPS_WPI,WROCŁAW,0001102425,LOMBARD GOLD SPÓŁKA Z OGRANICZONĄ ODPOWIEDZIALNOŚCIĄ,8992991942,RDL000097,Wpisany,Loombard,Loombard,Q113227799
57511,47127,Limanowa,34-600,JANA PAWŁA II,32,WPS_WPI,WROCŁAW,0001102425,LOMBARD GOLD SPÓŁKA Z OGRANICZONĄ ODPOWIEDZIALNOŚCIĄ,8992991942,RDL000097,Wpisany,Loombard,Loombard,Q113227799
57511,47136,Lipno,87-600,3 MAJA,9,WPS_WPI,WROCŁAW,0001102425,LOMBARD GOLD SPÓŁKA Z OGRANICZONĄ ODPOWIEDZIALNOŚCIĄ,8992991942,RDL000097,Wpisany,Loombard,Loombard,Q113227799
57511,47145,Lubań,59-800,PLAC 3 MAJA,6,WPS_WPI,WROCŁAW,0001102425,LOMBARD GOLD SPÓŁKA Z OGRANICZONĄ ODPOWIEDZIALNOŚCIĄ,8992991942,RDL000097,Wpisany,Loombard,Loombard,Q113227799
57511,47154,Lubartów,21-100,SŁOWACKIEGO,5B,WPS_WPI,WROCŁAW,0001102425,LOMBARD GOLD SPÓŁKA Z OGRANICZONĄ ODPOWIEDZIALNOŚCIĄ,8992991942,RDL000097,Wpisany,Loombard,Loombard,Q113227799
57511,47163,Lubawa,14-260,ZAMKOWA,16,WPS_WPI,WROCŁAW,0001102425,LOMBARD GOLD SPÓŁKA Z OGRANICZONĄ ODPOWIEDZIALNOŚCIĄ,8992991942,RDL000097,Wpisany,Loombard,Loombard,Q113227799
57511,47235,Lublin,20-470,NAŁKOWSKICH,108,WPS_WPI,WROCŁAW,0001102425,LOMBARD GOLD SPÓŁKA Z OGRANICZONĄ ODPOWIEDZIALNOŚCIĄ,8992991942,RDL000097,Wpisany,Loombard,Loombard,Q113227799
57511,47244,Lublin,20-618,NADBYSTRZYCKA,20/10,WPS_WPI,WROCŁAW,0001102425,LOMBARD GOLD SPÓŁKA Z OGRANICZONĄ ODPOWIEDZIALNOŚCIĄ,8992991942,RDL000097,Wpisany,Loombard,Loombard,Q113227799
57511,47253,Lublin,20-625,LEONARDA,3A,WPS_WPI,WROCŁAW,0001102425,LOMBARD GOLD SPÓŁKA Z OGRANICZONĄ ODPOWIEDZIALNOŚCIĄ,8992991942,RDL000097,Wpisany,Loombard,Loombard,Q113227799
57511,47226,Lublin,20-422,KUNICKIEGO,53,WPS_WPI,WROCŁAW,0001102425,LOMBARD GOLD SPÓŁKA Z OGRANICZONĄ ODPOWIEDZIALNOŚCIĄ,8992991942,RDL000097,Wpisany,Loombard,Loombard,Q113227799
57511,47217,Lublin,20-410,1 MAJA,47,WPS_WPI,WROCŁAW,0001102425,LOMBARD GOLD SPÓŁKA Z OGRANICZONĄ ODPOWIEDZIALNOŚCIĄ,8992991942,RDL000097,Wpisany,Loombard,Loombard,Q113227799
57511,47208,Lublin,20-338,KRAŃCOWA,103,WPS_WPI,WROCŁAW,0001102425,LOMBARD GOLD SPÓŁKA Z OGRANICZONĄ ODPOWIEDZIALNOŚCIĄ,8992991942,RDL000097,Wpisany,Loombard,Loombard,Q113227799
57511,47199,Lublin,20-102,ZAMOJSKA,23,WPS_WPI,WROCŁAW,0001102425,LOMBARD GOLD SPÓŁKA Z OGRANICZONĄ ODPOWIEDZIALNOŚCIĄ,8992991942,RDL000097,Wpisany,Loombard,Loombard,Q113227799
57511,47181,Lublin,20-020,LIPOWA,11/3,WPS_WPI,WROCŁAW,0001102425,LOMBARD GOLD SPÓŁKA Z OGRANICZONĄ ODPOWIEDZIALNOŚCIĄ,8992991942,RDL000097,Wpisany,Loombard,Loombard,Q113227799
57511,47172,Lublin,20-006,KOŚCIUSZKI,3,WPS_WPI,WROCŁAW,0001102425,LOMBARD GOLD SPÓŁKA Z OGRANICZONĄ ODPOWIEDZIALNOŚCIĄ,8992991942,RDL000097,Wpisany,Loombard,Loombard,Q113227799
57511,47190,Lublin,20-085,LUBARTOWSKA,26,WPS_WPI,WROCŁAW,0001102425,LOMBARD GOLD SPÓŁKA Z OGRANICZONĄ ODPOWIEDZIALNOŚCIĄ,8992991942,RDL000097,Wpisany,Loombard,Loombard,Q113227799
57511,94147,Łęczna,21-010,Targowa,7,WPS_WPI,WROCŁAW,0001102425,LOMBARD GOLD SPÓŁKA Z OGRANICZONĄ ODPOWIEDZIALNOŚCIĄ,8992991942,RDL000097,Wpisany,Loombard,Loombard,Q113227799
57511,47271,Mielec,39-300,MICKIEWICZA,20,WPS_WPI,WROCŁAW,0001102425,LOMBARD GOLD SPÓŁKA Z OGRANICZONĄ ODPOWIEDZIALNOŚCIĄ,8992991942,RDL000097,Wpisany,Loombard,Loombard,Q113227799
57511,47280,Międzyrzecz,66-300,KAZIMIERZA WIELKIEGO,12,WPS_WPI,WROCŁAW,0001102425,LOMBARD GOLD SPÓŁKA Z OGRANICZONĄ ODPOWIEDZIALNOŚCIĄ,8992991942,RDL000097,Wpisany,Loombard,Loombard,Q113227799
57511,47289,Mława,06-500,ŻEROMSKIEGO,5/1,WPS_WPI,WROCŁAW,0001102425,LOMBARD GOLD SPÓŁKA Z OGRANICZONĄ ODPOWIEDZIALNOŚCIĄ,8992991942,RDL000097,Wpisany,Loombard,Loombard,Q113227799
57511,47298,Morąg,14-300,MICKIEWICZA,12F,WPS_WPI,WROCŁAW,0001102425,LOMBARD GOLD SPÓŁKA Z OGRANICZONĄ ODPOWIEDZIALNOŚCIĄ,8992991942,RDL000097,Wpisany,Loombard,Loombard,Q113227799
57511,47316,Mysłowice,41-400,ŻWIRKI I WIGURY,1,WPS_WPI,WROCŁAW,0001102425,LOMBARD GOLD SPÓŁKA Z OGRANICZONĄ ODPOWIEDZIALNOŚCIĄ,8992991942,RDL000097,Wpisany,Loombard,Loombard,Q113227799
57511,47307,Mysłowice,41-400,KATOWICKA,9,WPS_WPI,WROCŁAW,0001102425,LOMBARD GOLD SPÓŁKA Z OGRANICZONĄ ODPOWIEDZIALNOŚCIĄ,8992991942,RDL000097,Wpisany,Loombard,Loombard,Q113227799
57511,47325,Myszków,42-300,KOŚCIUSZKI,43,WPS_WPI,WROCŁAW,0001102425,LOMBARD GOLD SPÓŁKA Z OGRANICZONĄ ODPOWIEDZIALNOŚCIĄ,8992991942,RDL000097,Wpisany,Loombard,Loombard,Q113227799
57511,47334,Myślenice,32-400,3 MAJA,10,WPS_WPI,WROCŁAW,0001102425,LOMBARD GOLD SPÓŁKA Z OGRANICZONĄ ODPOWIEDZIALNOŚCIĄ,8992991942,RDL000097,Wpisany,Loombard,Loombard,Q113227799
57511,47343,Nidzica,13-100,MICKIEWICZA,1A/2,WPS_WPI,WROCŁAW,0001102425,LOMBARD GOLD SPÓŁKA Z OGRANICZONĄ ODPOWIEDZIALNOŚCIĄ,8992991942,RDL000097,Wpisany,Loombard,Loombard,Q113227799
57511,47352,Nowa Sól,67-100,KRÓLOWEJ JADWIGI,24,WPS_WPI,WROCŁAW,0001102425,LOMBARD GOLD SPÓŁKA Z OGRANICZONĄ ODPOWIEDZIALNOŚCIĄ,8992991942,RDL000097,Wpisany,Loombard,Loombard,Q113227799
57511,47361,Nowa Sól,67-100,WOJSKA POLSKIEGO,2,WPS_WPI,WROCŁAW,0001102425,LOMBARD GOLD SPÓŁKA Z OGRANICZONĄ ODPOWIEDZIALNOŚCIĄ,8992991942,RDL000097,Wpisany,Loombard,Loombard,Q113227799
57511,47370,Nowe Miasto Lubawskie,13-300,TYSIĄCLECIA,2A,WPS_WPI,WROCŁAW,0001102425,LOMBARD GOLD SPÓŁKA Z OGRANICZONĄ ODPOWIEDZIALNOŚCIĄ,8992991942,RDL000097,Wpisany,Loombard,Loombard,Q113227799
57511,47379,Oborniki Śląskie,55-120,DWORCOWA,64,WPS_WPI,WROCŁAW,0001102425,LOMBARD GOLD SPÓŁKA Z OGRANICZONĄ ODPOWIEDZIALNOŚCIĄ,8992991942,RDL000097,Wpisany,Loombard,Loombard,Q113227799
57511,47388,Oleśnica,56-400,LWOWSKA,5,WPS_WPI,WROCŁAW,0001102425,LOMBARD GOLD SPÓŁKA Z OGRANICZONĄ ODPOWIEDZIALNOŚCIĄ,8992991942,RDL000097,Wpisany,Loombard,Loombard,Q113227799
57511,47397,Oleśnica,56-400,WILEŃSKA,2,WPS_WPI,WROCŁAW,0001102425,LOMBARD GOLD SPÓŁKA Z OGRANICZONĄ ODPOWIEDZIALNOŚCIĄ,8992991942,RDL000097,Wpisany,Loombard,Loombard,Q113227799
57511,98411,Olsztyn,10-124,GRUNWALDZKA,24 lok. 13/14,WPS_WPI,WROCŁAW,0001102425,LOMBARD GOLD SPÓŁKA Z OGRANICZONĄ ODPOWIEDZIALNOŚCIĄ,8992991942,RDL000097,Wpisany,Loombard,Loombard,Q113227799
57511,47442,Olsztyn,10-588,KOŚCIUSZKI,64/1,WPS_WPI,WROCŁAW,0001102425,LOMBARD GOLD SPÓŁKA Z OGRANICZONĄ ODPOWIEDZIALNOŚCIĄ,8992991942,RDL000097,Wpisany,Loombard,Loombard,Q113227799
57511,47433,Olsztyn,10-541,DĄBROWSZCZAKÓW,18/11,WPS_WPI,WROCŁAW,0001102425,LOMBARD GOLD SPÓŁKA Z OGRANICZONĄ ODPOWIEDZIALNOŚCIĄ,8992991942,RDL000097,Wpisany,Loombard,Loombard,Q113227799
57511,47415,Olsztyn,10-230,WOJSKA POLSKIEGO,71,WPS_WPI,WROCŁAW,0001102425,LOMBARD GOLD SPÓŁKA Z OGRANICZONĄ ODPOWIEDZIALNOŚCIĄ,8992991942,RDL000097,Wpisany,Loombard,Loombard,Q113227799
57511,47460,Olsztyn,10-900,MRONGOWIUSZA,7,WPS_WPI,WROCŁAW,0001102425,LOMBARD GOLD SPÓŁKA Z OGRANICZONĄ ODPOWIEDZIALNOŚCIĄ,8992991942,RDL000097,Wpisany,Loombard,Loombard,Q113227799
57511,47424,Olsztyn,10-341,LIMANOWSKIEGO,2,WPS_WPI,WROCŁAW,0001102425,LOMBARD GOLD SPÓŁKA Z OGRANICZONĄ ODPOWIEDZIALNOŚCIĄ,8992991942,RDL000097,Wpisany,Loombard,Loombard,Q113227799
57511,47451,Olsztyn,10-692,JANOWICZA,3K,WPS_WPI,WROCŁAW,0001102425,LOMBARD GOLD SPÓŁKA Z OGRANICZONĄ ODPOWIEDZIALNOŚCIĄ,8992991942,RDL000097,Wpisany,Loombard,Loombard,Q113227799
57511,47469,Ostróda,14-100,GRUNWALDZKA,1/2,WPS_WPI,WROCŁAW,0001102425,LOMBARD GOLD SPÓŁKA Z OGRANICZONĄ ODPOWIEDZIALNOŚCIĄ,8992991942,RDL000097,Wpisany,Loombard,Loombard,Q113227799
57511,47496,Płock,09-400,BATALIONÓW CHŁOPSKICH,3A,WPS_WPI,WROCŁAW,0001102425,LOMBARD GOLD SPÓŁKA Z OGRANICZONĄ ODPOWIEDZIALNOŚCIĄ,8992991942,RDL000097,Wpisany,Loombard,Loombard,Q113227799
57511,47505,Płock,09-400,BIELSKA,45,WPS_WPI,WROCŁAW,0001102425,LOMBARD GOLD SPÓŁKA Z OGRANICZONĄ ODPOWIEDZIALNOŚCIĄ,8992991942,RDL000097,Wpisany,Loombard,Loombard,Q113227799
57511,47523,Płock,09-402,DWORCOWA,16,WPS_WPI,WROCŁAW,0001102425,LOMBARD GOLD SPÓŁKA Z OGRANICZONĄ ODPOWIEDZIALNOŚCIĄ,8992991942,RDL000097,Wpisany,Loombard,Loombard,Q113227799
57511,47532,Płock,09-402,KOLEGIALNA,33,WPS_WPI,WROCŁAW,0001102425,LOMBARD GOLD SPÓŁKA Z OGRANICZONĄ ODPOWIEDZIALNOŚCIĄ,8992991942,RDL000097,Wpisany,Loombard,Loombard,Q113227799
57511,99442,Płock,09-410,Armii Krajowej,4,WPS_WPI,WROCŁAW,0001102425,LOMBARD GOLD SPÓŁKA Z OGRANICZONĄ ODPOWIEDZIALNOŚCIĄ,8992991942,RDL000097,Wpisany,Loombard,Loombard,Q113227799
57511,47541,Płock,09-410,JANA PAWŁA II,94/26,WPS_WPI,WROCŁAW,0001102425,LOMBARD GOLD SPÓŁKA Z OGRANICZONĄ ODPOWIEDZIALNOŚCIĄ,8992991942,RDL000097,Wpisany,Loombard,Loombard,Q113227799
57511,47514,Płock,09-400,SIENKIEWICZA,36,WPS_WPI,WROCŁAW,0001102425,LOMBARD GOLD SPÓŁKA Z OGRANICZONĄ ODPOWIEDZIALNOŚCIĄ,8992991942,RDL000097,Wpisany,Loombard,Loombard,Q113227799
57511,47550,Przemyśl,37-700,3 MAJA,12,WPS_WPI,WROCŁAW,0001102425,LOMBARD GOLD SPÓŁKA Z OGRANICZONĄ ODPOWIEDZIALNOŚCIĄ,8992991942,RDL000097,Wpisany,Loombard,Loombard,Q113227799
57511,47559,Przemyśl,37-700,SŁOWACKIEGO,8,WPS_WPI,WROCŁAW,0001102425,LOMBARD GOLD SPÓŁKA Z OGRANICZONĄ ODPOWIEDZIALNOŚCIĄ,8992991942,RDL000097,Wpisany,Loombard,Loombard,Q113227799
57511,47568,Przeworsk,37-200,MARII KONOPNICKIEJ,25,WPS_WPI,WROCŁAW,0001102425,LOMBARD GOLD SPÓŁKA Z OGRANICZONĄ ODPOWIEDZIALNOŚCIĄ,8992991942,RDL000097,Wpisany,Loombard,Loombard,Q113227799
57511,47586,Ruda Śląska,41-709,NIEDURNEGO,43/01,WPS_WPI,WROCŁAW,0001102425,LOMBARD GOLD SPÓŁKA Z OGRANICZONĄ ODPOWIEDZIALNOŚCIĄ,8992991942,RDL000097,Wpisany,Loombard,Loombard,Q113227799
57511,47595,Rypin,87-500,GDAŃSKA,1,WPS_WPI,WROCŁAW,0001102425,LOMBARD GOLD SPÓŁKA Z OGRANICZONĄ ODPOWIEDZIALNOŚCIĄ,8992991942,RDL000097,Wpisany,Loombard,Loombard,Q113227799
57511,47622,Rzeszów,35-064,MATEJKI,12,WPS_WPI,WROCŁAW,0001102425,LOMBARD GOLD SPÓŁKA Z OGRANICZONĄ ODPOWIEDZIALNOŚCIĄ,8992991942,RDL000097,Wpisany,Loombard,Loombard,Q113227799
57511,47613,Rzeszów,35-029,AL.POWSTAŃCÓW WARSZAWY,1,WPS_WPI,WROCŁAW,0001102425,LOMBARD GOLD SPÓŁKA Z OGRANICZONĄ ODPOWIEDZIALNOŚCIĄ,8992991942,RDL000097,Wpisany,Loombard,Loombard,Q113227799
57511,47604,Rzeszów,35-005,GROTTGERA,18/3,WPS_WPI,WROCŁAW,0001102425,LOMBARD GOLD SPÓŁKA Z OGRANICZONĄ ODPOWIEDZIALNOŚCIĄ,8992991942,RDL000097,Wpisany,Loombard,Loombard,Q113227799
57511,47631,Sanok,38-500,JAGIELLOŃSKA,14,WPS_WPI,WROCŁAW,0001102425,LOMBARD GOLD SPÓŁKA Z OGRANICZONĄ ODPOWIEDZIALNOŚCIĄ,8992991942,RDL000097,Wpisany,Loombard,Loombard,Q113227799
57511,47649,Siedlce,08-110,WOJSKOWA,11,WPS_WPI,WROCŁAW,0001102425,LOMBARD GOLD SPÓŁKA Z OGRANICZONĄ ODPOWIEDZIALNOŚCIĄ,8992991942,RDL000097,Wpisany,Loombard,Loombard,Q113227799
57511,47640,Siedlce,08-110,JANA KILIŃSKIEGO,22,WPS_WPI,WROCŁAW,0001102425,LOMBARD GOLD SPÓŁKA Z OGRANICZONĄ ODPOWIEDZIALNOŚCIĄ,8992991942,RDL000097,Wpisany,Loombard,Loombard,Q113227799
57511,47658,Sierpc,09-200,PŁOCKA,12C,WPS_WPI,WROCŁAW,0001102425,LOMBARD GOLD SPÓŁKA Z OGRANICZONĄ ODPOWIEDZIALNOŚCIĄ,8992991942,RDL000097,Wpisany,Loombard,Loombard,Q113227799
57511,47667,Skwierzyna,66-440,PIŁSUDSKIEGO,27/1,WPS_WPI,WROCŁAW,0001102425,LOMBARD GOLD SPÓŁKA Z OGRANICZONĄ ODPOWIEDZIALNOŚCIĄ,8992991942,RDL000097,Wpisany,Loombard,Loombard,Q113227799
57511,47676,Stargard,73-110,GRODZKA,7/2,WPS_WPI,WROCŁAW,0001102425,LOMBARD GOLD SPÓŁKA Z OGRANICZONĄ ODPOWIEDZIALNOŚCIĄ,8992991942,RDL000097,Wpisany,Loombard,Loombard,Q113227799
57511,47694,Stargard,73-110,PIŁSUDSKIEGO,93/12,WPS_WPI,WROCŁAW,0001102425,LOMBARD GOLD SPÓŁKA Z OGRANICZONĄ ODPOWIEDZIALNOŚCIĄ,8992991942,RDL000097,Wpisany,Loombard,Loombard,Q113227799
57511,47685,Stargard,73-110,KOŚCIUSZKI,30/1,WPS_WPI,WROCŁAW,0001102425,LOMBARD GOLD SPÓŁKA Z OGRANICZONĄ ODPOWIEDZIALNOŚCIĄ,8992991942,RDL000097,Wpisany,Loombard,Loombard,Q113227799
57511,47703,Stargard,73-110,WYSZYŃSKIEGO,22D,WPS_WPI,WROCŁAW,0001102425,LOMBARD GOLD SPÓŁKA Z OGRANICZONĄ ODPOWIEDZIALNOŚCIĄ,8992991942,RDL000097,Wpisany,Loombard,Loombard,Q113227799
57511,47712,Strzelce Krajeńskie,66-500,AL. WOLNOŚCI,2A,WPS_WPI,WROCŁAW,0001102425,LOMBARD GOLD SPÓŁKA Z OGRANICZONĄ ODPOWIEDZIALNOŚCIĄ,8992991942,RDL000097,Wpisany,Loombard,Loombard,Q113227799
57511,47721,Sulechów,66-100,ARMII KRAJOWEJ,22,WPS_WPI,WROCŁAW,0001102425,LOMBARD GOLD SPÓŁKA Z OGRANICZONĄ ODPOWIEDZIALNOŚCIĄ,8992991942,RDL000097,Wpisany,Loombard,Loombard,Q113227799
57511,47730,Sulęcin,69-200,WITOSA,2 C,WPS_WPI,WROCŁAW,0001102425,LOMBARD GOLD SPÓŁKA Z OGRANICZONĄ ODPOWIEDZIALNOŚCIĄ,8992991942,RDL000097,Wpisany,Loombard,Loombard,Q113227799
57511,47739,Suwałki,16-400,NONIEWICZA,93,WPS_WPI,WROCŁAW,0001102425,LOMBARD GOLD SPÓŁKA Z OGRANICZONĄ ODPOWIEDZIALNOŚCIĄ,8992991942,RDL000097,Wpisany,Loombard,Loombard,Q113227799
57511,47748,Szczytno,12-100,POLSKA,3/19,WPS_WPI,WROCŁAW,0001102425,LOMBARD GOLD SPÓŁKA Z OGRANICZONĄ ODPOWIEDZIALNOŚCIĄ,8992991942,RDL000097,Wpisany,Loombard,Loombard,Q113227799
57511,47757,Środa Wielkopolska,63-000,STARY RYNEK,9,WPS_WPI,WROCŁAW,0001102425,LOMBARD GOLD SPÓŁKA Z OGRANICZONĄ ODPOWIEDZIALNOŚCIĄ,8992991942,RDL000097,Wpisany,Loombard,Loombard,Q113227799
57511,47766,Świdnik,21-046,RACŁAWICKA,1/5,WPS_WPI,WROCŁAW,0001102425,LOMBARD GOLD SPÓŁKA Z OGRANICZONĄ ODPOWIEDZIALNOŚCIĄ,8992991942,RDL000097,Wpisany,Loombard,Loombard,Q113227799
57511,85154,Świdnik,21-040,3-go Maja,3,WPS_WPI,WROCŁAW,0001102425,LOMBARD GOLD SPÓŁKA Z OGRANICZONĄ ODPOWIEDZIALNOŚCIĄ,8992991942,RDL000097,Wpisany,Loombard,Loombard,Q113227799
57511,47775,Świebodzin,66-200,GŁOGOWSKA,6,WPS_WPI,WROCŁAW,0001102425,LOMBARD GOLD SPÓŁKA Z OGRANICZONĄ ODPOWIEDZIALNOŚCIĄ,8992991942,RDL000097,Wpisany,Loombard,Loombard,Q113227799
57511,47784,Świecie,86-100,WOJSKA POLSKIEGO,112,WPS_WPI,WROCŁAW,0001102425,LOMBARD GOLD SPÓŁKA Z OGRANICZONĄ ODPOWIEDZIALNOŚCIĄ,8992991942,RDL000097,Wpisany,Loombard,Loombard,Q113227799
57511,47793,Świętochłowice,41-600,POLAKA,2A,WPS_WPI,WROCŁAW,0001102425,LOMBARD GOLD SPÓŁKA Z OGRANICZONĄ ODPOWIEDZIALNOŚCIĄ,8992991942,RDL000097,Wpisany,Loombard,Loombard,Q113227799
57511,47811,Tomaszów Lubelski,22-600,LWOWSKA,21A,WPS_WPI,WROCŁAW,0001102425,LOMBARD GOLD SPÓŁKA Z OGRANICZONĄ ODPOWIEDZIALNOŚCIĄ,8992991942,RDL000097,Wpisany,Loombard,Loombard,Q113227799
57511,47820,Wadowice,34-100,LWOWSKA,2,WPS_WPI,WROCŁAW,0001102425,LOMBARD GOLD SPÓŁKA Z OGRANICZONĄ ODPOWIEDZIALNOŚCIĄ,8992991942,RDL000097,Wpisany,Loombard,Loombard,Q113227799
57511,47829,Włodawa,22-200,RYNEK,2,WPS_WPI,WROCŁAW,0001102425,LOMBARD GOLD SPÓŁKA Z OGRANICZONĄ ODPOWIEDZIALNOŚCIĄ,8992991942,RDL000097,Wpisany,Loombard,Loombard,Q113227799
57511,47856,Wrocław,52-013,OPOLSKA,95,WPS_WPI,WROCŁAW,0001102425,LOMBARD GOLD SPÓŁKA Z OGRANICZONĄ ODPOWIEDZIALNOŚCIĄ,8992991942,RDL000097,Wpisany,Loombard,Loombard,Q113227799
57511,83697,Wrocław,50-257,Drobnera,10/U1,WPS_WPI,WROCŁAW,0001102425,LOMBARD GOLD SPÓŁKA Z OGRANICZONĄ ODPOWIEDZIALNOŚCIĄ,8992991942,RDL000097,Wpisany,Loombard,Loombard,Q113227799
57511,47838,Wrocław,50-027,PLAC KOŚCIUSZKI,20,WPS_WPI,WROCŁAW,0001102425,LOMBARD GOLD SPÓŁKA Z OGRANICZONĄ ODPOWIEDZIALNOŚCIĄ,8992991942,RDL000097,Wpisany,Loombard,Loombard,Q113227799
57511,47847,Wrocław,50-566,ŚLICZNA,54,WPS_WPI,WROCŁAW,0001102425,LOMBARD GOLD SPÓŁKA Z OGRANICZONĄ ODPOWIEDZIALNOŚCIĄ,8992991942,RDL000097,Wpisany,Loombard,Loombard,Q113227799
57511,47865,Wschowa,67-400,NIEPODLEGŁOŚCI,18,WPS_WPI,WROCŁAW,0001102425,LOMBARD GOLD SPÓŁKA Z OGRANICZONĄ ODPOWIEDZIALNOŚCIĄ,8992991942,RDL000097,Wpisany,Loombard,Loombard,Q113227799
57511,47892,Zamość,22-400,PARTYZANTÓW,39,WPS_WPI,WROCŁAW,0001102425,LOMBARD GOLD SPÓŁKA Z OGRANICZONĄ ODPOWIEDZIALNOŚCIĄ,8992991942,RDL000097,Wpisany,Loombard,Loombard,Q113227799
57511,47883,Zamość,22-400,MIKOŁAJA REJA,21,WPS_WPI,WROCŁAW,0001102425,LOMBARD GOLD SPÓŁKA Z OGRANICZONĄ ODPOWIEDZIALNOŚCIĄ,8992991942,RDL000097,Wpisany,Loombard,Loombard,Q113227799
57511,47874,Zamość,22-400,MARSZAŁKA JÓZEFA PIŁSUDSKIEGO,25A,WPS_WPI,WROCŁAW,0001102425,LOMBARD GOLD SPÓŁKA Z OGRANICZONĄ ODPOWIEDZIALNOŚCIĄ,8992991942,RDL000097,Wpisany,Loombard,Loombard,Q113227799
57511,47901,Zawiercie,42-400,PIŁSUDSKIEGO,91/83,WPS_WPI,WROCŁAW,0001102425,LOMBARD GOLD SPÓŁKA Z OGRANICZONĄ ODPOWIEDZIALNOŚCIĄ,8992991942,RDL000097,Wpisany,Loombard,Loombard,Q113227799
57511,47955,Zielona Góra,65-536,WYSZYŃSKIEGO,38D,WPS_WPI,WROCŁAW,0001102425,LOMBARD GOLD SPÓŁKA Z OGRANICZONĄ ODPOWIEDZIALNOŚCIĄ,8992991942,RDL000097,Wpisany,Loombard,Loombard,Q113227799
57511,47946,Zielona Góra,65-058,KUPIECKA,66A,WPS_WPI,WROCŁAW,0001102425,LOMBARD GOLD SPÓŁKA Z OGRANICZONĄ ODPOWIEDZIALNOŚCIĄ,8992991942,RDL000097,Wpisany,Loombard,Loombard,Q113227799
57511,47937,Zielona Góra,65-019,DWORCOWA,28,WPS_WPI,WROCŁAW,0001102425,LOMBARD GOLD SPÓŁKA Z OGRANICZONĄ ODPOWIEDZIALNOŚCIĄ,8992991942,RDL000097,Wpisany,Loombard,Loombard,Q113227799
57511,47964,Zielona Góra,65-537,WYSZYŃSKIEGO,5,WPS_WPI,WROCŁAW,0001102425,LOMBARD GOLD SPÓŁKA Z OGRANICZONĄ ODPOWIEDZIALNOŚCIĄ,8992991942,RDL000097,Wpisany,Loombard,Loombard,Q113227799
57511,47928,Zielona Góra,65-018,JEDNOŚCI,22,WPS_WPI,WROCŁAW,0001102425,LOMBARD GOLD SPÓŁKA Z OGRANICZONĄ ODPOWIEDZIALNOŚCIĄ,8992991942,RDL000097,Wpisany,Loombard,Loombard,Q113227799
57511,47973,Żarów,58-130,ARMII KRAJOWEJ,31,WPS_WPI,WROCŁAW,0001102425,LOMBARD GOLD SPÓŁKA Z OGRANICZONĄ ODPOWIEDZIALNOŚCIĄ,8992991942,RDL000097,Wpisany,Loombard,Loombard,Q113227799
57511,47982,Żuromin,09-300,PLAC WOLNOŚCI,6,WPS_WPI,WROCŁAW,0001102425,LOMBARD GOLD SPÓŁKA Z OGRANICZONĄ ODPOWIEDZIALNOŚCIĄ,8992991942,RDL000097,Wpisany,Loombard,Loombard,Q113227799
67630,64782,Świebodzin,66-200,Wiejska,3/3,WPS_WPI,ŚWIEBODZIN,0001110911,LOMBARD GOLD SPÓŁKA Z OGRANICZONĄ ODPOWIEDZIALNOŚCIĄ,9271974173,RDL000134,Wpisany,,,
72224,72027,Piotrków Trybunalski,97-300,Juliusza Słowackiego,28,WPS_WPI,PIOTRKÓW TRYBUNALSKI,0001114526,LOMBARD GOLD&SILVER SPÓŁKA Z OGRANICZONĄ ODPOWIEDZIALNOŚCIĄ,7712932979,RDL000167,Wpisany,,,
38071,35928,Wieluń,98-300,Śląska,18,WPS_WPI,WIELUŃ,0001079314,LOMBARD GROOSZ SPÓŁKA Z OGRANICZONĄ ODPOWIEDZIALNOŚCIĄ,8322095772,RDL000035,Wpisany,,,
39951,77031,Kalisz,62-800,Zamkowa,11,WPS_WPI,KALISZ,0001089734,LOMBARD GROSZ KALISZ SPÓŁKA Z OGRANICZONĄ ODPOWIEDZIALNOŚCIĄ,6182202131,RDL000050,Wpisany,,,
34487,34211,KALISZ,62-800,GÓRNOŚLĄSKA,16,WPS_WPI,SZKLARSKA PORĘBA,0001068633,LOMBARD GROSZ SPÓŁKA Z OGRANICZONĄ ODPOWIEDZIALNOŚCIĄ,6112829994,RDL000005,Wpisany,,,
34487,34224,KALISZ,62-800,GRODZKA,16,WPS_WPI,SZKLARSKA PORĘBA,0001068633,LOMBARD GROSZ SPÓŁKA Z OGRANICZONĄ ODPOWIEDZIALNOŚCIĄ,6112829994,RDL000005,Wpisany,,,
34487,34237,OSTRÓW WIELKOPOLSKI,63-400,WROCŁAWSKA,42,WPS_WPI,SZKLARSKA PORĘBA,0001068633,LOMBARD GROSZ SPÓŁKA Z OGRANICZONĄ ODPOWIEDZIALNOŚCIĄ,6112829994,RDL000005,Wpisany,,,
34487,34250,SZKLARSKA PORĘBA,58-580,BATALIONÓW CHŁOPSKICH,18,WPS_WPI,SZKLARSKA PORĘBA,0001068633,LOMBARD GROSZ SPÓŁKA Z OGRANICZONĄ ODPOWIEDZIALNOŚCIĄ,6112829994,RDL000005,Wpisany,,,
40602,39337,TUREK,62-700,KALISKA,18,WPS_WPI,TUREK,0001089738,LOMBARD GROSZ TUREK SPÓŁKA Z OGRANICZONĄ ODPOWIEDZIALNOŚCIĄ,6682014125,RDL000055,Wpisany,,,
34908,33779,ŁÓDŹ,90-406,PIOTRKOWSKA,19,WPS_WPI,ŁÓDŹ,0001078857,LOMBARD HALO GSM SPÓŁKA Z OGRANICZONĄ ODPOWIEDZIALNOŚCIĄ,7252339090,RDL000007,Wpisany,,,
34908,33805,ŁÓDŹ,90-125,NARUTOWICZA,35,WPS_WPI,ŁÓDŹ,0001078857,LOMBARD HALO GSM SPÓŁKA Z OGRANICZONĄ ODPOWIEDZIALNOŚCIĄ,7252339090,RDL000007,Wpisany,,,
34908,33792,ŁÓDŹ,90-624,ZIELONA,28,WPS_WPI,ŁÓDŹ,0001078857,LOMBARD HALO GSM SPÓŁKA Z OGRANICZONĄ ODPOWIEDZIALNOŚCIĄ,7252339090,RDL000007,Wpisany,,,
34908,33831,ZGIERZ,95-100,DŁUGA,25,WPS_WPI,ŁÓDŹ,0001078857,LOMBARD HALO GSM SPÓŁKA Z OGRANICZONĄ ODPOWIEDZIALNOŚCIĄ,7252339090,RDL000007,Wpisany,,,
34908,33818,ZGIERZ,95-100,GAŁCZYŃSKIEGO,31,WPS_WPI,ŁÓDŹ,0001078857,LOMBARD HALO GSM SPÓŁKA Z OGRANICZONĄ ODPOWIEDZIALNOŚCIĄ,7252339090,RDL000007,Wpisany,,,
38725,38566,GORZÓW WIELKPOLSKI,66-400,HAWELAŃSKA,7A/2,WPS_WPI,GORZÓW WIELKOPOLSKI,0001089591,LOMBARD JANOSIK SPÓŁKA Z OGRANICZONĄ ODPOWIEDZIALNOŚCIĄ,5993284300,RDL000042,Wpisany,,,
64706,64342,Elbląg,82-300,Słoneczna,9/1,WPS_WPI,ELBLĄG,0001066480,LOMBARD JOKER SPÓŁKA Z OGRANICZONĄ ODPOWIEDZIALNOŚCIĄ,5783165635,RDL000116,Wpisany,,,
64706,70998,Elbląg,82-300,Aleja Grunwaldzka,69/2,WPS_WPI,ELBLĄG,0001066480,LOMBARD JOKER SPÓŁKA Z OGRANICZONĄ ODPOWIEDZIALNOŚCIĄ,5783165635,RDL000116,Wpisany,,,
64706,64355,Elbląg,82-300,Pułkownika Stanisława Dąbka,134,WPS_WPI,ELBLĄG,0001066480,LOMBARD JOKER SPÓŁKA Z OGRANICZONĄ ODPOWIEDZIALNOŚCIĄ,5783165635,RDL000116,Wpisany,,,
86781,70728,WROCŁAW,50-301,JEDNOŚCI NARODOWEJ 95 LOK.,1B,WPS_WPI,WROCŁAW,0000865874,LOMBARD JULA SPÓŁKA Z OGRANICZONĄ ODPOWIEDZIALNOŚCIĄ,8982261231,RDL000208,Wpisany,,,
41995,41580,Kraków,30-504,kalwaryjska,18,WPS_WPI,KRAKÓW,0001084620,LOMBARD K18 SPÓŁKA Z OGRANICZONĄ ODPOWIEDZIALNOŚCIĄ,6793289606,RDL000071,Wpisany,,,
37872,36963,Kalisz,62-800,Śródmiejska,41,WPS_WPI,KALISZ,0001086385,LOMBARD KALISZ SPÓŁKA Z OGRANICZONĄ ODPOWIEDZIALNOŚCIĄ,6182201723,RDL000031,Wpisany,,,
67193,66360,Bielsko-Biała,43-300,Cechowa,5,WPS_WPI,KRAKÓW,0001108338,LOMBARD KAPS 2 SPÓŁKA Z OGRANICZONĄ ODPOWIEDZIALNOŚCIĄ,9491852302,RDL000129,Wpisany,,,
67193,66399,Bytom,41-902,Dworcowa,6,WPS_WPI,KRAKÓW,0001108338,LOMBARD KAPS 2 SPÓŁKA Z OGRANICZONĄ ODPOWIEDZIALNOŚCIĄ,9491852302,RDL000129,Wpisany,,,
67193,66386,Bytom,41-902,Jagiellońska,6,WPS_WPI,KRAKÓW,0001108338,LOMBARD KAPS 2 SPÓŁKA Z OGRANICZONĄ ODPOWIEDZIALNOŚCIĄ,9491852302,RDL000129,Wpisany,,,
67193,66373,Chorzów,41-500,Wolności,70,WPS_WPI,KRAKÓW,0001108338,LOMBARD KAPS 2 SPÓŁKA Z OGRANICZONĄ ODPOWIEDZIALNOŚCIĄ,9491852302,RDL000129,Wpisany,,,
67193,66347,Kraków,31-105,Zwierzyniecka,22,WPS_WPI,KRAKÓW,0001108338,LOMBARD KAPS 2 SPÓŁKA Z OGRANICZONĄ ODPOWIEDZIALNOŚCIĄ,9491852302,RDL000129,Wpisany,,,
67193,66334,Kraków,31-146,Długa,56,WPS_WPI,KRAKÓW,0001108338,LOMBARD KAPS 2 SPÓŁKA Z OGRANICZONĄ ODPOWIEDZIALNOŚCIĄ,9491852302,RDL000129,Wpisany,,,
60915,45678,Jaworzno,43-600,Grunwaldzka,68,WPS_WPI,SOSNOWIEC,0001099360,LOMBARD KAPS 4 SPÓŁKA Z OGRANICZONĄ ODPOWIEDZIALNOŚCIĄ,6443485100,RDL000106,Wpisany,,,
60915,45665,Sosnowiec,41-200,Targowa,15,WPS_WPI,SOSNOWIEC,0001099360,LOMBARD KAPS 4 SPÓŁKA Z OGRANICZONĄ ODPOWIEDZIALNOŚCIĄ,6443485100,RDL000106,Wpisany,,,
60915,45652,Sosnowiec,41-200,Modrzejowska,31,WPS_WPI,SOSNOWIEC,0001099360,LOMBARD KAPS 4 SPÓŁKA Z OGRANICZONĄ ODPOWIEDZIALNOŚCIĄ,6443485100,RDL000106,Wpisany,,,
86170,69492,Częstochowa,42-202,Plac Daszyńskiego,14/2,WPS_WPI,CZĘSTOCHOWA,0000926700,LOMBARD KAPS SPÓŁKA Z OGRANICZONĄ ODPOWIEDZIALNOŚCIĄ,9492250686,RDL000201,Wpisany,,,
86170,97231,Częstochowa,42-200,Aleja Najświętszej Marii Panny,14,WPS_WPI,CZĘSTOCHOWA,0000926700,LOMBARD KAPS SPÓŁKA Z OGRANICZONĄ ODPOWIEDZIALNOŚCIĄ,9492250686,RDL000201,Wpisany,,,
86170,69544,Łódź,91-301,Snycerska,1,WPS_WPI,CZĘSTOCHOWA,0000926700,LOMBARD KAPS SPÓŁKA Z OGRANICZONĄ ODPOWIEDZIALNOŚCIĄ,9492250686,RDL000201,Wpisany,,,
86170,69557,Łódź,91-059,Zgierska,24,WPS_WPI,CZĘSTOCHOWA,0000926700,LOMBARD KAPS SPÓŁKA Z OGRANICZONĄ ODPOWIEDZIALNOŚCIĄ,9492250686,RDL000201,Wpisany,,,
86170,69531,Tarnowskie Góry,42-600,Piastowska,10,WPS_WPI,CZĘSTOCHOWA,0000926700,LOMBARD KAPS SPÓŁKA Z OGRANICZONĄ ODPOWIEDZIALNOŚCIĄ,9492250686,RDL000201,Wpisany,,,
71036,65666,Pabianice,95-200,ul. Stanisława Moniuszki,67,WPS_WPI,PABIANICE,0000662317,LOMBARD KING SPÓŁKA Z OGRANICZONĄ ODPOWIEDZIALNOŚCIĄ,7312054469,RDL000151,Wpisany,,,
44447,43115,Konin,62-510,Dworcowa,6,WPS_WPI,KONIN,0001101660,LOMBARD KONIN GSM SERWIS SPÓŁKA Z OGRANICZONĄ ODPOWIEDZIALNOŚCIĄ,6653066295,RDL000091,Wpisany,,,
37816,37651,Koszalin,75-008,Zwycięstwa,90-92,WPS_WPI,KOSZALIN,0001085219,LOMBARD KOSZALIN SPÓŁKA Z OGRANICZONĄ ODPOWIEDZIALNOŚCIĄ,6692577775,RDL000029,Wpisany,,,
37816,37638,Koszalin,75-061,Rynek Staromiejski,12,WPS_WPI,KOSZALIN,0001085219,LOMBARD KOSZALIN SPÓŁKA Z OGRANICZONĄ ODPOWIEDZIALNOŚCIĄ,6692577775,RDL000029,Wpisany,,,
45410,93719,Kraków,30-512,Jana Długosza,2/U002,WPS_WPI,KRAKÓW,0001074387,LOMBARD KP SPÓŁKA Z OGRANICZONĄ ODPOWIEDZIALNOŚCIĄ,6793285181,RDL000094,Wpisany,,,
86563,86304,LUBLINIEC,42-700,PLAC KOŚCIUSZKI,9,WPS_WPI,LUBLINIEC,0001142986,LOMBARD LECH ŚWIERCZYŃSKI SPÓŁKA Z OGRANICZONĄ ODPOWIEDZIALNOŚCIĄ,5751912543,RDL000204,Wpisany,,,
40116,38416,Grodzisk Mazowiecki,05-825,Sienkiewicza,34,WPS_WPI,GRODZISK MAZOWIECKI,0001076588,LOMBARD LOMBI-CASH SPÓŁKA Z OGRANICZONĄ ODPOWIEDZIALNOŚCIĄ,5291851276,RDL000052,Wpisany,,,
60859,54152,Aleksandrów Kujawski,87-700,CHOPINA,5,WPS_WPI,WROCŁAW,0001102379,LOMBARD MEDIUM  SPÓŁKA Z OGRANICZONĄ ODPOWIEDZIALNOŚCIĄ,8992991936,RDL000104,Wpisany,Loombard,Loombard,Q113227799
60859,91981,Augustów,16-300,Mostowa,6,WPS_WPI,WROCŁAW,0001102379,LOMBARD MEDIUM  SPÓŁKA Z OGRANICZONĄ ODPOWIEDZIALNOŚCIĄ,8992991936,RDL000104,Wpisany,Loombard,Loombard,Q113227799
60859,54170,Biała Podlaska,21-500,ST. MONIUSZKI,17,WPS_WPI,WROCŁAW,0001102379,LOMBARD MEDIUM  SPÓŁKA Z OGRANICZONĄ ODPOWIEDZIALNOŚCIĄ,8992991936,RDL000104,Wpisany,Loombard,Loombard,Q113227799
60859,54188,Bielsk Podlaski,17-100,MICKIEWICZA,60/19,WPS_WPI,WROCŁAW,0001102379,LOMBARD MEDIUM  SPÓŁKA Z OGRANICZONĄ ODPOWIEDZIALNOŚCIĄ,8992991936,RDL000104,Wpisany,Loombard,Loombard,Q113227799
60859,54241,Bielsko Biała,43-300,PIASTOWSKA,1,WPS_WPI,WROCŁAW,0001102379,LOMBARD MEDIUM  SPÓŁKA Z OGRANICZONĄ ODPOWIEDZIALNOŚCIĄ,8992991936,RDL000104,Wpisany,Loombard,Loombard,Q113227799
60859,54223,Bielsko Biała,43-300,JUTRZENKI,24C,WPS_WPI,WROCŁAW,0001102379,LOMBARD MEDIUM  SPÓŁKA Z OGRANICZONĄ ODPOWIEDZIALNOŚCIĄ,8992991936,RDL000104,Wpisany,Loombard,Loombard,Q113227799
60859,54205,Bielsko Biała,43-300,CIESZYŃSKA,128,WPS_WPI,WROCŁAW,0001102379,LOMBARD MEDIUM  SPÓŁKA Z OGRANICZONĄ ODPOWIEDZIALNOŚCIĄ,8992991936,RDL000104,Wpisany,Loombard,Loombard,Q113227799
60859,54259,Bochnia,32-700,RYNEK,18,WPS_WPI,WROCŁAW,0001102379,LOMBARD MEDIUM  SPÓŁKA Z OGRANICZONĄ ODPOWIEDZIALNOŚCIĄ,8992991936,RDL000104,Wpisany,Loombard,Loombard,Q113227799
60859,54277,Boguszów-Gorce,58-370,PL. ODRODZENIA,16,WPS_WPI,WROCŁAW,0001102379,LOMBARD MEDIUM  SPÓŁKA Z OGRANICZONĄ ODPOWIEDZIALNOŚCIĄ,8992991936,RDL000104,Wpisany,Loombard,Loombard,Q113227799
60859,85223,Brzesko,32-800,Głowackiego,31,WPS_WPI,WROCŁAW,0001102379,LOMBARD MEDIUM  SPÓŁKA Z OGRANICZONĄ ODPOWIEDZIALNOŚCIĄ,8992991936,RDL000104,Wpisany,Loombard,Loombard,Q113227799
60859,54313,Busko-Zdrój,28-100,PLAC ZWYCIĘSTWA,28,WPS_WPI,WROCŁAW,0001102379,LOMBARD MEDIUM  SPÓŁKA Z OGRANICZONĄ ODPOWIEDZIALNOŚCIĄ,8992991936,RDL000104,Wpisany,Loombard,Loombard,Q113227799
60859,54385,Bydgoszcz,85-806,AL. PREZYDENTA KACZYŃSKIEGO P,pawilon nr 2,WPS_WPI,WROCŁAW,0001102379,LOMBARD MEDIUM  SPÓŁKA Z OGRANICZONĄ ODPOWIEDZIALNOŚCIĄ,8992991936,RDL000104,Wpisany,Loombard,Loombard,Q113227799
60859,54331,Bydgoszcz,85-006,GDAŃSKA,26,WPS_WPI,WROCŁAW,0001102379,LOMBARD MEDIUM  SPÓŁKA Z OGRANICZONĄ ODPOWIEDZIALNOŚCIĄ,8992991936,RDL000104,Wpisany,Loombard,Loombard,Q113227799
60859,54349,Bydgoszcz,85-021,GDAŃSKA,98,WPS_WPI,WROCŁAW,0001102379,LOMBARD MEDIUM  SPÓŁKA Z OGRANICZONĄ ODPOWIEDZIALNOŚCIĄ,8992991936,RDL000104,Wpisany,Loombard,Loombard,Q113227799
60859,54367,Bydgoszcz,85-154,BRZOZOWA,86,WPS_WPI,WROCŁAW,0001102379,LOMBARD MEDIUM  SPÓŁKA Z OGRANICZONĄ ODPOWIEDZIALNOŚCIĄ,8992991936,RDL000104,Wpisany,Loombard,Loombard,Q113227799
60859,54403,Bystrzyca Kłodzka,57-500,OKRZEI,8,WPS_WPI,WROCŁAW,0001102379,LOMBARD MEDIUM  SPÓŁKA Z OGRANICZONĄ ODPOWIEDZIALNOŚCIĄ,8992991936,RDL000104,Wpisany,Loombard,Loombard,Q113227799
60859,54421,Bytom,41-902,DWORCOWA,26,WPS_WPI,WROCŁAW,0001102379,LOMBARD MEDIUM  SPÓŁKA Z OGRANICZONĄ ODPOWIEDZIALNOŚCIĄ,8992991936,RDL000104,Wpisany,Loombard,Loombard,Q113227799
60859,54439,Chełmża,87-140,SIKORSKIEGO,6,WPS_WPI,WROCŁAW,0001102379,LOMBARD MEDIUM  SPÓŁKA Z OGRANICZONĄ ODPOWIEDZIALNOŚCIĄ,8992991936,RDL000104,Wpisany,Loombard,Loombard,Q113227799
60859,54493,Chorzów,41-506,STEFANA BATOREGO,15,WPS_WPI,WROCŁAW,0001102379,LOMBARD MEDIUM  SPÓŁKA Z OGRANICZONĄ ODPOWIEDZIALNOŚCIĄ,8992991936,RDL000104,Wpisany,Loombard,Loombard,Q113227799
60859,99951,Chorzów,41-500,Wolności,68,WPS_WPI,WROCŁAW,0001102379,LOMBARD MEDIUM  SPÓŁKA Z OGRANICZONĄ ODPOWIEDZIALNOŚCIĄ,8992991936,RDL000104,Wpisany,Loombard,Loombard,Q113227799
60859,54475,Chorzów,41-500,WOLNOŚCI,4,WPS_WPI,WROCŁAW,0001102379,LOMBARD MEDIUM  SPÓŁKA Z OGRANICZONĄ ODPOWIEDZIALNOŚCIĄ,8992991936,RDL000104,Wpisany,Loombard,Loombard,Q113227799
60859,54511,Dęblin,08-530,WARSZAWSKA,12,WPS_WPI,WROCŁAW,0001102379,LOMBARD MEDIUM  SPÓŁKA Z OGRANICZONĄ ODPOWIEDZIALNOŚCIĄ,8992991936,RDL000104,Wpisany,Loombard,Loombard,Q113227799
60859,54532,Dębno,74-400,SŁOWACKIEGO,23,WPS_WPI,WROCŁAW,0001102379,LOMBARD MEDIUM  SPÓŁKA Z OGRANICZONĄ ODPOWIEDZIALNOŚCIĄ,8992991936,RDL000104,Wpisany,Loombard,Loombard,Q113227799
60859,54568,Drezdenko,66-530,PIŁSUDSKIEGO,47,WPS_WPI,WROCŁAW,0001102379,LOMBARD MEDIUM  SPÓŁKA Z OGRANICZONĄ ODPOWIEDZIALNOŚCIĄ,8992991936,RDL000104,Wpisany,Loombard,Loombard,Q113227799
60859,54604,Garwolin,08-400,KOŚCIUSZKI,16,WPS_WPI,WROCŁAW,0001102379,LOMBARD MEDIUM  SPÓŁKA Z OGRANICZONĄ ODPOWIEDZIALNOŚCIĄ,8992991936,RDL000104,Wpisany,Loombard,Loombard,Q113227799
60859,54640,Gdańsk,80-376,CZERWONY DWÓR,24,WPS_WPI,WROCŁAW,0001102379,LOMBARD MEDIUM  SPÓŁKA Z OGRANICZONĄ ODPOWIEDZIALNOŚCIĄ,8992991936,RDL000104,Wpisany,Loombard,Loombard,Q113227799
60859,54676,Gdynia,81-552,WIELKOPOLSKA,36,WPS_WPI,WROCŁAW,0001102379,LOMBARD MEDIUM  SPÓŁKA Z OGRANICZONĄ ODPOWIEDZIALNOŚCIĄ,8992991936,RDL000104,Wpisany,Loombard,Loombard,Q113227799
60859,54134,Gliwice,44-103,ODROWĄŻÓW,71,WPS_WPI,WROCŁAW,0001102379,LOMBARD MEDIUM  SPÓŁKA Z OGRANICZONĄ ODPOWIEDZIALNOŚCIĄ,8992991936,RDL000104,Wpisany,Loombard,Loombard,Q113227799
60859,54802,Golub-Dobrzyń,87-400,KILIŃSKIEGO,1,WPS_WPI,WROCŁAW,0001102379,LOMBARD MEDIUM  SPÓŁKA Z OGRANICZONĄ ODPOWIEDZIALNOŚCIĄ,8992991936,RDL000104,Wpisany,Loombard,Loombard,Q113227799
60859,54845,Grodzisk Wielkopolski,62-065,STARY RYNEK,10,WPS_WPI,WROCŁAW,0001102379,LOMBARD MEDIUM  SPÓŁKA Z OGRANICZONĄ ODPOWIEDZIALNOŚCIĄ,8992991936,RDL000104,Wpisany,Loombard,Loombard,Q113227799
60859,54880,Grójec,05-600,PLAC WOLNOŚCI,5,WPS_WPI,WROCŁAW,0001102379,LOMBARD MEDIUM  SPÓŁKA Z OGRANICZONĄ ODPOWIEDZIALNOŚCIĄ,8992991936,RDL000104,Wpisany,Loombard,Loombard,Q113227799
60859,54904,Hajnówka,17-200,3 MAJA,22,WPS_WPI,WROCŁAW,0001102379,LOMBARD MEDIUM  SPÓŁKA Z OGRANICZONĄ ODPOWIEDZIALNOŚCIĄ,8992991936,RDL000104,Wpisany,Loombard,Loombard,Q113227799
60859,54937,Jarocin,63-200,ŚRÓDMIEJSKA,22A,WPS_WPI,WROCŁAW,0001102379,LOMBARD MEDIUM  SPÓŁKA Z OGRANICZONĄ ODPOWIEDZIALNOŚCIĄ,8992991936,RDL000104,Wpisany,Loombard,Loombard,Q113227799
60859,54958,Jawiszowice,32-626,TURYSTYCZNA,21,WPS_WPI,WROCŁAW,0001102379,LOMBARD MEDIUM  SPÓŁKA Z OGRANICZONĄ ODPOWIEDZIALNOŚCIĄ,8992991936,RDL000104,Wpisany,Loombard,Loombard,Q113227799
60859,55012,Jelenia Góra,58-560,WOLNOŚCI,242,WPS_WPI,WROCŁAW,0001102379,LOMBARD MEDIUM  SPÓŁKA Z OGRANICZONĄ ODPOWIEDZIALNOŚCIĄ,8992991936,RDL000104,Wpisany,Loombard,Loombard,Q113227799
60859,98422,Jelenia Góra,58-500,SOBIESKIEGO,14,WPS_WPI,WROCŁAW,0001102379,LOMBARD MEDIUM  SPÓŁKA Z OGRANICZONĄ ODPOWIEDZIALNOŚCIĄ,8992991936,RDL000104,Wpisany,Loombard,Loombard,Q113227799
60859,54991,Jelenia Góra,58-500,WOJSKA POLSKIEGO,27/1,WPS_WPI,WROCŁAW,0001102379,LOMBARD MEDIUM  SPÓŁKA Z OGRANICZONĄ ODPOWIEDZIALNOŚCIĄ,8992991936,RDL000104,Wpisany,Loombard,Loombard,Q113227799
60859,55030,Jędrzejów,28-300,PARTYZANTÓW,2,WPS_WPI,WROCŁAW,0001102379,LOMBARD MEDIUM  SPÓŁKA Z OGRANICZONĄ ODPOWIEDZIALNOŚCIĄ,8992991936,RDL000104,Wpisany,Loombard,Loombard,Q113227799
60859,85188,Kalisz,62-800,Śródmiejska,37,WPS_WPI,WROCŁAW,0001102379,LOMBARD MEDIUM  SPÓŁKA Z OGRANICZONĄ ODPOWIEDZIALNOŚCIĄ,8992991936,RDL000104,Wpisany,Loombard,Loombard,Q113227799
60859,55084,Kalisz,62-800,ZAMKOWA,13,WPS_WPI,WROCŁAW,0001102379,LOMBARD MEDIUM  SPÓŁKA Z OGRANICZONĄ ODPOWIEDZIALNOŚCIĄ,8992991936,RDL000104,Wpisany,Loombard,Loombard,Q113227799
60859,55062,Kalisz,62-800,GÓRNOSLĄSKA,37A,WPS_WPI,WROCŁAW,0001102379,LOMBARD MEDIUM  SPÓŁKA Z OGRANICZONĄ ODPOWIEDZIALNOŚCIĄ,8992991936,RDL000104,Wpisany,Loombard,Loombard,Q113227799
60859,55102,Kamienna Góra,58-400,PLAC WOLNOŚCI,14,WPS_WPI,WROCŁAW,0001102379,LOMBARD MEDIUM  SPÓŁKA Z OGRANICZONĄ ODPOWIEDZIALNOŚCIĄ,8992991936,RDL000104,Wpisany,Loombard,Loombard,Q113227799
60859,55138,Katowice,40-872,ZAWISZY CZARNEGO,16,WPS_WPI,WROCŁAW,0001102379,LOMBARD MEDIUM  SPÓŁKA Z OGRANICZONĄ ODPOWIEDZIALNOŚCIĄ,8992991936,RDL000104,Wpisany,Loombard,Loombard,Q113227799
60859,94580,Katowice,40-484,Batalionów Chłopskich,19,WPS_WPI,WROCŁAW,0001102379,LOMBARD MEDIUM  SPÓŁKA Z OGRANICZONĄ ODPOWIEDZIALNOŚCIĄ,8992991936,RDL000104,Wpisany,Loombard,Loombard,Q113227799
60859,55120,Katowice,40-093,CHOPINA,2,WPS_WPI,WROCŁAW,0001102379,LOMBARD MEDIUM  SPÓŁKA Z OGRANICZONĄ ODPOWIEDZIALNOŚCIĄ,8992991936,RDL000104,Wpisany,Loombard,Loombard,Q113227799
60859,55156,Koło,62-600,TORUŃSKA,26,WPS_WPI,WROCŁAW,0001102379,LOMBARD MEDIUM  SPÓŁKA Z OGRANICZONĄ ODPOWIEDZIALNOŚCIĄ,8992991936,RDL000104,Wpisany,Loombard,Loombard,Q113227799
60859,55210,Konin,62-510,DWORCOWA,10D,WPS_WPI,WROCŁAW,0001102379,LOMBARD MEDIUM  SPÓŁKA Z OGRANICZONĄ ODPOWIEDZIALNOŚCIĄ,8992991936,RDL000104,Wpisany,Loombard,Loombard,Q113227799
60859,55192,Konin,62-510,11 LISTOPADA,27,WPS_WPI,WROCŁAW,0001102379,LOMBARD MEDIUM  SPÓŁKA Z OGRANICZONĄ ODPOWIEDZIALNOŚCIĄ,8992991936,RDL000104,Wpisany,Loombard,Loombard,Q113227799
60859,55174,Konin,62-500,3 MAJA,11,WPS_WPI,WROCŁAW,0001102379,LOMBARD MEDIUM  SPÓŁKA Z OGRANICZONĄ ODPOWIEDZIALNOŚCIĄ,8992991936,RDL000104,Wpisany,Loombard,Loombard,Q113227799
60859,101476,Konin,62-500,Plac Wolności,10,WPS_WPI,WROCŁAW,0001102379,LOMBARD MEDIUM  SPÓŁKA Z OGRANICZONĄ ODPOWIEDZIALNOŚCIĄ,8992991936,RDL000104,Wpisany,Loombard,Loombard,Q113227799
60859,55228,Kościan,64-000,KOŚCIUSZKI,8,WPS_WPI,WROCŁAW,0001102379,LOMBARD MEDIUM  SPÓŁKA Z OGRANICZONĄ ODPOWIEDZIALNOŚCIĄ,8992991936,RDL000104,Wpisany,Loombard,Loombard,Q113227799
60859,55444,Kraków,31-945,OSIEDLE TEATRALNE,3/U15,WPS_WPI,WROCŁAW,0001102379,LOMBARD MEDIUM  SPÓŁKA Z OGRANICZONĄ ODPOWIEDZIALNOŚCIĄ,8992991936,RDL000104,Wpisany,Loombard,Loombard,Q113227799
60859,55242,Kraków,30-006,WROCŁAWSKA,7/1,WPS_WPI,WROCŁAW,0001102379,LOMBARD MEDIUM  SPÓŁKA Z OGRANICZONĄ ODPOWIEDZIALNOŚCIĄ,8992991936,RDL000104,Wpisany,Loombard,Loombard,Q113227799
60859,55300,Kraków,30-348,STEFANA GROTA ROWECKIEGO,7H,WPS_WPI,WROCŁAW,0001102379,LOMBARD MEDIUM  SPÓŁKA Z OGRANICZONĄ ODPOWIEDZIALNOŚCIĄ,8992991936,RDL000104,Wpisany,Loombard,Loombard,Q113227799
60859,55369,Kraków,31-212,PLAC IMBRAMOWSKI,121,WPS_WPI,WROCŁAW,0001102379,LOMBARD MEDIUM  SPÓŁKA Z OGRANICZONĄ ODPOWIEDZIALNOŚCIĄ,8992991936,RDL000104,Wpisany,Loombard,Loombard,Q113227799
60859,55426,Kraków,31-932,OSIEDLE CENTRUM,D1,WPS_WPI,WROCŁAW,0001102379,LOMBARD MEDIUM  SPÓŁKA Z OGRANICZONĄ ODPOWIEDZIALNOŚCIĄ,8992991936,RDL000104,Wpisany,Loombard,Loombard,Q113227799
60859,55404,Kraków,31-861,OSIEDLE NIEPODLEGŁOŚCI,1,WPS_WPI,WROCŁAW,0001102379,LOMBARD MEDIUM  SPÓŁKA Z OGRANICZONĄ ODPOWIEDZIALNOŚCIĄ,8992991936,RDL000104,Wpisany,Loombard,Loombard,Q113227799
60859,55390,Kraków,31-630,OSIEDLE KOMBATANTÓW,7C,WPS_WPI,WROCŁAW,0001102379,LOMBARD MEDIUM  SPÓŁKA Z OGRANICZONĄ ODPOWIEDZIALNOŚCIĄ,8992991936,RDL000104,Wpisany,Loombard,Loombard,Q113227799
60859,55354,Kraków,31-032,STAROWIŚLNA,16,WPS_WPI,WROCŁAW,0001102379,LOMBARD MEDIUM  SPÓŁKA Z OGRANICZONĄ ODPOWIEDZIALNOŚCIĄ,8992991936,RDL000104,Wpisany,Loombard,Loombard,Q113227799
60859,55336,Kraków,30-835,TELIGI,30B,WPS_WPI,WROCŁAW,0001102379,LOMBARD MEDIUM  SPÓŁKA Z OGRANICZONĄ ODPOWIEDZIALNOŚCIĄ,8992991936,RDL000104,Wpisany,Loombard,Loombard,Q113227799
60859,55318,Kraków,30-668,WLOTOWA,5B,WPS_WPI,WROCŁAW,0001102379,LOMBARD MEDIUM  SPÓŁKA Z OGRANICZONĄ ODPOWIEDZIALNOŚCIĄ,8992991936,RDL000104,Wpisany,Loombard,Loombard,Q113227799
60859,55282,Kraków,30-091,BRONOWICKA,80,WPS_WPI,WROCŁAW,0001102379,LOMBARD MEDIUM  SPÓŁKA Z OGRANICZONĄ ODPOWIEDZIALNOŚCIĄ,8992991936,RDL000104,Wpisany,Loombard,Loombard,Q113227799
60859,55264,Kraków,30-048,KARMELICKA,45A,WPS_WPI,WROCŁAW,0001102379,LOMBARD MEDIUM  SPÓŁKA Z OGRANICZONĄ ODPOWIEDZIALNOŚCIĄ,8992991936,RDL000104,Wpisany,Loombard,Loombard,Q113227799
60859,101336,Kraków,30-382,Kobierzyńska,93/4U,WPS_WPI,WROCŁAW,0001102379,LOMBARD MEDIUM  SPÓŁKA Z OGRANICZONĄ ODPOWIEDZIALNOŚCIĄ,8992991936,RDL000104,Wpisany,Loombard,Loombard,Q113227799
60859,55457,Krosno,38-400,PIŁSUDSKIEGO,10,WPS_WPI,WROCŁAW,0001102379,LOMBARD MEDIUM  SPÓŁKA Z OGRANICZONĄ ODPOWIEDZIALNOŚCIĄ,8992991936,RDL000104,Wpisany,Loombard,Loombard,Q113227799
60859,55475,Krotoszyn,63-700,KOŹMIŃSKA,5,WPS_WPI,WROCŁAW,0001102379,LOMBARD MEDIUM  SPÓŁKA Z OGRANICZONĄ ODPOWIEDZIALNOŚCIĄ,8992991936,RDL000104,Wpisany,Loombard,Loombard,Q113227799
60859,55498,Leżajsk,37-300,MICKIEWICZA,8,WPS_WPI,WROCŁAW,0001102379,LOMBARD MEDIUM  SPÓŁKA Z OGRANICZONĄ ODPOWIEDZIALNOŚCIĄ,8992991936,RDL000104,Wpisany,Loombard,Loombard,Q113227799
60859,55512,Lędziny,43-143,FREDRY,-,WPS_WPI,WROCŁAW,0001102379,LOMBARD MEDIUM  SPÓŁKA Z OGRANICZONĄ ODPOWIEDZIALNOŚCIĄ,8992991936,RDL000104,Wpisany,Loombard,Loombard,Q113227799
60859,55534,Libiąż,32-590,1-GO MAJA,11A,WPS_WPI,WROCŁAW,0001102379,LOMBARD MEDIUM  SPÓŁKA Z OGRANICZONĄ ODPOWIEDZIALNOŚCIĄ,8992991936,RDL000104,Wpisany,Loombard,Loombard,Q113227799
60859,55552,Łańcut,37-100,PIŁSUDSKIEGO,14,WPS_WPI,WROCŁAW,0001102379,LOMBARD MEDIUM  SPÓŁKA Z OGRANICZONĄ ODPOWIEDZIALNOŚCIĄ,8992991936,RDL000104,Wpisany,Loombard,Loombard,Q113227799
60859,55568,Łask,98-100,11 LISTOPADA,4,WPS_WPI,WROCŁAW,0001102379,LOMBARD MEDIUM  SPÓŁKA Z OGRANICZONĄ ODPOWIEDZIALNOŚCIĄ,8992991936,RDL000104,Wpisany,Loombard,Loombard,Q113227799
60859,55588,Łaziska Górne,43-170,WĄSKA,2,WPS_WPI,WROCŁAW,0001102379,LOMBARD MEDIUM  SPÓŁKA Z OGRANICZONĄ ODPOWIEDZIALNOŚCIĄ,8992991936,RDL000104,Wpisany,Loombard,Loombard,Q113227799
60859,55606,Łęczyca,99-100,KALISKA,15,WPS_WPI,WROCŁAW,0001102379,LOMBARD MEDIUM  SPÓŁKA Z OGRANICZONĄ ODPOWIEDZIALNOŚCIĄ,8992991936,RDL000104,Wpisany,Loombard,Loombard,Q113227799
60859,55624,Łomianki,05-092,WARSZAWSKA,162,WPS_WPI,WROCŁAW,0001102379,LOMBARD MEDIUM  SPÓŁKA Z OGRANICZONĄ ODPOWIEDZIALNOŚCIĄ,8992991936,RDL000104,Wpisany,Loombard,Loombard,Q113227799
60859,55639,Łomża,18-400,ALEJA LEGIONÓW,50/30,WPS_WPI,WROCŁAW,0001102379,LOMBARD MEDIUM  SPÓŁKA Z OGRANICZONĄ ODPOWIEDZIALNOŚCIĄ,8992991936,RDL000104,Wpisany,Loombard,Loombard,Q113227799
60859,86631,Łuków,21-400,Kardynała Stefana Wyszyńskiego,11,WPS_WPI,WROCŁAW,0001102379,LOMBARD MEDIUM  SPÓŁKA Z OGRANICZONĄ ODPOWIEDZIALNOŚCIĄ,8992991936,RDL000104,Wpisany,Loombard,Loombard,Q113227799
60859,55677,Międzychód,64-400,PIŁSUDSKIEGO,26,WPS_WPI,WROCŁAW,0001102379,LOMBARD MEDIUM  SPÓŁKA Z OGRANICZONĄ ODPOWIEDZIALNOŚCIĄ,8992991936,RDL000104,Wpisany,Loombard,Loombard,Q113227799
60859,55696,Międzyrzec Podlaski,21-560,LUBELSKA,16/1,WPS_WPI,WROCŁAW,0001102379,LOMBARD MEDIUM  SPÓŁKA Z OGRANICZONĄ ODPOWIEDZIALNOŚCIĄ,8992991936,RDL000104,Wpisany,Loombard,Loombard,Q113227799
60859,55714,Milicz,56-300,WROCŁAWSKA,6,WPS_WPI,WROCŁAW,0001102379,LOMBARD MEDIUM  SPÓŁKA Z OGRANICZONĄ ODPOWIEDZIALNOŚCIĄ,8992991936,RDL000104,Wpisany,Loombard,Loombard,Q113227799
60859,55730,Mińsk Mazowiecki,05-300,STARY RYNEK,3,WPS_WPI,WROCŁAW,0001102379,LOMBARD MEDIUM  SPÓŁKA Z OGRANICZONĄ ODPOWIEDZIALNOŚCIĄ,8992991936,RDL000104,Wpisany,Loombard,Loombard,Q113227799
60859,55750,Mińsk Mazowiecki,05-300,WARSZAWSKA,115B,WPS_WPI,WROCŁAW,0001102379,LOMBARD MEDIUM  SPÓŁKA Z OGRANICZONĄ ODPOWIEDZIALNOŚCIĄ,8992991936,RDL000104,Wpisany,Loombard,Loombard,Q113227799
60859,85202,Myslibórz,74-300,Bohaterów Warszawy,61,WPS_WPI,WROCŁAW,0001102379,LOMBARD MEDIUM  SPÓŁKA Z OGRANICZONĄ ODPOWIEDZIALNOŚCIĄ,8992991936,RDL000104,Wpisany,Loombard,Loombard,Q113227799
60859,54556,Namysłów,46-100,PL. WOLNOŚCI,3-5,WPS_WPI,WROCŁAW,0001102379,LOMBARD MEDIUM  SPÓŁKA Z OGRANICZONĄ ODPOWIEDZIALNOŚCIĄ,8992991936,RDL000104,Wpisany,Loombard,Loombard,Q113227799
60859,54592,Nisko,37-400,WOLNOŚCI,2,WPS_WPI,WROCŁAW,0001102379,LOMBARD MEDIUM  SPÓŁKA Z OGRANICZONĄ ODPOWIEDZIALNOŚCIĄ,8992991936,RDL000104,Wpisany,Loombard,Loombard,Q113227799
60859,54628,Nowa Ruda,57-400,KOLEJOWA,2,WPS_WPI,WROCŁAW,0001102379,LOMBARD MEDIUM  SPÓŁKA Z OGRANICZONĄ ODPOWIEDZIALNOŚCIĄ,8992991936,RDL000104,Wpisany,Loombard,Loombard,Q113227799
60859,54664,Nowy Sącz,33-300,DŁUGOSZA,45,WPS_WPI,WROCŁAW,0001102379,LOMBARD MEDIUM  SPÓŁKA Z OGRANICZONĄ ODPOWIEDZIALNOŚCIĄ,8992991936,RDL000104,Wpisany,Loombard,Loombard,Q113227799
60859,54700,Nowy Sącz,33-300,LWOWSKA,55,WPS_WPI,WROCŁAW,0001102379,LOMBARD MEDIUM  SPÓŁKA Z OGRANICZONĄ ODPOWIEDZIALNOŚCIĄ,8992991936,RDL000104,Wpisany,Loombard,Loombard,Q113227799
60859,54832,Nowy Tomyśl,64-300,PIŁSUDSKIEGO,6,WPS_WPI,WROCŁAW,0001102379,LOMBARD MEDIUM  SPÓŁKA Z OGRANICZONĄ ODPOWIEDZIALNOŚCIĄ,8992991936,RDL000104,Wpisany,Loombard,Loombard,Q113227799
60859,54895,Nysa,48-304,PRUDNICKA,7,WPS_WPI,WROCŁAW,0001102379,LOMBARD MEDIUM  SPÓŁKA Z OGRANICZONĄ ODPOWIEDZIALNOŚCIĄ,8992991936,RDL000104,Wpisany,Loombard,Loombard,Q113227799
60859,54868,Nysa,48-303,GRZYBOWA,1,WPS_WPI,WROCŁAW,0001102379,LOMBARD MEDIUM  SPÓŁKA Z OGRANICZONĄ ODPOWIEDZIALNOŚCIĄ,8992991936,RDL000104,Wpisany,Loombard,Loombard,Q113227799
60859,54913,Olesno,46-300,RYNEK,15,WPS_WPI,WROCŁAW,0001102379,LOMBARD MEDIUM  SPÓŁKA Z OGRANICZONĄ ODPOWIEDZIALNOŚCIĄ,8992991936,RDL000104,Wpisany,Loombard,Loombard,Q113227799
60859,54949,Oława,55-200,RYNEK,2/2U,WPS_WPI,WROCŁAW,0001102379,LOMBARD MEDIUM  SPÓŁKA Z OGRANICZONĄ ODPOWIEDZIALNOŚCIĄ,8992991936,RDL000104,Wpisany,Loombard,Loombard,Q113227799
60859,54931,Oława,55-200,KRÓTKA,2U,WPS_WPI,WROCŁAW,0001102379,LOMBARD MEDIUM  SPÓŁKA Z OGRANICZONĄ ODPOWIEDZIALNOŚCIĄ,8992991936,RDL000104,Wpisany,Loombard,Loombard,Q113227799
60859,54985,Ostrołęka,07-410,PIŁSUDSKIEGO,13A,WPS_WPI,WROCŁAW,0001102379,LOMBARD MEDIUM  SPÓŁKA Z OGRANICZONĄ ODPOWIEDZIALNOŚCIĄ,8992991936,RDL000104,Wpisany,Loombard,Loombard,Q113227799
60859,54959,Ostrołęka,07-410,GEN. A. E. FIELDORFA NILA,2C,WPS_WPI,WROCŁAW,0001102379,LOMBARD MEDIUM  SPÓŁKA Z OGRANICZONĄ ODPOWIEDZIALNOŚCIĄ,8992991936,RDL000104,Wpisany,Loombard,Loombard,Q113227799
60859,55003,Ostrów Mazowiecka,07-300,MIECZKOWSKIEGO,17,WPS_WPI,WROCŁAW,0001102379,LOMBARD MEDIUM  SPÓŁKA Z OGRANICZONĄ ODPOWIEDZIALNOŚCIĄ,8992991936,RDL000104,Wpisany,Loombard,Loombard,Q113227799
60859,55021,Ostrów Wielkopolski,63-400,KOLEJOWA,7,WPS_WPI,WROCŁAW,0001102379,LOMBARD MEDIUM  SPÓŁKA Z OGRANICZONĄ ODPOWIEDZIALNOŚCIĄ,8992991936,RDL000104,Wpisany,Loombard,Loombard,Q113227799
60859,93085,Ostrów Wielkopolski,63-400,Rynek,27,WPS_WPI,WROCŁAW,0001102379,LOMBARD MEDIUM  SPÓŁKA Z OGRANICZONĄ ODPOWIEDZIALNOŚCIĄ,8992991936,RDL000104,Wpisany,Loombard,Loombard,Q113227799
60859,55057,Ostrzeszów,63-500,ZAMKOWA,4,WPS_WPI,WROCŁAW,0001102379,LOMBARD MEDIUM  SPÓŁKA Z OGRANICZONĄ ODPOWIEDZIALNOŚCIĄ,8992991936,RDL000104,Wpisany,Loombard,Loombard,Q113227799
60859,95583,Oświęcim,32-600,Tysiąclecia,17B,WPS_WPI,WROCŁAW,0001102379,LOMBARD MEDIUM  SPÓŁKA Z OGRANICZONĄ ODPOWIEDZIALNOŚCIĄ,8992991936,RDL000104,Wpisany,Loombard,Loombard,Q113227799
60859,55075,Oświęcim,32-600,PIASTOWSKA,5,WPS_WPI,WROCŁAW,0001102379,LOMBARD MEDIUM  SPÓŁKA Z OGRANICZONĄ ODPOWIEDZIALNOŚCIĄ,8992991936,RDL000104,Wpisany,Loombard,Loombard,Q113227799
60859,55093,Otwock,05-400,WAWERSKA,3,WPS_WPI,WROCŁAW,0001102379,LOMBARD MEDIUM  SPÓŁKA Z OGRANICZONĄ ODPOWIEDZIALNOŚCIĄ,8992991936,RDL000104,Wpisany,Loombard,Loombard,Q113227799
60859,55111,Ozimek,46-040,WYZWOLENIA,28,WPS_WPI,WROCŁAW,0001102379,LOMBARD MEDIUM  SPÓŁKA Z OGRANICZONĄ ODPOWIEDZIALNOŚCIĄ,8992991936,RDL000104,Wpisany,Loombard,Loombard,Q113227799
60859,55128,Ozorków,95-035,STARZYŃSKIEGO,9 D,WPS_WPI,WROCŁAW,0001102379,LOMBARD MEDIUM  SPÓŁKA Z OGRANICZONĄ ODPOWIEDZIALNOŚCIĄ,8992991936,RDL000104,Wpisany,Loombard,Loombard,Q113227799
60859,55147,Parczew,21-200,PLAC WOLNOŚCI,29,WPS_WPI,WROCŁAW,0001102379,LOMBARD MEDIUM  SPÓŁKA Z OGRANICZONĄ ODPOWIEDZIALNOŚCIĄ,8992991936,RDL000104,Wpisany,Loombard,Loombard,Q113227799
60859,55165,Piastów,05-820,HALLERA,10,WPS_WPI,WROCŁAW,0001102379,LOMBARD MEDIUM  SPÓŁKA Z OGRANICZONĄ ODPOWIEDZIALNOŚCIĄ,8992991936,RDL000104,Wpisany,Loombard,Loombard,Q113227799
60859,101485,Pleszew,63-300,Kaliska,9,WPS_WPI,WROCŁAW,0001102379,LOMBARD MEDIUM  SPÓŁKA Z OGRANICZONĄ ODPOWIEDZIALNOŚCIĄ,8992991936,RDL000104,Wpisany,Loombard,Loombard,Q113227799
60859,55201,Poddębice,99-200,ŁÓDZKA,2/4,WPS_WPI,WROCŁAW,0001102379,LOMBARD MEDIUM  SPÓŁKA Z OGRANICZONĄ ODPOWIEDZIALNOŚCIĄ,8992991936,RDL000104,Wpisany,Loombard,Loombard,Q113227799
60859,55219,Puławy,24-100,CENTRALNA,10,WPS_WPI,WROCŁAW,0001102379,LOMBARD MEDIUM  SPÓŁKA Z OGRANICZONĄ ODPOWIEDZIALNOŚCIĄ,8992991936,RDL000104,Wpisany,Loombard,Loombard,Q113227799
60859,55237,Pułtusk,06-100,ALEJA WOJSKA POLSKIEGO,7C,WPS_WPI,WROCŁAW,0001102379,LOMBARD MEDIUM  SPÓŁKA Z OGRANICZONĄ ODPOWIEDZIALNOŚCIĄ,8992991936,RDL000104,Wpisany,Loombard,Loombard,Q113227799
60859,55255,Pyskowice,44-120,ARMII KRAJOWEJ,12,WPS_WPI,WROCŁAW,0001102379,LOMBARD MEDIUM  SPÓŁKA Z OGRANICZONĄ ODPOWIEDZIALNOŚCIĄ,8992991936,RDL000104,Wpisany,Loombard,Loombard,Q113227799
60859,55273,Radzyń Podlaski,21-300,OSTROWIECKA,6,WPS_WPI,WROCŁAW,0001102379,LOMBARD MEDIUM  SPÓŁKA Z OGRANICZONĄ ODPOWIEDZIALNOŚCIĄ,8992991936,RDL000104,Wpisany,Loombard,Loombard,Q113227799
60859,55291,Rawa Mazowiecka,96-200,KRAKOWSKA,6,WPS_WPI,WROCŁAW,0001102379,LOMBARD MEDIUM  SPÓŁKA Z OGRANICZONĄ ODPOWIEDZIALNOŚCIĄ,8992991936,RDL000104,Wpisany,Loombard,Loombard,Q113227799
60859,55327,Sieradz,98-200,KOŚCIUSZKI,6A,WPS_WPI,WROCŁAW,0001102379,LOMBARD MEDIUM  SPÓŁKA Z OGRANICZONĄ ODPOWIEDZIALNOŚCIĄ,8992991936,RDL000104,Wpisany,Loombard,Loombard,Q113227799
60859,55345,Skarżysko Kamienna,26-110,TYSIĄCLECIA,35/39,WPS_WPI,WROCŁAW,0001102379,LOMBARD MEDIUM  SPÓŁKA Z OGRANICZONĄ ODPOWIEDZIALNOŚCIĄ,8992991936,RDL000104,Wpisany,Loombard,Loombard,Q113227799
60859,55363,Skawina,32-050,RYNEK,4/2,WPS_WPI,WROCŁAW,0001102379,LOMBARD MEDIUM  SPÓŁKA Z OGRANICZONĄ ODPOWIEDZIALNOŚCIĄ,8992991936,RDL000104,Wpisany,Loombard,Loombard,Q113227799
60859,55397,Skierniewice,96-100,ŁUCZYŃSKIEGO,10,WPS_WPI,WROCŁAW,0001102379,LOMBARD MEDIUM  SPÓŁKA Z OGRANICZONĄ ODPOWIEDZIALNOŚCIĄ,8992991936,RDL000104,Wpisany,Loombard,Loombard,Q113227799
60859,55381,Skierniewice,96-100,BATOREGO,12,WPS_WPI,WROCŁAW,0001102379,LOMBARD MEDIUM  SPÓŁKA Z OGRANICZONĄ ODPOWIEDZIALNOŚCIĄ,8992991936,RDL000104,Wpisany,Loombard,Loombard,Q113227799
60859,55410,Słupca,62-400,POZNAŃSKA,1,WPS_WPI,WROCŁAW,0001102379,LOMBARD MEDIUM  SPÓŁKA Z OGRANICZONĄ ODPOWIEDZIALNOŚCIĄ,8992991936,RDL000104,Wpisany,Loombard,Loombard,Q113227799
60859,55435,Sokołów Podlaski,08-300,KILIŃSKIEGO,16,WPS_WPI,WROCŁAW,0001102379,LOMBARD MEDIUM  SPÓŁKA Z OGRANICZONĄ ODPOWIEDZIALNOŚCIĄ,8992991936,RDL000104,Wpisany,Loombard,Loombard,Q113227799
60859,55467,Starachowice,27-200,SPÓŁDZIELCZA,13,WPS_WPI,WROCŁAW,0001102379,LOMBARD MEDIUM  SPÓŁKA Z OGRANICZONĄ ODPOWIEDZIALNOŚCIĄ,8992991936,RDL000104,Wpisany,Loombard,Loombard,Q113227799
60859,98843,Starachowice,27-200,Sportowa,2,WPS_WPI,WROCŁAW,0001102379,LOMBARD MEDIUM  SPÓŁKA Z OGRANICZONĄ ODPOWIEDZIALNOŚCIĄ,8992991936,RDL000104,Wpisany,Loombard,Loombard,Q113227799
60859,55484,Staszów,28-200,RYNEK,4,WPS_WPI,WROCŁAW,0001102379,LOMBARD MEDIUM  SPÓŁKA Z OGRANICZONĄ ODPOWIEDZIALNOŚCIĄ,8992991936,RDL000104,Wpisany,Loombard,Loombard,Q113227799
60859,55502,Strzegom,58-150,JAROSŁAWA DĄBROWSKIEGO,30,WPS_WPI,WROCŁAW,0001102379,LOMBARD MEDIUM  SPÓŁKA Z OGRANICZONĄ ODPOWIEDZIALNOŚCIĄ,8992991936,RDL000104,Wpisany,Loombard,Loombard,Q113227799
60859,92897,Suwałki,16-400,Noniewicza,93,WPS_WPI,WROCŁAW,0001102379,LOMBARD MEDIUM  SPÓŁKA Z OGRANICZONĄ ODPOWIEDZIALNOŚCIĄ,8992991936,RDL000104,Wpisany,Loombard,Loombard,Q113227799
60859,55525,Syców,56-500,PL.WOLNOŚCI,9-10/20,WPS_WPI,WROCŁAW,0001102379,LOMBARD MEDIUM  SPÓŁKA Z OGRANICZONĄ ODPOWIEDZIALNOŚCIĄ,8992991936,RDL000104,Wpisany,Loombard,Loombard,Q113227799
60859,55536,Szydłowiec,26-500,KOŚCIUSZKI,184,WPS_WPI,WROCŁAW,0001102379,LOMBARD MEDIUM  SPÓŁKA Z OGRANICZONĄ ODPOWIEDZIALNOŚCIĄ,8992991936,RDL000104,Wpisany,Loombard,Loombard,Q113227799
60859,55579,Śrem,63-100,WIELKA RZEŹNICKA,1,WPS_WPI,WROCŁAW,0001102379,LOMBARD MEDIUM  SPÓŁKA Z OGRANICZONĄ ODPOWIEDZIALNOŚCIĄ,8992991936,RDL000104,Wpisany,Loombard,Loombard,Q113227799
60859,55553,Śrem,63-100,CHŁAPOWSKIEGO,19B,WPS_WPI,WROCŁAW,0001102379,LOMBARD MEDIUM  SPÓŁKA Z OGRANICZONĄ ODPOWIEDZIALNOŚCIĄ,8992991936,RDL000104,Wpisany,Loombard,Loombard,Q113227799
60859,55597,Środa Śląska,55-300,PL. WOLNOŚCI,80/1,WPS_WPI,WROCŁAW,0001102379,LOMBARD MEDIUM  SPÓŁKA Z OGRANICZONĄ ODPOWIEDZIALNOŚCIĄ,8992991936,RDL000104,Wpisany,Loombard,Loombard,Q113227799
60859,101467,Trzebinia,32-540,Rynek,21,WPS_WPI,WROCŁAW,0001102379,LOMBARD MEDIUM  SPÓŁKA Z OGRANICZONĄ ODPOWIEDZIALNOŚCIĄ,8992991936,RDL000104,Wpisany,Loombard,Loombard,Q113227799
60859,55651,Trzebnica,55-100,HENRYKA POBOŻNEGO,26E,WPS_WPI,WROCŁAW,0001102379,LOMBARD MEDIUM  SPÓŁKA Z OGRANICZONĄ ODPOWIEDZIALNOŚCIĄ,8992991936,RDL000104,Wpisany,Loombard,Loombard,Q113227799
60859,55669,Turek,62-700,KALISKA,13,WPS_WPI,WROCŁAW,0001102379,LOMBARD MEDIUM  SPÓŁKA Z OGRANICZONĄ ODPOWIEDZIALNOŚCIĄ,8992991936,RDL000104,Wpisany,Loombard,Loombard,Q113227799
60859,55687,Ustroń,43-450,IGNACEGO DASZYŃSKIEGO,2,WPS_WPI,WROCŁAW,0001102379,LOMBARD MEDIUM  SPÓŁKA Z OGRANICZONĄ ODPOWIEDZIALNOŚCIĄ,8992991936,RDL000104,Wpisany,Loombard,Loombard,Q113227799
60859,89675,Warszawa,02-383,Grójecka,128B,WPS_WPI,WROCŁAW,0001102379,LOMBARD MEDIUM  SPÓŁKA Z OGRANICZONĄ ODPOWIEDZIALNOŚCIĄ,8992991936,RDL000104,Wpisany,Loombard,Loombard,Q113227799
60859,55804,Warszawa,02-739,WAŁBRZYSKA,48A PAW. 20,WPS_WPI,WROCŁAW,0001102379,LOMBARD MEDIUM  SPÓŁKA Z OGRANICZONĄ ODPOWIEDZIALNOŚCIĄ,8992991936,RDL000104,Wpisany,Loombard,Loombard,Q113227799
60859,55795,Warszawa,02-595,PUŁAWSKA,103,WPS_WPI,WROCŁAW,0001102379,LOMBARD MEDIUM  SPÓŁKA Z OGRANICZONĄ ODPOWIEDZIALNOŚCIĄ,8992991936,RDL000104,Wpisany,Loombard,Loombard,Q113227799
60859,55831,Warszawa,04-454,AL. CHRUŚCIELA,17,WPS_WPI,WROCŁAW,0001102379,LOMBARD MEDIUM  SPÓŁKA Z OGRANICZONĄ ODPOWIEDZIALNOŚCIĄ,8992991936,RDL000104,Wpisany,Loombard,Loombard,Q113227799
60859,55705,Warszawa,00-725,CHEŁMSKA,50/78,WPS_WPI,WROCŁAW,0001102379,LOMBARD MEDIUM  SPÓŁKA Z OGRANICZONĄ ODPOWIEDZIALNOŚCIĄ,8992991936,RDL000104,Wpisany,Loombard,Loombard,Q113227799
60859,55786,Warszawa,02-512,PUŁAWSKA,26,WPS_WPI,WROCŁAW,0001102379,LOMBARD MEDIUM  SPÓŁKA Z OGRANICZONĄ ODPOWIEDZIALNOŚCIĄ,8992991936,RDL000104,Wpisany,Loombard,Loombard,Q113227799
60859,55768,Warszawa,02-094,GRÓJECKA,79,WPS_WPI,WROCŁAW,0001102379,LOMBARD MEDIUM  SPÓŁKA Z OGRANICZONĄ ODPOWIEDZIALNOŚCIĄ,8992991936,RDL000104,Wpisany,Loombard,Loombard,Q113227799
60859,55741,Warszawa,01-840,REYMONTA,15,WPS_WPI,WROCŁAW,0001102379,LOMBARD MEDIUM  SPÓŁKA Z OGRANICZONĄ ODPOWIEDZIALNOŚCIĄ,8992991936,RDL000104,Wpisany,Loombard,Loombard,Q113227799
60859,55723,Warszawa,01-802,MARYMONCKA,65,WPS_WPI,WROCŁAW,0001102379,LOMBARD MEDIUM  SPÓŁKA Z OGRANICZONĄ ODPOWIEDZIALNOŚCIĄ,8992991936,RDL000104,Wpisany,Loombard,Loombard,Q113227799
60859,55813,Warszawa,03-203,BAZYLIAŃSKA,4J,WPS_WPI,WROCŁAW,0001102379,LOMBARD MEDIUM  SPÓŁKA Z OGRANICZONĄ ODPOWIEDZIALNOŚCIĄ,8992991936,RDL000104,Wpisany,Loombard,Loombard,Q113227799
60859,55759,Warszawa,02-030,GRÓJECKA,31,WPS_WPI,WROCŁAW,0001102379,LOMBARD MEDIUM  SPÓŁKA Z OGRANICZONĄ ODPOWIEDZIALNOŚCIĄ,8992991936,RDL000104,Wpisany,Loombard,Loombard,Q113227799
60859,55840,Wąbrzeźno,87-200,1 MAJA,48,WPS_WPI,WROCŁAW,0001102379,LOMBARD MEDIUM  SPÓŁKA Z OGRANICZONĄ ODPOWIEDZIALNOŚCIĄ,8992991936,RDL000104,Wpisany,Loombard,Loombard,Q113227799
60859,55849,Węgrów,07-100,PRZEMYSŁOWA,1,WPS_WPI,WROCŁAW,0001102379,LOMBARD MEDIUM  SPÓŁKA Z OGRANICZONĄ ODPOWIEDZIALNOŚCIĄ,8992991936,RDL000104,Wpisany,Loombard,Loombard,Q113227799
60859,55867,Wieliczka,32-020,SZPUNARA,2,WPS_WPI,WROCŁAW,0001102379,LOMBARD MEDIUM  SPÓŁKA Z OGRANICZONĄ ODPOWIEDZIALNOŚCIĄ,8992991936,RDL000104,Wpisany,Loombard,Loombard,Q113227799
60859,55858,Wieliczka,32-020,SŁOWACKIEGO,11,WPS_WPI,WROCŁAW,0001102379,LOMBARD MEDIUM  SPÓŁKA Z OGRANICZONĄ ODPOWIEDZIALNOŚCIĄ,8992991936,RDL000104,Wpisany,Loombard,Loombard,Q113227799
60859,55885,Włocławek,87-800,PLAC WOLNOŚCI,12,WPS_WPI,WROCŁAW,0001102379,LOMBARD MEDIUM  SPÓŁKA Z OGRANICZONĄ ODPOWIEDZIALNOŚCIĄ,8992991936,RDL000104,Wpisany,Loombard,Loombard,Q113227799
60859,55894,Włocławek,87-800,ZIELONY RYNEK,18,WPS_WPI,WROCŁAW,0001102379,LOMBARD MEDIUM  SPÓŁKA Z OGRANICZONĄ ODPOWIEDZIALNOŚCIĄ,8992991936,RDL000104,Wpisany,Loombard,Loombard,Q113227799
60859,55876,Włocławek,87-800,KALISKA,78,WPS_WPI,WROCŁAW,0001102379,LOMBARD MEDIUM  SPÓŁKA Z OGRANICZONĄ ODPOWIEDZIALNOŚCIĄ,8992991936,RDL000104,Wpisany,Loombard,Loombard,Q113227799
60859,87999,Wolsztyn,64-200,5-go Stycznia,56,WPS_WPI,WROCŁAW,0001102379,LOMBARD MEDIUM  SPÓŁKA Z OGRANICZONĄ ODPOWIEDZIALNOŚCIĄ,8992991936,RDL000104,Wpisany,Loombard,Loombard,Q113227799
60859,55912,Wyszków,07-200,DASZYŃSKIEGO,20,WPS_WPI,WROCŁAW,0001102379,LOMBARD MEDIUM  SPÓŁKA Z OGRANICZONĄ ODPOWIEDZIALNOŚCIĄ,8992991936,RDL000104,Wpisany,Loombard,Loombard,Q113227799
60859,85212,Zabrze,41-807,Tarnopolska,76,WPS_WPI,WROCŁAW,0001102379,LOMBARD MEDIUM  SPÓŁKA Z OGRANICZONĄ ODPOWIEDZIALNOŚCIĄ,8992991936,RDL000104,Wpisany,Loombard,Loombard,Q113227799
60859,95009,Zakopane,34-500,Krupówki,75,WPS_WPI,WROCŁAW,0001102379,LOMBARD MEDIUM  SPÓŁKA Z OGRANICZONĄ ODPOWIEDZIALNOŚCIĄ,8992991936,RDL000104,Wpisany,Loombard,Loombard,Q113227799
60859,55939,Zduńska Wola,98-200,ŁASKA,18,WPS_WPI,WROCŁAW,0001102379,LOMBARD MEDIUM  SPÓŁKA Z OGRANICZONĄ ODPOWIEDZIALNOŚCIĄ,8992991936,RDL000104,Wpisany,Loombard,Loombard,Q113227799
60859,55948,Zelów,97-425,PLAC DĄBROWSKIEGO,2,WPS_WPI,WROCŁAW,0001102379,LOMBARD MEDIUM  SPÓŁKA Z OGRANICZONĄ ODPOWIEDZIALNOŚCIĄ,8992991936,RDL000104,Wpisany,Loombard,Loombard,Q113227799
60859,55957,Zgierz,95-100,DŁUGA,15,WPS_WPI,WROCŁAW,0001102379,LOMBARD MEDIUM  SPÓŁKA Z OGRANICZONĄ ODPOWIEDZIALNOŚCIĄ,8992991936,RDL000104,Wpisany,Loombard,Loombard,Q113227799
60859,55966,Żagań,68-100,RYNEK,4,WPS_WPI,WROCŁAW,0001102379,LOMBARD MEDIUM  SPÓŁKA Z OGRANICZONĄ ODPOWIEDZIALNOŚCIĄ,8992991936,RDL000104,Wpisany,Loombard,Loombard,Q113227799
83195,82606,Włocławek,87-800,Warszawska,7/9,WPS_WPI,WŁOCŁAWEK,0000611415,LOMBARD PALMOWSKI SPÓŁKA Z OGRANICZONĄ ODPOWIEDZIALNOŚCIĄ,8883125223,RDL000193,Wpisany,,,
83195,100055,Włocławek,87-800,Zielony Rynek,17,WPS_WPI,WŁOCŁAWEK,0000611415,LOMBARD PALMOWSKI SPÓŁKA Z OGRANICZONĄ ODPOWIEDZIALNOŚCIĄ,8883125223,RDL000193,Wpisany,,,
83195,100046,Włocławek,87-800,Kaliska,83c/10b,WPS_WPI,WŁOCŁAWEK,0000611415,LOMBARD PALMOWSKI SPÓŁKA Z OGRANICZONĄ ODPOWIEDZIALNOŚCIĄ,8883125223,RDL000193,Wpisany,,,
71092,62672,Busko Zdrój,28-100,Wojska Polskiego,3,WPS_WPI,BUSKO-ZDRÓJ,0001110328,LOMBARD PAWEŁ KOBIERSKI  SPÓŁKA Z OGRANICZONĄ ODPOWIEDZIALNOŚCIĄ,6551988849,RDL000153,Wpisany,,,
71092,62685,CHMIELNIK,26-020,RYNEK,11,WPS_WPI,BUSKO-ZDRÓJ,0001110328,LOMBARD PAWEŁ KOBIERSKI  SPÓŁKA Z OGRANICZONĄ ODPOWIEDZIALNOŚCIĄ,6551988849,RDL000153,Wpisany,,,
71092,62698,PIŃCZÓW,28-400,LEGIONISTÓW,22,WPS_WPI,BUSKO-ZDRÓJ,0001110328,LOMBARD PAWEŁ KOBIERSKI  SPÓŁKA Z OGRANICZONĄ ODPOWIEDZIALNOŚCIĄ,6551988849,RDL000153,Wpisany,,,
72251,66767,Czestochowa,42-200,Al. N.M.P.,18,WPS_WPI,CZĘSTOCHOWA,0001078383,LOMBARD PIERWSZY SPÓŁKA Z OGRANICZONĄ ODPOWIEDZIALNOŚCIĄ,9492266032,RDL000168,Wpisany,,,
72251,66780,Częstochowa,42-207,Al. Wojska Polskiego,120,WPS_WPI,CZĘSTOCHOWA,0001078383,LOMBARD PIERWSZY SPÓŁKA Z OGRANICZONĄ ODPOWIEDZIALNOŚCIĄ,9492266032,RDL000168,Wpisany,,,
61054,80982,Bełchatów,97-400,Wojska Polskiego,5E,WPS_WPI,WROCŁAW,0001101975,LOMBARD PLATINUM SPÓŁKA Z OGRANICZONĄ ODPOWIEDZIALNOŚCIĄ,8992991741,RDL000110,Wpisany,Loombard,Loombard,Q113227799
61054,81000,Bełchatów,97-400,Pabianicka,7,WPS_WPI,WROCŁAW,0001101975,LOMBARD PLATINUM SPÓŁKA Z OGRANICZONĄ ODPOWIEDZIALNOŚCIĄ,8992991741,RDL000110,Wpisany,Loombard,Loombard,Q113227799
61054,80883,Brodnica,87-300,Mostowa,18,WPS_WPI,WROCŁAW,0001101975,LOMBARD PLATINUM SPÓŁKA Z OGRANICZONĄ ODPOWIEDZIALNOŚCIĄ,8992991741,RDL000110,Wpisany,Loombard,Loombard,Q113227799
61054,80919,Chojnów,59-225,Legnicka,11,WPS_WPI,WROCŁAW,0001101975,LOMBARD PLATINUM SPÓŁKA Z OGRANICZONĄ ODPOWIEDZIALNOŚCIĄ,8992991741,RDL000110,Wpisany,Loombard,Loombard,Q113227799
61054,81036,Chrzanów,32-500,Mickiewicza,8,WPS_WPI,WROCŁAW,0001101975,LOMBARD PLATINUM SPÓŁKA Z OGRANICZONĄ ODPOWIEDZIALNOŚCIĄ,8992991741,RDL000110,Wpisany,Loombard,Loombard,Q113227799
61054,85122,Człuchów,77-300,Królewska,28,WPS_WPI,WROCŁAW,0001101975,LOMBARD PLATINUM SPÓŁKA Z OGRANICZONĄ ODPOWIEDZIALNOŚCIĄ,8992991741,RDL000110,Wpisany,Loombard,Loombard,Q113227799
61054,81045,Ełk,19-300,Słowackiego,1/1,WPS_WPI,WROCŁAW,0001101975,LOMBARD PLATINUM SPÓŁKA Z OGRANICZONĄ ODPOWIEDZIALNOŚCIĄ,8992991741,RDL000110,Wpisany,Loombard,Loombard,Q113227799
61054,80901,Ełk,19-300,Armii Krajowej,11/8,WPS_WPI,WROCŁAW,0001101975,LOMBARD PLATINUM SPÓŁKA Z OGRANICZONĄ ODPOWIEDZIALNOŚCIĄ,8992991741,RDL000110,Wpisany,Loombard,Loombard,Q113227799
61054,80856,Grajewo,19-200,Wojska Polskiego,3,WPS_WPI,WROCŁAW,0001101975,LOMBARD PLATINUM SPÓŁKA Z OGRANICZONĄ ODPOWIEDZIALNOŚCIĄ,8992991741,RDL000110,Wpisany,Loombard,Loombard,Q113227799
61054,77127,Inowrocław,88-100,Dworcowa,15,WPS_WPI,WROCŁAW,0001101975,LOMBARD PLATINUM SPÓŁKA Z OGRANICZONĄ ODPOWIEDZIALNOŚCIĄ,8992991741,RDL000110,Wpisany,Loombard,Loombard,Q113227799
61054,80874,Inowrocław,88-100,Wojska Polskiego,15E,WPS_WPI,WROCŁAW,0001101975,LOMBARD PLATINUM SPÓŁKA Z OGRANICZONĄ ODPOWIEDZIALNOŚCIĄ,8992991741,RDL000110,Wpisany,Loombard,Loombard,Q113227799
61054,80964,Inowrocław,88-100,Świętokrzyska,8,WPS_WPI,WROCŁAW,0001101975,LOMBARD PLATINUM SPÓŁKA Z OGRANICZONĄ ODPOWIEDZIALNOŚCIĄ,8992991741,RDL000110,Wpisany,Loombard,Loombard,Q113227799
61054,80946,Katowice,40-174,Katowicka,7,WPS_WPI,WROCŁAW,0001101975,LOMBARD PLATINUM SPÓŁKA Z OGRANICZONĄ ODPOWIEDZIALNOŚCIĄ,8992991741,RDL000110,Wpisany,Loombard,Loombard,Q113227799
61054,77108,Katowice,40-336,Obrońców Westerplatte,1/3A,WPS_WPI,WROCŁAW,0001101975,LOMBARD PLATINUM SPÓŁKA Z OGRANICZONĄ ODPOWIEDZIALNOŚCIĄ,8992991741,RDL000110,Wpisany,Loombard,Loombard,Q113227799
61054,99089,Katowice,40-061,Andrzeja,10,WPS_WPI,WROCŁAW,0001101975,LOMBARD PLATINUM SPÓŁKA Z OGRANICZONĄ ODPOWIEDZIALNOŚCIĄ,8992991741,RDL000110,Wpisany,Loombard,Loombard,Q113227799
61054,80451,Katowice,40-715,Słupska,14,WPS_WPI,WROCŁAW,0001101975,LOMBARD PLATINUM SPÓŁKA Z OGRANICZONĄ ODPOWIEDZIALNOŚCIĄ,8992991741,RDL000110,Wpisany,Loombard,Loombard,Q113227799
61054,80487,Katowice,48-855,Gliwicka,125,WPS_WPI,WROCŁAW,0001101975,LOMBARD PLATINUM SPÓŁKA Z OGRANICZONĄ ODPOWIEDZIALNOŚCIĄ,8992991741,RDL000110,Wpisany,Loombard,Loombard,Q113227799
61054,80820,Katowice,40-008,Warszawska,38,WPS_WPI,WROCŁAW,0001101975,LOMBARD PLATINUM SPÓŁKA Z OGRANICZONĄ ODPOWIEDZIALNOŚCIĄ,8992991741,RDL000110,Wpisany,Loombard,Loombard,Q113227799
61054,80730,Kluczbork,46-200,Krakowska,14,WPS_WPI,WROCŁAW,0001101975,LOMBARD PLATINUM SPÓŁKA Z OGRANICZONĄ ODPOWIEDZIALNOŚCIĄ,8992991741,RDL000110,Wpisany,Loombard,Loombard,Q113227799
61054,80478,Kłobuck,42-100,3-go Maja,8,WPS_WPI,WROCŁAW,0001101975,LOMBARD PLATINUM SPÓŁKA Z OGRANICZONĄ ODPOWIEDZIALNOŚCIĄ,8992991741,RDL000110,Wpisany,Loombard,Loombard,Q113227799
61054,80640,Knurów,44-190,1-go Maja,10,WPS_WPI,WROCŁAW,0001101975,LOMBARD PLATINUM SPÓŁKA Z OGRANICZONĄ ODPOWIEDZIALNOŚCIĄ,8992991741,RDL000110,Wpisany,Loombard,Loombard,Q113227799
61054,80604,Konstantynów Łódzki,95-050,Jana Pawła II,1,WPS_WPI,WROCŁAW,0001101975,LOMBARD PLATINUM SPÓŁKA Z OGRANICZONĄ ODPOWIEDZIALNOŚCIĄ,8992991741,RDL000110,Wpisany,Loombard,Loombard,Q113227799
61054,80415,Końskie,26-200,Piłsudskiego,8,WPS_WPI,WROCŁAW,0001101975,LOMBARD PLATINUM SPÓŁKA Z OGRANICZONĄ ODPOWIEDZIALNOŚCIĄ,8992991741,RDL000110,Wpisany,Loombard,Loombard,Q113227799
61054,80442,Legnica,59-220,Senatorska,38,WPS_WPI,WROCŁAW,0001101975,LOMBARD PLATINUM SPÓŁKA Z OGRANICZONĄ ODPOWIEDZIALNOŚCIĄ,8992991741,RDL000110,Wpisany,Loombard,Loombard,Q113227799
61054,80091,Legnica,59-220,Bolesława Prusa,1,WPS_WPI,WROCŁAW,0001101975,LOMBARD PLATINUM SPÓŁKA Z OGRANICZONĄ ODPOWIEDZIALNOŚCIĄ,8992991741,RDL000110,Wpisany,Loombard,Loombard,Q113227799
61054,82177,Legnica,59-220,Chojnowska,25/1C,WPS_WPI,WROCŁAW,0001101975,LOMBARD PLATINUM SPÓŁKA Z OGRANICZONĄ ODPOWIEDZIALNOŚCIĄ,8992991741,RDL000110,Wpisany,Loombard,Loombard,Q113227799
61054,80793,Legnica,59-220,Wierzyńskiego,20,WPS_WPI,WROCŁAW,0001101975,LOMBARD PLATINUM SPÓŁKA Z OGRANICZONĄ ODPOWIEDZIALNOŚCIĄ,8992991741,RDL000110,Wpisany,Loombard,Loombard,Q113227799
61054,91154,Legnica,59-220,Wrocławska,80,WPS_WPI,WROCŁAW,0001101975,LOMBARD PLATINUM SPÓŁKA Z OGRANICZONĄ ODPOWIEDZIALNOŚCIĄ,8992991741,RDL000110,Wpisany,Loombard,Loombard,Q113227799
61054,82168,Legnica,59-220,Wrocławska,7,WPS_WPI,WROCŁAW,0001101975,LOMBARD PLATINUM SPÓŁKA Z OGRANICZONĄ ODPOWIEDZIALNOŚCIĄ,8992991741,RDL000110,Wpisany,Loombard,Loombard,Q113227799
61054,80523,Legnica,59-220,Jaworzyńska,46,WPS_WPI,WROCŁAW,0001101975,LOMBARD PLATINUM SPÓŁKA Z OGRANICZONĄ ODPOWIEDZIALNOŚCIĄ,8992991741,RDL000110,Wpisany,Loombard,Loombard,Q113227799
61054,80685,Lębork,84-300,Zwycięstwa,40/1,WPS_WPI,WROCŁAW,0001101975,LOMBARD PLATINUM SPÓŁKA Z OGRANICZONĄ ODPOWIEDZIALNOŚCIĄ,8992991741,RDL000110,Wpisany,Loombard,Loombard,Q113227799
61054,80622,Lębork,84-300,Reja,28/1,WPS_WPI,WROCŁAW,0001101975,LOMBARD PLATINUM SPÓŁKA Z OGRANICZONĄ ODPOWIEDZIALNOŚCIĄ,8992991741,RDL000110,Wpisany,Loombard,Loombard,Q113227799
61054,80703,Lubin,59-300,Drzymały,55,WPS_WPI,WROCŁAW,0001101975,LOMBARD PLATINUM SPÓŁKA Z OGRANICZONĄ ODPOWIEDZIALNOŚCIĄ,8992991741,RDL000110,Wpisany,Loombard,Loombard,Q113227799
61054,80541,Lubin,59-300,Parkowa,8D,WPS_WPI,WROCŁAW,0001101975,LOMBARD PLATINUM SPÓŁKA Z OGRANICZONĄ ODPOWIEDZIALNOŚCIĄ,8992991741,RDL000110,Wpisany,Loombard,Loombard,Q113227799
61054,77174,Lubin,59-300,SIKORSKIEGO,9,WPS_WPI,WROCŁAW,0001101975,LOMBARD PLATINUM SPÓŁKA Z OGRANICZONĄ ODPOWIEDZIALNOŚCIĄ,8992991741,RDL000110,Wpisany,Loombard,Loombard,Q113227799
61054,80100,Nakło Nad Notecią,89-100,Gen. Henryka Dąbrowskiego,30,WPS_WPI,WROCŁAW,0001101975,LOMBARD PLATINUM SPÓŁKA Z OGRANICZONĄ ODPOWIEDZIALNOŚCIĄ,8992991741,RDL000110,Wpisany,Loombard,Loombard,Q113227799
61054,101456,Nowy Targ,34-400,Kolejowa,1/2,WPS_WPI,WROCŁAW,0001101975,LOMBARD PLATINUM SPÓŁKA Z OGRANICZONĄ ODPOWIEDZIALNOŚCIĄ,8992991741,RDL000110,Wpisany,Loombard,Loombard,Q113227799
61054,80757,Opoczno,26-300,Piotrkowska,53,WPS_WPI,WROCŁAW,0001101975,LOMBARD PLATINUM SPÓŁKA Z OGRANICZONĄ ODPOWIEDZIALNOŚCIĄ,8992991741,RDL000110,Wpisany,Loombard,Loombard,Q113227799
61054,77144,Opole,45-065,Reymonta,13,WPS_WPI,WROCŁAW,0001101975,LOMBARD PLATINUM SPÓŁKA Z OGRANICZONĄ ODPOWIEDZIALNOŚCIĄ,8992991741,RDL000110,Wpisany,Loombard,Loombard,Q113227799
61054,77183,Opole,45-710,Niemodlińska,23/17,WPS_WPI,WROCŁAW,0001101975,LOMBARD PLATINUM SPÓŁKA Z OGRANICZONĄ ODPOWIEDZIALNOŚCIĄ,8992991741,RDL000110,Wpisany,Loombard,Loombard,Q113227799
61054,80658,Opole,45-707,Wrocławska,6,WPS_WPI,WROCŁAW,0001101975,LOMBARD PLATINUM SPÓŁKA Z OGRANICZONĄ ODPOWIEDZIALNOŚCIĄ,8992991741,RDL000110,Wpisany,Loombard,Loombard,Q113227799
61054,88433,Opole,45-273,Sosnkowskiego,4A/19A,WPS_WPI,WROCŁAW,0001101975,LOMBARD PLATINUM SPÓŁKA Z OGRANICZONĄ ODPOWIEDZIALNOŚCIĄ,8992991741,RDL000110,Wpisany,Loombard,Loombard,Q113227799
61054,80775,Piaseczno,05-512,Puławska,30A,WPS_WPI,WROCŁAW,0001101975,LOMBARD PLATINUM SPÓŁKA Z OGRANICZONĄ ODPOWIEDZIALNOŚCIĄ,8992991741,RDL000110,Wpisany,Loombard,Loombard,Q113227799
61054,77061,Polkowice,59-100,Kardynała Bolesława Kominka,1B,WPS_WPI,WROCŁAW,0001101975,LOMBARD PLATINUM SPÓŁKA Z OGRANICZONĄ ODPOWIEDZIALNOŚCIĄ,8992991741,RDL000110,Wpisany,Loombard,Loombard,Q113227799
61054,80001,Radom,26-610,Romualda Traugutta,15,WPS_WPI,WROCŁAW,0001101975,LOMBARD PLATINUM SPÓŁKA Z OGRANICZONĄ ODPOWIEDZIALNOŚCIĄ,8992991741,RDL000110,Wpisany,Loombard,Loombard,Q113227799
61054,80028,Radom,26-610,Struga,29,WPS_WPI,WROCŁAW,0001101975,LOMBARD PLATINUM SPÓŁKA Z OGRANICZONĄ ODPOWIEDZIALNOŚCIĄ,8992991741,RDL000110,Wpisany,Loombard,Loombard,Q113227799
61054,80559,Radom,26-610,Żeromskiego,9,WPS_WPI,WROCŁAW,0001101975,LOMBARD PLATINUM SPÓŁKA Z OGRANICZONĄ ODPOWIEDZIALNOŚCIĄ,8992991741,RDL000110,Wpisany,Loombard,Loombard,Q113227799
61054,80577,Radom,26-600,Żeromskiego,76A/82A,WPS_WPI,WROCŁAW,0001101975,LOMBARD PLATINUM SPÓŁKA Z OGRANICZONĄ ODPOWIEDZIALNOŚCIĄ,8992991741,RDL000110,Wpisany,Loombard,Loombard,Q113227799
61054,99276,Radom,26-600,Okulnickiego,50A,WPS_WPI,WROCŁAW,0001101975,LOMBARD PLATINUM SPÓŁKA Z OGRANICZONĄ ODPOWIEDZIALNOŚCIĄ,8992991741,RDL000110,Wpisany,Loombard,Loombard,Q113227799
61054,77099,Radom,26-605,Chrobrego,44,WPS_WPI,WROCŁAW,0001101975,LOMBARD PLATINUM SPÓŁKA Z OGRANICZONĄ ODPOWIEDZIALNOŚCIĄ,8992991741,RDL000110,Wpisany,Loombard,Loombard,Q113227799
61054,77089,Radomsko,97-500,Warszyca,7,WPS_WPI,WROCŁAW,0001101975,LOMBARD PLATINUM SPÓŁKA Z OGRANICZONĄ ODPOWIEDZIALNOŚCIĄ,8992991741,RDL000110,Wpisany,Loombard,Loombard,Q113227799
61054,80064,Radomsko,97-500,Plac 3-go Maja,10,WPS_WPI,WROCŁAW,0001101975,LOMBARD PLATINUM SPÓŁKA Z OGRANICZONĄ ODPOWIEDZIALNOŚCIĄ,8992991741,RDL000110,Wpisany,Loombard,Loombard,Q113227799
61054,99285,Ruda Śląska,41-700,Wolności,23,WPS_WPI,WROCŁAW,0001101975,LOMBARD PLATINUM SPÓŁKA Z OGRANICZONĄ ODPOWIEDZIALNOŚCIĄ,8992991741,RDL000110,Wpisany,Loombard,Loombard,Q113227799
61054,80163,Sczecin,70-233,Plac Zwycięstwa,1/U8,WPS_WPI,WROCŁAW,0001101975,LOMBARD PLATINUM SPÓŁKA Z OGRANICZONĄ ODPOWIEDZIALNOŚCIĄ,8992991741,RDL000110,Wpisany,Loombard,Loombard,Q113227799
61054,80361,Sczecin,71-300,Traugutta,88U/1,WPS_WPI,WROCŁAW,0001101975,LOMBARD PLATINUM SPÓŁKA Z OGRANICZONĄ ODPOWIEDZIALNOŚCIĄ,8992991741,RDL000110,Wpisany,Loombard,Loombard,Q113227799
61054,80235,Sczecin,70-253,Krzywoustego,60,WPS_WPI,WROCŁAW,0001101975,LOMBARD PLATINUM SPÓŁKA Z OGRANICZONĄ ODPOWIEDZIALNOŚCIĄ,8992991741,RDL000110,Wpisany,Loombard,Loombard,Q113227799
61054,77163,Sławno,76-100,Grottgera,4,WPS_WPI,WROCŁAW,0001101975,LOMBARD PLATINUM SPÓŁKA Z OGRANICZONĄ ODPOWIEDZIALNOŚCIĄ,8992991741,RDL000110,Wpisany,Loombard,Loombard,Q113227799
61054,80280,Słupsk,76-200,Tuwima,4,WPS_WPI,WROCŁAW,0001101975,LOMBARD PLATINUM SPÓŁKA Z OGRANICZONĄ ODPOWIEDZIALNOŚCIĄ,8992991741,RDL000110,Wpisany,Loombard,Loombard,Q113227799
61054,77153,Słupsk,76-200,Szczecińska,29B,WPS_WPI,WROCŁAW,0001101975,LOMBARD PLATINUM SPÓŁKA Z OGRANICZONĄ ODPOWIEDZIALNOŚCIĄ,8992991741,RDL000110,Wpisany,Loombard,Loombard,Q113227799
61054,80055,Słupsk,76-200,Wojska Polskiego,8,WPS_WPI,WROCŁAW,0001101975,LOMBARD PLATINUM SPÓŁKA Z OGRANICZONĄ ODPOWIEDZIALNOŚCIĄ,8992991741,RDL000110,Wpisany,Loombard,Loombard,Q113227799
61054,77232,Toruń,87-100,Władysława Dziewulskiego,39B,WPS_WPI,WROCŁAW,0001101975,LOMBARD PLATINUM SPÓŁKA Z OGRANICZONĄ ODPOWIEDZIALNOŚCIĄ,8992991741,RDL000110,Wpisany,Loombard,Loombard,Q113227799
61054,80199,Toruń,87-100,Sienkiewicza,14/691,WPS_WPI,WROCŁAW,0001101975,LOMBARD PLATINUM SPÓŁKA Z OGRANICZONĄ ODPOWIEDZIALNOŚCIĄ,8992991741,RDL000110,Wpisany,Loombard,Loombard,Q113227799
61054,80253,Toruń,87-100,Św. Katarzyny,4,WPS_WPI,WROCŁAW,0001101975,LOMBARD PLATINUM SPÓŁKA Z OGRANICZONĄ ODPOWIEDZIALNOŚCIĄ,8992991741,RDL000110,Wpisany,Loombard,Loombard,Q113227799
61054,80262,Toruń,87-100,Tadeusza Kościuszki,3/3,WPS_WPI,WROCŁAW,0001101975,LOMBARD PLATINUM SPÓŁKA Z OGRANICZONĄ ODPOWIEDZIALNOŚCIĄ,8992991741,RDL000110,Wpisany,Loombard,Loombard,Q113227799
61054,80298,Toruń,87-100,Reja,36,WPS_WPI,WROCŁAW,0001101975,LOMBARD PLATINUM SPÓŁKA Z OGRANICZONĄ ODPOWIEDZIALNOŚCIĄ,8992991741,RDL000110,Wpisany,Loombard,Loombard,Q113227799
61054,80388,Toruń,87-100,Legionów,28,WPS_WPI,WROCŁAW,0001101975,LOMBARD PLATINUM SPÓŁKA Z OGRANICZONĄ ODPOWIEDZIALNOŚCIĄ,8992991741,RDL000110,Wpisany,Loombard,Loombard,Q113227799
61054,98853,Toruń,87-100,Ignacego Łysowskiego,24A,WPS_WPI,WROCŁAW,0001101975,LOMBARD PLATINUM SPÓŁKA Z OGRANICZONĄ ODPOWIEDZIALNOŚCIĄ,8992991741,RDL000110,Wpisany,Loombard,Loombard,Q113227799
61054,80217,Wałacz,78-600,Plac Zesłańców Sybiru,1,WPS_WPI,WROCŁAW,0001101975,LOMBARD PLATINUM SPÓŁKA Z OGRANICZONĄ ODPOWIEDZIALNOŚCIĄ,8992991741,RDL000110,Wpisany,Loombard,Loombard,Q113227799
61054,80190,Wałbrzych,58-304,Andersa,148,WPS_WPI,WROCŁAW,0001101975,LOMBARD PLATINUM SPÓŁKA Z OGRANICZONĄ ODPOWIEDZIALNOŚCIĄ,8992991741,RDL000110,Wpisany,Loombard,Loombard,Q113227799
61054,77042,Wałbrzych,58-302,Armii Krajowej,26,WPS_WPI,WROCŁAW,0001101975,LOMBARD PLATINUM SPÓŁKA Z OGRANICZONĄ ODPOWIEDZIALNOŚCIĄ,8992991741,RDL000110,Wpisany,Loombard,Loombard,Q113227799
61054,80307,Wałbrzych,58-300,Al. Wyzwolenia,42,WPS_WPI,WROCŁAW,0001101975,LOMBARD PLATINUM SPÓŁKA Z OGRANICZONĄ ODPOWIEDZIALNOŚCIĄ,8992991741,RDL000110,Wpisany,Loombard,Loombard,Q113227799
61054,80226,Wałbrzych,58-309,Główna,9,WPS_WPI,WROCŁAW,0001101975,LOMBARD PLATINUM SPÓŁKA Z OGRANICZONĄ ODPOWIEDZIALNOŚCIĄ,8992991741,RDL000110,Wpisany,Loombard,Loombard,Q113227799
61054,85131,Wałbrzych,58-300,Słowackiego,4,WPS_WPI,WROCŁAW,0001101975,LOMBARD PLATINUM SPÓŁKA Z OGRANICZONĄ ODPOWIEDZIALNOŚCIĄ,8992991741,RDL000110,Wpisany,Loombard,Loombard,Q113227799
61054,80325,Warka,05-660,Lotników,1,WPS_WPI,WROCŁAW,0001101975,LOMBARD PLATINUM SPÓŁKA Z OGRANICZONĄ ODPOWIEDZIALNOŚCIĄ,8992991741,RDL000110,Wpisany,Loombard,Loombard,Q113227799
61054,77220,Warszawa,03-655,Młodzieńcza,1,WPS_WPI,WROCŁAW,0001101975,LOMBARD PLATINUM SPÓŁKA Z OGRANICZONĄ ODPOWIEDZIALNOŚCIĄ,8992991741,RDL000110,Wpisany,Loombard,Loombard,Q113227799
61054,77194,Warszawa,01-858,Rudnickiego,10,WPS_WPI,WROCŁAW,0001101975,LOMBARD PLATINUM SPÓŁKA Z OGRANICZONĄ ODPOWIEDZIALNOŚCIĄ,8992991741,RDL000110,Wpisany,Loombard,Loombard,Q113227799
61054,77070,Warszawa,02-495,Wojciechowskiego,39/8,WPS_WPI,WROCŁAW,0001101975,LOMBARD PLATINUM SPÓŁKA Z OGRANICZONĄ ODPOWIEDZIALNOŚCIĄ,8992991741,RDL000110,Wpisany,Loombard,Loombard,Q113227799
61054,77051,Warszawa,03-563,Trocka,11,WPS_WPI,WROCŁAW,0001101975,LOMBARD PLATINUM SPÓŁKA Z OGRANICZONĄ ODPOWIEDZIALNOŚCIĄ,8992991741,RDL000110,Wpisany,Loombard,Loombard,Q113227799
61054,91963,Warszawa,04-190,Jubilerska,1/3 pawilon 10,WPS_WPI,WROCŁAW,0001101975,LOMBARD PLATINUM SPÓŁKA Z OGRANICZONĄ ODPOWIEDZIALNOŚCIĄ,8992991741,RDL000110,Wpisany,Loombard,Loombard,Q113227799
61054,80397,Warszawa,02-791,Meander,2A,WPS_WPI,WROCŁAW,0001101975,LOMBARD PLATINUM SPÓŁKA Z OGRANICZONĄ ODPOWIEDZIALNOŚCIĄ,8992991741,RDL000110,Wpisany,Loombard,Loombard,Q113227799
61054,80379,Warszawa,01-001,Al. Jana Pawła II,41A PAW. 7,WPS_WPI,WROCŁAW,0001101975,LOMBARD PLATINUM SPÓŁKA Z OGRANICZONĄ ODPOWIEDZIALNOŚCIĄ,8992991741,RDL000110,Wpisany,Loombard,Loombard,Q113227799
61054,80370,Warszawa,03-733,Targowa,32,WPS_WPI,WROCŁAW,0001101975,LOMBARD PLATINUM SPÓŁKA Z OGRANICZONĄ ODPOWIEDZIALNOŚCIĄ,8992991741,RDL000110,Wpisany,Loombard,Loombard,Q113227799
61054,80289,Warszawa,03-731,Targowa,20,WPS_WPI,WROCŁAW,0001101975,LOMBARD PLATINUM SPÓŁKA Z OGRANICZONĄ ODPOWIEDZIALNOŚCIĄ,8992991741,RDL000110,Wpisany,Loombard,Loombard,Q113227799
61054,80244,Warszawa,03-728,Targowa,41,WPS_WPI,WROCŁAW,0001101975,LOMBARD PLATINUM SPÓŁKA Z OGRANICZONĄ ODPOWIEDZIALNOŚCIĄ,8992991741,RDL000110,Wpisany,Loombard,Loombard,Q113227799
61054,80352,Warszawa,01-389,Świetlików,8/209,WPS_WPI,WROCŁAW,0001101975,LOMBARD PLATINUM SPÓŁKA Z OGRANICZONĄ ODPOWIEDZIALNOŚCIĄ,8992991741,RDL000110,Wpisany,Loombard,Loombard,Q113227799
61054,80316,Warszawa,00-801,Chmielna,98/9,WPS_WPI,WROCŁAW,0001101975,LOMBARD PLATINUM SPÓŁKA Z OGRANICZONĄ ODPOWIEDZIALNOŚCIĄ,8992991741,RDL000110,Wpisany,Loombard,Loombard,Q113227799
61054,80208,Warszawa,03-734,targowa,72,WPS_WPI,WROCŁAW,0001101975,LOMBARD PLATINUM SPÓŁKA Z OGRANICZONĄ ODPOWIEDZIALNOŚCIĄ,8992991741,RDL000110,Wpisany,Loombard,Loombard,Q113227799
61054,80172,Warszawa,00-871,Żelazna,67/21,WPS_WPI,WROCŁAW,0001101975,LOMBARD PLATINUM SPÓŁKA Z OGRANICZONĄ ODPOWIEDZIALNOŚCIĄ,8992991741,RDL000110,Wpisany,Loombard,Loombard,Q113227799
61054,80181,Warszawa,03-735,Ząbkowska,52,WPS_WPI,WROCŁAW,0001101975,LOMBARD PLATINUM SPÓŁKA Z OGRANICZONĄ ODPOWIEDZIALNOŚCIĄ,8992991741,RDL000110,Wpisany,Loombard,Loombard,Q113227799
61054,77079,Wągrowiec,62-100,Wojska Polskiego,13,WPS_WPI,WROCŁAW,0001101975,LOMBARD PLATINUM SPÓŁKA Z OGRANICZONĄ ODPOWIEDZIALNOŚCIĄ,8992991741,RDL000110,Wpisany,Loombard,Loombard,Q113227799
61054,79929,Wieluń,98-300,Śląska,28,WPS_WPI,WROCŁAW,0001101975,LOMBARD PLATINUM SPÓŁKA Z OGRANICZONĄ ODPOWIEDZIALNOŚCIĄ,8992991741,RDL000110,Wpisany,Loombard,Loombard,Q113227799
61054,79902,Wrocław,54-050,Wojanowska,13,WPS_WPI,WROCŁAW,0001101975,LOMBARD PLATINUM SPÓŁKA Z OGRANICZONĄ ODPOWIEDZIALNOŚCIĄ,8992991741,RDL000110,Wpisany,Loombard,Loombard,Q113227799
61054,77117,Zabrze,41-800,Woności,336,WPS_WPI,WROCŁAW,0001101975,LOMBARD PLATINUM SPÓŁKA Z OGRANICZONĄ ODPOWIEDZIALNOŚCIĄ,8992991741,RDL000110,Wpisany,Loombard,Loombard,Q113227799
61054,91308,Zabrze,41-800,3 Maja,36 lok.B,WPS_WPI,WROCŁAW,0001101975,LOMBARD PLATINUM SPÓŁKA Z OGRANICZONĄ ODPOWIEDZIALNOŚCIĄ,8992991741,RDL000110,Wpisany,Loombard,Loombard,Q113227799
61054,92166,Zabrze,41-800,Gen. Charlesa De Gaulle&#39;a,69,WPS_WPI,WROCŁAW,0001101975,LOMBARD PLATINUM SPÓŁKA Z OGRANICZONĄ ODPOWIEDZIALNOŚCIĄ,8992991741,RDL000110,Wpisany,Loombard,Loombard,Q113227799
61054,79920,Zabrze,41-800,Wolności,239,WPS_WPI,WROCŁAW,0001101975,LOMBARD PLATINUM SPÓŁKA Z OGRANICZONĄ ODPOWIEDZIALNOŚCIĄ,8992991741,RDL000110,Wpisany,Loombard,Loombard,Q113227799
61054,79947,Zabrze,41-800,Plac Krakowski,3,WPS_WPI,WROCŁAW,0001101975,LOMBARD PLATINUM SPÓŁKA Z OGRANICZONĄ ODPOWIEDZIALNOŚCIĄ,8992991741,RDL000110,Wpisany,Loombard,Loombard,Q113227799
61054,79938,Zabrze,41-800,Jagiellońska,2,WPS_WPI,WROCŁAW,0001101975,LOMBARD PLATINUM SPÓŁKA Z OGRANICZONĄ ODPOWIEDZIALNOŚCIĄ,8992991741,RDL000110,Wpisany,Loombard,Loombard,Q113227799
61054,77203,Ząbki,05-091,Batorego,1A,WPS_WPI,WROCŁAW,0001101975,LOMBARD PLATINUM SPÓŁKA Z OGRANICZONĄ ODPOWIEDZIALNOŚCIĄ,8992991741,RDL000110,Wpisany,Loombard,Loombard,Q113227799
37416,36062,Wieluń,98-300,ul. Sieradzka,2,WPS_WPI,WIELUŃ,0001079119,LOMBARD PLUS SPÓŁKA Z OGRANICZONĄ ODPOWIEDZIALNOŚCIĄ,8322095743,RDL000026,Wpisany,,,
38042,36785,Biała Podlaska,21-500,Pocztowa,2B/1,WPS_WPI,BIAŁA PODLASKA,0001083758,LOMBARD POCZTOWA 2B SPÓŁKA Z OGRANICZONĄ ODPOWIEDZIALNOŚCIĄ,5372679226,RDL000034,Wpisany,,,
72685,71959,Nowy,64-300,Długa,22,WPS_WPI,NOWY TOMYŚL,0001113314,LOMBARD POŻYCZKI POD ZASTAW NOWY TOMYŚL SPÓŁKA Z OGRANICZONĄ ODPOWIEDZIALNOŚCIĄ,7882043155,RDL000175,Wpisany,,,
60757,51361,Andrychów,34-120,KRAKOWSKA,94,WPS_WPI,WROCŁAW,0001101501,LOMBARD PREMIUM SPÓŁKA Z OGRANICZONĄ ODPOWIEDZIALNOŚCIĄ,8992991764,RDL000101,Wpisany,Loombard,Loombard,Q113227799
60757,51370,Czeladź,41-250,BYTOMSKA,12,WPS_WPI,WROCŁAW,0001101501,LOMBARD PREMIUM SPÓŁKA Z OGRANICZONĄ ODPOWIEDZIALNOŚCIĄ,8992991764,RDL000101,Wpisany,Loombard,Loombard,Q113227799
60757,51379,Czeladź,41-253,NOWOPOGOŃSKA,228,WPS_WPI,WROCŁAW,0001101501,LOMBARD PREMIUM SPÓŁKA Z OGRANICZONĄ ODPOWIEDZIALNOŚCIĄ,8992991764,RDL000101,Wpisany,Loombard,Loombard,Q113227799
60757,51388,Jaworzyna Śląska,58-140,MICKIEWICZA,2A/13,WPS_WPI,WROCŁAW,0001101501,LOMBARD PREMIUM SPÓŁKA Z OGRANICZONĄ ODPOWIEDZIALNOŚCIĄ,8992991764,RDL000101,Wpisany,Loombard,Loombard,Q113227799
60757,51397,Radzionków,41-922,MĘCZENNIKÓW OŚWIĘCIMIA,8,WPS_WPI,WROCŁAW,0001101501,LOMBARD PREMIUM SPÓŁKA Z OGRANICZONĄ ODPOWIEDZIALNOŚCIĄ,8992991764,RDL000101,Wpisany,Loombard,Loombard,Q113227799
60757,51415,Siemianowice Śląskie,41-100,ŚLĄSKA,20,WPS_WPI,WROCŁAW,0001101501,LOMBARD PREMIUM SPÓŁKA Z OGRANICZONĄ ODPOWIEDZIALNOŚCIĄ,8992991764,RDL000101,Wpisany,Loombard,Loombard,Q113227799
60757,51406,Siemianowice Śląskie,41-100,POWSTAŃCÓW,21,WPS_WPI,WROCŁAW,0001101501,LOMBARD PREMIUM SPÓŁKA Z OGRANICZONĄ ODPOWIEDZIALNOŚCIĄ,8992991764,RDL000101,Wpisany,Loombard,Loombard,Q113227799
60757,51442,Tarnowskie Góry,42-600,PIŁSUDSKIEGO,7/2,WPS_WPI,WROCŁAW,0001101501,LOMBARD PREMIUM SPÓŁKA Z OGRANICZONĄ ODPOWIEDZIALNOŚCIĄ,8992991764,RDL000101,Wpisany,Loombard,Loombard,Q113227799
60757,51433,Tarnowskie Góry,42-600,PIASTOWSKA,9,WPS_WPI,WROCŁAW,0001101501,LOMBARD PREMIUM SPÓŁKA Z OGRANICZONĄ ODPOWIEDZIALNOŚCIĄ,8992991764,RDL000101,Wpisany,Loombard,Loombard,Q113227799
60757,51424,Tarnowskie Góry,42-600,OPOLSKA,10,WPS_WPI,WROCŁAW,0001101501,LOMBARD PREMIUM SPÓŁKA Z OGRANICZONĄ ODPOWIEDZIALNOŚCIĄ,8992991764,RDL000101,Wpisany,Loombard,Loombard,Q113227799
60757,51451,Wołów,56-100,RADNA,1,WPS_WPI,WROCŁAW,0001101501,LOMBARD PREMIUM SPÓŁKA Z OGRANICZONĄ ODPOWIEDZIALNOŚCIĄ,8992991764,RDL000101,Wpisany,Loombard,Loombard,Q113227799
60757,51649,Wrocław,53-238,OSTROWSKIEGO,1,WPS_WPI,WROCŁAW,0001101501,LOMBARD PREMIUM SPÓŁKA Z OGRANICZONĄ ODPOWIEDZIALNOŚCIĄ,8992991764,RDL000101,Wpisany,Loombard,Loombard,Q113227799
60757,51658,Wrocław,53-319,HALLERA,3,WPS_WPI,WROCŁAW,0001101501,LOMBARD PREMIUM SPÓŁKA Z OGRANICZONĄ ODPOWIEDZIALNOŚCIĄ,8992991764,RDL000101,Wpisany,Loombard,Loombard,Q113227799
60757,51676,Wrocław,53-502,GRABISZYŃSKA,30,WPS_WPI,WROCŁAW,0001101501,LOMBARD PREMIUM SPÓŁKA Z OGRANICZONĄ ODPOWIEDZIALNOŚCIĄ,8992991764,RDL000101,Wpisany,Loombard,Loombard,Q113227799
60757,51721,Wrocław,54-206,LEGNICKA,66,WPS_WPI,WROCŁAW,0001101501,LOMBARD PREMIUM SPÓŁKA Z OGRANICZONĄ ODPOWIEDZIALNOŚCIĄ,8992991764,RDL000101,Wpisany,Loombard,Loombard,Q113227799
60757,51712,Wrocław,54-142,DOKERSKA,3,WPS_WPI,WROCŁAW,0001101501,LOMBARD PREMIUM SPÓŁKA Z OGRANICZONĄ ODPOWIEDZIALNOŚCIĄ,8992991764,RDL000101,Wpisany,Loombard,Loombard,Q113227799
60757,51730,Wrocław,54-432,STRZEGOMSKA,200,WPS_WPI,WROCŁAW,0001101501,LOMBARD PREMIUM SPÓŁKA Z OGRANICZONĄ ODPOWIEDZIALNOŚCIĄ,8992991764,RDL000101,Wpisany,Loombard,Loombard,Q113227799
60757,51739,Wrocław,54-436,BUDZISZYŃSKA,107D,WPS_WPI,WROCŁAW,0001101501,LOMBARD PREMIUM SPÓŁKA Z OGRANICZONĄ ODPOWIEDZIALNOŚCIĄ,8992991764,RDL000101,Wpisany,Loombard,Loombard,Q113227799
60757,51460,Wrocław,50-004,KOŁŁĄTAJA,33,WPS_WPI,WROCŁAW,0001101501,LOMBARD PREMIUM SPÓŁKA Z OGRANICZONĄ ODPOWIEDZIALNOŚCIĄ,8992991764,RDL000101,Wpisany,Loombard,Loombard,Q113227799
60757,51478,Wrocław,50-075,KRUPNICZA,3.1-B,WPS_WPI,WROCŁAW,0001101501,LOMBARD PREMIUM SPÓŁKA Z OGRANICZONĄ ODPOWIEDZIALNOŚCIĄ,8992991764,RDL000101,Wpisany,Loombard,Loombard,Q113227799
60757,51496,Wrocław,50-231,TRZEBNICKA,56/1C,WPS_WPI,WROCŁAW,0001101501,LOMBARD PREMIUM SPÓŁKA Z OGRANICZONĄ ODPOWIEDZIALNOŚCIĄ,8992991764,RDL000101,Wpisany,Loombard,Loombard,Q113227799
60757,51514,Wrocław,50-301,JEDNOŚCI NARODOWEJ,109/1B,WPS_WPI,WROCŁAW,0001101501,LOMBARD PREMIUM SPÓŁKA Z OGRANICZONĄ ODPOWIEDZIALNOŚCIĄ,8992991764,RDL000101,Wpisany,Loombard,Loombard,Q113227799
60757,51541,Wrocław,50-417,TRAUGUTTA,85,WPS_WPI,WROCŁAW,0001101501,LOMBARD PREMIUM SPÓŁKA Z OGRANICZONĄ ODPOWIEDZIALNOŚCIĄ,8992991764,RDL000101,Wpisany,Loombard,Loombard,Q113227799
60757,51559,Wrocław,50-438,KOŚCIUSZKI,159,WPS_WPI,WROCŁAW,0001101501,LOMBARD PREMIUM SPÓŁKA Z OGRANICZONĄ ODPOWIEDZIALNOŚCIĄ,8992991764,RDL000101,Wpisany,Loombard,Loombard,Q113227799
60757,51577,Wrocław,50-502,HUBSKA,82/1B,WPS_WPI,WROCŁAW,0001101501,LOMBARD PREMIUM SPÓŁKA Z OGRANICZONĄ ODPOWIEDZIALNOŚCIĄ,8992991764,RDL000101,Wpisany,Loombard,Loombard,Q113227799
60757,51604,Wrocław,51-113,OBORNICKA,10,WPS_WPI,WROCŁAW,0001101501,LOMBARD PREMIUM SPÓŁKA Z OGRANICZONĄ ODPOWIEDZIALNOŚCIĄ,8992991764,RDL000101,Wpisany,Loombard,Loombard,Q113227799
60757,51622,Wrocław,51-312,KRZYWOUSTEGO,324,WPS_WPI,WROCŁAW,0001101501,LOMBARD PREMIUM SPÓŁKA Z OGRANICZONĄ ODPOWIEDZIALNOŚCIĄ,8992991764,RDL000101,Wpisany,Loombard,Loombard,Q113227799
60757,51640,Wrocław,52-118,CHIŃSKA,3B,WPS_WPI,WROCŁAW,0001101501,LOMBARD PREMIUM SPÓŁKA Z OGRANICZONĄ ODPOWIEDZIALNOŚCIĄ,8992991764,RDL000101,Wpisany,Loombard,Loombard,Q113227799
60757,51667,Wrocław,53-325,HALLERA,53,WPS_WPI,WROCŁAW,0001101501,LOMBARD PREMIUM SPÓŁKA Z OGRANICZONĄ ODPOWIEDZIALNOŚCIĄ,8992991764,RDL000101,Wpisany,Loombard,Loombard,Q113227799
60757,51685,Wrocław,53-621,GAJOWICKA,96,WPS_WPI,WROCŁAW,0001101501,LOMBARD PREMIUM SPÓŁKA Z OGRANICZONĄ ODPOWIEDZIALNOŚCIĄ,8992991764,RDL000101,Wpisany,Loombard,Loombard,Q113227799
60757,51703,Wrocław,54-130,BULWAR IKARA,21,WPS_WPI,WROCŁAW,0001101501,LOMBARD PREMIUM SPÓŁKA Z OGRANICZONĄ ODPOWIEDZIALNOŚCIĄ,8992991764,RDL000101,Wpisany,Loombard,Loombard,Q113227799
60757,51631,Wrocław,51-644,OLSZEWSKIEGO,73,WPS_WPI,WROCŁAW,0001101501,LOMBARD PREMIUM SPÓŁKA Z OGRANICZONĄ ODPOWIEDZIALNOŚCIĄ,8992991764,RDL000101,Wpisany,Loombard,Loombard,Q113227799
60757,51613,Wrocław,51-163,AL.KROMERA,6,WPS_WPI,WROCŁAW,0001101501,LOMBARD PREMIUM SPÓŁKA Z OGRANICZONĄ ODPOWIEDZIALNOŚCIĄ,8992991764,RDL000101,Wpisany,Loombard,Loombard,Q113227799
60757,51595,Wrocław,50-559,ŚWIERADOWSKA,26,WPS_WPI,WROCŁAW,0001101501,LOMBARD PREMIUM SPÓŁKA Z OGRANICZONĄ ODPOWIEDZIALNOŚCIĄ,8992991764,RDL000101,Wpisany,Loombard,Loombard,Q113227799
60757,51586,Wrocław,50-520,GAJOWA,70,WPS_WPI,WROCŁAW,0001101501,LOMBARD PREMIUM SPÓŁKA Z OGRANICZONĄ ODPOWIEDZIALNOŚCIĄ,8992991764,RDL000101,Wpisany,Loombard,Loombard,Q113227799
60757,51568,Wrocław,50-449,KRASIŃSKIEGO,21-23,WPS_WPI,WROCŁAW,0001101501,LOMBARD PREMIUM SPÓŁKA Z OGRANICZONĄ ODPOWIEDZIALNOŚCIĄ,8992991764,RDL000101,Wpisany,Loombard,Loombard,Q113227799
60757,51550,Wrocław,50-433,PRĄDZYŃSKIEGO,34,WPS_WPI,WROCŁAW,0001101501,LOMBARD PREMIUM SPÓŁKA Z OGRANICZONĄ ODPOWIEDZIALNOŚCIĄ,8992991764,RDL000101,Wpisany,Loombard,Loombard,Q113227799
60757,51532,Wrocław,50-361,PIASTOWSKA,19,WPS_WPI,WROCŁAW,0001101501,LOMBARD PREMIUM SPÓŁKA Z OGRANICZONĄ ODPOWIEDZIALNOŚCIĄ,8992991764,RDL000101,Wpisany,Loombard,Loombard,Q113227799
60757,51523,Wrocław,50-310,DASZYŃSKIEGO,22,WPS_WPI,WROCŁAW,0001101501,LOMBARD PREMIUM SPÓŁKA Z OGRANICZONĄ ODPOWIEDZIALNOŚCIĄ,8992991764,RDL000101,Wpisany,Loombard,Loombard,Q113227799
60757,51505,Wrocław,50-260,JEDNOŚCI NARODOWEJ,45,WPS_WPI,WROCŁAW,0001101501,LOMBARD PREMIUM SPÓŁKA Z OGRANICZONĄ ODPOWIEDZIALNOŚCIĄ,8992991764,RDL000101,Wpisany,Loombard,Loombard,Q113227799
60757,51487,Wrocław,50-080,PSIE BUDY,5/6,WPS_WPI,WROCŁAW,0001101501,LOMBARD PREMIUM SPÓŁKA Z OGRANICZONĄ ODPOWIEDZIALNOŚCIĄ,8992991764,RDL000101,Wpisany,Loombard,Loombard,Q113227799
60757,51469,Wrocław,50-020,PIŁSUDSKIEGO,86,WPS_WPI,WROCŁAW,0001101501,LOMBARD PREMIUM SPÓŁKA Z OGRANICZONĄ ODPOWIEDZIALNOŚCIĄ,8992991764,RDL000101,Wpisany,Loombard,Loombard,Q113227799
60757,51694,Wrocław,53-621,GŁOGOWSKA,6,WPS_WPI,WROCŁAW,0001101501,LOMBARD PREMIUM SPÓŁKA Z OGRANICZONĄ ODPOWIEDZIALNOŚCIĄ,8992991764,RDL000101,Wpisany,Loombard,Loombard,Q113227799
61017,48121,Białogard,78-200,1 MAJA,19/1,WPS_WPI,WROCŁAW,0001102451,LOMBARD SILVER  SPÓŁKA Z OGRANICZONĄ ODPOWIEDZIALNOŚCIĄ,8992991994,RDL000109,Wpisany,Loombard,Loombard,Q113227799
61017,48157,Białystok,15-668,UPALNA,1A,WPS_WPI,WROCŁAW,0001102451,LOMBARD SILVER  SPÓŁKA Z OGRANICZONĄ ODPOWIEDZIALNOŚCIĄ,8992991994,RDL000109,Wpisany,Loombard,Loombard,Q113227799
61017,48166,Białystok,15-794,LIPOWA,45,WPS_WPI,WROCŁAW,0001102451,LOMBARD SILVER  SPÓŁKA Z OGRANICZONĄ ODPOWIEDZIALNOŚCIĄ,8992991994,RDL000109,Wpisany,Loombard,Loombard,Q113227799
61017,48139,Białystok,15-427,LIPOWA,10,WPS_WPI,WROCŁAW,0001102451,LOMBARD SILVER  SPÓŁKA Z OGRANICZONĄ ODPOWIEDZIALNOŚCIĄ,8992991994,RDL000109,Wpisany,Loombard,Loombard,Q113227799
61017,48148,Białystok,15-617,NOWOSIELSKA,40 I,WPS_WPI,WROCŁAW,0001102451,LOMBARD SILVER  SPÓŁKA Z OGRANICZONĄ ODPOWIEDZIALNOŚCIĄ,8992991994,RDL000109,Wpisany,Loombard,Loombard,Q113227799
61017,86207,Białystok,15-101,Jurowicka,11,WPS_WPI,WROCŁAW,0001102451,LOMBARD SILVER  SPÓŁKA Z OGRANICZONĄ ODPOWIEDZIALNOŚCIĄ,8992991994,RDL000109,Wpisany,Loombard,Loombard,Q113227799
61017,85069,Białystok,15-304,Waszyngtona,25,WPS_WPI,WROCŁAW,0001102451,LOMBARD SILVER  SPÓŁKA Z OGRANICZONĄ ODPOWIEDZIALNOŚCIĄ,8992991994,RDL000109,Wpisany,Loombard,Loombard,Q113227799
61017,85041,Białystok,15-349,Dubois,4A/5,WPS_WPI,WROCŁAW,0001102451,LOMBARD SILVER  SPÓŁKA Z OGRANICZONĄ ODPOWIEDZIALNOŚCIĄ,8992991994,RDL000109,Wpisany,Loombard,Loombard,Q113227799
61017,87984,Białystok,15-101,Jurowiecka,11,WPS_WPI,WROCŁAW,0001102451,LOMBARD SILVER  SPÓŁKA Z OGRANICZONĄ ODPOWIEDZIALNOŚCIĄ,8992991994,RDL000109,Wpisany,Loombard,Loombard,Q113227799
61017,48130,Białystok,15-062,WARSZAWSKA,21/2,WPS_WPI,WROCŁAW,0001102451,LOMBARD SILVER  SPÓŁKA Z OGRANICZONĄ ODPOWIEDZIALNOŚCIĄ,8992991994,RDL000109,Wpisany,Loombard,Loombard,Q113227799
61017,48175,Bielawa,58-260,WOLNOŚCI,132,WPS_WPI,WROCŁAW,0001102451,LOMBARD SILVER  SPÓŁKA Z OGRANICZONĄ ODPOWIEDZIALNOŚCIĄ,8992991994,RDL000109,Wpisany,Loombard,Loombard,Q113227799
61017,92507,Braniewo,14-500,Kościuszki,10A/1,WPS_WPI,WROCŁAW,0001102451,LOMBARD SILVER  SPÓŁKA Z OGRANICZONĄ ODPOWIEDZIALNOŚCIĄ,8992991994,RDL000109,Wpisany,Loombard,Loombard,Q113227799
61017,48202,Brzeg,49-300,PIASTOWSKA,17-19,WPS_WPI,WROCŁAW,0001102451,LOMBARD SILVER  SPÓŁKA Z OGRANICZONĄ ODPOWIEDZIALNOŚCIĄ,8992991994,RDL000109,Wpisany,Loombard,Loombard,Q113227799
61017,48193,Brzeg,49-300,KOŚCIELNA,4B,WPS_WPI,WROCŁAW,0001102451,LOMBARD SILVER  SPÓŁKA Z OGRANICZONĄ ODPOWIEDZIALNOŚCIĄ,8992991994,RDL000109,Wpisany,Loombard,Loombard,Q113227799
61017,48211,Bydgoszcz,85-005,GDAŃSKA,81,WPS_WPI,WROCŁAW,0001102451,LOMBARD SILVER  SPÓŁKA Z OGRANICZONĄ ODPOWIEDZIALNOŚCIĄ,8992991994,RDL000109,Wpisany,Loombard,Loombard,Q113227799
61017,48229,Bydgoszcz,85-011,ŚNIADECKICH,47/8A,WPS_WPI,WROCŁAW,0001102451,LOMBARD SILVER  SPÓŁKA Z OGRANICZONĄ ODPOWIEDZIALNOŚCIĄ,8992991994,RDL000109,Wpisany,Loombard,Loombard,Q113227799
61017,48238,Bydgoszcz,85-791,RATAJA,11,WPS_WPI,WROCŁAW,0001102451,LOMBARD SILVER  SPÓŁKA Z OGRANICZONĄ ODPOWIEDZIALNOŚCIĄ,8992991994,RDL000109,Wpisany,Loombard,Loombard,Q113227799
61017,48220,Bydgoszcz,85-010,DWORCOWA,52,WPS_WPI,WROCŁAW,0001102451,LOMBARD SILVER  SPÓŁKA Z OGRANICZONĄ ODPOWIEDZIALNOŚCIĄ,8992991994,RDL000109,Wpisany,Loombard,Loombard,Q113227799
61017,48247,Bytów,84-342,WOJSKA POLSKIEGO,44,WPS_WPI,WROCŁAW,0001102451,LOMBARD SILVER  SPÓŁKA Z OGRANICZONĄ ODPOWIEDZIALNOŚCIĄ,8992991994,RDL000109,Wpisany,Loombard,Loombard,Q113227799
61017,86592,Chodzież,64-800,Rynek,4,WPS_WPI,WROCŁAW,0001102451,LOMBARD SILVER  SPÓŁKA Z OGRANICZONĄ ODPOWIEDZIALNOŚCIĄ,8992991994,RDL000109,Wpisany,Loombard,Loombard,Q113227799
61017,85087,Chojnice,89-600,31-go Stycznia,34,WPS_WPI,WROCŁAW,0001102451,LOMBARD SILVER  SPÓŁKA Z OGRANICZONĄ ODPOWIEDZIALNOŚCIĄ,8992991994,RDL000109,Wpisany,Loombard,Loombard,Q113227799
61017,48274,Chojnice,89-600,PIŁSUDSKIEGO,8,WPS_WPI,WROCŁAW,0001102451,LOMBARD SILVER  SPÓŁKA Z OGRANICZONĄ ODPOWIEDZIALNOŚCIĄ,8992991994,RDL000109,Wpisany,Loombard,Loombard,Q113227799
61017,48292,Częstochowa,42-202,PLAC DASZYŃSKIEGO,5,WPS_WPI,WROCŁAW,0001102451,LOMBARD SILVER  SPÓŁKA Z OGRANICZONĄ ODPOWIEDZIALNOŚCIĄ,8992991994,RDL000109,Wpisany,Loombard,Loombard,Q113227799
61017,92155,Częstochowa,42-202,Aleja Wolności,15B,WPS_WPI,WROCŁAW,0001102451,LOMBARD SILVER  SPÓŁKA Z OGRANICZONĄ ODPOWIEDZIALNOŚCIĄ,8992991994,RDL000109,Wpisany,Loombard,Loombard,Q113227799
61017,48301,Darłowo,76-150,POWSTAŃCÓW WARSZAWSKICH,54,WPS_WPI,WROCŁAW,0001102451,LOMBARD SILVER  SPÓŁKA Z OGRANICZONĄ ODPOWIEDZIALNOŚCIĄ,8992991994,RDL000109,Wpisany,Loombard,Loombard,Q113227799
61017,85059,Dzierżoniów,58-200,Rynek,52,WPS_WPI,WROCŁAW,0001102451,LOMBARD SILVER  SPÓŁKA Z OGRANICZONĄ ODPOWIEDZIALNOŚCIĄ,8992991994,RDL000109,Wpisany,Loombard,Loombard,Q113227799
61017,48319,Elbląg,82-300,GWIEZDNA,21,WPS_WPI,WROCŁAW,0001102451,LOMBARD SILVER  SPÓŁKA Z OGRANICZONĄ ODPOWIEDZIALNOŚCIĄ,8992991994,RDL000109,Wpisany,Loombard,Loombard,Q113227799
61017,87975,Elbląg,82-300,Grunwaldzka,25 lok 1,WPS_WPI,WROCŁAW,0001102451,LOMBARD SILVER  SPÓŁKA Z OGRANICZONĄ ODPOWIEDZIALNOŚCIĄ,8992991994,RDL000109,Wpisany,Loombard,Loombard,Q113227799
61017,48328,Elbląg,82-300,PUŁKOWNIKA STANISŁAWA DĄBKA,136/5,WPS_WPI,WROCŁAW,0001102451,LOMBARD SILVER  SPÓŁKA Z OGRANICZONĄ ODPOWIEDZIALNOŚCIĄ,8992991994,RDL000109,Wpisany,Loombard,Loombard,Q113227799
61017,48337,Gdańsk,80-750,STĄGIEWNA,9/1,WPS_WPI,WROCŁAW,0001102451,LOMBARD SILVER  SPÓŁKA Z OGRANICZONĄ ODPOWIEDZIALNOŚCIĄ,8992991994,RDL000109,Wpisany,Loombard,Loombard,Q113227799
61017,94590,Gdańsk,80-809,Władysława Cieszyńskiego,36-38 pawilon 50,WPS_WPI,WROCŁAW,0001102451,LOMBARD SILVER  SPÓŁKA Z OGRANICZONĄ ODPOWIEDZIALNOŚCIĄ,8992991994,RDL000109,Wpisany,Loombard,Loombard,Q113227799
61017,48355,Gdynia,81-388,ŚWIĘTOJAŃSKA,82,WPS_WPI,WROCŁAW,0001102451,LOMBARD SILVER  SPÓŁKA Z OGRANICZONĄ ODPOWIEDZIALNOŚCIĄ,8992991994,RDL000109,Wpisany,Loombard,Loombard,Q113227799
61017,87966,Gdynia,81-361,Starowiejska,29/35 lok 6,WPS_WPI,WROCŁAW,0001102451,LOMBARD SILVER  SPÓŁKA Z OGRANICZONĄ ODPOWIEDZIALNOŚCIĄ,8992991994,RDL000109,Wpisany,Loombard,Loombard,Q113227799
61017,97113,Giżycko,11-500,Kętrzyńskiego,6,WPS_WPI,WROCŁAW,0001102451,LOMBARD SILVER  SPÓŁKA Z OGRANICZONĄ ODPOWIEDZIALNOŚCIĄ,8992991994,RDL000109,Wpisany,Loombard,Loombard,Q113227799
61017,92002,Gliwice,44-100,Siemińskiego,37,WPS_WPI,WROCŁAW,0001102451,LOMBARD SILVER  SPÓŁKA Z OGRANICZONĄ ODPOWIEDZIALNOŚCIĄ,8992991994,RDL000109,Wpisany,Loombard,Loombard,Q113227799
61017,85050,Gliwice,44-100,Poniatowskiego,5,WPS_WPI,WROCŁAW,0001102451,LOMBARD SILVER  SPÓŁKA Z OGRANICZONĄ ODPOWIEDZIALNOŚCIĄ,8992991994,RDL000109,Wpisany,Loombard,Loombard,Q113227799
61017,48112,Gliwice,44-102,TOSZECKA,33/1,WPS_WPI,WROCŁAW,0001102451,LOMBARD SILVER  SPÓŁKA Z OGRANICZONĄ ODPOWIEDZIALNOŚCIĄ,8992991994,RDL000109,Wpisany,Loombard,Loombard,Q113227799
61017,48076,Gliwice,44-100,ZWYCIĘSTWA,59,WPS_WPI,WROCŁAW,0001102451,LOMBARD SILVER  SPÓŁKA Z OGRANICZONĄ ODPOWIEDZIALNOŚCIĄ,8992991994,RDL000109,Wpisany,Loombard,Loombard,Q113227799
61017,48067,Gliwice,44-100,RYBNICKA,3,WPS_WPI,WROCŁAW,0001102451,LOMBARD SILVER  SPÓŁKA Z OGRANICZONĄ ODPOWIEDZIALNOŚCIĄ,8992991994,RDL000109,Wpisany,Loombard,Loombard,Q113227799
61017,48094,Gliwice,44-102,TARNOGÓRSKA,26,WPS_WPI,WROCŁAW,0001102451,LOMBARD SILVER  SPÓŁKA Z OGRANICZONĄ ODPOWIEDZIALNOŚCIĄ,8992991994,RDL000109,Wpisany,Loombard,Loombard,Q113227799
61017,48085,Gliwice,44-100,ZWYCIĘSTWA,9,WPS_WPI,WROCŁAW,0001102451,LOMBARD SILVER  SPÓŁKA Z OGRANICZONĄ ODPOWIEDZIALNOŚCIĄ,8992991994,RDL000109,Wpisany,Loombard,Loombard,Q113227799
61017,48058,Gliwice,44-100,RACIBORSKA,3,WPS_WPI,WROCŁAW,0001102451,LOMBARD SILVER  SPÓŁKA Z OGRANICZONĄ ODPOWIEDZIALNOŚCIĄ,8992991994,RDL000109,Wpisany,Loombard,Loombard,Q113227799
61017,48103,Gliwice,44-102,TARNOGÓRSKA,82,WPS_WPI,WROCŁAW,0001102451,LOMBARD SILVER  SPÓŁKA Z OGRANICZONĄ ODPOWIEDZIALNOŚCIĄ,8992991994,RDL000109,Wpisany,Loombard,Loombard,Q113227799
61017,48373,Głogów,67-200,PLAC 1000 LECIA,5B,WPS_WPI,WROCŁAW,0001102451,LOMBARD SILVER  SPÓŁKA Z OGRANICZONĄ ODPOWIEDZIALNOŚCIĄ,8992991994,RDL000109,Wpisany,Loombard,Loombard,Q113227799
61017,48382,Głogów,67-200,SATURNA,5B PAWILON NR 41,WPS_WPI,WROCŁAW,0001102451,LOMBARD SILVER  SPÓŁKA Z OGRANICZONĄ ODPOWIEDZIALNOŚCIĄ,8992991994,RDL000109,Wpisany,Loombard,Loombard,Q113227799
61017,48391,Głuchołazy,48-340,RYNEK,9,WPS_WPI,WROCŁAW,0001102451,LOMBARD SILVER  SPÓŁKA Z OGRANICZONĄ ODPOWIEDZIALNOŚCIĄ,8992991994,RDL000109,Wpisany,Loombard,Loombard,Q113227799
61017,48418,Gniezno,62-200,WYSZYŃSKIEGO,24/3,WPS_WPI,WROCŁAW,0001102451,LOMBARD SILVER  SPÓŁKA Z OGRANICZONĄ ODPOWIEDZIALNOŚCIĄ,8992991994,RDL000109,Wpisany,Loombard,Loombard,Q113227799
61017,48400,Gniezno,62-200,OS. JAGIELLOŃSKIE,65,WPS_WPI,WROCŁAW,0001102451,LOMBARD SILVER  SPÓŁKA Z OGRANICZONĄ ODPOWIEDZIALNOŚCIĄ,8992991994,RDL000109,Wpisany,Loombard,Loombard,Q113227799
61017,48409,Gniezno,62-200,PL. JÓZEFA PIŁSUDSKIEGO,9/2,WPS_WPI,WROCŁAW,0001102451,LOMBARD SILVER  SPÓŁKA Z OGRANICZONĄ ODPOWIEDZIALNOŚCIĄ,8992991994,RDL000109,Wpisany,Loombard,Loombard,Q113227799
61017,48427,Goleniów,72-100,KONSTYTUCJI 3 MAJA,25/4,WPS_WPI,WROCŁAW,0001102451,LOMBARD SILVER  SPÓŁKA Z OGRANICZONĄ ODPOWIEDZIALNOŚCIĄ,8992991994,RDL000109,Wpisany,Loombard,Loombard,Q113227799
61017,48436,Gołdap,19-500,ARMII KRAJOWEJ,1A,WPS_WPI,WROCŁAW,0001102451,LOMBARD SILVER  SPÓŁKA Z OGRANICZONĄ ODPOWIEDZIALNOŚCIĄ,8992991994,RDL000109,Wpisany,Loombard,Loombard,Q113227799
61017,48445,Grodzisk Mazowiecki,05-825,PL. KRÓLA ZYGMUNTA STAREGO,17,WPS_WPI,WROCŁAW,0001102451,LOMBARD SILVER  SPÓŁKA Z OGRANICZONĄ ODPOWIEDZIALNOŚCIĄ,8992991994,RDL000109,Wpisany,Loombard,Loombard,Q113227799
61017,48472,Grudziądz,86-302,LEGIONÓW,3,WPS_WPI,WROCŁAW,0001102451,LOMBARD SILVER  SPÓŁKA Z OGRANICZONĄ ODPOWIEDZIALNOŚCIĄ,8992991994,RDL000109,Wpisany,Loombard,Loombard,Q113227799
61017,48454,Grudziądz,86-300,CHEŁMIŃSKA,56,WPS_WPI,WROCŁAW,0001102451,LOMBARD SILVER  SPÓŁKA Z OGRANICZONĄ ODPOWIEDZIALNOŚCIĄ,8992991994,RDL000109,Wpisany,Loombard,Loombard,Q113227799
61017,48481,Grudziądz,86-303,SIENKIEWICZA,6,WPS_WPI,WROCŁAW,0001102451,LOMBARD SILVER  SPÓŁKA Z OGRANICZONĄ ODPOWIEDZIALNOŚCIĄ,8992991994,RDL000109,Wpisany,Loombard,Loombard,Q113227799
61017,48490,Gryfice,72-300,NIEPODLEGŁOŚCI,39/3,WPS_WPI,WROCŁAW,0001102451,LOMBARD SILVER  SPÓŁKA Z OGRANICZONĄ ODPOWIEDZIALNOŚCIĄ,8992991994,RDL000109,Wpisany,Loombard,Loombard,Q113227799
61017,48499,Gryfino,74-100,KOŚCIELNA,27A,WPS_WPI,WROCŁAW,0001102451,LOMBARD SILVER  SPÓŁKA Z OGRANICZONĄ ODPOWIEDZIALNOŚCIĄ,8992991994,RDL000109,Wpisany,Loombard,Loombard,Q113227799
61017,48508,Gubin,66-620,OBROŃCÓW POKOJU,3,WPS_WPI,WROCŁAW,0001102451,LOMBARD SILVER  SPÓŁKA Z OGRANICZONĄ ODPOWIEDZIALNOŚCIĄ,8992991994,RDL000109,Wpisany,Loombard,Loombard,Q113227799
61017,48517,Jastrowie,64-915,GDAŃSKA,80,WPS_WPI,WROCŁAW,0001102451,LOMBARD SILVER  SPÓŁKA Z OGRANICZONĄ ODPOWIEDZIALNOŚCIĄ,8992991994,RDL000109,Wpisany,Loombard,Loombard,Q113227799
61017,48526,Jawor,59-400,STAROMIEJSKA,6,WPS_WPI,WROCŁAW,0001102451,LOMBARD SILVER  SPÓŁKA Z OGRANICZONĄ ODPOWIEDZIALNOŚCIĄ,8992991994,RDL000109,Wpisany,Loombard,Loombard,Q113227799
61017,48535,Kartuzy,83-300,KOŚCIUSZKI,17,WPS_WPI,WROCŁAW,0001102451,LOMBARD SILVER  SPÓŁKA Z OGRANICZONĄ ODPOWIEDZIALNOŚCIĄ,8992991994,RDL000109,Wpisany,Loombard,Loombard,Q113227799
61017,48553,Kołobrzeg,78-100,I ARMII WOJSKA POLSKIEGO,10E,WPS_WPI,WROCŁAW,0001102451,LOMBARD SILVER  SPÓŁKA Z OGRANICZONĄ ODPOWIEDZIALNOŚCIĄ,8992991994,RDL000109,Wpisany,Loombard,Loombard,Q113227799
61017,48544,Kołobrzeg,78-100,AL. ŚW. JANA PAWŁA II,25/2,WPS_WPI,WROCŁAW,0001102451,LOMBARD SILVER  SPÓŁKA Z OGRANICZONĄ ODPOWIEDZIALNOŚCIĄ,8992991994,RDL000109,Wpisany,Loombard,Loombard,Q113227799
61017,48562,Kostrzyn Nad Odrą,66-470,GORZOWSKA,1,WPS_WPI,WROCŁAW,0001102451,LOMBARD SILVER  SPÓŁKA Z OGRANICZONĄ ODPOWIEDZIALNOŚCIĄ,8992991994,RDL000109,Wpisany,Loombard,Loombard,Q113227799
61017,48580,Koszalin,75-033,ZWYCIĘSTWA,8,WPS_WPI,WROCŁAW,0001102451,LOMBARD SILVER  SPÓŁKA Z OGRANICZONĄ ODPOWIEDZIALNOŚCIĄ,8992991994,RDL000109,Wpisany,Loombard,Loombard,Q113227799
61017,48571,Koszalin,75-007,RYNEK STAROMIEJSKI,1,WPS_WPI,WROCŁAW,0001102451,LOMBARD SILVER  SPÓŁKA Z OGRANICZONĄ ODPOWIEDZIALNOŚCIĄ,8992991994,RDL000109,Wpisany,Loombard,Loombard,Q113227799
61017,48589,Koszalin,75-346,WŁADYSŁAWA IV,40,WPS_WPI,WROCŁAW,0001102451,LOMBARD SILVER  SPÓŁKA Z OGRANICZONĄ ODPOWIEDZIALNOŚCIĄ,8992991994,RDL000109,Wpisany,Loombard,Loombard,Q113227799
61017,48598,Kościerzyna,83-400,DŁUGA,5,WPS_WPI,WROCŁAW,0001102451,LOMBARD SILVER  SPÓŁKA Z OGRANICZONĄ ODPOWIEDZIALNOŚCIĄ,8992991994,RDL000109,Wpisany,Loombard,Loombard,Q113227799
61017,101368,Koziegłowy,62-028,Os. Leśne,21C/2,WPS_WPI,WROCŁAW,0001102451,LOMBARD SILVER  SPÓŁKA Z OGRANICZONĄ ODPOWIEDZIALNOŚCIĄ,8992991994,RDL000109,Wpisany,Loombard,Loombard,Q113227799
61017,48616,Kwidzyn,82-500,WARSZAWSKA,28,WPS_WPI,WROCŁAW,0001102451,LOMBARD SILVER  SPÓŁKA Z OGRANICZONĄ ODPOWIEDZIALNOŚCIĄ,8992991994,RDL000109,Wpisany,Loombard,Loombard,Q113227799
61017,90276,Kwidzyn,82-500,Piłsudskiego,15A,WPS_WPI,WROCŁAW,0001102451,LOMBARD SILVER  SPÓŁKA Z OGRANICZONĄ ODPOWIEDZIALNOŚCIĄ,8992991994,RDL000109,Wpisany,Loombard,Loombard,Q113227799
61017,48625,Legionowo,05-120,PIŁSUDSKIEGO,4C,WPS_WPI,WROCŁAW,0001102451,LOMBARD SILVER  SPÓŁKA Z OGRANICZONĄ ODPOWIEDZIALNOŚCIĄ,8992991994,RDL000109,Wpisany,Loombard,Loombard,Q113227799
61017,48634,Leszno,64-100,DWORCOWA,2,WPS_WPI,WROCŁAW,0001102451,LOMBARD SILVER  SPÓŁKA Z OGRANICZONĄ ODPOWIEDZIALNOŚCIĄ,8992991994,RDL000109,Wpisany,Loombard,Loombard,Q113227799
61017,85106,Leszno,64-100,Narutowicza,35,WPS_WPI,WROCŁAW,0001102451,LOMBARD SILVER  SPÓŁKA Z OGRANICZONĄ ODPOWIEDZIALNOŚCIĄ,8992991994,RDL000109,Wpisany,Loombard,Loombard,Q113227799
61017,48652,Lubliniec,42-700,MICKIEWICZA,7,WPS_WPI,WROCŁAW,0001102451,LOMBARD SILVER  SPÓŁKA Z OGRANICZONĄ ODPOWIEDZIALNOŚCIĄ,8992991994,RDL000109,Wpisany,Loombard,Loombard,Q113227799
61017,48661,Luboń,62-030,ŻABIKOWSKA,47,WPS_WPI,WROCŁAW,0001102451,LOMBARD SILVER  SPÓŁKA Z OGRANICZONĄ ODPOWIEDZIALNOŚCIĄ,8992991994,RDL000109,Wpisany,Loombard,Loombard,Q113227799
61017,48679,Maków Mazowiecki,06-200,1 MAJA,7A,WPS_WPI,WROCŁAW,0001102451,LOMBARD SILVER  SPÓŁKA Z OGRANICZONĄ ODPOWIEDZIALNOŚCIĄ,8992991994,RDL000109,Wpisany,Loombard,Loombard,Q113227799
61017,48688,Malbork,82-200,KOŚCIUSZKI,23B,WPS_WPI,WROCŁAW,0001102451,LOMBARD SILVER  SPÓŁKA Z OGRANICZONĄ ODPOWIEDZIALNOŚCIĄ,8992991994,RDL000109,Wpisany,Loombard,Loombard,Q113227799
61017,48697,Malbork,82-200,SIENKIEWICZA,58A,WPS_WPI,WROCŁAW,0001102451,LOMBARD SILVER  SPÓŁKA Z OGRANICZONĄ ODPOWIEDZIALNOŚCIĄ,8992991994,RDL000109,Wpisany,Loombard,Loombard,Q113227799
61017,48706,Marki,05-270,PIŁSUDSKIEGO,57,WPS_WPI,WROCŁAW,0001102451,LOMBARD SILVER  SPÓŁKA Z OGRANICZONĄ ODPOWIEDZIALNOŚCIĄ,8992991994,RDL000109,Wpisany,Loombard,Loombard,Q113227799
61017,97243,Międzyrzec Podlaski,21-560,Żelazna,10,WPS_WPI,WROCŁAW,0001102451,LOMBARD SILVER  SPÓŁKA Z OGRANICZONĄ ODPOWIEDZIALNOŚCIĄ,8992991994,RDL000109,Wpisany,Loombard,Loombard,Q113227799
61017,48715,Mogilno,88-300,PLAC WOLNOŚCI,7,WPS_WPI,WROCŁAW,0001102451,LOMBARD SILVER  SPÓŁKA Z OGRANICZONĄ ODPOWIEDZIALNOŚCIĄ,8992991994,RDL000109,Wpisany,Loombard,Loombard,Q113227799
61017,48724,Mońki,19-100,AL. NIEPODLEGŁOŚCI,6/3U,WPS_WPI,WROCŁAW,0001102451,LOMBARD SILVER  SPÓŁKA Z OGRANICZONĄ ODPOWIEDZIALNOŚCIĄ,8992991994,RDL000109,Wpisany,Loombard,Loombard,Q113227799
61017,48742,Nowy Dwór Mazowiecki,05-100,MODLIŃSKA,1A,WPS_WPI,WROCŁAW,0001102451,LOMBARD SILVER  SPÓŁKA Z OGRANICZONĄ ODPOWIEDZIALNOŚCIĄ,8992991994,RDL000109,Wpisany,Loombard,Loombard,Q113227799
61017,48751,Oborniki,64-600,PIŁSUDSKIEGO,4,WPS_WPI,WROCŁAW,0001102451,LOMBARD SILVER  SPÓŁKA Z OGRANICZONĄ ODPOWIEDZIALNOŚCIĄ,8992991994,RDL000109,Wpisany,Loombard,Loombard,Q113227799
61017,48760,Olecko,19-400,PL. WOLNOŚCI,27,WPS_WPI,WROCŁAW,0001102451,LOMBARD SILVER  SPÓŁKA Z OGRANICZONĄ ODPOWIEDZIALNOŚCIĄ,8992991994,RDL000109,Wpisany,Loombard,Loombard,Q113227799
61017,48769,Pelplin,83-130,MICKIEWICZA,12,WPS_WPI,WROCŁAW,0001102451,LOMBARD SILVER  SPÓŁKA Z OGRANICZONĄ ODPOWIEDZIALNOŚCIĄ,8992991994,RDL000109,Wpisany,Loombard,Loombard,Q113227799
61017,48796,Piła,64-920,OKRZEI,19/1,WPS_WPI,WROCŁAW,0001102451,LOMBARD SILVER  SPÓŁKA Z OGRANICZONĄ ODPOWIEDZIALNOŚCIĄ,8992991994,RDL000109,Wpisany,Loombard,Loombard,Q113227799
61017,48778,Piła,64-920,BYDGOSKA,1A,WPS_WPI,WROCŁAW,0001102451,LOMBARD SILVER  SPÓŁKA Z OGRANICZONĄ ODPOWIEDZIALNOŚCIĄ,8992991994,RDL000109,Wpisany,Loombard,Loombard,Q113227799
61017,48787,Piła,64-920,KOLBE,1A,WPS_WPI,WROCŁAW,0001102451,LOMBARD SILVER  SPÓŁKA Z OGRANICZONĄ ODPOWIEDZIALNOŚCIĄ,8992991994,RDL000109,Wpisany,Loombard,Loombard,Q113227799
61017,48805,Pisz,12-200,DWORCOWA,1A,WPS_WPI,WROCŁAW,0001102451,LOMBARD SILVER  SPÓŁKA Z OGRANICZONĄ ODPOWIEDZIALNOŚCIĄ,8992991994,RDL000109,Wpisany,Loombard,Loombard,Q113227799
61017,48814,Police,72-010,BANKOWA,16E,WPS_WPI,WROCŁAW,0001102451,LOMBARD SILVER  SPÓŁKA Z OGRANICZONĄ ODPOWIEDZIALNOŚCIĄ,8992991994,RDL000109,Wpisany,Loombard,Loombard,Q113227799
61017,48895,Poznań,60-681,KURPIŃSKIEGO,117,WPS_WPI,WROCŁAW,0001102451,LOMBARD SILVER  SPÓŁKA Z OGRANICZONĄ ODPOWIEDZIALNOŚCIĄ,8992991994,RDL000109,Wpisany,Loombard,Loombard,Q113227799
61017,48904,Poznań,60-682,WIECHOWICZA,17,WPS_WPI,WROCŁAW,0001102451,LOMBARD SILVER  SPÓŁKA Z OGRANICZONĄ ODPOWIEDZIALNOŚCIĄ,8992991994,RDL000109,Wpisany,Loombard,Loombard,Q113227799
61017,48913,Poznań,60-736,GŁOGOWSKA,35A,WPS_WPI,WROCŁAW,0001102451,LOMBARD SILVER  SPÓŁKA Z OGRANICZONĄ ODPOWIEDZIALNOŚCIĄ,8992991994,RDL000109,Wpisany,Loombard,Loombard,Q113227799
61017,48940,Poznań,61-019,GŁÓWNA,62,WPS_WPI,WROCŁAW,0001102451,LOMBARD SILVER  SPÓŁKA Z OGRANICZONĄ ODPOWIEDZIALNOŚCIĄ,8992991994,RDL000109,Wpisany,Loombard,Loombard,Q113227799
61017,48958,Poznań,61-290,OSIEDLE CZECHA,96,WPS_WPI,WROCŁAW,0001102451,LOMBARD SILVER  SPÓŁKA Z OGRANICZONĄ ODPOWIEDZIALNOŚCIĄ,8992991994,RDL000109,Wpisany,Loombard,Loombard,Q113227799
61017,48967,Poznań,61-361,STAROŁĘCKA 63B PAWILON,63B PAWILON 2,WPS_WPI,WROCŁAW,0001102451,LOMBARD SILVER  SPÓŁKA Z OGRANICZONĄ ODPOWIEDZIALNOŚCIĄ,8992991994,RDL000109,Wpisany,Loombard,Loombard,Q113227799
61017,48976,Poznań,61-469,28 CZERWCA 1956R,313/2,WPS_WPI,WROCŁAW,0001102451,LOMBARD SILVER  SPÓŁKA Z OGRANICZONĄ ODPOWIEDZIALNOŚCIĄ,8992991994,RDL000109,Wpisany,Loombard,Loombard,Q113227799
61017,48994,Poznań,61-526,28 CZERWCA 1956 R.,126,WPS_WPI,WROCŁAW,0001102451,LOMBARD SILVER  SPÓŁKA Z OGRANICZONĄ ODPOWIEDZIALNOŚCIĄ,8992991994,RDL000109,Wpisany,Loombard,Loombard,Q113227799
61017,49003,Poznań,61-568,WIERZBIĘCICE,10,WPS_WPI,WROCŁAW,0001102451,LOMBARD SILVER  SPÓŁKA Z OGRANICZONĄ ODPOWIEDZIALNOŚCIĄ,8992991994,RDL000109,Wpisany,Loombard,Loombard,Q113227799
61017,49039,Poznań,61-728,3 MAJA,48A/2,WPS_WPI,WROCŁAW,0001102451,LOMBARD SILVER  SPÓŁKA Z OGRANICZONĄ ODPOWIEDZIALNOŚCIĄ,8992991994,RDL000109,Wpisany,Loombard,Loombard,Q113227799
61017,49057,Poznań,61-885,PÓŁWIEJSKA,13,WPS_WPI,WROCŁAW,0001102451,LOMBARD SILVER  SPÓŁKA Z OGRANICZONĄ ODPOWIEDZIALNOŚCIĄ,8992991994,RDL000109,Wpisany,Loombard,Loombard,Q113227799
61017,48859,Poznań,60-397,BUKOWSKA,118,WPS_WPI,WROCŁAW,0001102451,LOMBARD SILVER  SPÓŁKA Z OGRANICZONĄ ODPOWIEDZIALNOŚCIĄ,8992991994,RDL000109,Wpisany,Loombard,Loombard,Q113227799
61017,48841,Poznań,60-264,GŁOGOWSKA,91A,WPS_WPI,WROCŁAW,0001102451,LOMBARD SILVER  SPÓŁKA Z OGRANICZONĄ ODPOWIEDZIALNOŚCIĄ,8992991994,RDL000109,Wpisany,Loombard,Loombard,Q113227799
61017,49030,Poznań,61-699,OSIEDLE WICHROWE WZGÓRZE,121/14,WPS_WPI,WROCŁAW,0001102451,LOMBARD SILVER  SPÓŁKA Z OGRANICZONĄ ODPOWIEDZIALNOŚCIĄ,8992991994,RDL000109,Wpisany,Loombard,Loombard,Q113227799
61017,101386,Poznań,60-649,Piątkowska,92,WPS_WPI,WROCŁAW,0001102451,LOMBARD SILVER  SPÓŁKA Z OGRANICZONĄ ODPOWIEDZIALNOŚCIĄ,8992991994,RDL000109,Wpisany,Loombard,Loombard,Q113227799
61017,100570,Poznań,61-869,GARBARY,27,WPS_WPI,WROCŁAW,0001102451,LOMBARD SILVER  SPÓŁKA Z OGRANICZONĄ ODPOWIEDZIALNOŚCIĄ,8992991994,RDL000109,Wpisany,Loombard,Loombard,Q113227799
61017,94599,Poznań,60-529,Dąbrowskiego,80,WPS_WPI,WROCŁAW,0001102451,LOMBARD SILVER  SPÓŁKA Z OGRANICZONĄ ODPOWIEDZIALNOŚCIĄ,8992991994,RDL000109,Wpisany,Loombard,Loombard,Q113227799
61017,96566,Poznań,60-649,Aleje K.Marcinkowskiego,15,WPS_WPI,WROCŁAW,0001102451,LOMBARD SILVER  SPÓŁKA Z OGRANICZONĄ ODPOWIEDZIALNOŚCIĄ,8992991994,RDL000109,Wpisany,Loombard,Loombard,Q113227799
61017,49021,Poznań,61-657,PASIEKA,36A,WPS_WPI,WROCŁAW,0001102451,LOMBARD SILVER  SPÓŁKA Z OGRANICZONĄ ODPOWIEDZIALNOŚCIĄ,8992991994,RDL000109,Wpisany,Loombard,Loombard,Q113227799
61017,101395,Poznań,60-251,Hetmańska,27/1,WPS_WPI,WROCŁAW,0001102451,LOMBARD SILVER  SPÓŁKA Z OGRANICZONĄ ODPOWIEDZIALNOŚCIĄ,8992991994,RDL000109,Wpisany,Loombard,Loombard,Q113227799
61017,48823,Poznań,60-139,PIOTRA ŚCIEGIENNEGO,64/32,WPS_WPI,WROCŁAW,0001102451,LOMBARD SILVER  SPÓŁKA Z OGRANICZONĄ ODPOWIEDZIALNOŚCIĄ,8992991994,RDL000109,Wpisany,Loombard,Loombard,Q113227799
61017,48850,Poznań,60-337,GROCHOWSKA,83/85,WPS_WPI,WROCŁAW,0001102451,LOMBARD SILVER  SPÓŁKA Z OGRANICZONĄ ODPOWIEDZIALNOŚCIĄ,8992991994,RDL000109,Wpisany,Loombard,Loombard,Q113227799
61017,48886,Poznań,60-588,DĄBROWSKIEGO,149,WPS_WPI,WROCŁAW,0001102451,LOMBARD SILVER  SPÓŁKA Z OGRANICZONĄ ODPOWIEDZIALNOŚCIĄ,8992991994,RDL000109,Wpisany,Loombard,Loombard,Q113227799
61017,48922,Poznań,60-740,GŁOGOWSKA,66,WPS_WPI,WROCŁAW,0001102451,LOMBARD SILVER  SPÓŁKA Z OGRANICZONĄ ODPOWIEDZIALNOŚCIĄ,8992991994,RDL000109,Wpisany,Loombard,Loombard,Q113227799
61017,48949,Poznań,61-156,OS. PIASTOWSKIE,74A,WPS_WPI,WROCŁAW,0001102451,LOMBARD SILVER  SPÓŁKA Z OGRANICZONĄ ODPOWIEDZIALNOŚCIĄ,8992991994,RDL000109,Wpisany,Loombard,Loombard,Q113227799
61017,48985,Poznań,61-485,28 CZERWCA 1956R,177/2,WPS_WPI,WROCŁAW,0001102451,LOMBARD SILVER  SPÓŁKA Z OGRANICZONĄ ODPOWIEDZIALNOŚCIĄ,8992991994,RDL000109,Wpisany,Loombard,Loombard,Q113227799
61017,49012,Poznań,61-576,GÓRNA WILDA,100,WPS_WPI,WROCŁAW,0001102451,LOMBARD SILVER  SPÓŁKA Z OGRANICZONĄ ODPOWIEDZIALNOŚCIĄ,8992991994,RDL000109,Wpisany,Loombard,Loombard,Q113227799
61017,85078,Poznań,60-205,Głogowska,160,WPS_WPI,WROCŁAW,0001102451,LOMBARD SILVER  SPÓŁKA Z OGRANICZONĄ ODPOWIEDZIALNOŚCIĄ,8992991994,RDL000109,Wpisany,Loombard,Loombard,Q113227799
61017,91233,Poznań,60-533,Polna,28,WPS_WPI,WROCŁAW,0001102451,LOMBARD SILVER  SPÓŁKA Z OGRANICZONĄ ODPOWIEDZIALNOŚCIĄ,8992991994,RDL000109,Wpisany,Loombard,Loombard,Q113227799
61017,93391,Poznań,60-842,J.H. Dąbrowskiego,49/3,WPS_WPI,WROCŁAW,0001102451,LOMBARD SILVER  SPÓŁKA Z OGRANICZONĄ ODPOWIEDZIALNOŚCIĄ,8992991994,RDL000109,Wpisany,Loombard,Loombard,Q113227799
61017,93400,Poznań,61-633,Os. Pod Lipami,104/33,WPS_WPI,WROCŁAW,0001102451,LOMBARD SILVER  SPÓŁKA Z OGRANICZONĄ ODPOWIEDZIALNOŚCIĄ,8992991994,RDL000109,Wpisany,Loombard,Loombard,Q113227799
61017,93409,Poznań,61-251,Os. Orła Białego,11/U01,WPS_WPI,WROCŁAW,0001102451,LOMBARD SILVER  SPÓŁKA Z OGRANICZONĄ ODPOWIEDZIALNOŚCIĄ,8992991994,RDL000109,Wpisany,Loombard,Loombard,Q113227799
61017,49066,Prudnik,48-200,DAMROTA,13,WPS_WPI,WROCŁAW,0001102451,LOMBARD SILVER  SPÓŁKA Z OGRANICZONĄ ODPOWIEDZIALNOŚCIĄ,8992991994,RDL000109,Wpisany,Loombard,Loombard,Q113227799
61017,49075,Pruszcz Gdański,83-000,GRUNWALDZKA,14,WPS_WPI,WROCŁAW,0001102451,LOMBARD SILVER  SPÓŁKA Z OGRANICZONĄ ODPOWIEDZIALNOŚCIĄ,8992991994,RDL000109,Wpisany,Loombard,Loombard,Q113227799
61017,49084,Pruszków,05-800,UL. PRUSA,60 A,WPS_WPI,WROCŁAW,0001102451,LOMBARD SILVER  SPÓŁKA Z OGRANICZONĄ ODPOWIEDZIALNOŚCIĄ,8992991994,RDL000109,Wpisany,Loombard,Loombard,Q113227799
61017,49093,Przasnysz,06-300,PRZECHODNIA,1,WPS_WPI,WROCŁAW,0001102451,LOMBARD SILVER  SPÓŁKA Z OGRANICZONĄ ODPOWIEDZIALNOŚCIĄ,8992991994,RDL000109,Wpisany,Loombard,Loombard,Q113227799
61017,85096,Przeźmierowo,62-081,Południowa,38,WPS_WPI,WROCŁAW,0001102451,LOMBARD SILVER  SPÓŁKA Z OGRANICZONĄ ODPOWIEDZIALNOŚCIĄ,8992991994,RDL000109,Wpisany,Loombard,Loombard,Q113227799
61017,90696,Rawicz,63-900,Rynek,6,WPS_WPI,WROCŁAW,0001102451,LOMBARD SILVER  SPÓŁKA Z OGRANICZONĄ ODPOWIEDZIALNOŚCIĄ,8992991994,RDL000109,Wpisany,Loombard,Loombard,Q113227799
61017,88670,Reda,84-240,ALEJA JANA PAWŁA II,9B,WPS_WPI,WROCŁAW,0001102451,LOMBARD SILVER  SPÓŁKA Z OGRANICZONĄ ODPOWIEDZIALNOŚCIĄ,8992991994,RDL000109,Wpisany,Loombard,Loombard,Q113227799
61017,49111,Rogoźno,64-610,KOSCIUSZKI,29,WPS_WPI,WROCŁAW,0001102451,LOMBARD SILVER  SPÓŁKA Z OGRANICZONĄ ODPOWIEDZIALNOŚCIĄ,8992991994,RDL000109,Wpisany,Loombard,Loombard,Q113227799
61017,49120,Rumia,84-230,DĄBROWSKIEGO,12B/1,WPS_WPI,WROCŁAW,0001102451,LOMBARD SILVER  SPÓŁKA Z OGRANICZONĄ ODPOWIEDZIALNOŚCIĄ,8992991994,RDL000109,Wpisany,Loombard,Loombard,Q113227799
61017,49129,Siemiatycze,17-300,GRODZIEŃSKA,29,WPS_WPI,WROCŁAW,0001102451,LOMBARD SILVER  SPÓŁKA Z OGRANICZONĄ ODPOWIEDZIALNOŚCIĄ,8992991994,RDL000109,Wpisany,Loombard,Loombard,Q113227799
61017,49138,Słubice,69-100,WOJSKA POLSKIEGO,167,WPS_WPI,WROCŁAW,0001102451,LOMBARD SILVER  SPÓŁKA Z OGRANICZONĄ ODPOWIEDZIALNOŚCIĄ,8992991994,RDL000109,Wpisany,Loombard,Loombard,Q113227799
61017,49147,Sokółka,16-100,GRODZIEŃSKA,16,WPS_WPI,WROCŁAW,0001102451,LOMBARD SILVER  SPÓŁKA Z OGRANICZONĄ ODPOWIEDZIALNOŚCIĄ,8992991994,RDL000109,Wpisany,Loombard,Loombard,Q113227799
61017,87410,Sopot,81-704,Tadeusza Kościuszki,11A,WPS_WPI,WROCŁAW,0001102451,LOMBARD SILVER  SPÓŁKA Z OGRANICZONĄ ODPOWIEDZIALNOŚCIĄ,8992991994,RDL000109,Wpisany,Loombard,Loombard,Q113227799
61017,49165,Starogard Gdański,83-200,SIKORSKIEGO,1,WPS_WPI,WROCŁAW,0001102451,LOMBARD SILVER  SPÓŁKA Z OGRANICZONĄ ODPOWIEDZIALNOŚCIĄ,8992991994,RDL000109,Wpisany,Loombard,Loombard,Q113227799
61017,49156,Starogard Gdański,83-200,KOŚCIUSZKI,45,WPS_WPI,WROCŁAW,0001102451,LOMBARD SILVER  SPÓŁKA Z OGRANICZONĄ ODPOWIEDZIALNOŚCIĄ,8992991994,RDL000109,Wpisany,Loombard,Loombard,Q113227799
61017,49174,Strzelce Opolskie,47-100,KRAKOWSKA,13,WPS_WPI,WROCŁAW,0001102451,LOMBARD SILVER  SPÓŁKA Z OGRANICZONĄ ODPOWIEDZIALNOŚCIĄ,8992991994,RDL000109,Wpisany,Loombard,Loombard,Q113227799
61017,49192,Swarzędz,62-020,OS. TYTUSA DZIAŁYŃSKIEGO,1H,WPS_WPI,WROCŁAW,0001102451,LOMBARD SILVER  SPÓŁKA Z OGRANICZONĄ ODPOWIEDZIALNOŚCIĄ,8992991994,RDL000109,Wpisany,Loombard,Loombard,Q113227799
61017,49183,Swarzędz,62-020,OS. DĄBROWSZCZAKÓW,26/28,WPS_WPI,WROCŁAW,0001102451,LOMBARD SILVER  SPÓŁKA Z OGRANICZONĄ ODPOWIEDZIALNOŚCIĄ,8992991994,RDL000109,Wpisany,Loombard,Loombard,Q113227799
61017,49201,Szamotuły,64-500,RATUSZOWA,5,WPS_WPI,WROCŁAW,0001102451,LOMBARD SILVER  SPÓŁKA Z OGRANICZONĄ ODPOWIEDZIALNOŚCIĄ,8992991994,RDL000109,Wpisany,Loombard,Loombard,Q113227799
61017,88251,Szczecin,70-365,Jagiellońska,72/1,WPS_WPI,WROCŁAW,0001102451,LOMBARD SILVER  SPÓŁKA Z OGRANICZONĄ ODPOWIEDZIALNOŚCIĄ,8992991994,RDL000109,Wpisany,Loombard,Loombard,Q113227799
61017,49246,Szczecin,71-246,ZAWADZKIEGO,121,WPS_WPI,WROCŁAW,0001102451,LOMBARD SILVER  SPÓŁKA Z OGRANICZONĄ ODPOWIEDZIALNOŚCIĄ,8992991994,RDL000109,Wpisany,Loombard,Loombard,Q113227799
61017,49210,Szczecin,70-117,MILCZAŃSKA,7F,WPS_WPI,WROCŁAW,0001102451,LOMBARD SILVER  SPÓŁKA Z OGRANICZONĄ ODPOWIEDZIALNOŚCIĄ,8992991994,RDL000109,Wpisany,Loombard,Loombard,Q113227799
61017,49273,Szczecin,71-636,EMILII PLATER,82B-U,WPS_WPI,WROCŁAW,0001102451,LOMBARD SILVER  SPÓŁKA Z OGRANICZONĄ ODPOWIEDZIALNOŚCIĄ,8992991994,RDL000109,Wpisany,Loombard,Loombard,Q113227799
61017,49255,Szczecin,71-500,WYZWOLENIA,30,WPS_WPI,WROCŁAW,0001102451,LOMBARD SILVER  SPÓŁKA Z OGRANICZONĄ ODPOWIEDZIALNOŚCIĄ,8992991994,RDL000109,Wpisany,Loombard,Loombard,Q113227799
61017,90285,Szczecin,71-670,Przyjaciół Żołnierza,4,WPS_WPI,WROCŁAW,0001102451,LOMBARD SILVER  SPÓŁKA Z OGRANICZONĄ ODPOWIEDZIALNOŚCIĄ,8992991994,RDL000109,Wpisany,Loombard,Loombard,Q113227799
61017,49228,Szczecin,70-413,WYZWOLENIA,4B,WPS_WPI,WROCŁAW,0001102451,LOMBARD SILVER  SPÓŁKA Z OGRANICZONĄ ODPOWIEDZIALNOŚCIĄ,8992991994,RDL000109,Wpisany,Loombard,Loombard,Q113227799
61017,49237,Szczecin,70-800,EMILII GIERCZAK,35,WPS_WPI,WROCŁAW,0001102451,LOMBARD SILVER  SPÓŁKA Z OGRANICZONĄ ODPOWIEDZIALNOŚCIĄ,8992991994,RDL000109,Wpisany,Loombard,Loombard,Q113227799
61017,49291,Świnoujście,72-600,BOHATERÓW WRZEŚNIA,79,WPS_WPI,WROCŁAW,0001102451,LOMBARD SILVER  SPÓŁKA Z OGRANICZONĄ ODPOWIEDZIALNOŚCIĄ,8992991994,RDL000109,Wpisany,Loombard,Loombard,Q113227799
61017,49345,Tczew,83-110,WYSZYŃSKIEGO,24,WPS_WPI,WROCŁAW,0001102451,LOMBARD SILVER  SPÓŁKA Z OGRANICZONĄ ODPOWIEDZIALNOŚCIĄ,8992991994,RDL000109,Wpisany,Loombard,Loombard,Q113227799
61017,49327,Tczew,83-110,GDAŃSKA,8A,WPS_WPI,WROCŁAW,0001102451,LOMBARD SILVER  SPÓŁKA Z OGRANICZONĄ ODPOWIEDZIALNOŚCIĄ,8992991994,RDL000109,Wpisany,Loombard,Loombard,Q113227799
61017,49309,Tczew,83-110,ARMII KRAJOWEJ,38,WPS_WPI,WROCŁAW,0001102451,LOMBARD SILVER  SPÓŁKA Z OGRANICZONĄ ODPOWIEDZIALNOŚCIĄ,8992991994,RDL000109,Wpisany,Loombard,Loombard,Q113227799
61017,49363,Trzcianka,64-980,KOŚCIUSZKI,3/4,WPS_WPI,WROCŁAW,0001102451,LOMBARD SILVER  SPÓŁKA Z OGRANICZONĄ ODPOWIEDZIALNOŚCIĄ,8992991994,RDL000109,Wpisany,Loombard,Loombard,Q113227799
61017,49381,Tuchola,89-500,PLAC WOLNOŚCI,3,WPS_WPI,WROCŁAW,0001102451,LOMBARD SILVER  SPÓŁKA Z OGRANICZONĄ ODPOWIEDZIALNOŚCIĄ,8992991994,RDL000109,Wpisany,Loombard,Loombard,Q113227799
61017,49453,Tychy,43-100,MONIUSZKI,1E,WPS_WPI,WROCŁAW,0001102451,LOMBARD SILVER  SPÓŁKA Z OGRANICZONĄ ODPOWIEDZIALNOŚCIĄ,8992991994,RDL000109,Wpisany,Loombard,Loombard,Q113227799
61017,49435,Tychy,43-100,DĄBROWSKIEGO,33,WPS_WPI,WROCŁAW,0001102451,LOMBARD SILVER  SPÓŁKA Z OGRANICZONĄ ODPOWIEDZIALNOŚCIĄ,8992991994,RDL000109,Wpisany,Loombard,Loombard,Q113227799
61017,49417,Tychy,43-100,AL. PIŁSUDSKIEGO,1,WPS_WPI,WROCŁAW,0001102451,LOMBARD SILVER  SPÓŁKA Z OGRANICZONĄ ODPOWIEDZIALNOŚCIĄ,8992991994,RDL000109,Wpisany,Loombard,Loombard,Q113227799
61017,49399,Tychy,43-100,AL. NIEPODLEGŁOŚCI,2,WPS_WPI,WROCŁAW,0001102451,LOMBARD SILVER  SPÓŁKA Z OGRANICZONĄ ODPOWIEDZIALNOŚCIĄ,8992991994,RDL000109,Wpisany,Loombard,Loombard,Q113227799
61017,49471,Warszawa,00-508,ALEJE JEROZOLIMSKIE,33,WPS_WPI,WROCŁAW,0001102451,LOMBARD SILVER  SPÓŁKA Z OGRANICZONĄ ODPOWIEDZIALNOŚCIĄ,8992991994,RDL000109,Wpisany,Loombard,Loombard,Q113227799
61017,49507,Warszawa,00-683,MARSZAŁKOWSKA,85,WPS_WPI,WROCŁAW,0001102451,LOMBARD SILVER  SPÓŁKA Z OGRANICZONĄ ODPOWIEDZIALNOŚCIĄ,8992991994,RDL000109,Wpisany,Loombard,Loombard,Q113227799
61017,98140,Warszawa,01-466,Powstańców Śląskich,104/223,WPS_WPI,WROCŁAW,0001102451,LOMBARD SILVER  SPÓŁKA Z OGRANICZONĄ ODPOWIEDZIALNOŚCIĄ,8992991994,RDL000109,Wpisany,Loombard,Loombard,Q113227799
61017,96575,Warszawa,03-287,Skarbka z Gór,116 G1,WPS_WPI,WROCŁAW,0001102451,LOMBARD SILVER  SPÓŁKA Z OGRANICZONĄ ODPOWIEDZIALNOŚCIĄ,8992991994,RDL000109,Wpisany,Loombard,Loombard,Q113227799
61017,88495,Warszawa,00-382,Solec,117,WPS_WPI,WROCŁAW,0001102451,LOMBARD SILVER  SPÓŁKA Z OGRANICZONĄ ODPOWIEDZIALNOŚCIĄ,8992991994,RDL000109,Wpisany,Loombard,Loombard,Q113227799
61017,86216,Warszawa,02-554,Al. Niepodległości,156 lok. 15,WPS_WPI,WROCŁAW,0001102451,LOMBARD SILVER  SPÓŁKA Z OGRANICZONĄ ODPOWIEDZIALNOŚCIĄ,8992991994,RDL000109,Wpisany,Loombard,Loombard,Q113227799
61017,49615,Warszawa,02-777,KOMISJI EDUKACJI NARODOWEJ,63,WPS_WPI,WROCŁAW,0001102451,LOMBARD SILVER  SPÓŁKA Z OGRANICZONĄ ODPOWIEDZIALNOŚCIĄ,8992991994,RDL000109,Wpisany,Loombard,Loombard,Q113227799
61017,49561,Warszawa,01-229,WOLSKA,89,WPS_WPI,WROCŁAW,0001102451,LOMBARD SILVER  SPÓŁKA Z OGRANICZONĄ ODPOWIEDZIALNOŚCIĄ,8992991994,RDL000109,Wpisany,Loombard,Loombard,Q113227799
61017,49489,Warszawa,00-545,MARSZAŁKOWSKA,60,WPS_WPI,WROCŁAW,0001102451,LOMBARD SILVER  SPÓŁKA Z OGRANICZONĄ ODPOWIEDZIALNOŚCIĄ,8992991994,RDL000109,Wpisany,Loombard,Loombard,Q113227799
61017,49525,Warszawa,01-063,OKOPOWA,7A,WPS_WPI,WROCŁAW,0001102451,LOMBARD SILVER  SPÓŁKA Z OGRANICZONĄ ODPOWIEDZIALNOŚCIĄ,8992991994,RDL000109,Wpisany,Loombard,Loombard,Q113227799
61017,49543,Warszawa,01-139,GÓRCZEWSKA,21,WPS_WPI,WROCŁAW,0001102451,LOMBARD SILVER  SPÓŁKA Z OGRANICZONĄ ODPOWIEDZIALNOŚCIĄ,8992991994,RDL000109,Wpisany,Loombard,Loombard,Q113227799
61017,49579,Warszawa,01-401,GÓRCZEWSKA,97,WPS_WPI,WROCŁAW,0001102451,LOMBARD SILVER  SPÓŁKA Z OGRANICZONĄ ODPOWIEDZIALNOŚCIĄ,8992991994,RDL000109,Wpisany,Loombard,Loombard,Q113227799
61017,49633,Warszawa,02-777,KOMISJI EDUKACJI NARODOWEJ,96/U14,WPS_WPI,WROCŁAW,0001102451,LOMBARD SILVER  SPÓŁKA Z OGRANICZONĄ ODPOWIEDZIALNOŚCIĄ,8992991994,RDL000109,Wpisany,Loombard,Loombard,Q113227799
61017,49651,Warszawa,04-111,GROCHOWSKA,173/175,WPS_WPI,WROCŁAW,0001102451,LOMBARD SILVER  SPÓŁKA Z OGRANICZONĄ ODPOWIEDZIALNOŚCIĄ,8992991994,RDL000109,Wpisany,Loombard,Loombard,Q113227799
61017,49669,Warszawa,04-142,PL. PIOTRA SZEMBEKA,2,WPS_WPI,WROCŁAW,0001102451,LOMBARD SILVER  SPÓŁKA Z OGRANICZONĄ ODPOWIEDZIALNOŚCIĄ,8992991994,RDL000109,Wpisany,Loombard,Loombard,Q113227799
61017,49705,Wejherowo,84-200,PUCKA,4,WPS_WPI,WROCŁAW,0001102451,LOMBARD SILVER  SPÓŁKA Z OGRANICZONĄ ODPOWIEDZIALNOŚCIĄ,8992991994,RDL000109,Wpisany,Loombard,Loombard,Q113227799
61017,49687,Wejherowo,84-200,POMORSKA,3D,WPS_WPI,WROCŁAW,0001102451,LOMBARD SILVER  SPÓŁKA Z OGRANICZONĄ ODPOWIEDZIALNOŚCIĄ,8992991994,RDL000109,Wpisany,Loombard,Loombard,Q113227799
61017,49723,Węgorzewo,11-600,ZAMKOWA,19 LOK.3A,WPS_WPI,WROCŁAW,0001102451,LOMBARD SILVER  SPÓŁKA Z OGRANICZONĄ ODPOWIEDZIALNOŚCIĄ,8992991994,RDL000109,Wpisany,Loombard,Loombard,Q113227799
61017,49741,Władysławowo,84-120,HALLERA,2B /11,WPS_WPI,WROCŁAW,0001102451,LOMBARD SILVER  SPÓŁKA Z OGRANICZONĄ ODPOWIEDZIALNOŚCIĄ,8992991994,RDL000109,Wpisany,Loombard,Loombard,Q113227799
61017,49759,Wrocław,54-001,ŚREDZKA,28,WPS_WPI,WROCŁAW,0001102451,LOMBARD SILVER  SPÓŁKA Z OGRANICZONĄ ODPOWIEDZIALNOŚCIĄ,8992991994,RDL000109,Wpisany,Loombard,Loombard,Q113227799
61017,100434,Wrocław,50-217,Pomorska,51/53,WPS_WPI,WROCŁAW,0001102451,LOMBARD SILVER  SPÓŁKA Z OGRANICZONĄ ODPOWIEDZIALNOŚCIĄ,8992991994,RDL000109,Wpisany,Loombard,Loombard,Q113227799
61017,49777,Wronki,64-510,POZNAŃSKA,15,WPS_WPI,WROCŁAW,0001102451,LOMBARD SILVER  SPÓŁKA Z OGRANICZONĄ ODPOWIEDZIALNOŚCIĄ,8992991994,RDL000109,Wpisany,Loombard,Loombard,Q113227799
61017,49795,Września,62-300,RYNEK,25,WPS_WPI,WROCŁAW,0001102451,LOMBARD SILVER  SPÓŁKA Z OGRANICZONĄ ODPOWIEDZIALNOŚCIĄ,8992991994,RDL000109,Wpisany,Loombard,Loombard,Q113227799
61017,101377,Zabrze,41-807,Tarnopolska,71,WPS_WPI,WROCŁAW,0001102451,LOMBARD SILVER  SPÓŁKA Z OGRANICZONĄ ODPOWIEDZIALNOŚCIĄ,8992991994,RDL000109,Wpisany,Loombard,Loombard,Q113227799
61017,96557,Zabrze,41-803,Bytomska,75,WPS_WPI,WROCŁAW,0001102451,LOMBARD SILVER  SPÓŁKA Z OGRANICZONĄ ODPOWIEDZIALNOŚCIĄ,8992991994,RDL000109,Wpisany,Loombard,Loombard,Q113227799
61017,87948,Zambrów,18-300,Aleja Wojska Polskiego,11/121,WPS_WPI,WROCŁAW,0001102451,LOMBARD SILVER  SPÓŁKA Z OGRANICZONĄ ODPOWIEDZIALNOŚCIĄ,8992991994,RDL000109,Wpisany,Loombard,Loombard,Q113227799
61017,86198,Zambrów,18-300,Al. Wojska Polskiego,11/121,WPS_WPI,WROCŁAW,0001102451,LOMBARD SILVER  SPÓŁKA Z OGRANICZONĄ ODPOWIEDZIALNOŚCIĄ,8992991994,RDL000109,Wpisany,Loombard,Loombard,Q113227799
61017,49813,Złotów,77-400,WOJSKA POLSKIEGO,13A,WPS_WPI,WROCŁAW,0001102451,LOMBARD SILVER  SPÓŁKA Z OGRANICZONĄ ODPOWIEDZIALNOŚCIĄ,8992991994,RDL000109,Wpisany,Loombard,Loombard,Q113227799
61017,49831,Żnin,88-400,ŚNIADECKICH,11,WPS_WPI,WROCŁAW,0001102451,LOMBARD SILVER  SPÓŁKA Z OGRANICZONĄ ODPOWIEDZIALNOŚCIĄ,8992991994,RDL000109,Wpisany,Loombard,Loombard,Q113227799
90737,95813,Morąg,14-300,3 Maja,21/53,WPS_WPI,PASŁĘK,0001168425,LOMBARD SKNERUS SPÓŁKA Z OGRANICZONĄ ODPOWIEDZIALNOŚCIĄ,5783178017,RDL000225,Wpisany,,,
90737,95822,Orneta,11-130,Zamkowa,12,WPS_WPI,PASŁĘK,0001168425,LOMBARD SKNERUS SPÓŁKA Z OGRANICZONĄ ODPOWIEDZIALNOŚCIĄ,5783178017,RDL000225,Wpisany,,,
90737,90675,Pasłęk,14-400,Bolesława Chrobrego,31,WPS_WPI,PASŁĘK,0001168425,LOMBARD SKNERUS SPÓŁKA Z OGRANICZONĄ ODPOWIEDZIALNOŚCIĄ,5783178017,RDL000225,Wpisany,,,
90737,95831,Pieniężno,14-520,Dworcowa,25,WPS_WPI,PASŁĘK,0001168425,LOMBARD SKNERUS SPÓŁKA Z OGRANICZONĄ ODPOWIEDZIALNOŚCIĄ,5783178017,RDL000225,Wpisany,,,
36082,35342,Góra,56-200,Starogórska,12,WPS_WPI,WROCŁAW,0001080537,LOMBARD SŁOWIK SPÓŁKA Z OGRANICZONĄ ODPOWIEDZIALNOŚCIĄ,8952266761,RDL000019,Wpisany,,,
36082,35355,Góra,56-200,Podwale,34,WPS_WPI,WROCŁAW,0001080537,LOMBARD SŁOWIK SPÓŁKA Z OGRANICZONĄ ODPOWIEDZIALNOŚCIĄ,8952266761,RDL000019,Wpisany,,,
36082,35394,Rawicz,63-900,Rynek,34a,WPS_WPI,WROCŁAW,0001080537,LOMBARD SŁOWIK SPÓŁKA Z OGRANICZONĄ ODPOWIEDZIALNOŚCIĄ,8952266761,RDL000019,Wpisany,,,
36082,35407,Ścinawa,59-330,Szeroka,11a,WPS_WPI,WROCŁAW,0001080537,LOMBARD SŁOWIK SPÓŁKA Z OGRANICZONĄ ODPOWIEDZIALNOŚCIĄ,8952266761,RDL000019,Wpisany,,,
36082,35368,Wołów,56-100,Marszałka Józefa Piłsudzkiego,21,WPS_WPI,WROCŁAW,0001080537,LOMBARD SŁOWIK SPÓŁKA Z OGRANICZONĄ ODPOWIEDZIALNOŚCIĄ,8952266761,RDL000019,Wpisany,,,
36082,35381,Wschowa,67-400,Księdza Kostki,11,WPS_WPI,WROCŁAW,0001080537,LOMBARD SŁOWIK SPÓŁKA Z OGRANICZONĄ ODPOWIEDZIALNOŚCIĄ,8952266761,RDL000019,Wpisany,,,
45560,44220,Szczecin,70-332,Aleja Piastów,63,WPS_WPI,SZCZECIN,0001079597,LOMBARD SOS SPÓŁKA Z OGRANICZONĄ ODPOWIEDZIALNOŚCIĄ,8522703035,RDL000095,Wpisany,,,
60729,83405,Aleksandrów Łódzki,95-070,Wojska Polskiego,8,WPS_WPI,WROCŁAW,0001102544,LOMBARD SYSTEM  SPÓŁKA Z OGRANICZONĄ ODPOWIEDZIALNOŚCIĄ,8992992108,RDL000100,Wpisany,Loombard,Loombard,Q113227799
60729,50218,Barlinek,74-320,31 STYCZNIA,1/1,WPS_WPI,WROCŁAW,0001102544,LOMBARD SYSTEM  SPÓŁKA Z OGRANICZONĄ ODPOWIEDZIALNOŚCIĄ,8992992108,RDL000100,Wpisany,Loombard,Loombard,Q113227799
60729,50236,Bogatynia,59-920,DASZYŃSKIEGO,9A,WPS_WPI,WROCŁAW,0001102544,LOMBARD SYSTEM  SPÓŁKA Z OGRANICZONĄ ODPOWIEDZIALNOŚCIĄ,8992992108,RDL000100,Wpisany,Loombard,Loombard,Q113227799
60729,50254,Bolesławiec,59-700,ZGORZELECKA,44,WPS_WPI,WROCŁAW,0001102544,LOMBARD SYSTEM  SPÓŁKA Z OGRANICZONĄ ODPOWIEDZIALNOŚCIĄ,8992992108,RDL000100,Wpisany,Loombard,Loombard,Q113227799
60729,50290,Bytom,41-902,WROCŁAWSKA,16,WPS_WPI,WROCŁAW,0001102544,LOMBARD SYSTEM  SPÓŁKA Z OGRANICZONĄ ODPOWIEDZIALNOŚCIĄ,8992992108,RDL000100,Wpisany,Loombard,Loombard,Q113227799
60729,50272,Bytom,41-902,PIEKARSKA,46,WPS_WPI,WROCŁAW,0001102544,LOMBARD SYSTEM  SPÓŁKA Z OGRANICZONĄ ODPOWIEDZIALNOŚCIĄ,8992992108,RDL000100,Wpisany,Loombard,Loombard,Q113227799
60729,50308,Chorzów,41-500,11 LISTOPADA,42,WPS_WPI,WROCŁAW,0001102544,LOMBARD SYSTEM  SPÓŁKA Z OGRANICZONĄ ODPOWIEDZIALNOŚCIĄ,8992992108,RDL000100,Wpisany,Loombard,Loombard,Q113227799
60729,50326,Chorzów,41-500,3 MAJA,23/2,WPS_WPI,WROCŁAW,0001102544,LOMBARD SYSTEM  SPÓŁKA Z OGRANICZONĄ ODPOWIEDZIALNOŚCIĄ,8992992108,RDL000100,Wpisany,Loombard,Loombard,Q113227799
60729,50344,Choszczno,73-200,WOLNOŚCI,19,WPS_WPI,WROCŁAW,0001102544,LOMBARD SYSTEM  SPÓŁKA Z OGRANICZONĄ ODPOWIEDZIALNOŚCIĄ,8992992108,RDL000100,Wpisany,Loombard,Loombard,Q113227799
60729,50362,Cieszyn,43-400,MENNICZA,20/1,WPS_WPI,WROCŁAW,0001102544,LOMBARD SYSTEM  SPÓŁKA Z OGRANICZONĄ ODPOWIEDZIALNOŚCIĄ,8992992108,RDL000100,Wpisany,Loombard,Loombard,Q113227799
60729,50380,Czechowice Dziedzice,43-502,NIEPODLEGŁOŚCI,26,WPS_WPI,WROCŁAW,0001102544,LOMBARD SYSTEM  SPÓŁKA Z OGRANICZONĄ ODPOWIEDZIALNOŚCIĄ,8992992108,RDL000100,Wpisany,Loombard,Loombard,Q113227799
60729,50434,Dąbrowa Górnicza,41-302,KRÓLOWEJ JADWIGI,20D,WPS_WPI,WROCŁAW,0001102544,LOMBARD SYSTEM  SPÓŁKA Z OGRANICZONĄ ODPOWIEDZIALNOŚCIĄ,8992992108,RDL000100,Wpisany,Loombard,Loombard,Q113227799
60729,50416,Dąbrowa Górnicza,41-301,KRÓLA JANA III SOBIESKIEGO,3,WPS_WPI,WROCŁAW,0001102544,LOMBARD SYSTEM  SPÓŁKA Z OGRANICZONĄ ODPOWIEDZIALNOŚCIĄ,8992992108,RDL000100,Wpisany,Loombard,Loombard,Q113227799
60729,50398,Dąbrowa Górnicza,41-300,3 MAJA,10/5,WPS_WPI,WROCŁAW,0001102544,LOMBARD SYSTEM  SPÓŁKA Z OGRANICZONĄ ODPOWIEDZIALNOŚCIĄ,8992992108,RDL000100,Wpisany,Loombard,Loombard,Q113227799
60729,50452,Drawsko Pomorskie,78-500,PLAC KONSTYTUCJI,16,WPS_WPI,WROCŁAW,0001102544,LOMBARD SYSTEM  SPÓŁKA Z OGRANICZONĄ ODPOWIEDZIALNOŚCIĄ,8992992108,RDL000100,Wpisany,Loombard,Loombard,Q113227799
60729,50488,Gdańsk,80-398,OBROŃCÓW WYBRZEŻA,2A,WPS_WPI,WROCŁAW,0001102544,LOMBARD SYSTEM  SPÓŁKA Z OGRANICZONĄ ODPOWIEDZIALNOŚCIĄ,8992992108,RDL000100,Wpisany,Loombard,Loombard,Q113227799
60729,50470,Gdańsk,80-241,ALEJA GRUNWALDZKA,52,WPS_WPI,WROCŁAW,0001102544,LOMBARD SYSTEM  SPÓŁKA Z OGRANICZONĄ ODPOWIEDZIALNOŚCIĄ,8992992108,RDL000100,Wpisany,Loombard,Loombard,Q113227799
60729,50506,Głubczyce,48-100,WODNA,9,WPS_WPI,WROCŁAW,0001102544,LOMBARD SYSTEM  SPÓŁKA Z OGRANICZONĄ ODPOWIEDZIALNOŚCIĄ,8992992108,RDL000100,Wpisany,Loombard,Loombard,Q113227799
60729,50533,Gorlice,38-300,MICKIEWICZA,14,WPS_WPI,WROCŁAW,0001102544,LOMBARD SYSTEM  SPÓŁKA Z OGRANICZONĄ ODPOWIEDZIALNOŚCIĄ,8992992108,RDL000100,Wpisany,Loombard,Loombard,Q113227799
60729,85868,Grodków,49-200,Rynek,7,WPS_WPI,WROCŁAW,0001102544,LOMBARD SYSTEM  SPÓŁKA Z OGRANICZONĄ ODPOWIEDZIALNOŚCIĄ,8992992108,RDL000100,Wpisany,Loombard,Loombard,Q113227799
60729,50605,Gryfów Śląski,59-620,LUBAŃSKA,49,WPS_WPI,WROCŁAW,0001102544,LOMBARD SYSTEM  SPÓŁKA Z OGRANICZONĄ ODPOWIEDZIALNOŚCIĄ,8992992108,RDL000100,Wpisany,Loombard,Loombard,Q113227799
60729,50623,Jastrzębie Zdrój,44-335,AL. JÓZEFA PIŁSUDSKIEGO,2B,WPS_WPI,WROCŁAW,0001102544,LOMBARD SYSTEM  SPÓŁKA Z OGRANICZONĄ ODPOWIEDZIALNOŚCIĄ,8992992108,RDL000100,Wpisany,Loombard,Loombard,Q113227799
60729,50641,Jastrzębie Zdrój,44-335,WRZOSOWA,12,WPS_WPI,WROCŁAW,0001102544,LOMBARD SYSTEM  SPÓŁKA Z OGRANICZONĄ ODPOWIEDZIALNOŚCIĄ,8992992108,RDL000100,Wpisany,Loombard,Loombard,Q113227799
60729,50659,Jelcz-Laskowice,55-220,CHABROWA,4 &#40;PAWILONY&#41;,WPS_WPI,WROCŁAW,0001102544,LOMBARD SYSTEM  SPÓŁKA Z OGRANICZONĄ ODPOWIEDZIALNOŚCIĄ,8992992108,RDL000100,Wpisany,Loombard,Loombard,Q113227799
60729,50677,Katowice,40-094,SŁOWACKIEGO,17,WPS_WPI,WROCŁAW,0001102544,LOMBARD SYSTEM  SPÓŁKA Z OGRANICZONĄ ODPOWIEDZIALNOŚCIĄ,8992992108,RDL000100,Wpisany,Loombard,Loombard,Q113227799
60729,50695,Kędzierzyn-Koźle,47-200,JANA PAWŁA II,4,WPS_WPI,WROCŁAW,0001102544,LOMBARD SYSTEM  SPÓŁKA Z OGRANICZONĄ ODPOWIEDZIALNOŚCIĄ,8992992108,RDL000100,Wpisany,Loombard,Loombard,Q113227799
60729,50713,Kędzierzyn-Koźle,47-200,ZŁOTNICZA,1/3,WPS_WPI,WROCŁAW,0001102544,LOMBARD SYSTEM  SPÓŁKA Z OGRANICZONĄ ODPOWIEDZIALNOŚCIĄ,8992992108,RDL000100,Wpisany,Loombard,Loombard,Q113227799
60729,87688,Kępno,63-300,Marcinkowskiego,21,WPS_WPI,WROCŁAW,0001102544,LOMBARD SYSTEM  SPÓŁKA Z OGRANICZONĄ ODPOWIEDZIALNOŚCIĄ,8992992108,RDL000100,Wpisany,Loombard,Loombard,Q113227799
60729,50767,Kęty,32-650,RYNEK,5,WPS_WPI,WROCŁAW,0001102544,LOMBARD SYSTEM  SPÓŁKA Z OGRANICZONĄ ODPOWIEDZIALNOŚCIĄ,8992992108,RDL000100,Wpisany,Loombard,Loombard,Q113227799
60729,50803,Kielce,25-365,SEMINARYJSKA,2 PAW. 6,WPS_WPI,WROCŁAW,0001102544,LOMBARD SYSTEM  SPÓŁKA Z OGRANICZONĄ ODPOWIEDZIALNOŚCIĄ,8992992108,RDL000100,Wpisany,Loombard,Loombard,Q113227799
60729,95019,Kielce,25-536,Wojewódzka,2,WPS_WPI,WROCŁAW,0001102544,LOMBARD SYSTEM  SPÓŁKA Z OGRANICZONĄ ODPOWIEDZIALNOŚCIĄ,8992992108,RDL000100,Wpisany,Loombard,Loombard,Q113227799
60729,101347,Kielce,25-502,Paderewskiego,48,WPS_WPI,WROCŁAW,0001102544,LOMBARD SYSTEM  SPÓŁKA Z OGRANICZONĄ ODPOWIEDZIALNOŚCIĄ,8992992108,RDL000100,Wpisany,Loombard,Loombard,Q113227799
60729,50785,Kielce,25-334,WINNICKA,24,WPS_WPI,WROCŁAW,0001102544,LOMBARD SYSTEM  SPÓŁKA Z OGRANICZONĄ ODPOWIEDZIALNOŚCIĄ,8992992108,RDL000100,Wpisany,Loombard,Loombard,Q113227799
60729,50839,Kielce,25-734,JAGIELLOŃSKA,63,WPS_WPI,WROCŁAW,0001102544,LOMBARD SYSTEM  SPÓŁKA Z OGRANICZONĄ ODPOWIEDZIALNOŚCIĄ,8992992108,RDL000100,Wpisany,Loombard,Loombard,Q113227799
60729,50857,Krapkowice,47-300,OPOLSKA,31D,WPS_WPI,WROCŁAW,0001102544,LOMBARD SYSTEM  SPÓŁKA Z OGRANICZONĄ ODPOWIEDZIALNOŚCIĄ,8992992108,RDL000100,Wpisany,Loombard,Loombard,Q113227799
60729,50875,Lubań,59-800,BRACKA,15,WPS_WPI,WROCŁAW,0001102544,LOMBARD SYSTEM  SPÓŁKA Z OGRANICZONĄ ODPOWIEDZIALNOŚCIĄ,8992992108,RDL000100,Wpisany,Loombard,Loombard,Q113227799
60729,50893,Lubsko,68-300,PLAC WOLNOŚCI,20,WPS_WPI,WROCŁAW,0001102544,LOMBARD SYSTEM  SPÓŁKA Z OGRANICZONĄ ODPOWIEDZIALNOŚCIĄ,8992992108,RDL000100,Wpisany,Loombard,Loombard,Q113227799
60729,50911,Lwówek Śląski,59-600,ORZESZKOWEJ,37,WPS_WPI,WROCŁAW,0001102544,LOMBARD SYSTEM  SPÓŁKA Z OGRANICZONĄ ODPOWIEDZIALNOŚCIĄ,8992992108,RDL000100,Wpisany,Loombard,Loombard,Q113227799
60729,50929,Łowicz,99-400,ZDUŃSKA,49,WPS_WPI,WROCŁAW,0001102544,LOMBARD SYSTEM  SPÓŁKA Z OGRANICZONĄ ODPOWIEDZIALNOŚCIĄ,8992992108,RDL000100,Wpisany,Loombard,Loombard,Q113227799
60729,83306,Łódź,91-329,Limanowskiego,89,WPS_WPI,WROCŁAW,0001102544,LOMBARD SYSTEM  SPÓŁKA Z OGRANICZONĄ ODPOWIEDZIALNOŚCIĄ,8992992108,RDL000100,Wpisany,Loombard,Loombard,Q113227799
60729,83324,Łódź,93-171,Sieradzka,1,WPS_WPI,WROCŁAW,0001102544,LOMBARD SYSTEM  SPÓŁKA Z OGRANICZONĄ ODPOWIEDZIALNOŚCIĄ,8992992108,RDL000100,Wpisany,Loombard,Loombard,Q113227799
60729,83333,Łódź,90-264,Jaracza,7,WPS_WPI,WROCŁAW,0001102544,LOMBARD SYSTEM  SPÓŁKA Z OGRANICZONĄ ODPOWIEDZIALNOŚCIĄ,8992992108,RDL000100,Wpisany,Loombard,Loombard,Q113227799
60729,83351,Łódź,91-069,Klonowa,17,WPS_WPI,WROCŁAW,0001102544,LOMBARD SYSTEM  SPÓŁKA Z OGRANICZONĄ ODPOWIEDZIALNOŚCIĄ,8992992108,RDL000100,Wpisany,Loombard,Loombard,Q113227799
60729,83432,Łódź,91-855,Łagiewnicka,65,WPS_WPI,WROCŁAW,0001102544,LOMBARD SYSTEM  SPÓŁKA Z OGRANICZONĄ ODPOWIEDZIALNOŚCIĄ,8992992108,RDL000100,Wpisany,Loombard,Loombard,Q113227799
60729,83459,Łódź,91-142,Rojna,3/5,WPS_WPI,WROCŁAW,0001102544,LOMBARD SYSTEM  SPÓŁKA Z OGRANICZONĄ ODPOWIEDZIALNOŚCIĄ,8992992108,RDL000100,Wpisany,Loombard,Loombard,Q113227799
60729,83468,Łódź,90-702,Legionów,50,WPS_WPI,WROCŁAW,0001102544,LOMBARD SYSTEM  SPÓŁKA Z OGRANICZONĄ ODPOWIEDZIALNOŚCIĄ,8992992108,RDL000100,Wpisany,Loombard,Loombard,Q113227799
60729,83477,Łódź,93-249,Rzgowska,75,WPS_WPI,WROCŁAW,0001102544,LOMBARD SYSTEM  SPÓŁKA Z OGRANICZONĄ ODPOWIEDZIALNOŚCIĄ,8992992108,RDL000100,Wpisany,Loombard,Loombard,Q113227799
60729,83486,Łódź,93-252,Felińskiego,9,WPS_WPI,WROCŁAW,0001102544,LOMBARD SYSTEM  SPÓŁKA Z OGRANICZONĄ ODPOWIEDZIALNOŚCIĄ,8992992108,RDL000100,Wpisany,Loombard,Loombard,Q113227799
60729,83513,Łódź,91-069,Próchnika,13,WPS_WPI,WROCŁAW,0001102544,LOMBARD SYSTEM  SPÓŁKA Z OGRANICZONĄ ODPOWIEDZIALNOŚCIĄ,8992992108,RDL000100,Wpisany,Loombard,Loombard,Q113227799
60729,83522,Łódź,93-202,Armii Krajowej,30b,WPS_WPI,WROCŁAW,0001102544,LOMBARD SYSTEM  SPÓŁKA Z OGRANICZONĄ ODPOWIEDZIALNOŚCIĄ,8992992108,RDL000100,Wpisany,Loombard,Loombard,Q113227799
60729,83558,Łódź,90-447,Piotrkowska,189,WPS_WPI,WROCŁAW,0001102544,LOMBARD SYSTEM  SPÓŁKA Z OGRANICZONĄ ODPOWIEDZIALNOŚCIĄ,8992992108,RDL000100,Wpisany,Loombard,Loombard,Q113227799
60729,83576,Łódź,91-069,Kurczaki,26,WPS_WPI,WROCŁAW,0001102544,LOMBARD SYSTEM  SPÓŁKA Z OGRANICZONĄ ODPOWIEDZIALNOŚCIĄ,8992992108,RDL000100,Wpisany,Loombard,Loombard,Q113227799
60729,83621,Łódź,90-624,Żeromskiego,47,WPS_WPI,WROCŁAW,0001102544,LOMBARD SYSTEM  SPÓŁKA Z OGRANICZONĄ ODPOWIEDZIALNOŚCIĄ,8992992108,RDL000100,Wpisany,Loombard,Loombard,Q113227799
60729,83630,Łódź,93-121,Przybyszewskiego,104,WPS_WPI,WROCŁAW,0001102544,LOMBARD SYSTEM  SPÓŁKA Z OGRANICZONĄ ODPOWIEDZIALNOŚCIĄ,8992992108,RDL000100,Wpisany,Loombard,Loombard,Q113227799
60729,85028,Łódź,93-121,Przybyszewskiego,47/49,WPS_WPI,WROCŁAW,0001102544,LOMBARD SYSTEM  SPÓŁKA Z OGRANICZONĄ ODPOWIEDZIALNOŚCIĄ,8992992108,RDL000100,Wpisany,Loombard,Loombard,Q113227799
60729,85942,Łódź,93-004,Piotrkowska,292,WPS_WPI,WROCŁAW,0001102544,LOMBARD SYSTEM  SPÓŁKA Z OGRANICZONĄ ODPOWIEDZIALNOŚCIĄ,8992992108,RDL000100,Wpisany,Loombard,Loombard,Q113227799
60729,89567,Łódź,91-055,Zachodnia,25AB,WPS_WPI,WROCŁAW,0001102544,LOMBARD SYSTEM  SPÓŁKA Z OGRANICZONĄ ODPOWIEDZIALNOŚCIĄ,8992992108,RDL000100,Wpisany,Loombard,Loombard,Q113227799
60729,100277,Łódź,91-446,Zgierska,11,WPS_WPI,WROCŁAW,0001102544,LOMBARD SYSTEM  SPÓŁKA Z OGRANICZONĄ ODPOWIEDZIALNOŚCIĄ,8992992108,RDL000100,Wpisany,Loombard,Loombard,Q113227799
60729,99971,Łódź,90-423,Piotrkowska,81,WPS_WPI,WROCŁAW,0001102544,LOMBARD SYSTEM  SPÓŁKA Z OGRANICZONĄ ODPOWIEDZIALNOŚCIĄ,8992992108,RDL000100,Wpisany,Loombard,Loombard,Q113227799
60729,83396,Łódź,90-030,Przędzalniana,42,WPS_WPI,WROCŁAW,0001102544,LOMBARD SYSTEM  SPÓŁKA Z OGRANICZONĄ ODPOWIEDZIALNOŚCIĄ,8992992108,RDL000100,Wpisany,Loombard,Loombard,Q113227799
60729,50947,Mikołów,43-190,JANA PAWŁA II,20,WPS_WPI,WROCŁAW,0001102544,LOMBARD SYSTEM  SPÓŁKA Z OGRANICZONĄ ODPOWIEDZIALNOŚCIĄ,8992992108,RDL000100,Wpisany,Loombard,Loombard,Q113227799
60729,50965,Mosina,62-050,FARBIARSKA,22E,WPS_WPI,WROCŁAW,0001102544,LOMBARD SYSTEM  SPÓŁKA Z OGRANICZONĄ ODPOWIEDZIALNOŚCIĄ,8992992108,RDL000100,Wpisany,Loombard,Loombard,Q113227799
60729,50983,Niemodlin,49-100,RYNEK,19,WPS_WPI,WROCŁAW,0001102544,LOMBARD SYSTEM  SPÓŁKA Z OGRANICZONĄ ODPOWIEDZIALNOŚCIĄ,8992992108,RDL000100,Wpisany,Loombard,Loombard,Q113227799
60729,51001,Nowogard,72-200,700-LECIA,26 G,WPS_WPI,WROCŁAW,0001102544,LOMBARD SYSTEM  SPÓŁKA Z OGRANICZONĄ ODPOWIEDZIALNOŚCIĄ,8992992108,RDL000100,Wpisany,Loombard,Loombard,Q113227799
60729,51019,Olkusz,32-300,KRÓLA KAZIMIERZA WIELKIEGO,37,WPS_WPI,WROCŁAW,0001102544,LOMBARD SYSTEM  SPÓŁKA Z OGRANICZONĄ ODPOWIEDZIALNOŚCIĄ,8992992108,RDL000100,Wpisany,Loombard,Loombard,Q113227799
60729,51037,Ostrowiec Świętokrzyski,27-400,ALEJA 3 MAJA,4,WPS_WPI,WROCŁAW,0001102544,LOMBARD SYSTEM  SPÓŁKA Z OGRANICZONĄ ODPOWIEDZIALNOŚCIĄ,8992992108,RDL000100,Wpisany,Loombard,Loombard,Q113227799
60729,51055,Ostrowiec Świętokrzyski,27-400,ALEJA JANA PAWŁA II,81D,WPS_WPI,WROCŁAW,0001102544,LOMBARD SYSTEM  SPÓŁKA Z OGRANICZONĄ ODPOWIEDZIALNOŚCIĄ,8992992108,RDL000100,Wpisany,Loombard,Loombard,Q113227799
60729,83450,Pabianice,95-200,Bracka,29F,WPS_WPI,WROCŁAW,0001102544,LOMBARD SYSTEM  SPÓŁKA Z OGRANICZONĄ ODPOWIEDZIALNOŚCIĄ,8992992108,RDL000100,Wpisany,Loombard,Loombard,Q113227799
60729,91992,Pabianice,95-200,Zamkowa,34,WPS_WPI,WROCŁAW,0001102544,LOMBARD SYSTEM  SPÓŁKA Z OGRANICZONĄ ODPOWIEDZIALNOŚCIĄ,8992992108,RDL000100,Wpisany,Loombard,Loombard,Q113227799
60729,83387,Pabianice,95-200,Orla,42,WPS_WPI,WROCŁAW,0001102544,LOMBARD SYSTEM  SPÓŁKA Z OGRANICZONĄ ODPOWIEDZIALNOŚCIĄ,8992992108,RDL000100,Wpisany,Loombard,Loombard,Q113227799
60729,83423,Pabianice,95-200,Zamkowa,40/42,WPS_WPI,WROCŁAW,0001102544,LOMBARD SYSTEM  SPÓŁKA Z OGRANICZONĄ ODPOWIEDZIALNOŚCIĄ,8992992108,RDL000100,Wpisany,Loombard,Loombard,Q113227799
60729,51073,Paczków,48-370,RYNEK,38,WPS_WPI,WROCŁAW,0001102544,LOMBARD SYSTEM  SPÓŁKA Z OGRANICZONĄ ODPOWIEDZIALNOŚCIĄ,8992992108,RDL000100,Wpisany,Loombard,Loombard,Q113227799
60729,85001,Piekary Śląskie,41-940,Wyszyńskiego,54,WPS_WPI,WROCŁAW,0001102544,LOMBARD SYSTEM  SPÓŁKA Z OGRANICZONĄ ODPOWIEDZIALNOŚCIĄ,8992992108,RDL000100,Wpisany,Loombard,Loombard,Q113227799
60729,85010,Piekary Śląskie,41-940,Bytomska,78,WPS_WPI,WROCŁAW,0001102544,LOMBARD SYSTEM  SPÓŁKA Z OGRANICZONĄ ODPOWIEDZIALNOŚCIĄ,8992992108,RDL000100,Wpisany,Loombard,Loombard,Q113227799
60729,89589,Piotrków Trybunalski,97-300,Słowackiego,47,WPS_WPI,WROCŁAW,0001102544,LOMBARD SYSTEM  SPÓŁKA Z OGRANICZONĄ ODPOWIEDZIALNOŚCIĄ,8992992108,RDL000100,Wpisany,Loombard,Loombard,Q113227799
60729,83540,Piotrków Trybunlski,97-300,Wojska Polskiego,53,WPS_WPI,WROCŁAW,0001102544,LOMBARD SYSTEM  SPÓŁKA Z OGRANICZONĄ ODPOWIEDZIALNOŚCIĄ,8992992108,RDL000100,Wpisany,Loombard,Loombard,Q113227799
60729,83441,Płońsk,09-100,Wolności,22,WPS_WPI,WROCŁAW,0001102544,LOMBARD SYSTEM  SPÓŁKA Z OGRANICZONĄ ODPOWIEDZIALNOŚCIĄ,8992992108,RDL000100,Wpisany,Loombard,Loombard,Q113227799
60729,51091,Pszczyna,43-200,BOLESŁAWA CHROBREGO,8,WPS_WPI,WROCŁAW,0001102544,LOMBARD SYSTEM  SPÓŁKA Z OGRANICZONĄ ODPOWIEDZIALNOŚCIĄ,8992992108,RDL000100,Wpisany,Loombard,Loombard,Q113227799
60729,51109,Pyrzyce,74-200,PLAC WOLNOŚCI,1,WPS_WPI,WROCŁAW,0001102544,LOMBARD SYSTEM  SPÓŁKA Z OGRANICZONĄ ODPOWIEDZIALNOŚCIĄ,8992992108,RDL000100,Wpisany,Loombard,Loombard,Q113227799
60729,85951,Racibórz,47-400,Odrzańska,2-4/7A,WPS_WPI,WROCŁAW,0001102544,LOMBARD SYSTEM  SPÓŁKA Z OGRANICZONĄ ODPOWIEDZIALNOŚCIĄ,8992992108,RDL000100,Wpisany,Loombard,Loombard,Q113227799
60729,83360,Racibórz,47-400,Opawska,67,WPS_WPI,WROCŁAW,0001102544,LOMBARD SYSTEM  SPÓŁKA Z OGRANICZONĄ ODPOWIEDZIALNOŚCIĄ,8992992108,RDL000100,Wpisany,Loombard,Loombard,Q113227799
60729,83612,Racibórz,47-400,Londzina,15,WPS_WPI,WROCŁAW,0001102544,LOMBARD SYSTEM  SPÓŁKA Z OGRANICZONĄ ODPOWIEDZIALNOŚCIĄ,8992992108,RDL000100,Wpisany,Loombard,Loombard,Q113227799
60729,51127,Radlin,44-310,KORFANTEGO,3,WPS_WPI,WROCŁAW,0001102544,LOMBARD SYSTEM  SPÓŁKA Z OGRANICZONĄ ODPOWIEDZIALNOŚCIĄ,8992992108,RDL000100,Wpisany,Loombard,Loombard,Q113227799
60729,50515,Rybnik,44-200,KORFANTEGO,4,WPS_WPI,WROCŁAW,0001102544,LOMBARD SYSTEM  SPÓŁKA Z OGRANICZONĄ ODPOWIEDZIALNOŚCIĄ,8992992108,RDL000100,Wpisany,Loombard,Loombard,Q113227799
60729,50551,Rybnik,44-200,WYSOKA,2,WPS_WPI,WROCŁAW,0001102544,LOMBARD SYSTEM  SPÓŁKA Z OGRANICZONĄ ODPOWIEDZIALNOŚCIĄ,8992992108,RDL000100,Wpisany,Loombard,Loombard,Q113227799
60729,50587,Rybnik,44-217,UL. KARD. B. KOMINKA,9,WPS_WPI,WROCŁAW,0001102544,LOMBARD SYSTEM  SPÓŁKA Z OGRANICZONĄ ODPOWIEDZIALNOŚCIĄ,8992992108,RDL000100,Wpisany,Loombard,Loombard,Q113227799
60729,50614,Rybnik,44-253,PATRIOTÓW,18,WPS_WPI,WROCŁAW,0001102544,LOMBARD SYSTEM  SPÓŁKA Z OGRANICZONĄ ODPOWIEDZIALNOŚCIĄ,8992992108,RDL000100,Wpisany,Loombard,Loombard,Q113227799
60729,50632,Rydułtowy,44-280,TRAUGUTTA,295,WPS_WPI,WROCŁAW,0001102544,LOMBARD SYSTEM  SPÓŁKA Z OGRANICZONĄ ODPOWIEDZIALNOŚCIĄ,8992992108,RDL000100,Wpisany,Loombard,Loombard,Q113227799
60729,50650,Sandomierz,27-600,WIEJSKA,2,WPS_WPI,WROCŁAW,0001102544,LOMBARD SYSTEM  SPÓŁKA Z OGRANICZONĄ ODPOWIEDZIALNOŚCIĄ,8992992108,RDL000100,Wpisany,Loombard,Loombard,Q113227799
60729,50668,Sieradz,98-200,JANA PAWŁA II,52/2,WPS_WPI,WROCŁAW,0001102544,LOMBARD SYSTEM  SPÓŁKA Z OGRANICZONĄ ODPOWIEDZIALNOŚCIĄ,8992992108,RDL000100,Wpisany,Loombard,Loombard,Q113227799
60729,50686,Skoczów,43-430,TARGOWA,10/2,WPS_WPI,WROCŁAW,0001102544,LOMBARD SYSTEM  SPÓŁKA Z OGRANICZONĄ ODPOWIEDZIALNOŚCIĄ,8992992108,RDL000100,Wpisany,Loombard,Loombard,Q113227799
60729,83315,Sochaczew,96-500,Piastowska,5,WPS_WPI,WROCŁAW,0001102544,LOMBARD SYSTEM  SPÓŁKA Z OGRANICZONĄ ODPOWIEDZIALNOŚCIĄ,8992992108,RDL000100,Wpisany,Loombard,Loombard,Q113227799
60729,50722,Sosnowiec,41-201,TARGOWA,7,WPS_WPI,WROCŁAW,0001102544,LOMBARD SYSTEM  SPÓŁKA Z OGRANICZONĄ ODPOWIEDZIALNOŚCIĄ,8992992108,RDL000100,Wpisany,Loombard,Loombard,Q113227799
60729,50740,Sosnowiec,41-205,ORLA,11,WPS_WPI,WROCŁAW,0001102544,LOMBARD SYSTEM  SPÓŁKA Z OGRANICZONĄ ODPOWIEDZIALNOŚCIĄ,8992992108,RDL000100,Wpisany,Loombard,Loombard,Q113227799
60729,50758,Sosnowiec,41-208,WOJSKA POLSKIEGO,31,WPS_WPI,WROCŁAW,0001102544,LOMBARD SYSTEM  SPÓŁKA Z OGRANICZONĄ ODPOWIEDZIALNOŚCIĄ,8992992108,RDL000100,Wpisany,Loombard,Loombard,Q113227799
60729,50776,Sosnowiec,41-209,MARSZAŁKA JÓZEFA PIŁSUDSKIEGO,46,WPS_WPI,WROCŁAW,0001102544,LOMBARD SYSTEM  SPÓŁKA Z OGRANICZONĄ ODPOWIEDZIALNOŚCIĄ,8992992108,RDL000100,Wpisany,Loombard,Loombard,Q113227799
60729,50794,Sosnowiec,41-219,BOHATERÓW MONTE CASSINO,46C,WPS_WPI,WROCŁAW,0001102544,LOMBARD SYSTEM  SPÓŁKA Z OGRANICZONĄ ODPOWIEDZIALNOŚCIĄ,8992992108,RDL000100,Wpisany,Loombard,Loombard,Q113227799
60729,50704,Sosnowiec,41-200,JANA DEKERTA,20,WPS_WPI,WROCŁAW,0001102544,LOMBARD SYSTEM  SPÓŁKA Z OGRANICZONĄ ODPOWIEDZIALNOŚCIĄ,8992992108,RDL000100,Wpisany,Loombard,Loombard,Q113227799
60729,50812,Stalowa Wola,37-450,GENERAŁA LEOPOLDA OKULICKIEGO,92,WPS_WPI,WROCŁAW,0001102544,LOMBARD SYSTEM  SPÓŁKA Z OGRANICZONĄ ODPOWIEDZIALNOŚCIĄ,8992992108,RDL000100,Wpisany,Loombard,Loombard,Q113227799
60729,85019,Strzelin,57-100,Dzierżoniowska,16E,WPS_WPI,WROCŁAW,0001102544,LOMBARD SYSTEM  SPÓŁKA Z OGRANICZONĄ ODPOWIEDZIALNOŚCIĄ,8992992108,RDL000100,Wpisany,Loombard,Loombard,Q113227799
60729,50830,Strzelin,57-100,KOŚCIUSZKI,3,WPS_WPI,WROCŁAW,0001102544,LOMBARD SYSTEM  SPÓŁKA Z OGRANICZONĄ ODPOWIEDZIALNOŚCIĄ,8992992108,RDL000100,Wpisany,Loombard,Loombard,Q113227799
60729,50848,Szczecinek,78-400,BOHATERÓW WARSZAWY,11,WPS_WPI,WROCŁAW,0001102544,LOMBARD SYSTEM  SPÓŁKA Z OGRANICZONĄ ODPOWIEDZIALNOŚCIĄ,8992992108,RDL000100,Wpisany,Loombard,Loombard,Q113227799
60729,50866,Szczecinek,78-400,WYSZYŃSKIEGO,45,WPS_WPI,WROCŁAW,0001102544,LOMBARD SYSTEM  SPÓŁKA Z OGRANICZONĄ ODPOWIEDZIALNOŚCIĄ,8992992108,RDL000100,Wpisany,Loombard,Loombard,Q113227799
60729,50884,Szprotawa,67-300,BEMA,1,WPS_WPI,WROCŁAW,0001102544,LOMBARD SYSTEM  SPÓŁKA Z OGRANICZONĄ ODPOWIEDZIALNOŚCIĄ,8992992108,RDL000100,Wpisany,Loombard,Loombard,Q113227799
60729,50902,Świdnica,58-100,DŁUGA,45B,WPS_WPI,WROCŁAW,0001102544,LOMBARD SYSTEM  SPÓŁKA Z OGRANICZONĄ ODPOWIEDZIALNOŚCIĄ,8992992108,RDL000100,Wpisany,Loombard,Loombard,Q113227799
60729,50938,Świdnica,58-100,WAŁBRZYSKA,6,WPS_WPI,WROCŁAW,0001102544,LOMBARD SYSTEM  SPÓŁKA Z OGRANICZONĄ ODPOWIEDZIALNOŚCIĄ,8992992108,RDL000100,Wpisany,Loombard,Loombard,Q113227799
60729,97124,Świdnica,58-100,Komunardów,14/2,WPS_WPI,WROCŁAW,0001102544,LOMBARD SYSTEM  SPÓŁKA Z OGRANICZONĄ ODPOWIEDZIALNOŚCIĄ,8992992108,RDL000100,Wpisany,Loombard,Loombard,Q113227799
60729,50956,Świdwin,72-300,3 MARCA,44,WPS_WPI,WROCŁAW,0001102544,LOMBARD SYSTEM  SPÓŁKA Z OGRANICZONĄ ODPOWIEDZIALNOŚCIĄ,8992992108,RDL000100,Wpisany,Loombard,Loombard,Q113227799
60729,50974,Świebodzice,58-160,ŚWIDNICKA,3,WPS_WPI,WROCŁAW,0001102544,LOMBARD SYSTEM  SPÓŁKA Z OGRANICZONĄ ODPOWIEDZIALNOŚCIĄ,8992992108,RDL000100,Wpisany,Loombard,Loombard,Q113227799
60729,50992,Tarnobrzeg,39-400,MARSZAŁKA JÓZEFA PIŁSUDSKIEGO,2A,WPS_WPI,WROCŁAW,0001102544,LOMBARD SYSTEM  SPÓŁKA Z OGRANICZONĄ ODPOWIEDZIALNOŚCIĄ,8992992108,RDL000100,Wpisany,Loombard,Loombard,Q113227799
60729,88505,Tarnów,33-100,KRAKOWSKA,2,WPS_WPI,WROCŁAW,0001102544,LOMBARD SYSTEM  SPÓŁKA Z OGRANICZONĄ ODPOWIEDZIALNOŚCIĄ,8992992108,RDL000100,Wpisany,Loombard,Loombard,Q113227799
60729,51028,Tarnów,33-100,LWOWSKA,11,WPS_WPI,WROCŁAW,0001102544,LOMBARD SYSTEM  SPÓŁKA Z OGRANICZONĄ ODPOWIEDZIALNOŚCIĄ,8992992108,RDL000100,Wpisany,Loombard,Loombard,Q113227799
60729,51046,Tarnów,33-100,OSIEDLE NIEPODLEGŁOŚCI,1,WPS_WPI,WROCŁAW,0001102544,LOMBARD SYSTEM  SPÓŁKA Z OGRANICZONĄ ODPOWIEDZIALNOŚCIĄ,8992992108,RDL000100,Wpisany,Loombard,Loombard,Q113227799
60729,83603,Tomaszów Mazowiecki,97-200,Plac Kościuszki,1,WPS_WPI,WROCŁAW,0001102544,LOMBARD SYSTEM  SPÓŁKA Z OGRANICZONĄ ODPOWIEDZIALNOŚCIĄ,8992992108,RDL000100,Wpisany,Loombard,Loombard,Q113227799
60729,92518,Tomaszów Mazowiecki,97-200,Warszawska,47A,WPS_WPI,WROCŁAW,0001102544,LOMBARD SYSTEM  SPÓŁKA Z OGRANICZONĄ ODPOWIEDZIALNOŚCIĄ,8992992108,RDL000100,Wpisany,Loombard,Loombard,Q113227799
60729,83549,Tomaszów Mazowiecki,97-200,Piłsudskiego,2A/17B,WPS_WPI,WROCŁAW,0001102544,LOMBARD SYSTEM  SPÓŁKA Z OGRANICZONĄ ODPOWIEDZIALNOŚCIĄ,8992992108,RDL000100,Wpisany,Loombard,Loombard,Q113227799
60729,51064,Ustka,76-270,MARYNARKI POLSKIEJ,32,WPS_WPI,WROCŁAW,0001102544,LOMBARD SYSTEM  SPÓŁKA Z OGRANICZONĄ ODPOWIEDZIALNOŚCIĄ,8992992108,RDL000100,Wpisany,Loombard,Loombard,Q113227799
60729,51082,Warszawa,01-627,SŁOWACKIEGO,6/8,WPS_WPI,WROCŁAW,0001102544,LOMBARD SYSTEM  SPÓŁKA Z OGRANICZONĄ ODPOWIEDZIALNOŚCIĄ,8992992108,RDL000100,Wpisany,Loombard,Loombard,Q113227799
60729,51100,Wieruszów,98-400,WARSZAWSKA,12,WPS_WPI,WROCŁAW,0001102544,LOMBARD SYSTEM  SPÓŁKA Z OGRANICZONĄ ODPOWIEDZIALNOŚCIĄ,8992992108,RDL000100,Wpisany,Loombard,Loombard,Q113227799
60729,51133,Wodzisław Śląski,44-300,RYNEK,6,WPS_WPI,WROCŁAW,0001102544,LOMBARD SYSTEM  SPÓŁKA Z OGRANICZONĄ ODPOWIEDZIALNOŚCIĄ,8992992108,RDL000100,Wpisany,Loombard,Loombard,Q113227799
60729,51118,Wodzisław Śląski,44-300,JANA PAWŁA II,pawilon 2,WPS_WPI,WROCŁAW,0001102544,LOMBARD SYSTEM  SPÓŁKA Z OGRANICZONĄ ODPOWIEDZIALNOŚCIĄ,8992992108,RDL000100,Wpisany,Loombard,Loombard,Q113227799
60729,51154,Wołomin,05-200,KOŚCIELNA,19,WPS_WPI,WROCŁAW,0001102544,LOMBARD SYSTEM  SPÓŁKA Z OGRANICZONĄ ODPOWIEDZIALNOŚCIĄ,8992992108,RDL000100,Wpisany,Loombard,Loombard,Q113227799
60729,93730,Wrocław,53-333,POWSTAŃCÓW ŚLĄSKICH,122,WPS_WPI,WROCŁAW,0001102544,LOMBARD SYSTEM  SPÓŁKA Z OGRANICZONĄ ODPOWIEDZIALNOŚCIĄ,8992992108,RDL000100,Wpisany,Loombard,Loombard,Q113227799
60729,51181,Wrocław,50-442,KOŚCIUSZKI,83/1U,WPS_WPI,WROCŁAW,0001102544,LOMBARD SYSTEM  SPÓŁKA Z OGRANICZONĄ ODPOWIEDZIALNOŚCIĄ,8992992108,RDL000100,Wpisany,Loombard,Loombard,Q113227799
60729,51217,Wrocław,53-444,PERECA,14,WPS_WPI,WROCŁAW,0001102544,LOMBARD SYSTEM  SPÓŁKA Z OGRANICZONĄ ODPOWIEDZIALNOŚCIĄ,8992992108,RDL000100,Wpisany,Loombard,Loombard,Q113227799
60729,96533,Wrocław,53-336,Radosna,38,WPS_WPI,WROCŁAW,0001102544,LOMBARD SYSTEM  SPÓŁKA Z OGRANICZONĄ ODPOWIEDZIALNOŚCIĄ,8992992108,RDL000100,Wpisany,Loombard,Loombard,Q113227799
60729,51172,Wrocław,50-349,SIENKIEWICZA,55,WPS_WPI,WROCŁAW,0001102544,LOMBARD SYSTEM  SPÓŁKA Z OGRANICZONĄ ODPOWIEDZIALNOŚCIĄ,8992992108,RDL000100,Wpisany,Loombard,Loombard,Q113227799
60729,51163,Wrocław,50-212,OTWARTA,4,WPS_WPI,WROCŁAW,0001102544,LOMBARD SYSTEM  SPÓŁKA Z OGRANICZONĄ ODPOWIEDZIALNOŚCIĄ,8992992108,RDL000100,Wpisany,Loombard,Loombard,Q113227799
60729,51190,Wrocław,51-315,KIEŁCZOWSKA,51B,WPS_WPI,WROCŁAW,0001102544,LOMBARD SYSTEM  SPÓŁKA Z OGRANICZONĄ ODPOWIEDZIALNOŚCIĄ,8992992108,RDL000100,Wpisany,Loombard,Loombard,Q113227799
60729,51226,Ząbkowice Śląskie,57-200,GRUNWALDZKA,18,WPS_WPI,WROCŁAW,0001102544,LOMBARD SYSTEM  SPÓŁKA Z OGRANICZONĄ ODPOWIEDZIALNOŚCIĄ,8992992108,RDL000100,Wpisany,Loombard,Loombard,Q113227799
60729,95842,Zduńska Wola,98-220,Łaska,9,WPS_WPI,WROCŁAW,0001102544,LOMBARD SYSTEM  SPÓŁKA Z OGRANICZONĄ ODPOWIEDZIALNOŚCIĄ,8992992108,RDL000100,Wpisany,Loombard,Loombard,Q113227799
60729,51244,Zgierz,95-100,1 MAJA 30/40 LOK,30/40/51,WPS_WPI,WROCŁAW,0001102544,LOMBARD SYSTEM  SPÓŁKA Z OGRANICZONĄ ODPOWIEDZIALNOŚCIĄ,8992992108,RDL000100,Wpisany,Loombard,Loombard,Q113227799
60729,99962,Zgorzelec,59-900,Poniatowskiego,19/6,WPS_WPI,WROCŁAW,0001102544,LOMBARD SYSTEM  SPÓŁKA Z OGRANICZONĄ ODPOWIEDZIALNOŚCIĄ,8992992108,RDL000100,Wpisany,Loombard,Loombard,Q113227799
60729,51253,Zgorzelec,59-900,DASZYŃSKIEGO 75,75 B,WPS_WPI,WROCŁAW,0001102544,LOMBARD SYSTEM  SPÓŁKA Z OGRANICZONĄ ODPOWIEDZIALNOŚCIĄ,8992992108,RDL000100,Wpisany,Loombard,Loombard,Q113227799
60729,95916,Zgorzelec,59-900,Bolesława Chrobrego,49/6,WPS_WPI,WROCŁAW,0001102544,LOMBARD SYSTEM  SPÓŁKA Z OGRANICZONĄ ODPOWIEDZIALNOŚCIĄ,8992992108,RDL000100,Wpisany,Loombard,Loombard,Q113227799
60729,51262,Zgorzelec,59-900,KOŚCIUSZKI,62A,WPS_WPI,WROCŁAW,0001102544,LOMBARD SYSTEM  SPÓŁKA Z OGRANICZONĄ ODPOWIEDZIALNOŚCIĄ,8992992108,RDL000100,Wpisany,Loombard,Loombard,Q113227799
60729,51280,Ziębice,57-220,KOLEJOWA,14,WPS_WPI,WROCŁAW,0001102544,LOMBARD SYSTEM  SPÓŁKA Z OGRANICZONĄ ODPOWIEDZIALNOŚCIĄ,8992992108,RDL000100,Wpisany,Loombard,Loombard,Q113227799
60729,51289,Złotoryja,59-500,RYNEK,31,WPS_WPI,WROCŁAW,0001102544,LOMBARD SYSTEM  SPÓŁKA Z OGRANICZONĄ ODPOWIEDZIALNOŚCIĄ,8992992108,RDL000100,Wpisany,Loombard,Loombard,Q113227799
60729,51307,Żary,68-200,SRÓDMIEJSKA,19A,WPS_WPI,WROCŁAW,0001102544,LOMBARD SYSTEM  SPÓŁKA Z OGRANICZONĄ ODPOWIEDZIALNOŚCIĄ,8992992108,RDL000100,Wpisany,Loombard,Loombard,Q113227799
60729,51298,Żary,68-200,PODCHORĄŻYCH,5,WPS_WPI,WROCŁAW,0001102544,LOMBARD SYSTEM  SPÓŁKA Z OGRANICZONĄ ODPOWIEDZIALNOŚCIĄ,8992992108,RDL000100,Wpisany,Loombard,Loombard,Q113227799
60729,51325,Żory,44-240,GÓRNE PRZEDMIEŚCIE,7A,WPS_WPI,WROCŁAW,0001102544,LOMBARD SYSTEM  SPÓŁKA Z OGRANICZONĄ ODPOWIEDZIALNOŚCIĄ,8992992108,RDL000100,Wpisany,Loombard,Loombard,Q113227799
60729,51334,Żory,44-240,KOŚCIUSZKI,8,WPS_WPI,WROCŁAW,0001102544,LOMBARD SYSTEM  SPÓŁKA Z OGRANICZONĄ ODPOWIEDZIALNOŚCIĄ,8992992108,RDL000100,Wpisany,Loombard,Loombard,Q113227799
60729,51316,Żory,44-240,DĄBROWSKIEGO,21,WPS_WPI,WROCŁAW,0001102544,LOMBARD SYSTEM  SPÓŁKA Z OGRANICZONĄ ODPOWIEDZIALNOŚCIĄ,8992992108,RDL000100,Wpisany,Loombard,Loombard,Q113227799
60729,83369,Żyrardów,96-300,1 Maja,15,WPS_WPI,WROCŁAW,0001102544,LOMBARD SYSTEM  SPÓŁKA Z OGRANICZONĄ ODPOWIEDZIALNOŚCIĄ,8992992108,RDL000100,Wpisany,Loombard,Loombard,Q113227799
60729,51352,Żywiec,34-300,HANDLOWA,3,WPS_WPI,WROCŁAW,0001102544,LOMBARD SYSTEM  SPÓŁKA Z OGRANICZONĄ ODPOWIEDZIALNOŚCIĄ,8992992108,RDL000100,Wpisany,Loombard,Loombard,Q113227799
60729,51343,Żywiec,34-300,DWORCOWA,14,WPS_WPI,WROCŁAW,0001102544,LOMBARD SYSTEM  SPÓŁKA Z OGRANICZONĄ ODPOWIEDZIALNOŚCIĄ,8992992108,RDL000100,Wpisany,Loombard,Loombard,Q113227799
41967,41880,Mława,06-500,Żwirki,20,WPS_WPI,MŁAWA,0000717513,LOMBARD SZTYBURSCY SPÓŁKA Z OGRANICZONĄ ODPOWIEDZIALNOŚCIĄ,5691888739,RDL000070,Wpisany,,,
96836,96295,Warszawa,02-495,Stanisława Wojciechowskiego,33 lok.16,WPS_WPI,WARSZAWA,0001209366,LOMBARD TRADETOM SPÓŁKA Z OGRANICZONĄ ODPOWIEDZIALNOŚCIĄ,5223356110,RDL000240,Wpisany,,,
99296,99164,Wrocław,54-130,Bulwar Ikara,29a/3,WPS_WPI,WROCŁAW,0001233149,LOMBARD U ADAMA SPÓŁKA Z OGRANICZONĄ ODPOWIEDZIALNOŚCIĄ,8943284363,RDL000253,Wpisany,,,
82502,82236,Elbląg,82-300,3 Maja,12/2,WPS_WPI,ELBLĄG,0001133025,LOMBARD U DANIELA SPÓŁKA Z OGRANICZONĄ ODPOWIEDZIALNOŚCIĄ,5783173505,RDL000191,Wpisany,,,
43869,41947,Chodzież,64-800,Raczkowskiego,10,WPS_WPI,CHODZIEŻ,0001080042,LOMBARD U MIZIEGO POŻYCZKI POD ZASTAW WSZYSTKIEGO SPÓŁKA Z OGRANICZONĄ ODPOWIEDZIALNOŚCIĄ,6070095144,RDL000085,Wpisany,,,
37387,37109,Przemyśl,37-700,Jagiellońska,11,WPS_WPI,PRAŁKOWCE,0001083541,LOMBARD U ROBSONA  SPÓŁKA Z OGRANICZONĄ ODPOWIEDZIALNOŚCIĄ,7952579442,RDL000025,Wpisany,,,
82407,82388,Elbląg,82-300,12 Lutego,16-20,WPS_WPI,ELBLĄG,0001133363,LOMBARD UNIKAT SPÓŁKA Z OGRANICZONĄ ODPOWIEDZIALNOŚCIĄ,5783173563,RDL000190,Wpisany,,,
82407,101357,Pasłęk,14-400,Władysława Jagiełły,2,WPS_WPI,ELBLĄG,0001133363,LOMBARD UNIKAT SPÓŁKA Z OGRANICZONĄ ODPOWIEDZIALNOŚCIĄ,5783173563,RDL000190,Wpisany,,,
43511,42885,Łódź,92-508,Ćwiklińskiej,22,WPS_WPI,ŁÓDŹ,0001103519,LOMBARD W PATIO SPÓŁKA Z OGRANICZONĄ ODPOWIEDZIALNOŚCIĄ,9820391292,RDL000084,Wpisany,,,
43511,42872,Łódź,93-224,Podhalańska,24 lok. 39,WPS_WPI,ŁÓDŹ,0001103519,LOMBARD W PATIO SPÓŁKA Z OGRANICZONĄ ODPOWIEDZIALNOŚCIĄ,9820391292,RDL000084,Wpisany,,,
42651,42552,Bydgoszcz,85-011,ul. JANA I JĘDRZEJA ŚNIADECKICH,39,WPS_WPI,BYDGOSZCZ,0001087347,LOMBARD WANESS SPÓŁKA Z OGRANICZONĄ ODPOWIEDZIALNOŚCIĄ,9671473724,RDL000078,Wpisany,,,
42709,42632,Gostynin,09-500,Rynek,8,WPS_WPI,KUTNO,0001083464,LOMBARD WARSZAWSKI - KANTOR SPÓŁKA Z OGRANICZONĄ ODPOWIEDZIALNOŚCIĄ,7752673047,RDL000080,Wpisany,,,
42709,42619,Kutno,99-300,Warszawskie Przedmieście,14/2,WPS_WPI,KUTNO,0001083464,LOMBARD WARSZAWSKI - KANTOR SPÓŁKA Z OGRANICZONĄ ODPOWIEDZIALNOŚCIĄ,7752673047,RDL000080,Wpisany,,,
71178,65207,PIASECZNO,05-500,JANA PAWŁA II,45,WPS_WPI,PIASECZNO,0001108677,LOMBARD WOLSKI SPÓŁKA Z OGRANICZONĄ ODPOWIEDZIALNOŚCIĄ,1231557861,RDL000156,Wpisany,,,
93204,93065,KALISZ,62-800,ALEJA WOJSKA POLSKIEGO,145,WPS_WPI,KALISZ,0001187938,LOMBARD ZŁOTY PUNKT SPÓŁKA Z OGRANICZONĄ ODPOWIEDZIALNOŚCIĄ,6182209417,RDL000231,Wpisany,,,
81806,76999,Leżajsk,37-300,Rzeszowska,14,WPS_WPI,RZESZÓW,0000615817,LOMBARDI SPÓŁKA Z OGRANICZONĄ ODPOWIEDZIALNOŚCIĄ,8133720720,RDL000186,Wpisany,,,
81806,76986,Łańcut,37-100,Ottona z Pilczy,7,WPS_WPI,RZESZÓW,0000615817,LOMBARDI SPÓŁKA Z OGRANICZONĄ ODPOWIEDZIALNOŚCIĄ,8133720720,RDL000186,Wpisany,,,
81806,76960,Rzeszów,35-328,Popiełuszki,28B,WPS_WPI,RZESZÓW,0000615817,LOMBARDI SPÓŁKA Z OGRANICZONĄ ODPOWIEDZIALNOŚCIĄ,8133720720,RDL000186,Wpisany,,,
81806,76973,Rzeszów,35-222,Okulickiego,9,WPS_WPI,RZESZÓW,0000615817,LOMBARDI SPÓŁKA Z OGRANICZONĄ ODPOWIEDZIALNOŚCIĄ,8133720720,RDL000186,Wpisany,,,
81806,77012,Strzyżów,38-100,Słowackiego,26,WPS_WPI,RZESZÓW,0000615817,LOMBARDI SPÓŁKA Z OGRANICZONĄ ODPOWIEDZIALNOŚCIĄ,8133720720,RDL000186,Wpisany,,,
38878,38649,Lublin,20-603,Wileńska,21,WPS_WPI,LUBLIN,0001091036,LOMBARDIA GRUPA TERAPEUTYCZNA SPÓŁKA Z OGRANICZONĄ ODPOWIEDZIALNOŚCIĄ,7123471373,RDL000045,Wpisany,,,
100866,99608,Bolesławiec,59-700,Zgorzelecka,40,WPS_WPI,BOLESŁAWIEC,0001239266,LOMBARDIA SPÓŁKA Z OGRANICZONĄ ODPOWIEDZIALNOŚCIĄ,6121894732,RDL000259,Wpisany,,,
98662,101701,Wrocław,50-315,Nowowiejska,43,WPS_WPI,WROCŁAW,0001213331,LOMBARDIER SPÓŁKA Z OGRANICZONĄ ODPOWIEDZIALNOŚCIĄ,8982328343,RDL000248,Wpisany,,,
98662,98119,Wrocław,50-420,Traugutta,104,WPS_WPI,WROCŁAW,0001213331,LOMBARDIER SPÓŁKA Z OGRANICZONĄ ODPOWIEDZIALNOŚCIĄ,8982328343,RDL000248,Wpisany,,,
36804,36349,Poznań,61-844,Pl. Bernardyński,4,WPS_WPI,POZNAŃ,0000608630,LOMBARDIS - KOMIS - GOLD SPÓŁKA Z OGRANICZONĄ ODPOWIEDZIALNOŚCIĄ,7831739272,RDL000023,Wpisany,,,
34431,33515,DZIERZGOŃ,82-440,PLAC WOLNOŚCI,7,WPS_WPI,DZIERZGOŃ,0001079477,LOMBARD-KOMIS SKNERUS SPÓŁKA Z OGRANICZONĄ ODPOWIEDZIALNOŚCIĄ,5792293031,RDL000003,Wpisany,,,
34431,33528,PRABUTY,82-550,IGNACEGO DASZYŃSKIEGO,1C,WPS_WPI,DZIERZGOŃ,0001079477,LOMBARD-KOMIS SKNERUS SPÓŁKA Z OGRANICZONĄ ODPOWIEDZIALNOŚCIĄ,5792293031,RDL000003,Wpisany,,,
34431,33541,SUSZ,14-240,PRABUCKA,9A,WPS_WPI,DZIERZGOŃ,0001079477,LOMBARD-KOMIS SKNERUS SPÓŁKA Z OGRANICZONĄ ODPOWIEDZIALNOŚCIĄ,5792293031,RDL000003,Wpisany,,,
89222,91558,Będzin,42-500,Małachowskiego,21,WPS_WPI,SKOCZÓW,0001149152,LOMBARDS.PL SPÓŁKA Z OGRANICZONĄ ODPOWIEDZIALNOŚCIĄ,5482765398,RDL000218,Wpisany,Lombards.pl,,
89222,91504,Bielsko-Biała,43-300,Łukowa,7,WPS_WPI,SKOCZÓW,0001149152,LOMBARDS.PL SPÓŁKA Z OGRANICZONĄ ODPOWIEDZIALNOŚCIĄ,5482765398,RDL000218,Wpisany,Lombards.pl,,
89222,91414,Bielsko-Biała,43-300,Partyzantów,23,WPS_WPI,SKOCZÓW,0001149152,LOMBARDS.PL SPÓŁKA Z OGRANICZONĄ ODPOWIEDZIALNOŚCIĄ,5482765398,RDL000218,Wpisany,Lombards.pl,,
89222,91450,Bielsko-Biała,43-300,Barlickiego,1/10,WPS_WPI,SKOCZÓW,0001149152,LOMBARDS.PL SPÓŁKA Z OGRANICZONĄ ODPOWIEDZIALNOŚCIĄ,5482765398,RDL000218,Wpisany,Lombards.pl,,
89222,91540,Bytom,41-909,Świętochłowicka,42/1,WPS_WPI,SKOCZÓW,0001149152,LOMBARDS.PL SPÓŁKA Z OGRANICZONĄ ODPOWIEDZIALNOŚCIĄ,5482765398,RDL000218,Wpisany,Lombards.pl,,
89222,91513,Cieszyn,43-400,Olszaka,1,WPS_WPI,SKOCZÓW,0001149152,LOMBARDS.PL SPÓŁKA Z OGRANICZONĄ ODPOWIEDZIALNOŚCIĄ,5482765398,RDL000218,Wpisany,Lombards.pl,,
89222,91477,Dąbrowa Górnicza,41-303,Józefa Wybickiego,8,WPS_WPI,SKOCZÓW,0001149152,LOMBARDS.PL SPÓŁKA Z OGRANICZONĄ ODPOWIEDZIALNOŚCIĄ,5482765398,RDL000218,Wpisany,Lombards.pl,,
89222,91495,Jastrzębie-Zdrój,44-335,Piłsudskiego,28,WPS_WPI,SKOCZÓW,0001149152,LOMBARDS.PL SPÓŁKA Z OGRANICZONĄ ODPOWIEDZIALNOŚCIĄ,5482765398,RDL000218,Wpisany,Lombards.pl,,
89222,91522,Katowice,40-671,Armii Krajowej,82,WPS_WPI,SKOCZÓW,0001149152,LOMBARDS.PL SPÓŁKA Z OGRANICZONĄ ODPOWIEDZIALNOŚCIĄ,5482765398,RDL000218,Wpisany,Lombards.pl,,
89222,91549,Katowice,40-174,Katowicka,4,WPS_WPI,SKOCZÓW,0001149152,LOMBARDS.PL SPÓŁKA Z OGRANICZONĄ ODPOWIEDZIALNOŚCIĄ,5482765398,RDL000218,Wpisany,Lombards.pl,,
89222,91432,Katowice,40-717,Koszalińska,14,WPS_WPI,SKOCZÓW,0001149152,LOMBARDS.PL SPÓŁKA Z OGRANICZONĄ ODPOWIEDZIALNOŚCIĄ,5482765398,RDL000218,Wpisany,Lombards.pl,,
89222,91459,Katowice,40-067,Mikołowska,20,WPS_WPI,SKOCZÓW,0001149152,LOMBARDS.PL SPÓŁKA Z OGRANICZONĄ ODPOWIEDZIALNOŚCIĄ,5482765398,RDL000218,Wpisany,Lombards.pl,,
89222,91423,Mysłowice,41-400,Franciszka i Stanisława Żwirki i Wigury,2,WPS_WPI,SKOCZÓW,0001149152,LOMBARDS.PL SPÓŁKA Z OGRANICZONĄ ODPOWIEDZIALNOŚCIĄ,5482765398,RDL000218,Wpisany,Lombards.pl,,
89222,91531,Ruda Śląska,41-706,Solidarności,9,WPS_WPI,SKOCZÓW,0001149152,LOMBARDS.PL SPÓŁKA Z OGRANICZONĄ ODPOWIEDZIALNOŚCIĄ,5482765398,RDL000218,Wpisany,Lombards.pl,,
89222,91486,Tychy,43-100,Wyszyńskiego,27,WPS_WPI,SKOCZÓW,0001149152,LOMBARDS.PL SPÓŁKA Z OGRANICZONĄ ODPOWIEDZIALNOŚCIĄ,5482765398,RDL000218,Wpisany,Lombards.pl,,
89222,91441,Zabrze,41-800,Wolności,266,WPS_WPI,SKOCZÓW,0001149152,LOMBARDS.PL SPÓŁKA Z OGRANICZONĄ ODPOWIEDZIALNOŚCIĄ,5482765398,RDL000218,Wpisany,Lombards.pl,,
89222,91468,Żory,44-240,Męczenników Oświęcimskich,44,WPS_WPI,SKOCZÓW,0001149152,LOMBARDS.PL SPÓŁKA Z OGRANICZONĄ ODPOWIEDZIALNOŚCIĄ,5482765398,RDL000218,Wpisany,Lombards.pl,,
55977,43425,Radom,26-610,Struga,29,WPS_WPI,RADOM,0001074143,LOMIS  SPÓŁKA Z OGRANICZONĄ ODPOWIEDZIALNOŚCIĄ,9482643036,RDL000096,Wpisany,,,
72455,71348,Hrubieszów,22-500,Rynek,8,WPS_WPI,HRUBIESZÓW,0001110964,LOM&MBARD SPÓŁKA Z OGRANICZONĄ ODPOWIEDZIALNOŚCIĄ,9191839295,RDL000171,Wpisany,,,
70780,68301,Andrychów,34-120,Krakowska,94,WPS_WPI,WROCŁAW,0000599554,LOOMBARD POLSKA SPÓŁKA Z OGRANICZONĄ ODPOWIEDZIALNOŚCIĄ,8992782517,RDL000147,Wpisany,Loombard,Loombard,Q113227799
70780,68314,Czeladź,41-250,Bytomska,12,WPS_WPI,WROCŁAW,0000599554,LOOMBARD POLSKA SPÓŁKA Z OGRANICZONĄ ODPOWIEDZIALNOŚCIĄ,8992782517,RDL000147,Wpisany,Loombard,Loombard,Q113227799
70780,68340,Jaworzyna Śląska,58-140,Mickiewicza,2A/13,WPS_WPI,WROCŁAW,0000599554,LOOMBARD POLSKA SPÓŁKA Z OGRANICZONĄ ODPOWIEDZIALNOŚCIĄ,8992782517,RDL000147,Wpisany,Loombard,Loombard,Q113227799
70780,68353,Radzionków,41-922,Męczenników Oświęcimia,8,WPS_WPI,WROCŁAW,0000599554,LOOMBARD POLSKA SPÓŁKA Z OGRANICZONĄ ODPOWIEDZIALNOŚCIĄ,8992782517,RDL000147,Wpisany,Loombard,Loombard,Q113227799
70780,87727,Siemianowice Śląskie,41-100,Powstańców,25,WPS_WPI,WROCŁAW,0000599554,LOOMBARD POLSKA SPÓŁKA Z OGRANICZONĄ ODPOWIEDZIALNOŚCIĄ,8992782517,RDL000147,Wpisany,Loombard,Loombard,Q113227799
70780,68379,Siemianowice Śląskie,41-100,Śląska,20,WPS_WPI,WROCŁAW,0000599554,LOOMBARD POLSKA SPÓŁKA Z OGRANICZONĄ ODPOWIEDZIALNOŚCIĄ,8992782517,RDL000147,Wpisany,Loombard,Loombard,Q113227799
70780,68392,Tarnowskie Góry,42-600,Opolska,10,WPS_WPI,WROCŁAW,0000599554,LOOMBARD POLSKA SPÓŁKA Z OGRANICZONĄ ODPOWIEDZIALNOŚCIĄ,8992782517,RDL000147,Wpisany,Loombard,Loombard,Q113227799
70780,68418,Tarnowskie Góry,42-600,Piłsudskiego,7/2,WPS_WPI,WROCŁAW,0000599554,LOOMBARD POLSKA SPÓŁKA Z OGRANICZONĄ ODPOWIEDZIALNOŚCIĄ,8992782517,RDL000147,Wpisany,Loombard,Loombard,Q113227799
70780,68431,Wołów,56-100,Radna,1,WPS_WPI,WROCŁAW,0000599554,LOOMBARD POLSKA SPÓŁKA Z OGRANICZONĄ ODPOWIEDZIALNOŚCIĄ,8992782517,RDL000147,Wpisany,Loombard,Loombard,Q113227799
70780,68626,Wrocław,50-520,Gajowa,70,WPS_WPI,WROCŁAW,0000599554,LOOMBARD POLSKA SPÓŁKA Z OGRANICZONĄ ODPOWIEDZIALNOŚCIĄ,8992782517,RDL000147,Wpisany,Loombard,Loombard,Q113227799
70780,68639,Wrocław,50-559,Świeradowska,26,WPS_WPI,WROCŁAW,0000599554,LOOMBARD POLSKA SPÓŁKA Z OGRANICZONĄ ODPOWIEDZIALNOŚCIĄ,8992782517,RDL000147,Wpisany,Loombard,Loombard,Q113227799
70780,68665,Wrocław,51-163,Al. Kromera,6,WPS_WPI,WROCŁAW,0000599554,LOOMBARD POLSKA SPÓŁKA Z OGRANICZONĄ ODPOWIEDZIALNOŚCIĄ,8992782517,RDL000147,Wpisany,Loombard,Loombard,Q113227799
70780,68678,Wrocław,51-312,Krzywoustego,324,WPS_WPI,WROCŁAW,0000599554,LOOMBARD POLSKA SPÓŁKA Z OGRANICZONĄ ODPOWIEDZIALNOŚCIĄ,8992782517,RDL000147,Wpisany,Loombard,Loombard,Q113227799
70780,68691,Wrocław,51-644,Olszewskiego,73,WPS_WPI,WROCŁAW,0000599554,LOOMBARD POLSKA SPÓŁKA Z OGRANICZONĄ ODPOWIEDZIALNOŚCIĄ,8992782517,RDL000147,Wpisany,Loombard,Loombard,Q113227799
70780,68704,Wrocław,52-118,Chińska,3B,WPS_WPI,WROCŁAW,0000599554,LOOMBARD POLSKA SPÓŁKA Z OGRANICZONĄ ODPOWIEDZIALNOŚCIĄ,8992782517,RDL000147,Wpisany,Loombard,Loombard,Q113227799
70780,68717,Wrocław,53-238,Ostrowskiego,1,WPS_WPI,WROCŁAW,0000599554,LOOMBARD POLSKA SPÓŁKA Z OGRANICZONĄ ODPOWIEDZIALNOŚCIĄ,8992782517,RDL000147,Wpisany,Loombard,Loombard,Q113227799
70780,98864,Wrocław,52-314,Wałbrzyska,4,WPS_WPI,WROCŁAW,0000599554,LOOMBARD POLSKA SPÓŁKA Z OGRANICZONĄ ODPOWIEDZIALNOŚCIĄ,8992782517,RDL000147,Wpisany,Loombard,Loombard,Q113227799
70780,68743,Wrocław,53-325,Hallera,53,WPS_WPI,WROCŁAW,0000599554,LOOMBARD POLSKA SPÓŁKA Z OGRANICZONĄ ODPOWIEDZIALNOŚCIĄ,8992782517,RDL000147,Wpisany,Loombard,Loombard,Q113227799
70780,68756,Wrocław,53-502,Grabiszyńska,30,WPS_WPI,WROCŁAW,0000599554,LOOMBARD POLSKA SPÓŁKA Z OGRANICZONĄ ODPOWIEDZIALNOŚCIĄ,8992782517,RDL000147,Wpisany,Loombard,Loombard,Q113227799
70780,68769,Wrocław,53-621,Gajowicka,96,WPS_WPI,WROCŁAW,0000599554,LOOMBARD POLSKA SPÓŁKA Z OGRANICZONĄ ODPOWIEDZIALNOŚCIĄ,8992782517,RDL000147,Wpisany,Loombard,Loombard,Q113227799
70780,68782,Wrocław,53-621,Głogowska,6,WPS_WPI,WROCŁAW,0000599554,LOOMBARD POLSKA SPÓŁKA Z OGRANICZONĄ ODPOWIEDZIALNOŚCIĄ,8992782517,RDL000147,Wpisany,Loombard,Loombard,Q113227799
70780,68795,Wrocław,54-130,Bulwar Ikara,21,WPS_WPI,WROCŁAW,0000599554,LOOMBARD POLSKA SPÓŁKA Z OGRANICZONĄ ODPOWIEDZIALNOŚCIĄ,8992782517,RDL000147,Wpisany,Loombard,Loombard,Q113227799
70780,68808,Wrocław,54-142,Dokerska,3,WPS_WPI,WROCŁAW,0000599554,LOOMBARD POLSKA SPÓŁKA Z OGRANICZONĄ ODPOWIEDZIALNOŚCIĄ,8992782517,RDL000147,Wpisany,Loombard,Loombard,Q113227799
70780,68821,Wrocław,54-206,Legnicka,66,WPS_WPI,WROCŁAW,0000599554,LOOMBARD POLSKA SPÓŁKA Z OGRANICZONĄ ODPOWIEDZIALNOŚCIĄ,8992782517,RDL000147,Wpisany,Loombard,Loombard,Q113227799
70780,68834,Wrocław,54-432,Strzegomska,200,WPS_WPI,WROCŁAW,0000599554,LOOMBARD POLSKA SPÓŁKA Z OGRANICZONĄ ODPOWIEDZIALNOŚCIĄ,8992782517,RDL000147,Wpisany,Loombard,Loombard,Q113227799
70780,68847,Wrocław,54-436,Budziszyńska,107 D,WPS_WPI,WROCŁAW,0000599554,LOOMBARD POLSKA SPÓŁKA Z OGRANICZONĄ ODPOWIEDZIALNOŚCIĄ,8992782517,RDL000147,Wpisany,Loombard,Loombard,Q113227799
70780,68444,Wrocław,50-004,Kołłątaja,33,WPS_WPI,WROCŁAW,0000599554,LOOMBARD POLSKA SPÓŁKA Z OGRANICZONĄ ODPOWIEDZIALNOŚCIĄ,8992782517,RDL000147,Wpisany,Loombard,Loombard,Q113227799
70780,68470,Wrocław,50-075,Krupnicza,3.1-B,WPS_WPI,WROCŁAW,0000599554,LOOMBARD POLSKA SPÓŁKA Z OGRANICZONĄ ODPOWIEDZIALNOŚCIĄ,8992782517,RDL000147,Wpisany,Loombard,Loombard,Q113227799
70780,68496,Wrocław,50-231,Trzebnicka,56/1C,WPS_WPI,WROCŁAW,0000599554,LOOMBARD POLSKA SPÓŁKA Z OGRANICZONĄ ODPOWIEDZIALNOŚCIĄ,8992782517,RDL000147,Wpisany,Loombard,Loombard,Q113227799
70780,68522,Wrocław,50-301,Jedności Narodowej,109/1B,WPS_WPI,WROCŁAW,0000599554,LOOMBARD POLSKA SPÓŁKA Z OGRANICZONĄ ODPOWIEDZIALNOŚCIĄ,8992782517,RDL000147,Wpisany,Loombard,Loombard,Q113227799
70780,68548,Wrocław,50-361,Piastowska,19,WPS_WPI,WROCŁAW,0000599554,LOOMBARD POLSKA SPÓŁKA Z OGRANICZONĄ ODPOWIEDZIALNOŚCIĄ,8992782517,RDL000147,Wpisany,Loombard,Loombard,Q113227799
70780,94698,Wrocław,50-217,Pomorska,51/53LU5,WPS_WPI,WROCŁAW,0000599554,LOOMBARD POLSKA SPÓŁKA Z OGRANICZONĄ ODPOWIEDZIALNOŚCIĄ,8992782517,RDL000147,Wpisany,Loombard,Loombard,Q113227799
70780,68613,Wrocław,50-502,Hubska,82/1B,WPS_WPI,WROCŁAW,0000599554,LOOMBARD POLSKA SPÓŁKA Z OGRANICZONĄ ODPOWIEDZIALNOŚCIĄ,8992782517,RDL000147,Wpisany,Loombard,Loombard,Q113227799
70780,68587,Wrocław,50-438,Kościuszki,159,WPS_WPI,WROCŁAW,0000599554,LOOMBARD POLSKA SPÓŁKA Z OGRANICZONĄ ODPOWIEDZIALNOŚCIĄ,8992782517,RDL000147,Wpisany,Loombard,Loombard,Q113227799
70780,68574,Wrocław,50-433,Prądzyńskiego,34,WPS_WPI,WROCŁAW,0000599554,LOOMBARD POLSKA SPÓŁKA Z OGRANICZONĄ ODPOWIEDZIALNOŚCIĄ,8992782517,RDL000147,Wpisany,Loombard,Loombard,Q113227799
70780,68561,Wrocław,50-417,Traugutta,85,WPS_WPI,WROCŁAW,0000599554,LOOMBARD POLSKA SPÓŁKA Z OGRANICZONĄ ODPOWIEDZIALNOŚCIĄ,8992782517,RDL000147,Wpisany,Loombard,Loombard,Q113227799
70780,68535,Wrocław,50-310,Daszyńskiego,22,WPS_WPI,WROCŁAW,0000599554,LOOMBARD POLSKA SPÓŁKA Z OGRANICZONĄ ODPOWIEDZIALNOŚCIĄ,8992782517,RDL000147,Wpisany,Loombard,Loombard,Q113227799
70780,68509,Wrocław,50-260,Jedności Narodowej,45,WPS_WPI,WROCŁAW,0000599554,LOOMBARD POLSKA SPÓŁKA Z OGRANICZONĄ ODPOWIEDZIALNOŚCIĄ,8992782517,RDL000147,Wpisany,Loombard,Loombard,Q113227799
70780,68483,Wrocław,50-080,Psie Budy,5/6,WPS_WPI,WROCŁAW,0000599554,LOOMBARD POLSKA SPÓŁKA Z OGRANICZONĄ ODPOWIEDZIALNOŚCIĄ,8992782517,RDL000147,Wpisany,Loombard,Loombard,Q113227799
70780,68457,Wrocław,50-020,Piłsudskiego,86,WPS_WPI,WROCŁAW,0000599554,LOOMBARD POLSKA SPÓŁKA Z OGRANICZONĄ ODPOWIEDZIALNOŚCIĄ,8992782517,RDL000147,Wpisany,Loombard,Loombard,Q113227799
70780,89009,Wrocław,51-114,Obornicka,59,WPS_WPI,WROCŁAW,0000599554,LOOMBARD POLSKA SPÓŁKA Z OGRANICZONĄ ODPOWIEDZIALNOŚCIĄ,8992782517,RDL000147,Wpisany,Loombard,Loombard,Q113227799
70780,68730,Wrocław,53-319,Hallera,3,WPS_WPI,WROCŁAW,0000599554,LOOMBARD POLSKA SPÓŁKA Z OGRANICZONĄ ODPOWIEDZIALNOŚCIĄ,8992782517,RDL000147,Wpisany,Loombard,Loombard,Q113227799
96865,96511,Poznań,61-886,Półwiejska,43/5,WPS_WPI,POZNAŃ,0001065069,MAJOKA SPÓŁKA Z OGRANICZONĄ ODPOWIEDZIALNOŚCIĄ,7831890483,RDL000241,Wpisany,,,
65590,64961,ŁÓDŹ,94-102,MARATOŃSKA,24/32,WPS_WPI,ŁÓDŹ,0001070673,MAK$ SPÓŁKA Z OGRANICZONĄ ODPOWIEDZIALNOŚCIĄ,7252337731,RDL000120,Wpisany,,,
65590,64948,ŁÓDŹ,90-135,NARUTOWICZA,2,WPS_WPI,ŁÓDŹ,0001070673,MAK$ SPÓŁKA Z OGRANICZONĄ ODPOWIEDZIALNOŚCIĄ,7252337731,RDL000120,Wpisany,,,
64167,44370,Bydgoszcz,85-826,Szpitalna`,1A,WPS_WPI,BYDGOSZCZ,0000613508,MAŁY-KREDYT.PL SPÓŁKA Z OGRANICZONĄ ODPOWIEDZIALNOŚCIĄ,9671375938,RDL000113,Wpisany,,,
99768,99737,Wrocław,50-223,pl. Staszica,3 LU,WPS_WPI,WROCŁAW,0001232015,MARCHAND SPÓŁKA Z OGRANICZONĄ ODPOWIEDZIALNOŚCIĄ,8982332379,RDL000255,Wpisany,,,
34880,34317,Wrocław &#40;Wrocław-Stare Miasto&#41;,50-017,Piłsudskego,92/lu1,WPS_WPI,WROCŁAW,0000580048,MARESA SPÓŁKA Z OGRANICZONĄ ODPOWIEDZIALNOŚCIĄ,8971814554,RDL000006,Wpisany,,,
98930,97826,Częstochowa,42-202,Garncarska,25,WPS_WPI,KIEŁCZYGŁÓW,0001222710,MASFIX SPÓŁKA Z OGRANICZONĄ ODPOWIEDZIALNOŚCIĄ,5080104683,RDL000251,Wpisany,,,
71206,70075,Wrocław,50-079,Ruska,40,WPS_WPI,WROCŁAW,0001055983,MASTER CENTER SPÓŁKA Z OGRANICZONĄ ODPOWIEDZIALNOŚCIĄ,8971926916,RDL000157,Wpisany,,,
38130,37734,Dąbrowa Górnicza,41-300,3go Maja,14,WPS_WPI,DĄBROWA GÓRNICZA,0000611757,MATPOL FINANSE SPÓŁKA Z OGRANICZONĄ ODPOWIEDZIALNOŚCIĄ,6292474445,RDL000037,Wpisany,,,
67396,56457,Jelenia Góra,58-560,Wojewódzka,2,WPS_WPI,JELENIA GÓRA,0000655446,MAX CASH SPÓŁKA Z OGRANICZONĄ ODPOWIEDZIALNOŚCIĄ,6112771579,RDL000131,Wpisany,,,
60822,43492,Poznań,61-774,Wielka,17,WPS_WPI,POZNAŃ,0001077518,MAXGOLD SPÓŁKA Z OGRANICZONĄ ODPOWIEDZIALNOŚCIĄ,7831894216,RDL000103,Wpisany,,,
69163,67472,Warszawa,00-480,Wiejska,11/1,WPS_WPI,WARSZAWA,0000443179,METAL MARKET EUROPE SPÓŁKA Z OGRANICZONĄ ODPOWIEDZIALNOŚCIĄ,7831696976,RDL000142,Wpisany,,,
34993,34035,Krosno,38-400,Wojska Polskiego,42A,WPS_WPI,KROSNO,0001077539,METATRON SPÓŁKA Z OGRANICZONĄ ODPOWIEDZIALNOŚCIĄ,6842674297,RDL000010,Wpisany,,,
35852,88660,Nowy Sącz,33-300,Lwowska,46,WPS_WPI,NOWY SĄCZ,0000812305,MEWA FINANSE SPÓŁKA Z OGRANICZONĄ ODPOWIEDZIALNOŚCIĄ,7343577116,RDL000018,Wpisany,,,
35852,34778,Nowy Sącz,33-300,Kolejowa,14,WPS_WPI,NOWY SĄCZ,0000812305,MEWA FINANSE SPÓŁKA Z OGRANICZONĄ ODPOWIEDZIALNOŚCIĄ,7343577116,RDL000018,Wpisany,,,
86324,68218,Poznań,60-143,Podchorążych,11,WPS_WPI,POZNAŃ,0000081382,MF 1 SPÓŁKA Z OGRANICZONĄ ODPOWIEDZIALNOŚCIĄ,5862006457,RDL000203,Wpisany,,,
89992,89737,Warszawa,04-026,Ostrobramska,126,WPS_WPI,WARSZAWA,0001167153,MIASTOWY LOMBARD SPÓŁKA Z OGRANICZONĄ ODPOWIEDZIALNOŚCIĄ,1133164706,RDL000221,Wpisany,,,
68043,67555,Czechowice-Dziedzice,43-502,Michałowicza,6B,WPS_WPI,CZECHOWICE-DZIEDZICE,0001113306,MIESZEK.COM SPÓŁKA Z OGRANICZONĄ ODPOWIEDZIALNOŚCIĄ,6521755922,RDL000138,Wpisany,,,
88290,88232,KATOWICE,40-061,ANDRZEJA,13,WPS_WPI,TYCHY,0001154025,MIKE SPÓŁKA Z OGRANICZONĄ ODPOWIEDZIALNOŚCIĄ,6463018614,RDL000215,Wpisany,,,
65768,65571,Łobez,73-150,Pocztowa,21C,WPS_WPI,ŁOBEZ,0001079367,MILEX LOMBARD-KOMIS SPÓŁKA Z OGRANICZONĄ ODPOWIEDZIALNOŚCIĄ,2530361327,RDL000121,Wpisany,,,
34459,34118,Olsztyn,10-518,Mazurska,6B,WPS_WPI,OLSZTYN,0001079797,MINI-MAX SPÓŁKA Z OGRANICZONĄ ODPOWIEDZIALNOŚCIĄ,7393994052,RDL000004,Wpisany,,,
34459,34144,Olsztyn,10-686,Wilczyńskiego,25e/8,WPS_WPI,OLSZTYN,0001079797,MINI-MAX SPÓŁKA Z OGRANICZONĄ ODPOWIEDZIALNOŚCIĄ,7393994052,RDL000004,Wpisany,,,
34459,34131,Olsztyn,10-081,Al.Warszawska,10,WPS_WPI,OLSZTYN,0001079797,MINI-MAX SPÓŁKA Z OGRANICZONĄ ODPOWIEDZIALNOŚCIĄ,7393994052,RDL000004,Wpisany,,,
37903,36896,Lublin,20-123,Lubartowska,43 lok D248,WPS_WPI,LUBLIN,0001083232,MLOMBARD SPÓŁKA Z OGRANICZONĄ ODPOWIEDZIALNOŚCIĄ,9462736289,RDL000032,Wpisany,,,
70752,69283,Katowice,40-108,Dębowa,82,WPS_WPI,KATOWICE,0000637003,MM GIEŁDA SPÓŁKA Z OGRANICZONĄ ODPOWIEDZIALNOŚCIĄ,9542770236,RDL000146,Wpisany,,,
69108,66063,Bydgoszcz,85-060,JANA III SOBIESKIEGO,1/14,WPS_WPI,BYDGOSZCZ,0000935161,MOBILNY LOMBARD RADINERO SPÓŁKA Z OGRANICZONĄ ODPOWIEDZIALNOŚCIĄ,9671451154,RDL000140,Wpisany,,,
87660,87612,Kielce,25-018,Żytnia,14,WPS_WPI,KIELCE,0001150920,MOJA PIERWSZA SPÓŁKA Z OGRANICZONĄ ODPOWIEDZIALNOŚCIĄ,9592079789,RDL000210,Wpisany,,,
36110,35995,Dąbrowa Górnicza,41-303,Kasprzaka,10,WPS_WPI,DĄBROWA GÓRNICZA,0001079544,MOL-POL SPÓŁKA Z OGRANICZONĄ ODPOWIEDZIALNOŚCIĄ,6292510589,RDL000020,Wpisany,,,
100355,100336,Wrocław,53-319,AL. GEN. JÓZEFA HALLERA,7 lok. 17,WPS_WPI,WROCŁAW,0001254857,MONETIX SPÓŁKA Z OGRANICZONĄ ODPOWIEDZIALNOŚCIĄ,8993063799,RDL000257,Wpisany,,,
70970,69637,Warszawa,00-004,Marszałkowska,138,WPS_WPI,WARSZAWA,0000881650,MOSHE SPÓŁKA Z OGRANICZONĄ ODPOWIEDZIALNOŚCIĄ,5252850456,RDL000149,Wpisany,,,
38014,36635,KIELCE,25-017,PADEREWSKIEGO,7/10,WPS_WPI,KIELCE,0000598806,MULTIFINANS SPÓŁKA Z OGRANICZONĄ ODPOWIEDZIALNOŚCIĄ,9591969044,RDL000033,Wpisany,,,
72825,72204,KIELCE,25-502,SIENKIEWICZA,60A,WPS_WPI,KIELCE,0001081150,NALIA SPÓŁKA Z OGRANICZONĄ ODPOWIEDZIALNOŚCIĄ,9592068811,RDL000177,Wpisany,,,
42337,42290,gdynia,81-002,kartuska,12,WPS_WPI,GDYNIA,0000327324,NEON TV SPÓŁKA Z OGRANICZONĄ ODPOWIEDZIALNOŚCIĄ,5862233934,RDL000075,Wpisany,,,
42337,42277,gdynia,81-355,wójta radtkego,47/5a,WPS_WPI,GDYNIA,0000327324,NEON TV SPÓŁKA Z OGRANICZONĄ ODPOWIEDZIALNOŚCIĄ,5862233934,RDL000075,Wpisany,,,
86602,84966,Częstochowa,42-200,Aleja Wolności,13,WPS_WPI,KIELCE,0000574341,NG PARTNERS SPÓŁKA Z OGRANICZONĄ ODPOWIEDZIALNOŚCIĄ,9591964609,RDL000205,Wpisany,,,
86602,84953,Kielce,25-002,Sienkiewicza,79,WPS_WPI,KIELCE,0000574341,NG PARTNERS SPÓŁKA Z OGRANICZONĄ ODPOWIEDZIALNOŚCIĄ,9591964609,RDL000205,Wpisany,,,
86602,92528,Piotrków Trybunalski,97-300,Słowackiego,9,WPS_WPI,KIELCE,0000574341,NG PARTNERS SPÓŁKA Z OGRANICZONĄ ODPOWIEDZIALNOŚCIĄ,9591964609,RDL000205,Wpisany,,,
86602,92537,Skarżysko-Kamienna,26-110,Sokola,10,WPS_WPI,KIELCE,0000574341,NG PARTNERS SPÓŁKA Z OGRANICZONĄ ODPOWIEDZIALNOŚCIĄ,9591964609,RDL000205,Wpisany,,,
86602,84979,Starachowice,27-200,Wyskoka,22,WPS_WPI,KIELCE,0000574341,NG PARTNERS SPÓŁKA Z OGRANICZONĄ ODPOWIEDZIALNOŚCIĄ,9591964609,RDL000205,Wpisany,,,
91606,91366,Grudziądz,86-300,Toruńska,33/1,WPS_WPI,GRUDZIĄDZ,0001112295,NO.1 SPÓŁKA Z OGRANICZONĄ ODPOWIEDZIALNOŚCIĄ,8762511128,RDL000227,Wpisany,,,
38821,38266,Żychlin,99-320,Narutowicza,6,WPS_WPI,ŻYCHLIN,0001089443,NOORDD LOMBARD MOBILNY SPÓŁKA Z OGRANICZONĄ ODPOWIEDZIALNOŚCIĄ,7752673484,RDL000043,Wpisany,,,
67603,65028,RADOMSKO,97-500,PLAC 3 MAJA,4,WPS_WPI,RADOMSKO,0000994252,NOWY UROK SPÓŁKA Z OGRANICZONĄ ODPOWIEDZIALNOŚCIĄ,7722429532,RDL000133,Wpisany,,,
92909,92876,Radomsko,97-500,pl. 3-go Maja,10,WPS_WPI,CZĘSTOCHOWA,0001167108,ORAFO SPÓŁKA Z OGRANICZONĄ ODPOWIEDZIALNOŚCIĄ,9492275367,RDL000230,Wpisany,,,
89073,88745,Sosnowiec,41-200,Targowa,11,WPS_WPI,SOSNOWIEC,0001159972,OSKARO SPÓŁKA Z OGRANICZONĄ ODPOWIEDZIALNOŚCIĄ,6443590009,RDL000217,Wpisany,,,
71783,70653,Gorzów Wielkopolski,66-400,30 Stycznia,23,WPS_WPI,GORZÓW WIELKOPOLSKI,0000661788,OSTOJA SPÓŁKA Z OGRANICZONĄ ODPOWIEDZIALNOŚCIĄ,5993195163,RDL000162,Wpisany,,,
71783,70666,Strzelce Krajeńskie,66-500,Okrężna,1,WPS_WPI,GORZÓW WIELKOPOLSKI,0000661788,OSTOJA SPÓŁKA Z OGRANICZONĄ ODPOWIEDZIALNOŚCIĄ,5993195163,RDL000162,Wpisany,,,
42767,41495,Aleksandrów Łódzki,95-070,Bratoszewskiego,3,WPS_WPI,ALEKSANDRÓW ŁÓDZKI,0001058178,PAIO SPÓŁKA Z OGRANICZONĄ ODPOWIEDZIALNOŚCIĄ,7282876912,RDL000082,Wpisany,,,
41346,40790,Bydgoszcz,85-088,Marii Skłodowskiej Curie,27e,WPS_WPI,BYDGOSZCZ,0001093916,PAWNLOMBARD PM SPÓŁKA Z OGRANICZONĄ ODPOWIEDZIALNOŚCIĄ,9671474592,RDL000067,Wpisany,,,
41346,40777,Bydgoszcz,85-010,Dworcowa,37/7,WPS_WPI,BYDGOSZCZ,0001093916,PAWNLOMBARD PM SPÓŁKA Z OGRANICZONĄ ODPOWIEDZIALNOŚCIĄ,9671474592,RDL000067,Wpisany,,,
41374,40873,Bydgoszcz,85-791,Stanisława Skarżyńskiego,5,WPS_WPI,BYDGOSZCZ,0001094873,PAWNLOMBARD SPÓŁKA Z OGRANICZONĄ ODPOWIEDZIALNOŚCIĄ,5543023083,RDL000068,Wpisany,Pawn Lombard,,
41374,81953,Bydgoszcz,85-316,Władysława Broniewskiego,4,WPS_WPI,BYDGOSZCZ,0001094873,PAWNLOMBARD SPÓŁKA Z OGRANICZONĄ ODPOWIEDZIALNOŚCIĄ,5543023083,RDL000068,Wpisany,Pawn Lombard,,
41374,40899,Bydgoszcz,85-806,Aleja Prezydenta Lecha Kaczyńskiego,35,WPS_WPI,BYDGOSZCZ,0001094873,PAWNLOMBARD SPÓŁKA Z OGRANICZONĄ ODPOWIEDZIALNOŚCIĄ,5543023083,RDL000068,Wpisany,Pawn Lombard,,
41374,40886,Bydgoszcz,85-132,Ugory 50,50,WPS_WPI,BYDGOSZCZ,0001094873,PAWNLOMBARD SPÓŁKA Z OGRANICZONĄ ODPOWIEDZIALNOŚCIĄ,5543023083,RDL000068,Wpisany,Pawn Lombard,,
41203,40263,BYDGOSZCZ,85-124,MARII KONOPNICKIEJ,65/3,WPS_WPI,BYDGOSZCZ,0001094236,PAWNS SPÓŁKA Z OGRANICZONĄ ODPOWIEDZIALNOŚCIĄ,9532802609,RDL000062,Wpisany,,,
41203,40250,BYDGOSZCZ,85-011,ŚNIADECKICH,20,WPS_WPI,BYDGOSZCZ,0001094236,PAWNS SPÓŁKA Z OGRANICZONĄ ODPOWIEDZIALNOŚCIĄ,9532802609,RDL000062,Wpisany,,,
35266,34576,Zabrze,41-800,3 Maja,38,WPS_WPI,ZABRZE,0001080442,P-DUD 1999R. SPÓŁKA Z OGRANICZONĄ ODPOWIEDZIALNOŚCIĄ,6482820815,RDL000012,Wpisany,,,
35266,34563,Zabrze,41-800,Szczęść Boże,2/2,WPS_WPI,ZABRZE,0001080442,P-DUD 1999R. SPÓŁKA Z OGRANICZONĄ ODPOWIEDZIALNOŚCIĄ,6482820815,RDL000012,Wpisany,,,
65114,64687,KUTNO,99-300,BARLICKIEGO,37,WPS_WPI,ŁÓDŹ,0000700957,PETEL SPÓŁKA Z OGRANICZONĄ ODPOWIEDZIALNOŚCIĄ,7292719798,RDL000117,Wpisany,,,
65114,64661,ŁÓDŹ,93-024,RZGOWSKA,75,WPS_WPI,ŁÓDŹ,0000700957,PETEL SPÓŁKA Z OGRANICZONĄ ODPOWIEDZIALNOŚCIĄ,7292719798,RDL000117,Wpisany,,,
65114,64674,PŁOCK,09-400,KRÓLEWIECKA,12,WPS_WPI,ŁÓDŹ,0000700957,PETEL SPÓŁKA Z OGRANICZONĄ ODPOWIEDZIALNOŚCIĄ,7292719798,RDL000117,Wpisany,,,
42738,40346,Mosina,62-050,Niezłomnych,3/13,WPS_WPI,MOSINA,0000730427,P.H.U. CALYPSO SPÓŁKA Z OGRANICZONĄ ODPOWIEDZIALNOŚCIĄ,7773319167,RDL000081,Wpisany,,,
42681,40429,Mosina,62-050,Niezłomnych,3/13,WPS_WPI,MOSINA,0000730424,P.H.U. NOVO SPÓŁKA Z OGRANICZONĄ ODPOWIEDZIALNOŚCIĄ,7773319173,RDL000079,Wpisany,,,
72627,67965,Gdańsk,80-852,Dyrekcyjna,6,WPS_WPI,WROCŁAW,0000996230,PIEKAR SPÓŁKA Z OGRANICZONĄ ODPOWIEDZIALNOŚCIĄ,8952248036,RDL000173,Wpisany,,,
72627,67952,Kraków,31-323,Opolska,12A,WPS_WPI,WROCŁAW,0000996230,PIEKAR SPÓŁKA Z OGRANICZONĄ ODPOWIEDZIALNOŚCIĄ,8952248036,RDL000173,Wpisany,,,
72627,67939,Warszawa,02-175,Pilchowicka,27/3B,WPS_WPI,WROCŁAW,0000996230,PIEKAR SPÓŁKA Z OGRANICZONĄ ODPOWIEDZIALNOŚCIĄ,8952248036,RDL000173,Wpisany,,,
72627,67926,Wrocław,50-559,Świeradowska,77,WPS_WPI,WROCŁAW,0000996230,PIEKAR SPÓŁKA Z OGRANICZONĄ ODPOWIEDZIALNOŚCIĄ,8952248036,RDL000173,Wpisany,,,
71149,67173,Bolesławiec,59-700,Sierpnia 80,"12,13/10",WPS_WPI,KARWIANY,0001078283,PLUS LOMBARD SPÓŁKA Z OGRANICZONĄ ODPOWIEDZIALNOŚCIĄ,8961633437,RDL000155,Wpisany,,,
71149,67160,Nowa Sól,67-100,Pl. Wyzwolenia,15,WPS_WPI,KARWIANY,0001078283,PLUS LOMBARD SPÓŁKA Z OGRANICZONĄ ODPOWIEDZIALNOŚCIĄ,8961633437,RDL000155,Wpisany,,,
42476,42457,Zielona Góra,65-426,Kupiecka,2/9,WPS_WPI,ŚWIĘTA KATARZYNA,0000728658,PMK AUXILIUM  SPÓŁKA Z OGRANICZONĄ ODPOWIEDZIALNOŚCIĄ,8961578193,RDL000077,Wpisany,,,
95721,95459,Wrocław,54-130,Bulwara Ikara,17/5A,WPS_WPI,WROCŁAW,0001200917,POINTLINE SPÓŁKA Z OGRANICZONĄ ODPOWIEDZIALNOŚCIĄ,8943271366,RDL000237,Wpisany,,,
60943,59077,Malbork,82-200,Aleja Wojska Polskiego,91,WPS_WPI,MALBORK,0000378787,POSTEA SPÓŁKA Z OGRANICZONĄ ODPOWIEDZIALNOŚCIĄ,5792234324,RDL000107,Wpisany,,,
69191,67310,Mikołów,43-190,Świętego Wojciecha,26,WPS_WPI,TYCHY,0000489543,POŚREDNICTWO FINANSOWE JOKER SPÓŁKA Z OGRANICZONĄ ODPOWIEDZIALNOŚCIĄ,6462932511,RDL000143,Wpisany,,,
69191,67297,Tychy,43-100,Niepodległości,188,WPS_WPI,TYCHY,0000489543,POŚREDNICTWO FINANSOWE JOKER SPÓŁKA Z OGRANICZONĄ ODPOWIEDZIALNOŚCIĄ,6462932511,RDL000143,Wpisany,,,
88009,87285,Kraków,31-201,Bratysławska,4,WPS_WPI,BARANÓWKA,0001149280,PROFIN GROUP SPÓŁKA Z OGRANICZONĄ ODPOWIEDZIALNOŚCIĄ,6821808350,RDL000213,Wpisany,,,
41231,39510,Warszawa,03-435,11 Listopada,14,WPS_WPI,WARSZAWA,0001070666,PROFIT CENTRUM SPÓŁKA Z OGRANICZONĄ ODPOWIEDZIALNOŚCIĄ,8971930154,RDL000063,Wpisany,,,
41231,39497,Warszawa,00-022,Chmielna,27/31,WPS_WPI,WARSZAWA,0001070666,PROFIT CENTRUM SPÓŁKA Z OGRANICZONĄ ODPOWIEDZIALNOŚCIĄ,8971930154,RDL000063,Wpisany,,,
40974,85962,Warszawa,03-728,Targowa,33/35/37 lok. A4,WPS_WPI,WARSZAWA,0001072403,PROFIT PRAGA SPÓŁKA Z OGRANICZONĄ ODPOWIEDZIALNOŚCIĄ,8971930438,RDL000058,Wpisany,,,
40974,39404,warszawa,03-733,Targowa,36,WPS_WPI,WARSZAWA,0001072403,PROFIT PRAGA SPÓŁKA Z OGRANICZONĄ ODPOWIEDZIALNOŚCIĄ,8971930438,RDL000058,Wpisany,,,
70808,66672,KŁODZKO,57-300,GROTTGERA,5,WPS_WPI,WROCŁAW,0000646336,PROGRAM PLUS SPÓŁKA Z OGRANICZONĄ ODPOWIEDZIALNOŚCIĄ,8992802208,RDL000148,Wpisany,,,
71867,66549,POZNAŃ,61-703,GWARNA,10,WPS_WPI,WROCŁAW,0000629354,PROSSPERO SPÓŁKA Z OGRANICZONĄ ODPOWIEDZIALNOŚCIĄ,2530339262,RDL000165,Wpisany,,,
83884,83865,JAWOR,59-400,STAROJAWORSKA,9,WPS_WPI,SNOWIDZA,0001136875,PRZEDSIĘBIORSTWO WIELOBRANŻOWE SPÓŁKA Z OGRANICZONĄ ODPOWIEDZIALNOŚCIĄ,6951539500,RDL000198,Wpisany,,,
34403,34384,Gorzów Wielkopolski,66-400,ul. Pocztowa,11/3,WPS_WPI,GORZÓW WIELKOPOLSKI,0001072935,PUH SEZAM SPÓŁKA Z OGRANICZONĄ ODPOWIEDZIALNOŚCIĄ,5993281276,RDL000002,Wpisany,,,
42796,36199,Łódź,90-001,Tadeusza Boya-Żeleńskiego,12,WPS_WPI,ŁÓDŹ,0001077734,ROBERT&#39;S SPÓŁKA Z OGRANICZONĄ ODPOWIEDZIALNOŚCIĄ,7292753588,RDL000083,Wpisany,,,
42796,36186,Łódż,93-008,Rzgowska,33 B,WPS_WPI,ŁÓDŹ,0001077734,ROBERT&#39;S SPÓŁKA Z OGRANICZONĄ ODPOWIEDZIALNOŚCIĄ,7292753588,RDL000083,Wpisany,,,
41060,39737,Warszawa,01-125,Górczewska,97 lok U10,WPS_WPI,WARSZAWA,0001070586,SAVA WOLA SPÓŁKA Z OGRANICZONĄ ODPOWIEDZIALNOŚCIĄ,8971930042,RDL000061,Wpisany,,,
35426,34862,Kraków,31-917,os. Hutnicze,1,WPS_WPI,KRAKÓW,0001080806,SK LOMBARD SPÓŁKA Z OGRANICZONĄ ODPOWIEDZIALNOŚCIĄ,9452213934,RDL000013,Wpisany,,,
90295,90189,BYTOM,41-902,DWORCOWA,34/4,WPS_WPI,BYTOM,0000471550,SKAB SPÓŁKA Z OGRANICZONĄ ODPOWIEDZIALNOŚCIĄ,6263012765,RDL000223,Wpisany,Lombardoro,,
90295,90202,BYTOM,41-902,PODGÓRNA,3/14,WPS_WPI,BYTOM,0000471550,SKAB SPÓŁKA Z OGRANICZONĄ ODPOWIEDZIALNOŚCIĄ,6263012765,RDL000223,Wpisany,Lombardoro,,
90295,90254,BYTOM,41-902,POWSTAŃCÓW WARSZAWSKICH,18/17,WPS_WPI,BYTOM,0000471550,SKAB SPÓŁKA Z OGRANICZONĄ ODPOWIEDZIALNOŚCIĄ,6263012765,RDL000223,Wpisany,Lombardoro,,
90295,90228,BYTOM,41-902,PIEKARSKA,27/30,WPS_WPI,BYTOM,0000471550,SKAB SPÓŁKA Z OGRANICZONĄ ODPOWIEDZIALNOŚCIĄ,6263012765,RDL000223,Wpisany,Lombardoro,,
90295,90241,BYTOM,41-923,PLAC SZPITALNY,3,WPS_WPI,BYTOM,0000471550,SKAB SPÓŁKA Z OGRANICZONĄ ODPOWIEDZIALNOŚCIĄ,6263012765,RDL000223,Wpisany,Lombardoro,,
90295,90215,BYTOM,41-902,PIASTÓW BYTOMSKICH,2/18,WPS_WPI,BYTOM,0000471550,SKAB SPÓŁKA Z OGRANICZONĄ ODPOWIEDZIALNOŚCIĄ,6263012765,RDL000223,Wpisany,Lombardoro,,
95180,94912,Brzozów,36-200,Schodowa,2/3,WPS_WPI,BRZOZÓW,0001200114,SKNERUS SPÓŁKA Z OGRANICZONĄ ODPOWIEDZIALNOŚCIĄ,6861702758,RDL000236,Wpisany,,,
37844,36568,GORZÓW WIELKOPOLSKI,66-400,BOLESŁAWA CHROBREGO,34/9,WPS_WPI,GORZÓW WIELKOPOLSKI,0001081781,SŁOŃCE SPÓŁKA Z OGRANICZONĄ ODPOWIEDZIALNOŚCIĄ,5993282494,RDL000030,Wpisany,,,
97750,97531,Jarocin,63-200,Kilińskiego,4,WPS_WPI,KROTOSZYN,0001220431,SMOKTEC SPÓŁKA Z OGRANICZONĄ ODPOWIEDZIALNOŚCIĄ,6211854541,RDL000244,Wpisany,,,
97750,97518,Krotoszyn,63-700,Koźmińska,42,WPS_WPI,KROTOSZYN,0001220431,SMOKTEC SPÓŁKA Z OGRANICZONĄ ODPOWIEDZIALNOŚCIĄ,6211854541,RDL000244,Wpisany,,,
97136,96717,Koszalin,75-446,Wańkowicza,36a,WPS_WPI,KOSZALIN,0001211764,SMVB SPÓŁKA Z OGRANICZONĄ ODPOWIEDZIALNOŚCIĄ,6692589637,RDL000242,Wpisany,,,
64403,64259,Iława,14-200,Jana III Sobieskiego,29,WPS_WPI,IŁAWA,0000657564,SPEED MONEY SPÓŁKA Z OGRANICZONĄ ODPOWIEDZIALNOŚCIĄ,7441815031,RDL000115,Wpisany,,,
33943,33246,KALISZ,62-800,STASZICA,32/4,WPS_WPI,ZDUŃSKA WOLA,0001072968,SPOKO LOMBARD 2 SPÓŁKA Z OGRANICZONĄ ODPOWIEDZIALNOŚCIĄ,8291753598,RDL000001,Wpisany,,,
33943,33233,SIERADZ,98-200,JANA PAWŁA II,33B,WPS_WPI,ZDUŃSKA WOLA,0001072968,SPOKO LOMBARD 2 SPÓŁKA Z OGRANICZONĄ ODPOWIEDZIALNOŚCIĄ,8291753598,RDL000001,Wpisany,,,
33943,33220,ZDUŃSKA WOLA,98-220,SIERADZKA,6,WPS_WPI,ZDUŃSKA WOLA,0001072968,SPOKO LOMBARD 2 SPÓŁKA Z OGRANICZONĄ ODPOWIEDZIALNOŚCIĄ,8291753598,RDL000001,Wpisany,,,
34936,94341,Bełchatów,97-400,KOŚCIUSZKI,12,WPS_WPI,ZDUŃSKA WOLA,0001075204,SPOKO LOMBARD SPÓŁKA Z OGRANICZONĄ ODPOWIEDZIALNOŚCIĄ,8291753658,RDL000008,Wpisany,,,
34936,33911,ŁÓDŹ,93-219,TATRZAŃSKA,21A LOK 6,WPS_WPI,ZDUŃSKA WOLA,0001075204,SPOKO LOMBARD SPÓŁKA Z OGRANICZONĄ ODPOWIEDZIALNOŚCIĄ,8291753658,RDL000008,Wpisany,,,
34936,33924,OZORKÓW,95-035,NOWY RYNEK,5,WPS_WPI,ZDUŃSKA WOLA,0001075204,SPOKO LOMBARD SPÓŁKA Z OGRANICZONĄ ODPOWIEDZIALNOŚCIĄ,8291753658,RDL000008,Wpisany,,,
34936,88905,Pabianice,95-200,Zamkowa,18,WPS_WPI,ZDUŃSKA WOLA,0001075204,SPOKO LOMBARD SPÓŁKA Z OGRANICZONĄ ODPOWIEDZIALNOŚCIĄ,8291753658,RDL000008,Wpisany,,,
37754,37542,Chorzów,41-500,Katowicka,169,WPS_WPI,CHORZÓW,0000589748,SUKURS FINANSE SPÓŁKA Z OGRANICZONĄ ODPOWIEDZIALNOŚCIĄ,6272743830,RDL000027,Wpisany,,,
38964,37995,Łódź,91-212,Wersalska 47/75,112,WPS_WPI,ŁÓDŹ,0000603668,SUPERCASH SPÓŁKA Z OGRANICZONĄ ODPOWIEDZIALNOŚCIĄ,9471986488,RDL000048,Wpisany,,,
81925,77320,Rzeszów,35-005,Artura Grottgera,18,WPS_WPI,RZESZÓW,0001127300,SZELI SPÓŁKA Z OGRANICZONĄ ODPOWIEDZIALNOŚCIĄ,5170451359,RDL000187,Wpisany,,,
82530,66482,Włoszczowa,29-100,Sienkiewicza,4,WPS_WPI,ŻELISŁAWICZKI,0001112318,TADAAAM  SPÓŁKA Z OGRANICZONĄ ODPOWIEDZIALNOŚCIĄ,6090085775,RDL000192,Wpisany,,,
100132,100113,Barlinek,74-320,Niepodległości,43,WPS_WPI,BARLINEK,0001249606,TEL-SYSTEM SPÓŁKA Z OGRANICZONĄ ODPOWIEDZIALNOŚCIĄ,5971766167,RDL000256,Wpisany,,,
71727,64594,Warszawa,00-526,KRUCZA,16/22 lok. 209,WPS_WPI,WARSZAWA,0000960845,THOREX SPÓŁKA Z OGRANICZONĄ ODPOWIEDZIALNOŚCIĄ,5252900378,RDL000160,Wpisany,,,
73159,67377,LUBLIN,20-632,JANA SAWY,1A/1E,WPS_WPI,ZEMBORZYCE PODLEŚNE,0001047016,TILLY SPÓŁKA Z OGRANICZONĄ ODPOWIEDZIALNOŚCIĄ,5214027884,RDL000180,Wpisany,,,
41403,39177,Krasnystaw,22-300,Poniatowskiego,4,WPS_WPI,KRASNYSTAW,0001085200,TOP SPÓŁKA Z OGRANICZONĄ ODPOWIEDZIALNOŚCIĄ,5641801280,RDL000069,Wpisany,,,
41403,76751,Ostrowiec Świętokrzyski,27-400,Okólna,1,WPS_WPI,KRASNYSTAW,0001085200,TOP SPÓŁKA Z OGRANICZONĄ ODPOWIEDZIALNOŚCIĄ,5641801280,RDL000069,Wpisany,,,
41403,39203,Sandomierz,27-600,Koseły,2A,WPS_WPI,KRASNYSTAW,0001085200,TOP SPÓŁKA Z OGRANICZONĄ ODPOWIEDZIALNOŚCIĄ,5641801280,RDL000069,Wpisany,,,
66568,45502,Kraków,30-504,Kalwaryjska,75,WPS_WPI,KRAKÓW,0001075951,TWÓJ LOMBARD-LOMBARTEK SPÓŁKA Z OGRANICZONĄ ODPOWIEDZIALNOŚCIĄ,6793285838,RDL000126,Wpisany,,,
66568,45528,Kraków,30-611,Wysłouchów,1,WPS_WPI,KRAKÓW,0001075951,TWÓJ LOMBARD-LOMBARTEK SPÓŁKA Z OGRANICZONĄ ODPOWIEDZIALNOŚCIĄ,6793285838,RDL000126,Wpisany,,,
66568,45515,Kraków,31-035,Starowiślna,50,WPS_WPI,KRAKÓW,0001075951,TWÓJ LOMBARD-LOMBARTEK SPÓŁKA Z OGRANICZONĄ ODPOWIEDZIALNOŚCIĄ,6793285838,RDL000126,Wpisany,,,
66568,45541,Skawina,32-050,29 listopada,26a,WPS_WPI,KRAKÓW,0001075951,TWÓJ LOMBARD-LOMBARTEK SPÓŁKA Z OGRANICZONĄ ODPOWIEDZIALNOŚCIĄ,6793285838,RDL000126,Wpisany,,,
38696,38349,Pyskowice,44-120,1 Maja,1B,WPS_WPI,PYSKOWICE,0001084899,UJA-CORP SPÓŁKA Z OGRANICZONĄ ODPOWIEDZIALNOŚCIĄ,9691662658,RDL000041,Wpisany,,,
89384,88989,Wągrowiec,62-100,Jeżyka,2d,WPS_WPI,WĄGROWIEC,0001163278,VENTUS SPÓŁKA Z OGRANICZONĄ ODPOWIEDZIALNOŚCIĄ,7662014766,RDL000219,Wpisany,,,
73009,72901,Warszawa,02-715,Puławska,145,WPS_WPI,WARSZAWA,0001116247,WARSZAWSKIE CENTRUM WSPARCIA FINANSOWEGO LOMBARD,5214078628,RDL000179,Wpisany,,,
35238,33608,Kraków,31-346,Stawowa,61,WPS_WPI,KRAKÓW,0001076084,WATCHES SPÓŁKA Z OGRANICZONĄ ODPOWIEDZIALNOŚCIĄ,6783212772,RDL000011,Wpisany,Lombard4u,,
35238,33621,Kraków,31-154,Pawia,"5, poziom -1",WPS_WPI,KRAKÓW,0001076084,WATCHES SPÓŁKA Z OGRANICZONĄ ODPOWIEDZIALNOŚCIĄ,6783212772,RDL000011,Wpisany,Lombard4u,,
35238,33634,Kraków,31-870,Medweckiego,2,WPS_WPI,KRAKÓW,0001076084,WATCHES SPÓŁKA Z OGRANICZONĄ ODPOWIEDZIALNOŚCIĄ,6783212772,RDL000011,Wpisany,Lombard4u,,
35238,33647,Kraków,30-663,Wielicka,259,WPS_WPI,KRAKÓW,0001076084,WATCHES SPÓŁKA Z OGRANICZONĄ ODPOWIEDZIALNOŚCIĄ,6783212772,RDL000011,Wpisany,Lombard4u,,
35238,81766,Kraków,30-644,Henryka Kamieńskiego,11,WPS_WPI,KRAKÓW,0001076084,WATCHES SPÓŁKA Z OGRANICZONĄ ODPOWIEDZIALNOŚCIĄ,6783212772,RDL000011,Wpisany,Lombard4u,,
35238,33673,Kraków,30-418,Zakopiańska,62,WPS_WPI,KRAKÓW,0001076084,WATCHES SPÓŁKA Z OGRANICZONĄ ODPOWIEDZIALNOŚCIĄ,6783212772,RDL000011,Wpisany,Lombard4u,,
35238,33686,Kraków,30-509,Kalwaryjska,7,WPS_WPI,KRAKÓW,0001076084,WATCHES SPÓŁKA Z OGRANICZONĄ ODPOWIEDZIALNOŚCIĄ,6783212772,RDL000011,Wpisany,Lombard4u,,
35238,33699,Kraków,31-154,Pawia,5A,WPS_WPI,KRAKÓW,0001076084,WATCHES SPÓŁKA Z OGRANICZONĄ ODPOWIEDZIALNOŚCIĄ,6783212772,RDL000011,Wpisany,Lombard4u,,
35238,33712,Kraków,31-580,al. Pokoju,67,WPS_WPI,KRAKÓW,0001076084,WATCHES SPÓŁKA Z OGRANICZONĄ ODPOWIEDZIALNOŚCIĄ,6783212772,RDL000011,Wpisany,Lombard4u,,
35238,33660,Kraków,31-201,Bratysławska,4,WPS_WPI,KRAKÓW,0001076084,WATCHES SPÓŁKA Z OGRANICZONĄ ODPOWIEDZIALNOŚCIĄ,6783212772,RDL000011,Wpisany,Lombard4u,,
73187,73101,Bielawa,58-260,Plac Wolności,3,WPS_WPI,BIELAWA,0000664140,WĘGLIŃSKI INVEST SPÓŁKA Z OGRANICZONĄ ODPOWIEDZIALNOŚCIĄ,8822126317,RDL000181,Wpisany,,,
73187,73114,Dzierżoniów,58-200,Klasztorna,14,WPS_WPI,BIELAWA,0000664140,WĘGLIŃSKI INVEST SPÓŁKA Z OGRANICZONĄ ODPOWIEDZIALNOŚCIĄ,8822126317,RDL000181,Wpisany,,,
73187,73127,Świdnica,58-100,Rynek,10,WPS_WPI,BIELAWA,0000664140,WĘGLIŃSKI INVEST SPÓŁKA Z OGRANICZONĄ ODPOWIEDZIALNOŚCIĄ,8822126317,RDL000181,Wpisany,,,
72655,41730,Lubań,59-800,Bracka,15,WPS_WPI,LUBAŃ,0001075139,WGRE KORONA  SPÓŁKA Z OGRANICZONĄ ODPOWIEDZIALNOŚCIĄ,6131592777,RDL000174,Wpisany,,,
95152,95095,Lubań,59-800,Bracka,15,WPS_WPI,LUBAŃ,0001202476,WGRE SPÓŁKA Z OGRANICZONĄ ODPOWIEDZIALNOŚCIĄ,6131597817,RDL000235,Wpisany,,,
42309,41813,TOMASZÓW MAZOWIECKI,97-200,TKACKA,5A,WPS_WPI,TOMASZÓW MAZOWIECKI,0000705368,WJOLA SPÓŁKA Z OGRANICZONĄ ODPOWIEDZIALNOŚCIĄ,7732484171,RDL000074,Wpisany,,,
87632,87365,Gdańsk,80-141,Kartuska,45,WPS_WPI,GDAŃSK,0001141103,WOJKAL LOMBARD SPÓŁKA Z OGRANICZONĄ ODPOWIEDZIALNOŚCIĄ,5833524735,RDL000209,Wpisany,,,
87632,87378,Gdańsk,80-884,Podwale Staromiejskie,105,WPS_WPI,GDAŃSK,0001141103,WOJKAL LOMBARD SPÓŁKA Z OGRANICZONĄ ODPOWIEDZIALNOŚCIĄ,5833524735,RDL000209,Wpisany,,,
87632,87391,Gdynia,81-041,Chylońska,91,WPS_WPI,GDAŃSK,0001141103,WOJKAL LOMBARD SPÓŁKA Z OGRANICZONĄ ODPOWIEDZIALNOŚCIĄ,5833524735,RDL000209,Wpisany,,,
87632,87352,Gdynia,81-362,Dworcowa,9,WPS_WPI,GDAŃSK,0001141103,WOJKAL LOMBARD SPÓŁKA Z OGRANICZONĄ ODPOWIEDZIALNOŚCIĄ,5833524735,RDL000209,Wpisany,,,
60887,58290,Warszawa,02-684,Puławska,246,WPS_WPI,KOBYŁKA,0000912481,X5 SPÓŁKA Z OGRANICZONĄ ODPOWIEDZIALNOŚCIĄ,1251721335,RDL000105,Wpisany,,,
71839,71459,Kowary,58-530,1 Maja,37,WPS_WPI,KARPACZ,0000622974,ZEGAREK.NET SPÓŁKA Z OGRANICZONĄ ODPOWIEDZIALNOŚCIĄ,6112766845,RDL000164,Wpisany,,,
