{"type":"FeatureCollection","features":[{"type":"Feature","properties":{"addr:city":"Zduńska Wola","addr:housenumber":"1","addr:postcode":"98-220","addr:street":"Sieradzka","name":"Lombard Gold Art","opening_hours":"Mo-Fr 09:00-17:00; Sa 09:00-14:00","shop":"pawnbroker","operator":"Finwave sp. z o.o.","operator:ref:rdl_knf":"RDL000014","source:shop":"Rejestr działalności lombardowej KNF","@id":"node/4160799179"},"geometry":{"type":"Point","coordinates":[18.9312876,51.6027811]}}],"cooperativeWork":{"meta":{"version":2,"type":1},"operations":[{"operationType":"modifyElement","data":{"id":"node/4160799179","operations":[{"operation":"setTags","data":{"operator":"Finwave sp. z o.o.","operator:ref:rdl_knf":"RDL000014","source:shop":"Rejestr działalności lombardowej KNF"}}]}}]}}
{"type":"FeatureCollection","features":[{"type":"Feature","properties":{"addr:city":"Chrzanów","addr:housenumber":"5","addr:postcode":"32-500","addr:street":"Ogrodowa","shop":"pawnbroker","operator":"Ideainwest sp. z o.o.","operator:ref:rdl_knf":"RDL000228","source:shop":"Rejestr działalności lombardowej KNF","@id":"node/7438892386"},"geometry":{"type":"Point","coordinates":[19.4042233,50.1426619]}}],"cooperativeWork":{"meta":{"version":2,"type":1},"operations":[{"operationType":"modifyElement","data":{"id":"node/7438892386","operations":[{"operation":"setTags","data":{"operator":"Ideainwest sp. z o.o.","operator:ref:rdl_knf":"RDL000228","source:shop":"Rejestr działalności lombardowej KNF"}}]}}]}}
{"type":"FeatureCollection","features":[{"type":"Feature","properties":{"addr:city":"Chorzów","addr:housenumber":"153","addr:street":"Katowicka","contact:website":"https://www.vinted.pl/member/200764066","opening_hours":"Mo-Su 08:00-21:00","phone":"+48 530 503 516","shop":"pawnbroker","source":"http://ump.waw.pl/ retrieved 02:52:42 12/08/09 (UMP-Katowice/src/CHORZOW.ulice.txt)","operator":"Kk Testo sp. z o.o.","operator:ref:rdl_knf":"RDL000089","addr:postcode":"41-500","source:shop":"Rejestr działalności lombardowej KNF","@id":"node/585230789"},"geometry":{"type":"Point","coordinates":[18.9495765,50.3083672]}}],"cooperativeWork":{"meta":{"version":2,"type":1},"operations":[{"operationType":"modifyElement","data":{"id":"node/585230789","operations":[{"operation":"setTags","data":{"operator":"Kk Testo sp. z o.o.","operator:ref:rdl_knf":"RDL000089","addr:postcode":"41-500","source:shop":"Rejestr działalności lombardowej KNF"}}]}}]}}
{"type":"FeatureCollection","features":[{"type":"Feature","properties":{"addr:city":"Chorzów","addr:housenumber":"29","addr:postcode":"41-500","addr:street":"Hajducka","opening_hours":"Mo-Su 08:00-21:00","payment:cash":"yes","shop":"pawnbroker","operator":"Kk Testo sp. z o.o.","operator:ref:rdl_knf":"RDL000089","source:shop":"Rejestr działalności lombardowej KNF","@id":"node/5738811114"},"geometry":{"type":"Point","coordinates":[18.9473915,50.2889777]}}],"cooperativeWork":{"meta":{"version":2,"type":1},"operations":[{"operationType":"modifyElement","data":{"id":"node/5738811114","operations":[{"operation":"setTags","data":{"operator":"Kk Testo sp. z o.o.","operator:ref:rdl_knf":"RDL000089","source:shop":"Rejestr działalności lombardowej KNF"}}]}}]}}
{"type":"FeatureCollection","features":[{"type":"Feature","properties":{"addr:city":"Chorzów","addr:housenumber":"43","addr:postcode":"41-500","addr:street":"Wandy","email":"Wandy@gmail.com","opening_hours":"Mo-Su 08:00-21:00","phone":"+48 500 340 608","shop":"pawnbroker","website":"https://armiikrajowej97lombard.pl.tl","operator":"Kk Testo sp. z o.o.","operator:ref:rdl_knf":"RDL000089","source:shop":"Rejestr działalności lombardowej KNF","@id":"node/5143423932"},"geometry":{"type":"Point","coordinates":[18.9382873,50.2973957]}}],"cooperativeWork":{"meta":{"version":2,"type":1},"operations":[{"operationType":"modifyElement","data":{"id":"node/5143423932","operations":[{"operation":"setTags","data":{"operator":"Kk Testo sp. z o.o.","operator:ref:rdl_knf":"RDL000089","source:shop":"Rejestr działalności lombardowej KNF"}}]}}]}}
{"type":"FeatureCollection","features":[{"type":"Feature","properties":{"addr:city":"Bartoszyce","addr:city:simc":"964583","addr:housenumber":"69","addr:postcode":"11-200","addr:street":"Bohaterów Warszawy","name":"Loombard","shop":"pawnbroker","operator":"Lombard Gold sp. z o.o.","operator:ref:rdl_knf":"RDL000097","brand":"Loombard","brand:wikidata":"Q113227799","source:shop":"Rejestr działalności lombardowej KNF","@id":"node/8909591249"},"geometry":{"type":"Point","coordinates":[20.8067164,54.2507604]}}],"cooperativeWork":{"meta":{"version":2,"type":1},"operations":[{"operationType":"modifyElement","data":{"id":"node/8909591249","operations":[{"operation":"setTags","data":{"name":"Loombard","operator":"Lombard Gold sp. z o.o.","operator:ref:rdl_knf":"RDL000097","brand":"Loombard","brand:wikidata":"Q113227799","source:shop":"Rejestr działalności lombardowej KNF"}}]}}]}}
{"type":"FeatureCollection","features":[{"type":"Feature","properties":{"addr:city":"Chełm","addr:housenumber":"32","addr:postcode":"22-100","addr:state":"lubelskie","addr:street":"Lwowska","name":"Loombard","shop":"pawnbroker","operator":"Lombard Gold sp. z o.o.","operator:ref:rdl_knf":"RDL000097","brand":"Loombard","brand:wikidata":"Q113227799","source:shop":"Rejestr działalności lombardowej KNF","@id":"node/10219667640"},"geometry":{"type":"Point","coordinates":[23.4685792,51.1256529]}}],"cooperativeWork":{"meta":{"version":2,"type":1},"operations":[{"operationType":"modifyElement","data":{"id":"node/10219667640","operations":[{"operation":"setTags","data":{"name":"Loombard","operator":"Lombard Gold sp. z o.o.","operator:ref:rdl_knf":"RDL000097","brand":"Loombard","brand:wikidata":"Q113227799","source:shop":"Rejestr działalności lombardowej KNF"}}]}}]}}
{"type":"FeatureCollection","features":[{"type":"Feature","properties":{"addr:city":"Kraków","addr:housenumber":"37","addr:postcode":"30-504","addr:street":"Kalwaryjska","brand":"Loombard","brand:wikidata":"Q113227799","check_date":"2025-10-26","name":"Loombard","shop":"pawnbroker","operator":"Lombard Gold sp. z o.o.","operator:ref:rdl_knf":"RDL000097","source:shop":"Rejestr działalności lombardowej KNF","@id":"node/6858145987"},"geometry":{"type":"Point","coordinates":[19.943055,50.0410201]}}],"cooperativeWork":{"meta":{"version":2,"type":1},"operations":[{"operationType":"modifyElement","data":{"id":"node/6858145987","operations":[{"operation":"setTags","data":{"operator":"Lombard Gold sp. z o.o.","operator:ref:rdl_knf":"RDL000097","source:shop":"Rejestr działalności lombardowej KNF"}}]}}]}}
{"type":"FeatureCollection","features":[{"type":"Feature","properties":{"addr:city":"Kraśnik","addr:housenumber":"40","addr:postcode":"23-200","addr:street":"Lubelska","brand":"Loombard","brand:wikidata":"Q113227799","email":"NARUTOWICZA@LOOMBARD.PL","level":"0","name":"Loombard","note":"Dane na temat działalności zaczerpnięte z https://www.loombard.pl/locations/krasnik-lubelska-40-sj-krasnik","opening_hours":"Mo-Sa 08:00-21:00","operator":"Lombard Gold sp. z o.o.","phone":"+48 81 825 40 99","shop":"pawnbroker","website":"https://www.loombard.pl/locations/krasnik-lubelska-40-sj-krasnik","wheelchair":"no","operator:ref:rdl_knf":"RDL000097","source:shop":"Rejestr działalności lombardowej KNF","@id":"node/4018463366"},"geometry":{"type":"Point","coordinates":[22.2258704,50.9224647]}}],"cooperativeWork":{"meta":{"version":2,"type":1},"operations":[{"operationType":"modifyElement","data":{"id":"node/4018463366","operations":[{"operation":"setTags","data":{"operator":"Lombard Gold sp. z o.o.","operator:ref:rdl_knf":"RDL000097","source:shop":"Rejestr działalności lombardowej KNF"}}]}}]}}
{"type":"FeatureCollection","features":[{"type":"Feature","properties":{"addr:city":"Nowa Sól","addr:housenumber":"24","addr:postcode":"67-100","addr:street":"Królowej Jadwigi","brand":"Loombard","brand:wikidata":"Q113227799","name":"Loombard","shop":"pawnbroker","operator":"Lombard Gold sp. z o.o.","operator:ref:rdl_knf":"RDL000097","source:shop":"Rejestr działalności lombardowej KNF","@id":"node/10066681983"},"geometry":{"type":"Point","coordinates":[15.7079772,51.8047755]}}],"cooperativeWork":{"meta":{"version":2,"type":1},"operations":[{"operationType":"modifyElement","data":{"id":"node/10066681983","operations":[{"operation":"setTags","data":{"operator":"Lombard Gold sp. z o.o.","operator:ref:rdl_knf":"RDL000097","source:shop":"Rejestr działalności lombardowej KNF"}}]}}]}}
{"type":"FeatureCollection","features":[{"type":"Feature","properties":{"addr:city":"Świebodzin","addr:housenumber":"6","addr:postcode":"66-200","addr:street":"Głogowska","brand":"Loombard","brand:wikidata":"Q113227799","name":"Loombard","shop":"pawnbroker","operator":"Lombard Gold sp. z o.o.","operator:ref:rdl_knf":"RDL000097","source:shop":"Rejestr działalności lombardowej KNF","@id":"node/5577209919"},"geometry":{"type":"Point","coordinates":[15.5342555,52.2488879]}}],"cooperativeWork":{"meta":{"version":2,"type":1},"operations":[{"operationType":"modifyElement","data":{"id":"node/5577209919","operations":[{"operation":"setTags","data":{"operator":"Lombard Gold sp. z o.o.","operator:ref:rdl_knf":"RDL000097","source:shop":"Rejestr działalności lombardowej KNF"}}]}}]}}
{"type":"FeatureCollection","features":[{"type":"Feature","properties":{"addr:city":"Tomaszów Lubelski","addr:housenumber":"21A","addr:postcode":"22-600","addr:street":"Lwowska","email":"lwowska21@loombard.pl","name":"Loombard","opening_hours":"Mo-Su 8:00-21:00","operator":"Lombard Gold sp. z o.o.","phone":"+48 84 664 19 30","shop":"pawnbroker","source:addr":"EMUiA (emuia.geoportal.gov.pl)","website":"https://www.loombard.pl/location/tomaszow-lubelski-lwowska-21a-sj-tomaszow-lubelski","operator:ref:rdl_knf":"RDL000097","brand":"Loombard","brand:wikidata":"Q113227799","source:shop":"Rejestr działalności lombardowej KNF","@id":"node/2490330620"},"geometry":{"type":"Point","coordinates":[23.4185558,50.4517641]}}],"cooperativeWork":{"meta":{"version":2,"type":1},"operations":[{"operationType":"modifyElement","data":{"id":"node/2490330620","operations":[{"operation":"setTags","data":{"name":"Loombard","operator":"Lombard Gold sp. z o.o.","operator:ref:rdl_knf":"RDL000097","brand":"Loombard","brand:wikidata":"Q113227799","source:shop":"Rejestr działalności lombardowej KNF"}}]}}]}}
{"type":"FeatureCollection","features":[{"type":"Feature","properties":{"addr:city":"Wadowice","addr:housenumber":"2","addr:postcode":"34-100","addr:street":"Lwowska","brand":"Loombard","brand:wikidata":"Q113227799","name":"Loombard","opening_hours":"Mo-Sa 08:00-13:00, 14:00-21:00","phone":"+48 33 874 46 56","shop":"pawnbroker","website":"https://www.loombard.pl/","operator":"Lombard Gold sp. z o.o.","operator:ref:rdl_knf":"RDL000097","source:shop":"Rejestr działalności lombardowej KNF","@id":"node/6467315498"},"geometry":{"type":"Point","coordinates":[19.493461,49.8828066]}}],"cooperativeWork":{"meta":{"version":2,"type":1},"operations":[{"operationType":"modifyElement","data":{"id":"node/6467315498","operations":[{"operation":"setTags","data":{"operator":"Lombard Gold sp. z o.o.","operator:ref:rdl_knf":"RDL000097","source:shop":"Rejestr działalności lombardowej KNF"}}]}}]}}
{"type":"FeatureCollection","features":[{"type":"Feature","properties":{"addr:city":"Kalisz","addr:housenumber":"16","addr:postcode":"62-800","addr:street":"Grodzka","shop":"pawnbroker","operator":"Lombard Grosz sp. z o.o.","operator:ref:rdl_knf":"RDL000005","source:shop":"Rejestr działalności lombardowej KNF","@id":"node/12379451542"},"geometry":{"type":"Point","coordinates":[18.0892964,51.7636919]}}],"cooperativeWork":{"meta":{"version":2,"type":1},"operations":[{"operationType":"modifyElement","data":{"id":"node/12379451542","operations":[{"operation":"setTags","data":{"operator":"Lombard Grosz sp. z o.o.","operator:ref:rdl_knf":"RDL000005","source:shop":"Rejestr działalności lombardowej KNF"}}]}}]}}
{"type":"FeatureCollection","features":[{"type":"Feature","properties":{"addr:city":"Gdańsk","addr:housenumber":"24","addr:postcode":"80-376","addr:street":"Czerwony Dwór","email":"CZERWONYDWOR@LOOMBARD.PL","name":"Loombard","phone":"+48 58 667 06 97","shop":"pawnbroker","website":"https://www.loombard.pl/locations/gdansk-czerwony-dwor-24-gdansk","operator":"Lombard Medium  sp. z o.o.","operator:ref:rdl_knf":"RDL000104","brand":"Loombard","brand:wikidata":"Q113227799","source:shop":"Rejestr działalności lombardowej KNF","@id":"node/8640914180"},"geometry":{"type":"Point","coordinates":[18.5870835,54.4124358]}}],"cooperativeWork":{"meta":{"version":2,"type":1},"operations":[{"operationType":"modifyElement","data":{"id":"node/8640914180","operations":[{"operation":"setTags","data":{"operator":"Lombard Medium  sp. z o.o.","operator:ref:rdl_knf":"RDL000104","brand":"Loombard","brand:wikidata":"Q113227799","source:shop":"Rejestr działalności lombardowej KNF"}}]}}]}}
{"type":"FeatureCollection","features":[{"type":"Feature","properties":{"addr:city":"Kalisz","addr:housenumber":"37","addr:postcode":"62-800","addr:street":"Śródmiejska","brand":"Loombard","brand:wikidata":"Q113227799","name":"Loombard","shop":"pawnbroker","operator":"Lombard Medium  sp. z o.o.","operator:ref:rdl_knf":"RDL000104","source:shop":"Rejestr działalności lombardowej KNF","@id":"node/12369788113"},"geometry":{"type":"Point","coordinates":[18.0846371,51.7591767]}}],"cooperativeWork":{"meta":{"version":2,"type":1},"operations":[{"operationType":"modifyElement","data":{"id":"node/12369788113","operations":[{"operation":"setTags","data":{"operator":"Lombard Medium  sp. z o.o.","operator:ref:rdl_knf":"RDL000104","source:shop":"Rejestr działalności lombardowej KNF"}}]}}]}}
{"type":"FeatureCollection","features":[{"type":"Feature","properties":{"addr:city":"Kalisz","addr:housenumber":"13","addr:postcode":"62-800","addr:street":"Zamkowa","brand":"Loombard","brand:wikidata":"Q113227799","name":"Loombard","shop":"pawnbroker","operator":"Lombard Medium  sp. z o.o.","operator:ref:rdl_knf":"RDL000104","source:shop":"Rejestr działalności lombardowej KNF","@id":"node/12377175757"},"geometry":{"type":"Point","coordinates":[18.0915616,51.7636938]}}],"cooperativeWork":{"meta":{"version":2,"type":1},"operations":[{"operationType":"modifyElement","data":{"id":"node/12377175757","operations":[{"operation":"setTags","data":{"operator":"Lombard Medium  sp. z o.o.","operator:ref:rdl_knf":"RDL000104","source:shop":"Rejestr działalności lombardowej KNF"}}]}}]}}
{"type":"FeatureCollection","features":[{"type":"Feature","properties":{"addr:city":"Kalisz","addr:housenumber":"37a","addr:postcode":"62-800","addr:street":"Górnośląska","email":"gornoslaska@loombard.pl","name":"Loombard","opening_hours":"Mo-Sa 09:15-21:45; Su 10:00-18:00","phone":"+48 62 753 50 06","shop":"pawnbroker","website":"https://www.loombard.pl","operator":"Lombard Medium  sp. z o.o.","operator:ref:rdl_knf":"RDL000104","brand":"Loombard","brand:wikidata":"Q113227799","source:shop":"Rejestr działalności lombardowej KNF","@id":"node/12691840740"},"geometry":{"type":"Point","coordinates":[18.0771466,51.7522385]}}],"cooperativeWork":{"meta":{"version":2,"type":1},"operations":[{"operationType":"modifyElement","data":{"id":"node/12691840740","operations":[{"operation":"setTags","data":{"operator":"Lombard Medium  sp. z o.o.","operator:ref:rdl_knf":"RDL000104","brand":"Loombard","brand:wikidata":"Q113227799","source:shop":"Rejestr działalności lombardowej KNF"}}]}}]}}
{"type":"FeatureCollection","features":[{"type":"Feature","properties":{"addr:city":"Konin","addr:housenumber":"27","addr:postcode":"62-510","addr:street":"11 Listopada","brand":"Loombard","brand:wikidata":"Q113227799","name":"Loombard","opening_hours":"Mo-Su 08:00-21:00; PH off","shop":"pawnbroker","operator":"Lombard Medium  sp. z o.o.","operator:ref:rdl_knf":"RDL000104","source:shop":"Rejestr działalności lombardowej KNF","@id":"node/5060406017"},"geometry":{"type":"Point","coordinates":[18.2749956,52.2308925]}}],"cooperativeWork":{"meta":{"version":2,"type":1},"operations":[{"operationType":"modifyElement","data":{"id":"node/5060406017","operations":[{"operation":"setTags","data":{"operator":"Lombard Medium  sp. z o.o.","operator:ref:rdl_knf":"RDL000104","source:shop":"Rejestr działalności lombardowej KNF"}}]}}]}}
{"type":"FeatureCollection","features":[{"type":"Feature","properties":{"addr:city":"Konin","addr:housenumber":"10","addr:postcode":"62-500","addr:street":"Plac Wolności","brand":"Loombard","brand:wikidata":"Q113227799","email":"wolnosci10@loombard.pl","name":"Loombard","opening_hours":"Mo-Sa 08:15-20:45; Su 10:00-18:00","phone":"+48 574 480 297","shop":"pawnbroker","operator":"Lombard Medium  sp. z o.o.","operator:ref:rdl_knf":"RDL000104","source:shop":"Rejestr działalności lombardowej KNF","@id":"node/13648099056"},"geometry":{"type":"Point","coordinates":[18.25442,52.2118026]}}],"cooperativeWork":{"meta":{"version":2,"type":1},"operations":[{"operationType":"modifyElement","data":{"id":"node/13648099056","operations":[{"operation":"setTags","data":{"operator":"Lombard Medium  sp. z o.o.","operator:ref:rdl_knf":"RDL000104","source:shop":"Rejestr działalności lombardowej KNF"}}]}}]}}
{"type":"FeatureCollection","features":[{"type":"Feature","properties":{"addr:city":"Kraków","addr:housenumber":"7","addr:street":"Wrocławska","name":"Loombard","opening_hours":"Mo-Fr 08:00-21:00; Sa 08:00-21:00","payment:cash":"yes","payment:credit_cards":"yes","payment:debit_cards":"yes","payment:visa":"yes","phone":"+48 12 623 78 78","shop":"pawnbroker","wheelchair":"no","operator":"Lombard Medium  sp. z o.o.","operator:ref:rdl_knf":"RDL000104","addr:postcode":"30-006","brand":"Loombard","brand:wikidata":"Q113227799","add:flat":"1","source:shop":"Rejestr działalności lombardowej KNF","@id":"node/5059128079"},"geometry":{"type":"Point","coordinates":[19.9315642,50.0755868]}}],"cooperativeWork":{"meta":{"version":2,"type":1},"operations":[{"operationType":"modifyElement","data":{"id":"node/5059128079","operations":[{"operation":"setTags","data":{"name":"Loombard","operator":"Lombard Medium  sp. z o.o.","operator:ref:rdl_knf":"RDL000104","addr:postcode":"30-006","brand":"Loombard","brand:wikidata":"Q113227799","add:flat":"1","source:shop":"Rejestr działalności lombardowej KNF"}}]}}]}}
{"type":"FeatureCollection","features":[{"type":"Feature","properties":{"addr:city":"Pleszew","addr:housenumber":"9","addr:postcode":"63-300","addr:street":"Kaliska","email":"kaliska9@looombard.pl","name":"Loombard","opening_hours":"Mo-Su 08:00-21:00","phone":"48627206940","shop":"pawnbroker","website":"https://www.loombard.pl/","operator":"Lombard Medium  sp. z o.o.","operator:ref:rdl_knf":"RDL000104","brand":"Loombard","brand:wikidata":"Q113227799","source:shop":"Rejestr działalności lombardowej KNF","@id":"node/2923447645"},"geometry":{"type":"Point","coordinates":[17.7888529,51.8954791]}}],"cooperativeWork":{"meta":{"version":2,"type":1},"operations":[{"operationType":"modifyElement","data":{"id":"node/2923447645","operations":[{"operation":"setTags","data":{"operator":"Lombard Medium  sp. z o.o.","operator:ref:rdl_knf":"RDL000104","brand":"Loombard","brand:wikidata":"Q113227799","source:shop":"Rejestr działalności lombardowej KNF"}}]}}]}}
{"type":"FeatureCollection","features":[{"type":"Feature","properties":{"addr:city":"Starachowice","addr:housenumber":"2","addr:postcode":"27-200","addr:street":"Sportowa","brand":"Loombard","brand:wikidata":"Q113227799","email":"hutnicza1@loombard.pl","name":"Loombard","opening_hours":"Mo-Sa 08:00-21:00","phone":"+48 41 266 51 90","shop":"pawnbroker","website":"https://www.loombard.pl/locations/starachowice-hutnicza-1-starachowice-IU3","operator":"Lombard Medium  sp. z o.o.","operator:ref:rdl_knf":"RDL000104","source:shop":"Rejestr działalności lombardowej KNF","@id":"node/13630244165"},"geometry":{"type":"Point","coordinates":[21.0612623,51.0508557]}}],"cooperativeWork":{"meta":{"version":2,"type":1},"operations":[{"operationType":"modifyElement","data":{"id":"node/13630244165","operations":[{"operation":"setTags","data":{"operator":"Lombard Medium  sp. z o.o.","operator:ref:rdl_knf":"RDL000104","source:shop":"Rejestr działalności lombardowej KNF"}}]}}]}}
{"type":"FeatureCollection","features":[{"type":"Feature","properties":{"addr:city":"Warszawa","addr:housenumber":"50","addr:street":"Chełmska","brand":"Loombard","brand:wikidata":"Q113227799","check_date":"2026-05-17","name":"Loombard","opening_hours":"Mo-Sa 08:15-13:30,14:00-20:45; Su 10:00-18:00","shop":"pawnbroker","wheelchair":"yes","operator":"Lombard Medium  sp. z o.o.","operator:ref:rdl_knf":"RDL000104","addr:postcode":"00-725","add:flat":"78","source:shop":"Rejestr działalności lombardowej KNF","@id":"node/1254347441"},"geometry":{"type":"Point","coordinates":[21.0365482,52.2020706]}}],"cooperativeWork":{"meta":{"version":2,"type":1},"operations":[{"operationType":"modifyElement","data":{"id":"node/1254347441","operations":[{"operation":"setTags","data":{"operator":"Lombard Medium  sp. z o.o.","operator:ref:rdl_knf":"RDL000104","addr:postcode":"00-725","add:flat":"78","source:shop":"Rejestr działalności lombardowej KNF"}}]}}]}}
{"type":"FeatureCollection","features":[{"type":"Feature","properties":{"addr:city":"Warszawa","addr:housenumber":"65","addr:street":"Marymoncka","brand":"Loombard","brand:wikidata":"Q113227799","name":"Loombard","shop":"pawnbroker","website":"https://www.loombard.pl/lombard/warszawa/marymoncka-65-warszawa/","operator":"Lombard Medium  sp. z o.o.","operator:ref:rdl_knf":"RDL000104","addr:postcode":"01-802","source:shop":"Rejestr działalności lombardowej KNF","@id":"node/3454305021"},"geometry":{"type":"Point","coordinates":[20.957085,52.2820336]}}],"cooperativeWork":{"meta":{"version":2,"type":1},"operations":[{"operationType":"modifyElement","data":{"id":"node/3454305021","operations":[{"operation":"setTags","data":{"operator":"Lombard Medium  sp. z o.o.","operator:ref:rdl_knf":"RDL000104","addr:postcode":"01-802","source:shop":"Rejestr działalności lombardowej KNF"}}]}}]}}
{"type":"FeatureCollection","features":[{"type":"Feature","properties":{"addr:city":"Żagań","addr:housenumber":"4","addr:postcode":"68-100","addr:street":"Rynek","name":"Loombard","shop":"pawnbroker","operator":"Lombard Medium  sp. z o.o.","operator:ref:rdl_knf":"RDL000104","brand":"Loombard","brand:wikidata":"Q113227799","source:shop":"Rejestr działalności lombardowej KNF","@id":"node/6468701150"},"geometry":{"type":"Point","coordinates":[15.3197548,51.6146424]}}],"cooperativeWork":{"meta":{"version":2,"type":1},"operations":[{"operationType":"modifyElement","data":{"id":"node/6468701150","operations":[{"operation":"setTags","data":{"operator":"Lombard Medium  sp. z o.o.","operator:ref:rdl_knf":"RDL000104","brand":"Loombard","brand:wikidata":"Q113227799","source:shop":"Rejestr działalności lombardowej KNF"}}]}}]}}
{"type":"FeatureCollection","features":[{"type":"Feature","properties":{"addr:city":"Chojnów","addr:housenumber":"11","addr:postcode":"59-225","addr:street":"Legnicka","name":"Loombard","shop":"pawnbroker","website":"https://www.facebook.com/LoombardChojnowLegnicka/","operator":"Lombard Platinum sp. z o.o.","operator:ref:rdl_knf":"RDL000110","brand":"Loombard","brand:wikidata":"Q113227799","source:shop":"Rejestr działalności lombardowej KNF","@id":"node/11243135263"},"geometry":{"type":"Point","coordinates":[15.936055,51.2730433]}}],"cooperativeWork":{"meta":{"version":2,"type":1},"operations":[{"operationType":"modifyElement","data":{"id":"node/11243135263","operations":[{"operation":"setTags","data":{"operator":"Lombard Platinum sp. z o.o.","operator:ref:rdl_knf":"RDL000110","brand":"Loombard","brand:wikidata":"Q113227799","source:shop":"Rejestr działalności lombardowej KNF"}}]}}]}}
{"type":"FeatureCollection","features":[{"type":"Feature","properties":{"addr:city":"Legnica","addr:housenumber":"38","addr:postcode":"59-220","addr:street":"Senatorska","branch":"PL","brand":"Loombard","brand:wikidata":"Q113227799","name":"Loombard","shop":"pawnbroker","operator":"Lombard Platinum sp. z o.o.","operator:ref:rdl_knf":"RDL000110","source:shop":"Rejestr działalności lombardowej KNF","@id":"node/9904222445"},"geometry":{"type":"Point","coordinates":[16.150686,51.2094355]}}],"cooperativeWork":{"meta":{"version":2,"type":1},"operations":[{"operationType":"modifyElement","data":{"id":"node/9904222445","operations":[{"operation":"setTags","data":{"operator":"Lombard Platinum sp. z o.o.","operator:ref:rdl_knf":"RDL000110","source:shop":"Rejestr działalności lombardowej KNF"}}]}}]}}
{"type":"FeatureCollection","features":[{"type":"Feature","properties":{"addr:city":"Legnica","addr:housenumber":"1","addr:postcode":"59-220","addr:street":"Bolesława Prusa","name":"Loombard","opening_hours":"Mo-Sa 08:30 - 21:30; Su 10:00 - 18:00","operator":"Lombard Platinum sp. z o.o.","payment:cash":"yes","payment:credit_cards":"yes","shop":"pawnbroker","operator:ref:rdl_knf":"RDL000110","brand":"Loombard","brand:wikidata":"Q113227799","source:shop":"Rejestr działalności lombardowej KNF","@id":"node/10601780225"},"geometry":{"type":"Point","coordinates":[16.1610862,51.214191]}}],"cooperativeWork":{"meta":{"version":2,"type":1},"operations":[{"operationType":"modifyElement","data":{"id":"node/10601780225","operations":[{"operation":"setTags","data":{"name":"Loombard","operator":"Lombard Platinum sp. z o.o.","operator:ref:rdl_knf":"RDL000110","brand":"Loombard","brand:wikidata":"Q113227799","source:shop":"Rejestr działalności lombardowej KNF"}}]}}]}}
{"type":"FeatureCollection","features":[{"type":"Feature","properties":{"addr:city":"Warszawa","addr:housenumber":"11","addr:street":"Trocka","brand":"Loombard","brand:wikidata":"Q113227799","check_date":"2025-04-14","name":"Loombard","opening_hours":"Mo-Su 08:00-21:00","shop":"pawnbroker","source:addr":"mapa.um.warszawa.pl","operator":"Lombard Platinum sp. z o.o.","operator:ref:rdl_knf":"RDL000110","addr:postcode":"03-563","source:shop":"Rejestr działalności lombardowej KNF","@id":"node/2025162358"},"geometry":{"type":"Point","coordinates":[21.0559236,52.2750584]}}],"cooperativeWork":{"meta":{"version":2,"type":1},"operations":[{"operationType":"modifyElement","data":{"id":"node/2025162358","operations":[{"operation":"setTags","data":{"operator":"Lombard Platinum sp. z o.o.","operator:ref:rdl_knf":"RDL000110","addr:postcode":"03-563","source:shop":"Rejestr działalności lombardowej KNF"}}]}}]}}
{"type":"FeatureCollection","features":[{"type":"Feature","properties":{"addr:city":"Gubin","addr:housenumber":"3","addr:postcode":"66-620","addr:street":"Obrońców Pokoju","brand":"Loombard","brand:wikidata":"Q113227799","name":"Loombard","shop":"pawnbroker","operator":"Lombard Silver  sp. z o.o.","operator:ref:rdl_knf":"RDL000109","source:shop":"Rejestr działalności lombardowej KNF","@id":"node/10050614812"},"geometry":{"type":"Point","coordinates":[14.7276167,51.949591]}}],"cooperativeWork":{"meta":{"version":2,"type":1},"operations":[{"operationType":"modifyElement","data":{"id":"node/10050614812","operations":[{"operation":"setTags","data":{"operator":"Lombard Silver  sp. z o.o.","operator:ref:rdl_knf":"RDL000109","source:shop":"Rejestr działalności lombardowej KNF"}}]}}]}}
{"type":"FeatureCollection","features":[{"type":"Feature","properties":{"addr:city":"Kostrzyn nad Odrą","addr:housenumber":"1","addr:postcode":"66-470","addr:street":"Gorzowska","brand":"Loombard","brand:wikidata":"Q113227799","name":"Loombard","shop":"pawnbroker","operator":"Lombard Silver  sp. z o.o.","operator:ref:rdl_knf":"RDL000109","source:shop":"Rejestr działalności lombardowej KNF","@id":"node/10064271075"},"geometry":{"type":"Point","coordinates":[14.6539168,52.5875027]}}],"cooperativeWork":{"meta":{"version":2,"type":1},"operations":[{"operationType":"modifyElement","data":{"id":"node/10064271075","operations":[{"operation":"setTags","data":{"operator":"Lombard Silver  sp. z o.o.","operator:ref:rdl_knf":"RDL000109","source:shop":"Rejestr działalności lombardowej KNF"}}]}}]}}
{"type":"FeatureCollection","features":[{"type":"Feature","properties":{"addr:city":"Leszno","addr:housenumber":"2","addr:postcode":"64-100","addr:street":"Dworcowa","check_date":"2023-06-03","name":"Loombard","phone":"+48 797 606 929","shop":"pawnbroker","operator":"Lombard Silver  sp. z o.o.","operator:ref:rdl_knf":"RDL000109","brand":"Loombard","brand:wikidata":"Q113227799","source:shop":"Rejestr działalności lombardowej KNF","@id":"node/4616408573"},"geometry":{"type":"Point","coordinates":[16.5655622,51.844455]}}],"cooperativeWork":{"meta":{"version":2,"type":1},"operations":[{"operationType":"modifyElement","data":{"id":"node/4616408573","operations":[{"operation":"setTags","data":{"operator":"Lombard Silver  sp. z o.o.","operator:ref:rdl_knf":"RDL000109","brand":"Loombard","brand:wikidata":"Q113227799","source:shop":"Rejestr działalności lombardowej KNF"}}]}}]}}
{"type":"FeatureCollection","features":[{"type":"Feature","properties":{"addr:city":"Poznań","addr:housenumber":"13","addr:postcode":"61-885","addr:street":"Półwiejska","level":"0","name":"Loombard","opening_hours":"Mo-Sa 08:00-20:00; Su 09:00-18:00","operator":"Lombard Silver  sp. z o.o.","phone":"48798915915","shop":"pawnbroker","website":"https://www.loombard.pl/locations/poznan-polwiejska-13-poznan-ska-x-Peq","operator:ref:rdl_knf":"RDL000109","brand":"Loombard","brand:wikidata":"Q113227799","source:shop":"Rejestr działalności lombardowej KNF","@id":"node/6933322623"},"geometry":{"type":"Point","coordinates":[16.9305292,52.403776]}}],"cooperativeWork":{"meta":{"version":2,"type":1},"operations":[{"operationType":"modifyElement","data":{"id":"node/6933322623","operations":[{"operation":"setTags","data":{"operator":"Lombard Silver  sp. z o.o.","operator:ref:rdl_knf":"RDL000109","brand":"Loombard","brand:wikidata":"Q113227799","source:shop":"Rejestr działalności lombardowej KNF"}}]}}]}}
{"type":"FeatureCollection","features":[{"type":"Feature","properties":{"addr:city":"Słubice","addr:housenumber":"167","addr:postcode":"69-100","addr:street":"Wojska Polskiego","brand":"Loombard","brand:wikidata":"Q113227799","name":"Loombard","phone":"+48 957579217","shop":"pawnbroker","operator":"Lombard Silver  sp. z o.o.","operator:ref:rdl_knf":"RDL000109","source:shop":"Rejestr działalności lombardowej KNF","@id":"node/6565805139"},"geometry":{"type":"Point","coordinates":[14.5611957,52.3536035]}}],"cooperativeWork":{"meta":{"version":2,"type":1},"operations":[{"operationType":"modifyElement","data":{"id":"node/6565805139","operations":[{"operation":"setTags","data":{"operator":"Lombard Silver  sp. z o.o.","operator:ref:rdl_knf":"RDL000109","source:shop":"Rejestr działalności lombardowej KNF"}}]}}]}}
{"type":"FeatureCollection","features":[{"type":"Feature","properties":{"addr:city":"Świnoujście","addr:housenumber":"79","addr:postcode":"72-600","addr:street":"Bohaterów Września","brand":"Loombard","brand:wikidata":"Q113227799","check_date:opening_hours":"2026-04-20","name":"Loombard","opening_hours":"Mo-Sa 08:00-21:00; Su 09:00-17:00","shop":"pawnbroker","wheelchair":"yes","operator":"Lombard Silver  sp. z o.o.","operator:ref:rdl_knf":"RDL000109","source:shop":"Rejestr działalności lombardowej KNF","@id":"node/6943826267"},"geometry":{"type":"Point","coordinates":[14.2506626,53.9092843]}}],"cooperativeWork":{"meta":{"version":2,"type":1},"operations":[{"operationType":"modifyElement","data":{"id":"node/6943826267","operations":[{"operation":"setTags","data":{"operator":"Lombard Silver  sp. z o.o.","operator:ref:rdl_knf":"RDL000109","source:shop":"Rejestr działalności lombardowej KNF"}}]}}]}}
{"type":"FeatureCollection","features":[{"type":"Feature","properties":{"addr:city":"Warszawa","addr:housenumber":"117","addr:postcode":"00-382","addr:street":"Solec","brand":"Loombard","brand:wikidata":"Q113227799","check_date":"2026-09-18","name":"Loombard","opening_hours":"Mo-Sa 08:15-13:30,14:00-20:45; Su 10:00-18:00 \"tylko niedziele handlowe\"","shop":"pawnbroker","wheelchair":"limited","operator":"Lombard Silver  sp. z o.o.","operator:ref:rdl_knf":"RDL000109","source:shop":"Rejestr działalności lombardowej KNF","@id":"node/10061398954"},"geometry":{"type":"Point","coordinates":[21.0275211,52.2374422]}}],"cooperativeWork":{"meta":{"version":2,"type":1},"operations":[{"operationType":"modifyElement","data":{"id":"node/10061398954","operations":[{"operation":"setTags","data":{"operator":"Lombard Silver  sp. z o.o.","operator:ref:rdl_knf":"RDL000109","source:shop":"Rejestr działalności lombardowej KNF"}}]}}]}}
{"type":"FeatureCollection","features":[{"type":"Feature","properties":{"addr:city":"Warszawa","addr:housenumber":"89","addr:street":"Wolska","brand":"Loombard","brand:wikidata":"Q113227799","check_date":"2024-08-16","name":"Loombard","opening_hours":"Mo-Sa 08:00-21:00; Su 09:00-18:00","shop":"pawnbroker","wheelchair":"no","operator":"Lombard Silver  sp. z o.o.","operator:ref:rdl_knf":"RDL000109","addr:postcode":"01-229","source:shop":"Rejestr działalności lombardowej KNF","@id":"node/12115573087"},"geometry":{"type":"Point","coordinates":[20.9602937,52.2320825]}}],"cooperativeWork":{"meta":{"version":2,"type":1},"operations":[{"operationType":"modifyElement","data":{"id":"node/12115573087","operations":[{"operation":"setTags","data":{"operator":"Lombard Silver  sp. z o.o.","operator:ref:rdl_knf":"RDL000109","addr:postcode":"01-229","source:shop":"Rejestr działalności lombardowej KNF"}}]}}]}}
{"type":"FeatureCollection","features":[{"type":"Feature","properties":{"addr:city":"Warszawa","addr:housenumber":"60","addr:street":"Marszałkowska","brand":"Loombard","brand:wikidata":"Q113227799","check_date":"2026-02-27","name":"Loombard","opening_hours":"Mo-Sa 08:00-21:00; Su 09:00-18:00","payment:contactless":"yes","payment:maestro":"yes","payment:mastercard":"yes","payment:v_pay":"yes","payment:visa":"yes","payment:visa_electron":"yes","shop":"pawnbroker","wheelchair":"limited","operator":"Lombard Silver  sp. z o.o.","operator:ref:rdl_knf":"RDL000109","addr:postcode":"00-545","source:shop":"Rejestr działalności lombardowej KNF","@id":"node/3985025975"},"geometry":{"type":"Point","coordinates":[21.0156876,52.2240271]}}],"cooperativeWork":{"meta":{"version":2,"type":1},"operations":[{"operationType":"modifyElement","data":{"id":"node/3985025975","operations":[{"operation":"setTags","data":{"operator":"Lombard Silver  sp. z o.o.","operator:ref:rdl_knf":"RDL000109","addr:postcode":"00-545","source:shop":"Rejestr działalności lombardowej KNF"}}]}}]}}
{"type":"FeatureCollection","features":[{"type":"Feature","properties":{"addr:city":"Warszawa","addr:housenumber":"21","addr:postcode":"01-139","addr:street":"Górczewska","brand":"Loombard","brand:wikidata":"Q113227799","check_date":"2024-12-25","name":"Loombard","opening_hours":"Mo-Sa 08:00-21:00; Su 09:00-18:00","shop":"pawnbroker","wheelchair":"limited","operator":"Lombard Silver  sp. z o.o.","operator:ref:rdl_knf":"RDL000109","source:shop":"Rejestr działalności lombardowej KNF","@id":"node/4549148265"},"geometry":{"type":"Point","coordinates":[20.9646174,52.237011]}}],"cooperativeWork":{"meta":{"version":2,"type":1},"operations":[{"operationType":"modifyElement","data":{"id":"node/4549148265","operations":[{"operation":"setTags","data":{"operator":"Lombard Silver  sp. z o.o.","operator:ref:rdl_knf":"RDL000109","source:shop":"Rejestr działalności lombardowej KNF"}}]}}]}}
{"type":"FeatureCollection","features":[{"type":"Feature","properties":{"addr:city":"Wejherowo","addr:housenumber":"4","addr:postcode":"84-200","addr:street":"Pucka","name":"Loombard","shop":"pawnbroker","operator":"Lombard Silver  sp. z o.o.","operator:ref:rdl_knf":"RDL000109","brand":"Loombard","brand:wikidata":"Q113227799","source:shop":"Rejestr działalności lombardowej KNF","@id":"node/5502204579"},"geometry":{"type":"Point","coordinates":[18.2408032,54.6025378]}}],"cooperativeWork":{"meta":{"version":2,"type":1},"operations":[{"operationType":"modifyElement","data":{"id":"node/5502204579","operations":[{"operation":"setTags","data":{"name":"Loombard","operator":"Lombard Silver  sp. z o.o.","operator:ref:rdl_knf":"RDL000109","brand":"Loombard","brand:wikidata":"Q113227799","source:shop":"Rejestr działalności lombardowej KNF"}}]}}]}}
{"type":"FeatureCollection","features":[{"type":"Feature","properties":{"addr:city":"Września","addr:city:simc":"971637","addr:housenumber":"25","addr:postcode":"62-300","addr:street":"Rynek","branch":"Września","brand":"Loombard","brand:wikidata":"Q113227799","email":"wrzesnia@loombard.pl","facebook":"https://www.facebook.com/wrzesnia.loombard","name":"Loombard","opening_hours":"Mo-Sa 08:00-21:00; Su 10:00-18:00","phone":"48797000089","shop":"pawnbroker","website":"https://www.loombard.pl/","operator":"Lombard Silver  sp. z o.o.","operator:ref:rdl_knf":"RDL000109","source:shop":"Rejestr działalności lombardowej KNF","@id":"node/12384097575"},"geometry":{"type":"Point","coordinates":[17.5660246,52.3249659]}}],"cooperativeWork":{"meta":{"version":2,"type":1},"operations":[{"operationType":"modifyElement","data":{"id":"node/12384097575","operations":[{"operation":"setTags","data":{"operator":"Lombard Silver  sp. z o.o.","operator:ref:rdl_knf":"RDL000109","source:shop":"Rejestr działalności lombardowej KNF"}}]}}]}}
{"type":"FeatureCollection","features":[{"type":"Feature","properties":{"addr:city":"Góra","addr:housenumber":"12","addr:postcode":"56-200","addr:street":"Starogórska","name":"Słowik","shop":"pawnbroker","operator":"Lombard Słowik sp. z o.o.","operator:ref:rdl_knf":"RDL000019","source:shop":"Rejestr działalności lombardowej KNF","@id":"node/4209582548"},"geometry":{"type":"Point","coordinates":[16.5352825,51.6675263]}}],"cooperativeWork":{"meta":{"version":2,"type":1},"operations":[{"operationType":"modifyElement","data":{"id":"node/4209582548","operations":[{"operation":"setTags","data":{"operator":"Lombard Słowik sp. z o.o.","operator:ref:rdl_knf":"RDL000019","source:shop":"Rejestr działalności lombardowej KNF"}}]}}]}}
{"type":"FeatureCollection","features":[{"type":"Feature","properties":{"addr:city":"Bolesławiec","addr:housenumber":"44","addr:postcode":"59-700","addr:street":"Zgorzelecka","name":"Loombard","shop":"pawnbroker","wheelchair":"yes","operator":"Lombard System  sp. z o.o.","operator:ref:rdl_knf":"RDL000100","brand":"Loombard","brand:wikidata":"Q113227799","source:shop":"Rejestr działalności lombardowej KNF","@id":"node/5874440141"},"geometry":{"type":"Point","coordinates":[15.5601556,51.264211]}}],"cooperativeWork":{"meta":{"version":2,"type":1},"operations":[{"operationType":"modifyElement","data":{"id":"node/5874440141","operations":[{"operation":"setTags","data":{"name":"Loombard","operator":"Lombard System  sp. z o.o.","operator:ref:rdl_knf":"RDL000100","brand":"Loombard","brand:wikidata":"Q113227799","source:shop":"Rejestr działalności lombardowej KNF"}}]}}]}}
{"type":"FeatureCollection","features":[{"type":"Feature","properties":{"addr:city":"Chorzów","addr:housenumber":"23","addr:postcode":"41-500","addr:street":"3 Maja","email":"3maja23@lombardi.pl","name":"Loombard","opening_hours":"Mo-Su 09:00-22:00","phone":"+48 32 247 18 53","shop":"pawnbroker","website":"https://lombardi.pl/","operator":"Lombard System  sp. z o.o.","operator:ref:rdl_knf":"RDL000100","brand":"Loombard","brand:wikidata":"Q113227799","add:flat":"2","source:shop":"Rejestr działalności lombardowej KNF","@id":"node/5667578313"},"geometry":{"type":"Point","coordinates":[18.947318,50.3031754]}}],"cooperativeWork":{"meta":{"version":2,"type":1},"operations":[{"operationType":"modifyElement","data":{"id":"node/5667578313","operations":[{"operation":"setTags","data":{"name":"Loombard","operator":"Lombard System  sp. z o.o.","operator:ref:rdl_knf":"RDL000100","brand":"Loombard","brand:wikidata":"Q113227799","add:flat":"2","source:shop":"Rejestr działalności lombardowej KNF"}}]}}]}}
{"type":"FeatureCollection","features":[{"type":"Feature","properties":{"addr:city":"Gdańsk","addr:housenumber":"2A","addr:postcode":"80-398","addr:street":"Obrońców Wybrzeża","email":"GDANSKPRZYMORZE@LOOMBARD.PL","name":"Loombard","phone":"+48 532 400 201","shop":"pawnbroker","website":"https://www.loombard.pl/locations/gdansk-obroncow-wybrzeza-2a-gdansk-bjk","operator":"Lombard System  sp. z o.o.","operator:ref:rdl_knf":"RDL000100","brand":"Loombard","brand:wikidata":"Q113227799","source:shop":"Rejestr działalności lombardowej KNF","@id":"node/8615753647"},"geometry":{"type":"Point","coordinates":[18.5956094,54.4087123]}}],"cooperativeWork":{"meta":{"version":2,"type":1},"operations":[{"operationType":"modifyElement","data":{"id":"node/8615753647","operations":[{"operation":"setTags","data":{"operator":"Lombard System  sp. z o.o.","operator:ref:rdl_knf":"RDL000100","brand":"Loombard","brand:wikidata":"Q113227799","source:shop":"Rejestr działalności lombardowej KNF"}}]}}]}}
{"type":"FeatureCollection","features":[{"type":"Feature","properties":{"addr:city":"Ostrowiec Świętokrzyski","addr:country":"PL","addr:housenumber":"4","addr:postcode":"27-400","addr:street":"Aleja 3 Maja","level":"0","name":"Loombard","opening_hours":"Mo-Sa 08:00-20:00; PH off","payment:cash":"yes","phone":"+48 412665792","shop":"pawnbroker","operator":"Lombard System  sp. z o.o.","operator:ref:rdl_knf":"RDL000100","brand":"Loombard","brand:wikidata":"Q113227799","source:shop":"Rejestr działalności lombardowej KNF","@id":"node/10092487926"},"geometry":{"type":"Point","coordinates":[21.3872424,50.9372991]}}],"cooperativeWork":{"meta":{"version":2,"type":1},"operations":[{"operationType":"modifyElement","data":{"id":"node/10092487926","operations":[{"operation":"setTags","data":{"name":"Loombard","operator":"Lombard System  sp. z o.o.","operator:ref:rdl_knf":"RDL000100","brand":"Loombard","brand:wikidata":"Q113227799","source:shop":"Rejestr działalności lombardowej KNF"}}]}}]}}
{"type":"FeatureCollection","features":[{"type":"Feature","properties":{"addr:city":"Ostrowiec Świętokrzyski","addr:country":"PL","addr:housenumber":"81D","addr:postcode":"27-400","addr:street":"Aleja Jana Pawła II","brand":"Loombard","brand:wikidata":"Q113227799","email":"ostrowiec@loombard.pl","mobile":"+48 532517581","name":"Loombard","opening_hours":"Mo-Sa 10:00-18:00","payment:coins":"yes","payment:notes":"yes","shop":"pawnbroker","website":"https://www.loombard.pl/","operator":"Lombard System  sp. z o.o.","operator:ref:rdl_knf":"RDL000100","source:shop":"Rejestr działalności lombardowej KNF","@id":"node/10055770441"},"geometry":{"type":"Point","coordinates":[21.4023962,50.9471943]}}],"cooperativeWork":{"meta":{"version":2,"type":1},"operations":[{"operationType":"modifyElement","data":{"id":"node/10055770441","operations":[{"operation":"setTags","data":{"operator":"Lombard System  sp. z o.o.","operator:ref:rdl_knf":"RDL000100","source:shop":"Rejestr działalności lombardowej KNF"}}]}}]}}
{"type":"FeatureCollection","features":[{"type":"Feature","properties":{"addr:city":"Tarnów","addr:housenumber":"1","addr:postcode":"33-100","addr:street":"Osiedle Niepodległości","name":"Loombard","shop":"pawnbroker","operator":"Lombard System  sp. z o.o.","operator:ref:rdl_knf":"RDL000100","brand":"Loombard","brand:wikidata":"Q113227799","source:shop":"Rejestr działalności lombardowej KNF","@id":"node/13935624247"},"geometry":{"type":"Point","coordinates":[21.0032987,50.0171595]}}],"cooperativeWork":{"meta":{"version":2,"type":1},"operations":[{"operationType":"modifyElement","data":{"id":"node/13935624247","operations":[{"operation":"setTags","data":{"name":"Loombard","operator":"Lombard System  sp. z o.o.","operator:ref:rdl_knf":"RDL000100","brand":"Loombard","brand:wikidata":"Q113227799","source:shop":"Rejestr działalności lombardowej KNF"}}]}}]}}
{"type":"FeatureCollection","features":[{"type":"Feature","properties":{"addr:city":"Ustka","addr:housenumber":"32","addr:postcode":"76-270","addr:street":"Marynarki Polskiej","name":"Loombard","opening_hours":"Mo-Sa 09:00-21:00; PH off","phone":"+48 59 814 71 26","shop":"pawnbroker","operator":"Lombard System  sp. z o.o.","operator:ref:rdl_knf":"RDL000100","brand":"Loombard","brand:wikidata":"Q113227799","source:shop":"Rejestr działalności lombardowej KNF","@id":"node/9643662687"},"geometry":{"type":"Point","coordinates":[16.8554251,54.5846295]}}],"cooperativeWork":{"meta":{"version":2,"type":1},"operations":[{"operationType":"modifyElement","data":{"id":"node/9643662687","operations":[{"operation":"setTags","data":{"operator":"Lombard System  sp. z o.o.","operator:ref:rdl_knf":"RDL000100","brand":"Loombard","brand:wikidata":"Q113227799","source:shop":"Rejestr działalności lombardowej KNF"}}]}}]}}
{"type":"FeatureCollection","features":[{"type":"Feature","properties":{"addr:city":"Dąbrowa Górnicza","addr:housenumber":"8","addr:postcode":"41-300","addr:street":"Józefa Wybickiego","name":"Lombards.pl","opening_hours":"Mo-Sa 08:00-20:00","phone":"+48 575 720 762","shop":"pawnbroker","website":"https://lombards.pl/","operator":"Lombards.Pl sp. z o.o.","operator:ref:rdl_knf":"RDL000218","source:shop":"Rejestr działalności lombardowej KNF","@id":"node/10608561025"},"geometry":{"type":"Point","coordinates":[19.2238534,50.3375609]}}],"cooperativeWork":{"meta":{"version":2,"type":1},"operations":[{"operationType":"modifyElement","data":{"id":"node/10608561025","operations":[{"operation":"setTags","data":{"operator":"Lombards.Pl sp. z o.o.","operator:ref:rdl_knf":"RDL000218","source:shop":"Rejestr działalności lombardowej KNF"}}]}}]}}
{"type":"FeatureCollection","features":[{"type":"Feature","properties":{"addr:city":"Krosno","addr:housenumber":"42a","addr:postcode":"38-400","addr:street":"Wojska Polskiego","name":"Lombard Komis","shop":"pawnbroker","operator":"Metatron sp. z o.o.","operator:ref:rdl_knf":"RDL000010","source:shop":"Rejestr działalności lombardowej KNF","@id":"node/9237813891"},"geometry":{"type":"Point","coordinates":[21.776462,49.6836422]}}],"cooperativeWork":{"meta":{"version":2,"type":1},"operations":[{"operationType":"modifyElement","data":{"id":"node/9237813891","operations":[{"operation":"setTags","data":{"operator":"Metatron sp. z o.o.","operator:ref:rdl_knf":"RDL000010","source:shop":"Rejestr działalności lombardowej KNF"}}]}}]}}
{"type":"FeatureCollection","features":[{"type":"Feature","properties":{"addr:city":"Warszawa","addr:housenumber":"138","addr:street":"Marszałkowska","check_date":"2026-08-07","craft":"jeweller","level":"1","name":"Gold Shop","opening_hours":"Mo-Fr 10:00-18:00","shop":"pawnbroker","operator":"Moshe sp. z o.o.","operator:ref:rdl_knf":"RDL000149","addr:postcode":"00-004","source:shop":"Rejestr działalności lombardowej KNF","@id":"node/6766682486"},"geometry":{"type":"Point","coordinates":[21.0085583,52.2360918]}}],"cooperativeWork":{"meta":{"version":2,"type":1},"operations":[{"operationType":"modifyElement","data":{"id":"node/6766682486","operations":[{"operation":"setTags","data":{"operator":"Moshe sp. z o.o.","operator:ref:rdl_knf":"RDL000149","addr:postcode":"00-004","source:shop":"Rejestr działalności lombardowej KNF"}}]}}]}}
{"type":"FeatureCollection","features":[{"type":"Feature","properties":{"addr:city":"Poznań","addr:housenumber":"10","addr:postcode":"61-703","addr:street":"Gwarna","name":"Lombard Expres","shop":"pawnbroker","operator":"Prosspero sp. z o.o.","operator:ref:rdl_knf":"RDL000165","source:shop":"Rejestr działalności lombardowej KNF","@id":"node/583424745"},"geometry":{"type":"Point","coordinates":[16.9215147,52.4079007]}}],"cooperativeWork":{"meta":{"version":2,"type":1},"operations":[{"operationType":"modifyElement","data":{"id":"node/583424745","operations":[{"operation":"setTags","data":{"operator":"Prosspero sp. z o.o.","operator:ref:rdl_knf":"RDL000165","source:shop":"Rejestr działalności lombardowej KNF"}}]}}]}}
{"type":"FeatureCollection","features":[{"type":"Feature","properties":{"addr:city":"Sieradz","addr:housenumber":"33B","addr:postcode":"98-200","addr:street":"Jana Pawła II","facebook":"https://www.facebook.com/spoko.lombard.sieradz/","name":"SPOKO Lombard","old_name":"Lombard Lumik","opening_hours":"Mo-Fr 09:00-18:00; Sa 09:00-14:00","phone":"+48 508 584 848","shop":"pawnbroker","operator":"Spoko Lombard 2 sp. z o.o.","operator:ref:rdl_knf":"RDL000001","source:shop":"Rejestr działalności lombardowej KNF","@id":"node/14134417883"},"geometry":{"type":"Point","coordinates":[18.7276965,51.5920535]}}],"cooperativeWork":{"meta":{"version":2,"type":1},"operations":[{"operationType":"modifyElement","data":{"id":"node/14134417883","operations":[{"operation":"setTags","data":{"operator":"Spoko Lombard 2 sp. z o.o.","operator:ref:rdl_knf":"RDL000001","source:shop":"Rejestr działalności lombardowej KNF"}}]}}]}}
{"type":"FeatureCollection","features":[{"type":"Feature","properties":{"addr:city":"Warszawa","addr:housenumber":"145","addr:postcode":"02-703","addr:street":"Puławska","amenity":"bureau_de_change","currency:XBT":"yes","level":"2","name":"Cashify","payment:lightning":"no","payment:onchain":"yes","survey:date":"2024-03-16","website":"https://cashify.eu/stacjonarny-kantor-kryptowalut-warszawa-pulawska-145/","operator":"Warszawskie Centrum Wsparcia Finansowego Lombard","operator:ref:rdl_knf":"RDL000179","shop":"pawnbroker","source:shop":"Rejestr działalności lombardowej KNF","@id":"node/10112065337"},"geometry":{"type":"Point","coordinates":[21.0236424,52.1810389]}}],"cooperativeWork":{"meta":{"version":2,"type":1},"operations":[{"operationType":"modifyElement","data":{"id":"node/10112065337","operations":[{"operation":"setTags","data":{"operator":"Warszawskie Centrum Wsparcia Finansowego Lombard","operator:ref:rdl_knf":"RDL000179","shop":"pawnbroker","source:shop":"Rejestr działalności lombardowej KNF"}}]}}]}}
{"type":"FeatureCollection","features":[{"type":"Feature","properties":{"addr:city":"Warszawa","addr:housenumber":"246","addr:postcode":"02-684","addr:street":"Puławska","addr:unit":"26","check_date":"2024-04-26","level":"0","name":"Na Mokotowie","opening_hours":"Mo-Fr 10:00-18:00; Sa 10:00-14:00","phone":"+48 511 631 808","shop":"pawnbroker","website":"https://lombardnamokotowie.pl","operator":"X5 sp. z o.o.","operator:ref:rdl_knf":"RDL000105","source:shop":"Rejestr działalności lombardowej KNF","@id":"node/10239345707"},"geometry":{"type":"Point","coordinates":[21.0190867,52.1722394]}}],"cooperativeWork":{"meta":{"version":2,"type":1},"operations":[{"operationType":"modifyElement","data":{"id":"node/10239345707","operations":[{"operation":"setTags","data":{"operator":"X5 sp. z o.o.","operator:ref:rdl_knf":"RDL000105","source:shop":"Rejestr działalności lombardowej KNF"}}]}}]}}
{"type":"FeatureCollection","features":[{"type":"Feature","properties":{"addr:city":"Będzin","addr:housenumber":"28","addr:postcode":"42-500","addr:street":"Aleja Hugona Kołłątaja","branch":"pl","brand":"Loombard","brand:wikidata":"Q113227799","name":"Loombard","shop":"pawnbroker","operator":"Auto Lombard sp. z o.o.","operator:ref:rdl_knf":"RDL000111","source:shop":"Rejestr działalności lombardowej KNF","@id":"node/9232525728"},"geometry":{"type":"Point","coordinates":[19.1343597,50.3253144]}}],"cooperativeWork":{"meta":{"version":2,"type":1},"operations":[{"operationType":"modifyElement","data":{"id":"node/9232525728","operations":[{"operation":"setTags","data":{"operator":"Auto Lombard sp. z o.o.","operator:ref:rdl_knf":"RDL000111","source:shop":"Rejestr działalności lombardowej KNF"}}]}}]}}
{"type":"FeatureCollection","features":[{"type":"Feature","properties":{"addr:city":"Lębork","addr:housenumber":"15A","addr:postcode":"84-300","addr:street":"Staromiejska","name":"GM Lombard","shop":"pawnbroker","operator":"Gold-Money.Pl sp. z o.o.","operator:ref:rdl_knf":"RDL000211","source:shop":"Rejestr działalności lombardowej KNF","@id":"node/5818113713"},"geometry":{"type":"Point","coordinates":[17.7479026,54.5409709]}}],"cooperativeWork":{"meta":{"version":2,"type":1},"operations":[{"operationType":"modifyElement","data":{"id":"node/5818113713","operations":[{"operation":"setTags","data":{"operator":"Gold-Money.Pl sp. z o.o.","operator:ref:rdl_knf":"RDL000211","source:shop":"Rejestr działalności lombardowej KNF"}}]}}]}}
{"type":"FeatureCollection","features":[{"type":"Feature","properties":{"addr:city":"Częstochowa","addr:housenumber":"5","addr:postcode":"42-202","addr:street":"Plac Ignacego Daszyńskiego","brand":"Loombard","brand:wikidata":"Q113227799","name":"Loombard","phone":"+48 34 368 99 84","shop":"pawnbroker","operator":"Joker Lombard sp. z o.o.","operator:ref:rdl_knf":"RDL000166","add:flat":"7","source:shop":"Rejestr działalności lombardowej KNF","@id":"node/9173393236"},"geometry":{"type":"Point","coordinates":[19.1269131,50.812186]}}],"cooperativeWork":{"meta":{"version":2,"type":1},"operations":[{"operationType":"modifyElement","data":{"id":"node/9173393236","operations":[{"operation":"setTags","data":{"operator":"Joker Lombard sp. z o.o.","operator:ref:rdl_knf":"RDL000166","add:flat":"7","source:shop":"Rejestr działalności lombardowej KNF"}}]}}]}}
{"type":"FeatureCollection","features":[{"type":"Feature","properties":{"addr:city":"Bytom","addr:postcode":"41-902","addr:street":"Antoniego Józefczaka","brand":"Loombard","brand:wikidata":"Q113227799","email":"jozefczaka@loombard.pl","name":"Loombard","opening_hours":"Mo-Su 08:00-22:00","phone":"+48 32 280 09 51","shop":"pawnbroker","operator":"Lombard Gold sp. z o.o.","operator:ref:rdl_knf":"RDL000097","addr:housenumber":"4","source:shop":"Rejestr działalności lombardowej KNF","@id":"node/5297617184"},"geometry":{"type":"Point","coordinates":[18.9203632,50.3468028]}}],"cooperativeWork":{"meta":{"version":2,"type":1},"operations":[{"operationType":"modifyElement","data":{"id":"node/5297617184","operations":[{"operation":"setTags","data":{"operator":"Lombard Gold sp. z o.o.","operator:ref:rdl_knf":"RDL000097","addr:housenumber":"4","source:shop":"Rejestr działalności lombardowej KNF"}}]}}]}}
{"type":"FeatureCollection","features":[{"type":"Feature","properties":{"addr:city":"Nowa Sól","addr:housenumber":"10","addr:postcode":"67-100","addr:street":"Wojska Polskiego","amenity":"bureau_de_change","name":"Loombard","operator":"Lombard Gold sp. z o.o.","operator:ref:rdl_knf":"RDL000097","brand":"Loombard","brand:wikidata":"Q113227799","shop":"pawnbroker","source:shop":"Rejestr działalności lombardowej KNF","@id":"node/6522150691"},"geometry":{"type":"Point","coordinates":[15.7152495,51.8030919]}}],"cooperativeWork":{"meta":{"version":2,"type":1},"operations":[{"operationType":"modifyElement","data":{"id":"node/6522150691","operations":[{"operation":"setTags","data":{"name":"Loombard","operator":"Lombard Gold sp. z o.o.","operator:ref:rdl_knf":"RDL000097","brand":"Loombard","brand:wikidata":"Q113227799","shop":"pawnbroker","source:shop":"Rejestr działalności lombardowej KNF"}}]}}]}}
{"type":"FeatureCollection","features":[{"type":"Feature","properties":{"addr:city":"Olsztyn","addr:housenumber":"12","addr:street":"Grunwaldzka","name":"Loombard","shop":"pawnbroker","operator":"Lombard Gold sp. z o.o.","operator:ref:rdl_knf":"RDL000097","addr:postcode":"10-124","brand":"Loombard","brand:wikidata":"Q113227799","add:flat":"13/14","source:shop":"Rejestr działalności lombardowej KNF","@id":"node/11364437131"},"geometry":{"type":"Point","coordinates":[20.4719878,53.7752875]}}],"cooperativeWork":{"meta":{"version":2,"type":1},"operations":[{"operationType":"modifyElement","data":{"id":"node/11364437131","operations":[{"operation":"setTags","data":{"name":"Loombard","operator":"Lombard Gold sp. z o.o.","operator:ref:rdl_knf":"RDL000097","addr:postcode":"10-124","brand":"Loombard","brand:wikidata":"Q113227799","add:flat":"13/14","source:shop":"Rejestr działalności lombardowej KNF"}}]}}]}}
{"type":"FeatureCollection","features":[{"type":"Feature","properties":{"addr:city":"Przemyśl","addr:housenumber":"10","addr:postcode":"37-700","addr:street":"3 Maja","name":"Loombard","shop":"pawnbroker","operator":"Lombard Gold sp. z o.o.","operator:ref:rdl_knf":"RDL000097","brand":"Loombard","brand:wikidata":"Q113227799","source:shop":"Rejestr działalności lombardowej KNF","@id":"node/9205353905"},"geometry":{"type":"Point","coordinates":[22.7666388,49.7871992]}}],"cooperativeWork":{"meta":{"version":2,"type":1},"operations":[{"operationType":"modifyElement","data":{"id":"node/9205353905","operations":[{"operation":"setTags","data":{"name":"Loombard","operator":"Lombard Gold sp. z o.o.","operator:ref:rdl_knf":"RDL000097","brand":"Loombard","brand:wikidata":"Q113227799","source:shop":"Rejestr działalności lombardowej KNF"}}]}}]}}
{"type":"FeatureCollection","features":[{"type":"Feature","properties":{"addr:city":"Włodawa","addr:housenumber":"23","addr:postcode":"22-200","addr:street":"Rynek","amenity":"bureau_de_change","name":"Loombard","source:addr":"http://mwlodawa.punktyadresowe.pl","operator":"Lombard Gold sp. z o.o.","operator:ref:rdl_knf":"RDL000097","brand":"Loombard","brand:wikidata":"Q113227799","shop":"pawnbroker","source:shop":"Rejestr działalności lombardowej KNF","@id":"node/2183519173"},"geometry":{"type":"Point","coordinates":[23.5540275,51.5441719]}}],"cooperativeWork":{"meta":{"version":2,"type":1},"operations":[{"operationType":"modifyElement","data":{"id":"node/2183519173","operations":[{"operation":"setTags","data":{"name":"Loombard","operator":"Lombard Gold sp. z o.o.","operator:ref:rdl_knf":"RDL000097","brand":"Loombard","brand:wikidata":"Q113227799","shop":"pawnbroker","source:shop":"Rejestr działalności lombardowej KNF"}}]}}]}}
{"type":"FeatureCollection","features":[{"type":"Feature","properties":{"addr:city":"Zielona Góra","addr:housenumber":"7","addr:postcode":"65-018","addr:street":"Jedności","brand":"Loombard","brand:wikidata":"Q113227799","name":"Loombard","shop":"pawnbroker","operator":"Lombard Gold sp. z o.o.","operator:ref:rdl_knf":"RDL000097","source:shop":"Rejestr działalności lombardowej KNF","@id":"node/5148523787"},"geometry":{"type":"Point","coordinates":[15.5027295,51.9378671]}}],"cooperativeWork":{"meta":{"version":2,"type":1},"operations":[{"operationType":"modifyElement","data":{"id":"node/5148523787","operations":[{"operation":"setTags","data":{"operator":"Lombard Gold sp. z o.o.","operator:ref:rdl_knf":"RDL000097","source:shop":"Rejestr działalności lombardowej KNF"}}]}}]}}
{"type":"FeatureCollection","features":[{"type":"Feature","properties":{"addr:city":"Kraków","addr:housenumber":"29/113A","addr:postcode":"31-105","addr:street":"Zwierzyniecka","amenity":"bureau_de_change","currency:EUR":"yes","currency:PLN":"yes","currency:USD":"yes","email":"krakow@tothemoon.pl","name":"To The Moon","opening_hours":"Mo-Fr 10:00-18:00","operator":"Lombard Kaps 2 sp. z o.o.","payment:cash":"yes","phone":"+48 571 305 305","website":"https://www.tothemoon.pl/kantor-kryptowalut-krakow/","operator:ref:rdl_knf":"RDL000129","shop":"pawnbroker","source:shop":"Rejestr działalności lombardowej KNF","@id":"node/13270239504"},"geometry":{"type":"Point","coordinates":[19.9291824,50.0565928]}}],"cooperativeWork":{"meta":{"version":2,"type":1},"operations":[{"operationType":"modifyElement","data":{"id":"node/13270239504","operations":[{"operation":"setTags","data":{"operator":"Lombard Kaps 2 sp. z o.o.","operator:ref:rdl_knf":"RDL000129","shop":"pawnbroker","source:shop":"Rejestr działalności lombardowej KNF"}}]}}]}}
{"type":"FeatureCollection","features":[{"type":"Feature","properties":{"addr:city":"Kraków","addr:housenumber":"16","addr:postcode":"31-146","addr:street":"Długa","amenity":"bureau_de_change","check_date":"2026-02-26","contact:telegram":"https://t.me/wm_1144","currency:XBT":"yes","email":"whitemoney1144@gmail.com","name":"White Money","opening_hours":"Mo-Su 09:00-20:00","payment:lightning":"yes","payment:lightning_contactless":"yes","payment:onchain":"yes","phone":"+48 453 222 232","website":"https://whitemoney.pl/","operator":"Lombard Kaps 2 sp. z o.o.","operator:ref:rdl_knf":"RDL000129","shop":"pawnbroker","source:shop":"Rejestr działalności lombardowej KNF","@id":"node/8787231556"},"geometry":{"type":"Point","coordinates":[19.9385575,50.0674278]}}],"cooperativeWork":{"meta":{"version":2,"type":1},"operations":[{"operationType":"modifyElement","data":{"id":"node/8787231556","operations":[{"operation":"setTags","data":{"operator":"Lombard Kaps 2 sp. z o.o.","operator:ref:rdl_knf":"RDL000129","shop":"pawnbroker","source:shop":"Rejestr działalności lombardowej KNF"}}]}}]}}
{"type":"FeatureCollection","features":[{"type":"Feature","properties":{"addr:city":"Sosnowiec","addr:housenumber":"47","addr:postcode":"41-200","addr:street":"Modrzejowska","name":"Blue lombard","opening_hours":"Mo-Su 08:00-22:00","payment:cash":"yes","phone":"48731171117","shop":"pawnbroker","operator":"Lombard Kaps 4 sp. z o.o.","operator:ref:rdl_knf":"RDL000106","source:shop":"Rejestr działalności lombardowej KNF","@id":"node/5738801454"},"geometry":{"type":"Point","coordinates":[19.1334939,50.2745734]}}],"cooperativeWork":{"meta":{"version":2,"type":1},"operations":[{"operationType":"modifyElement","data":{"id":"node/5738801454","operations":[{"operation":"setTags","data":{"operator":"Lombard Kaps 4 sp. z o.o.","operator:ref:rdl_knf":"RDL000106","source:shop":"Rejestr działalności lombardowej KNF"}}]}}]}}
{"type":"FeatureCollection","features":[{"type":"Feature","properties":{"addr:city":"Chorzów","addr:housenumber":"30","addr:postcode":"41-506","addr:street":"Stefana Batorego","amenity":"bureau_de_change","name":"Loombard","shop":"pawnbroker","survey:date":"2015-02-13","operator":"Lombard Medium  sp. z o.o.","operator:ref:rdl_knf":"RDL000104","brand":"Loombard","brand:wikidata":"Q113227799","source:shop":"Rejestr działalności lombardowej KNF","@id":"node/3348270131"},"geometry":{"type":"Point","coordinates":[18.9384235,50.2719279]}}],"cooperativeWork":{"meta":{"version":2,"type":1},"operations":[{"operationType":"modifyElement","data":{"id":"node/3348270131","operations":[{"operation":"setTags","data":{"name":"Loombard","shop":"pawnbroker","operator":"Lombard Medium  sp. z o.o.","operator:ref:rdl_knf":"RDL000104","brand":"Loombard","brand:wikidata":"Q113227799","source:shop":"Rejestr działalności lombardowej KNF"}}]}}]}}
{"type":"FeatureCollection","features":[{"type":"Feature","properties":{"addr:city":"Oława","addr:housenumber":"2U","addr:postcode":"55-200","addr:street":"Rynek","name":"Loombard","shop":"pawnbroker","operator":"Lombard Medium  sp. z o.o.","operator:ref:rdl_knf":"RDL000104","brand":"Loombard","brand:wikidata":"Q113227799","add:flat":"2U","source:shop":"Rejestr działalności lombardowej KNF","@id":"node/8830051518"},"geometry":{"type":"Point","coordinates":[17.2952304,50.9423824]}}],"cooperativeWork":{"meta":{"version":2,"type":1},"operations":[{"operationType":"modifyElement","data":{"id":"node/8830051518","operations":[{"operation":"setTags","data":{"name":"Loombard","operator":"Lombard Medium  sp. z o.o.","operator:ref:rdl_knf":"RDL000104","brand":"Loombard","brand:wikidata":"Q113227799","add:flat":"2U","source:shop":"Rejestr działalności lombardowej KNF"}}]}}]}}
{"type":"FeatureCollection","features":[{"type":"Feature","properties":{"addr:city":"Oława","addr:housenumber":"2","addr:postcode":"55-200","addr:street":"Krótka","name":"Loombard","opening_hours":"Mo-Fr 08:00-20:00; Sa 08:00-20:00; Su 09:00-16:00","phone":"+48 71 318 41 39","shop":"pawnbroker","operator":"Lombard Medium  sp. z o.o.","operator:ref:rdl_knf":"RDL000104","brand":"Loombard","brand:wikidata":"Q113227799","source:shop":"Rejestr działalności lombardowej KNF","@id":"node/7204104660"},"geometry":{"type":"Point","coordinates":[17.2954764,50.9435253]}}],"cooperativeWork":{"meta":{"version":2,"type":1},"operations":[{"operationType":"modifyElement","data":{"id":"node/7204104660","operations":[{"operation":"setTags","data":{"name":"Loombard","operator":"Lombard Medium  sp. z o.o.","operator:ref:rdl_knf":"RDL000104","brand":"Loombard","brand:wikidata":"Q113227799","source:shop":"Rejestr działalności lombardowej KNF"}}]}}]}}
{"type":"FeatureCollection","features":[{"type":"Feature","properties":{"addr:city":"Poddębice","addr:housename":"Kantor","addr:housenumber":"22","addr:postcode":"99-200","addr:street":"Łódzka","amenity":"bureau_de_change","contact:phone":"48604278391","name":"Loombard","opening_hours":"Mo-Fr 09:00-17:00; Sa 09:00-13:00","operator":"Lombard Medium  sp. z o.o.","operator:ref:rdl_knf":"RDL000104","brand":"Loombard","brand:wikidata":"Q113227799","add:flat":"4","shop":"pawnbroker","source:shop":"Rejestr działalności lombardowej KNF","@id":"node/1533254572"},"geometry":{"type":"Point","coordinates":[18.9550015,51.8931133]}}],"cooperativeWork":{"meta":{"version":2,"type":1},"operations":[{"operationType":"modifyElement","data":{"id":"node/1533254572","operations":[{"operation":"setTags","data":{"name":"Loombard","operator":"Lombard Medium  sp. z o.o.","operator:ref:rdl_knf":"RDL000104","brand":"Loombard","brand:wikidata":"Q113227799","add:flat":"4","shop":"pawnbroker","source:shop":"Rejestr działalności lombardowej KNF"}}]}}]}}
{"type":"FeatureCollection","features":[{"type":"Feature","properties":{"addr:city":"Ełk","addr:housenumber":"26","addr:street":"Armii Krajowej","amenity":"bureau_de_change","operator":"Lombard Platinum sp. z o.o.","operator:ref:rdl_knf":"RDL000110","addr:postcode":"19-300","brand":"Loombard","name":"Loombard","brand:wikidata":"Q113227799","add:flat":"8","shop":"pawnbroker","source:shop":"Rejestr działalności lombardowej KNF","@id":"node/1646047688"},"geometry":{"type":"Point","coordinates":[22.3542709,53.8230343]}}],"cooperativeWork":{"meta":{"version":2,"type":1},"operations":[{"operationType":"modifyElement","data":{"id":"node/1646047688","operations":[{"operation":"setTags","data":{"operator":"Lombard Platinum sp. z o.o.","operator:ref:rdl_knf":"RDL000110","addr:postcode":"19-300","brand":"Loombard","name":"Loombard","brand:wikidata":"Q113227799","add:flat":"8","shop":"pawnbroker","source:shop":"Rejestr działalności lombardowej KNF"}}]}}]}}
{"type":"FeatureCollection","features":[{"type":"Feature","properties":{"addr:city":"Konstantynów Łódzki","addr:housenumber":"11","addr:postcode":"95-050","addr:street":"Jana Pawła II","amenity":"bureau_de_change","name":"Loombard","opening_hours":"Mo-Fr 09:00-17:00","phone":"+48 662 117 880","operator":"Lombard Platinum sp. z o.o.","operator:ref:rdl_knf":"RDL000110","brand":"Loombard","brand:wikidata":"Q113227799","shop":"pawnbroker","source:shop":"Rejestr działalności lombardowej KNF","@id":"node/12851740899"},"geometry":{"type":"Point","coordinates":[19.3228306,51.7493328]}}],"cooperativeWork":{"meta":{"version":2,"type":1},"operations":[{"operationType":"modifyElement","data":{"id":"node/12851740899","operations":[{"operation":"setTags","data":{"name":"Loombard","operator":"Lombard Platinum sp. z o.o.","operator:ref:rdl_knf":"RDL000110","brand":"Loombard","brand:wikidata":"Q113227799","shop":"pawnbroker","source:shop":"Rejestr działalności lombardowej KNF"}}]}}]}}
{"type":"FeatureCollection","features":[{"type":"Feature","properties":{"addr:city":"Białogard","addr:housenumber":"19/1","addr:postcode":"78-200","addr:street":"1 Maja","branch":"Białogard","brand":"Loombard","brand:wikidata":"Q113227799","email":"BIALOGARD@LOOMBARD.PL","name":"Loombard","opening_hours":"08:00-21:00","payment:blik":"yes","payment:cards":"yes","payment:cash":"yes","payment:contactless":"yes","payment:credit_cards":"yes","phone":"+48 787 916 826","second_hand":"yes","shop":"pawnbroker","website":"https://www.loombard.pl/categories?location%5B%5D=BIA%C5%81OGARD","operator":"Lombard Silver  sp. z o.o.","operator:ref:rdl_knf":"RDL000109","add:flat":"1","source:shop":"Rejestr działalności lombardowej KNF","@id":"node/14152805458"},"geometry":{"type":"Point","coordinates":[15.9850316,54.0084231]}}],"cooperativeWork":{"meta":{"version":2,"type":1},"operations":[{"operationType":"modifyElement","data":{"id":"node/14152805458","operations":[{"operation":"setTags","data":{"operator":"Lombard Silver  sp. z o.o.","operator:ref:rdl_knf":"RDL000109","add:flat":"1","source:shop":"Rejestr działalności lombardowej KNF"}}]}}]}}
{"type":"FeatureCollection","features":[{"type":"Feature","properties":{"addr:city":"Białystok","addr:housenumber":"1","addr:street":"Jurowiecka","amenity":"bureau_de_change","level":"0","operator":"Lombard Silver  sp. z o.o.","operator:ref:rdl_knf":"RDL000109","addr:postcode":"15-101","brand":"Loombard","name":"Loombard","brand:wikidata":"Q113227799","shop":"pawnbroker","source:shop":"Rejestr działalności lombardowej KNF","@id":"node/13456508901"},"geometry":{"type":"Point","coordinates":[23.1622642,53.1365262]}}],"cooperativeWork":{"meta":{"version":2,"type":1},"operations":[{"operationType":"modifyElement","data":{"id":"node/13456508901","operations":[{"operation":"setTags","data":{"operator":"Lombard Silver  sp. z o.o.","operator:ref:rdl_knf":"RDL000109","addr:postcode":"15-101","brand":"Loombard","name":"Loombard","brand:wikidata":"Q113227799","shop":"pawnbroker","source:shop":"Rejestr działalności lombardowej KNF"}}]}}]}}
{"type":"FeatureCollection","features":[{"type":"Feature","properties":{"addr:city":"Głogów","addr:housenumber":"9","addr:postcode":"67-200","addr:street":"Plac 1000-lecia","name":"Loombard","shop":"pawnbroker","operator":"Lombard Silver  sp. z o.o.","operator:ref:rdl_knf":"RDL000109","brand":"Loombard","brand:wikidata":"Q113227799","source:shop":"Rejestr działalności lombardowej KNF","@id":"node/6566649050"},"geometry":{"type":"Point","coordinates":[16.0791231,51.6675538]}}],"cooperativeWork":{"meta":{"version":2,"type":1},"operations":[{"operationType":"modifyElement","data":{"id":"node/6566649050","operations":[{"operation":"setTags","data":{"name":"Loombard","operator":"Lombard Silver  sp. z o.o.","operator:ref:rdl_knf":"RDL000109","brand":"Loombard","brand:wikidata":"Q113227799","source:shop":"Rejestr działalności lombardowej KNF"}}]}}]}}
{"type":"FeatureCollection","features":[{"type":"Feature","properties":{"addr:city":"Bytom","addr:housenumber":"26","addr:postcode":"41-902","addr:street":"Wrocławska","brand":"Loombard","brand:wikidata":"Q113227799","email":"wroclawska26@lombardi.pl","name":"Loombard","opening_hours":"Mo-Su 09:00-22:00","phone":"+48 32 280 03 70","shop":"pawnbroker","operator":"Lombard System  sp. z o.o.","operator:ref:rdl_knf":"RDL000100","source:shop":"Rejestr działalności lombardowej KNF","@id":"node/5297638151"},"geometry":{"type":"Point","coordinates":[18.9090793,50.349]}}],"cooperativeWork":{"meta":{"version":2,"type":1},"operations":[{"operationType":"modifyElement","data":{"id":"node/5297638151","operations":[{"operation":"setTags","data":{"operator":"Lombard System  sp. z o.o.","operator:ref:rdl_knf":"RDL000100","source:shop":"Rejestr działalności lombardowej KNF"}}]}}]}}
{"type":"FeatureCollection","features":[{"type":"Feature","properties":{"addr:city":"Tarnów","addr:housenumber":"14","addr:postcode":"33-100","addr:street":"Krakowska","amenity":"bureau_de_change","operator":"Lombard System  sp. z o.o.","operator:ref:rdl_knf":"RDL000100","brand":"Loombard","name":"Loombard","brand:wikidata":"Q113227799","shop":"pawnbroker","source:shop":"Rejestr działalności lombardowej KNF","@id":"node/9528275104"},"geometry":{"type":"Point","coordinates":[20.9826238,50.0108844]}}],"cooperativeWork":{"meta":{"version":2,"type":1},"operations":[{"operationType":"modifyElement","data":{"id":"node/9528275104","operations":[{"operation":"setTags","data":{"operator":"Lombard System  sp. z o.o.","operator:ref:rdl_knf":"RDL000100","brand":"Loombard","name":"Loombard","brand:wikidata":"Q113227799","shop":"pawnbroker","source:shop":"Rejestr działalności lombardowej KNF"}}]}}]}}
{"type":"FeatureCollection","features":[{"type":"Feature","properties":{"addr:city":"Tomaszów Mazowiecki","addr:housenumber":"1","addr:postcode":"97-200","addr:street":"Warszawska","amenity":"bureau_de_change","is_in:building":"Galeria Tomaszów","name":"Loombard","opening_hours":"Mo-Sa 09:00-21:00; Su 10:00-20:00","phone":"+48 44 715 51 20","shop":"pawnbroker","wheelchair":"yes","operator":"Lombard System  sp. z o.o.","operator:ref:rdl_knf":"RDL000100","brand":"Loombard","brand:wikidata":"Q113227799","source:shop":"Rejestr działalności lombardowej KNF","@id":"node/5809062317"},"geometry":{"type":"Point","coordinates":[20.0070727,51.534741]}}],"cooperativeWork":{"meta":{"version":2,"type":1},"operations":[{"operationType":"modifyElement","data":{"id":"node/5809062317","operations":[{"operation":"setTags","data":{"name":"Loombard","shop":"pawnbroker","operator":"Lombard System  sp. z o.o.","operator:ref:rdl_knf":"RDL000100","brand":"Loombard","brand:wikidata":"Q113227799","source:shop":"Rejestr działalności lombardowej KNF"}}]}}]}}
{"type":"FeatureCollection","features":[{"type":"Feature","properties":{"addr:city":"Wrocław","addr:housenumber":"28-30","addr:postcode":"53-333","addr:street":"Powstańców Śląskich","addr:unit":"604","amenity":"bureau_de_change","check_date":"2024-05-10","currency:PLN":"yes","currency:XBT":"yes","email":"wroclaw@flyingatom.com","level":"6","name":"Loombard","opening_hours":"Mo-Fr 09:00-17:00","operator":"Lombard System  sp. z o.o.","payment:cash":"yes","payment:onchain":"yes","phone":"+48 501 801 056","website":"https://flyingatom.com/kantor-bitcoin-wroclaw/","operator:ref:rdl_knf":"RDL000100","brand":"Loombard","brand:wikidata":"Q113227799","shop":"pawnbroker","source:shop":"Rejestr działalności lombardowej KNF","@id":"node/10699490860"},"geometry":{"type":"Point","coordinates":[17.0257364,51.0975837]}}],"cooperativeWork":{"meta":{"version":2,"type":1},"operations":[{"operationType":"modifyElement","data":{"id":"node/10699490860","operations":[{"operation":"setTags","data":{"name":"Loombard","operator":"Lombard System  sp. z o.o.","operator:ref:rdl_knf":"RDL000100","brand":"Loombard","brand:wikidata":"Q113227799","shop":"pawnbroker","source:shop":"Rejestr działalności lombardowej KNF"}}]}}]}}
{"type":"FeatureCollection","features":[{"type":"Feature","properties":{"addr:city":"Żary","addr:housenumber":"11","addr:postcode":"68-200","addr:street":"Śródmiejska","name":"Loombard","shop":"pawnbroker","operator":"Lombard System  sp. z o.o.","operator:ref:rdl_knf":"RDL000100","brand":"Loombard","brand:wikidata":"Q113227799","source:shop":"Rejestr działalności lombardowej KNF","@id":"node/5572303230"},"geometry":{"type":"Point","coordinates":[15.1373924,51.6363156]}}],"cooperativeWork":{"meta":{"version":2,"type":1},"operations":[{"operationType":"modifyElement","data":{"id":"node/5572303230","operations":[{"operation":"setTags","data":{"name":"Loombard","operator":"Lombard System  sp. z o.o.","operator:ref:rdl_knf":"RDL000100","brand":"Loombard","brand:wikidata":"Q113227799","source:shop":"Rejestr działalności lombardowej KNF"}}]}}]}}
{"type":"FeatureCollection","features":[{"type":"Feature","properties":{"addr:city":"Żary","addr:housenumber":"39","addr:postcode":"68-200","addr:street":"Podchorążych","name":"Loombard","shop":"pawnbroker","operator":"Lombard System  sp. z o.o.","operator:ref:rdl_knf":"RDL000100","brand":"Loombard","brand:wikidata":"Q113227799","source:shop":"Rejestr działalności lombardowej KNF","@id":"node/6484464634"},"geometry":{"type":"Point","coordinates":[15.1368977,51.6385494]}}],"cooperativeWork":{"meta":{"version":2,"type":1},"operations":[{"operationType":"modifyElement","data":{"id":"node/6484464634","operations":[{"operation":"setTags","data":{"name":"Loombard","operator":"Lombard System  sp. z o.o.","operator:ref:rdl_knf":"RDL000100","brand":"Loombard","brand:wikidata":"Q113227799","source:shop":"Rejestr działalności lombardowej KNF"}}]}}]}}
{"type":"FeatureCollection","features":[{"type":"Feature","properties":{"addr:city":"Łańcut","addr:housenumber":"5","addr:postcode":"37-100","addr:street":"Ottona z Pilczy","check_date":"2026-04-17","contact:email":"biuro@lombard-i.pl","name":"Lombard-i.pl","opening_hours":"Mo-Fr 09:00-17:00; Sa 09:00-13:00","shop":"pawnbroker","wheelchair":"no","operator":"Lombardi sp. z o.o.","operator:ref:rdl_knf":"RDL000186","source:shop":"Rejestr działalności lombardowej KNF","@id":"node/11328897490"},"geometry":{"type":"Point","coordinates":[22.2308723,50.0689153]}}],"cooperativeWork":{"meta":{"version":2,"type":1},"operations":[{"operationType":"modifyElement","data":{"id":"node/11328897490","operations":[{"operation":"setTags","data":{"operator":"Lombardi sp. z o.o.","operator:ref:rdl_knf":"RDL000186","source:shop":"Rejestr działalności lombardowej KNF"}}]}}]}}
{"type":"FeatureCollection","features":[{"type":"Feature","properties":{"addr:city":"Katowice","addr:housenumber":"51","addr:postcode":"40-698","addr:street":"Armii Krajowej","amenity":"bureau_de_change","name":"Lombards.pl","opening_hours":"Mo-Sa 09:00-21:00","phone":"+48 32 209 85 58","website":"https://www.exg.pl/kantory/kantor/katowice/kaufland-famur/","operator":"Lombards.Pl sp. z o.o.","operator:ref:rdl_knf":"RDL000218","shop":"pawnbroker","source:shop":"Rejestr działalności lombardowej KNF","@id":"node/14042264935"},"geometry":{"type":"Point","coordinates":[18.9756097,50.2137544]}}],"cooperativeWork":{"meta":{"version":2,"type":1},"operations":[{"operationType":"modifyElement","data":{"id":"node/14042264935","operations":[{"operation":"setTags","data":{"name":"Lombards.pl","operator":"Lombards.Pl sp. z o.o.","operator:ref:rdl_knf":"RDL000218","shop":"pawnbroker","source:shop":"Rejestr działalności lombardowej KNF"}}]}}]}}
{"type":"FeatureCollection","features":[{"type":"Feature","properties":{"addr:city":"Nowy Sącz","addr:housenumber":"38/6","addr:postcode":"33-300","addr:street":"Lwowska","amenity":"bureau_de_change","check_date":"2024-06-07","currency:PLN":"yes","currency:XBT":"yes","email":"nowysacz@quark.house","level":"2","name":"Kantor Bitcoin Quark Nowy Sącz","opening_hours":"Mo-Fr 10:00-18:00; Sa 10:00-14:00","operator":"Mewa Finanse sp. z o.o.","payment:cash":"yes","payment:ethereum":"yes","payment:tether":"yes","phone":"+48 735 097 077","website":"https://quark.house/kantory/kantor-bitcoin-quark-nowy-sacz/","operator:ref:rdl_knf":"RDL000018","shop":"pawnbroker","source:shop":"Rejestr działalności lombardowej KNF","@id":"node/11947617396"},"geometry":{"type":"Point","coordinates":[20.6981528,49.6247501]}}],"cooperativeWork":{"meta":{"version":2,"type":1},"operations":[{"operationType":"modifyElement","data":{"id":"node/11947617396","operations":[{"operation":"setTags","data":{"operator":"Mewa Finanse sp. z o.o.","operator:ref:rdl_knf":"RDL000018","shop":"pawnbroker","source:shop":"Rejestr działalności lombardowej KNF"}}]}}]}}
{"type":"FeatureCollection","features":[{"type":"Feature","properties":{"addr:city":"Bydgoszcz","addr:housenumber":"94a","addr:postcode":"85-733","addr:street":"Marii Skłodowskiej-Curie","shop":"pawnbroker","operator":"Pawnlombard Pm sp. z o.o.","operator:ref:rdl_knf":"RDL000067","source:shop":"Rejestr działalności lombardowej KNF","@id":"node/4745876076"},"geometry":{"type":"Point","coordinates":[18.0543945,53.1251707]}}],"cooperativeWork":{"meta":{"version":2,"type":1},"operations":[{"operationType":"modifyElement","data":{"id":"node/4745876076","operations":[{"operation":"setTags","data":{"operator":"Pawnlombard Pm sp. z o.o.","operator:ref:rdl_knf":"RDL000067","source:shop":"Rejestr działalności lombardowej KNF"}}]}}]}}
{"type":"FeatureCollection","features":[{"type":"Feature","properties":{"addr:city":"Bytom","addr:housenumber":"1","addr:postcode":"41-902","addr:street":"Podgórna","name":"Lombardoro","payment:cash":"yes","phone":"48731954409","shop":"pawnbroker","operator":"Skab sp. z o.o.","operator:ref:rdl_knf":"RDL000223","add:flat":"14","source:shop":"Rejestr działalności lombardowej KNF","@id":"node/6250259622"},"geometry":{"type":"Point","coordinates":[18.9250271,50.348688]}}],"cooperativeWork":{"meta":{"version":2,"type":1},"operations":[{"operationType":"modifyElement","data":{"id":"node/6250259622","operations":[{"operation":"setTags","data":{"name":"Lombardoro","operator":"Skab sp. z o.o.","operator:ref:rdl_knf":"RDL000223","add:flat":"14","source:shop":"Rejestr działalności lombardowej KNF"}}]}}]}}
{"type":"FeatureCollection","features":[{"type":"Feature","properties":{"addr:city":"Zduńska Wola","addr:housenumber":"8","addr:postcode":"98-220","addr:street":"Sieradzka","name":"Otolombard Lumik","opening_hours":"Mo-Fr 09:00-17:30; Sa 09:00-14:00","phone":"+48 513 343 438","shop":"pawnbroker","operator":"Spoko Lombard 2 sp. z o.o.","operator:ref:rdl_knf":"RDL000001","source:shop":"Rejestr działalności lombardowej KNF","@id":"node/13119886672"},"geometry":{"type":"Point","coordinates":[18.9310534,51.603245]}}],"cooperativeWork":{"meta":{"version":2,"type":1},"operations":[{"operationType":"modifyElement","data":{"id":"node/13119886672","operations":[{"operation":"setTags","data":{"operator":"Spoko Lombard 2 sp. z o.o.","operator:ref:rdl_knf":"RDL000001","source:shop":"Rejestr działalności lombardowej KNF"}}]}}]}}
{"type":"FeatureCollection","features":[{"type":"Feature","properties":{"addr:city":"Rzeszów","addr:housenumber":"2","addr:postcode":"35-068","addr:street":"Artura Grottgera","amenity":"bureau_de_change","name":"Kwadrat","opening_hours":"Mo-Fr 09:00-17:00; Sa 09:00-13:00; Su off","phone":"+48663333122;+48178522521","website":"http://www.kantory-rzeszow.pl/","operator":"Szeli sp. z o.o.","operator:ref:rdl_knf":"RDL000187","shop":"pawnbroker","source:shop":"Rejestr działalności lombardowej KNF","@id":"node/10573206123"},"geometry":{"type":"Point","coordinates":[22.0029347,50.041935]}}],"cooperativeWork":{"meta":{"version":2,"type":1},"operations":[{"operationType":"modifyElement","data":{"id":"node/10573206123","operations":[{"operation":"setTags","data":{"operator":"Szeli sp. z o.o.","operator:ref:rdl_knf":"RDL000187","shop":"pawnbroker","source:shop":"Rejestr działalności lombardowej KNF"}}]}}]}}
{"type":"FeatureCollection","features":[{"type":"Feature","properties":{"addr:city":"Ostrowiec Świętokrzyski","addr:country":"PL","addr:housenumber":"5a","addr:postcode":"27-400","addr:street":"Okólna","amenity":"bureau_de_change","contact:facebook":"https://www.facebook.com/twojkantorostrowiec/","level":"0","name":"Twój-Kantor Grzegorz Jurek","opening_hours":"Mo-Fr 08:00-18:00; Sa 09:00-15:00; PH off","phone":"+48 41 265 48 15","website":"https://twoj-kantor.pl/","operator":"Top sp. z o.o.","operator:ref:rdl_knf":"RDL000069","shop":"pawnbroker","source:shop":"Rejestr działalności lombardowej KNF","@id":"node/10098359992"},"geometry":{"type":"Point","coordinates":[21.3897582,50.9393715]}}],"cooperativeWork":{"meta":{"version":2,"type":1},"operations":[{"operationType":"modifyElement","data":{"id":"node/10098359992","operations":[{"operation":"setTags","data":{"operator":"Top sp. z o.o.","operator:ref:rdl_knf":"RDL000069","shop":"pawnbroker","source:shop":"Rejestr działalności lombardowej KNF"}}]}}]}}
{"type":"FeatureCollection","features":[{"type":"Feature","properties":{"addr:city":"Warszawa","addr:housenumber":"4","addr:postcode":"04-760","addr:street":"Kazimierza Szpotańskiego","amenity":"bureau_de_change","highway":"elevator","level":"0","name":"Kantor Ferio","opening_hours":"Mo-Sa 09:00-21:00; Su 10:00-20:00","operator":"Artar Fine Gold sp. z o.o.","operator:ref:rdl_knf":"RDL000154","add:flat":"U3","shop":"pawnbroker","source:shop":"Rejestr działalności lombardowej KNF","@id":"node/4532519796"},"geometry":{"type":"Point","coordinates":[21.1677244,52.2065579]}}],"cooperativeWork":{"meta":{"version":2,"type":1},"operations":[{"operationType":"modifyElement","data":{"id":"node/4532519796","operations":[{"operation":"setTags","data":{"operator":"Artar Fine Gold sp. z o.o.","operator:ref:rdl_knf":"RDL000154","add:flat":"U3","shop":"pawnbroker","source:shop":"Rejestr działalności lombardowej KNF"}}]}}]}}
{"type":"FeatureCollection","features":[{"type":"Feature","properties":{"addr:city":"Olsztyn","addr:housenumber":"3","addr:postcode":"10-692","addr:street":"Jana Janowicza","brand":"Loombard","brand:wikidata":"Q113227799","name":"Loombard","shop":"pawnbroker","operator":"Bojarowicz Pożyczki sp. z o.o.","operator:ref:rdl_knf":"RDL000066","add:flat":"3a","source:shop":"Rejestr działalności lombardowej KNF","@id":"node/12312677576"},"geometry":{"type":"Point","coordinates":[20.4970798,53.7413098]}}],"cooperativeWork":{"meta":{"version":2,"type":1},"operations":[{"operationType":"modifyElement","data":{"id":"node/12312677576","operations":[{"operation":"setTags","data":{"operator":"Bojarowicz Pożyczki sp. z o.o.","operator:ref:rdl_knf":"RDL000066","add:flat":"3a","source:shop":"Rejestr działalności lombardowej KNF"}}]}}]}}
{"type":"FeatureCollection","features":[{"type":"Feature","properties":{"addr:city":"Ostrów Wielkopolski","addr:housenumber":"4","addr:postcode":"63-400","addr:street":"Wrocławska","amenity":"bureau_de_change","name":"Suchorzewski","operator":"Ezlombard sp. z o.o.","operator:ref:rdl_knf":"RDL000056","shop":"pawnbroker","source:shop":"Rejestr działalności lombardowej KNF","@id":"node/4548595223"},"geometry":{"type":"Point","coordinates":[17.8155111,51.6490373]}}],"cooperativeWork":{"meta":{"version":2,"type":1},"operations":[{"operationType":"modifyElement","data":{"id":"node/4548595223","operations":[{"operation":"setTags","data":{"operator":"Ezlombard sp. z o.o.","operator:ref:rdl_knf":"RDL000056","shop":"pawnbroker","source:shop":"Rejestr działalności lombardowej KNF"}}]}}]}}
{"type":"FeatureCollection","features":[{"type":"Feature","properties":{"addr:city":"Gdańsk","addr:housenumber":"47","addr:street":"Długie Ogrody","amenity":"bureau_de_change","currency:EUR":"yes","currency:PLN":"yes","currency:USD":"yes","name":"Kaszub","operator":"Financial Enteprise sp. z o.o.","operator:ref:rdl_knf":"RDL000163","addr:postcode":"80-037","shop":"pawnbroker","source:shop":"Rejestr działalności lombardowej KNF","@id":"node/1774352686"},"geometry":{"type":"Point","coordinates":[18.6674946,54.3484833]}}],"cooperativeWork":{"meta":{"version":2,"type":1},"operations":[{"operationType":"modifyElement","data":{"id":"node/1774352686","operations":[{"operation":"setTags","data":{"operator":"Financial Enteprise sp. z o.o.","operator:ref:rdl_knf":"RDL000163","addr:postcode":"80-037","shop":"pawnbroker","source:shop":"Rejestr działalności lombardowej KNF"}}]}}]}}
{"type":"FeatureCollection","features":[{"type":"Feature","properties":{"addr:city":"Kraków","addr:housenumber":"25","addr:postcode":"30-504","addr:street":"Kalwaryjska","amenity":"bureau_de_change","check_date:opening_hours":"2026-07-18","name":"Loombard","opening_hours":"Mo-Fr 09:00-18:00; Sa 09:00-15:00","operator":"Lombard Gold sp. z o.o.","operator:ref:rdl_knf":"RDL000097","brand":"Loombard","brand:wikidata":"Q113227799","add:flat":"2","shop":"pawnbroker","source:shop":"Rejestr działalności lombardowej KNF","@id":"node/7086813205"},"geometry":{"type":"Point","coordinates":[19.9446306,50.042361]}}],"cooperativeWork":{"meta":{"version":2,"type":1},"operations":[{"operationType":"modifyElement","data":{"id":"node/7086813205","operations":[{"operation":"setTags","data":{"name":"Loombard","operator":"Lombard Gold sp. z o.o.","operator:ref:rdl_knf":"RDL000097","brand":"Loombard","brand:wikidata":"Q113227799","add:flat":"2","shop":"pawnbroker","source:shop":"Rejestr działalności lombardowej KNF"}}]}}]}}
{"type":"FeatureCollection","features":[{"type":"Feature","properties":{"addr:city":"Olsztyn","addr:housenumber":"64","addr:street":"Tadeusza Kościuszki","level":"0","name":"Loombard","shop":"pawnbroker","operator":"Lombard Gold sp. z o.o.","operator:ref:rdl_knf":"RDL000097","addr:postcode":"10-588","brand":"Loombard","brand:wikidata":"Q113227799","add:flat":"1","source:shop":"Rejestr działalności lombardowej KNF","@id":"node/12666364896"},"geometry":{"type":"Point","coordinates":[20.4883943,53.7776063]}}],"cooperativeWork":{"meta":{"version":2,"type":1},"operations":[{"operationType":"modifyElement","data":{"id":"node/12666364896","operations":[{"operation":"setTags","data":{"name":"Loombard","operator":"Lombard Gold sp. z o.o.","operator:ref:rdl_knf":"RDL000097","addr:postcode":"10-588","brand":"Loombard","brand:wikidata":"Q113227799","add:flat":"1","source:shop":"Rejestr działalności lombardowej KNF"}}]}}]}}
{"type":"FeatureCollection","features":[{"type":"Feature","properties":{"addr:city":"Przemyśl","addr:housenumber":"8","addr:postcode":"37-700","addr:street":"Juliusza Słowackiego","shop":"pawnbroker","operator":"Lombard Gold sp. z o.o.","operator:ref:rdl_knf":"RDL000097","brand":"Loombard","name":"Loombard","brand:wikidata":"Q113227799","source:shop":"Rejestr działalności lombardowej KNF","@id":"node/9881937591"},"geometry":{"type":"Point","coordinates":[22.774916,49.7814688]}}],"cooperativeWork":{"meta":{"version":2,"type":1},"operations":[{"operationType":"modifyElement","data":{"id":"node/9881937591","operations":[{"operation":"setTags","data":{"operator":"Lombard Gold sp. z o.o.","operator:ref:rdl_knf":"RDL000097","brand":"Loombard","name":"Loombard","brand:wikidata":"Q113227799","source:shop":"Rejestr działalności lombardowej KNF"}}]}}]}}
{"type":"FeatureCollection","features":[{"type":"Feature","properties":{"addr:city":"Strzelce Krajeńskie","addr:housenumber":"2A","addr:postcode":"66-500","addr:street":"Aleja Wolności","brand":"Loombard","brand:wikidata":"Q113227799","name":"Loombard","phone":"+48 95 761 56 27","shop":"pawnbroker","operator":"Lombard Gold sp. z o.o.","operator:ref:rdl_knf":"RDL000097","source:shop":"Rejestr działalności lombardowej KNF","@id":"node/10853437396"},"geometry":{"type":"Point","coordinates":[15.5303475,52.876912]}}],"cooperativeWork":{"meta":{"version":2,"type":1},"operations":[{"operationType":"modifyElement","data":{"id":"node/10853437396","operations":[{"operation":"setTags","data":{"operator":"Lombard Gold sp. z o.o.","operator:ref:rdl_knf":"RDL000097","source:shop":"Rejestr działalności lombardowej KNF"}}]}}]}}
{"type":"FeatureCollection","features":[{"type":"Feature","properties":{"addr:city":"Świętochłowice","addr:housenumber":"2A","addr:postcode":"41-600","addr:street":"Wiktora Polaka","check_date":"2024-06-04","email":"polaka2@loombard.pl","name":"Loombard","phone":"+48 32 345 29 14","shop":"pawnbroker","operator":"Lombard Gold sp. z o.o.","operator:ref:rdl_knf":"RDL000097","brand":"Loombard","brand:wikidata":"Q113227799","source:shop":"Rejestr działalności lombardowej KNF","@id":"node/5297643373"},"geometry":{"type":"Point","coordinates":[18.9250029,50.2880492]}}],"cooperativeWork":{"meta":{"version":2,"type":1},"operations":[{"operationType":"modifyElement","data":{"id":"node/5297643373","operations":[{"operation":"setTags","data":{"operator":"Lombard Gold sp. z o.o.","operator:ref:rdl_knf":"RDL000097","brand":"Loombard","brand:wikidata":"Q113227799","source:shop":"Rejestr działalności lombardowej KNF"}}]}}]}}
{"type":"FeatureCollection","features":[{"type":"Feature","properties":{"addr:city":"Zielona Góra","addr:housenumber":"38D","addr:postcode":"65-536","addr:street":"Stefana Wyszyńskiego","email":"wyszynskiego@loombard.pl","name":"Loombard","phone":"+48 68 324 36 24","shop":"pawnbroker","website":"https://www.loombard.pl/lombard/zielona-gora/wyszynskiego-38d-sj-zielona-gora/","operator":"Lombard Gold sp. z o.o.","operator:ref:rdl_knf":"RDL000097","brand":"Loombard","brand:wikidata":"Q113227799","source:shop":"Rejestr działalności lombardowej KNF","@id":"node/4563681248"},"geometry":{"type":"Point","coordinates":[15.4798052,51.9380328]}}],"cooperativeWork":{"meta":{"version":2,"type":1},"operations":[{"operationType":"modifyElement","data":{"id":"node/4563681248","operations":[{"operation":"setTags","data":{"operator":"Lombard Gold sp. z o.o.","operator:ref:rdl_knf":"RDL000097","brand":"Loombard","brand:wikidata":"Q113227799","source:shop":"Rejestr działalności lombardowej KNF"}}]}}]}}
{"type":"FeatureCollection","features":[{"type":"Feature","properties":{"addr:city":"Lubliniec","addr:housenumber":"9","addr:postcode":"42-700","addr:street":"Plac Tadeusza Kościuszki","amenity":"bureau_de_change","currency:EUR":"yes","currency:USD":"yes","opening_hours":"Mo-Fr 09:00-17:00; Sa 09:00-13:00","operator":"Lombard Lech Świerczyński sp. z o.o.","operator:ref:rdl_knf":"RDL000204","shop":"pawnbroker","source:shop":"Rejestr działalności lombardowej KNF","@id":"node/6695595101"},"geometry":{"type":"Point","coordinates":[18.6844121,50.6683393]}}],"cooperativeWork":{"meta":{"version":2,"type":1},"operations":[{"operationType":"modifyElement","data":{"id":"node/6695595101","operations":[{"operation":"setTags","data":{"operator":"Lombard Lech Świerczyński sp. z o.o.","operator:ref:rdl_knf":"RDL000204","shop":"pawnbroker","source:shop":"Rejestr działalności lombardowej KNF"}}]}}]}}
{"type":"FeatureCollection","features":[{"type":"Feature","properties":{"addr:city":"Ostrów Wielkopolski","addr:housenumber":"7","addr:postcode":"63-400","addr:street":"Kaliska","amenity":"bureau_de_change","name":"Loombard","operator":"Lombard Medium  sp. z o.o.","operator:ref:rdl_knf":"RDL000104","brand":"Loombard","brand:wikidata":"Q113227799","shop":"pawnbroker","source:shop":"Rejestr działalności lombardowej KNF","@id":"node/4548589793"},"geometry":{"type":"Point","coordinates":[17.8183363,51.6498025]}}],"cooperativeWork":{"meta":{"version":2,"type":1},"operations":[{"operationType":"modifyElement","data":{"id":"node/4548589793","operations":[{"operation":"setTags","data":{"name":"Loombard","operator":"Lombard Medium  sp. z o.o.","operator:ref:rdl_knf":"RDL000104","brand":"Loombard","brand:wikidata":"Q113227799","shop":"pawnbroker","source:shop":"Rejestr działalności lombardowej KNF"}}]}}]}}
{"type":"FeatureCollection","features":[{"type":"Feature","properties":{"addr:city":"Warszawa","addr:housenumber":"26","addr:postcode":"00-020","addr:street":"Chmielna","amenity":"bureau_de_change","check_date":"2026-07-10","noname":"yes","opening_hours":"Mo-Sa 10:00-18:00; Su 11:00-18:00","wheelchair":"limited","operator":"Lombard Medium  sp. z o.o.","operator:ref:rdl_knf":"RDL000104","brand":"Loombard","name":"Loombard","brand:wikidata":"Q113227799","shop":"pawnbroker","source:shop":"Rejestr działalności lombardowej KNF","@id":"node/5058446823"},"geometry":{"type":"Point","coordinates":[21.0134953,52.2322078]}}],"cooperativeWork":{"meta":{"version":2,"type":1},"operations":[{"operationType":"modifyElement","data":{"id":"node/5058446823","operations":[{"operation":"setTags","data":{"operator":"Lombard Medium  sp. z o.o.","operator:ref:rdl_knf":"RDL000104","brand":"Loombard","name":"Loombard","brand:wikidata":"Q113227799","shop":"pawnbroker","source:shop":"Rejestr działalności lombardowej KNF"}}]}}]}}
{"type":"FeatureCollection","features":[{"type":"Feature","properties":{"addr:city":"Warszawa","addr:city:simc":"918123","addr:housenumber":"79","addr:street":"Krakowskie Przedmieście","amenity":"bureau_de_change","brand":"Loombard","brand:wikidata":"Q113227799","check_date":"2025-08-11","name":"Loombard","wheelchair":"limited","operator":"Lombard Medium  sp. z o.o.","operator:ref:rdl_knf":"RDL000104","addr:postcode":"02-094","shop":"pawnbroker","source:shop":"Rejestr działalności lombardowej KNF","@id":"node/7924328393"},"geometry":{"type":"Point","coordinates":[21.013254,52.246445]}}],"cooperativeWork":{"meta":{"version":2,"type":1},"operations":[{"operationType":"modifyElement","data":{"id":"node/7924328393","operations":[{"operation":"setTags","data":{"brand":"Loombard","brand:wikidata":"Q113227799","name":"Loombard","operator":"Lombard Medium  sp. z o.o.","operator:ref:rdl_knf":"RDL000104","addr:postcode":"02-094","shop":"pawnbroker","source:shop":"Rejestr działalności lombardowej KNF"}}]}}]}}
{"type":"FeatureCollection","features":[{"type":"Feature","properties":{"addr:city":"Knurów","addr:housenumber":"10","addr:postcode":"44-190","addr:street":"Księdza Alojzego Koziełka","name":"Loombard","shop":"pawnbroker","source:addr":"EMUiA","operator":"Lombard Platinum sp. z o.o.","operator:ref:rdl_knf":"RDL000110","brand":"Loombard","brand:wikidata":"Q113227799","source:shop":"Rejestr działalności lombardowej KNF","@id":"node/2989218939"},"geometry":{"type":"Point","coordinates":[18.6758342,50.2230977]}}],"cooperativeWork":{"meta":{"version":2,"type":1},"operations":[{"operationType":"modifyElement","data":{"id":"node/2989218939","operations":[{"operation":"setTags","data":{"name":"Loombard","operator":"Lombard Platinum sp. z o.o.","operator:ref:rdl_knf":"RDL000110","brand":"Loombard","brand:wikidata":"Q113227799","source:shop":"Rejestr działalności lombardowej KNF"}}]}}]}}
{"type":"FeatureCollection","features":[{"type":"Feature","properties":{"addr:city":"Końskie","addr:housenumber":"8","addr:postcode":"26-200","addr:street":"Marszałka Józefa Piłsudskiego","email":"konskie@loombard.pl","name":"Loombard","phone":"+48 41 375 34 76","shop":"pawnbroker","website":"https://www.facebook.com/LoombardKonskie/","operator":"Lombard Platinum sp. z o.o.","operator:ref:rdl_knf":"RDL000110","brand":"Loombard","brand:wikidata":"Q113227799","source:shop":"Rejestr działalności lombardowej KNF","@id":"node/9852533165"},"geometry":{"type":"Point","coordinates":[20.4097135,51.1909033]}}],"cooperativeWork":{"meta":{"version":2,"type":1},"operations":[{"operationType":"modifyElement","data":{"id":"node/9852533165","operations":[{"operation":"setTags","data":{"name":"Loombard","operator":"Lombard Platinum sp. z o.o.","operator:ref:rdl_knf":"RDL000110","brand":"Loombard","brand:wikidata":"Q113227799","source:shop":"Rejestr działalności lombardowej KNF"}}]}}]}}
{"type":"FeatureCollection","features":[{"type":"Feature","properties":{"addr:city":"Wałbrzych","addr:housenumber":"42","addr:postcode":"58-300","addr:street":"Aleja Wyzwolenia","amenity":"bureau_de_change","brand":"Loombard","brand:wikidata":"Q113227799","name":"Loombard","opening_hours":"Mo-Su 08:00-21:00","phone":"+48 74 842 27 21","shop":"pawnbroker","source":"photograph","source_ref":"https://www.flickr.com/photos/124589265@N07/14104128970","operator":"Lombard Platinum sp. z o.o.","operator:ref:rdl_knf":"RDL000110","source:shop":"Rejestr działalności lombardowej KNF","@id":"node/2892308746"},"geometry":{"type":"Point","coordinates":[16.284125,50.7681262]}}],"cooperativeWork":{"meta":{"version":2,"type":1},"operations":[{"operationType":"modifyElement","data":{"id":"node/2892308746","operations":[{"operation":"setTags","data":{"operator":"Lombard Platinum sp. z o.o.","operator:ref:rdl_knf":"RDL000110","source:shop":"Rejestr działalności lombardowej KNF"}}]}}]}}
{"type":"FeatureCollection","features":[{"type":"Feature","properties":{"addr:city":"Warszawa","addr:city:simc":"918123","addr:housenumber":"10","addr:street":"Generała Klemensa Stanisława Rudnickiego","check_date":"2025-03-02","name":"Loombard","opening_hours":"Mo-Sa 08:00-21:00; Su 10:00-20:00","shop":"pawnbroker","wheelchair":"yes","operator":"Lombard Platinum sp. z o.o.","operator:ref:rdl_knf":"RDL000110","addr:postcode":"01-858","brand":"Loombard","brand:wikidata":"Q113227799","source:shop":"Rejestr działalności lombardowej KNF","@id":"node/6020561339"},"geometry":{"type":"Point","coordinates":[20.9474609,52.2674324]}}],"cooperativeWork":{"meta":{"version":2,"type":1},"operations":[{"operationType":"modifyElement","data":{"id":"node/6020561339","operations":[{"operation":"setTags","data":{"operator":"Lombard Platinum sp. z o.o.","operator:ref:rdl_knf":"RDL000110","addr:postcode":"01-858","brand":"Loombard","brand:wikidata":"Q113227799","source:shop":"Rejestr działalności lombardowej KNF"}}]}}]}}
{"type":"FeatureCollection","features":[{"type":"Feature","properties":{"addr:city":"Warszawa","addr:housenumber":"39","addr:postcode":"01-144","addr:street":"Górczewska","check_date":"2024-12-25","noname":"yes","opening_hours":"Mo-Fr 10:00-18:00; Sa 10:00-14:00","shop":"pawnbroker","wheelchair":"no","operator":"Lombard Platinum sp. z o.o.","operator:ref:rdl_knf":"RDL000110","brand":"Loombard","name":"Loombard","brand:wikidata":"Q113227799","add:flat":"8","source:shop":"Rejestr działalności lombardowej KNF","@id":"node/4549417438"},"geometry":{"type":"Point","coordinates":[20.9604133,52.237406]}}],"cooperativeWork":{"meta":{"version":2,"type":1},"operations":[{"operationType":"modifyElement","data":{"id":"node/4549417438","operations":[{"operation":"setTags","data":{"operator":"Lombard Platinum sp. z o.o.","operator:ref:rdl_knf":"RDL000110","brand":"Loombard","name":"Loombard","brand:wikidata":"Q113227799","add:flat":"8","source:shop":"Rejestr działalności lombardowej KNF"}}]}}]}}
{"type":"FeatureCollection","features":[{"type":"Feature","properties":{"addr:city":"Warszawa","addr:housenumber":"32","addr:postcode":"00-116","addr:street":"Świętokrzyska","amenity":"bureau_de_change","check_date":"2024-12-17","contact:email":"kontakt@tavex.pl","contact:phone":"+48 22 465 55 75","name":"Loombard","opening_hours":"Mo-Fr 09:00-20:00; Sa 10:00-18:00","payment:blik":"yes","payment:cash":"yes","website":"https://tavex.pl","wheelchair":"yes","operator":"Lombard Platinum sp. z o.o.","operator:ref:rdl_knf":"RDL000110","brand":"Loombard","brand:wikidata":"Q113227799","shop":"pawnbroker","source:shop":"Rejestr działalności lombardowej KNF","@id":"node/4395500050"},"geometry":{"type":"Point","coordinates":[21.0036321,52.2344958]}}],"cooperativeWork":{"meta":{"version":2,"type":1},"operations":[{"operationType":"modifyElement","data":{"id":"node/4395500050","operations":[{"operation":"setTags","data":{"name":"Loombard","operator":"Lombard Platinum sp. z o.o.","operator:ref:rdl_knf":"RDL000110","brand":"Loombard","brand:wikidata":"Q113227799","shop":"pawnbroker","source:shop":"Rejestr działalności lombardowej KNF"}}]}}]}}
{"type":"FeatureCollection","features":[{"type":"Feature","properties":{"addr:city":"Warszawa","addr:door":"U16","addr:housenumber":"67","addr:street":"Pańska","amenity":"bureau_de_change","check_date":"2025-07-30","name":"Loombard","opening_hours":"Mo-Th 10:00-20:00; Fr-Sa 10:00-21:00; Su 10:00-18:00","wheelchair":"yes","operator":"Lombard Platinum sp. z o.o.","operator:ref:rdl_knf":"RDL000110","addr:postcode":"00-871","brand":"Loombard","brand:wikidata":"Q113227799","add:flat":"21","shop":"pawnbroker","source:shop":"Rejestr działalności lombardowej KNF","@id":"node/5074995032"},"geometry":{"type":"Point","coordinates":[20.9933155,52.2313995]}}],"cooperativeWork":{"meta":{"version":2,"type":1},"operations":[{"operationType":"modifyElement","data":{"id":"node/5074995032","operations":[{"operation":"setTags","data":{"name":"Loombard","operator":"Lombard Platinum sp. z o.o.","operator:ref:rdl_knf":"RDL000110","addr:postcode":"00-871","brand":"Loombard","brand:wikidata":"Q113227799","add:flat":"21","shop":"pawnbroker","source:shop":"Rejestr działalności lombardowej KNF"}}]}}]}}
{"type":"FeatureCollection","features":[{"type":"Feature","properties":{"addr:city":"Białystok","addr:housenumber":"4a","addr:street":"Stanisława Dubois","amenity":"bureau_de_change","name":"Loombard","opening_hours":"Mo-Sa 08:00-21:00; Su 10:00-18:00","shop":"pawnbroker","operator":"Lombard Silver  sp. z o.o.","operator:ref:rdl_knf":"RDL000109","addr:postcode":"15-349","brand":"Loombard","brand:wikidata":"Q113227799","add:flat":"5","source:shop":"Rejestr działalności lombardowej KNF","@id":"node/13506529201"},"geometry":{"type":"Point","coordinates":[23.1241167,53.1076579]}}],"cooperativeWork":{"meta":{"version":2,"type":1},"operations":[{"operationType":"modifyElement","data":{"id":"node/13506529201","operations":[{"operation":"setTags","data":{"name":"Loombard","operator":"Lombard Silver  sp. z o.o.","operator:ref:rdl_knf":"RDL000109","addr:postcode":"15-349","brand":"Loombard","brand:wikidata":"Q113227799","add:flat":"5","source:shop":"Rejestr działalności lombardowej KNF"}}]}}]}}
{"type":"FeatureCollection","features":[{"type":"Feature","properties":{"addr:city":"Poznań","addr:housenumber":"126","addr:postcode":"61-526","addr:street":"28 Czerwca 1956 roku","branch":"Kantor","brand":"Loombard","brand:wikidata":"Q113227799","name":"Loombard","shop":"pawnbroker","operator":"Lombard Silver  sp. z o.o.","operator:ref:rdl_knf":"RDL000109","source:shop":"Rejestr działalności lombardowej KNF","@id":"node/10719639121"},"geometry":{"type":"Point","coordinates":[16.9201461,52.3910128]}}],"cooperativeWork":{"meta":{"version":2,"type":1},"operations":[{"operationType":"modifyElement","data":{"id":"node/10719639121","operations":[{"operation":"setTags","data":{"operator":"Lombard Silver  sp. z o.o.","operator:ref:rdl_knf":"RDL000109","source:shop":"Rejestr działalności lombardowej KNF"}}]}}]}}
{"type":"FeatureCollection","features":[{"type":"Feature","properties":{"addr:city":"Starogard Gdański","addr:housenumber":"1","addr:postcode":"83-200","addr:street":"Generała Władysława Sikorskiego","opening_hours":"Mo-Su 08:00-21:00","shop":"pawnbroker","operator":"Lombard Silver  sp. z o.o.","operator:ref:rdl_knf":"RDL000109","brand":"Loombard","name":"Loombard","brand:wikidata":"Q113227799","source:shop":"Rejestr działalności lombardowej KNF","@id":"node/10710747204"},"geometry":{"type":"Point","coordinates":[18.5304065,53.9718195]}}],"cooperativeWork":{"meta":{"version":2,"type":1},"operations":[{"operationType":"modifyElement","data":{"id":"node/10710747204","operations":[{"operation":"setTags","data":{"operator":"Lombard Silver  sp. z o.o.","operator:ref:rdl_knf":"RDL000109","brand":"Loombard","name":"Loombard","brand:wikidata":"Q113227799","source:shop":"Rejestr działalności lombardowej KNF"}}]}}]}}
{"type":"FeatureCollection","features":[{"type":"Feature","properties":{"addr:city":"Warszawa","addr:housenumber":"156","addr:postcode":"02-554","addr:street":"Aleja Niepodległości","brand":"Loombard","brand:wikidata":"Q113227799","check_date":"2025-04-28","name":"Loombard","opening_hours":"Mo-Sa 08:15-13:30,14:00-20:45; Su 09:00-13:30,14:00-18:00","shop":"pawnbroker","wheelchair":"limited","operator":"Lombard Silver  sp. z o.o.","operator:ref:rdl_knf":"RDL000109","add:flat":"15","source:shop":"Rejestr działalności lombardowej KNF","@id":"node/6746582892"},"geometry":{"type":"Point","coordinates":[21.0087903,52.2069878]}}],"cooperativeWork":{"meta":{"version":2,"type":1},"operations":[{"operationType":"modifyElement","data":{"id":"node/6746582892","operations":[{"operation":"setTags","data":{"operator":"Lombard Silver  sp. z o.o.","operator:ref:rdl_knf":"RDL000109","add:flat":"15","source:shop":"Rejestr działalności lombardowej KNF"}}]}}]}}
{"type":"FeatureCollection","features":[{"type":"Feature","properties":{"addr:city":"Warszawa","addr:housenumber":"7A","addr:postcode":"01-192","addr:street":"Leszno","brand":"Loombard","brand:wikidata":"Q113227799","check_date":"2024-12-25","level":"0","name":"Loombard","opening_hours":"Mo-Sa 08:00-21:00; Su 09:00-18:00","shop":"pawnbroker","wheelchair":"no","operator":"Lombard Silver  sp. z o.o.","operator:ref:rdl_knf":"RDL000109","source:shop":"Rejestr działalności lombardowej KNF","@id":"node/9582392821"},"geometry":{"type":"Point","coordinates":[20.9780984,52.2379182]}}],"cooperativeWork":{"meta":{"version":2,"type":1},"operations":[{"operationType":"modifyElement","data":{"id":"node/9582392821","operations":[{"operation":"setTags","data":{"operator":"Lombard Silver  sp. z o.o.","operator:ref:rdl_knf":"RDL000109","source:shop":"Rejestr działalności lombardowej KNF"}}]}}]}}
{"type":"FeatureCollection","features":[{"type":"Feature","properties":{"addr:city":"Warszawa","addr:housenumber":"2","addr:postcode":"00-138","addr:street":"Ptasia","amenity":"bureau_de_change","check_date":"2025-08-18","currency:XBT":"yes","email":"5","name":"Loombard","opening_hours":"24/7","payment:lightning":"yes","payment:onchain":"no","survey:date":"2024-03-18","website":"https://www.kantor-house.com/","wheelchair":"yes","operator":"Lombard Silver  sp. z o.o.","operator:ref:rdl_knf":"RDL000109","brand":"Loombard","brand:wikidata":"Q113227799","shop":"pawnbroker","source:shop":"Rejestr działalności lombardowej KNF","@id":"node/11747985846"},"geometry":{"type":"Point","coordinates":[21.0014327,52.240043]}}],"cooperativeWork":{"meta":{"version":2,"type":1},"operations":[{"operationType":"modifyElement","data":{"id":"node/11747985846","operations":[{"operation":"setTags","data":{"name":"Loombard","operator":"Lombard Silver  sp. z o.o.","operator:ref:rdl_knf":"RDL000109","brand":"Loombard","brand:wikidata":"Q113227799","shop":"pawnbroker","source:shop":"Rejestr działalności lombardowej KNF"}}]}}]}}
{"type":"FeatureCollection","features":[{"type":"Feature","properties":{"addr:city":"Piekary Śląskie","addr:housenumber":"54","addr:postcode":"41-940","addr:street":"Prymasa Stefana Wyszyńskiego","brand":"Loombard","brand:wikidata":"Q113227799","email":"wyszynskiego54@loombard.pl","name":"Loombard","opening_hours":"Mo-Fr 09:00-19:00; Sa 09:00-18:00; Su 10:00-17:00; PH off","phone":"+48 32 287 30 28","shop":"pawnbroker","website":"https://www.loombard.pl/locations/piekary-slaskie-wyszynskiego-54-piekary","operator":"Lombard System  sp. z o.o.","operator:ref:rdl_knf":"RDL000100","source:shop":"Rejestr działalności lombardowej KNF","@id":"node/5365916929"},"geometry":{"type":"Point","coordinates":[18.9513241,50.3728383]}}],"cooperativeWork":{"meta":{"version":2,"type":1},"operations":[{"operationType":"modifyElement","data":{"id":"node/5365916929","operations":[{"operation":"setTags","data":{"operator":"Lombard System  sp. z o.o.","operator:ref:rdl_knf":"RDL000100","source:shop":"Rejestr działalności lombardowej KNF"}}]}}]}}
{"type":"FeatureCollection","features":[{"type":"Feature","properties":{"addr:city":"Przemyśl","addr:housenumber":"11","addr:postcode":"37-700","addr:street":"Stefana Czarnieckiego","amenity":"bureau_de_change","operator":"Lombard U Robsona  sp. z o.o.","operator:ref:rdl_knf":"RDL000025","shop":"pawnbroker","source:shop":"Rejestr działalności lombardowej KNF","@id":"node/6145780324"},"geometry":{"type":"Point","coordinates":[22.7764348,49.7843995]}}],"cooperativeWork":{"meta":{"version":2,"type":1},"operations":[{"operationType":"modifyElement","data":{"id":"node/6145780324","operations":[{"operation":"setTags","data":{"operator":"Lombard U Robsona  sp. z o.o.","operator:ref:rdl_knf":"RDL000025","shop":"pawnbroker","source:shop":"Rejestr działalności lombardowej KNF"}}]}}]}}
{"type":"FeatureCollection","features":[{"type":"Feature","properties":{"addr:city":"Łódź","addr:housenumber":"2","addr:postcode":"90-135","addr:street":"Prezydenta Gabriela Narutowicza","amenity":"bureau_de_change","email":"info@kantorlombard24h.pl","name":"Kantor Lombard MAK$","opening_hours":"Mo-Sa 07:00-22:00","phone":"+48 42 630 02 28","website":"https://kantorlombard24h.pl","operator":"Mak$ sp. z o.o.","operator:ref:rdl_knf":"RDL000120","shop":"pawnbroker","source:shop":"Rejestr działalności lombardowej KNF","@id":"node/12755230064"},"geometry":{"type":"Point","coordinates":[19.4565269,51.770741]}}],"cooperativeWork":{"meta":{"version":2,"type":1},"operations":[{"operationType":"modifyElement","data":{"id":"node/12755230064","operations":[{"operation":"setTags","data":{"operator":"Mak$ sp. z o.o.","operator:ref:rdl_knf":"RDL000120","shop":"pawnbroker","source:shop":"Rejestr działalności lombardowej KNF"}}]}}]}}
{"type":"FeatureCollection","features":[{"type":"Feature","properties":{"addr:city":"Wrocław","addr:housenumber":"40","addr:postcode":"50-024","addr:street":"Świdnicka","amenity":"bureau_de_change","currency:AED":"yes","currency:ALL":"yes","currency:AUD":"yes","currency:CAD":"yes","currency:CHF":"yes","currency:CNY":"yes","currency:CZK":"yes","currency:DKK":"yes","currency:EGP":"yes","currency:EUR":"yes","currency:GBP":"yes","currency:GEL":"yes","currency:HUF":"yes","currency:IDR":"yes","currency:INR":"yes","currency:ISK":"yes","currency:JPY":"yes","currency:MAD":"yes","currency:NOK":"yes","currency:OMR":"yes","currency:PLN":"yes","currency:RON":"yes","currency:RSD":"yes","currency:SEK":"yes","currency:THB":"yes","currency:TRY":"yes","currency:UAH":"yes","currency:USD":"yes","currency:VND":"yes","level":"-1","name":"Kantor As","opening_hours":"Mo-Sa 09:00-21:00; Su 10:00-20:00","operator":"Master Center sp. z o.o.","operator:ref:rdl_knf":"RDL000157","shop":"pawnbroker","source:shop":"Rejestr działalności lombardowej KNF","@id":"node/6338674243"},"geometry":{"type":"Point","coordinates":[17.0319518,51.1032583]}}],"cooperativeWork":{"meta":{"version":2,"type":1},"operations":[{"operationType":"modifyElement","data":{"id":"node/6338674243","operations":[{"operation":"setTags","data":{"operator":"Master Center sp. z o.o.","operator:ref:rdl_knf":"RDL000157","shop":"pawnbroker","source:shop":"Rejestr działalności lombardowej KNF"}}]}}]}}
{"type":"FeatureCollection","features":[{"type":"Feature","properties":{"addr:city":"Olsztyn","addr:housenumber":"25e","addr:postcode":"10-692","addr:street":"Biskupa Tomasza Wilczyńskiego","level":"0","name":"Mini-Max","shop":"pawnbroker","operator":"Mini-Max sp. z o.o.","operator:ref:rdl_knf":"RDL000004","add:flat":"8","source:shop":"Rejestr działalności lombardowej KNF","@id":"node/12202425755"},"geometry":{"type":"Point","coordinates":[20.4933644,53.7405055]}}],"cooperativeWork":{"meta":{"version":2,"type":1},"operations":[{"operationType":"modifyElement","data":{"id":"node/12202425755","operations":[{"operation":"setTags","data":{"operator":"Mini-Max sp. z o.o.","operator:ref:rdl_knf":"RDL000004","add:flat":"8","source:shop":"Rejestr działalności lombardowej KNF"}}]}}]}}
{"type":"FeatureCollection","features":[{"type":"Feature","properties":{"addr:city":"Nowa Sól","addr:housenumber":"15","addr:postcode":"67-100","addr:street":"Plac Wyzwolenia","name":"Plus Lombard","opening_hours":"Mo-Fr 09:00-21:00; Sa-Su 10:00-18:00","shop":"pawnbroker","operator":"Plus Lombard sp. z o.o.","operator:ref:rdl_knf":"RDL000155","source:shop":"Rejestr działalności lombardowej KNF","@id":"node/5876741932"},"geometry":{"type":"Point","coordinates":[15.7169529,51.8029421]}}],"cooperativeWork":{"meta":{"version":2,"type":1},"operations":[{"operationType":"modifyElement","data":{"id":"node/5876741932","operations":[{"operation":"setTags","data":{"operator":"Plus Lombard sp. z o.o.","operator:ref:rdl_knf":"RDL000155","source:shop":"Rejestr działalności lombardowej KNF"}}]}}]}}
{"type":"FeatureCollection","features":[{"type":"Feature","properties":{"addr:city":"Bytom","addr:housenumber":"3","addr:street":"Mazurska","amenity":"bureau_de_change","level":"0","opening_hours":"Mo-Fr 09:00-15:45","operator":"Skab sp. z o.o.","operator:ref:rdl_knf":"RDL000223","addr:postcode":"41-923","name":"Lombardoro","shop":"pawnbroker","source:shop":"Rejestr działalności lombardowej KNF","@id":"node/4146813190"},"geometry":{"type":"Point","coordinates":[18.8922927,50.3394892]}}],"cooperativeWork":{"meta":{"version":2,"type":1},"operations":[{"operationType":"modifyElement","data":{"id":"node/4146813190","operations":[{"operation":"setTags","data":{"operator":"Skab sp. z o.o.","operator:ref:rdl_knf":"RDL000223","addr:postcode":"41-923","name":"Lombardoro","shop":"pawnbroker","source:shop":"Rejestr działalności lombardowej KNF"}}]}}]}}
{"type":"FeatureCollection","features":[{"type":"Feature","properties":{"addr:city":"Bełchatów","addr:housenumber":"12","addr:postcode":"97-400","addr:street":"Tadeusza Kościuszki","mobile":"+48 606 410 960","name":"SPOKO LOMBARD Bełchatów","opening_hours":"Mo-Fr 09:00-17:00; Sa 09:00-13:00","payment:app":"yes","payment:blik":"yes","payment:cash":"yes","payment:credit_cards":"yes","payment:maestro":"yes","payment:mastercard":"yes","payment:visa":"yes","shop":"pawnbroker","website":"www.spokolombard.pl","operator":"Spoko Lombard sp. z o.o.","operator:ref:rdl_knf":"RDL000008","source:shop":"Rejestr działalności lombardowej KNF","@id":"node/13189410323"},"geometry":{"type":"Point","coordinates":[19.3701084,51.3645244]}}],"cooperativeWork":{"meta":{"version":2,"type":1},"operations":[{"operationType":"modifyElement","data":{"id":"node/13189410323","operations":[{"operation":"setTags","data":{"operator":"Spoko Lombard sp. z o.o.","operator:ref:rdl_knf":"RDL000008","source:shop":"Rejestr działalności lombardowej KNF"}}]}}]}}
{"type":"FeatureCollection","features":[{"type":"Feature","properties":{"addr:city":"Włoszczowa","addr:housenumber":"4","addr:postcode":"29-100","addr:street":"Henryka Sienkiewicza","brand":"Loombard","brand:wikidata":"Q113227799","name":"Loombard","shop":"pawnbroker","source:addr":"EMUiA (emuia.geoportal.gov.pl)","operator":"Tadaaam  sp. z o.o.","operator:ref:rdl_knf":"RDL000192","source:shop":"Rejestr działalności lombardowej KNF","@id":"node/2560889884"},"geometry":{"type":"Point","coordinates":[19.966035,50.8528461]}}],"cooperativeWork":{"meta":{"version":2,"type":1},"operations":[{"operationType":"modifyElement","data":{"id":"node/2560889884","operations":[{"operation":"setTags","data":{"operator":"Tadaaam  sp. z o.o.","operator:ref:rdl_knf":"RDL000192","source:shop":"Rejestr działalności lombardowej KNF"}}]}}]}}
{"type":"FeatureCollection","features":[{"type":"Feature","properties":{"name":"Lombard A Cosik","shop":"pawnbroker","operator":"A Cosik sp. z o.o.","operator:ref:rdl_knf":"RDL000178","source:shop":"Rejestr działalności lombardowej KNF","@id":"node/13197889412"},"geometry":{"type":"Point","coordinates":[20.0580015,49.9844243]}}],"cooperativeWork":{"meta":{"version":2,"type":1},"operations":[{"operationType":"modifyElement","data":{"id":"node/13197889412","operations":[{"operation":"setTags","data":{"operator":"A Cosik sp. z o.o.","operator:ref:rdl_knf":"RDL000178","source:shop":"Rejestr działalności lombardowej KNF"}}]}}]}}
{"type":"FeatureCollection","features":[{"type":"Feature","properties":{"shop":"pawnbroker","operator":"Best Mobile Lombard sp. z o.o.","operator:ref:rdl_knf":"RDL000021","name":"Best Mobile","source:shop":"Rejestr działalności lombardowej KNF","@id":"node/9850418665"},"geometry":{"type":"Point","coordinates":[14.5486019,53.4435147]}}],"cooperativeWork":{"meta":{"version":2,"type":1},"operations":[{"operationType":"modifyElement","data":{"id":"node/9850418665","operations":[{"operation":"setTags","data":{"operator":"Best Mobile Lombard sp. z o.o.","operator:ref:rdl_knf":"RDL000021","name":"Best Mobile","source:shop":"Rejestr działalności lombardowej KNF"}}]}}]}}
{"type":"FeatureCollection","features":[{"type":"Feature","properties":{"name":"Lombard Bravo","shop":"pawnbroker","operator":"Bravo sp. z o.o.","operator:ref:rdl_knf":"RDL000092","source:shop":"Rejestr działalności lombardowej KNF","@id":"node/11634361099"},"geometry":{"type":"Point","coordinates":[20.0239746,50.0897499]}}],"cooperativeWork":{"meta":{"version":2,"type":1},"operations":[{"operationType":"modifyElement","data":{"id":"node/11634361099","operations":[{"operation":"setTags","data":{"operator":"Bravo sp. z o.o.","operator:ref:rdl_knf":"RDL000092","source:shop":"Rejestr działalności lombardowej KNF"}}]}}]}}
{"type":"FeatureCollection","features":[{"type":"Feature","properties":{"addr:city":"Bartoszyce","addr:city:simc":"964583","addr:housenumber":"5","addr:postcode":"11-200","addr:street":"Szewców","name":"U Tomka","opening_hours":"Mo-Fr 09:00-17:00; Sa 09:00-14:00","shop":"pawnbroker","operator":"Certus sp. z o.o.","operator:ref:rdl_knf":"RDL000200","add:flat":"23","source:shop":"Rejestr działalności lombardowej KNF","@id":"node/8901164649"},"geometry":{"type":"Point","coordinates":[20.8100901,54.2504586]}}],"cooperativeWork":{"meta":{"version":2,"type":1},"operations":[{"operationType":"modifyElement","data":{"id":"node/8901164649","operations":[{"operation":"setTags","data":{"operator":"Certus sp. z o.o.","operator:ref:rdl_knf":"RDL000200","add:flat":"23","source:shop":"Rejestr działalności lombardowej KNF"}}]}}]}}
{"type":"FeatureCollection","features":[{"type":"Feature","properties":{"amenity":"bureau_de_change","name":"Kantor","opening_hours":"Mo-Fr 09:00-17:00; Sa 09:00-14:00","operator":"Certus sp. z o.o.","operator:ref:rdl_knf":"RDL000200","shop":"pawnbroker","source:shop":"Rejestr działalności lombardowej KNF","@id":"node/14021747795"},"geometry":{"type":"Point","coordinates":[21.37378,54.0786589]}}],"cooperativeWork":{"meta":{"version":2,"type":1},"operations":[{"operationType":"modifyElement","data":{"id":"node/14021747795","operations":[{"operation":"setTags","data":{"operator":"Certus sp. z o.o.","operator:ref:rdl_knf":"RDL000200","shop":"pawnbroker","source:shop":"Rejestr działalności lombardowej KNF"}}]}}]}}
{"type":"FeatureCollection","features":[{"type":"Feature","properties":{"check_date":"2026-01-04","name:signed":"no","shop":"pawnbroker","operator":"Combo sp. z o.o.","operator:ref:rdl_knf":"RDL000128","source:shop":"Rejestr działalności lombardowej KNF","@id":"node/3955653773"},"geometry":{"type":"Point","coordinates":[14.5513433,53.4244781]}}],"cooperativeWork":{"meta":{"version":2,"type":1},"operations":[{"operationType":"modifyElement","data":{"id":"node/3955653773","operations":[{"operation":"setTags","data":{"operator":"Combo sp. z o.o.","operator:ref:rdl_knf":"RDL000128","source:shop":"Rejestr działalności lombardowej KNF"}}]}}]}}
{"type":"FeatureCollection","features":[{"type":"Feature","properties":{"amenity":"bureau_de_change","operator":"Daiglob sp. z o.o.","operator:ref:rdl_knf":"RDL000202","shop":"pawnbroker","source:shop":"Rejestr działalności lombardowej KNF","@id":"node/10148061450"},"geometry":{"type":"Point","coordinates":[17.9991614,53.1209811]}}],"cooperativeWork":{"meta":{"version":2,"type":1},"operations":[{"operationType":"modifyElement","data":{"id":"node/10148061450","operations":[{"operation":"setTags","data":{"operator":"Daiglob sp. z o.o.","operator:ref:rdl_knf":"RDL000202","shop":"pawnbroker","source:shop":"Rejestr działalności lombardowej KNF"}}]}}]}}
{"type":"FeatureCollection","features":[{"type":"Feature","properties":{"name":"Lombard KTL","shop":"pawnbroker","operator":"European Finances sp. z o.o.","operator:ref:rdl_knf":"RDL000125","source:shop":"Rejestr działalności lombardowej KNF","@id":"node/6203031189"},"geometry":{"type":"Point","coordinates":[17.9170626,53.153947]}}],"cooperativeWork":{"meta":{"version":2,"type":1},"operations":[{"operationType":"modifyElement","data":{"id":"node/6203031189","operations":[{"operation":"setTags","data":{"operator":"European Finances sp. z o.o.","operator:ref:rdl_knf":"RDL000125","source:shop":"Rejestr działalności lombardowej KNF"}}]}}]}}
{"type":"FeatureCollection","features":[{"type":"Feature","properties":{"check_date":"2026-05-19","shop":"pawnbroker","operator":"Exit sp. z o.o.","operator:ref:rdl_knf":"RDL000184","source:shop":"Rejestr działalności lombardowej KNF","@id":"node/4966135852"},"geometry":{"type":"Point","coordinates":[18.6339649,54.3319935]}}],"cooperativeWork":{"meta":{"version":2,"type":1},"operations":[{"operationType":"modifyElement","data":{"id":"node/4966135852","operations":[{"operation":"setTags","data":{"operator":"Exit sp. z o.o.","operator:ref:rdl_knf":"RDL000184","source:shop":"Rejestr działalności lombardowej KNF"}}]}}]}}
{"type":"FeatureCollection","features":[{"type":"Feature","properties":{"level":"0","mobile":"+48 600 532 950","name":"Cool Lombard","opening_hours":"Mo-Su 08:00-22:00; PH closed","shop":"pawnbroker","website":"https://cool-lombard.business.site/","wheelchair":"limited","operator":"Financial Enteprise sp. z o.o.","operator:ref:rdl_knf":"RDL000163","source:shop":"Rejestr działalności lombardowej KNF","@id":"node/10050844742"},"geometry":{"type":"Point","coordinates":[18.587372,54.3803396]}}],"cooperativeWork":{"meta":{"version":2,"type":1},"operations":[{"operationType":"modifyElement","data":{"id":"node/10050844742","operations":[{"operation":"setTags","data":{"operator":"Financial Enteprise sp. z o.o.","operator:ref:rdl_knf":"RDL000163","source:shop":"Rejestr działalności lombardowej KNF"}}]}}]}}
{"type":"FeatureCollection","features":[{"type":"Feature","properties":{"check_date":"2025-12-23","name":"Cool Lombard","shop":"pawnbroker","operator":"Financial Enteprise sp. z o.o.","operator:ref:rdl_knf":"RDL000163","source:shop":"Rejestr działalności lombardowej KNF","@id":"node/12128226672"},"geometry":{"type":"Point","coordinates":[18.6130077,54.3488608]}}],"cooperativeWork":{"meta":{"version":2,"type":1},"operations":[{"operationType":"modifyElement","data":{"id":"node/12128226672","operations":[{"operation":"setTags","data":{"operator":"Financial Enteprise sp. z o.o.","operator:ref:rdl_knf":"RDL000163","source:shop":"Rejestr działalności lombardowej KNF"}}]}}]}}
{"type":"FeatureCollection","features":[{"type":"Feature","properties":{"check_date":"2025-11-10","name":"Lombard","shop":"pawnbroker","operator":"Financial Enteprise sp. z o.o.","operator:ref:rdl_knf":"RDL000163","add:flat":"2","source:shop":"Rejestr działalności lombardowej KNF","@id":"node/7000039136"},"geometry":{"type":"Point","coordinates":[18.5844428,54.4204914]}}],"cooperativeWork":{"meta":{"version":2,"type":1},"operations":[{"operationType":"modifyElement","data":{"id":"node/7000039136","operations":[{"operation":"setTags","data":{"operator":"Financial Enteprise sp. z o.o.","operator:ref:rdl_knf":"RDL000163","add:flat":"2","source:shop":"Rejestr działalności lombardowej KNF"}}]}}]}}
{"type":"FeatureCollection","features":[{"type":"Feature","properties":{"opening_hours":"Mo-Fr 09:00-18:00; Sa 09:00-14:00","phone":"48586613176","shop":"pawnbroker","operator":"Financial Enteprise sp. z o.o.","operator:ref:rdl_knf":"RDL000163","add:flat":"15","source:shop":"Rejestr działalności lombardowej KNF","@id":"node/4314056617"},"geometry":{"type":"Point","coordinates":[18.528499,54.5198522]}}],"cooperativeWork":{"meta":{"version":2,"type":1},"operations":[{"operationType":"modifyElement","data":{"id":"node/4314056617","operations":[{"operation":"setTags","data":{"operator":"Financial Enteprise sp. z o.o.","operator:ref:rdl_knf":"RDL000163","add:flat":"15","source:shop":"Rejestr działalności lombardowej KNF"}}]}}]}}
{"type":"FeatureCollection","features":[{"type":"Feature","properties":{"amenity":"bureau_de_change","name":"ABC","opening_hours":"Mo-Fr 08:00-18:00; Sa 08:00-14:00","source":"survey","operator":"Gold-Money.Pl sp. z o.o.","operator:ref:rdl_knf":"RDL000211","shop":"pawnbroker","source:shop":"Rejestr działalności lombardowej KNF","@id":"node/1825276717"},"geometry":{"type":"Point","coordinates":[17.9785237,54.1224505]}}],"cooperativeWork":{"meta":{"version":2,"type":1},"operations":[{"operationType":"modifyElement","data":{"id":"node/1825276717","operations":[{"operation":"setTags","data":{"operator":"Gold-Money.Pl sp. z o.o.","operator:ref:rdl_knf":"RDL000211","shop":"pawnbroker","source:shop":"Rejestr działalności lombardowej KNF"}}]}}]}}
{"type":"FeatureCollection","features":[{"type":"Feature","properties":{"check_date":"2022-07-24","shop":"pawnbroker","operator":"Gold-Money.Pl sp. z o.o.","operator:ref:rdl_knf":"RDL000211","source:shop":"Rejestr działalności lombardowej KNF","@id":"node/9907574426"},"geometry":{"type":"Point","coordinates":[18.7976578,54.086947]}}],"cooperativeWork":{"meta":{"version":2,"type":1},"operations":[{"operationType":"modifyElement","data":{"id":"node/9907574426","operations":[{"operation":"setTags","data":{"operator":"Gold-Money.Pl sp. z o.o.","operator:ref:rdl_knf":"RDL000211","source:shop":"Rejestr działalności lombardowej KNF"}}]}}]}}
{"type":"FeatureCollection","features":[{"type":"Feature","properties":{"addr:housenumber":"11","addr:street":"Puławska","check_date":"2026-10-05","name":"Grador","opening_hours":"Mo-Fr 09:00-18:00; Sa 09:00-13:00","shop":"pawnbroker","wheelchair":"limited","operator":"Grador sp. z o.o.","operator:ref:rdl_knf":"RDL000152","addr:city":"Warszawa","addr:postcode":"02-515","source:shop":"Rejestr działalności lombardowej KNF","@id":"node/10916143813"},"geometry":{"type":"Point","coordinates":[21.0212917,52.2116104]}}],"cooperativeWork":{"meta":{"version":2,"type":1},"operations":[{"operationType":"modifyElement","data":{"id":"node/10916143813","operations":[{"operation":"setTags","data":{"operator":"Grador sp. z o.o.","operator:ref:rdl_knf":"RDL000152","addr:city":"Warszawa","addr:postcode":"02-515","source:shop":"Rejestr działalności lombardowej KNF"}}]}}]}}
{"type":"FeatureCollection","features":[{"type":"Feature","properties":{"name":"lombardKaps","shop":"pawnbroker","website":"https://www.lombardkaps.pl/Czestochowa","operator":"Grupa Kapitałowa Parkmar Inkasso Spółka Akcyjna","operator:ref:rdl_knf":"RDL000199","source:shop":"Rejestr działalności lombardowej KNF","@id":"node/9168550789"},"geometry":{"type":"Point","coordinates":[19.1240134,50.8120313]}}],"cooperativeWork":{"meta":{"version":2,"type":1},"operations":[{"operationType":"modifyElement","data":{"id":"node/9168550789","operations":[{"operation":"setTags","data":{"operator":"Grupa Kapitałowa Parkmar Inkasso Spółka Akcyjna","operator:ref:rdl_knf":"RDL000199","source:shop":"Rejestr działalności lombardowej KNF"}}]}}]}}
{"type":"FeatureCollection","features":[{"type":"Feature","properties":{"amenity":"bureau_de_change","check_date":"2026-07-10","operator":"Janov sp. z o.o.","operator:ref:rdl_knf":"RDL000207","shop":"pawnbroker","source:shop":"Rejestr działalności lombardowej KNF","@id":"node/3358914558"},"geometry":{"type":"Point","coordinates":[20.7187796,50.4697191]}}],"cooperativeWork":{"meta":{"version":2,"type":1},"operations":[{"operationType":"modifyElement","data":{"id":"node/3358914558","operations":[{"operation":"setTags","data":{"operator":"Janov sp. z o.o.","operator:ref:rdl_knf":"RDL000207","shop":"pawnbroker","source:shop":"Rejestr działalności lombardowej KNF"}}]}}]}}
{"type":"FeatureCollection","features":[{"type":"Feature","properties":{"name":"Lombard Cezar","opening_hours":"Mo-Fr 08:00-17:00","shop":"pawnbroker","operator":"Jantar sp. z o.o.","operator:ref:rdl_knf":"RDL000016","source:shop":"Rejestr działalności lombardowej KNF","@id":"node/6068396483"},"geometry":{"type":"Point","coordinates":[21.1307042,51.405789]}}],"cooperativeWork":{"meta":{"version":2,"type":1},"operations":[{"operationType":"modifyElement","data":{"id":"node/6068396483","operations":[{"operation":"setTags","data":{"operator":"Jantar sp. z o.o.","operator:ref:rdl_knf":"RDL000016","source:shop":"Rejestr działalności lombardowej KNF"}}]}}]}}
{"type":"FeatureCollection","features":[{"type":"Feature","properties":{"amenity":"bureau_de_change","operator":"Juran Gold sp. z o.o.","operator:ref:rdl_knf":"RDL000086","shop":"pawnbroker","source:shop":"Rejestr działalności lombardowej KNF","@id":"node/4805936941"},"geometry":{"type":"Point","coordinates":[18.6666861,50.294]}}],"cooperativeWork":{"meta":{"version":2,"type":1},"operations":[{"operationType":"modifyElement","data":{"id":"node/4805936941","operations":[{"operation":"setTags","data":{"operator":"Juran Gold sp. z o.o.","operator:ref:rdl_knf":"RDL000086","shop":"pawnbroker","source:shop":"Rejestr działalności lombardowej KNF"}}]}}]}}
{"type":"FeatureCollection","features":[{"type":"Feature","properties":{"amenity":"bureau_de_change","operator":"Juran Gold sp. z o.o.","operator:ref:rdl_knf":"RDL000086","shop":"pawnbroker","source:shop":"Rejestr działalności lombardowej KNF","@id":"node/13483994218"},"geometry":{"type":"Point","coordinates":[18.6719806,50.2974951]}}],"cooperativeWork":{"meta":{"version":2,"type":1},"operations":[{"operationType":"modifyElement","data":{"id":"node/13483994218","operations":[{"operation":"setTags","data":{"operator":"Juran Gold sp. z o.o.","operator:ref:rdl_knf":"RDL000086","shop":"pawnbroker","source:shop":"Rejestr działalności lombardowej KNF"}}]}}]}}
{"type":"FeatureCollection","features":[{"type":"Feature","properties":{"addr:housenumber":"35","addr:street":"Bohaterów Warszawy","check_date":"2025-10-09","check_date:opening_hours":"2025-10-09","noname":"yes","opening_hours":"Mo-Fr 10:00-19:00; Sa 09:00-15:00; PH off","shop":"pawnbroker","operator":"Kalmar sp. z o.o.","operator:ref:rdl_knf":"RDL000024","addr:city":"Warszawa","addr:postcode":"02-495","source:shop":"Rejestr działalności lombardowej KNF","@id":"node/11164939642"},"geometry":{"type":"Point","coordinates":[20.8866987,52.1950211]}}],"cooperativeWork":{"meta":{"version":2,"type":1},"operations":[{"operationType":"modifyElement","data":{"id":"node/11164939642","operations":[{"operation":"setTags","data":{"operator":"Kalmar sp. z o.o.","operator:ref:rdl_knf":"RDL000024","addr:city":"Warszawa","addr:postcode":"02-495","source:shop":"Rejestr działalności lombardowej KNF"}}]}}]}}
{"type":"FeatureCollection","features":[{"type":"Feature","properties":{"check_date":"2026-08-26","name":"Ze Złotej","opening_hours":"Mo-Fr 10:00-20:00; Sa 10:00-16:00","shop":"pawnbroker","wheelchair":"no","operator":"Lider S. J. sp. z o.o.","operator:ref:rdl_knf":"RDL000060","source:shop":"Rejestr działalności lombardowej KNF","@id":"node/8617181607"},"geometry":{"type":"Point","coordinates":[20.9932807,52.2312883]}}],"cooperativeWork":{"meta":{"version":2,"type":1},"operations":[{"operationType":"modifyElement","data":{"id":"node/8617181607","operations":[{"operation":"setTags","data":{"operator":"Lider S. J. sp. z o.o.","operator:ref:rdl_knf":"RDL000060","source:shop":"Rejestr działalności lombardowej KNF"}}]}}]}}
{"type":"FeatureCollection","features":[{"type":"Feature","properties":{"amenity":"bureau_de_change","fixme":"Check existance","level":"0","operator":"Lombard Beta sp. z o.o.","operator:ref:rdl_knf":"RDL000161","shop":"pawnbroker","source:shop":"Rejestr działalności lombardowej KNF","@id":"node/10580067175"},"geometry":{"type":"Point","coordinates":[15.2001199,53.9156636]}}],"cooperativeWork":{"meta":{"version":2,"type":1},"operations":[{"operationType":"modifyElement","data":{"id":"node/10580067175","operations":[{"operation":"setTags","data":{"operator":"Lombard Beta sp. z o.o.","operator:ref:rdl_knf":"RDL000161","shop":"pawnbroker","source:shop":"Rejestr działalności lombardowej KNF"}}]}}]}}
{"type":"FeatureCollection","features":[{"type":"Feature","properties":{"brand":"Loombard","brand:wikidata":"Q113227799","check_date":"2025-08-28","name":"Loombard","shop":"pawnbroker","wheelchair":"no","operator":"Lombard Gold sp. z o.o.","operator:ref:rdl_knf":"RDL000097","source:shop":"Rejestr działalności lombardowej KNF","@id":"node/13103333442"},"geometry":{"type":"Point","coordinates":[20.9565277,53.8632794]}}],"cooperativeWork":{"meta":{"version":2,"type":1},"operations":[{"operationType":"modifyElement","data":{"id":"node/13103333442","operations":[{"operation":"setTags","data":{"operator":"Lombard Gold sp. z o.o.","operator:ref:rdl_knf":"RDL000097","source:shop":"Rejestr działalności lombardowej KNF"}}]}}]}}
{"type":"FeatureCollection","features":[{"type":"Feature","properties":{"addr:city":"Bytom","addr:housenumber":"80","addr:postcode":"41-902","addr:street":"Marszałka Józefa Piłsudskiego","brand":"Loombard","brand:wikidata":"Q113227799","email":"pilsudskiego80@loombard.pl","name":"Loombard","opening_hours":"Mo-Su 08:00-22:00","phone":"+48 32 283 16 66","shop":"pawnbroker","operator":"Lombard Gold sp. z o.o.","operator:ref:rdl_knf":"RDL000097","source:shop":"Rejestr działalności lombardowej KNF","@id":"node/1562656767"},"geometry":{"type":"Point","coordinates":[18.9271766,50.3484195]}}],"cooperativeWork":{"meta":{"version":2,"type":1},"operations":[{"operationType":"modifyElement","data":{"id":"node/1562656767","operations":[{"operation":"setTags","data":{"operator":"Lombard Gold sp. z o.o.","operator:ref:rdl_knf":"RDL000097","source:shop":"Rejestr działalności lombardowej KNF"}}]}}]}}
{"type":"FeatureCollection","features":[{"type":"Feature","properties":{"amenity":"bureau_de_change","wheelchair":"no","operator":"Lombard Gold sp. z o.o.","operator:ref:rdl_knf":"RDL000097","brand":"Loombard","name":"Loombard","brand:wikidata":"Q113227799","add:flat":"21","shop":"pawnbroker","source:shop":"Rejestr działalności lombardowej KNF","@id":"node/945921841"},"geometry":{"type":"Point","coordinates":[23.4682861,51.1304667]}}],"cooperativeWork":{"meta":{"version":2,"type":1},"operations":[{"operationType":"modifyElement","data":{"id":"node/945921841","operations":[{"operation":"setTags","data":{"operator":"Lombard Gold sp. z o.o.","operator:ref:rdl_knf":"RDL000097","brand":"Loombard","name":"Loombard","brand:wikidata":"Q113227799","add:flat":"21","shop":"pawnbroker","source:shop":"Rejestr działalności lombardowej KNF"}}]}}]}}
{"type":"FeatureCollection","features":[{"type":"Feature","properties":{"addr:city":"Gorzów Wielkopolski","addr:housenumber":"21","addr:postcode":"66-400","addr:street":"Bolesława Chrobrego","name":"Loombard","phone":"+48 666 607 852","shop":"pawnbroker","website":"https://www.facebook.com/LombardPrzyKwadracie","operator":"Lombard Gold sp. z o.o.","operator:ref:rdl_knf":"RDL000097","brand":"Loombard","brand:wikidata":"Q113227799","add:flat":"1","source:shop":"Rejestr działalności lombardowej KNF","@id":"node/13443848817"},"geometry":{"type":"Point","coordinates":[15.2341902,52.7357876]}}],"cooperativeWork":{"meta":{"version":2,"type":1},"operations":[{"operationType":"modifyElement","data":{"id":"node/13443848817","operations":[{"operation":"setTags","data":{"name":"Loombard","operator":"Lombard Gold sp. z o.o.","operator:ref:rdl_knf":"RDL000097","brand":"Loombard","brand:wikidata":"Q113227799","add:flat":"1","source:shop":"Rejestr działalności lombardowej KNF"}}]}}]}}
{"type":"FeatureCollection","features":[{"type":"Feature","properties":{"brand":"Loombard","brand:wikidata":"Q113227799","check_date":"2025-10-25","name":"Loombard","shop":"pawnbroker","operator":"Lombard Gold sp. z o.o.","operator:ref:rdl_knf":"RDL000097","source:shop":"Rejestr działalności lombardowej KNF","@id":"node/13255765779"},"geometry":{"type":"Point","coordinates":[19.9447291,50.0673411]}}],"cooperativeWork":{"meta":{"version":2,"type":1},"operations":[{"operationType":"modifyElement","data":{"id":"node/13255765779","operations":[{"operation":"setTags","data":{"operator":"Lombard Gold sp. z o.o.","operator:ref:rdl_knf":"RDL000097","source:shop":"Rejestr działalności lombardowej KNF"}}]}}]}}
{"type":"FeatureCollection","features":[{"type":"Feature","properties":{"name":"Loombard","shop":"pawnbroker","operator":"Lombard Gold sp. z o.o.","operator:ref:rdl_knf":"RDL000097","brand":"Loombard","brand:wikidata":"Q113227799","source:shop":"Rejestr działalności lombardowej KNF","@id":"node/6274871976"},"geometry":{"type":"Point","coordinates":[20.4212109,49.7082901]}}],"cooperativeWork":{"meta":{"version":2,"type":1},"operations":[{"operationType":"modifyElement","data":{"id":"node/6274871976","operations":[{"operation":"setTags","data":{"operator":"Lombard Gold sp. z o.o.","operator:ref:rdl_knf":"RDL000097","brand":"Loombard","brand:wikidata":"Q113227799","source:shop":"Rejestr działalności lombardowej KNF"}}]}}]}}
{"type":"FeatureCollection","features":[{"type":"Feature","properties":{"check_date":"2025-12-03","name":"Loombard","opening_hours":"08:00-21:00","shop":"pawnbroker","operator":"Lombard Gold sp. z o.o.","operator:ref:rdl_knf":"RDL000097","brand":"Loombard","brand:wikidata":"Q113227799","add:flat":"10","source:shop":"Rejestr działalności lombardowej KNF","@id":"node/12244894306"},"geometry":{"type":"Point","coordinates":[22.5510297,51.2377848]}}],"cooperativeWork":{"meta":{"version":2,"type":1},"operations":[{"operationType":"modifyElement","data":{"id":"node/12244894306","operations":[{"operation":"setTags","data":{"name":"Loombard","operator":"Lombard Gold sp. z o.o.","operator:ref:rdl_knf":"RDL000097","brand":"Loombard","brand:wikidata":"Q113227799","add:flat":"10","source:shop":"Rejestr działalności lombardowej KNF"}}]}}]}}
{"type":"FeatureCollection","features":[{"type":"Feature","properties":{"branch":"pl","brand":"Loombard","brand:wikidata":"Q113227799","check_date":"2023-05-27","name":"Loombard","shop":"pawnbroker","operator":"Lombard Gold sp. z o.o.","operator:ref:rdl_knf":"RDL000097","source:shop":"Rejestr działalności lombardowej KNF","@id":"node/10931283347"},"geometry":{"type":"Point","coordinates":[22.5685933,51.2423925]}}],"cooperativeWork":{"meta":{"version":2,"type":1},"operations":[{"operationType":"modifyElement","data":{"id":"node/10931283347","operations":[{"operation":"setTags","data":{"operator":"Lombard Gold sp. z o.o.","operator:ref:rdl_knf":"RDL000097","source:shop":"Rejestr działalności lombardowej KNF"}}]}}]}}
{"type":"FeatureCollection","features":[{"type":"Feature","properties":{"amenity":"bureau_de_change","name":"Loombard","operator":"Lombard Gold sp. z o.o.","operator:ref:rdl_knf":"RDL000097","brand":"Loombard","brand:wikidata":"Q113227799","shop":"pawnbroker","source:shop":"Rejestr działalności lombardowej KNF","@id":"node/4659207200"},"geometry":{"type":"Point","coordinates":[21.4215227,50.286591]}}],"cooperativeWork":{"meta":{"version":2,"type":1},"operations":[{"operationType":"modifyElement","data":{"id":"node/4659207200","operations":[{"operation":"setTags","data":{"name":"Loombard","operator":"Lombard Gold sp. z o.o.","operator:ref:rdl_knf":"RDL000097","brand":"Loombard","brand:wikidata":"Q113227799","shop":"pawnbroker","source:shop":"Rejestr działalności lombardowej KNF"}}]}}]}}
{"type":"FeatureCollection","features":[{"type":"Feature","properties":{"name":"Loombard","shop":"pawnbroker","operator":"Lombard Gold sp. z o.o.","operator:ref:rdl_knf":"RDL000097","brand":"Loombard","brand:wikidata":"Q113227799","source:shop":"Rejestr działalności lombardowej KNF","@id":"node/11588926611"},"geometry":{"type":"Point","coordinates":[20.4917461,53.7853985]}}],"cooperativeWork":{"meta":{"version":2,"type":1},"operations":[{"operationType":"modifyElement","data":{"id":"node/11588926611","operations":[{"operation":"setTags","data":{"name":"Loombard","operator":"Lombard Gold sp. z o.o.","operator:ref:rdl_knf":"RDL000097","brand":"Loombard","brand:wikidata":"Q113227799","source:shop":"Rejestr działalności lombardowej KNF"}}]}}]}}
{"type":"FeatureCollection","features":[{"type":"Feature","properties":{"addr:housenumber":"12","addr:street":"Jana Matejki","brand":"Loombard","brand:wikidata":"Q113227799","check_date":"2026-04-15","name":"Loombard","opening_hours":"09:00-22:00","shop":"pawnbroker","wheelchair":"no","operator":"Lombard Gold sp. z o.o.","operator:ref:rdl_knf":"RDL000097","addr:city":"Rzeszów","addr:postcode":"35-064","source:shop":"Rejestr działalności lombardowej KNF","@id":"node/13732777718"},"geometry":{"type":"Point","coordinates":[22.0030808,50.0379763]}}],"cooperativeWork":{"meta":{"version":2,"type":1},"operations":[{"operationType":"modifyElement","data":{"id":"node/13732777718","operations":[{"operation":"setTags","data":{"operator":"Lombard Gold sp. z o.o.","operator:ref:rdl_knf":"RDL000097","addr:city":"Rzeszów","addr:postcode":"35-064","source:shop":"Rejestr działalności lombardowej KNF"}}]}}]}}
{"type":"FeatureCollection","features":[{"type":"Feature","properties":{"addr:city":"Rzeszów","addr:postcode":"35-029","addr:street":"Aleja Powstańców Warszawy","check_date:opening_hours":"2024-07-08","contact:allegro":"https://allegro.pl/uzytkownik/alleloombard344","contact:gg":"61018684","name":"Loombard","opening_hours":"Mo-Sa 08:00-20:00","phone":"+48 518 135 217","shop":"pawnbroker","website":"https://www.loombard.pl/location/rzeszow-alpwst-wawy-rzeszow-tsc2-sj","operator":"Lombard Gold sp. z o.o.","operator:ref:rdl_knf":"RDL000097","brand":"Loombard","brand:wikidata":"Q113227799","addr:housenumber":"1","source:shop":"Rejestr działalności lombardowej KNF","@id":"node/10234786124"},"geometry":{"type":"Point","coordinates":[22.0044898,50.0194318]}}],"cooperativeWork":{"meta":{"version":2,"type":1},"operations":[{"operationType":"modifyElement","data":{"id":"node/10234786124","operations":[{"operation":"setTags","data":{"operator":"Lombard Gold sp. z o.o.","operator:ref:rdl_knf":"RDL000097","brand":"Loombard","brand:wikidata":"Q113227799","addr:housenumber":"1","source:shop":"Rejestr działalności lombardowej KNF"}}]}}]}}
{"type":"FeatureCollection","features":[{"type":"Feature","properties":{"name":"Loombard","shop":"pawnbroker","operator":"Lombard Gold sp. z o.o.","operator:ref:rdl_knf":"RDL000097","brand":"Loombard","brand:wikidata":"Q113227799","source:shop":"Rejestr działalności lombardowej KNF","@id":"node/12580175064"},"geometry":{"type":"Point","coordinates":[22.2039631,49.5587335]}}],"cooperativeWork":{"meta":{"version":2,"type":1},"operations":[{"operationType":"modifyElement","data":{"id":"node/12580175064","operations":[{"operation":"setTags","data":{"operator":"Lombard Gold sp. z o.o.","operator:ref:rdl_knf":"RDL000097","brand":"Loombard","brand:wikidata":"Q113227799","source:shop":"Rejestr działalności lombardowej KNF"}}]}}]}}
{"type":"FeatureCollection","features":[{"type":"Feature","properties":{"check_date":"2024-11-15","level":"0","name":"Loombard","shop":"pawnbroker","operator":"Lombard Gold sp. z o.o.","operator:ref:rdl_knf":"RDL000097","brand":"Loombard","brand:wikidata":"Q113227799","source:shop":"Rejestr działalności lombardowej KNF","@id":"node/12344861118"},"geometry":{"type":"Point","coordinates":[17.0867249,51.0750203]}}],"cooperativeWork":{"meta":{"version":2,"type":1},"operations":[{"operationType":"modifyElement","data":{"id":"node/12344861118","operations":[{"operation":"setTags","data":{"operator":"Lombard Gold sp. z o.o.","operator:ref:rdl_knf":"RDL000097","brand":"Loombard","brand:wikidata":"Q113227799","source:shop":"Rejestr działalności lombardowej KNF"}}]}}]}}
{"type":"FeatureCollection","features":[{"type":"Feature","properties":{"brand":"Loombard","brand:wikidata":"Q113227799","check_date":"2025-05-20","name":"Loombard","opening_hours":"Mo-Sa 08:00-22:00; Su 09:00-22:00","shop":"pawnbroker","operator":"Lombard Gold sp. z o.o.","operator:ref:rdl_knf":"RDL000097","source:shop":"Rejestr działalności lombardowej KNF","@id":"node/1984963394"},"geometry":{"type":"Point","coordinates":[17.0310695,51.1026067]}}],"cooperativeWork":{"meta":{"version":2,"type":1},"operations":[{"operationType":"modifyElement","data":{"id":"node/1984963394","operations":[{"operation":"setTags","data":{"operator":"Lombard Gold sp. z o.o.","operator:ref:rdl_knf":"RDL000097","source:shop":"Rejestr działalności lombardowej KNF"}}]}}]}}
{"type":"FeatureCollection","features":[{"type":"Feature","properties":{"name":"Loombard","shop":"pawnbroker","wheelchair":"yes","operator":"Lombard Gold sp. z o.o.","operator:ref:rdl_knf":"RDL000097","brand":"Loombard","brand:wikidata":"Q113227799","source:shop":"Rejestr działalności lombardowej KNF","@id":"node/13867340750"},"geometry":{"type":"Point","coordinates":[17.0428849,51.0847516]}}],"cooperativeWork":{"meta":{"version":2,"type":1},"operations":[{"operationType":"modifyElement","data":{"id":"node/13867340750","operations":[{"operation":"setTags","data":{"operator":"Lombard Gold sp. z o.o.","operator:ref:rdl_knf":"RDL000097","brand":"Loombard","brand:wikidata":"Q113227799","source:shop":"Rejestr działalności lombardowej KNF"}}]}}]}}
{"type":"FeatureCollection","features":[{"type":"Feature","properties":{"brand":"Loombard","name":"Loombard","shop":"pawnbroker","operator":"Lombard Gold sp. z o.o.","operator:ref:rdl_knf":"RDL000097","brand:wikidata":"Q113227799","source:shop":"Rejestr działalności lombardowej KNF","@id":"node/13408756716"},"geometry":{"type":"Point","coordinates":[16.317085,51.8069245]}}],"cooperativeWork":{"meta":{"version":2,"type":1},"operations":[{"operationType":"modifyElement","data":{"id":"node/13408756716","operations":[{"operation":"setTags","data":{"operator":"Lombard Gold sp. z o.o.","operator:ref:rdl_knf":"RDL000097","brand:wikidata":"Q113227799","source:shop":"Rejestr działalności lombardowej KNF"}}]}}]}}
{"type":"FeatureCollection","features":[{"type":"Feature","properties":{"amenity":"bureau_de_change","opening_hours":"Mo-Fr 10:00-17:30; Sa 10:00-15:00","operator":"Lombard Gold sp. z o.o.","operator:ref:rdl_knf":"RDL000097","brand":"Loombard","name":"Loombard","brand:wikidata":"Q113227799","shop":"pawnbroker","source:shop":"Rejestr działalności lombardowej KNF","@id":"node/4697509889"},"geometry":{"type":"Point","coordinates":[23.2521635,50.7253946]}}],"cooperativeWork":{"meta":{"version":2,"type":1},"operations":[{"operationType":"modifyElement","data":{"id":"node/4697509889","operations":[{"operation":"setTags","data":{"operator":"Lombard Gold sp. z o.o.","operator:ref:rdl_knf":"RDL000097","brand":"Loombard","name":"Loombard","brand:wikidata":"Q113227799","shop":"pawnbroker","source:shop":"Rejestr działalności lombardowej KNF"}}]}}]}}
{"type":"FeatureCollection","features":[{"type":"Feature","properties":{"name":"Loombard","name:ru":"Ломбард","shop":"pawnbroker","operator":"Lombard Gold sp. z o.o.","operator:ref:rdl_knf":"RDL000097","brand":"Loombard","brand:wikidata":"Q113227799","source:shop":"Rejestr działalności lombardowej KNF","@id":"node/9583557617"},"geometry":{"type":"Point","coordinates":[15.5125611,51.9469909]}}],"cooperativeWork":{"meta":{"version":2,"type":1},"operations":[{"operationType":"modifyElement","data":{"id":"node/9583557617","operations":[{"operation":"setTags","data":{"operator":"Lombard Gold sp. z o.o.","operator:ref:rdl_knf":"RDL000097","brand":"Loombard","brand:wikidata":"Q113227799","source:shop":"Rejestr działalności lombardowej KNF"}}]}}]}}
{"type":"FeatureCollection","features":[{"type":"Feature","properties":{"addr:city":"Zielona Góra","addr:housenumber":"5","addr:postcode":"65-536","addr:street":"Stefana Wyszyńskiego","name":"Loombard","shop":"pawnbroker","operator":"Lombard Gold sp. z o.o.","operator:ref:rdl_knf":"RDL000097","brand":"Loombard","brand:wikidata":"Q113227799","source:shop":"Rejestr działalności lombardowej KNF","@id":"node/6440708979"},"geometry":{"type":"Point","coordinates":[15.4935043,51.9289749]}}],"cooperativeWork":{"meta":{"version":2,"type":1},"operations":[{"operationType":"modifyElement","data":{"id":"node/6440708979","operations":[{"operation":"setTags","data":{"operator":"Lombard Gold sp. z o.o.","operator:ref:rdl_knf":"RDL000097","brand":"Loombard","brand:wikidata":"Q113227799","source:shop":"Rejestr działalności lombardowej KNF"}}]}}]}}
{"type":"FeatureCollection","features":[{"type":"Feature","properties":{"operator":"Lombard Gold sp. z o.o.","operator:ref:rdl_knf":"RDL000097","brand":"Loombard","name":"Loombard","brand:wikidata":"Q113227799","shop":"pawnbroker","source:shop":"Rejestr działalności lombardowej KNF","@id":"node/6415860237"},"geometry":{"type":"Point","coordinates":[16.4958052,50.9409865]}}],"cooperativeWork":{"meta":{"version":2,"type":1},"operations":[{"operationType":"modifyElement","data":{"id":"node/6415860237","operations":[{"operation":"setTags","data":{"operator":"Lombard Gold sp. z o.o.","operator:ref:rdl_knf":"RDL000097","brand":"Loombard","name":"Loombard","brand:wikidata":"Q113227799","shop":"pawnbroker","source:shop":"Rejestr działalności lombardowej KNF"}}]}}]}}
{"type":"FeatureCollection","features":[{"type":"Feature","properties":{"shop":"pawnbroker","operator":"Lombard Grosz Kalisz sp. z o.o.","operator:ref:rdl_knf":"RDL000050","source:shop":"Rejestr działalności lombardowej KNF","@id":"node/12377343463"},"geometry":{"type":"Point","coordinates":[18.0915239,51.7635262]}}],"cooperativeWork":{"meta":{"version":2,"type":1},"operations":[{"operationType":"modifyElement","data":{"id":"node/12377343463","operations":[{"operation":"setTags","data":{"operator":"Lombard Grosz Kalisz sp. z o.o.","operator:ref:rdl_knf":"RDL000050","source:shop":"Rejestr działalności lombardowej KNF"}}]}}]}}
{"type":"FeatureCollection","features":[{"type":"Feature","properties":{"name":"Lombard - Komis - Serwis telefonów","opening_hours":"Mo-Fr 10:00-18:00; Sa 10:00-14:00","shop":"pawnbroker","operator":"Lombard Halo Gsm sp. z o.o.","operator:ref:rdl_knf":"RDL000007","source:shop":"Rejestr działalności lombardowej KNF","@id":"node/4262611850"},"geometry":{"type":"Point","coordinates":[19.4457968,51.7695033]}}],"cooperativeWork":{"meta":{"version":2,"type":1},"operations":[{"operationType":"modifyElement","data":{"id":"node/4262611850","operations":[{"operation":"setTags","data":{"operator":"Lombard Halo Gsm sp. z o.o.","operator:ref:rdl_knf":"RDL000007","source:shop":"Rejestr działalności lombardowej KNF"}}]}}]}}
{"type":"FeatureCollection","features":[{"type":"Feature","properties":{"amenity":"bureau_de_change","level":"0","wheelchair":"yes","operator":"Lombard Kaps 4 sp. z o.o.","operator:ref:rdl_knf":"RDL000106","shop":"pawnbroker","source:shop":"Rejestr działalności lombardowej KNF","@id":"node/13128384567"},"geometry":{"type":"Point","coordinates":[19.2722554,50.2028167]}}],"cooperativeWork":{"meta":{"version":2,"type":1},"operations":[{"operationType":"modifyElement","data":{"id":"node/13128384567","operations":[{"operation":"setTags","data":{"operator":"Lombard Kaps 4 sp. z o.o.","operator:ref:rdl_knf":"RDL000106","shop":"pawnbroker","source:shop":"Rejestr działalności lombardowej KNF"}}]}}]}}
{"type":"FeatureCollection","features":[{"type":"Feature","properties":{"amenity":"bureau_de_change","level":"0","name":"Loombard","phone":"+48 691 828 790","operator":"Lombard Medium  sp. z o.o.","operator:ref:rdl_knf":"RDL000104","brand":"Loombard","brand:wikidata":"Q113227799","shop":"pawnbroker","source:shop":"Rejestr działalności lombardowej KNF","@id":"node/3994337477"},"geometry":{"type":"Point","coordinates":[18.692764,52.8768508]}}],"cooperativeWork":{"meta":{"version":2,"type":1},"operations":[{"operationType":"modifyElement","data":{"id":"node/3994337477","operations":[{"operation":"setTags","data":{"name":"Loombard","operator":"Lombard Medium  sp. z o.o.","operator:ref:rdl_knf":"RDL000104","brand":"Loombard","brand:wikidata":"Q113227799","shop":"pawnbroker","source:shop":"Rejestr działalności lombardowej KNF"}}]}}]}}
{"type":"FeatureCollection","features":[{"type":"Feature","properties":{"shop":"pawnbroker","operator":"Lombard Medium  sp. z o.o.","operator:ref:rdl_knf":"RDL000104","brand":"Loombard","name":"Loombard","brand:wikidata":"Q113227799","source:shop":"Rejestr działalności lombardowej KNF","@id":"node/10131371774"},"geometry":{"type":"Point","coordinates":[19.0621069,49.8071189]}}],"cooperativeWork":{"meta":{"version":2,"type":1},"operations":[{"operationType":"modifyElement","data":{"id":"node/10131371774","operations":[{"operation":"setTags","data":{"operator":"Lombard Medium  sp. z o.o.","operator:ref:rdl_knf":"RDL000104","brand":"Loombard","name":"Loombard","brand:wikidata":"Q113227799","source:shop":"Rejestr działalności lombardowej KNF"}}]}}]}}
{"type":"FeatureCollection","features":[{"type":"Feature","properties":{"brand":"Loombard","brand:wikidata":"Q113227799","name":"Loombard","shop":"pawnbroker","operator":"Lombard Medium  sp. z o.o.","operator:ref:rdl_knf":"RDL000104","source:shop":"Rejestr działalności lombardowej KNF","@id":"node/12359946810"},"geometry":{"type":"Point","coordinates":[15.8295106,52.8350635]}}],"cooperativeWork":{"meta":{"version":2,"type":1},"operations":[{"operationType":"modifyElement","data":{"id":"node/12359946810","operations":[{"operation":"setTags","data":{"operator":"Lombard Medium  sp. z o.o.","operator:ref:rdl_knf":"RDL000104","source:shop":"Rejestr działalności lombardowej KNF"}}]}}]}}
{"type":"FeatureCollection","features":[{"type":"Feature","properties":{"name":"Loombard","opening_hours":"Mo-Sa 08:00-21:00; Su 08:00-18:00","shop":"pawnbroker","operator":"Lombard Medium  sp. z o.o.","operator:ref:rdl_knf":"RDL000104","brand":"Loombard","brand:wikidata":"Q113227799","source:shop":"Rejestr działalności lombardowej KNF","@id":"node/12842649295"},"geometry":{"type":"Point","coordinates":[18.5375376,54.4832656]}}],"cooperativeWork":{"meta":{"version":2,"type":1},"operations":[{"operationType":"modifyElement","data":{"id":"node/12842649295","operations":[{"operation":"setTags","data":{"operator":"Lombard Medium  sp. z o.o.","operator:ref:rdl_knf":"RDL000104","brand":"Loombard","brand:wikidata":"Q113227799","source:shop":"Rejestr działalności lombardowej KNF"}}]}}]}}
{"type":"FeatureCollection","features":[{"type":"Feature","properties":{"shop":"pawnbroker","operator":"Lombard Medium  sp. z o.o.","operator:ref:rdl_knf":"RDL000104","brand":"Loombard","name":"Loombard","brand:wikidata":"Q113227799","source:shop":"Rejestr działalności lombardowej KNF","@id":"node/5514912631"},"geometry":{"type":"Point","coordinates":[19.0523879,53.1098129]}}],"cooperativeWork":{"meta":{"version":2,"type":1},"operations":[{"operationType":"modifyElement","data":{"id":"node/5514912631","operations":[{"operation":"setTags","data":{"operator":"Lombard Medium  sp. z o.o.","operator:ref:rdl_knf":"RDL000104","brand":"Loombard","name":"Loombard","brand:wikidata":"Q113227799","source:shop":"Rejestr działalności lombardowej KNF"}}]}}]}}
{"type":"FeatureCollection","features":[{"type":"Feature","properties":{"name":"Loombard","shop":"pawnbroker","operator":"Lombard Medium  sp. z o.o.","operator:ref:rdl_knf":"RDL000104","brand":"Loombard","brand:wikidata":"Q113227799","source:shop":"Rejestr działalności lombardowej KNF","@id":"node/11470977808"},"geometry":{"type":"Point","coordinates":[23.5843822,52.7386026]}}],"cooperativeWork":{"meta":{"version":2,"type":1},"operations":[{"operationType":"modifyElement","data":{"id":"node/11470977808","operations":[{"operation":"setTags","data":{"operator":"Lombard Medium  sp. z o.o.","operator:ref:rdl_knf":"RDL000104","brand":"Loombard","brand:wikidata":"Q113227799","source:shop":"Rejestr działalności lombardowej KNF"}}]}}]}}
{"type":"FeatureCollection","features":[{"type":"Feature","properties":{"brand":"Loombard","brand:wikidata":"Q113227799","check_date":"2026-01-17","name":"Loombard","shop":"pawnbroker","operator":"Lombard Medium  sp. z o.o.","operator:ref:rdl_knf":"RDL000104","source:shop":"Rejestr działalności lombardowej KNF","@id":"node/13462342223"},"geometry":{"type":"Point","coordinates":[20.3035039,50.6393387]}}],"cooperativeWork":{"meta":{"version":2,"type":1},"operations":[{"operationType":"modifyElement","data":{"id":"node/13462342223","operations":[{"operation":"setTags","data":{"operator":"Lombard Medium  sp. z o.o.","operator:ref:rdl_knf":"RDL000104","source:shop":"Rejestr działalności lombardowej KNF"}}]}}]}}
{"type":"FeatureCollection","features":[{"type":"Feature","properties":{"name":"Loombard","opening_hours":"Mo-Su 08:00-21:00","shop":"pawnbroker","operator":"Lombard Medium  sp. z o.o.","operator:ref:rdl_knf":"RDL000104","brand":"Loombard","brand:wikidata":"Q113227799","source:shop":"Rejestr działalności lombardowej KNF","@id":"node/8109697293"},"geometry":{"type":"Point","coordinates":[20.0226253,50.0828061]}}],"cooperativeWork":{"meta":{"version":2,"type":1},"operations":[{"operationType":"modifyElement","data":{"id":"node/8109697293","operations":[{"operation":"setTags","data":{"name":"Loombard","operator":"Lombard Medium  sp. z o.o.","operator:ref:rdl_knf":"RDL000104","brand":"Loombard","brand:wikidata":"Q113227799","source:shop":"Rejestr działalności lombardowej KNF"}}]}}]}}
{"type":"FeatureCollection","features":[{"type":"Feature","properties":{"name":"Loombard","opening_hours":"Mo-Su 08:00-21:00","shop":"pawnbroker","operator":"Lombard Medium  sp. z o.o.","operator:ref:rdl_knf":"RDL000104","brand":"Loombard","brand:wikidata":"Q113227799","source:shop":"Rejestr działalności lombardowej KNF","@id":"node/12945922079"},"geometry":{"type":"Point","coordinates":[20.0114961,50.0940693]}}],"cooperativeWork":{"meta":{"version":2,"type":1},"operations":[{"operationType":"modifyElement","data":{"id":"node/12945922079","operations":[{"operation":"setTags","data":{"operator":"Lombard Medium  sp. z o.o.","operator:ref:rdl_knf":"RDL000104","brand":"Loombard","brand:wikidata":"Q113227799","source:shop":"Rejestr działalności lombardowej KNF"}}]}}]}}
{"type":"FeatureCollection","features":[{"type":"Feature","properties":{"email":"starowislnaloombard@gmail.com","facebook":"https://www.facebook.com/LombardKrakow/","name":"Loombard","phone":"48500015797","shop":"pawnbroker","operator":"Lombard Medium  sp. z o.o.","operator:ref:rdl_knf":"RDL000104","brand":"Loombard","brand:wikidata":"Q113227799","source:shop":"Rejestr działalności lombardowej KNF","@id":"node/12656690506"},"geometry":{"type":"Point","coordinates":[19.9443359,50.0576551]}}],"cooperativeWork":{"meta":{"version":2,"type":1},"operations":[{"operationType":"modifyElement","data":{"id":"node/12656690506","operations":[{"operation":"setTags","data":{"name":"Loombard","operator":"Lombard Medium  sp. z o.o.","operator:ref:rdl_knf":"RDL000104","brand":"Loombard","brand:wikidata":"Q113227799","source:shop":"Rejestr działalności lombardowej KNF"}}]}}]}}
{"type":"FeatureCollection","features":[{"type":"Feature","properties":{"brand":"Loombard","brand:wikidata":"Q113227799","check_date":"2025-01-01","name":"Loombard","shop":"pawnbroker","operator":"Lombard Medium  sp. z o.o.","operator:ref:rdl_knf":"RDL000104","source:shop":"Rejestr działalności lombardowej KNF","@id":"node/6468738810"},"geometry":{"type":"Point","coordinates":[20.0098492,50.0158216]}}],"cooperativeWork":{"meta":{"version":2,"type":1},"operations":[{"operationType":"modifyElement","data":{"id":"node/6468738810","operations":[{"operation":"setTags","data":{"operator":"Lombard Medium  sp. z o.o.","operator:ref:rdl_knf":"RDL000104","source:shop":"Rejestr działalności lombardowej KNF"}}]}}]}}
{"type":"FeatureCollection","features":[{"type":"Feature","properties":{"brand":"Loombard","brand:wikidata":"Q113227799","check_date":"2025-12-21","name":"Loombard","shop":"pawnbroker","wheelchair":"yes","operator":"Lombard Medium  sp. z o.o.","operator:ref:rdl_knf":"RDL000104","source:shop":"Rejestr działalności lombardowej KNF","@id":"node/5420844155"},"geometry":{"type":"Point","coordinates":[19.9863113,50.0184877]}}],"cooperativeWork":{"meta":{"version":2,"type":1},"operations":[{"operationType":"modifyElement","data":{"id":"node/5420844155","operations":[{"operation":"setTags","data":{"operator":"Lombard Medium  sp. z o.o.","operator:ref:rdl_knf":"RDL000104","source:shop":"Rejestr działalności lombardowej KNF"}}]}}]}}
{"type":"FeatureCollection","features":[{"type":"Feature","properties":{"name":"Loombard","opening_hours":"08:00-21:00","shop":"pawnbroker","operator":"Lombard Medium  sp. z o.o.","operator:ref:rdl_knf":"RDL000104","brand":"Loombard","brand:wikidata":"Q113227799","source:shop":"Rejestr działalności lombardowej KNF","@id":"node/1691398860"},"geometry":{"type":"Point","coordinates":[19.89503,50.0797863]}}],"cooperativeWork":{"meta":{"version":2,"type":1},"operations":[{"operationType":"modifyElement","data":{"id":"node/1691398860","operations":[{"operation":"setTags","data":{"operator":"Lombard Medium  sp. z o.o.","operator:ref:rdl_knf":"RDL000104","brand":"Loombard","brand:wikidata":"Q113227799","source:shop":"Rejestr działalności lombardowej KNF"}}]}}]}}
{"type":"FeatureCollection","features":[{"type":"Feature","properties":{"check_date":"2023-09-15","name":"Loombard","opening_hours":"08:00-21:00","shop":"pawnbroker","operator":"Lombard Medium  sp. z o.o.","operator:ref:rdl_knf":"RDL000104","brand":"Loombard","brand:wikidata":"Q113227799","source:shop":"Rejestr działalności lombardowej KNF","@id":"node/9337820011"},"geometry":{"type":"Point","coordinates":[19.9279623,50.0680279]}}],"cooperativeWork":{"meta":{"version":2,"type":1},"operations":[{"operationType":"modifyElement","data":{"id":"node/9337820011","operations":[{"operation":"setTags","data":{"operator":"Lombard Medium  sp. z o.o.","operator:ref:rdl_knf":"RDL000104","brand":"Loombard","brand:wikidata":"Q113227799","source:shop":"Rejestr działalności lombardowej KNF"}}]}}]}}
{"type":"FeatureCollection","features":[{"type":"Feature","properties":{"addr:city":"Leżajsk","addr:housenumber":"11","addr:postcode":"37-300","addr:street":"Adama Mickiewicza","amenity":"bureau_de_change","operator":"Lombard Medium  sp. z o.o.","operator:ref:rdl_knf":"RDL000104","brand":"Loombard","name":"Loombard","brand:wikidata":"Q113227799","shop":"pawnbroker","source:shop":"Rejestr działalności lombardowej KNF","@id":"node/5034382493"},"geometry":{"type":"Point","coordinates":[22.4216023,50.2541158]}}],"cooperativeWork":{"meta":{"version":2,"type":1},"operations":[{"operationType":"modifyElement","data":{"id":"node/5034382493","operations":[{"operation":"setTags","data":{"operator":"Lombard Medium  sp. z o.o.","operator:ref:rdl_knf":"RDL000104","brand":"Loombard","name":"Loombard","brand:wikidata":"Q113227799","shop":"pawnbroker","source:shop":"Rejestr działalności lombardowej KNF"}}]}}]}}
{"type":"FeatureCollection","features":[{"type":"Feature","properties":{"name":"Loombard","shop":"pawnbroker","operator":"Lombard Medium  sp. z o.o.","operator:ref:rdl_knf":"RDL000104","brand":"Loombard","brand:wikidata":"Q113227799","source:shop":"Rejestr działalności lombardowej KNF","@id":"node/10107265526"},"geometry":{"type":"Point","coordinates":[15.8892288,52.601628]}}],"cooperativeWork":{"meta":{"version":2,"type":1},"operations":[{"operationType":"modifyElement","data":{"id":"node/10107265526","operations":[{"operation":"setTags","data":{"name":"Loombard","operator":"Lombard Medium  sp. z o.o.","operator:ref:rdl_knf":"RDL000104","brand":"Loombard","brand:wikidata":"Q113227799","source:shop":"Rejestr działalności lombardowej KNF"}}]}}]}}
{"type":"FeatureCollection","features":[{"type":"Feature","properties":{"addr:postcode":"56-300","name":"Loombard","opening_hours":"Mo-Su 08:00-21:00","phone":"+48 71 384 45 09","shop":"pawnbroker","website":"https://www.loombard.pl/lombard/milicz/wroclawska-6-milicz/","operator":"Lombard Medium  sp. z o.o.","operator:ref:rdl_knf":"RDL000104","addr:city":"Milicz","brand":"Loombard","brand:wikidata":"Q113227799","addr:housenumber":"6","addr:street":"Wrocławska","source:shop":"Rejestr działalności lombardowej KNF","@id":"node/5237029723"},"geometry":{"type":"Point","coordinates":[17.2748776,51.5300937]}}],"cooperativeWork":{"meta":{"version":2,"type":1},"operations":[{"operationType":"modifyElement","data":{"id":"node/5237029723","operations":[{"operation":"setTags","data":{"name":"Loombard","operator":"Lombard Medium  sp. z o.o.","operator:ref:rdl_knf":"RDL000104","addr:city":"Milicz","brand":"Loombard","brand:wikidata":"Q113227799","addr:housenumber":"6","addr:street":"Wrocławska","source:shop":"Rejestr działalności lombardowej KNF"}}]}}]}}
{"type":"FeatureCollection","features":[{"type":"Feature","properties":{"shop":"pawnbroker","operator":"Lombard Medium  sp. z o.o.","operator:ref:rdl_knf":"RDL000104","brand":"Loombard","name":"Loombard","brand:wikidata":"Q113227799","source:shop":"Rejestr działalności lombardowej KNF","@id":"node/6565027075"},"geometry":{"type":"Point","coordinates":[17.722542,51.0745803]}}],"cooperativeWork":{"meta":{"version":2,"type":1},"operations":[{"operationType":"modifyElement","data":{"id":"node/6565027075","operations":[{"operation":"setTags","data":{"operator":"Lombard Medium  sp. z o.o.","operator:ref:rdl_knf":"RDL000104","brand":"Loombard","name":"Loombard","brand:wikidata":"Q113227799","source:shop":"Rejestr działalności lombardowej KNF"}}]}}]}}
{"type":"FeatureCollection","features":[{"type":"Feature","properties":{"shop":"pawnbroker","operator":"Lombard Medium  sp. z o.o.","operator:ref:rdl_knf":"RDL000104","brand":"Loombard","name":"Loombard","brand:wikidata":"Q113227799","source:shop":"Rejestr działalności lombardowej KNF","@id":"node/13290564679"},"geometry":{"type":"Point","coordinates":[16.1320027,52.3156314]}}],"cooperativeWork":{"meta":{"version":2,"type":1},"operations":[{"operationType":"modifyElement","data":{"id":"node/13290564679","operations":[{"operation":"setTags","data":{"operator":"Lombard Medium  sp. z o.o.","operator:ref:rdl_knf":"RDL000104","brand":"Loombard","name":"Loombard","brand:wikidata":"Q113227799","source:shop":"Rejestr działalności lombardowej KNF"}}]}}]}}
{"type":"FeatureCollection","features":[{"type":"Feature","properties":{"name":"Loombard","opening_hours":"Mo-Fr 09:00-17:00; Sa 09:00-13:00","shop":"pawnbroker","operator":"Lombard Medium  sp. z o.o.","operator:ref:rdl_knf":"RDL000104","brand":"Loombard","brand:wikidata":"Q113227799","source:shop":"Rejestr działalności lombardowej KNF","@id":"node/6141050804"},"geometry":{"type":"Point","coordinates":[18.4218275,50.8770604]}}],"cooperativeWork":{"meta":{"version":2,"type":1},"operations":[{"operationType":"modifyElement","data":{"id":"node/6141050804","operations":[{"operation":"setTags","data":{"name":"Loombard","operator":"Lombard Medium  sp. z o.o.","operator:ref:rdl_knf":"RDL000104","brand":"Loombard","brand:wikidata":"Q113227799","source:shop":"Rejestr działalności lombardowej KNF"}}]}}]}}
{"type":"FeatureCollection","features":[{"type":"Feature","properties":{"addr:housenumber":"17B","addr:street":"Aleja Tysiąclecia","shop":"pawnbroker","operator":"Lombard Medium  sp. z o.o.","operator:ref:rdl_knf":"RDL000104","addr:city":"Oświęcim","addr:postcode":"32-600","brand":"Loombard","name":"Loombard","brand:wikidata":"Q113227799","source:shop":"Rejestr działalności lombardowej KNF","@id":"node/1704831378"},"geometry":{"type":"Point","coordinates":[19.2427106,50.035373]}}],"cooperativeWork":{"meta":{"version":2,"type":1},"operations":[{"operationType":"modifyElement","data":{"id":"node/1704831378","operations":[{"operation":"setTags","data":{"operator":"Lombard Medium  sp. z o.o.","operator:ref:rdl_knf":"RDL000104","addr:city":"Oświęcim","addr:postcode":"32-600","brand":"Loombard","name":"Loombard","brand:wikidata":"Q113227799","source:shop":"Rejestr działalności lombardowej KNF"}}]}}]}}
{"type":"FeatureCollection","features":[{"type":"Feature","properties":{"check_date:opening_hours":"2024-11-12","name":"Loombard","opening_hours":"Mo-Sa 09:00-20:00","shop":"pawnbroker","operator":"Lombard Medium  sp. z o.o.","operator:ref:rdl_knf":"RDL000104","brand":"Loombard","brand:wikidata":"Q113227799","source:shop":"Rejestr działalności lombardowej KNF","@id":"node/7046606483"},"geometry":{"type":"Point","coordinates":[21.2598771,52.1056237]}}],"cooperativeWork":{"meta":{"version":2,"type":1},"operations":[{"operationType":"modifyElement","data":{"id":"node/7046606483","operations":[{"operation":"setTags","data":{"operator":"Lombard Medium  sp. z o.o.","operator:ref:rdl_knf":"RDL000104","brand":"Loombard","brand:wikidata":"Q113227799","source:shop":"Rejestr działalności lombardowej KNF"}}]}}]}}
{"type":"FeatureCollection","features":[{"type":"Feature","properties":{"brand":"Loombard","brand:wikidata":"Q113227799","name":"Loombard","shop":"pawnbroker","operator":"Lombard Medium  sp. z o.o.","operator:ref:rdl_knf":"RDL000104","source:shop":"Rejestr działalności lombardowej KNF","@id":"node/10616793013"},"geometry":{"type":"Point","coordinates":[18.6263338,50.398238]}}],"cooperativeWork":{"meta":{"version":2,"type":1},"operations":[{"operationType":"modifyElement","data":{"id":"node/10616793013","operations":[{"operation":"setTags","data":{"operator":"Lombard Medium  sp. z o.o.","operator:ref:rdl_knf":"RDL000104","source:shop":"Rejestr działalności lombardowej KNF"}}]}}]}}
{"type":"FeatureCollection","features":[{"type":"Feature","properties":{"amenity":"bureau_de_change","name":"Loombard","operator":"Lombard Medium  sp. z o.o.","operator:ref:rdl_knf":"RDL000104","brand":"Loombard","brand:wikidata":"Q113227799","shop":"pawnbroker","source:shop":"Rejestr działalności lombardowej KNF","@id":"node/2454623389"},"geometry":{"type":"Point","coordinates":[22.6194019,51.7834139]}}],"cooperativeWork":{"meta":{"version":2,"type":1},"operations":[{"operationType":"modifyElement","data":{"id":"node/2454623389","operations":[{"operation":"setTags","data":{"name":"Loombard","operator":"Lombard Medium  sp. z o.o.","operator:ref:rdl_knf":"RDL000104","brand":"Loombard","brand:wikidata":"Q113227799","shop":"pawnbroker","source:shop":"Rejestr działalności lombardowej KNF"}}]}}]}}
{"type":"FeatureCollection","features":[{"type":"Feature","properties":{"brand":"Loombard","brand:wikidata":"Q113227799","name":"Loombard","opening_hours":"Mo-Fr 08:00-16:00; Sa 08:00-14:00; PH,Su off","shop":"pawnbroker","operator":"Lombard Medium  sp. z o.o.","operator:ref:rdl_knf":"RDL000104","add:flat":"39","source:shop":"Rejestr działalności lombardowej KNF","@id":"node/7727932896"},"geometry":{"type":"Point","coordinates":[20.8683519,51.1150397]}}],"cooperativeWork":{"meta":{"version":2,"type":1},"operations":[{"operationType":"modifyElement","data":{"id":"node/7727932896","operations":[{"operation":"setTags","data":{"operator":"Lombard Medium  sp. z o.o.","operator:ref:rdl_knf":"RDL000104","add:flat":"39","source:shop":"Rejestr działalności lombardowej KNF"}}]}}]}}
{"type":"FeatureCollection","features":[{"type":"Feature","properties":{"addr:city:simc":"975760","addr:street:sym_ul":"8431","brand":"Loombard","brand:wikidata":"Q113227799","name":"Loombard","shop":"pawnbroker","source:addr":"emuia.gugik.gov.pl","website":"https://www.loombard.pl/","operator":"Lombard Medium  sp. z o.o.","operator:ref:rdl_knf":"RDL000104","addr:city":"Sokołów Podlaski","addr:postcode":"08-300","addr:housenumber":"16","addr:street":"Kilińskiego","source:shop":"Rejestr działalności lombardowej KNF","@id":"node/3834622452"},"geometry":{"type":"Point","coordinates":[22.2533721,52.406815]}}],"cooperativeWork":{"meta":{"version":2,"type":1},"operations":[{"operationType":"modifyElement","data":{"id":"node/3834622452","operations":[{"operation":"setTags","data":{"operator":"Lombard Medium  sp. z o.o.","operator:ref:rdl_knf":"RDL000104","addr:city":"Sokołów Podlaski","addr:postcode":"08-300","addr:housenumber":"16","addr:street":"Kilińskiego","source:shop":"Rejestr działalności lombardowej KNF"}}]}}]}}
{"type":"FeatureCollection","features":[{"type":"Feature","properties":{"addr:housenumber":"128B","addr:street":"Grójecka","brand":"Loombard","brand:wikidata":"Q113227799","check_date":"2025-09-17","level":"0","name":"Loombard","opening_hours":"Mo-Sa 08:00-21:00; Su 10:00-18:00","shop":"pawnbroker","wheelchair":"limited","operator":"Lombard Medium  sp. z o.o.","operator:ref:rdl_knf":"RDL000104","addr:city":"Warszawa","addr:postcode":"02-383","source:shop":"Rejestr działalności lombardowej KNF","@id":"node/13150321101"},"geometry":{"type":"Point","coordinates":[20.969683,52.2040168]}}],"cooperativeWork":{"meta":{"version":2,"type":1},"operations":[{"operationType":"modifyElement","data":{"id":"node/13150321101","operations":[{"operation":"setTags","data":{"operator":"Lombard Medium  sp. z o.o.","operator:ref:rdl_knf":"RDL000104","addr:city":"Warszawa","addr:postcode":"02-383","source:shop":"Rejestr działalności lombardowej KNF"}}]}}]}}
{"type":"FeatureCollection","features":[{"type":"Feature","properties":{"addr:housenumber":"103","addr:street":"Puławska","brand":"Loombard","brand:wikidata":"Q113227799","check_date":"2026-07-13","name":"Loombard","opening_hours":"Mo-Sa 08:15-13:30,14:00-20:45; Su 10:00-18:00","shop":"pawnbroker","wheelchair":"limited","operator":"Lombard Medium  sp. z o.o.","operator:ref:rdl_knf":"RDL000104","addr:city":"Warszawa","addr:postcode":"02-595","source:shop":"Rejestr działalności lombardowej KNF","@id":"node/11132310597"},"geometry":{"type":"Point","coordinates":[21.0245682,52.1968434]}}],"cooperativeWork":{"meta":{"version":2,"type":1},"operations":[{"operationType":"modifyElement","data":{"id":"node/11132310597","operations":[{"operation":"setTags","data":{"operator":"Lombard Medium  sp. z o.o.","operator:ref:rdl_knf":"RDL000104","addr:city":"Warszawa","addr:postcode":"02-595","source:shop":"Rejestr działalności lombardowej KNF"}}]}}]}}
{"type":"FeatureCollection","features":[{"type":"Feature","properties":{"addr:housenumber":"17","addr:street":"Aleja Generała Antoniego Chruściela „Montera”","brand":"Loombard","brand:wikidata":"Q113227799","check_date":"2024-11-03","name":"Loombard","opening_hours":"Mo-Sa 08:15-20:45; Su 10:00-18:00","shop":"pawnbroker","wheelchair":"limited","operator":"Lombard Medium  sp. z o.o.","operator:ref:rdl_knf":"RDL000104","addr:city":"Warszawa","addr:postcode":"04-454","source:shop":"Rejestr działalności lombardowej KNF","@id":"node/11084409799"},"geometry":{"type":"Point","coordinates":[21.1606351,52.2588879]}}],"cooperativeWork":{"meta":{"version":2,"type":1},"operations":[{"operationType":"modifyElement","data":{"id":"node/11084409799","operations":[{"operation":"setTags","data":{"operator":"Lombard Medium  sp. z o.o.","operator:ref:rdl_knf":"RDL000104","addr:city":"Warszawa","addr:postcode":"04-454","source:shop":"Rejestr działalności lombardowej KNF"}}]}}]}}
{"type":"FeatureCollection","features":[{"type":"Feature","properties":{"shop":"pawnbroker","operator":"Lombard Medium  sp. z o.o.","operator:ref:rdl_knf":"RDL000104","brand":"Loombard","name":"Loombard","brand:wikidata":"Q113227799","source:shop":"Rejestr działalności lombardowej KNF","@id":"node/13020553701"},"geometry":{"type":"Point","coordinates":[20.9374376,52.274966]}}],"cooperativeWork":{"meta":{"version":2,"type":1},"operations":[{"operationType":"modifyElement","data":{"id":"node/13020553701","operations":[{"operation":"setTags","data":{"operator":"Lombard Medium  sp. z o.o.","operator:ref:rdl_knf":"RDL000104","brand":"Loombard","name":"Loombard","brand:wikidata":"Q113227799","source:shop":"Rejestr działalności lombardowej KNF"}}]}}]}}
{"type":"FeatureCollection","features":[{"type":"Feature","properties":{"brand":"Loombard","brand:wikidata":"Q113227799","name":"Loombard","shop":"pawnbroker","operator":"Lombard Medium  sp. z o.o.","operator:ref:rdl_knf":"RDL000104","source:shop":"Rejestr działalności lombardowej KNF","@id":"node/1783313951"},"geometry":{"type":"Point","coordinates":[21.0195871,52.2912848]}}],"cooperativeWork":{"meta":{"version":2,"type":1},"operations":[{"operationType":"modifyElement","data":{"id":"node/1783313951","operations":[{"operation":"setTags","data":{"operator":"Lombard Medium  sp. z o.o.","operator:ref:rdl_knf":"RDL000104","source:shop":"Rejestr działalności lombardowej KNF"}}]}}]}}
{"type":"FeatureCollection","features":[{"type":"Feature","properties":{"brand":"Loombard","brand:wikidata":"Q113227799","name":"Loombard","shop":"pawnbroker","operator":"Lombard Medium  sp. z o.o.","operator:ref:rdl_knf":"RDL000104","source:shop":"Rejestr działalności lombardowej KNF","@id":"node/12251343130"},"geometry":{"type":"Point","coordinates":[18.9545049,53.2796752]}}],"cooperativeWork":{"meta":{"version":2,"type":1},"operations":[{"operationType":"modifyElement","data":{"id":"node/12251343130","operations":[{"operation":"setTags","data":{"operator":"Lombard Medium  sp. z o.o.","operator:ref:rdl_knf":"RDL000104","source:shop":"Rejestr działalności lombardowej KNF"}}]}}]}}
{"type":"FeatureCollection","features":[{"type":"Feature","properties":{"brand":"Loombard","brand:wikidata":"Q113227799","name":"Loombard","shop":"pawnbroker","operator":"Lombard Medium  sp. z o.o.","operator:ref:rdl_knf":"RDL000104","source:shop":"Rejestr działalności lombardowej KNF","@id":"node/12894803951"},"geometry":{"type":"Point","coordinates":[19.2188942,51.4650306]}}],"cooperativeWork":{"meta":{"version":2,"type":1},"operations":[{"operationType":"modifyElement","data":{"id":"node/12894803951","operations":[{"operation":"setTags","data":{"operator":"Lombard Medium  sp. z o.o.","operator:ref:rdl_knf":"RDL000104","source:shop":"Rejestr działalności lombardowej KNF"}}]}}]}}
{"type":"FeatureCollection","features":[{"type":"Feature","properties":{"addr:city":"Chrzanów","addr:housenumber":"6","addr:street":"Adama Mickiewicza","name":"Loombard","shop":"pawnbroker","operator":"Lombard Platinum sp. z o.o.","operator:ref:rdl_knf":"RDL000110","addr:postcode":"32-500","brand":"Loombard","brand:wikidata":"Q113227799","source:shop":"Rejestr działalności lombardowej KNF","@id":"node/4496922317"},"geometry":{"type":"Point","coordinates":[19.403455,50.1433099]}}],"cooperativeWork":{"meta":{"version":2,"type":1},"operations":[{"operationType":"modifyElement","data":{"id":"node/4496922317","operations":[{"operation":"setTags","data":{"name":"Loombard","operator":"Lombard Platinum sp. z o.o.","operator:ref:rdl_knf":"RDL000110","addr:postcode":"32-500","brand":"Loombard","brand:wikidata":"Q113227799","source:shop":"Rejestr działalności lombardowej KNF"}}]}}]}}
{"type":"FeatureCollection","features":[{"type":"Feature","properties":{"amenity":"bureau_de_change","operator":"Lombard Platinum sp. z o.o.","operator:ref:rdl_knf":"RDL000110","brand":"Loombard","name":"Loombard","brand:wikidata":"Q113227799","shop":"pawnbroker","source:shop":"Rejestr działalności lombardowej KNF","@id":"node/2652743224"},"geometry":{"type":"Point","coordinates":[22.4542613,53.6468679]}}],"cooperativeWork":{"meta":{"version":2,"type":1},"operations":[{"operationType":"modifyElement","data":{"id":"node/2652743224","operations":[{"operation":"setTags","data":{"operator":"Lombard Platinum sp. z o.o.","operator:ref:rdl_knf":"RDL000110","brand":"Loombard","name":"Loombard","brand:wikidata":"Q113227799","shop":"pawnbroker","source:shop":"Rejestr działalności lombardowej KNF"}}]}}]}}
{"type":"FeatureCollection","features":[{"type":"Feature","properties":{"brand":"Loombard","brand:wikidata":"Q113227799","check_date":"2024-02-16","contact:email":"gliwicka@loombard.pl","contact:gg":"47661400","contact:phone":"+48 690524081","name":"Loombard","opening_hours":"Mo-Sa 08:15-13:30,14:00-20:45; Su 10:00-13:30,14:00-18:00","shop":"pawnbroker","website":"https://www.loombard.pl/locations/katowice-gliwicka-125-katowice","operator":"Lombard Platinum sp. z o.o.","operator:ref:rdl_knf":"RDL000110","source:shop":"Rejestr działalności lombardowej KNF","@id":"node/6564871937"},"geometry":{"type":"Point","coordinates":[18.9969975,50.2656798]}}],"cooperativeWork":{"meta":{"version":2,"type":1},"operations":[{"operationType":"modifyElement","data":{"id":"node/6564871937","operations":[{"operation":"setTags","data":{"operator":"Lombard Platinum sp. z o.o.","operator:ref:rdl_knf":"RDL000110","source:shop":"Rejestr działalności lombardowej KNF"}}]}}]}}
{"type":"FeatureCollection","features":[{"type":"Feature","properties":{"amenity":"bureau_de_change","check_date":"2025-01-24","name":"Loombard","opening_hours":"Mo-Fr 08:00-17:00; Sa 08:00-14:00; Su off","operator":"Lombard Platinum sp. z o.o.","operator:ref:rdl_knf":"RDL000110","brand":"Loombard","brand:wikidata":"Q113227799","add:flat":"2","shop":"pawnbroker","source:shop":"Rejestr działalności lombardowej KNF","@id":"node/12529427367"},"geometry":{"type":"Point","coordinates":[20.0305641,49.4814671]}}],"cooperativeWork":{"meta":{"version":2,"type":1},"operations":[{"operationType":"modifyElement","data":{"id":"node/12529427367","operations":[{"operation":"setTags","data":{"name":"Loombard","operator":"Lombard Platinum sp. z o.o.","operator:ref:rdl_knf":"RDL000110","brand":"Loombard","brand:wikidata":"Q113227799","add:flat":"2","shop":"pawnbroker","source:shop":"Rejestr działalności lombardowej KNF"}}]}}]}}
{"type":"FeatureCollection","features":[{"type":"Feature","properties":{"name":"Loombard","shop":"pawnbroker","operator":"Lombard Platinum sp. z o.o.","operator:ref:rdl_knf":"RDL000110","brand":"Loombard","brand:wikidata":"Q113227799","source:shop":"Rejestr działalności lombardowej KNF","@id":"node/6942359532"},"geometry":{"type":"Point","coordinates":[20.2761912,51.3753273]}}],"cooperativeWork":{"meta":{"version":2,"type":1},"operations":[{"operationType":"modifyElement","data":{"id":"node/6942359532","operations":[{"operation":"setTags","data":{"operator":"Lombard Platinum sp. z o.o.","operator:ref:rdl_knf":"RDL000110","brand":"Loombard","brand:wikidata":"Q113227799","source:shop":"Rejestr działalności lombardowej KNF"}}]}}]}}
{"type":"FeatureCollection","features":[{"type":"Feature","properties":{"brand":"Loombard","brand:wikidata":"Q113227799","name":"Loombard","shop":"pawnbroker","operator":"Lombard Platinum sp. z o.o.","operator:ref:rdl_knf":"RDL000110","source:shop":"Rejestr działalności lombardowej KNF","@id":"node/13431509504"},"geometry":{"type":"Point","coordinates":[21.0257112,52.0780433]}}],"cooperativeWork":{"meta":{"version":2,"type":1},"operations":[{"operationType":"modifyElement","data":{"id":"node/13431509504","operations":[{"operation":"setTags","data":{"operator":"Lombard Platinum sp. z o.o.","operator:ref:rdl_knf":"RDL000110","source:shop":"Rejestr działalności lombardowej KNF"}}]}}]}}
{"type":"FeatureCollection","features":[{"type":"Feature","properties":{"name":"Loombard","shop":"pawnbroker","operator":"Lombard Platinum sp. z o.o.","operator:ref:rdl_knf":"RDL000110","brand":"Loombard","brand:wikidata":"Q113227799","source:shop":"Rejestr działalności lombardowej KNF","@id":"node/6269767852"},"geometry":{"type":"Point","coordinates":[21.154862,51.3935371]}}],"cooperativeWork":{"meta":{"version":2,"type":1},"operations":[{"operationType":"modifyElement","data":{"id":"node/6269767852","operations":[{"operation":"setTags","data":{"name":"Loombard","operator":"Lombard Platinum sp. z o.o.","operator:ref:rdl_knf":"RDL000110","brand":"Loombard","brand:wikidata":"Q113227799","source:shop":"Rejestr działalności lombardowej KNF"}}]}}]}}
{"type":"FeatureCollection","features":[{"type":"Feature","properties":{"name":"Loombard","opening_hours":"Mo-Fr 09:00-22:00; Sa-Su 09:00-21:00","shop":"pawnbroker","operator":"Lombard Platinum sp. z o.o.","operator:ref:rdl_knf":"RDL000110","brand":"Loombard","brand:wikidata":"Q113227799","source:shop":"Rejestr działalności lombardowej KNF","@id":"node/11078338800"},"geometry":{"type":"Point","coordinates":[19.4380081,51.0688203]}}],"cooperativeWork":{"meta":{"version":2,"type":1},"operations":[{"operationType":"modifyElement","data":{"id":"node/11078338800","operations":[{"operation":"setTags","data":{"operator":"Lombard Platinum sp. z o.o.","operator:ref:rdl_knf":"RDL000110","brand":"Loombard","brand:wikidata":"Q113227799","source:shop":"Rejestr działalności lombardowej KNF"}}]}}]}}
{"type":"FeatureCollection","features":[{"type":"Feature","properties":{"brand":"Loombard","brand:wikidata":"Q113227799","name":"Loombard","shop":"pawnbroker","operator":"Lombard Platinum sp. z o.o.","operator:ref:rdl_knf":"RDL000110","source:shop":"Rejestr działalności lombardowej KNF","@id":"node/13638958149"},"geometry":{"type":"Point","coordinates":[17.0239714,54.4674181]}}],"cooperativeWork":{"meta":{"version":2,"type":1},"operations":[{"operationType":"modifyElement","data":{"id":"node/13638958149","operations":[{"operation":"setTags","data":{"operator":"Lombard Platinum sp. z o.o.","operator:ref:rdl_knf":"RDL000110","source:shop":"Rejestr działalności lombardowej KNF"}}]}}]}}
{"type":"FeatureCollection","features":[{"type":"Feature","properties":{"brand":"Loombard","brand:wikidata":"Q113227799","name":"Loombard","shop":"pawnbroker","operator":"Lombard Platinum sp. z o.o.","operator:ref:rdl_knf":"RDL000110","source:shop":"Rejestr działalności lombardowej KNF","@id":"node/11269543255"},"geometry":{"type":"Point","coordinates":[18.6792655,53.0285693]}}],"cooperativeWork":{"meta":{"version":2,"type":1},"operations":[{"operationType":"modifyElement","data":{"id":"node/11269543255","operations":[{"operation":"setTags","data":{"operator":"Lombard Platinum sp. z o.o.","operator:ref:rdl_knf":"RDL000110","source:shop":"Rejestr działalności lombardowej KNF"}}]}}]}}
{"type":"FeatureCollection","features":[{"type":"Feature","properties":{"brand":"Loombard","brand:wikidata":"Q113227799","name":"Loombard","shop":"pawnbroker","operator":"Lombard Platinum sp. z o.o.","operator:ref:rdl_knf":"RDL000110","source:shop":"Rejestr działalności lombardowej KNF","@id":"node/10116803125"},"geometry":{"type":"Point","coordinates":[18.5718721,53.0143103]}}],"cooperativeWork":{"meta":{"version":2,"type":1},"operations":[{"operationType":"modifyElement","data":{"id":"node/10116803125","operations":[{"operation":"setTags","data":{"operator":"Lombard Platinum sp. z o.o.","operator:ref:rdl_knf":"RDL000110","source:shop":"Rejestr działalności lombardowej KNF"}}]}}]}}
{"type":"FeatureCollection","features":[{"type":"Feature","properties":{"brand":"Loombard","brand:wikidata":"Q113227799","name":"Loombard","shop":"pawnbroker","operator":"Lombard Platinum sp. z o.o.","operator:ref:rdl_knf":"RDL000110","source:shop":"Rejestr działalności lombardowej KNF","@id":"node/10095436408"},"geometry":{"type":"Point","coordinates":[18.602432,53.0202602]}}],"cooperativeWork":{"meta":{"version":2,"type":1},"operations":[{"operationType":"modifyElement","data":{"id":"node/10095436408","operations":[{"operation":"setTags","data":{"operator":"Lombard Platinum sp. z o.o.","operator:ref:rdl_knf":"RDL000110","source:shop":"Rejestr działalności lombardowej KNF"}}]}}]}}
{"type":"FeatureCollection","features":[{"type":"Feature","properties":{"addr:postcode":"58-304","name":"Loombard","opening_hours":"Mo-Su 08:00-21:00","phone":"+48 74 844 50 36","shop":"pawnbroker","website":"https://www.loombard.pl/","operator":"Lombard Platinum sp. z o.o.","operator:ref:rdl_knf":"RDL000110","addr:city":"Wałbrzych","brand":"Loombard","brand:wikidata":"Q113227799","addr:housenumber":"148","addr:street":"Andersa","source:shop":"Rejestr działalności lombardowej KNF","@id":"node/5589920421"},"geometry":{"type":"Point","coordinates":[16.2551329,50.7911359]}}],"cooperativeWork":{"meta":{"version":2,"type":1},"operations":[{"operationType":"modifyElement","data":{"id":"node/5589920421","operations":[{"operation":"setTags","data":{"name":"Loombard","operator":"Lombard Platinum sp. z o.o.","operator:ref:rdl_knf":"RDL000110","addr:city":"Wałbrzych","brand":"Loombard","brand:wikidata":"Q113227799","addr:housenumber":"148","addr:street":"Andersa","source:shop":"Rejestr działalności lombardowej KNF"}}]}}]}}
{"type":"FeatureCollection","features":[{"type":"Feature","properties":{"brand":"Loombard","brand:wikidata":"Q113227799","check_date:opening_hours":"2025-06-10","name":"Loombard","opening_hours":"Mo-Sa 08:00-21:00; Su 10:00-20:00; PH off","shop":"pawnbroker","operator":"Lombard Platinum sp. z o.o.","operator:ref:rdl_knf":"RDL000110","source:shop":"Rejestr działalności lombardowej KNF","@id":"node/4563071914"},"geometry":{"type":"Point","coordinates":[21.0746803,52.2867669]}}],"cooperativeWork":{"meta":{"version":2,"type":1},"operations":[{"operationType":"modifyElement","data":{"id":"node/4563071914","operations":[{"operation":"setTags","data":{"operator":"Lombard Platinum sp. z o.o.","operator:ref:rdl_knf":"RDL000110","source:shop":"Rejestr działalności lombardowej KNF"}}]}}]}}
{"type":"FeatureCollection","features":[{"type":"Feature","properties":{"addr:housenumber":"2A","addr:street":"Meander","brand":"Loombard","brand:wikidata":"Q113227799","check_date":"2026-01-01","name":"Loombard","opening_hours":"08:00-21:00","shop":"pawnbroker","wheelchair":"no","operator":"Lombard Platinum sp. z o.o.","operator:ref:rdl_knf":"RDL000110","addr:city":"Warszawa","addr:postcode":"02-791","source:shop":"Rejestr działalności lombardowej KNF","@id":"node/13423977795"},"geometry":{"type":"Point","coordinates":[21.0549027,52.1399784]}}],"cooperativeWork":{"meta":{"version":2,"type":1},"operations":[{"operationType":"modifyElement","data":{"id":"node/13423977795","operations":[{"operation":"setTags","data":{"operator":"Lombard Platinum sp. z o.o.","operator:ref:rdl_knf":"RDL000110","addr:city":"Warszawa","addr:postcode":"02-791","source:shop":"Rejestr działalności lombardowej KNF"}}]}}]}}
{"type":"FeatureCollection","features":[{"type":"Feature","properties":{"addr:housenumber":"20","addr:street":"Targowa","brand":"Loombard","brand:wikidata":"Q113227799","check_date":"2024-06-23","name":"Loombard","opening_hours":"Mo-Sa 08:15-13:30,14:00-20:45; Su 10:00-18:00","shop":"pawnbroker","wheelchair":"no","operator":"Lombard Platinum sp. z o.o.","operator:ref:rdl_knf":"RDL000110","addr:city":"Warszawa","addr:postcode":"03-731","source:shop":"Rejestr działalności lombardowej KNF","@id":"node/8531172306"},"geometry":{"type":"Point","coordinates":[21.0441216,52.2493338]}}],"cooperativeWork":{"meta":{"version":2,"type":1},"operations":[{"operationType":"modifyElement","data":{"id":"node/8531172306","operations":[{"operation":"setTags","data":{"operator":"Lombard Platinum sp. z o.o.","operator:ref:rdl_knf":"RDL000110","addr:city":"Warszawa","addr:postcode":"03-731","source:shop":"Rejestr działalności lombardowej KNF"}}]}}]}}
{"type":"FeatureCollection","features":[{"type":"Feature","properties":{"check_date":"2026-09-30","name":"Loombard","shop":"pawnbroker","operator":"Lombard Platinum sp. z o.o.","operator:ref:rdl_knf":"RDL000110","brand":"Loombard","brand:wikidata":"Q113227799","source:shop":"Rejestr działalności lombardowej KNF","@id":"node/14235617802"},"geometry":{"type":"Point","coordinates":[21.0486222,52.254967]}}],"cooperativeWork":{"meta":{"version":2,"type":1},"operations":[{"operationType":"modifyElement","data":{"id":"node/14235617802","operations":[{"operation":"setTags","data":{"operator":"Lombard Platinum sp. z o.o.","operator:ref:rdl_knf":"RDL000110","brand":"Loombard","brand:wikidata":"Q113227799","source:shop":"Rejestr działalności lombardowej KNF"}}]}}]}}
{"type":"FeatureCollection","features":[{"type":"Feature","properties":{"brand":"Loombard","brand:wikidata":"Q113227799","name":"Loombard","shop":"pawnbroker","operator":"Lombard Platinum sp. z o.o.","operator:ref:rdl_knf":"RDL000110","source:shop":"Rejestr działalności lombardowej KNF","@id":"node/13704228870"},"geometry":{"type":"Point","coordinates":[16.8995352,51.1543243]}}],"cooperativeWork":{"meta":{"version":2,"type":1},"operations":[{"operationType":"modifyElement","data":{"id":"node/13704228870","operations":[{"operation":"setTags","data":{"operator":"Lombard Platinum sp. z o.o.","operator:ref:rdl_knf":"RDL000110","source:shop":"Rejestr działalności lombardowej KNF"}}]}}]}}
{"type":"FeatureCollection","features":[{"type":"Feature","properties":{"addr:housenumber":"278","addr:postcode":"41-800","addr:street":"Wolności","amenity":"bureau_de_change","name":"Loombard","opening_hours":"Mo-Fr 08:00-17:00","operator":"Lombard Platinum sp. z o.o.","operator:ref:rdl_knf":"RDL000110","addr:city":"Zabrze","brand":"Loombard","brand:wikidata":"Q113227799","shop":"pawnbroker","source:shop":"Rejestr działalności lombardowej KNF","@id":"node/13133810301"},"geometry":{"type":"Point","coordinates":[18.7838222,50.3077451]}}],"cooperativeWork":{"meta":{"version":2,"type":1},"operations":[{"operationType":"modifyElement","data":{"id":"node/13133810301","operations":[{"operation":"setTags","data":{"name":"Loombard","operator":"Lombard Platinum sp. z o.o.","operator:ref:rdl_knf":"RDL000110","addr:city":"Zabrze","brand":"Loombard","brand:wikidata":"Q113227799","shop":"pawnbroker","source:shop":"Rejestr działalności lombardowej KNF"}}]}}]}}
{"type":"FeatureCollection","features":[{"type":"Feature","properties":{"amenity":"bureau_de_change","brand":"Loombard","contact:email":"batorego1@loombard.pl","contact:phone":"+48 227817152","contact:website":"http://www.loombard.pl","opening_hours":"Mo-Su 08:00-20:00","shop":"pawnbroker","operator":"Lombard Platinum sp. z o.o.","operator:ref:rdl_knf":"RDL000110","name":"Loombard","brand:wikidata":"Q113227799","source:shop":"Rejestr działalności lombardowej KNF","@id":"node/4080288500"},"geometry":{"type":"Point","coordinates":[21.111308,52.2923641]}}],"cooperativeWork":{"meta":{"version":2,"type":1},"operations":[{"operationType":"modifyElement","data":{"id":"node/4080288500","operations":[{"operation":"setTags","data":{"operator":"Lombard Platinum sp. z o.o.","operator:ref:rdl_knf":"RDL000110","name":"Loombard","brand:wikidata":"Q113227799","source:shop":"Rejestr działalności lombardowej KNF"}}]}}]}}
{"type":"FeatureCollection","features":[{"type":"Feature","properties":{"amenity":"bureau_de_change","operator":"Lombard Silver  sp. z o.o.","operator:ref:rdl_knf":"RDL000109","brand":"Loombard","name":"Loombard","brand:wikidata":"Q113227799","add:flat":"2","shop":"pawnbroker","source:shop":"Rejestr działalności lombardowej KNF","@id":"node/3094250959"},"geometry":{"type":"Point","coordinates":[23.1699433,53.1331375]}}],"cooperativeWork":{"meta":{"version":2,"type":1},"operations":[{"operationType":"modifyElement","data":{"id":"node/3094250959","operations":[{"operation":"setTags","data":{"operator":"Lombard Silver  sp. z o.o.","operator:ref:rdl_knf":"RDL000109","brand":"Loombard","name":"Loombard","brand:wikidata":"Q113227799","add:flat":"2","shop":"pawnbroker","source:shop":"Rejestr działalności lombardowej KNF"}}]}}]}}
{"type":"FeatureCollection","features":[{"type":"Feature","properties":{"amenity":"bureau_de_change","operator":"Lombard Silver  sp. z o.o.","operator:ref:rdl_knf":"RDL000109","brand":"Loombard","name":"Loombard","brand:wikidata":"Q113227799","shop":"pawnbroker","source:shop":"Rejestr działalności lombardowej KNF","@id":"node/4769723721"},"geometry":{"type":"Point","coordinates":[16.6158694,50.6865062]}}],"cooperativeWork":{"meta":{"version":2,"type":1},"operations":[{"operationType":"modifyElement","data":{"id":"node/4769723721","operations":[{"operation":"setTags","data":{"operator":"Lombard Silver  sp. z o.o.","operator:ref:rdl_knf":"RDL000109","brand":"Loombard","name":"Loombard","brand:wikidata":"Q113227799","shop":"pawnbroker","source:shop":"Rejestr działalności lombardowej KNF"}}]}}]}}
{"type":"FeatureCollection","features":[{"type":"Feature","properties":{"brand":"Loombard","brand:wikidata":"Q113227799","name":"Loombard","opening_hours":"Mo-Su 09:00-22:00","shop":"pawnbroker","website":"https://www.loombard.pl/","wheelchair":"yes","operator":"Lombard Silver  sp. z o.o.","operator:ref:rdl_knf":"RDL000109","add:flat":"17-19","source:shop":"Rejestr działalności lombardowej KNF","@id":"node/7178743471"},"geometry":{"type":"Point","coordinates":[17.4729108,50.8570044]}}],"cooperativeWork":{"meta":{"version":2,"type":1},"operations":[{"operationType":"modifyElement","data":{"id":"node/7178743471","operations":[{"operation":"setTags","data":{"operator":"Lombard Silver  sp. z o.o.","operator:ref:rdl_knf":"RDL000109","add:flat":"17-19","source:shop":"Rejestr działalności lombardowej KNF"}}]}}]}}
{"type":"FeatureCollection","features":[{"type":"Feature","properties":{"amenity":"bureau_de_change","name":"Loombard","opening_hours":"Mo-Fr 09:00-18:00; Sa 09:00-14:00","operator":"Lombard Silver  sp. z o.o.","operator:ref:rdl_knf":"RDL000109","brand":"Loombard","brand:wikidata":"Q113227799","shop":"pawnbroker","source:shop":"Rejestr działalności lombardowej KNF","@id":"node/7120125353"},"geometry":{"type":"Point","coordinates":[17.9984139,53.1280246]}}],"cooperativeWork":{"meta":{"version":2,"type":1},"operations":[{"operationType":"modifyElement","data":{"id":"node/7120125353","operations":[{"operation":"setTags","data":{"name":"Loombard","operator":"Lombard Silver  sp. z o.o.","operator:ref:rdl_knf":"RDL000109","brand":"Loombard","brand:wikidata":"Q113227799","shop":"pawnbroker","source:shop":"Rejestr działalności lombardowej KNF"}}]}}]}}
{"type":"FeatureCollection","features":[{"type":"Feature","properties":{"amenity":"bureau_de_change","operator":"Lombard Silver  sp. z o.o.","operator:ref:rdl_knf":"RDL000109","brand":"Loombard","name":"Loombard","brand:wikidata":"Q113227799","shop":"pawnbroker","source:shop":"Rejestr działalności lombardowej KNF","@id":"node/14058114368"},"geometry":{"type":"Point","coordinates":[16.6522141,50.7284458]}}],"cooperativeWork":{"meta":{"version":2,"type":1},"operations":[{"operationType":"modifyElement","data":{"id":"node/14058114368","operations":[{"operation":"setTags","data":{"operator":"Lombard Silver  sp. z o.o.","operator:ref:rdl_knf":"RDL000109","brand":"Loombard","name":"Loombard","brand:wikidata":"Q113227799","shop":"pawnbroker","source:shop":"Rejestr działalności lombardowej KNF"}}]}}]}}
{"type":"FeatureCollection","features":[{"type":"Feature","properties":{"addr:housenumber":"21a","addr:street":"Gwiezdna","brand":"Loombard","brand:wikidata":"Q113227799","name":"Loombard","opening_hours":"Mo-Sa 08:00-21:00; Su 10:00-18:00","phone":"+48 668 975 365","shop":"pawnbroker","operator":"Lombard Silver  sp. z o.o.","operator:ref:rdl_knf":"RDL000109","addr:city":"Elbląg","addr:postcode":"82-300","source:shop":"Rejestr działalności lombardowej KNF","@id":"node/11101585924"},"geometry":{"type":"Point","coordinates":[19.4041581,54.1696468]}}],"cooperativeWork":{"meta":{"version":2,"type":1},"operations":[{"operationType":"modifyElement","data":{"id":"node/11101585924","operations":[{"operation":"setTags","data":{"operator":"Lombard Silver  sp. z o.o.","operator:ref:rdl_knf":"RDL000109","addr:city":"Elbląg","addr:postcode":"82-300","source:shop":"Rejestr działalności lombardowej KNF"}}]}}]}}
{"type":"FeatureCollection","features":[{"type":"Feature","properties":{"check_date":"2025-08-08","name":"Loombard","shop":"pawnbroker","operator":"Lombard Silver  sp. z o.o.","operator:ref:rdl_knf":"RDL000109","brand":"Loombard","brand:wikidata":"Q113227799","add:flat":"1","source:shop":"Rejestr działalności lombardowej KNF","@id":"node/13057542707"},"geometry":{"type":"Point","coordinates":[18.6582684,54.3473619]}}],"cooperativeWork":{"meta":{"version":2,"type":1},"operations":[{"operationType":"modifyElement","data":{"id":"node/13057542707","operations":[{"operation":"setTags","data":{"operator":"Lombard Silver  sp. z o.o.","operator:ref:rdl_knf":"RDL000109","brand":"Loombard","brand:wikidata":"Q113227799","add:flat":"1","source:shop":"Rejestr działalności lombardowej KNF"}}]}}]}}
{"type":"FeatureCollection","features":[{"type":"Feature","properties":{"amenity":"bureau_de_change","name":"Loombard","opening_hours":"Mo-Sa 08:00-18:00; Su 08:00-15:00","operator":"Lombard Silver  sp. z o.o.","operator:ref:rdl_knf":"RDL000109","brand":"Loombard","brand:wikidata":"Q113227799","shop":"pawnbroker","source:shop":"Rejestr działalności lombardowej KNF","@id":"node/10279060851"},"geometry":{"type":"Point","coordinates":[21.7726791,54.0360835]}}],"cooperativeWork":{"meta":{"version":2,"type":1},"operations":[{"operationType":"modifyElement","data":{"id":"node/10279060851","operations":[{"operation":"setTags","data":{"name":"Loombard","operator":"Lombard Silver  sp. z o.o.","operator:ref:rdl_knf":"RDL000109","brand":"Loombard","brand:wikidata":"Q113227799","shop":"pawnbroker","source:shop":"Rejestr działalności lombardowej KNF"}}]}}]}}
{"type":"FeatureCollection","features":[{"type":"Feature","properties":{"addr:city":"Gliwice","addr:housenumber":"63","addr:street":"Zwycięstwa","millennium:date":"2009-09-14 14:49:45","millennium:ref":"20799","name":"Loombard","opening_hours":"Mo-Su 08:00-21:00","shop":"pawnbroker","wheelchair":"no","operator":"Lombard Silver  sp. z o.o.","operator:ref:rdl_knf":"RDL000109","addr:postcode":"44-100","brand":"Loombard","brand:wikidata":"Q113227799","source:shop":"Rejestr działalności lombardowej KNF","@id":"node/935795381"},"geometry":{"type":"Point","coordinates":[18.6746,50.2992]}}],"cooperativeWork":{"meta":{"version":2,"type":1},"operations":[{"operationType":"modifyElement","data":{"id":"node/935795381","operations":[{"operation":"setTags","data":{"operator":"Lombard Silver  sp. z o.o.","operator:ref:rdl_knf":"RDL000109","addr:postcode":"44-100","brand":"Loombard","brand:wikidata":"Q113227799","source:shop":"Rejestr działalności lombardowej KNF"}}]}}]}}
{"type":"FeatureCollection","features":[{"type":"Feature","properties":{"check_date:opening_hours":"2024-12-25","contact:email":"zwyciestwa9@loombard.pl","contact:gg":"65395746","contact:phone":"+48 787 545 000","name":"Loombard","opening_hours":"Mo-Sa 08:00-21:00; Su 09:00-18:00","shop":"pawnbroker","website":"https://www.loombard.pl/location/gliwice-zwyciestwa-9-gliwice-g1-pUA","operator":"Lombard Silver  sp. z o.o.","operator:ref:rdl_knf":"RDL000109","brand":"Loombard","brand:wikidata":"Q113227799","source:shop":"Rejestr działalności lombardowej KNF","@id":"node/9232917167"},"geometry":{"type":"Point","coordinates":[18.6678908,50.2950334]}}],"cooperativeWork":{"meta":{"version":2,"type":1},"operations":[{"operationType":"modifyElement","data":{"id":"node/9232917167","operations":[{"operation":"setTags","data":{"operator":"Lombard Silver  sp. z o.o.","operator:ref:rdl_knf":"RDL000109","brand":"Loombard","brand:wikidata":"Q113227799","source:shop":"Rejestr działalności lombardowej KNF"}}]}}]}}
{"type":"FeatureCollection","features":[{"type":"Feature","properties":{"brand":"Loombard","brand:wikidata":"Q113227799","name":"Loombard","shop":"pawnbroker","operator":"Lombard Silver  sp. z o.o.","operator:ref:rdl_knf":"RDL000109","source:shop":"Rejestr działalności lombardowej KNF","@id":"node/12921872749"},"geometry":{"type":"Point","coordinates":[18.6642597,50.2943217]}}],"cooperativeWork":{"meta":{"version":2,"type":1},"operations":[{"operationType":"modifyElement","data":{"id":"node/12921872749","operations":[{"operation":"setTags","data":{"operator":"Lombard Silver  sp. z o.o.","operator:ref:rdl_knf":"RDL000109","source:shop":"Rejestr działalności lombardowej KNF"}}]}}]}}
{"type":"FeatureCollection","features":[{"type":"Feature","properties":{"brand":"Loombard","brand:wikidata":"Q113227799","name":"Loombard","shop":"pawnbroker","operator":"Lombard Silver  sp. z o.o.","operator:ref:rdl_knf":"RDL000109","source:shop":"Rejestr działalności lombardowej KNF","@id":"node/9713932960"},"geometry":{"type":"Point","coordinates":[20.6210553,52.1044939]}}],"cooperativeWork":{"meta":{"version":2,"type":1},"operations":[{"operationType":"modifyElement","data":{"id":"node/9713932960","operations":[{"operation":"setTags","data":{"operator":"Lombard Silver  sp. z o.o.","operator:ref:rdl_knf":"RDL000109","source:shop":"Rejestr działalności lombardowej KNF"}}]}}]}}
{"type":"FeatureCollection","features":[{"type":"Feature","properties":{"amenity":"bureau_de_change","operator":"Lombard Silver  sp. z o.o.","operator:ref:rdl_knf":"RDL000109","brand":"Loombard","name":"Loombard","brand:wikidata":"Q113227799","shop":"pawnbroker","source:shop":"Rejestr działalności lombardowej KNF","@id":"node/2635389279"},"geometry":{"type":"Point","coordinates":[18.7558816,53.4961274]}}],"cooperativeWork":{"meta":{"version":2,"type":1},"operations":[{"operationType":"modifyElement","data":{"id":"node/2635389279","operations":[{"operation":"setTags","data":{"operator":"Lombard Silver  sp. z o.o.","operator:ref:rdl_knf":"RDL000109","brand":"Loombard","name":"Loombard","brand:wikidata":"Q113227799","shop":"pawnbroker","source:shop":"Rejestr działalności lombardowej KNF"}}]}}]}}
{"type":"FeatureCollection","features":[{"type":"Feature","properties":{"brand":"Loombard","brand:wikidata":"Q113227799","check_date":"2022-12-08","name":"Loombard","opening_hours":"08:00-21:00","shop":"pawnbroker","operator":"Lombard Silver  sp. z o.o.","operator:ref:rdl_knf":"RDL000109","source:shop":"Rejestr działalności lombardowej KNF","@id":"node/10246131187"},"geometry":{"type":"Point","coordinates":[18.747318,53.4790426]}}],"cooperativeWork":{"meta":{"version":2,"type":1},"operations":[{"operationType":"modifyElement","data":{"id":"node/10246131187","operations":[{"operation":"setTags","data":{"operator":"Lombard Silver  sp. z o.o.","operator:ref:rdl_knf":"RDL000109","source:shop":"Rejestr działalności lombardowej KNF"}}]}}]}}
{"type":"FeatureCollection","features":[{"type":"Feature","properties":{"brand":"Loombard","brand:wikidata":"Q113227799","name":"Loombard","shop":"pawnbroker","operator":"Lombard Silver  sp. z o.o.","operator:ref:rdl_knf":"RDL000109","source:shop":"Rejestr działalności lombardowej KNF","@id":"node/10135488510"},"geometry":{"type":"Point","coordinates":[18.7519103,53.4897125]}}],"cooperativeWork":{"meta":{"version":2,"type":1},"operations":[{"operationType":"modifyElement","data":{"id":"node/10135488510","operations":[{"operation":"setTags","data":{"operator":"Lombard Silver  sp. z o.o.","operator:ref:rdl_knf":"RDL000109","source:shop":"Rejestr działalności lombardowej KNF"}}]}}]}}
{"type":"FeatureCollection","features":[{"type":"Feature","properties":{"name":"Loombard","opening_hours":"Mo-Sa 08:00-20:00; Su 10:00-18:00","shop":"pawnbroker","operator":"Lombard Silver  sp. z o.o.","operator:ref:rdl_knf":"RDL000109","brand":"Loombard","brand:wikidata":"Q113227799","source:shop":"Rejestr działalności lombardowej KNF","@id":"node/12995896222"},"geometry":{"type":"Point","coordinates":[20.9389488,52.4002875]}}],"cooperativeWork":{"meta":{"version":2,"type":1},"operations":[{"operationType":"modifyElement","data":{"id":"node/12995896222","operations":[{"operation":"setTags","data":{"operator":"Lombard Silver  sp. z o.o.","operator:ref:rdl_knf":"RDL000109","brand":"Loombard","brand:wikidata":"Q113227799","source:shop":"Rejestr działalności lombardowej KNF"}}]}}]}}
{"type":"FeatureCollection","features":[{"type":"Feature","properties":{"addr:housenumber":"23b","addr:street":"Tadeusza Kościuszki","name":"Loombard","opening_hours":"Mo-Sa 08:00-21:00; Su 10:00-18:00","shop":"pawnbroker","operator":"Lombard Silver  sp. z o.o.","operator:ref:rdl_knf":"RDL000109","addr:city":"Malbork","addr:postcode":"82-200","brand":"Loombard","brand:wikidata":"Q113227799","source:shop":"Rejestr działalności lombardowej KNF","@id":"node/11096872005"},"geometry":{"type":"Point","coordinates":[19.0364376,54.0362581]}}],"cooperativeWork":{"meta":{"version":2,"type":1},"operations":[{"operationType":"modifyElement","data":{"id":"node/11096872005","operations":[{"operation":"setTags","data":{"operator":"Lombard Silver  sp. z o.o.","operator:ref:rdl_knf":"RDL000109","addr:city":"Malbork","addr:postcode":"82-200","brand":"Loombard","brand:wikidata":"Q113227799","source:shop":"Rejestr działalności lombardowej KNF"}}]}}]}}
{"type":"FeatureCollection","features":[{"type":"Feature","properties":{"name":"Loombard","opening_hours":"Mo-Sa 08:00-21:00; Su 10:00-18:00","operator":"Lombard Silver  sp. z o.o.","phone":"+48 55 245 08 78","shop":"pawnbroker","website":"https://www.loombard.pl/","operator:ref:rdl_knf":"RDL000109","brand":"Loombard","brand:wikidata":"Q113227799","source:shop":"Rejestr działalności lombardowej KNF","@id":"node/11099180705"},"geometry":{"type":"Point","coordinates":[19.0355211,54.0344686]}}],"cooperativeWork":{"meta":{"version":2,"type":1},"operations":[{"operationType":"modifyElement","data":{"id":"node/11099180705","operations":[{"operation":"setTags","data":{"operator":"Lombard Silver  sp. z o.o.","operator:ref:rdl_knf":"RDL000109","brand":"Loombard","brand:wikidata":"Q113227799","source:shop":"Rejestr działalności lombardowej KNF"}}]}}]}}
{"type":"FeatureCollection","features":[{"type":"Feature","properties":{"shop":"pawnbroker","operator":"Lombard Silver  sp. z o.o.","operator:ref:rdl_knf":"RDL000109","brand":"Loombard","name":"Loombard","brand:wikidata":"Q113227799","source:shop":"Rejestr działalności lombardowej KNF","@id":"node/13085002382"},"geometry":{"type":"Point","coordinates":[16.8101919,52.6463288]}}],"cooperativeWork":{"meta":{"version":2,"type":1},"operations":[{"operationType":"modifyElement","data":{"id":"node/13085002382","operations":[{"operation":"setTags","data":{"operator":"Lombard Silver  sp. z o.o.","operator:ref:rdl_knf":"RDL000109","brand":"Loombard","name":"Loombard","brand:wikidata":"Q113227799","source:shop":"Rejestr działalności lombardowej KNF"}}]}}]}}
{"type":"FeatureCollection","features":[{"type":"Feature","properties":{"brand":"Loombard","brand:wikidata":"Q113227799","name":"Loombard","shop":"pawnbroker","operator":"Lombard Silver  sp. z o.o.","operator:ref:rdl_knf":"RDL000109","source:shop":"Rejestr działalności lombardowej KNF","@id":"node/12431496152"},"geometry":{"type":"Point","coordinates":[14.5578449,53.542181]}}],"cooperativeWork":{"meta":{"version":2,"type":1},"operations":[{"operationType":"modifyElement","data":{"id":"node/12431496152","operations":[{"operation":"setTags","data":{"operator":"Lombard Silver  sp. z o.o.","operator:ref:rdl_knf":"RDL000109","source:shop":"Rejestr działalności lombardowej KNF"}}]}}]}}
{"type":"FeatureCollection","features":[{"type":"Feature","properties":{"name":"Loombard","shop":"pawnbroker","operator":"Lombard Silver  sp. z o.o.","operator:ref:rdl_knf":"RDL000109","brand":"Loombard","brand:wikidata":"Q113227799","source:shop":"Rejestr działalności lombardowej KNF","@id":"node/6332894166"},"geometry":{"type":"Point","coordinates":[16.9735853,52.4217601]}}],"cooperativeWork":{"meta":{"version":2,"type":1},"operations":[{"operationType":"modifyElement","data":{"id":"node/6332894166","operations":[{"operation":"setTags","data":{"operator":"Lombard Silver  sp. z o.o.","operator:ref:rdl_knf":"RDL000109","brand":"Loombard","brand:wikidata":"Q113227799","source:shop":"Rejestr działalności lombardowej KNF"}}]}}]}}
{"type":"FeatureCollection","features":[{"type":"Feature","properties":{"name":"Loombard","shop":"pawnbroker","operator":"Lombard Silver  sp. z o.o.","operator:ref:rdl_knf":"RDL000109","brand":"Loombard","brand:wikidata":"Q113227799","source:shop":"Rejestr działalności lombardowej KNF","@id":"node/1412448798"},"geometry":{"type":"Point","coordinates":[16.8760858,52.411143]}}],"cooperativeWork":{"meta":{"version":2,"type":1},"operations":[{"operationType":"modifyElement","data":{"id":"node/1412448798","operations":[{"operation":"setTags","data":{"name":"Loombard","operator":"Lombard Silver  sp. z o.o.","operator:ref:rdl_knf":"RDL000109","brand":"Loombard","brand:wikidata":"Q113227799","source:shop":"Rejestr działalności lombardowej KNF"}}]}}]}}
{"type":"FeatureCollection","features":[{"type":"Feature","properties":{"brand":"Loombard","brand:wikidata":"Q113227799","email":"pasieka36@loombard.pl","name":"Loombard","opening_hours":"Mo-Su 08:00-20:00","phone":"+48 789 49 49 49","shop":"pawnbroker","website":"https://www.loombard.pl/lombard/pozna/pasieka-36-a-pozna/","operator":"Lombard Silver  sp. z o.o.","operator:ref:rdl_knf":"RDL000109","source:shop":"Rejestr działalności lombardowej KNF","@id":"node/6064585026"},"geometry":{"type":"Point","coordinates":[16.9312386,52.4305388]}}],"cooperativeWork":{"meta":{"version":2,"type":1},"operations":[{"operationType":"modifyElement","data":{"id":"node/6064585026","operations":[{"operation":"setTags","data":{"operator":"Lombard Silver  sp. z o.o.","operator:ref:rdl_knf":"RDL000109","source:shop":"Rejestr działalności lombardowej KNF"}}]}}]}}
{"type":"FeatureCollection","features":[{"type":"Feature","properties":{"name":"Loombard","shop":"pawnbroker","operator":"Lombard Silver  sp. z o.o.","operator:ref:rdl_knf":"RDL000109","brand":"Loombard","brand:wikidata":"Q113227799","add:flat":"32","source:shop":"Rejestr działalności lombardowej KNF","@id":"node/10171801614"},"geometry":{"type":"Point","coordinates":[16.8747907,52.3899095]}}],"cooperativeWork":{"meta":{"version":2,"type":1},"operations":[{"operationType":"modifyElement","data":{"id":"node/10171801614","operations":[{"operation":"setTags","data":{"name":"Loombard","operator":"Lombard Silver  sp. z o.o.","operator:ref:rdl_knf":"RDL000109","brand":"Loombard","brand:wikidata":"Q113227799","add:flat":"32","source:shop":"Rejestr działalności lombardowej KNF"}}]}}]}}
{"type":"FeatureCollection","features":[{"type":"Feature","properties":{"addr:housenumber":"83/85","addr:street":"Grochowska","name":"Loombard","shop":"pawnbroker","operator":"Lombard Silver  sp. z o.o.","operator:ref:rdl_knf":"RDL000109","addr:city":"Poznań","addr:postcode":"60-337","brand":"Loombard","brand:wikidata":"Q113227799","add:flat":"85","source:shop":"Rejestr działalności lombardowej KNF","@id":"node/13828852801"},"geometry":{"type":"Point","coordinates":[16.8750747,52.4046744]}}],"cooperativeWork":{"meta":{"version":2,"type":1},"operations":[{"operationType":"modifyElement","data":{"id":"node/13828852801","operations":[{"operation":"setTags","data":{"name":"Loombard","operator":"Lombard Silver  sp. z o.o.","operator:ref:rdl_knf":"RDL000109","addr:city":"Poznań","addr:postcode":"60-337","brand":"Loombard","brand:wikidata":"Q113227799","add:flat":"85","source:shop":"Rejestr działalności lombardowej KNF"}}]}}]}}
{"type":"FeatureCollection","features":[{"type":"Feature","properties":{"name":"Loombard","shop":"pawnbroker","operator":"Lombard Silver  sp. z o.o.","operator:ref:rdl_knf":"RDL000109","brand":"Loombard","brand:wikidata":"Q113227799","source:shop":"Rejestr działalności lombardowej KNF","@id":"node/2419145168"},"geometry":{"type":"Point","coordinates":[16.946465,52.390411]}}],"cooperativeWork":{"meta":{"version":2,"type":1},"operations":[{"operationType":"modifyElement","data":{"id":"node/2419145168","operations":[{"operation":"setTags","data":{"operator":"Lombard Silver  sp. z o.o.","operator:ref:rdl_knf":"RDL000109","brand":"Loombard","brand:wikidata":"Q113227799","source:shop":"Rejestr działalności lombardowej KNF"}}]}}]}}
{"type":"FeatureCollection","features":[{"type":"Feature","properties":{"amenity":"bureau_de_change","operator":"Lombard Silver  sp. z o.o.","operator:ref:rdl_knf":"RDL000109","brand":"Loombard","name":"Loombard","brand:wikidata":"Q113227799","shop":"pawnbroker","source:shop":"Rejestr działalności lombardowej KNF","@id":"node/4013153530"},"geometry":{"type":"Point","coordinates":[17.5821644,50.3207111]}}],"cooperativeWork":{"meta":{"version":2,"type":1},"operations":[{"operationType":"modifyElement","data":{"id":"node/4013153530","operations":[{"operation":"setTags","data":{"operator":"Lombard Silver  sp. z o.o.","operator:ref:rdl_knf":"RDL000109","brand":"Loombard","name":"Loombard","brand:wikidata":"Q113227799","shop":"pawnbroker","source:shop":"Rejestr działalności lombardowej KNF"}}]}}]}}
{"type":"FeatureCollection","features":[{"type":"Feature","properties":{"amenity":"bureau_de_change","operator":"Lombard Silver  sp. z o.o.","operator:ref:rdl_knf":"RDL000109","brand":"Loombard","name":"Loombard","brand:wikidata":"Q113227799","shop":"pawnbroker","source:shop":"Rejestr działalności lombardowej KNF","@id":"node/4262461687"},"geometry":{"type":"Point","coordinates":[18.635693,54.2613627]}}],"cooperativeWork":{"meta":{"version":2,"type":1},"operations":[{"operationType":"modifyElement","data":{"id":"node/4262461687","operations":[{"operation":"setTags","data":{"operator":"Lombard Silver  sp. z o.o.","operator:ref:rdl_knf":"RDL000109","brand":"Loombard","name":"Loombard","brand:wikidata":"Q113227799","shop":"pawnbroker","source:shop":"Rejestr działalności lombardowej KNF"}}]}}]}}
{"type":"FeatureCollection","features":[{"type":"Feature","properties":{"amenity":"bureau_de_change","name":"Loombard","opening_hours":"Mo-Fr 09:00-18:00; Sa 09:00-14:00; Su off","phone":"+48 61 670 90 22","website":"https://multichange.pl/","operator":"Lombard Silver  sp. z o.o.","operator:ref:rdl_knf":"RDL000109","brand":"Loombard","brand:wikidata":"Q113227799","shop":"pawnbroker","source:shop":"Rejestr działalności lombardowej KNF","@id":"node/6362180158"},"geometry":{"type":"Point","coordinates":[16.7866498,52.4235605]}}],"cooperativeWork":{"meta":{"version":2,"type":1},"operations":[{"operationType":"modifyElement","data":{"id":"node/6362180158","operations":[{"operation":"setTags","data":{"name":"Loombard","operator":"Lombard Silver  sp. z o.o.","operator:ref:rdl_knf":"RDL000109","brand":"Loombard","brand:wikidata":"Q113227799","shop":"pawnbroker","source:shop":"Rejestr działalności lombardowej KNF"}}]}}]}}
{"type":"FeatureCollection","features":[{"type":"Feature","properties":{"addr:postcode":"84-240","check_date":"2026-05-30","check_date:opening_hours":"2026-05-30","email":"janapawla9@loombard.pl","level":"0","name":"Loombard","opening_hours":"Mo-Sa 08:00-20:00; Su 10:00-18:00","phone":"+48 575 476 072","shop":"pawnbroker","website":"https://www.loombard.pl/locations/reda-aleja-jana-pawla-ii-9a-reda-HRr","operator":"Lombard Silver  sp. z o.o.","operator:ref:rdl_knf":"RDL000109","addr:city":"Reda","brand":"Loombard","brand:wikidata":"Q113227799","addr:housenumber":"9B","addr:street":"Aleja Jana Pawła Ii","source:shop":"Rejestr działalności lombardowej KNF","@id":"node/12224070852"},"geometry":{"type":"Point","coordinates":[18.3523926,54.6021866]}}],"cooperativeWork":{"meta":{"version":2,"type":1},"operations":[{"operationType":"modifyElement","data":{"id":"node/12224070852","operations":[{"operation":"setTags","data":{"operator":"Lombard Silver  sp. z o.o.","operator:ref:rdl_knf":"RDL000109","addr:city":"Reda","brand":"Loombard","brand:wikidata":"Q113227799","addr:housenumber":"9B","addr:street":"Aleja Jana Pawła Ii","source:shop":"Rejestr działalności lombardowej KNF"}}]}}]}}
{"type":"FeatureCollection","features":[{"type":"Feature","properties":{"shop":"pawnbroker","operator":"Lombard Silver  sp. z o.o.","operator:ref:rdl_knf":"RDL000109","brand":"Loombard","name":"Loombard","brand:wikidata":"Q113227799","source:shop":"Rejestr działalności lombardowej KNF","@id":"node/12265718906"},"geometry":{"type":"Point","coordinates":[16.9990296,52.7501696]}}],"cooperativeWork":{"meta":{"version":2,"type":1},"operations":[{"operationType":"modifyElement","data":{"id":"node/12265718906","operations":[{"operation":"setTags","data":{"operator":"Lombard Silver  sp. z o.o.","operator:ref:rdl_knf":"RDL000109","brand":"Loombard","name":"Loombard","brand:wikidata":"Q113227799","source:shop":"Rejestr działalności lombardowej KNF"}}]}}]}}
{"type":"FeatureCollection","features":[{"type":"Feature","properties":{"name":"Loombard","opening_hours":"Mo-Su 08:00-21:00","shop":"pawnbroker","source":"survey","operator":"Lombard Silver  sp. z o.o.","operator:ref:rdl_knf":"RDL000109","brand":"Loombard","brand:wikidata":"Q113227799","source:shop":"Rejestr działalności lombardowej KNF","@id":"node/4059435455"},"geometry":{"type":"Point","coordinates":[17.0648131,52.3997027]}}],"cooperativeWork":{"meta":{"version":2,"type":1},"operations":[{"operationType":"modifyElement","data":{"id":"node/4059435455","operations":[{"operation":"setTags","data":{"operator":"Lombard Silver  sp. z o.o.","operator:ref:rdl_knf":"RDL000109","brand":"Loombard","brand:wikidata":"Q113227799","source:shop":"Rejestr działalności lombardowej KNF"}}]}}]}}
{"type":"FeatureCollection","features":[{"type":"Feature","properties":{"name":"Loombard","shop":"pawnbroker","operator":"Lombard Silver  sp. z o.o.","operator:ref:rdl_knf":"RDL000109","brand":"Loombard","brand:wikidata":"Q113227799","add:flat":"28","source:shop":"Rejestr działalności lombardowej KNF","@id":"node/3085990592"},"geometry":{"type":"Point","coordinates":[17.0853857,52.4153781]}}],"cooperativeWork":{"meta":{"version":2,"type":1},"operations":[{"operationType":"modifyElement","data":{"id":"node/3085990592","operations":[{"operation":"setTags","data":{"operator":"Lombard Silver  sp. z o.o.","operator:ref:rdl_knf":"RDL000109","brand":"Loombard","brand:wikidata":"Q113227799","add:flat":"28","source:shop":"Rejestr działalności lombardowej KNF"}}]}}]}}
{"type":"FeatureCollection","features":[{"type":"Feature","properties":{"shop":"pawnbroker","operator":"Lombard Silver  sp. z o.o.","operator:ref:rdl_knf":"RDL000109","brand":"Loombard","name":"Loombard","brand:wikidata":"Q113227799","source:shop":"Rejestr działalności lombardowej KNF","@id":"node/12985121653"},"geometry":{"type":"Point","coordinates":[14.4971371,53.4549964]}}],"cooperativeWork":{"meta":{"version":2,"type":1},"operations":[{"operationType":"modifyElement","data":{"id":"node/12985121653","operations":[{"operation":"setTags","data":{"operator":"Lombard Silver  sp. z o.o.","operator:ref:rdl_knf":"RDL000109","brand":"Loombard","name":"Loombard","brand:wikidata":"Q113227799","source:shop":"Rejestr działalności lombardowej KNF"}}]}}]}}
{"type":"FeatureCollection","features":[{"type":"Feature","properties":{"name":"Loombard","shop":"pawnbroker","operator":"Lombard Silver  sp. z o.o.","operator:ref:rdl_knf":"RDL000109","brand":"Loombard","brand:wikidata":"Q113227799","source:shop":"Rejestr działalności lombardowej KNF","@id":"node/13504349971"},"geometry":{"type":"Point","coordinates":[14.5543824,53.4356453]}}],"cooperativeWork":{"meta":{"version":2,"type":1},"operations":[{"operationType":"modifyElement","data":{"id":"node/13504349971","operations":[{"operation":"setTags","data":{"name":"Loombard","operator":"Lombard Silver  sp. z o.o.","operator:ref:rdl_knf":"RDL000109","brand":"Loombard","brand:wikidata":"Q113227799","source:shop":"Rejestr działalności lombardowej KNF"}}]}}]}}
{"type":"FeatureCollection","features":[{"type":"Feature","properties":{"addr:city":"Tczew","addr:postcode":"83-110","addr:street":"Stefana Kardynała Wyszyńskiego","shop":"pawnbroker","operator":"Lombard Silver  sp. z o.o.","operator:ref:rdl_knf":"RDL000109","brand":"Loombard","name":"Loombard","brand:wikidata":"Q113227799","addr:housenumber":"24","source:shop":"Rejestr działalności lombardowej KNF","@id":"node/13516918251"},"geometry":{"type":"Point","coordinates":[18.7965877,54.0894708]}}],"cooperativeWork":{"meta":{"version":2,"type":1},"operations":[{"operationType":"modifyElement","data":{"id":"node/13516918251","operations":[{"operation":"setTags","data":{"operator":"Lombard Silver  sp. z o.o.","operator:ref:rdl_knf":"RDL000109","brand":"Loombard","name":"Loombard","brand:wikidata":"Q113227799","addr:housenumber":"24","source:shop":"Rejestr działalności lombardowej KNF"}}]}}]}}
{"type":"FeatureCollection","features":[{"type":"Feature","properties":{"brand":"Loombard","brand:wikidata":"Q113227799","check_date":"2026-06-26","name":"Loombard","opening_hours":"24/7","shop":"pawnbroker","wheelchair":"limited","operator":"Lombard Silver  sp. z o.o.","operator:ref:rdl_knf":"RDL000109","source:shop":"Rejestr działalności lombardowej KNF","@id":"node/3516377119"},"geometry":{"type":"Point","coordinates":[21.0137532,52.2300234]}}],"cooperativeWork":{"meta":{"version":2,"type":1},"operations":[{"operationType":"modifyElement","data":{"id":"node/3516377119","operations":[{"operation":"setTags","data":{"operator":"Lombard Silver  sp. z o.o.","operator:ref:rdl_knf":"RDL000109","source:shop":"Rejestr działalności lombardowej KNF"}}]}}]}}
{"type":"FeatureCollection","features":[{"type":"Feature","properties":{"check_date":"2026-06-12","name":"Loombard","shop":"pawnbroker","operator":"Lombard Silver  sp. z o.o.","operator:ref:rdl_knf":"RDL000109","brand":"Loombard","brand:wikidata":"Q113227799","add:flat":"175","source:shop":"Rejestr działalności lombardowej KNF","@id":"node/318206521"},"geometry":{"type":"Point","coordinates":[21.0941088,52.2436713]}}],"cooperativeWork":{"meta":{"version":2,"type":1},"operations":[{"operationType":"modifyElement","data":{"id":"node/318206521","operations":[{"operation":"setTags","data":{"operator":"Lombard Silver  sp. z o.o.","operator:ref:rdl_knf":"RDL000109","brand":"Loombard","brand:wikidata":"Q113227799","add:flat":"175","source:shop":"Rejestr działalności lombardowej KNF"}}]}}]}}
{"type":"FeatureCollection","features":[{"type":"Feature","properties":{"amenity":"bureau_de_change","check_date":"2023-08-19","name":"Pośrednictwo finansowe","opening_hours":"Mo-Fr 08:00-16:00; Sa 09:00-13:00","wheelchair":"limited","operator":"Lombard Sknerus sp. z o.o.","operator:ref:rdl_knf":"RDL000225","shop":"pawnbroker","source:shop":"Rejestr działalności lombardowej KNF","@id":"node/11127311474"},"geometry":{"type":"Point","coordinates":[20.1302971,54.1159195]}}],"cooperativeWork":{"meta":{"version":2,"type":1},"operations":[{"operationType":"modifyElement","data":{"id":"node/11127311474","operations":[{"operation":"setTags","data":{"operator":"Lombard Sknerus sp. z o.o.","operator:ref:rdl_knf":"RDL000225","shop":"pawnbroker","source:shop":"Rejestr działalności lombardowej KNF"}}]}}]}}
{"type":"FeatureCollection","features":[{"type":"Feature","properties":{"name":"Lombard","shop":"pawnbroker","operator":"Lombard Sknerus sp. z o.o.","operator:ref:rdl_knf":"RDL000225","source:shop":"Rejestr działalności lombardowej KNF","@id":"node/5645868528"},"geometry":{"type":"Point","coordinates":[20.1242041,54.2379893]}}],"cooperativeWork":{"meta":{"version":2,"type":1},"operations":[{"operationType":"modifyElement","data":{"id":"node/5645868528","operations":[{"operation":"setTags","data":{"operator":"Lombard Sknerus sp. z o.o.","operator:ref:rdl_knf":"RDL000225","source:shop":"Rejestr działalności lombardowej KNF"}}]}}]}}
{"type":"FeatureCollection","features":[{"type":"Feature","properties":{"name":"Amigos","shop":"pawnbroker","operator":"Lombard Sos sp. z o.o.","operator:ref:rdl_knf":"RDL000095","source:shop":"Rejestr działalności lombardowej KNF","@id":"node/9430382023"},"geometry":{"type":"Point","coordinates":[14.5392884,53.42947]}}],"cooperativeWork":{"meta":{"version":2,"type":1},"operations":[{"operationType":"modifyElement","data":{"id":"node/9430382023","operations":[{"operation":"setTags","data":{"operator":"Lombard Sos sp. z o.o.","operator:ref:rdl_knf":"RDL000095","source:shop":"Rejestr działalności lombardowej KNF"}}]}}]}}
{"type":"FeatureCollection","features":[{"type":"Feature","properties":{"amenity":"bureau_de_change","operator":"Lombard System  sp. z o.o.","operator:ref:rdl_knf":"RDL000100","brand":"Loombard","name":"Loombard","brand:wikidata":"Q113227799","shop":"pawnbroker","source:shop":"Rejestr działalności lombardowej KNF","@id":"node/7857267330"},"geometry":{"type":"Point","coordinates":[15.8119606,53.5310389]}}],"cooperativeWork":{"meta":{"version":2,"type":1},"operations":[{"operationType":"modifyElement","data":{"id":"node/7857267330","operations":[{"operation":"setTags","data":{"operator":"Lombard System  sp. z o.o.","operator:ref:rdl_knf":"RDL000100","brand":"Loombard","name":"Loombard","brand:wikidata":"Q113227799","shop":"pawnbroker","source:shop":"Rejestr działalności lombardowej KNF"}}]}}]}}
{"type":"FeatureCollection","features":[{"type":"Feature","properties":{"check_date":"2026-04-14","name":"Loombard","opening_hours":"Mo-Fr 09:00-19:00; Sa 09:00-15:00; Su off","shop":"pawnbroker","operator":"Lombard System  sp. z o.o.","operator:ref:rdl_knf":"RDL000100","brand":"Loombard","brand:wikidata":"Q113227799","source:shop":"Rejestr działalności lombardowej KNF","@id":"node/10737394899"},"geometry":{"type":"Point","coordinates":[18.6122371,54.3762624]}}],"cooperativeWork":{"meta":{"version":2,"type":1},"operations":[{"operationType":"modifyElement","data":{"id":"node/10737394899","operations":[{"operation":"setTags","data":{"operator":"Lombard System  sp. z o.o.","operator:ref:rdl_knf":"RDL000100","brand":"Loombard","brand:wikidata":"Q113227799","source:shop":"Rejestr działalności lombardowej KNF"}}]}}]}}
{"type":"FeatureCollection","features":[{"type":"Feature","properties":{"name":"Loombard","operator":"Lombard System  sp. z o.o.","shop":"pawnbroker","operator:ref:rdl_knf":"RDL000100","brand":"Loombard","brand:wikidata":"Q113227799","source:shop":"Rejestr działalności lombardowej KNF","@id":"node/11978163649"},"geometry":{"type":"Point","coordinates":[17.3853184,50.6989818]}}],"cooperativeWork":{"meta":{"version":2,"type":1},"operations":[{"operationType":"modifyElement","data":{"id":"node/11978163649","operations":[{"operation":"setTags","data":{"operator":"Lombard System  sp. z o.o.","operator:ref:rdl_knf":"RDL000100","brand":"Loombard","brand:wikidata":"Q113227799","source:shop":"Rejestr działalności lombardowej KNF"}}]}}]}}
{"type":"FeatureCollection","features":[{"type":"Feature","properties":{"check_date":"2024-08-01","level":"0","name":"Loombard","shop":"pawnbroker","operator":"Lombard System  sp. z o.o.","operator:ref:rdl_knf":"RDL000100","brand":"Loombard","brand:wikidata":"Q113227799","source:shop":"Rejestr działalności lombardowej KNF","@id":"node/12087471293"},"geometry":{"type":"Point","coordinates":[19.0166733,50.2614893]}}],"cooperativeWork":{"meta":{"version":2,"type":1},"operations":[{"operationType":"modifyElement","data":{"id":"node/12087471293","operations":[{"operation":"setTags","data":{"name":"Loombard","operator":"Lombard System  sp. z o.o.","operator:ref:rdl_knf":"RDL000100","brand":"Loombard","brand:wikidata":"Q113227799","source:shop":"Rejestr działalności lombardowej KNF"}}]}}]}}
{"type":"FeatureCollection","features":[{"type":"Feature","properties":{"amenity":"bureau_de_change","check_date":"2025-11-29","name":"Loombard","operator":"Lombard System  sp. z o.o.","operator:ref:rdl_knf":"RDL000100","brand":"Loombard","brand:wikidata":"Q113227799","shop":"pawnbroker","source:shop":"Rejestr działalności lombardowej KNF","@id":"node/13340181525"},"geometry":{"type":"Point","coordinates":[18.2091835,50.3446983]}}],"cooperativeWork":{"meta":{"version":2,"type":1},"operations":[{"operationType":"modifyElement","data":{"id":"node/13340181525","operations":[{"operation":"setTags","data":{"name":"Loombard","operator":"Lombard System  sp. z o.o.","operator:ref:rdl_knf":"RDL000100","brand":"Loombard","brand:wikidata":"Q113227799","shop":"pawnbroker","source:shop":"Rejestr działalności lombardowej KNF"}}]}}]}}
{"type":"FeatureCollection","features":[{"type":"Feature","properties":{"shop":"pawnbroker","operator":"Lombard System  sp. z o.o.","operator:ref:rdl_knf":"RDL000100","brand":"Loombard","name":"Loombard","brand:wikidata":"Q113227799","source:shop":"Rejestr działalności lombardowej KNF","@id":"node/13002419866"},"geometry":{"type":"Point","coordinates":[17.9926433,51.2848371]}}],"cooperativeWork":{"meta":{"version":2,"type":1},"operations":[{"operationType":"modifyElement","data":{"id":"node/13002419866","operations":[{"operation":"setTags","data":{"operator":"Lombard System  sp. z o.o.","operator:ref:rdl_knf":"RDL000100","brand":"Loombard","name":"Loombard","brand:wikidata":"Q113227799","source:shop":"Rejestr działalności lombardowej KNF"}}]}}]}}
{"type":"FeatureCollection","features":[{"type":"Feature","properties":{"name":"Loombard","opening_hours":"Mo-Sa 08:00-20:00; Su 10:00-18:00","shop":"pawnbroker","operator":"Lombard System  sp. z o.o.","operator:ref:rdl_knf":"RDL000100","brand":"Loombard","brand:wikidata":"Q113227799","source:shop":"Rejestr działalności lombardowej KNF","@id":"node/13546836545"},"geometry":{"type":"Point","coordinates":[20.6388521,50.8823591]}}],"cooperativeWork":{"meta":{"version":2,"type":1},"operations":[{"operationType":"modifyElement","data":{"id":"node/13546836545","operations":[{"operation":"setTags","data":{"operator":"Lombard System  sp. z o.o.","operator:ref:rdl_knf":"RDL000100","brand":"Loombard","brand:wikidata":"Q113227799","source:shop":"Rejestr działalności lombardowej KNF"}}]}}]}}
{"type":"FeatureCollection","features":[{"type":"Feature","properties":{"brand":"Loombard","brand:wikidata":"Q113227799","name":"Loombard","opening_hours":"Mo-Sa 08:00-20:00; Su 10:00-18:00","shop":"pawnbroker","website":"https://www.loombard.pl/","operator":"Lombard System  sp. z o.o.","operator:ref:rdl_knf":"RDL000100","source:shop":"Rejestr działalności lombardowej KNF","@id":"node/9986302499"},"geometry":{"type":"Point","coordinates":[20.6250227,50.8740946]}}],"cooperativeWork":{"meta":{"version":2,"type":1},"operations":[{"operationType":"modifyElement","data":{"id":"node/9986302499","operations":[{"operation":"setTags","data":{"operator":"Lombard System  sp. z o.o.","operator:ref:rdl_knf":"RDL000100","source:shop":"Rejestr działalności lombardowej KNF"}}]}}]}}
{"type":"FeatureCollection","features":[{"type":"Feature","properties":{"branch":"Pożyczki Pod Zastaw","brand":"Loombard","brand:wikidata":"Q113227799","name":"Loombard","opening_hours":"Mo-Sa 08:00-21:00","phone":"+48 41 3453413","shop":"pawnbroker","operator":"Lombard System  sp. z o.o.","operator:ref:rdl_knf":"RDL000100","source:shop":"Rejestr działalności lombardowej KNF","@id":"node/8461608423"},"geometry":{"type":"Point","coordinates":[20.6086102,50.8752652]}}],"cooperativeWork":{"meta":{"version":2,"type":1},"operations":[{"operationType":"modifyElement","data":{"id":"node/8461608423","operations":[{"operation":"setTags","data":{"operator":"Lombard System  sp. z o.o.","operator:ref:rdl_knf":"RDL000100","source:shop":"Rejestr działalności lombardowej KNF"}}]}}]}}
{"type":"FeatureCollection","features":[{"type":"Feature","properties":{"name":"Loombard","shop":"pawnbroker","operator":"Lombard System  sp. z o.o.","operator:ref:rdl_knf":"RDL000100","brand":"Loombard","brand:wikidata":"Q113227799","source:shop":"Rejestr działalności lombardowej KNF","@id":"node/5339601519"},"geometry":{"type":"Point","coordinates":[14.9727668,51.7881654]}}],"cooperativeWork":{"meta":{"version":2,"type":1},"operations":[{"operationType":"modifyElement","data":{"id":"node/5339601519","operations":[{"operation":"setTags","data":{"name":"Loombard","operator":"Lombard System  sp. z o.o.","operator:ref:rdl_knf":"RDL000100","brand":"Loombard","brand:wikidata":"Q113227799","source:shop":"Rejestr działalności lombardowej KNF"}}]}}]}}
{"type":"FeatureCollection","features":[{"type":"Feature","properties":{"brand":"Loombard","brand:wikidata":"Q113227799","name":"Loombard","shop":"pawnbroker","operator":"Lombard System  sp. z o.o.","operator:ref:rdl_knf":"RDL000100","source:shop":"Rejestr działalności lombardowej KNF","@id":"node/10186076725"},"geometry":{"type":"Point","coordinates":[19.4365752,51.7891823]}}],"cooperativeWork":{"meta":{"version":2,"type":1},"operations":[{"operationType":"modifyElement","data":{"id":"node/10186076725","operations":[{"operation":"setTags","data":{"operator":"Lombard System  sp. z o.o.","operator:ref:rdl_knf":"RDL000100","source:shop":"Rejestr działalności lombardowej KNF"}}]}}]}}
{"type":"FeatureCollection","features":[{"type":"Feature","properties":{"brand":"Loombard","brand:wikidata":"Q113227799","name":"Loombard","shop":"pawnbroker","operator":"Lombard System  sp. z o.o.","operator:ref:rdl_knf":"RDL000100","source:shop":"Rejestr działalności lombardowej KNF","@id":"node/13426153068"},"geometry":{"type":"Point","coordinates":[19.4988271,51.7321673]}}],"cooperativeWork":{"meta":{"version":2,"type":1},"operations":[{"operationType":"modifyElement","data":{"id":"node/13426153068","operations":[{"operation":"setTags","data":{"operator":"Lombard System  sp. z o.o.","operator:ref:rdl_knf":"RDL000100","source:shop":"Rejestr działalności lombardowej KNF"}}]}}]}}
{"type":"FeatureCollection","features":[{"type":"Feature","properties":{"name":"Loombard","shop":"pawnbroker","operator":"Lombard System  sp. z o.o.","operator:ref:rdl_knf":"RDL000100","brand":"Loombard","brand:wikidata":"Q113227799","source:shop":"Rejestr działalności lombardowej KNF","@id":"node/4262413154"},"geometry":{"type":"Point","coordinates":[19.4515907,51.774489]}}],"cooperativeWork":{"meta":{"version":2,"type":1},"operations":[{"operationType":"modifyElement","data":{"id":"node/4262413154","operations":[{"operation":"setTags","data":{"operator":"Lombard System  sp. z o.o.","operator:ref:rdl_knf":"RDL000100","brand":"Loombard","brand:wikidata":"Q113227799","source:shop":"Rejestr działalności lombardowej KNF"}}]}}]}}
{"type":"FeatureCollection","features":[{"type":"Feature","properties":{"amenity":"bureau_de_change","operator":"Lombard System  sp. z o.o.","operator:ref:rdl_knf":"RDL000100","brand":"Loombard","name":"Loombard","brand:wikidata":"Q113227799","shop":"pawnbroker","source:shop":"Rejestr działalności lombardowej KNF","@id":"node/11257428543"},"geometry":{"type":"Point","coordinates":[19.4597837,51.756086]}}],"cooperativeWork":{"meta":{"version":2,"type":1},"operations":[{"operationType":"modifyElement","data":{"id":"node/11257428543","operations":[{"operation":"setTags","data":{"operator":"Lombard System  sp. z o.o.","operator:ref:rdl_knf":"RDL000100","brand":"Loombard","name":"Loombard","brand:wikidata":"Q113227799","shop":"pawnbroker","source:shop":"Rejestr działalności lombardowej KNF"}}]}}]}}
{"type":"FeatureCollection","features":[{"type":"Feature","properties":{"addr:housenumber":"290","addr:street":"Piotrkowska","amenity":"bureau_de_change","operator":"Lombard System  sp. z o.o.","operator:ref:rdl_knf":"RDL000100","addr:city":"Łódź","addr:postcode":"93-004","brand":"Loombard","name":"Loombard","brand:wikidata":"Q113227799","shop":"pawnbroker","source:shop":"Rejestr działalności lombardowej KNF","@id":"node/1187744743"},"geometry":{"type":"Point","coordinates":[19.4625906,51.7417882]}}],"cooperativeWork":{"meta":{"version":2,"type":1},"operations":[{"operationType":"modifyElement","data":{"id":"node/1187744743","operations":[{"operation":"setTags","data":{"operator":"Lombard System  sp. z o.o.","operator:ref:rdl_knf":"RDL000100","addr:city":"Łódź","addr:postcode":"93-004","brand":"Loombard","name":"Loombard","brand:wikidata":"Q113227799","shop":"pawnbroker","source:shop":"Rejestr działalności lombardowej KNF"}}]}}]}}
{"type":"FeatureCollection","features":[{"type":"Feature","properties":{"name":"Loombard","shop":"pawnbroker","operator":"Lombard System  sp. z o.o.","operator:ref:rdl_knf":"RDL000100","brand":"Loombard","brand:wikidata":"Q113227799","source:shop":"Rejestr działalności lombardowej KNF","@id":"node/10093378344"},"geometry":{"type":"Point","coordinates":[16.8530606,52.2444182]}}],"cooperativeWork":{"meta":{"version":2,"type":1},"operations":[{"operationType":"modifyElement","data":{"id":"node/10093378344","operations":[{"operation":"setTags","data":{"name":"Loombard","operator":"Lombard System  sp. z o.o.","operator:ref:rdl_knf":"RDL000100","brand":"Loombard","brand:wikidata":"Q113227799","source:shop":"Rejestr działalności lombardowej KNF"}}]}}]}}
{"type":"FeatureCollection","features":[{"type":"Feature","properties":{"brand":"Loombard","brand:wikidata":"Q113227799","check_date":"2026-01-05","name":"Loombard","shop":"pawnbroker","operator":"Lombard System  sp. z o.o.","operator:ref:rdl_knf":"RDL000100","source:shop":"Rejestr działalności lombardowej KNF","@id":"node/13432553431"},"geometry":{"type":"Point","coordinates":[15.1207229,53.6708686]}}],"cooperativeWork":{"meta":{"version":2,"type":1},"operations":[{"operationType":"modifyElement","data":{"id":"node/13432553431","operations":[{"operation":"setTags","data":{"operator":"Lombard System  sp. z o.o.","operator:ref:rdl_knf":"RDL000100","source:shop":"Rejestr działalności lombardowej KNF"}}]}}]}}
{"type":"FeatureCollection","features":[{"type":"Feature","properties":{"shop":"pawnbroker","operator":"Lombard System  sp. z o.o.","operator:ref:rdl_knf":"RDL000100","brand":"Loombard","name":"Loombard","brand:wikidata":"Q113227799","source:shop":"Rejestr działalności lombardowej KNF","@id":"node/6100724128"},"geometry":{"type":"Point","coordinates":[19.3486653,51.6644153]}}],"cooperativeWork":{"meta":{"version":2,"type":1},"operations":[{"operationType":"modifyElement","data":{"id":"node/6100724128","operations":[{"operation":"setTags","data":{"operator":"Lombard System  sp. z o.o.","operator:ref:rdl_knf":"RDL000100","brand":"Loombard","name":"Loombard","brand:wikidata":"Q113227799","source:shop":"Rejestr działalności lombardowej KNF"}}]}}]}}
{"type":"FeatureCollection","features":[{"type":"Feature","properties":{"addr:street":"Orla","name":"Loombard","opening_hours":"Mo-Su 09:00-22:00","shop":"pawnbroker","website":"https://www.loombard.pl/","operator":"Lombard System  sp. z o.o.","operator:ref:rdl_knf":"RDL000100","addr:city":"Pabianice","addr:postcode":"95-200","brand":"Loombard","brand:wikidata":"Q113227799","addr:housenumber":"42","source:shop":"Rejestr działalności lombardowej KNF","@id":"node/9150072517"},"geometry":{"type":"Point","coordinates":[19.342965,51.6584847]}}],"cooperativeWork":{"meta":{"version":2,"type":1},"operations":[{"operationType":"modifyElement","data":{"id":"node/9150072517","operations":[{"operation":"setTags","data":{"operator":"Lombard System  sp. z o.o.","operator:ref:rdl_knf":"RDL000100","addr:city":"Pabianice","addr:postcode":"95-200","brand":"Loombard","brand:wikidata":"Q113227799","addr:housenumber":"42","source:shop":"Rejestr działalności lombardowej KNF"}}]}}]}}
{"type":"FeatureCollection","features":[{"type":"Feature","properties":{"addr:housenumber":"22","addr:street":"Wolności","brand":"Loombard","brand:wikidata":"Q113227799","check_date":"2026-05-25","internet_access":"no","name":"Loombard","opening_hours":"Mo-Sa 08:00-20:00","payment:cards":"no","payment:cash":"yes","payment:credit_cards":"no","payment:debit_cards":"no","shop":"pawnbroker","wheelchair":"no","operator":"Lombard System  sp. z o.o.","operator:ref:rdl_knf":"RDL000100","addr:city":"Płońsk","addr:postcode":"09-100","source:shop":"Rejestr działalności lombardowej KNF","@id":"node/13296585101"},"geometry":{"type":"Point","coordinates":[20.3731662,52.6256721]}}],"cooperativeWork":{"meta":{"version":2,"type":1},"operations":[{"operationType":"modifyElement","data":{"id":"node/13296585101","operations":[{"operation":"setTags","data":{"operator":"Lombard System  sp. z o.o.","operator:ref:rdl_knf":"RDL000100","addr:city":"Płońsk","addr:postcode":"09-100","source:shop":"Rejestr działalności lombardowej KNF"}}]}}]}}
{"type":"FeatureCollection","features":[{"type":"Feature","properties":{"name":"Loombard","shop":"pawnbroker","operator":"Lombard System  sp. z o.o.","operator:ref:rdl_knf":"RDL000100","brand":"Loombard","brand:wikidata":"Q113227799","source:shop":"Rejestr działalności lombardowej KNF","@id":"node/3246613184"},"geometry":{"type":"Point","coordinates":[18.2140233,50.0951413]}}],"cooperativeWork":{"meta":{"version":2,"type":1},"operations":[{"operationType":"modifyElement","data":{"id":"node/3246613184","operations":[{"operation":"setTags","data":{"name":"Loombard","operator":"Lombard System  sp. z o.o.","operator:ref:rdl_knf":"RDL000100","brand":"Loombard","brand:wikidata":"Q113227799","source:shop":"Rejestr działalności lombardowej KNF"}}]}}]}}
{"type":"FeatureCollection","features":[{"type":"Feature","properties":{"amenity":"bureau_de_change","name":"Loombard","opening_hours":"Mo-Fr 09:00-17:00; Sa 09:00-12:00","operator":"Lombard System  sp. z o.o.","operator:ref:rdl_knf":"RDL000100","brand":"Loombard","brand:wikidata":"Q113227799","shop":"pawnbroker","source:shop":"Rejestr działalności lombardowej KNF","@id":"node/1807101278"},"geometry":{"type":"Point","coordinates":[18.4744264,50.0498065]}}],"cooperativeWork":{"meta":{"version":2,"type":1},"operations":[{"operationType":"modifyElement","data":{"id":"node/1807101278","operations":[{"operation":"setTags","data":{"name":"Loombard","operator":"Lombard System  sp. z o.o.","operator:ref:rdl_knf":"RDL000100","brand":"Loombard","brand:wikidata":"Q113227799","shop":"pawnbroker","source:shop":"Rejestr działalności lombardowej KNF"}}]}}]}}
{"type":"FeatureCollection","features":[{"type":"Feature","properties":{"brand":"Loombard","brand:wikidata":"Q113227799","name":"Loombard","shop":"pawnbroker","operator":"Lombard System  sp. z o.o.","operator:ref:rdl_knf":"RDL000100","source:shop":"Rejestr działalności lombardowej KNF","@id":"node/9420410783"},"geometry":{"type":"Point","coordinates":[20.2390137,52.2313721]}}],"cooperativeWork":{"meta":{"version":2,"type":1},"operations":[{"operationType":"modifyElement","data":{"id":"node/9420410783","operations":[{"operation":"setTags","data":{"operator":"Lombard System  sp. z o.o.","operator:ref:rdl_knf":"RDL000100","source:shop":"Rejestr działalności lombardowej KNF"}}]}}]}}
{"type":"FeatureCollection","features":[{"type":"Feature","properties":{"name:signed":"no","shop":"pawnbroker","operator":"Lombard System  sp. z o.o.","operator:ref:rdl_knf":"RDL000100","brand":"Loombard","name":"Loombard","brand:wikidata":"Q113227799","source:shop":"Rejestr działalności lombardowej KNF","@id":"node/13048847488"},"geometry":{"type":"Point","coordinates":[19.1323951,50.2876326]}}],"cooperativeWork":{"meta":{"version":2,"type":1},"operations":[{"operationType":"modifyElement","data":{"id":"node/13048847488","operations":[{"operation":"setTags","data":{"operator":"Lombard System  sp. z o.o.","operator:ref:rdl_knf":"RDL000100","brand":"Loombard","name":"Loombard","brand:wikidata":"Q113227799","source:shop":"Rejestr działalności lombardowej KNF"}}]}}]}}
{"type":"FeatureCollection","features":[{"type":"Feature","properties":{"name":"Loombard","phone":"+48 504 861 761","shop":"pawnbroker","operator":"Lombard System  sp. z o.o.","operator:ref:rdl_knf":"RDL000100","brand":"Loombard","brand:wikidata":"Q113227799","source:shop":"Rejestr działalności lombardowej KNF","@id":"node/5750779131"},"geometry":{"type":"Point","coordinates":[19.1168844,50.2785198]}}],"cooperativeWork":{"meta":{"version":2,"type":1},"operations":[{"operationType":"modifyElement","data":{"id":"node/5750779131","operations":[{"operation":"setTags","data":{"name":"Loombard","operator":"Lombard System  sp. z o.o.","operator:ref:rdl_knf":"RDL000100","brand":"Loombard","brand:wikidata":"Q113227799","source:shop":"Rejestr działalności lombardowej KNF"}}]}}]}}
{"type":"FeatureCollection","features":[{"type":"Feature","properties":{"amenity":"bureau_de_change","operator":"Lombard System  sp. z o.o.","operator:ref:rdl_knf":"RDL000100","brand":"Loombard","name":"Loombard","brand:wikidata":"Q113227799","shop":"pawnbroker","source:shop":"Rejestr działalności lombardowej KNF","@id":"node/3171014488"},"geometry":{"type":"Point","coordinates":[16.6925979,53.7095487]}}],"cooperativeWork":{"meta":{"version":2,"type":1},"operations":[{"operationType":"modifyElement","data":{"id":"node/3171014488","operations":[{"operation":"setTags","data":{"operator":"Lombard System  sp. z o.o.","operator:ref:rdl_knf":"RDL000100","brand":"Loombard","name":"Loombard","brand:wikidata":"Q113227799","shop":"pawnbroker","source:shop":"Rejestr działalności lombardowej KNF"}}]}}]}}
{"type":"FeatureCollection","features":[{"type":"Feature","properties":{"name":"Loombard","shop":"pawnbroker","operator":"Lombard System  sp. z o.o.","operator:ref:rdl_knf":"RDL000100","brand":"Loombard","brand:wikidata":"Q113227799","source:shop":"Rejestr działalności lombardowej KNF","@id":"node/5777569961"},"geometry":{"type":"Point","coordinates":[15.5365129,51.5653119]}}],"cooperativeWork":{"meta":{"version":2,"type":1},"operations":[{"operationType":"modifyElement","data":{"id":"node/5777569961","operations":[{"operation":"setTags","data":{"name":"Loombard","operator":"Lombard System  sp. z o.o.","operator:ref:rdl_knf":"RDL000100","brand":"Loombard","brand:wikidata":"Q113227799","source:shop":"Rejestr działalności lombardowej KNF"}}]}}]}}
{"type":"FeatureCollection","features":[{"type":"Feature","properties":{"shop":"pawnbroker","operator":"Lombard System  sp. z o.o.","operator:ref:rdl_knf":"RDL000100","brand":"Loombard","name":"Loombard","brand:wikidata":"Q113227799","add:flat":"2","source:shop":"Rejestr działalności lombardowej KNF","@id":"node/12127694826"},"geometry":{"type":"Point","coordinates":[16.4826854,50.8448256]}}],"cooperativeWork":{"meta":{"version":2,"type":1},"operations":[{"operationType":"modifyElement","data":{"id":"node/12127694826","operations":[{"operation":"setTags","data":{"operator":"Lombard System  sp. z o.o.","operator:ref:rdl_knf":"RDL000100","brand":"Loombard","name":"Loombard","brand:wikidata":"Q113227799","add:flat":"2","source:shop":"Rejestr działalności lombardowej KNF"}}]}}]}}
{"type":"FeatureCollection","features":[{"type":"Feature","properties":{"brand":"Loombard","brand:wikidata":"Q113227799","check_date":"2023-09-09","name":"Loombard","shop":"pawnbroker","wheelchair":"limited","operator":"Lombard System  sp. z o.o.","operator:ref:rdl_knf":"RDL000100","add:flat":"8","source:shop":"Rejestr działalności lombardowej KNF","@id":"node/9020317937"},"geometry":{"type":"Point","coordinates":[20.9827071,52.2700197]}}],"cooperativeWork":{"meta":{"version":2,"type":1},"operations":[{"operationType":"modifyElement","data":{"id":"node/9020317937","operations":[{"operation":"setTags","data":{"operator":"Lombard System  sp. z o.o.","operator:ref:rdl_knf":"RDL000100","add:flat":"8","source:shop":"Rejestr działalności lombardowej KNF"}}]}}]}}
{"type":"FeatureCollection","features":[{"type":"Feature","properties":{"amenity":"bureau_de_change","name":"Loombard","operator":"Lombard System  sp. z o.o.","operator:ref:rdl_knf":"RDL000100","brand":"Loombard","brand:wikidata":"Q113227799","shop":"pawnbroker","source:shop":"Rejestr działalności lombardowej KNF","@id":"node/13740240217"},"geometry":{"type":"Point","coordinates":[17.0080785,51.0998427]}}],"cooperativeWork":{"meta":{"version":2,"type":1},"operations":[{"operationType":"modifyElement","data":{"id":"node/13740240217","operations":[{"operation":"setTags","data":{"name":"Loombard","operator":"Lombard System  sp. z o.o.","operator:ref:rdl_knf":"RDL000100","brand":"Loombard","brand:wikidata":"Q113227799","shop":"pawnbroker","source:shop":"Rejestr działalności lombardowej KNF"}}]}}]}}
{"type":"FeatureCollection","features":[{"type":"Feature","properties":{"addr:housenumber":"38","addr:street":"Radosna","name":"Loombard","shop":"pawnbroker","source":"survey","operator":"Lombard System  sp. z o.o.","operator:ref:rdl_knf":"RDL000100","addr:city":"Wrocław","addr:postcode":"53-336","brand":"Loombard","brand:wikidata":"Q113227799","source:shop":"Rejestr działalności lombardowej KNF","@id":"node/2885210583"},"geometry":{"type":"Point","coordinates":[17.0257999,51.0935277]}}],"cooperativeWork":{"meta":{"version":2,"type":1},"operations":[{"operationType":"modifyElement","data":{"id":"node/2885210583","operations":[{"operation":"setTags","data":{"operator":"Lombard System  sp. z o.o.","operator:ref:rdl_knf":"RDL000100","addr:city":"Wrocław","addr:postcode":"53-336","brand":"Loombard","brand:wikidata":"Q113227799","source:shop":"Rejestr działalności lombardowej KNF"}}]}}]}}
{"type":"FeatureCollection","features":[{"type":"Feature","properties":{"name":"Loombard","opening_hours":"Mo-Sa 08:00-21:00; Su 09:00-20:00","shop":"pawnbroker","website":"https://www.lombardi.pl/","operator":"Lombard System  sp. z o.o.","operator:ref:rdl_knf":"RDL000100","brand":"Loombard","brand:wikidata":"Q113227799","source:shop":"Rejestr działalności lombardowej KNF","@id":"node/2942074242"},"geometry":{"type":"Point","coordinates":[17.0551271,51.1162142]}}],"cooperativeWork":{"meta":{"version":2,"type":1},"operations":[{"operationType":"modifyElement","data":{"id":"node/2942074242","operations":[{"operation":"setTags","data":{"name":"Loombard","operator":"Lombard System  sp. z o.o.","operator:ref:rdl_knf":"RDL000100","brand":"Loombard","brand:wikidata":"Q113227799","source:shop":"Rejestr działalności lombardowej KNF"}}]}}]}}
{"type":"FeatureCollection","features":[{"type":"Feature","properties":{"check_date":"2025-04-05","name":"Loombard","shop":"pawnbroker","operator":"Lombard System  sp. z o.o.","operator:ref:rdl_knf":"RDL000100","brand":"Loombard","brand:wikidata":"Q113227799","source:shop":"Rejestr działalności lombardowej KNF","@id":"node/12730719027"},"geometry":{"type":"Point","coordinates":[17.0300197,51.1194043]}}],"cooperativeWork":{"meta":{"version":2,"type":1},"operations":[{"operationType":"modifyElement","data":{"id":"node/12730719027","operations":[{"operation":"setTags","data":{"name":"Loombard","operator":"Lombard System  sp. z o.o.","operator:ref:rdl_knf":"RDL000100","brand":"Loombard","brand:wikidata":"Q113227799","source:shop":"Rejestr działalności lombardowej KNF"}}]}}]}}
{"type":"FeatureCollection","features":[{"type":"Feature","properties":{"name":"Loombard","opening_hours":"Mo-Sa 10:00-20:00","shop":"pawnbroker","operator":"Lombard System  sp. z o.o.","operator:ref:rdl_knf":"RDL000100","brand":"Loombard","brand:wikidata":"Q113227799","source:shop":"Rejestr działalności lombardowej KNF","@id":"node/9208458287"},"geometry":{"type":"Point","coordinates":[17.1268447,51.14639]}}],"cooperativeWork":{"meta":{"version":2,"type":1},"operations":[{"operationType":"modifyElement","data":{"id":"node/9208458287","operations":[{"operation":"setTags","data":{"name":"Loombard","operator":"Lombard System  sp. z o.o.","operator:ref:rdl_knf":"RDL000100","brand":"Loombard","brand:wikidata":"Q113227799","source:shop":"Rejestr działalności lombardowej KNF"}}]}}]}}
{"type":"FeatureCollection","features":[{"type":"Feature","properties":{"name":"Loombard","shop":"pawnbroker","operator":"Lombard System  sp. z o.o.","operator:ref:rdl_knf":"RDL000100","brand":"Loombard","brand:wikidata":"Q113227799","source:shop":"Rejestr działalności lombardowej KNF","@id":"node/14232229296"},"geometry":{"type":"Point","coordinates":[18.9356183,51.601301]}}],"cooperativeWork":{"meta":{"version":2,"type":1},"operations":[{"operationType":"modifyElement","data":{"id":"node/14232229296","operations":[{"operation":"setTags","data":{"operator":"Lombard System  sp. z o.o.","operator:ref:rdl_knf":"RDL000100","brand":"Loombard","brand:wikidata":"Q113227799","source:shop":"Rejestr działalności lombardowej KNF"}}]}}]}}
{"type":"FeatureCollection","features":[{"type":"Feature","properties":{"addr:city":"Zgorzelec","addr:housenumber":"29","addr:postcode":"59-900","addr:street":"Armii Krajowej","amenity":"bureau_de_change","currency:EUR":"yes","currency:GBP":"yes","currency:PLN":"yes","payment:cash":"yes","operator":"Lombard System  sp. z o.o.","operator:ref:rdl_knf":"RDL000100","brand":"Loombard","name":"Loombard","brand:wikidata":"Q113227799","add:flat":"6","shop":"pawnbroker","source:shop":"Rejestr działalności lombardowej KNF","@id":"node/418771492"},"geometry":{"type":"Point","coordinates":[15.0154382,51.1520234]}}],"cooperativeWork":{"meta":{"version":2,"type":1},"operations":[{"operationType":"modifyElement","data":{"id":"node/418771492","operations":[{"operation":"setTags","data":{"operator":"Lombard System  sp. z o.o.","operator:ref:rdl_knf":"RDL000100","brand":"Loombard","name":"Loombard","brand:wikidata":"Q113227799","add:flat":"6","shop":"pawnbroker","source:shop":"Rejestr działalności lombardowej KNF"}}]}}]}}
{"type":"FeatureCollection","features":[{"type":"Feature","properties":{"amenity":"bureau_de_change","name":"Loombard","operator":"Lombard System  sp. z o.o.","operator:ref:rdl_knf":"RDL000100","brand":"Loombard","brand:wikidata":"Q113227799","shop":"pawnbroker","source:shop":"Rejestr działalności lombardowej KNF","@id":"node/4272961692"},"geometry":{"type":"Point","coordinates":[15.0072326,51.1566717]}}],"cooperativeWork":{"meta":{"version":2,"type":1},"operations":[{"operationType":"modifyElement","data":{"id":"node/4272961692","operations":[{"operation":"setTags","data":{"name":"Loombard","operator":"Lombard System  sp. z o.o.","operator:ref:rdl_knf":"RDL000100","brand":"Loombard","brand:wikidata":"Q113227799","shop":"pawnbroker","source:shop":"Rejestr działalności lombardowej KNF"}}]}}]}}
{"type":"FeatureCollection","features":[{"type":"Feature","properties":{"name":"Loombard","shop":"pawnbroker","operator":"Lombard System  sp. z o.o.","operator:ref:rdl_knf":"RDL000100","brand":"Loombard","brand:wikidata":"Q113227799","source:shop":"Rejestr działalności lombardowej KNF","@id":"node/9824844860"},"geometry":{"type":"Point","coordinates":[19.1951276,49.686778]}}],"cooperativeWork":{"meta":{"version":2,"type":1},"operations":[{"operationType":"modifyElement","data":{"id":"node/9824844860","operations":[{"operation":"setTags","data":{"operator":"Lombard System  sp. z o.o.","operator:ref:rdl_knf":"RDL000100","brand":"Loombard","brand:wikidata":"Q113227799","source:shop":"Rejestr działalności lombardowej KNF"}}]}}]}}
{"type":"FeatureCollection","features":[{"type":"Feature","properties":{"brand":"Loombard","brand:wikidata":"Q113227799","name":"Loombard","shop":"pawnbroker","operator":"Lombard System  sp. z o.o.","operator:ref:rdl_knf":"RDL000100","source:shop":"Rejestr działalności lombardowej KNF","@id":"node/6467923548"},"geometry":{"type":"Point","coordinates":[19.1906251,49.6842257]}}],"cooperativeWork":{"meta":{"version":2,"type":1},"operations":[{"operationType":"modifyElement","data":{"id":"node/6467923548","operations":[{"operation":"setTags","data":{"operator":"Lombard System  sp. z o.o.","operator:ref:rdl_knf":"RDL000100","source:shop":"Rejestr działalności lombardowej KNF"}}]}}]}}
{"type":"FeatureCollection","features":[{"type":"Feature","properties":{"amenity":"bureau_de_change","opening_hours":"Mo-Fr 10:00-17:30; Sa 09:30-13:00","phone":"48426734907","operator":"Lombard W Patio sp. z o.o.","operator:ref:rdl_knf":"RDL000084","shop":"pawnbroker","source:shop":"Rejestr działalności lombardowej KNF","@id":"node/12659381213"},"geometry":{"type":"Point","coordinates":[19.5372891,51.7567092]}}],"cooperativeWork":{"meta":{"version":2,"type":1},"operations":[{"operationType":"modifyElement","data":{"id":"node/12659381213","operations":[{"operation":"setTags","data":{"operator":"Lombard W Patio sp. z o.o.","operator:ref:rdl_knf":"RDL000084","shop":"pawnbroker","source:shop":"Rejestr działalności lombardowej KNF"}}]}}]}}
{"type":"FeatureCollection","features":[{"type":"Feature","properties":{"check_date":"2024-06-08","name":"Lombard Piaseczno","shop":"pawnbroker","operator":"Lombard Wolski sp. z o.o.","operator:ref:rdl_knf":"RDL000156","source:shop":"Rejestr działalności lombardowej KNF","@id":"node/11967862930"},"geometry":{"type":"Point","coordinates":[21.0157433,52.0743017]}}],"cooperativeWork":{"meta":{"version":2,"type":1},"operations":[{"operationType":"modifyElement","data":{"id":"node/11967862930","operations":[{"operation":"setTags","data":{"operator":"Lombard Wolski sp. z o.o.","operator:ref:rdl_knf":"RDL000156","source:shop":"Rejestr działalności lombardowej KNF"}}]}}]}}
{"type":"FeatureCollection","features":[{"type":"Feature","properties":{"name":"Lombardi","shop":"pawnbroker","operator":"Lombardi sp. z o.o.","operator:ref:rdl_knf":"RDL000186","source:shop":"Rejestr działalności lombardowej KNF","@id":"node/14013108481"},"geometry":{"type":"Point","coordinates":[21.7899665,49.86902]}}],"cooperativeWork":{"meta":{"version":2,"type":1},"operations":[{"operationType":"modifyElement","data":{"id":"node/14013108481","operations":[{"operation":"setTags","data":{"operator":"Lombardi sp. z o.o.","operator:ref:rdl_knf":"RDL000186","source:shop":"Rejestr działalności lombardowej KNF"}}]}}]}}
{"type":"FeatureCollection","features":[{"type":"Feature","properties":{"shop":"pawnbroker","operator":"Lombards.Pl sp. z o.o.","operator:ref:rdl_knf":"RDL000218","name":"Lombards.pl","source:shop":"Rejestr działalności lombardowej KNF","@id":"node/7325394566"},"geometry":{"type":"Point","coordinates":[18.972019,50.2239174]}}],"cooperativeWork":{"meta":{"version":2,"type":1},"operations":[{"operationType":"modifyElement","data":{"id":"node/7325394566","operations":[{"operation":"setTags","data":{"operator":"Lombards.Pl sp. z o.o.","operator:ref:rdl_knf":"RDL000218","name":"Lombards.pl","source:shop":"Rejestr działalności lombardowej KNF"}}]}}]}}
{"type":"FeatureCollection","features":[{"type":"Feature","properties":{"name":"Lombards.pl","opening_hours":"Mo-Sa 08:00-20:00","shop":"pawnbroker","website":"https://lombards.pl/lombard/katowice-mikolowska-13","operator":"Lombards.Pl sp. z o.o.","operator:ref:rdl_knf":"RDL000218","source:shop":"Rejestr działalności lombardowej KNF","@id":"node/10115250906"},"geometry":{"type":"Point","coordinates":[19.0115893,50.2554729]}}],"cooperativeWork":{"meta":{"version":2,"type":1},"operations":[{"operationType":"modifyElement","data":{"id":"node/10115250906","operations":[{"operation":"setTags","data":{"name":"Lombards.pl","operator":"Lombards.Pl sp. z o.o.","operator:ref:rdl_knf":"RDL000218","source:shop":"Rejestr działalności lombardowej KNF"}}]}}]}}
{"type":"FeatureCollection","features":[{"type":"Feature","properties":{"name":"Lombards.pl","opening_hours":"Mo-Sa 08:00-20:00","phone":"+48 32 242 96 45","shop":"pawnbroker","operator":"Lombards.Pl sp. z o.o.","operator:ref:rdl_knf":"RDL000218","source:shop":"Rejestr działalności lombardowej KNF","@id":"node/5727780090"},"geometry":{"type":"Point","coordinates":[18.8325833,50.2410332]}}],"cooperativeWork":{"meta":{"version":2,"type":1},"operations":[{"operationType":"modifyElement","data":{"id":"node/5727780090","operations":[{"operation":"setTags","data":{"name":"Lombards.pl","operator":"Lombards.Pl sp. z o.o.","operator:ref:rdl_knf":"RDL000218","source:shop":"Rejestr działalności lombardowej KNF"}}]}}]}}
{"type":"FeatureCollection","features":[{"type":"Feature","properties":{"check_date":"2024-11-10","name":"Loombard","phone":"+48 71 328 86 50","shop":"pawnbroker","wheelchair":"yes","operator":"Loombard Polska sp. z o.o.","operator:ref:rdl_knf":"RDL000147","brand":"Loombard","brand:wikidata":"Q113227799","add:flat":"1C","source:shop":"Rejestr działalności lombardowej KNF","@id":"node/7252846613"},"geometry":{"type":"Point","coordinates":[17.0361672,51.1275247]}}],"cooperativeWork":{"meta":{"version":2,"type":1},"operations":[{"operationType":"modifyElement","data":{"id":"node/7252846613","operations":[{"operation":"setTags","data":{"operator":"Loombard Polska sp. z o.o.","operator:ref:rdl_knf":"RDL000147","brand":"Loombard","brand:wikidata":"Q113227799","add:flat":"1C","source:shop":"Rejestr działalności lombardowej KNF"}}]}}]}}
{"type":"FeatureCollection","features":[{"type":"Feature","properties":{"addr:housenumber":"82","addr:street":"Hubska","name":"Loombard","opening_hours":"PH,Mo-Su 08:15-20:45","phone":"+48 71 333 86 04","shop":"pawnbroker","wheelchair":"no","operator":"Loombard Polska sp. z o.o.","operator:ref:rdl_knf":"RDL000147","addr:city":"Wrocław","addr:postcode":"50-502","brand":"Loombard","brand:wikidata":"Q113227799","add:flat":"1B","source:shop":"Rejestr działalności lombardowej KNF","@id":"node/4498904868"},"geometry":{"type":"Point","coordinates":[17.0454303,51.0891258]}}],"cooperativeWork":{"meta":{"version":2,"type":1},"operations":[{"operationType":"modifyElement","data":{"id":"node/4498904868","operations":[{"operation":"setTags","data":{"operator":"Loombard Polska sp. z o.o.","operator:ref:rdl_knf":"RDL000147","addr:city":"Wrocław","addr:postcode":"50-502","brand":"Loombard","brand:wikidata":"Q113227799","add:flat":"1B","source:shop":"Rejestr działalności lombardowej KNF"}}]}}]}}
{"type":"FeatureCollection","features":[{"type":"Feature","properties":{"check_date":"2024-09-07","name":"Loombard","phone":"+48 71 394 56 01","shop":"pawnbroker","operator":"Loombard Polska sp. z o.o.","operator:ref:rdl_knf":"RDL000147","brand":"Loombard","brand:wikidata":"Q113227799","source:shop":"Rejestr działalności lombardowej KNF","@id":"node/13039149547"},"geometry":{"type":"Point","coordinates":[17.0295212,51.1382337]}}],"cooperativeWork":{"meta":{"version":2,"type":1},"operations":[{"operationType":"modifyElement","data":{"id":"node/13039149547","operations":[{"operation":"setTags","data":{"name":"Loombard","operator":"Loombard Polska sp. z o.o.","operator:ref:rdl_knf":"RDL000147","brand":"Loombard","brand:wikidata":"Q113227799","source:shop":"Rejestr działalności lombardowej KNF"}}]}}]}}
{"type":"FeatureCollection","features":[{"type":"Feature","properties":{"amenity":"bureau_de_change","operator":"Mak$ sp. z o.o.","operator:ref:rdl_knf":"RDL000120","add:flat":"32","shop":"pawnbroker","source:shop":"Rejestr działalności lombardowej KNF","@id":"node/3794391168"},"geometry":{"type":"Point","coordinates":[19.4054085,51.7406992]}}],"cooperativeWork":{"meta":{"version":2,"type":1},"operations":[{"operationType":"modifyElement","data":{"id":"node/3794391168","operations":[{"operation":"setTags","data":{"operator":"Mak$ sp. z o.o.","operator:ref:rdl_knf":"RDL000120","add:flat":"32","shop":"pawnbroker","source:shop":"Rejestr działalności lombardowej KNF"}}]}}]}}
{"type":"FeatureCollection","features":[{"type":"Feature","properties":{"contact:email":"punkt.debowa@mmgielda.pl","contact:phone":"+48 32 793 70 82;+48 666 028 126","name":"Lombard M&M","opening_hours":"Mo-Fr 09:30-17:30; Sa 10:00-13:00; Su,PH off","shop":"pawnbroker","website":"https://mmgielda.pl/","operator":"Mm Giełda sp. z o.o.","operator:ref:rdl_knf":"RDL000146","source:shop":"Rejestr działalności lombardowej KNF","@id":"node/4387286729"},"geometry":{"type":"Point","coordinates":[19.0029116,50.2771094]}}],"cooperativeWork":{"meta":{"version":2,"type":1},"operations":[{"operationType":"modifyElement","data":{"id":"node/4387286729","operations":[{"operation":"setTags","data":{"operator":"Mm Giełda sp. z o.o.","operator:ref:rdl_knf":"RDL000146","source:shop":"Rejestr działalności lombardowej KNF"}}]}}]}}
{"type":"FeatureCollection","features":[{"type":"Feature","properties":{"mobile":"+48 795 850 600","opening_hours":"Mo-Fr 10:00-18:00; Sa 10:00-14:00","shop":"pawnbroker","operator":"Moja Pierwsza sp. z o.o.","operator:ref:rdl_knf":"RDL000210","source:shop":"Rejestr działalności lombardowej KNF","@id":"node/9071348744"},"geometry":{"type":"Point","coordinates":[20.6196811,50.8697428]}}],"cooperativeWork":{"meta":{"version":2,"type":1},"operations":[{"operationType":"modifyElement","data":{"id":"node/9071348744","operations":[{"operation":"setTags","data":{"operator":"Moja Pierwsza sp. z o.o.","operator:ref:rdl_knf":"RDL000210","source:shop":"Rejestr działalności lombardowej KNF"}}]}}]}}
{"type":"FeatureCollection","features":[{"type":"Feature","properties":{"opening_hours":"Mo-Fr 08:00-18:00; Sa 09:00-14:00","shop":"pawnbroker","operator":"Neon Tv sp. z o.o.","operator:ref:rdl_knf":"RDL000075","add:flat":"5a","source:shop":"Rejestr działalności lombardowej KNF","@id":"node/5280853779"},"geometry":{"type":"Point","coordinates":[18.5330532,54.5219457]}}],"cooperativeWork":{"meta":{"version":2,"type":1},"operations":[{"operationType":"modifyElement","data":{"id":"node/5280853779","operations":[{"operation":"setTags","data":{"operator":"Neon Tv sp. z o.o.","operator:ref:rdl_knf":"RDL000075","add:flat":"5a","source:shop":"Rejestr działalności lombardowej KNF"}}]}}]}}
{"type":"FeatureCollection","features":[{"type":"Feature","properties":{"amenity":"bureau_de_change","level":"0,5","name":"Kantor","opening_hours":"Mo-Fr 09:00-17:00; Sa 09:00-13:00","operator":"Ng Partners sp. z o.o.","operator:ref:rdl_knf":"RDL000205","shop":"pawnbroker","source:shop":"Rejestr działalności lombardowej KNF","@id":"node/3548670272"},"geometry":{"type":"Point","coordinates":[20.8795324,51.1177762]}}],"cooperativeWork":{"meta":{"version":2,"type":1},"operations":[{"operationType":"modifyElement","data":{"id":"node/3548670272","operations":[{"operation":"setTags","data":{"operator":"Ng Partners sp. z o.o.","operator:ref:rdl_knf":"RDL000205","shop":"pawnbroker","source:shop":"Rejestr działalności lombardowej KNF"}}]}}]}}
{"type":"FeatureCollection","features":[{"type":"Feature","properties":{"check_date":"2022-11-28","shop":"pawnbroker","operator":"No.1 sp. z o.o.","operator:ref:rdl_knf":"RDL000227","add:flat":"1","source:shop":"Rejestr działalności lombardowej KNF","@id":"node/10226469871"},"geometry":{"type":"Point","coordinates":[18.7506906,53.4880537]}}],"cooperativeWork":{"meta":{"version":2,"type":1},"operations":[{"operationType":"modifyElement","data":{"id":"node/10226469871","operations":[{"operation":"setTags","data":{"operator":"No.1 sp. z o.o.","operator:ref:rdl_knf":"RDL000227","add:flat":"1","source:shop":"Rejestr działalności lombardowej KNF"}}]}}]}}
{"type":"FeatureCollection","features":[{"type":"Feature","properties":{"name":"Nowy Lombard","shop":"pawnbroker","operator":"Nowy Urok sp. z o.o.","operator:ref:rdl_knf":"RDL000133","source:shop":"Rejestr działalności lombardowej KNF","@id":"node/10807309324"},"geometry":{"type":"Point","coordinates":[19.4438203,51.067811]}}],"cooperativeWork":{"meta":{"version":2,"type":1},"operations":[{"operationType":"modifyElement","data":{"id":"node/10807309324","operations":[{"operation":"setTags","data":{"operator":"Nowy Urok sp. z o.o.","operator:ref:rdl_knf":"RDL000133","source:shop":"Rejestr działalności lombardowej KNF"}}]}}]}}
{"type":"FeatureCollection","features":[{"type":"Feature","properties":{"name":"Pawn Lombard","shop":"pawnbroker","source":"http://www.krs-online.com.pl/przedsiebiorstwo-wielobranzowe-chem-bud-krs-575823.html","operator":"Pawnlombard sp. z o.o.","operator:ref:rdl_knf":"RDL000068","source:shop":"Rejestr działalności lombardowej KNF","@id":"node/6082932083"},"geometry":{"type":"Point","coordinates":[18.1553397,53.1556457]}}],"cooperativeWork":{"meta":{"version":2,"type":1},"operations":[{"operationType":"modifyElement","data":{"id":"node/6082932083","operations":[{"operation":"setTags","data":{"operator":"Pawnlombard sp. z o.o.","operator:ref:rdl_knf":"RDL000068","source:shop":"Rejestr działalności lombardowej KNF"}}]}}]}}
{"type":"FeatureCollection","features":[{"type":"Feature","properties":{"level":"0","shop":"pawnbroker","operator":"Pawnlombard sp. z o.o.","operator:ref:rdl_knf":"RDL000068","name":"Pawn Lombard","source:shop":"Rejestr działalności lombardowej KNF","@id":"node/14206685051"},"geometry":{"type":"Point","coordinates":[17.965904,53.1177402]}}],"cooperativeWork":{"meta":{"version":2,"type":1},"operations":[{"operationType":"modifyElement","data":{"id":"node/14206685051","operations":[{"operation":"setTags","data":{"operator":"Pawnlombard sp. z o.o.","operator:ref:rdl_knf":"RDL000068","name":"Pawn Lombard","source:shop":"Rejestr działalności lombardowej KNF"}}]}}]}}
{"type":"FeatureCollection","features":[{"type":"Feature","properties":{"name":"Womi","shop":"pawnbroker","operator":"P-Dud 1999r. sp. z o.o.","operator:ref:rdl_knf":"RDL000012","source:shop":"Rejestr działalności lombardowej KNF","@id":"node/10312796283"},"geometry":{"type":"Point","coordinates":[18.7872076,50.2965282]}}],"cooperativeWork":{"meta":{"version":2,"type":1},"operations":[{"operationType":"modifyElement","data":{"id":"node/10312796283","operations":[{"operation":"setTags","data":{"operator":"P-Dud 1999r. sp. z o.o.","operator:ref:rdl_knf":"RDL000012","source:shop":"Rejestr działalności lombardowej KNF"}}]}}]}}
{"type":"FeatureCollection","features":[{"type":"Feature","properties":{"addr:city":"Zielona Góra","addr:housenumber":"13","addr:postcode":"65-426","addr:street":"Kupiecka","name":"Karat","shop":"pawnbroker","operator":"Pmk Auxilium  sp. z o.o.","operator:ref:rdl_knf":"RDL000077","add:flat":"9","source:shop":"Rejestr działalności lombardowej KNF","@id":"node/5871140984"},"geometry":{"type":"Point","coordinates":[15.5085516,51.9393957]}}],"cooperativeWork":{"meta":{"version":2,"type":1},"operations":[{"operationType":"modifyElement","data":{"id":"node/5871140984","operations":[{"operation":"setTags","data":{"operator":"Pmk Auxilium  sp. z o.o.","operator:ref:rdl_knf":"RDL000077","add:flat":"9","source:shop":"Rejestr działalności lombardowej KNF"}}]}}]}}
{"type":"FeatureCollection","features":[{"type":"Feature","properties":{"addr:housenumber":"14","addr:street":"11 Listopada","check_date":"2025-03-22","name":"Lombard Expres","opening_hours":"08:00-22:00","shop":"pawnbroker","wheelchair":"no","operator":"Profit Centrum sp. z o.o.","operator:ref:rdl_knf":"RDL000063","addr:city":"Warszawa","addr:postcode":"03-435","source:shop":"Rejestr działalności lombardowej KNF","@id":"node/12691251114"},"geometry":{"type":"Point","coordinates":[21.0348746,52.2579243]}}],"cooperativeWork":{"meta":{"version":2,"type":1},"operations":[{"operationType":"modifyElement","data":{"id":"node/12691251114","operations":[{"operation":"setTags","data":{"operator":"Profit Centrum sp. z o.o.","operator:ref:rdl_knf":"RDL000063","addr:city":"Warszawa","addr:postcode":"03-435","source:shop":"Rejestr działalności lombardowej KNF"}}]}}]}}
{"type":"FeatureCollection","features":[{"type":"Feature","properties":{"shop":"pawnbroker","operator":"Robert&#39;S sp. z o.o.","operator:ref:rdl_knf":"RDL000083","source:shop":"Rejestr działalności lombardowej KNF","@id":"node/12004754005"},"geometry":{"type":"Point","coordinates":[19.476744,51.790543]}}],"cooperativeWork":{"meta":{"version":2,"type":1},"operations":[{"operationType":"modifyElement","data":{"id":"node/12004754005","operations":[{"operation":"setTags","data":{"operator":"Robert&#39;S sp. z o.o.","operator:ref:rdl_knf":"RDL000083","source:shop":"Rejestr działalności lombardowej KNF"}}]}}]}}
{"type":"FeatureCollection","features":[{"type":"Feature","properties":{"check_date:opening_hours":"2026-07-08","name:signed":"no","opening_hours":"Mo-Fr 08:00-18:00; Sa,Su 09:00-14:00","shop":"pawnbroker","wheelchair":"limited","operator":"Sk Lombard sp. z o.o.","operator:ref:rdl_knf":"RDL000013","source:shop":"Rejestr działalności lombardowej KNF","@id":"node/11268484445"},"geometry":{"type":"Point","coordinates":[20.0435817,50.0735603]}}],"cooperativeWork":{"meta":{"version":2,"type":1},"operations":[{"operationType":"modifyElement","data":{"id":"node/11268484445","operations":[{"operation":"setTags","data":{"operator":"Sk Lombard sp. z o.o.","operator:ref:rdl_knf":"RDL000013","source:shop":"Rejestr działalności lombardowej KNF"}}]}}]}}
{"type":"FeatureCollection","features":[{"type":"Feature","properties":{"addr:city":"Bytom","addr:housenumber":"80","addr:postcode":"41-902","addr:street":"Piekarska","name":"Lombardoro","opening_hours":"Mo-Fr 09:00-21:00; Sa,Su 10:00-20:00","phone":"+48 666 668 816","shop":"pawnbroker","operator":"Skab sp. z o.o.","operator:ref:rdl_knf":"RDL000223","add:flat":"30","source:shop":"Rejestr działalności lombardowej KNF","@id":"node/5277779772"},"geometry":{"type":"Point","coordinates":[18.9217268,50.3558214]}}],"cooperativeWork":{"meta":{"version":2,"type":1},"operations":[{"operationType":"modifyElement","data":{"id":"node/5277779772","operations":[{"operation":"setTags","data":{"name":"Lombardoro","operator":"Skab sp. z o.o.","operator:ref:rdl_knf":"RDL000223","add:flat":"30","source:shop":"Rejestr działalności lombardowej KNF"}}]}}]}}
{"type":"FeatureCollection","features":[{"type":"Feature","properties":{"amenity":"bureau_de_change","fixme":"czy istnieje?","opening_hours":"Mo-Fr 08:30-16:30;Sa 09:00-13:00;PH closed","operator":"Top sp. z o.o.","operator:ref:rdl_knf":"RDL000069","shop":"pawnbroker","source:shop":"Rejestr działalności lombardowej KNF","@id":"node/5075325576"},"geometry":{"type":"Point","coordinates":[23.1713132,50.9847195]}}],"cooperativeWork":{"meta":{"version":2,"type":1},"operations":[{"operationType":"modifyElement","data":{"id":"node/5075325576","operations":[{"operation":"setTags","data":{"operator":"Top sp. z o.o.","operator:ref:rdl_knf":"RDL000069","shop":"pawnbroker","source:shop":"Rejestr działalności lombardowej KNF"}}]}}]}}
{"type":"FeatureCollection","features":[{"type":"Feature","properties":{"amenity":"bureau_de_change","operator":"Twój Lombard-Lombartek sp. z o.o.","operator:ref:rdl_knf":"RDL000126","shop":"pawnbroker","source:shop":"Rejestr działalności lombardowej KNF","@id":"node/10678514067"},"geometry":{"type":"Point","coordinates":[19.8301186,49.9728842]}}],"cooperativeWork":{"meta":{"version":2,"type":1},"operations":[{"operationType":"modifyElement","data":{"id":"node/10678514067","operations":[{"operation":"setTags","data":{"operator":"Twój Lombard-Lombartek sp. z o.o.","operator:ref:rdl_knf":"RDL000126","shop":"pawnbroker","source:shop":"Rejestr działalności lombardowej KNF"}}]}}]}}
{"type":"FeatureCollection","features":[{"type":"Feature","properties":{"shop":"pawnbroker","operator":"Uja-Corp sp. z o.o.","operator:ref:rdl_knf":"RDL000041","source:shop":"Rejestr działalności lombardowej KNF","@id":"node/10871736091"},"geometry":{"type":"Point","coordinates":[18.625816,50.4019137]}}],"cooperativeWork":{"meta":{"version":2,"type":1},"operations":[{"operationType":"modifyElement","data":{"id":"node/10871736091","operations":[{"operation":"setTags","data":{"operator":"Uja-Corp sp. z o.o.","operator:ref:rdl_knf":"RDL000041","source:shop":"Rejestr działalności lombardowej KNF"}}]}}]}}
{"type":"FeatureCollection","features":[{"type":"Feature","properties":{"amenity":"bureau_de_change","level":"0","name":"Lombard4u","operator":"Watches sp. z o.o.","operator:ref:rdl_knf":"RDL000011","shop":"pawnbroker","source:shop":"Rejestr działalności lombardowej KNF","@id":"node/13005350516"},"geometry":{"type":"Point","coordinates":[19.9503407,50.0279901]}}],"cooperativeWork":{"meta":{"version":2,"type":1},"operations":[{"operationType":"modifyElement","data":{"id":"node/13005350516","operations":[{"operation":"setTags","data":{"name":"Lombard4u","operator":"Watches sp. z o.o.","operator:ref:rdl_knf":"RDL000011","shop":"pawnbroker","source:shop":"Rejestr działalności lombardowej KNF"}}]}}]}}
{"type":"FeatureCollection","features":[{"type":"Feature","properties":{"addr:city":"Gdańsk","addr:housenumber":"94/99h","addr:postcode":"80-844","addr:street":"Podwale Staromiejskie","amenity":"bureau_de_change","check_date":"2025-07-04","name":"Kantor 1913","operator":"Wojkal Lombard sp. z o.o.","operator:ref:rdl_knf":"RDL000209","shop":"pawnbroker","source:shop":"Rejestr działalności lombardowej KNF","@id":"node/10763207826"},"geometry":{"type":"Point","coordinates":[18.6517645,54.3533183]}}],"cooperativeWork":{"meta":{"version":2,"type":1},"operations":[{"operationType":"modifyElement","data":{"id":"node/10763207826","operations":[{"operation":"setTags","data":{"operator":"Wojkal Lombard sp. z o.o.","operator:ref:rdl_knf":"RDL000209","shop":"pawnbroker","source:shop":"Rejestr działalności lombardowej KNF"}}]}}]}}
{"type":"FeatureCollection","features":[{"type":"Feature","properties":{"amenity":"bureau_de_change","name":"Kantor jubiler","opening_hours":"Mo-Fr 08:00-16:00","operator":"Zegarek.Net sp. z o.o.","operator:ref:rdl_knf":"RDL000164","shop":"pawnbroker","source:shop":"Rejestr działalności lombardowej KNF","@id":"node/12085471847"},"geometry":{"type":"Point","coordinates":[15.8336578,50.7948193]}}],"cooperativeWork":{"meta":{"version":2,"type":1},"operations":[{"operationType":"modifyElement","data":{"id":"node/12085471847","operations":[{"operation":"setTags","data":{"operator":"Zegarek.Net sp. z o.o.","operator:ref:rdl_knf":"RDL000164","shop":"pawnbroker","source:shop":"Rejestr działalności lombardowej KNF"}}]}}]}}
{"type":"FeatureCollection","features":[{"type":"Feature","properties":{"addr:city":"Kraków","addr:housenumber":"7h","addr:postcode":"30-348","addr:street":"Stefana Grota-Roweckiego","building":"commercial","name":"Loombard","opening_hours":"Mo-Su 08:00-21:00","shop":"pawnbroker","operator":"Lombard Medium  sp. z o.o.","operator:ref:rdl_knf":"RDL000104","brand":"Loombard","brand:wikidata":"Q113227799","source:shop":"Rejestr działalności lombardowej KNF","@id":"way/297607974"},"geometry":{"type":"Polygon","coordinates":[[[19.920745,50.0313845],[19.9207153,50.0313769],[19.9207068,50.0313904],[19.9206811,50.0313837],[19.9206896,50.0313702],[19.92066,50.0313624],[19.9206392,50.0313365],[19.920723,50.0313086],[19.9207269,50.0313151],[19.9207477,50.0313178],[19.9207564,50.0313157],[19.9207908,50.031374],[19.920745,50.0313845]]]}}],"cooperativeWork":{"meta":{"version":2,"type":1},"operations":[{"operationType":"modifyElement","data":{"id":"way/297607974","operations":[{"operation":"setTags","data":{"operator":"Lombard Medium  sp. z o.o.","operator:ref:rdl_knf":"RDL000104","brand":"Loombard","brand:wikidata":"Q113227799","source:shop":"Rejestr działalności lombardowej KNF"}}]}}]}}
{"type":"FeatureCollection","features":[{"type":"Feature","properties":{"addr:city":"Nowy Sącz","addr:housenumber":"55","addr:postcode":"33-300","addr:street":"Lwowska","building":"yes","name":"Loombard","shop":"pawnbroker","source:addr":"EMUiA (emuia.gugik.gov.pl)","operator":"Lombard Medium  sp. z o.o.","operator:ref:rdl_knf":"RDL000104","brand":"Loombard","brand:wikidata":"Q113227799","source:shop":"Rejestr działalności lombardowej KNF","@id":"way/328976053"},"geometry":{"type":"Polygon","coordinates":[[[20.7025623,49.6248],[20.7025642,49.6248767],[20.7025709,49.6249609],[20.7025491,49.6249786],[20.702563,49.6249863],[20.7024256,49.6250768],[20.7023464,49.6250216],[20.7024363,49.6249667],[20.7023867,49.6249399],[20.7023846,49.6249],[20.7022441,49.624903],[20.7022399,49.6248088],[20.7025623,49.6248]]]}}],"cooperativeWork":{"meta":{"version":2,"type":1},"operations":[{"operationType":"modifyElement","data":{"id":"way/328976053","operations":[{"operation":"setTags","data":{"name":"Loombard","operator":"Lombard Medium  sp. z o.o.","operator:ref:rdl_knf":"RDL000104","brand":"Loombard","brand:wikidata":"Q113227799","source:shop":"Rejestr działalności lombardowej KNF"}}]}}]}}
{"type":"FeatureCollection","features":[{"type":"Feature","properties":{"addr:city":"Polkowice","addr:housenumber":"1B","addr:postcode":"59-101","addr:street":"Kardynała Bolesława Kominka","building":"yes","shop":"pawnbroker","source:addr":"EMUiA (polkowice.e-mapa.net)","operator":"Lombard Platinum sp. z o.o.","operator:ref:rdl_knf":"RDL000110","brand":"Loombard","name":"Loombard","brand:wikidata":"Q113227799","source:shop":"Rejestr działalności lombardowej KNF","@id":"way/440307643"},"geometry":{"type":"Polygon","coordinates":[[[16.0731243,51.508007],[16.0731138,51.50795],[16.0730284,51.5079561],[16.0730389,51.5080131],[16.0731243,51.508007]]]}}],"cooperativeWork":{"meta":{"version":2,"type":1},"operations":[{"operationType":"modifyElement","data":{"id":"way/440307643","operations":[{"operation":"setTags","data":{"operator":"Lombard Platinum sp. z o.o.","operator:ref:rdl_knf":"RDL000110","brand":"Loombard","name":"Loombard","brand:wikidata":"Q113227799","source:shop":"Rejestr działalności lombardowej KNF"}}]}}]}}
{"type":"FeatureCollection","features":[{"type":"Feature","properties":{"addr:city":"Maków Mazowiecki","addr:city:simc":"966300","addr:housenumber":"7A","addr:postcode":"06-200","addr:street":"1 Maja","addr:street:sym_ul":"11926","brand":"Loombard","brand:wikidata":"Q113227799","building":"yes","name":"Loombard","operator":"Lombard Silver  sp. z o.o.","shop":"pawnbroker","source:addr":"makowmazowiecki.e-mapa.net","operator:ref:rdl_knf":"RDL000109","source:shop":"Rejestr działalności lombardowej KNF","@id":"way/681493082"},"geometry":{"type":"Polygon","coordinates":[[[21.0991516,52.8644223],[21.0992418,52.8644113],[21.0992191,52.8643431],[21.0991288,52.8643541],[21.0991516,52.8644223]]]}}],"cooperativeWork":{"meta":{"version":2,"type":1},"operations":[{"operationType":"modifyElement","data":{"id":"way/681493082","operations":[{"operation":"setTags","data":{"operator":"Lombard Silver  sp. z o.o.","operator:ref:rdl_knf":"RDL000109","source:shop":"Rejestr działalności lombardowej KNF"}}]}}]}}
{"type":"FeatureCollection","features":[{"type":"Feature","properties":{"addr:city":"Gryfów Śląski","addr:city:simc":"936003","addr:housenumber":"49","addr:postcode":"59-620","addr:street":"Lubańska","addr:street:sym_ul":"11293","building":"yes","name":"Loombard","opening_hours":"Mo-Fr 08:00-20:00; Sa 08:00-20:00; Su 09:00-17:00; PH off","shop":"pawnbroker","source":"geoportal:orto","source:addr":"emuia.gugik.gov.pl","source:geometry":"geoportal.gov.pl, GPS","operator":"Lombard System  sp. z o.o.","operator:ref:rdl_knf":"RDL000100","brand":"Loombard","brand:wikidata":"Q113227799","source:shop":"Rejestr działalności lombardowej KNF","@id":"way/274796117"},"geometry":{"type":"Polygon","coordinates":[[[15.4142878,51.0288304],[15.4142732,51.0287254],[15.4144429,51.0287165],[15.4144587,51.028821],[15.4142878,51.0288304]]]}}],"cooperativeWork":{"meta":{"version":2,"type":1},"operations":[{"operationType":"modifyElement","data":{"id":"way/274796117","operations":[{"operation":"setTags","data":{"name":"Loombard","operator":"Lombard System  sp. z o.o.","operator:ref:rdl_knf":"RDL000100","brand":"Loombard","brand:wikidata":"Q113227799","source:shop":"Rejestr działalności lombardowej KNF"}}]}}]}}
{"type":"FeatureCollection","features":[{"type":"Feature","properties":{"addr:city":"Krapkowice","addr:housenumber":"31d","addr:postcode":"47-300","addr:street":"Opolska","building":"retail","building:levels":"1","shop":"pawnbroker","source:building":"BDOT","operator":"Lombard System  sp. z o.o.","operator:ref:rdl_knf":"RDL000100","brand":"Loombard","name":"Loombard","brand:wikidata":"Q113227799","source:shop":"Rejestr działalności lombardowej KNF","@id":"way/1084201451"},"geometry":{"type":"Polygon","coordinates":[[[17.9653991,50.4771415],[17.9653598,50.4771885],[17.965302,50.4771681],[17.9652776,50.4771596],[17.9653207,50.4771123],[17.9653445,50.4771211],[17.9653991,50.4771415]]]}}],"cooperativeWork":{"meta":{"version":2,"type":1},"operations":[{"operationType":"modifyElement","data":{"id":"way/1084201451","operations":[{"operation":"setTags","data":{"operator":"Lombard System  sp. z o.o.","operator:ref:rdl_knf":"RDL000100","brand":"Loombard","name":"Loombard","brand:wikidata":"Q113227799","source:shop":"Rejestr działalności lombardowej KNF"}}]}}]}}
{"type":"FeatureCollection","features":[{"type":"Feature","properties":{"addr:city":"Świecie","addr:city:simc":"929664","addr:housenumber":"98b","addr:postcode":"86-100","addr:street":"Wojska Polskiego","building":"yes","name":"Loombard","shop":"pawnbroker","source:addr":"EMUiA (emuia.gugik.gov.pl)","operator":"Lombard Gold sp. z o.o.","operator:ref:rdl_knf":"RDL000097","brand":"Loombard","brand:wikidata":"Q113227799","source:shop":"Rejestr działalności lombardowej KNF","@id":"way/246720914"},"geometry":{"type":"Polygon","coordinates":[[[18.4441868,53.4086089],[18.4442143,53.4085542],[18.4443242,53.4085739],[18.4442967,53.4086286],[18.4441868,53.4086089]]]}}],"cooperativeWork":{"meta":{"version":2,"type":1},"operations":[{"operationType":"modifyElement","data":{"id":"way/246720914","operations":[{"operation":"setTags","data":{"name":"Loombard","operator":"Lombard Gold sp. z o.o.","operator:ref:rdl_knf":"RDL000097","brand":"Loombard","brand:wikidata":"Q113227799","source:shop":"Rejestr działalności lombardowej KNF"}}]}}]}}
{"type":"FeatureCollection","features":[{"type":"Feature","properties":{"addr:city":"Trzebinia","addr:housenumber":"1a","addr:postcode":"32-540","addr:street":"Rynek","amenity":"bureau_de_change","building":"yes","building:levels":"2","roof:shape":"gabled","operator":"Lombard Medium  sp. z o.o.","operator:ref:rdl_knf":"RDL000104","brand":"Loombard","name":"Loombard","brand:wikidata":"Q113227799","shop":"pawnbroker","source:shop":"Rejestr działalności lombardowej KNF","@id":"way/161066614"},"geometry":{"type":"Polygon","coordinates":[[[19.4706673,50.1594098],[19.4706016,50.1593323],[19.4705522,50.1593492],[19.4704989,50.1593412],[19.4704475,50.1593579],[19.470485,50.1594039],[19.4705377,50.1593863],[19.4705482,50.1593991],[19.4705758,50.15939],[19.47058,50.1593952],[19.4705908,50.1594085],[19.4706275,50.1594237],[19.4706673,50.1594098]]]}}],"cooperativeWork":{"meta":{"version":2,"type":1},"operations":[{"operationType":"modifyElement","data":{"id":"way/161066614","operations":[{"operation":"setTags","data":{"operator":"Lombard Medium  sp. z o.o.","operator:ref:rdl_knf":"RDL000104","brand":"Loombard","name":"Loombard","brand:wikidata":"Q113227799","shop":"pawnbroker","source:shop":"Rejestr działalności lombardowej KNF"}}]}}]}}
{"type":"FeatureCollection","features":[{"type":"Feature","properties":{"addr:city":"Słupsk","addr:housenumber":"58","addr:postcode":"76-200","addr:street":"Szczecińska","amenity":"bureau_de_change","indoor":"room","level":"0","name":"Loombard","opening_hours":"Mo-Sa 09:00-21:00; Su 09:00-20:00","room":"shop","wheelchair":"yes","operator":"Lombard Platinum sp. z o.o.","operator:ref:rdl_knf":"RDL000110","brand":"Loombard","brand:wikidata":"Q113227799","shop":"pawnbroker","source:shop":"Rejestr działalności lombardowej KNF","@id":"way/1118772755"},"geometry":{"type":"Polygon","coordinates":[[[16.991389,54.454684],[16.9913625,54.4547139],[16.9912546,54.4546814],[16.9912816,54.4546514],[16.991389,54.454684]]]}}],"cooperativeWork":{"meta":{"version":2,"type":1},"operations":[{"operationType":"modifyElement","data":{"id":"way/1118772755","operations":[{"operation":"setTags","data":{"name":"Loombard","operator":"Lombard Platinum sp. z o.o.","operator:ref:rdl_knf":"RDL000110","brand":"Loombard","brand:wikidata":"Q113227799","shop":"pawnbroker","source:shop":"Rejestr działalności lombardowej KNF"}}]}}]}}
{"type":"FeatureCollection","features":[{"type":"Feature","properties":{"addr:city":"Kraśnik","addr:housenumber":"3a","addr:postcode":"23-204","addr:street":"Hieronima Dekutowskiego \"Zapory\"","brand":"Loombard","brand:wikidata":"Q113227799","email":"DEKUTOWSKIEGO@LOOMBARD.PL","level":"0","name":"Loombard","note":"Dane na temat działalności zaczerpnięte z https://www.loombard.pl/locations/krasnik-dekutowskiego-3a-krasnik-fabryczny","opening_hours":"Mo-Sa 08:00-21:00","operator":"Lombard Gold sp. z o.o.","phone":"+48 81 516 38 05","previously":"node:13280104856","shop":"pawnbroker","website":"https://www.loombard.pl/locations/krasnik-dekutowskiego-3a-krasnik-fabryczny","operator:ref:rdl_knf":"RDL000097","source:shop":"Rejestr działalności lombardowej KNF","@id":"way/1476587767"},"geometry":{"type":"Polygon","coordinates":[[[22.1616361,50.9636801],[22.1616318,50.9637029],[22.1616226,50.9637028],[22.1616225,50.9637278],[22.161542,50.9637275],[22.1615436,50.9636831],[22.161544,50.9636438],[22.1616231,50.9636438],[22.1616228,50.9636757],[22.1616227,50.9636804],[22.1616361,50.9636801]]]}}],"cooperativeWork":{"meta":{"version":2,"type":1},"operations":[{"operationType":"modifyElement","data":{"id":"way/1476587767","operations":[{"operation":"setTags","data":{"operator":"Lombard Gold sp. z o.o.","operator:ref:rdl_knf":"RDL000097","source:shop":"Rejestr działalności lombardowej KNF"}}]}}]}}
{"type":"FeatureCollection","features":[{"type":"Feature","properties":{"addr:city":"Warszawa","addr:city:simc":"918123","addr:housenumber":"63","addr:postcode":"02-777","addr:street":"Aleja Komisji Edukacji Narodowej","brand":"Loombard","brand:wikidata":"Q113227799","building":"retail","building:levels":"1","check_date":"2026-01-04","name":"Loombard","opening_hours":"Mo-Fr 08:00-21:00; Sa 08:00-21:00; Su 09:00-18:00","shop":"pawnbroker","source:addr":"mapa.um.warszawa.pl","wheelchair":"no","operator":"Lombard Silver  sp. z o.o.","operator:ref:rdl_knf":"RDL000109","source:shop":"Rejestr działalności lombardowej KNF","@id":"way/444609361"},"geometry":{"type":"Polygon","coordinates":[[[21.0446702,52.1496515],[21.0446375,52.1496099],[21.0445849,52.1496255],[21.0446176,52.1496671],[21.0446299,52.1496634],[21.0446702,52.1496515]]]}}],"cooperativeWork":{"meta":{"version":2,"type":1},"operations":[{"operationType":"modifyElement","data":{"id":"way/444609361","operations":[{"operation":"setTags","data":{"operator":"Lombard Silver  sp. z o.o.","operator:ref:rdl_knf":"RDL000109","source:shop":"Rejestr działalności lombardowej KNF"}}]}}]}}
{"type":"FeatureCollection","features":[{"type":"Feature","properties":{"addr:city":"Czechowice-Dziedzice","addr:housenumber":"6B","addr:postcode":"43-502","addr:street":"Mieczysława Michałowicza","building":"yes","name":"Mieszek","opening_hours":"Mo-Fr 08:45-17:00; Sa 08:45-12:00","shop":"pawnbroker","operator":"Mieszek.Com sp. z o.o.","operator:ref:rdl_knf":"RDL000138","source:shop":"Rejestr działalności lombardowej KNF","@id":"way/1353386904"},"geometry":{"type":"Polygon","coordinates":[[[18.9998095,49.9265641],[18.9998108,49.9265559],[18.9998713,49.92656],[18.9998706,49.9265637],[18.9998576,49.9266306],[18.9997971,49.9266264],[18.9998095,49.9265641]]]}}],"cooperativeWork":{"meta":{"version":2,"type":1},"operations":[{"operationType":"modifyElement","data":{"id":"way/1353386904","operations":[{"operation":"setTags","data":{"operator":"Mieszek.Com sp. z o.o.","operator:ref:rdl_knf":"RDL000138","source:shop":"Rejestr działalności lombardowej KNF"}}]}}]}}
