<?xml version='1.0' encoding='UTF-8'?>
<osm version='0.6' generator='JOSM'>
  <node id='-1001232' visible='true' version='1' lat='52.236764' lon='18.2464736'>
    <tag k='add:flat' v='101' />
    <tag k='addr:city' v='Konin' />
    <tag k='addr:housenumber' v='11' />
    <tag k='addr:postcode' v='62-510' />
    <tag k='addr:street' v='Zakładowa' />
    <tag k='operator' v='Alpa Finance sp. z o.o.' />
    <tag k='operator:ref:rdl_knf' v='RDL000047' />
    <tag k='shop' v='pawnbroker' />
    <tag k='source:shop' v='Rejestr działalności lombardowej KNF' />
  </node>
  <node id='-1001233' visible='true' version='1' lat='52.0765648' lon='21.0194803'>
    <tag k='addr:city' v='Piaseczno' />
    <tag k='addr:housenumber' v='16' />
    <tag k='addr:postcode' v='05-500' />
    <tag k='addr:street' v='Szkolna' />
    <tag k='operator' v='Anpir-Lombard sp. z o.o.' />
    <tag k='operator:ref:rdl_knf' v='RDL000051' />
    <tag k='shop' v='pawnbroker' />
    <tag k='source:shop' v='Rejestr działalności lombardowej KNF' />
  </node>
  <node id='-1001234' visible='true' version='1' lat='52.198265' lon='21.0011541'>
    <tag k='add:flat' v='11' />
    <tag k='addr:city' v='Warszawa' />
    <tag k='addr:housenumber' v='56' />
    <tag k='addr:postcode' v='02-507' />
    <tag k='addr:street' v='Wołoska' />
    <tag k='operator' v='Arm Coins sp. z o.o.' />
    <tag k='operator:ref:rdl_knf' v='RDL000216' />
    <tag k='shop' v='pawnbroker' />
    <tag k='source:shop' v='Rejestr działalności lombardowej KNF' />
  </node>
  <node id='-1001235' visible='true' version='1' lat='51.2616139' lon='15.5729682'>
    <tag k='addr:city' v='Bolesławiec' />
    <tag k='addr:housenumber' v='19A' />
    <tag k='addr:postcode' v='59-700' />
    <tag k='addr:street' v='Adama Asnyka' />
    <tag k='operator' v='As Lombard sp. z o.o.' />
    <tag k='operator:ref:rdl_knf' v='RDL000017' />
    <tag k='shop' v='pawnbroker' />
    <tag k='source:shop' v='Rejestr działalności lombardowej KNF' />
  </node>
  <node id='-1001236' visible='true' version='1' lat='52.4436765' lon='15.57678'>
    <tag k='addr:city' v='Międzyrzecz' />
    <tag k='addr:housenumber' v='4' />
    <tag k='addr:postcode' v='66-300' />
    <tag k='addr:street' v='Garncarska' />
    <tag k='name' v='As-Com' />
    <tag k='operator' v='As-Com sp. z o.o.' />
    <tag k='operator:ref:rdl_knf' v='RDL000252' />
    <tag k='shop' v='pawnbroker' />
    <tag k='source:shop' v='Rejestr działalności lombardowej KNF' />
  </node>
  <node id='-1001237' visible='true' version='1' lat='50.044222' lon='19.9476255'>
    <tag k='addr:city' v='Kraków' />
    <tag k='addr:housenumber' v='6' />
    <tag k='addr:postcode' v='30-504' />
    <tag k='addr:street' v='Kalwaryjska' />
    <tag k='name' v='Audio-Mix' />
    <tag k='operator' v='Audio-Mix sp. z o.o.' />
    <tag k='operator:ref:rdl_knf' v='RDL000139' />
    <tag k='shop' v='pawnbroker' />
    <tag k='source:shop' v='Rejestr działalności lombardowej KNF' />
  </node>
  <node id='-1001238' visible='true' version='1' lat='52.228705' lon='18.252344'>
    <tag k='addr:city' v='Konin' />
    <tag k='addr:housenumber' v='16' />
    <tag k='addr:postcode' v='62-510' />
    <tag k='addr:street' v='Aleje 1 Maja' />
    <tag k='operator' v='Aura Bis sp. z o.o.' />
    <tag k='operator:ref:rdl_knf' v='RDL000196' />
    <tag k='shop' v='pawnbroker' />
    <tag k='source:shop' v='Rejestr działalności lombardowej KNF' />
  </node>
  <node id='-1001239' visible='true' version='1' lat='53.1370271' lon='17.9873718'>
    <tag k='add:flat' v='105' />
    <tag k='addr:city' v='Bydgoszcz' />
    <tag k='addr:housenumber' v='7' />
    <tag k='addr:postcode' v='85-002' />
    <tag k='addr:street' v='Ludwikowo' />
    <tag k='operator' v='Averten Pro sp. z o.o.' />
    <tag k='operator:ref:rdl_knf' v='RDL000234' />
    <tag k='shop' v='pawnbroker' />
    <tag k='source:shop' v='Rejestr działalności lombardowej KNF' />
  </node>
  <node id='-1001240' visible='true' version='1' lat='51.1003552' lon='17.0358197'>
    <tag k='addr:city' v='Wrocław' />
    <tag k='addr:housenumber' v='16' />
    <tag k='addr:postcode' v='50-007' />
    <tag k='addr:street' v='Hugona Kołłątaja' />
    <tag k='operator' v='Bankus sp. z o.o.' />
    <tag k='operator:ref:rdl_knf' v='RDL000093' />
    <tag k='shop' v='pawnbroker' />
    <tag k='source:shop' v='Rejestr działalności lombardowej KNF' />
  </node>
  <node id='-1001241' visible='true' version='1' lat='51.1099378' lon='17.0280766'>
    <tag k='addr:city' v='Wrocław' />
    <tag k='addr:housenumber' v='64' />
    <tag k='addr:postcode' v='50-079' />
    <tag k='addr:street' v='Ruska' />
    <tag k='operator' v='Bankus sp. z o.o.' />
    <tag k='operator:ref:rdl_knf' v='RDL000093' />
    <tag k='shop' v='pawnbroker' />
    <tag k='source:shop' v='Rejestr działalności lombardowej KNF' />
  </node>
  <node id='-1001242' visible='true' version='1' lat='53.3425943' lon='15.0353171'>
    <tag k='addr:city' v='Stargard' />
    <tag k='addr:housenumber' v='97 b' />
    <tag k='addr:postcode' v='73-110' />
    <tag k='addr:street' v='Piłsudskiego' />
    <tag k='operator' v='Best Mobile Lombard sp. z o.o.' />
    <tag k='operator:ref:rdl_knf' v='RDL000021' />
    <tag k='shop' v='pawnbroker' />
    <tag k='source:shop' v='Rejestr działalności lombardowej KNF' />
  </node>
  <node id='-1001243' visible='true' version='1' lat='53.4307905' lon='14.5547147'>
    <tag k='addr:city' v='Szczecin' />
    <tag k='addr:housenumber' v='12' />
    <tag k='addr:postcode' v='70-555' />
    <tag k='addr:street' v='Wyzwolenia' />
    <tag k='name' v='Best Mobile' />
    <tag k='operator' v='Best Mobile Lombard sp. z o.o.' />
    <tag k='operator:ref:rdl_knf' v='RDL000021' />
    <tag k='shop' v='pawnbroker' />
    <tag k='source:shop' v='Rejestr działalności lombardowej KNF' />
  </node>
  <node id='-1001244' visible='true' version='1' lat='53.428046' lon='14.5321924'>
    <tag k='add:flat' v='u5' />
    <tag k='addr:city' v='Szczecin' />
    <tag k='addr:housenumber' v='22' />
    <tag k='addr:postcode' v='70-314' />
    <tag k='addr:street' v='Krzywoustego' />
    <tag k='name' v='Best Mobile' />
    <tag k='operator' v='Best Mobile Lombard sp. z o.o.' />
    <tag k='operator:ref:rdl_knf' v='RDL000021' />
    <tag k='shop' v='pawnbroker' />
    <tag k='source:shop' v='Rejestr działalności lombardowej KNF' />
  </node>
  <node id='-1001245' visible='true' version='1' lat='52.0340483' lon='23.1210007'>
    <tag k='addr:city' v='Biała Podlaska' />
    <tag k='addr:housenumber' v='2' />
    <tag k='addr:postcode' v='21-500' />
    <tag k='addr:street' v='Brzeska' />
    <tag k='operator' v='Bialspot sp. z o.o.' />
    <tag k='operator:ref:rdl_knf' v='RDL000141' />
    <tag k='shop' v='pawnbroker' />
    <tag k='source:shop' v='Rejestr działalności lombardowej KNF' />
  </node>
  <node id='-1001246' visible='true' version='1' lat='50.1537876' lon='18.8428858'>
    <tag k='addr:city' v='Łaziska Górne' />
    <tag k='addr:housenumber' v='39' />
    <tag k='addr:postcode' v='43-170' />
    <tag k='addr:street' v='Dworcowa' />
    <tag k='operator' v='Biuro Pośrednictwa sp. z o.o.' />
    <tag k='operator:ref:rdl_knf' v='RDL000072' />
    <tag k='shop' v='pawnbroker' />
    <tag k='source:shop' v='Rejestr działalności lombardowej KNF' />
  </node>
  <node id='-1001247' visible='true' version='1' lat='54.3590647' lon='18.6479645'>
    <tag k='add:flat' v='1508' />
    <tag k='addr:city' v='Gdańsk' />
    <tag k='addr:housenumber' v='1' />
    <tag k='addr:postcode' v='80-855' />
    <tag k='addr:street' v='Wały Piastowskie' />
    <tag k='operator' v='Blank Finance sp. z o.o.' />
    <tag k='operator:ref:rdl_knf' v='RDL000135' />
    <tag k='shop' v='pawnbroker' />
    <tag k='source:shop' v='Rejestr działalności lombardowej KNF' />
  </node>
  <node id='-1001248' visible='true' version='1' lat='54.009292' lon='15.9902123'>
    <tag k='add:flat' v='6' />
    <tag k='addr:city' v='Białogard' />
    <tag k='addr:housenumber' v='2' />
    <tag k='addr:postcode' v='78-200' />
    <tag k='addr:street' v='Pomorska' />
    <tag k='name' v='Buy&amp;Trade' />
    <tag k='operator' v='Buy&amp;Trade sp. z o.o.' />
    <tag k='operator:ref:rdl_knf' v='RDL000183' />
    <tag k='shop' v='pawnbroker' />
    <tag k='source:shop' v='Rejestr działalności lombardowej KNF' />
  </node>
  <node id='-1001249' visible='true' version='1' lat='51.9174076' lon='21.592002'>
    <tag k='addr:city' v='Miętne' />
    <tag k='addr:housenumber' v='31' />
    <tag k='addr:postcode' v='08-400' />
    <tag k='addr:street' v='Spacerowa' />
    <tag k='operator' v='Centrum Pożyczek Lombard sp. z o.o.' />
    <tag k='operator:ref:rdl_knf' v='RDL000206' />
    <tag k='shop' v='pawnbroker' />
    <tag k='source:shop' v='Rejestr działalności lombardowej KNF' />
  </node>
  <node id='-1001250' visible='true' version='1' lat='54.0389361' lon='19.044199'>
    <tag k='addr:city' v='Malbork' />
    <tag k='addr:housenumber' v='18a' />
    <tag k='addr:postcode' v='82-200' />
    <tag k='addr:street' v='Wołyńska' />
    <tag k='operator' v='Centrum Wsparcia Finansowego Lombard sp. z o.o.' />
    <tag k='operator:ref:rdl_knf' v='RDL000159' />
    <tag k='shop' v='pawnbroker' />
    <tag k='source:shop' v='Rejestr działalności lombardowej KNF' />
  </node>
  <node id='-1001251' visible='true' version='1' lat='54.3813596' lon='19.8363333'>
    <tag k='addr:city' v='Braniewo' />
    <tag k='addr:housenumber' v='30A' />
    <tag k='addr:postcode' v='14-500' />
    <tag k='addr:street' v='Kościuszki' />
    <tag k='operator' v='Certus sp. z o.o.' />
    <tag k='operator:ref:rdl_knf' v='RDL000200' />
    <tag k='shop' v='pawnbroker' />
    <tag k='source:shop' v='Rejestr działalności lombardowej KNF' />
  </node>
  <node id='-1001252' visible='true' version='1' lat='54.1258013' lon='20.5794297'>
    <tag k='addr:city' v='Lidzbark Warmiński' />
    <tag k='addr:housenumber' v='2' />
    <tag k='addr:postcode' v='11-100' />
    <tag k='addr:street' v='Waldemara Milewicza' />
    <tag k='operator' v='Certus sp. z o.o.' />
    <tag k='operator:ref:rdl_knf' v='RDL000200' />
    <tag k='shop' v='pawnbroker' />
    <tag k='source:shop' v='Rejestr działalności lombardowej KNF' />
  </node>
  <node id='-1001253' visible='true' version='1' lat='53.4313497' lon='14.555431'>
    <tag k='addr:city' v='Szczecin' />
    <tag k='addr:housenumber' v='1-2' />
    <tag k='addr:postcode' v='70-419' />
    <tag k='addr:street' v='Pl. Rodła' />
    <tag k='operator' v='Combo sp. z o.o.' />
    <tag k='operator:ref:rdl_knf' v='RDL000128' />
    <tag k='shop' v='pawnbroker' />
    <tag k='source:shop' v='Rejestr działalności lombardowej KNF' />
  </node>
  <node id='-1001254' visible='true' version='1' lat='53.4290805' lon='14.5538614'>
    <tag k='addr:city' v='Szczecin' />
    <tag k='addr:housenumber' v='2' />
    <tag k='addr:postcode' v='70-555' />
    <tag k='addr:street' v='Wyzwolenia' />
    <tag k='operator' v='Combo sp. z o.o.' />
    <tag k='operator:ref:rdl_knf' v='RDL000128' />
    <tag k='shop' v='pawnbroker' />
    <tag k='source:shop' v='Rejestr działalności lombardowej KNF' />
  </node>
  <node id='-1001255' visible='true' version='1' lat='53.4291535' lon='14.5535897'>
    <tag k='add:flat' v='12-14' />
    <tag k='addr:city' v='Szczecin' />
    <tag k='addr:housenumber' v='12-14' />
    <tag k='addr:postcode' v='70-533' />
    <tag k='addr:street' v='Al. Wyzwolenia' />
    <tag k='operator' v='Combo sp. z o.o.' />
    <tag k='operator:ref:rdl_knf' v='RDL000128' />
    <tag k='shop' v='pawnbroker' />
    <tag k='source:shop' v='Rejestr działalności lombardowej KNF' />
  </node>
  <node id='-1001256' visible='true' version='1' lat='53.1316605' lon='18.0091546'>
    <tag k='addr:city' v='Bydgoszcz' />
    <tag k='addr:housenumber' v='77' />
    <tag k='addr:postcode' v='85-005' />
    <tag k='addr:street' v='Gdańska' />
    <tag k='operator' v='Com-Fin sp. z o.o.' />
    <tag k='operator:ref:rdl_knf' v='RDL000176' />
    <tag k='shop' v='pawnbroker' />
    <tag k='source:shop' v='Rejestr działalności lombardowej KNF' />
  </node>
  <node id='-1001257' visible='true' version='1' lat='51.7921261' lon='19.4086682'>
    <tag k='addr:city' v='Łódź' />
    <tag k='addr:housenumber' v='3' />
    <tag k='addr:postcode' v='91-030' />
    <tag k='addr:street' v='Woronicza' />
    <tag k='operator' v='Czarny Koń sp. z o.o.' />
    <tag k='operator:ref:rdl_knf' v='RDL000046' />
    <tag k='shop' v='pawnbroker' />
    <tag k='source:shop' v='Rejestr działalności lombardowej KNF' />
  </node>
  <node id='-1001258' visible='true' version='1' lat='51.7727012' lon='19.454514'>
    <tag k='addr:city' v='Łódź' />
    <tag k='addr:housenumber' v='3' />
    <tag k='addr:postcode' v='90-411' />
    <tag k='addr:street' v='Więckowskiego' />
    <tag k='operator' v='Czarny Koń sp. z o.o.' />
    <tag k='operator:ref:rdl_knf' v='RDL000046' />
    <tag k='shop' v='pawnbroker' />
    <tag k='source:shop' v='Rejestr działalności lombardowej KNF' />
  </node>
  <node id='-1001259' visible='true' version='1' lat='51.8619541' lon='19.3952071'>
    <tag k='add:flat' v='33 bc' />
    <tag k='addr:city' v='Zgierz' />
    <tag k='addr:housenumber' v='33 bc' />
    <tag k='addr:postcode' v='95-100' />
    <tag k='addr:street' v='Gałczyńskiego' />
    <tag k='operator' v='Czarny Koń sp. z o.o.' />
    <tag k='operator:ref:rdl_knf' v='RDL000046' />
    <tag k='shop' v='pawnbroker' />
    <tag k='source:shop' v='Rejestr działalności lombardowej KNF' />
  </node>
  <node id='-1001260' visible='true' version='1' lat='50.7830796' lon='17.0519437'>
    <tag k='addr:city' v='Strzelin' />
    <tag k='addr:housenumber' v='16E' />
    <tag k='addr:postcode' v='57-100' />
    <tag k='addr:street' v='Dzierżoniowska' />
    <tag k='operator' v='Dak Investment sp. z o.o.' />
    <tag k='operator:ref:rdl_knf' v='RDL000189' />
    <tag k='shop' v='pawnbroker' />
    <tag k='source:shop' v='Rejestr działalności lombardowej KNF' />
  </node>
  <node id='-1001261' visible='true' version='1' lat='52.7990149' lon='18.2570024'>
    <tag k='addr:city' v='Inowrocław' />
    <tag k='addr:housenumber' v='2' />
    <tag k='addr:postcode' v='88-100' />
    <tag k='addr:street' v='Dworcowa' />
    <tag k='operator' v='Damdar sp. z o.o.' />
    <tag k='operator:ref:rdl_knf' v='RDL000188' />
    <tag k='shop' v='pawnbroker' />
    <tag k='source:shop' v='Rejestr działalności lombardowej KNF' />
  </node>
  <node id='-1001262' visible='true' version='1' lat='50.7817715' lon='19.1421188'>
    <tag k='addr:city' v='Częstochowa' />
    <tag k='addr:housenumber' v='16' />
    <tag k='addr:postcode' v='42-216' />
    <tag k='addr:street' v='Brzozowa' />
    <tag k='operator' v='Diengi sp. z o.o.' />
    <tag k='operator:ref:rdl_knf' v='RDL000185' />
    <tag k='shop' v='pawnbroker' />
    <tag k='source:shop' v='Rejestr działalności lombardowej KNF' />
  </node>
  <node id='-1001263' visible='true' version='1' lat='50.2586662' lon='19.0257253'>
    <tag k='addr:city' v='Katowice' />
    <tag k='addr:housenumber' v='13' />
    <tag k='addr:postcode' v='40-009' />
    <tag k='addr:street' v='Warszawska' />
    <tag k='operator' v='Diengi sp. z o.o.' />
    <tag k='operator:ref:rdl_knf' v='RDL000185' />
    <tag k='shop' v='pawnbroker' />
    <tag k='source:shop' v='Rejestr działalności lombardowej KNF' />
  </node>
  <node id='-1001264' visible='true' version='1' lat='50.4433816' lon='18.8582533'>
    <tag k='addr:city' v='Tarnowskie Góry' />
    <tag k='addr:housenumber' v='7' />
    <tag k='addr:postcode' v='42-600' />
    <tag k='addr:street' v='Piastowska' />
    <tag k='operator' v='Diengi sp. z o.o.' />
    <tag k='operator:ref:rdl_knf' v='RDL000185' />
    <tag k='shop' v='pawnbroker' />
    <tag k='source:shop' v='Rejestr działalności lombardowej KNF' />
  </node>
  <node id='-1001265' visible='true' version='1' lat='54.1589152' lon='19.4040498'>
    <tag k='addr:city' v='Elbląg' />
    <tag k='addr:housenumber' v='8' />
    <tag k='addr:postcode' v='82-300' />
    <tag k='addr:street' v='Hetmańska' />
    <tag k='operator' v='Dukat sp. z o.o.' />
    <tag k='operator:ref:rdl_knf' v='RDL000226' />
    <tag k='shop' v='pawnbroker' />
    <tag k='source:shop' v='Rejestr działalności lombardowej KNF' />
  </node>
  <node id='-1001266' visible='true' version='1' lat='52.8491396' lon='19.1770216'>
    <tag k='addr:city' v='Lipno' />
    <tag k='addr:housenumber' v='16' />
    <tag k='addr:postcode' v='87-300' />
    <tag k='addr:street' v='3 Maja' />
    <tag k='operator' v='E-Mobilom sp. z o.o.' />
    <tag k='operator:ref:rdl_knf' v='RDL000009' />
    <tag k='shop' v='pawnbroker' />
    <tag k='source:shop' v='Rejestr działalności lombardowej KNF' />
  </node>
  <node id='-1001267' visible='true' version='1' lat='50.3045152' lon='18.7852932'>
    <tag k='addr:city' v='Zabrze' />
    <tag k='addr:housenumber' v='1A' />
    <tag k='addr:postcode' v='41-800' />
    <tag k='addr:street' v='3 Maja' />
    <tag k='operator' v='Eurogold sp. z o.o.' />
    <tag k='operator:ref:rdl_knf' v='RDL000028' />
    <tag k='shop' v='pawnbroker' />
    <tag k='source:shop' v='Rejestr działalności lombardowej KNF' />
  </node>
  <node id='-1001268' visible='true' version='1' lat='53.126754' lon='17.9858597'>
    <tag k='add:flat' v='2' />
    <tag k='addr:city' v='Bydgoszcz' />
    <tag k='addr:housenumber' v='2' />
    <tag k='addr:postcode' v='85-236' />
    <tag k='addr:street' v='Grunwaldzka' />
    <tag k='operator' v='European Finances sp. z o.o.' />
    <tag k='operator:ref:rdl_knf' v='RDL000125' />
    <tag k='shop' v='pawnbroker' />
    <tag k='source:shop' v='Rejestr działalności lombardowej KNF' />
  </node>
  <node id='-1001269' visible='true' version='1' lat='50.4833063' lon='19.4238956'>
    <tag k='addr:city' v='Zawiercie' />
    <tag k='addr:housenumber' v='21A' />
    <tag k='addr:postcode' v='42-400' />
    <tag k='addr:street' v='3 Maja' />
    <tag k='operator' v='Express Finance sp. z o.o.' />
    <tag k='operator:ref:rdl_knf' v='RDL000076' />
    <tag k='shop' v='pawnbroker' />
    <tag k='source:shop' v='Rejestr działalności lombardowej KNF' />
  </node>
  <node id='-1001270' visible='true' version='1' lat='52.2368716' lon='20.9688812'>
    <tag k='add:flat' v='U3' />
    <tag k='addr:city' v='Warszawa' />
    <tag k='addr:housenumber' v='6' />
    <tag k='addr:postcode' v='01-180' />
    <tag k='addr:street' v='Górczewska' />
    <tag k='operator' v='Fast sp. z o.o.' />
    <tag k='operator:ref:rdl_knf' v='RDL000088' />
    <tag k='shop' v='pawnbroker' />
    <tag k='source:shop' v='Rejestr działalności lombardowej KNF' />
  </node>
  <node id='-1001271' visible='true' version='1' lat='52.2591678' lon='20.9211756'>
    <tag k='addr:city' v='Warszawa' />
    <tag k='addr:housenumber' v='32A' />
    <tag k='addr:postcode' v='01-496' />
    <tag k='addr:street' v='Morcinka' />
    <tag k='operator' v='Fast sp. z o.o.' />
    <tag k='operator:ref:rdl_knf' v='RDL000088' />
    <tag k='shop' v='pawnbroker' />
    <tag k='source:shop' v='Rejestr działalności lombardowej KNF' />
  </node>
  <node id='-1001272' visible='true' version='1' lat='53.1621574' lon='20.2976657'>
    <tag k='addr:city' v='Iłowo-Osada' />
    <tag k='addr:housenumber' v='5A' />
    <tag k='addr:postcode' v='13-240' />
    <tag k='addr:street' v='Władysława Łokietka' />
    <tag k='operator' v='Fastfinance sp. z o.o.' />
    <tag k='operator:ref:rdl_knf' v='RDL000245' />
    <tag k='shop' v='pawnbroker' />
    <tag k='source:shop' v='Rejestr działalności lombardowej KNF' />
  </node>
  <node id='-1001273' visible='true' version='1' lat='51.788191' lon='14.9707891'>
    <tag k='addr:city' v='Lubsko' />
    <tag k='addr:housenumber' v='8' />
    <tag k='addr:postcode' v='68-300' />
    <tag k='addr:street' v='Kopernika' />
    <tag k='operator' v='F.H.U. Dons sp. z o.o.' />
    <tag k='operator:ref:rdl_knf' v='RDL000090' />
    <tag k='shop' v='pawnbroker' />
    <tag k='source:shop' v='Rejestr działalności lombardowej KNF' />
  </node>
  <node id='-1001274' visible='true' version='1' lat='54.3835174' lon='18.5999649'>
    <tag k='add:flat' v='6' />
    <tag k='addr:city' v='Gdańsk' />
    <tag k='addr:housenumber' v='16' />
    <tag k='addr:postcode' v='80-264' />
    <tag k='addr:street' v='Romana Dmowskiego' />
    <tag k='operator' v='Financial Enteprise sp. z o.o.' />
    <tag k='operator:ref:rdl_knf' v='RDL000163' />
    <tag k='shop' v='pawnbroker' />
    <tag k='source:shop' v='Rejestr działalności lombardowej KNF' />
  </node>
  <node id='-1001275' visible='true' version='1' lat='54.352851' lon='18.649972'>
    <tag k='addr:city' v='Gdańsk' />
    <tag k='addr:housenumber' v='104' />
    <tag k='addr:postcode' v='80-844' />
    <tag k='addr:street' v='Podwale Staromiejskie' />
    <tag k='operator' v='Financial Enteprise sp. z o.o.' />
    <tag k='operator:ref:rdl_knf' v='RDL000163' />
    <tag k='shop' v='pawnbroker' />
    <tag k='source:shop' v='Rejestr działalności lombardowej KNF' />
  </node>
  <node id='-1001276' visible='true' version='1' lat='54.5427853' lon='18.4610011'>
    <tag k='addr:city' v='Gdynia' />
    <tag k='addr:housenumber' v='20A' />
    <tag k='addr:postcode' v='81-044' />
    <tag k='addr:street' v='Kartuska' />
    <tag k='operator' v='Financial Enteprise sp. z o.o.' />
    <tag k='operator:ref:rdl_knf' v='RDL000163' />
    <tag k='shop' v='pawnbroker' />
    <tag k='source:shop' v='Rejestr działalności lombardowej KNF' />
  </node>
  <node id='-1001277' visible='true' version='1' lat='54.5094956' lon='18.538273'>
    <tag k='addr:city' v='Gdynia' />
    <tag k='addr:housenumber' v='100A' />
    <tag k='addr:postcode' v='81-388' />
    <tag k='addr:street' v='Świętojańska' />
    <tag k='operator' v='Financial Enteprise sp. z o.o.' />
    <tag k='operator:ref:rdl_knf' v='RDL000163' />
    <tag k='shop' v='pawnbroker' />
    <tag k='source:shop' v='Rejestr działalności lombardowej KNF' />
  </node>
  <node id='-1001278' visible='true' version='1' lat='54.4719389' lon='17.0199301'>
    <tag k='add:flat' v='38' />
    <tag k='addr:city' v='Słupsk' />
    <tag k='addr:housenumber' v='37' />
    <tag k='addr:postcode' v='76-200' />
    <tag k='addr:street' v='Wolności' />
    <tag k='operator' v='Financial Enteprise sp. z o.o.' />
    <tag k='operator:ref:rdl_knf' v='RDL000163' />
    <tag k='shop' v='pawnbroker' />
    <tag k='source:shop' v='Rejestr działalności lombardowej KNF' />
  </node>
  <node id='-1001279' visible='true' version='1' lat='52.2003982' lon='18.6332772'>
    <tag k='addr:city' v='Koło' />
    <tag k='addr:housenumber' v='35' />
    <tag k='addr:postcode' v='62-600' />
    <tag k='addr:street' v='Toruńska' />
    <tag k='operator' v='Finwave sp. z o.o.' />
    <tag k='operator:ref:rdl_knf' v='RDL000014' />
    <tag k='shop' v='pawnbroker' />
    <tag k='source:shop' v='Rejestr działalności lombardowej KNF' />
  </node>
  <node id='-1001280' visible='true' version='1' lat='52.231571' lon='19.3630789'>
    <tag k='addr:city' v='Kutno' />
    <tag k='addr:housenumber' v='4' />
    <tag k='addr:postcode' v='99-300' />
    <tag k='addr:street' v='Kościuszki' />
    <tag k='operator' v='Finwave sp. z o.o.' />
    <tag k='operator:ref:rdl_knf' v='RDL000014' />
    <tag k='shop' v='pawnbroker' />
    <tag k='source:shop' v='Rejestr działalności lombardowej KNF' />
  </node>
  <node id='-1001281' visible='true' version='1' lat='52.2317512' lon='19.3580013'>
    <tag k='addr:city' v='Kutno' />
    <tag k='addr:housenumber' v='4' />
    <tag k='addr:postcode' v='99-300' />
    <tag k='addr:street' v='Zamenhofa' />
    <tag k='operator' v='Finwave sp. z o.o.' />
    <tag k='operator:ref:rdl_knf' v='RDL000014' />
    <tag k='shop' v='pawnbroker' />
    <tag k='source:shop' v='Rejestr działalności lombardowej KNF' />
  </node>
  <node id='-1001282' visible='true' version='1' lat='51.5894926' lon='18.732362'>
    <tag k='addr:city' v='Sieradz' />
    <tag k='addr:housenumber' v='13' />
    <tag k='addr:postcode' v='98-200' />
    <tag k='addr:street' v='Polna' />
    <tag k='operator' v='Finwave sp. z o.o.' />
    <tag k='operator:ref:rdl_knf' v='RDL000014' />
    <tag k='shop' v='pawnbroker' />
    <tag k='source:shop' v='Rejestr działalności lombardowej KNF' />
  </node>
  <node id='-1001283' visible='true' version='1' lat='51.5641086' lon='15.5359857'>
    <tag k='add:flat' v='5' />
    <tag k='addr:city' v='Szprotawa' />
    <tag k='addr:housenumber' v='11' />
    <tag k='addr:postcode' v='67-300' />
    <tag k='addr:street' v='Muzealna' />
    <tag k='operator' v='Firma Wielobranżowa sp. z o.o.' />
    <tag k='operator:ref:rdl_knf' v='RDL000194' />
    <tag k='shop' v='pawnbroker' />
    <tag k='source:shop' v='Rejestr działalności lombardowej KNF' />
  </node>
  <node id='-1001284' visible='true' version='1' lat='49.6144551' lon='20.7022317'>
    <tag k='add:flat' v='1' />
    <tag k='addr:city' v='Nowy Sącz' />
    <tag k='addr:housenumber' v='43' />
    <tag k='addr:postcode' v='33-300' />
    <tag k='addr:street' v='Długosza' />
    <tag k='operator' v='Gjt sp. z o.o.' />
    <tag k='operator:ref:rdl_knf' v='RDL000212' />
    <tag k='shop' v='pawnbroker' />
    <tag k='source:shop' v='Rejestr działalności lombardowej KNF' />
  </node>
  <node id='-1001285' visible='true' version='1' lat='50.5778322' lon='19.339868'>
    <tag k='addr:city' v='Myszków' />
    <tag k='addr:housenumber' v='16' />
    <tag k='addr:postcode' v='42-300' />
    <tag k='addr:street' v='Sikorskiego' />
    <tag k='operator' v='Glam-Tech sp. z o.o.' />
    <tag k='operator:ref:rdl_knf' v='RDL000040' />
    <tag k='shop' v='pawnbroker' />
    <tag k='source:shop' v='Rejestr działalności lombardowej KNF' />
  </node>
  <node id='-1001286' visible='true' version='1' lat='52.8756953' lon='18.6909689'>
    <tag k='addr:city' v='Aleksandrów Kujawski' />
    <tag k='addr:housenumber' v='15' />
    <tag k='addr:postcode' v='87-700' />
    <tag k='addr:street' v='Fryderyka Chopina' />
    <tag k='operator' v='Gold3n sp. z o.o.' />
    <tag k='operator:ref:rdl_knf' v='RDL000144' />
    <tag k='shop' v='pawnbroker' />
    <tag k='source:shop' v='Rejestr działalności lombardowej KNF' />
  </node>
  <node id='-1001287' visible='true' version='1' lat='52.6737379' lon='18.321134'>
    <tag k='addr:city' v='Kruszwica' />
    <tag k='addr:housenumber' v='20' />
    <tag k='addr:postcode' v='88-150' />
    <tag k='addr:street' v='Rynek' />
    <tag k='operator' v='Gold3n sp. z o.o.' />
    <tag k='operator:ref:rdl_knf' v='RDL000144' />
    <tag k='shop' v='pawnbroker' />
    <tag k='source:shop' v='Rejestr działalności lombardowej KNF' />
  </node>
  <node id='-1001288' visible='true' version='1' lat='52.6256185' lon='18.5270142'>
    <tag k='addr:city' v='Radziejów' />
    <tag k='addr:housenumber' v='15' />
    <tag k='addr:postcode' v='88-200' />
    <tag k='addr:street' v='Rynek' />
    <tag k='operator' v='Gold3n sp. z o.o.' />
    <tag k='operator:ref:rdl_knf' v='RDL000144' />
    <tag k='shop' v='pawnbroker' />
    <tag k='source:shop' v='Rejestr działalności lombardowej KNF' />
  </node>
  <node id='-1001289' visible='true' version='1' lat='52.173974' lon='21.0161342'>
    <tag k='add:flat' v='55' />
    <tag k='addr:city' v='Warszawa' />
    <tag k='addr:housenumber' v='1' />
    <tag k='addr:postcode' v='02-663' />
    <tag k='addr:street' v='Aleja Lotników' />
    <tag k='operator' v='Goldarex  sp. z o.o.' />
    <tag k='operator:ref:rdl_knf' v='RDL000064' />
    <tag k='shop' v='pawnbroker' />
    <tag k='source:shop' v='Rejestr działalności lombardowej KNF' />
  </node>
  <node id='-1001290' visible='true' version='1' lat='50.1909181' lon='20.2973182'>
    <tag k='addr:city' v='Proszowice' />
    <tag k='addr:housenumber' v='92' />
    <tag k='addr:postcode' v='32-100' />
    <tag k='addr:street' v='3 Maja' />
    <tag k='operator' v='Golden Rush sp. z o.o.' />
    <tag k='operator:ref:rdl_knf' v='RDL000057' />
    <tag k='shop' v='pawnbroker' />
    <tag k='source:shop' v='Rejestr działalności lombardowej KNF' />
  </node>
  <node id='-1001291' visible='true' version='1' lat='54.1707013' lon='17.4917818'>
    <tag k='addr:city' v='Bytów' />
    <tag k='addr:housenumber' v='12' />
    <tag k='addr:postcode' v='77-100' />
    <tag k='addr:street' v='Sikorskiego' />
    <tag k='operator' v='Gold-Money.Pl sp. z o.o.' />
    <tag k='operator:ref:rdl_knf' v='RDL000211' />
    <tag k='shop' v='pawnbroker' />
    <tag k='source:shop' v='Rejestr działalności lombardowej KNF' />
  </node>
  <node id='-1001292' visible='true' version='1' lat='53.3493593' lon='18.4245193'>
    <tag k='addr:city' v='Chełmno' />
    <tag k='addr:housenumber' v='1' />
    <tag k='addr:postcode' v='86-200' />
    <tag k='addr:street' v='Grudziądzka' />
    <tag k='operator' v='Gold-Money.Pl sp. z o.o.' />
    <tag k='operator:ref:rdl_knf' v='RDL000211' />
    <tag k='shop' v='pawnbroker' />
    <tag k='source:shop' v='Rejestr działalności lombardowej KNF' />
  </node>
  <node id='-1001293' visible='true' version='1' lat='54.3300052' lon='18.6321339'>
    <tag k='add:flat' v='U' />
    <tag k='addr:city' v='Gdańsk' />
    <tag k='addr:housenumber' v='12' />
    <tag k='addr:postcode' v='80-038' />
    <tag k='addr:street' v='Podmiejska' />
    <tag k='operator' v='Gold-Money.Pl sp. z o.o.' />
    <tag k='operator:ref:rdl_knf' v='RDL000211' />
    <tag k='shop' v='pawnbroker' />
    <tag k='source:shop' v='Rejestr działalności lombardowej KNF' />
  </node>
  <node id='-1001294' visible='true' version='1' lat='54.3794302' lon='18.6078765'>
    <tag k='addr:city' v='Gdańsk' />
    <tag k='addr:housenumber' v='7b' />
    <tag k='addr:postcode' v='80-243' />
    <tag k='addr:street' v='Romana Dmowskiego' />
    <tag k='operator' v='Gold-Money.Pl sp. z o.o.' />
    <tag k='operator:ref:rdl_knf' v='RDL000211' />
    <tag k='shop' v='pawnbroker' />
    <tag k='source:shop' v='Rejestr działalności lombardowej KNF' />
  </node>
  <node id='-1001295' visible='true' version='1' lat='53.956829' lon='18.5256338'>
    <tag k='addr:city' v='Starogard Gdański' />
    <tag k='addr:housenumber' v='22' />
    <tag k='addr:postcode' v='83-200' />
    <tag k='addr:street' v='Al. Armii Krajowej' />
    <tag k='operator' v='Gold-Money.Pl sp. z o.o.' />
    <tag k='operator:ref:rdl_knf' v='RDL000211' />
    <tag k='shop' v='pawnbroker' />
    <tag k='source:shop' v='Rejestr działalności lombardowej KNF' />
  </node>
  <node id='-1001296' visible='true' version='1' lat='51.6645566' lon='19.3435882'>
    <tag k='addr:city' v='Pabianice' />
    <tag k='addr:housenumber' v='48A' />
    <tag k='addr:postcode' v='95-200' />
    <tag k='addr:street' v='Zamkowa' />
    <tag k='operator' v='Goldyes sp. z o.o.' />
    <tag k='operator:ref:rdl_knf' v='RDL000127' />
    <tag k='shop' v='pawnbroker' />
    <tag k='source:shop' v='Rejestr działalności lombardowej KNF' />
  </node>
  <node id='-1001297' visible='true' version='1' lat='52.2396001' lon='20.9875587'>
    <tag k='addr:city' v='Warszawa' />
    <tag k='addr:housenumber' v='149' />
    <tag k='addr:postcode' v='00-898' />
    <tag k='addr:street' v='Al. Solidarności' />
    <tag k='operator' v='Grupa Inter sp. z o.o.' />
    <tag k='operator:ref:rdl_knf' v='RDL000118' />
    <tag k='shop' v='pawnbroker' />
    <tag k='source:shop' v='Rejestr działalności lombardowej KNF' />
  </node>
  <node id='-1001298' visible='true' version='1' lat='53.023765' lon='18.5955785'>
    <tag k='add:flat' v='41' />
    <tag k='addr:city' v='Toruń' />
    <tag k='addr:housenumber' v='10' />
    <tag k='addr:postcode' v='87-100' />
    <tag k='addr:street' v='Końcowa' />
    <tag k='operator' v='Help Investment sp. z o.o.' />
    <tag k='operator:ref:rdl_knf' v='RDL000250' />
    <tag k='shop' v='pawnbroker' />
    <tag k='source:shop' v='Rejestr działalności lombardowej KNF' />
  </node>
  <node id='-1001299' visible='true' version='1' lat='50.1151135' lon='19.6275517'>
    <tag k='addr:city' v='Tenczynek' />
    <tag k='addr:housenumber' v='8' />
    <tag k='addr:postcode' v='32-067' />
    <tag k='addr:street' v='Akacjowa' />
    <tag k='operator' v='Ideainwest sp. z o.o.' />
    <tag k='operator:ref:rdl_knf' v='RDL000228' />
    <tag k='shop' v='pawnbroker' />
    <tag k='source:shop' v='Rejestr działalności lombardowej KNF' />
  </node>
  <node id='-1001300' visible='true' version='1' lat='52.4180066' lon='16.9665739'>
    <tag k='add:flat' v='6' />
    <tag k='addr:city' v='Poznań' />
    <tag k='addr:housenumber' v='100' />
    <tag k='addr:postcode' v='61-005' />
    <tag k='addr:street' v='Św. Michała' />
    <tag k='operator' v='Impresio sp. z o.o.' />
    <tag k='operator:ref:rdl_knf' v='RDL000214' />
    <tag k='shop' v='pawnbroker' />
    <tag k='source:shop' v='Rejestr działalności lombardowej KNF' />
  </node>
  <node id='-1001301' visible='true' version='1' lat='50.0583901' lon='21.9782024'>
    <tag k='addr:city' v='Rzeszow' />
    <tag k='addr:housenumber' v='14' />
    <tag k='addr:postcode' v='35-509' />
    <tag k='addr:street' v='Obroncow Poczty Gdanskiej' />
    <tag k='operator' v='Izzy&amp;#39;S Young Pawn Shop- Multitrade  sp. z o.o.' />
    <tag k='operator:ref:rdl_knf' v='RDL000238' />
    <tag k='shop' v='pawnbroker' />
    <tag k='source:shop' v='Rejestr działalności lombardowej KNF' />
  </node>
  <node id='-1001302' visible='true' version='1' lat='51.7633613' lon='20.2497922'>
    <tag k='addr:city' v='Rawa Mazowiecka' />
    <tag k='addr:housenumber' v='7' />
    <tag k='addr:postcode' v='96-200' />
    <tag k='addr:street' v='Kościuszki' />
    <tag k='operator' v='Jantar Rawki sp. z o.o.' />
    <tag k='operator:ref:rdl_knf' v='RDL000044' />
    <tag k='shop' v='pawnbroker' />
    <tag k='source:shop' v='Rejestr działalności lombardowej KNF' />
  </node>
  <node id='-1001303' visible='true' version='1' lat='51.3944494' lon='21.1548874'>
    <tag k='addr:city' v='Radom' />
    <tag k='addr:housenumber' v='13' />
    <tag k='addr:postcode' v='26-600' />
    <tag k='addr:street' v='Traugutta' />
    <tag k='operator' v='Jantar sp. z o.o.' />
    <tag k='operator:ref:rdl_knf' v='RDL000016' />
    <tag k='shop' v='pawnbroker' />
    <tag k='source:shop' v='Rejestr działalności lombardowej KNF' />
  </node>
  <node id='-1001304' visible='true' version='1' lat='51.3853384' lon='21.15803'>
    <tag k='addr:city' v='Radom' />
    <tag k='addr:housenumber' v='2' />
    <tag k='addr:postcode' v='26-600' />
    <tag k='addr:street' v='Gagarina' />
    <tag k='operator' v='Jantar sp. z o.o.' />
    <tag k='operator:ref:rdl_knf' v='RDL000016' />
    <tag k='shop' v='pawnbroker' />
    <tag k='source:shop' v='Rejestr działalności lombardowej KNF' />
  </node>
  <node id='-1001305' visible='true' version='1' lat='51.4293827' lon='21.1594056'>
    <tag k='addr:city' v='Radom' />
    <tag k='addr:housenumber' v='9a' />
    <tag k='addr:postcode' v='26-600' />
    <tag k='addr:street' v='Królowej Jadwigi' />
    <tag k='operator' v='Jantar sp. z o.o.' />
    <tag k='operator:ref:rdl_knf' v='RDL000016' />
    <tag k='shop' v='pawnbroker' />
    <tag k='source:shop' v='Rejestr działalności lombardowej KNF' />
  </node>
  <node id='-1001306' visible='true' version='1' lat='50.8097981' lon='19.11851'>
    <tag k='addr:city' v='Częstochowa' />
    <tag k='addr:housenumber' v='15A' />
    <tag k='addr:postcode' v='42-202' />
    <tag k='addr:street' v='Al. Wolności' />
    <tag k='operator' v='Joker Lombard sp. z o.o.' />
    <tag k='operator:ref:rdl_knf' v='RDL000166' />
    <tag k='shop' v='pawnbroker' />
    <tag k='source:shop' v='Rejestr działalności lombardowej KNF' />
  </node>
  <node id='-1001307' visible='true' version='1' lat='50.7846093' lon='19.1398883'>
    <tag k='addr:city' v='Częstochowa' />
    <tag k='addr:housenumber' v='46A' />
    <tag k='addr:postcode' v='42-216' />
    <tag k='addr:street' v='Al. Niepodległości' />
    <tag k='operator' v='Joker Lombard sp. z o.o.' />
    <tag k='operator:ref:rdl_knf' v='RDL000166' />
    <tag k='shop' v='pawnbroker' />
    <tag k='source:shop' v='Rejestr działalności lombardowej KNF' />
  </node>
  <node id='-1001308' visible='true' version='1' lat='50.2962079' lon='18.6570951'>
    <tag k='addr:city' v='Gliwice' />
    <tag k='addr:housenumber' v='1' />
    <tag k='addr:postcode' v='44-100' />
    <tag k='addr:street' v='Ignacego Daszyńskiego' />
    <tag k='operator' v='Juran Gold sp. z o.o.' />
    <tag k='operator:ref:rdl_knf' v='RDL000086' />
    <tag k='shop' v='pawnbroker' />
    <tag k='source:shop' v='Rejestr działalności lombardowej KNF' />
  </node>
  <node id='-1001309' visible='true' version='1' lat='50.3032095' lon='18.6902461'>
    <tag k='addr:city' v='Gliwice' />
    <tag k='addr:housenumber' v='48' />
    <tag k='addr:postcode' v='44-100' />
    <tag k='addr:street' v='Lipowa' />
    <tag k='operator' v='Juran Gold sp. z o.o.' />
    <tag k='operator:ref:rdl_knf' v='RDL000086' />
    <tag k='shop' v='pawnbroker' />
    <tag k='source:shop' v='Rejestr działalności lombardowej KNF' />
  </node>
  <node id='-1001310' visible='true' version='1' lat='50.3025459' lon='18.7891459'>
    <tag k='addr:city' v='Zabrze' />
    <tag k='addr:housenumber' v='7' />
    <tag k='addr:postcode' v='41-800' />
    <tag k='addr:street' v='Karłowicza' />
    <tag k='operator' v='Juran Gold sp. z o.o.' />
    <tag k='operator:ref:rdl_knf' v='RDL000086' />
    <tag k='shop' v='pawnbroker' />
    <tag k='source:shop' v='Rejestr działalności lombardowej KNF' />
  </node>
  <node id='-1001311' visible='true' version='1' lat='54.0359437' lon='22.5034535'>
    <tag k='addr:city' v='Olecko' />
    <tag k='addr:housenumber' v='2b' />
    <tag k='addr:postcode' v='19-400' />
    <tag k='addr:street' v='Kolejowa' />
    <tag k='operator' v='Jurewicz Investments sp. z o.o.' />
    <tag k='operator:ref:rdl_knf' v='RDL000169' />
    <tag k='shop' v='pawnbroker' />
    <tag k='source:shop' v='Rejestr działalności lombardowej KNF' />
  </node>
  <node id='-1001312' visible='true' version='1' lat='53.6296443' lon='21.8063277'>
    <tag k='addr:city' v='Pisz' />
    <tag k='addr:housenumber' v='10' />
    <tag k='addr:postcode' v='12-200' />
    <tag k='addr:street' v='Kościuszki' />
    <tag k='operator' v='Jurewicz Investments sp. z o.o.' />
    <tag k='operator:ref:rdl_knf' v='RDL000169' />
    <tag k='shop' v='pawnbroker' />
    <tag k='source:shop' v='Rejestr działalności lombardowej KNF' />
  </node>
  <node id='-1001313' visible='true' version='1' lat='49.6176136' lon='20.6990857'>
    <tag k='addr:city' v='Nowy Sącz' />
    <tag k='addr:housenumber' v='43 L' />
    <tag k='addr:postcode' v='33-300' />
    <tag k='addr:street' v='Długosza' />
    <tag k='operator' v='K. O. Invest sp. z o.o.' />
    <tag k='operator:ref:rdl_knf' v='RDL000172' />
    <tag k='shop' v='pawnbroker' />
    <tag k='source:shop' v='Rejestr działalności lombardowej KNF' />
  </node>
  <node id='-1001314' visible='true' version='1' lat='52.2208013' lon='20.985689'>
    <tag k='addr:city' v='Warszawa' />
    <tag k='addr:housenumber' v='27' />
    <tag k='addr:postcode' v='02-030' />
    <tag k='addr:street' v='Grójecka' />
    <tag k='operator' v='Kalmar sp. z o.o.' />
    <tag k='operator:ref:rdl_knf' v='RDL000024' />
    <tag k='shop' v='pawnbroker' />
    <tag k='source:shop' v='Rejestr działalności lombardowej KNF' />
  </node>
  <node id='-1001315' visible='true' version='1' lat='53.1322712' lon='18.0097666'>
    <tag k='addr:city' v='Bydgoszcz' />
    <tag k='addr:housenumber' v='2' />
    <tag k='addr:postcode' v='85-077' />
    <tag k='addr:street' v='Świętojańska' />
    <tag k='operator' v='Kastom sp. z o.o.' />
    <tag k='operator:ref:rdl_knf' v='RDL000039' />
    <tag k='shop' v='pawnbroker' />
    <tag k='source:shop' v='Rejestr działalności lombardowej KNF' />
  </node>
  <node id='-1001316' visible='true' version='1' lat='52.4344737' lon='16.9409991'>
    <tag k='addr:city' v='Poznań' />
    <tag k='addr:housenumber' v='4' />
    <tag k='addr:postcode' v='61-624' />
    <tag k='addr:street' v='Os. Kosmonautów' />
    <tag k='operator' v='Kosmo sp. z o.o.' />
    <tag k='operator:ref:rdl_knf' v='RDL000038' />
    <tag k='shop' v='pawnbroker' />
    <tag k='source:shop' v='Rejestr działalności lombardowej KNF' />
  </node>
  <node id='-1001317' visible='true' version='1' lat='52.2293037' lon='18.2445361'>
    <tag k='addr:city' v='Konin' />
    <tag k='addr:housenumber' v='25' />
    <tag k='addr:postcode' v='62-510' />
    <tag k='addr:street' v='Kleczewska' />
    <tag k='operator' v='Krajowe Centrum Pożyczkowe sp. z o.o.' />
    <tag k='operator:ref:rdl_knf' v='RDL000073' />
    <tag k='shop' v='pawnbroker' />
    <tag k='source:shop' v='Rejestr działalności lombardowej KNF' />
  </node>
  <node id='-1001318' visible='true' version='1' lat='50.0913504' lon='18.5344247'>
    <tag k='addr:city' v='Rybnik' />
    <tag k='addr:housenumber' v='14' />
    <tag k='addr:postcode' v='44-200' />
    <tag k='addr:street' v='Świętej Jadwigi' />
    <tag k='operator' v='Lbd 888 Invest sp. z o.o.' />
    <tag k='operator:ref:rdl_knf' v='RDL000249' />
    <tag k='shop' v='pawnbroker' />
    <tag k='source:shop' v='Rejestr działalności lombardowej KNF' />
  </node>
  <node id='-1001319' visible='true' version='1' lat='51.1078624' lon='17.0313484'>
    <tag k='add:flat' v='25' />
    <tag k='addr:city' v='Wrocław' />
    <tag k='addr:housenumber' v='4' />
    <tag k='addr:postcode' v='50-078' />
    <tag k='addr:street' v='Stanisława Leszczyńskiego' />
    <tag k='operator' v='Leo Capital sp. z o.o.' />
    <tag k='operator:ref:rdl_knf' v='RDL000239' />
    <tag k='shop' v='pawnbroker' />
    <tag k='source:shop' v='Rejestr działalności lombardowej KNF' />
  </node>
  <node id='-1001320' visible='true' version='1' lat='52.2265229' lon='21.0131477'>
    <tag k='addr:city' v='Warszawa' />
    <tag k='addr:housenumber' v='85' />
    <tag k='addr:postcode' v='00-683' />
    <tag k='addr:street' v='Marszałkowska' />
    <tag k='operator' v='Lexpres sp. z o.o.' />
    <tag k='operator:ref:rdl_knf' v='RDL000053' />
    <tag k='shop' v='pawnbroker' />
    <tag k='source:shop' v='Rejestr działalności lombardowej KNF' />
  </node>
  <node id='-1001321' visible='true' version='1' lat='52.2456406' lon='21.0743638'>
    <tag k='addr:city' v='Warszawa' />
    <tag k='addr:housenumber' v='255' />
    <tag k='addr:postcode' v='03-844' />
    <tag k='addr:street' v='Grochowska' />
    <tag k='operator' v='Lexpres sp. z o.o.' />
    <tag k='operator:ref:rdl_knf' v='RDL000053' />
    <tag k='shop' v='pawnbroker' />
    <tag k='source:shop' v='Rejestr działalności lombardowej KNF' />
  </node>
  <node id='-1001322' visible='true' version='1' lat='52.2887582' lon='21.0993547'>
    <tag k='addr:city' v='Warszawa' />
    <tag k='addr:housenumber' v='41' />
    <tag k='addr:postcode' v='01-001' />
    <tag k='addr:street' v='Jana Pawła Ii' />
    <tag k='operator' v='Lexpres sp. z o.o.' />
    <tag k='operator:ref:rdl_knf' v='RDL000053' />
    <tag k='shop' v='pawnbroker' />
    <tag k='source:shop' v='Rejestr działalności lombardowej KNF' />
  </node>
  <node id='-1001323' visible='true' version='1' lat='52.6499599' lon='19.0623611'>
    <tag k='addr:city' v='Włocławek' />
    <tag k='addr:housenumber' v='10' />
    <tag k='addr:postcode' v='87-800' />
    <tag k='addr:street' v='Spółdzielcza' />
    <tag k='operator' v='Lima 500 sp. z o.o.' />
    <tag k='operator:ref:rdl_knf' v='RDL000222' />
    <tag k='shop' v='pawnbroker' />
    <tag k='source:shop' v='Rejestr działalności lombardowej KNF' />
  </node>
  <node id='-1001324' visible='true' version='1' lat='53.4399244' lon='14.5510696'>
    <tag k='addr:city' v='Szczecin' />
    <tag k='addr:housenumber' v='87' />
    <tag k='addr:postcode' v='71-411' />
    <tag k='addr:street' v='Al. Wyzwolenia' />
    <tag k='operator' v='Lombard  sp. z o.o.' />
    <tag k='operator:ref:rdl_knf' v='RDL000170' />
    <tag k='shop' v='pawnbroker' />
    <tag k='source:shop' v='Rejestr działalności lombardowej KNF' />
  </node>
  <node id='-1001325' visible='true' version='1' lat='52.8943806' lon='18.4084035'>
    <tag k='addr:city' v='Gniewkowo' />
    <tag k='addr:housenumber' v='1A' />
    <tag k='addr:postcode' v='88-140' />
    <tag k='addr:street' v='Dworcowa' />
    <tag k='operator' v='Lombard 7 sp. z o.o.' />
    <tag k='operator:ref:rdl_knf' v='RDL000246' />
    <tag k='shop' v='pawnbroker' />
    <tag k='source:shop' v='Rejestr działalności lombardowej KNF' />
  </node>
  <node id='-1001326' visible='true' version='1' lat='52.21015' lon='18.2539199'>
    <tag k='addr:city' v='Konin' />
    <tag k='addr:housenumber' v='9A' />
    <tag k='addr:postcode' v='62-500' />
    <tag k='addr:street' v='Plac Zamkowy' />
    <tag k='operator' v='Lombard Abc sp. z o.o.' />
    <tag k='operator:ref:rdl_knf' v='RDL000182' />
    <tag k='shop' v='pawnbroker' />
    <tag k='source:shop' v='Rejestr działalności lombardowej KNF' />
  </node>
  <node id='-1001327' visible='true' version='1' lat='53.6700426' lon='15.1235793'>
    <tag k='addr:city' v='Nowogard' />
    <tag k='addr:housenumber' v='9' />
    <tag k='addr:postcode' v='72-200' />
    <tag k='addr:street' v='5 Marca' />
    <tag k='operator' v='Lombard Beta sp. z o.o.' />
    <tag k='operator:ref:rdl_knf' v='RDL000161' />
    <tag k='shop' v='pawnbroker' />
    <tag k='source:shop' v='Rejestr działalności lombardowej KNF' />
  </node>
  <node id='-1001328' visible='true' version='1' lat='52.1968215' lon='20.6170581'>
    <tag k='addr:city' v='Błonie' />
    <tag k='addr:housenumber' v='16' />
    <tag k='addr:postcode' v='05-870' />
    <tag k='addr:street' v='Warszawska' />
    <tag k='operator' v='Lombard Błonie sp. z o.o.' />
    <tag k='operator:ref:rdl_knf' v='RDL000145' />
    <tag k='shop' v='pawnbroker' />
    <tag k='source:shop' v='Rejestr działalności lombardowej KNF' />
  </node>
  <node id='-1001329' visible='true' version='1' lat='50.7300319' lon='16.6521185'>
    <tag k='addr:city' v='Dzierżoniów' />
    <tag k='addr:housenumber' v='11' />
    <tag k='addr:postcode' v='58-200' />
    <tag k='addr:street' v='Marsz. Józefa Piłsudskiego' />
    <tag k='operator' v='Lombard Borys  sp. z o.o.' />
    <tag k='operator:ref:rdl_knf' v='RDL000015' />
    <tag k='shop' v='pawnbroker' />
    <tag k='source:shop' v='Rejestr działalności lombardowej KNF' />
  </node>
  <node id='-1001330' visible='true' version='1' lat='52.0521619' lon='20.4418305'>
    <tag k='addr:city' v='Żyrardów' />
    <tag k='addr:housenumber' v='15' />
    <tag k='addr:postcode' v='96-300' />
    <tag k='addr:street' v='1 Maja' />
    <tag k='operator' v='Lombard Central Sp sp. z o.o.' />
    <tag k='operator:ref:rdl_knf' v='RDL000130' />
    <tag k='shop' v='pawnbroker' />
    <tag k='source:shop' v='Rejestr działalności lombardowej KNF' />
  </node>
  <node id='-1001331' visible='true' version='1' lat='54.1579711' lon='19.40591'>
    <tag k='add:flat' v='3' />
    <tag k='addr:city' v='Elbląg' />
    <tag k='addr:housenumber' v='5' />
    <tag k='addr:postcode' v='82-300' />
    <tag k='addr:street' v='Hetmańska' />
    <tag k='operator' v='Lombard Centrum sp. z o.o.' />
    <tag k='operator:ref:rdl_knf' v='RDL000195' />
    <tag k='shop' v='pawnbroker' />
    <tag k='source:shop' v='Rejestr działalności lombardowej KNF' />
  </node>
  <node id='-1001332' visible='true' version='1' lat='53.129535' lon='18.0032823'>
    <tag k='addr:city' v='Bydgoszcz' />
    <tag k='addr:housenumber' v='20' />
    <tag k='addr:postcode' v='85-011' />
    <tag k='addr:street' v='Jana I Jędrzeja Śniadeckich' />
    <tag k='operator' v='Lombard Centrum sp. z o.o.' />
    <tag k='operator:ref:rdl_knf' v='RDL000247' />
    <tag k='shop' v='pawnbroker' />
    <tag k='source:shop' v='Rejestr działalności lombardowej KNF' />
  </node>
  <node id='-1001333' visible='true' version='1' lat='54.37912' lon='19.82082'>
    <tag k='addr:city' v='Braniewo' />
    <tag k='addr:housenumber' v='2E' />
    <tag k='addr:postcode' v='14-500' />
    <tag k='addr:street' v='Moniuszki' />
    <tag k='operator' v='Lombard Euro sp. z o.o.' />
    <tag k='operator:ref:rdl_knf' v='RDL000124' />
    <tag k='shop' v='pawnbroker' />
    <tag k='source:shop' v='Rejestr działalności lombardowej KNF' />
  </node>
  <node id='-1001334' visible='true' version='1' lat='54.2138093' lon='19.1157828'>
    <tag k='addr:city' v='Nowy Dwór Gdański' />
    <tag k='addr:housenumber' v='14' />
    <tag k='addr:postcode' v='82-100' />
    <tag k='addr:street' v='Sikorskiego' />
    <tag k='operator' v='Lombard Euro sp. z o.o.' />
    <tag k='operator:ref:rdl_knf' v='RDL000124' />
    <tag k='shop' v='pawnbroker' />
    <tag k='source:shop' v='Rejestr działalności lombardowej KNF' />
  </node>
  <node id='-1001335' visible='true' version='1' lat='54.2148051' lon='19.1121195'>
    <tag k='addr:city' v='Nowy Dwór Gdański' />
    <tag k='addr:housenumber' v='3B' />
    <tag k='addr:postcode' v='82-100' />
    <tag k='addr:street' v='Morska' />
    <tag k='operator' v='Lombard Euro sp. z o.o.' />
    <tag k='operator:ref:rdl_knf' v='RDL000124' />
    <tag k='shop' v='pawnbroker' />
    <tag k='source:shop' v='Rejestr działalności lombardowej KNF' />
  </node>
  <node id='-1001336' visible='true' version='1' lat='54.0594599' lon='19.6674725'>
    <tag k='addr:city' v='Pasłęk' />
    <tag k='addr:housenumber' v='12' />
    <tag k='addr:postcode' v='14-400' />
    <tag k='addr:street' v='Ogrodowa' />
    <tag k='operator' v='Lombard Euro sp. z o.o.' />
    <tag k='operator:ref:rdl_knf' v='RDL000124' />
    <tag k='shop' v='pawnbroker' />
    <tag k='source:shop' v='Rejestr działalności lombardowej KNF' />
  </node>
  <node id='-1001337' visible='true' version='1' lat='53.8446584' lon='22.9814423'>
    <tag k='addr:city' v='Augustów' />
    <tag k='addr:housenumber' v='6' />
    <tag k='addr:postcode' v='16-300' />
    <tag k='addr:street' v='Mostowa' />
    <tag k='brand' v='Loombard' />
    <tag k='brand:wikidata' v='Q113227799' />
    <tag k='name' v='Loombard' />
    <tag k='operator' v='Lombard Gold sp. z o.o.' />
    <tag k='operator:ref:rdl_knf' v='RDL000097' />
    <tag k='shop' v='pawnbroker' />
    <tag k='source:shop' v='Rejestr działalności lombardowej KNF' />
  </node>
  <node id='-1001338' visible='true' version='1' lat='50.535683' lon='22.7201517'>
    <tag k='addr:city' v='Biłgoraj' />
    <tag k='addr:housenumber' v='48' />
    <tag k='addr:postcode' v='23-400' />
    <tag k='addr:street' v='Kościuszki' />
    <tag k='brand' v='Loombard' />
    <tag k='brand:wikidata' v='Q113227799' />
    <tag k='name' v='Loombard' />
    <tag k='operator' v='Lombard Gold sp. z o.o.' />
    <tag k='operator:ref:rdl_knf' v='RDL000097' />
    <tag k='shop' v='pawnbroker' />
    <tag k='source:shop' v='Rejestr działalności lombardowej KNF' />
  </node>
  <node id='-1001339' visible='true' version='1' lat='50.3325193' lon='18.883255'>
    <tag k='add:flat' v='5' />
    <tag k='addr:city' v='Bytom' />
    <tag k='addr:housenumber' v='2' />
    <tag k='addr:postcode' v='41-907' />
    <tag k='addr:street' v='Orzegowska' />
    <tag k='brand' v='Loombard' />
    <tag k='brand:wikidata' v='Q113227799' />
    <tag k='name' v='Loombard' />
    <tag k='operator' v='Lombard Gold sp. z o.o.' />
    <tag k='operator:ref:rdl_knf' v='RDL000097' />
    <tag k='shop' v='pawnbroker' />
    <tag k='source:shop' v='Rejestr działalności lombardowej KNF' />
  </node>
  <node id='-1001340' visible='true' version='1' lat='51.1376887' lon='23.4772398'>
    <tag k='add:flat' v='2' />
    <tag k='addr:city' v='Chełm' />
    <tag k='addr:housenumber' v='80' />
    <tag k='addr:postcode' v='22-100' />
    <tag k='addr:street' v='Kolejowa' />
    <tag k='brand' v='Loombard' />
    <tag k='brand:wikidata' v='Q113227799' />
    <tag k='name' v='Loombard' />
    <tag k='operator' v='Lombard Gold sp. z o.o.' />
    <tag k='operator:ref:rdl_knf' v='RDL000097' />
    <tag k='shop' v='pawnbroker' />
    <tag k='source:shop' v='Rejestr działalności lombardowej KNF' />
  </node>
  <node id='-1001341' visible='true' version='1' lat='51.1335775' lon='23.470194'>
    <tag k='add:flat' v='3' />
    <tag k='addr:city' v='Chełm' />
    <tag k='addr:housenumber' v='75' />
    <tag k='addr:postcode' v='22-100' />
    <tag k='addr:street' v='Lubelska' />
    <tag k='brand' v='Loombard' />
    <tag k='brand:wikidata' v='Q113227799' />
    <tag k='name' v='Loombard' />
    <tag k='operator' v='Lombard Gold sp. z o.o.' />
    <tag k='operator:ref:rdl_knf' v='RDL000097' />
    <tag k='shop' v='pawnbroker' />
    <tag k='source:shop' v='Rejestr działalności lombardowej KNF' />
  </node>
  <node id='-1001342' visible='true' version='1' lat='51.1319863' lon='23.4727595'>
    <tag k='addr:city' v='Chełm' />
    <tag k='addr:housenumber' v='1' />
    <tag k='addr:postcode' v='22-100' />
    <tag k='addr:street' v='Pocztowa' />
    <tag k='brand' v='Loombard' />
    <tag k='brand:wikidata' v='Q113227799' />
    <tag k='name' v='Loombard' />
    <tag k='operator' v='Lombard Gold sp. z o.o.' />
    <tag k='operator:ref:rdl_knf' v='RDL000097' />
    <tag k='shop' v='pawnbroker' />
    <tag k='source:shop' v='Rejestr działalności lombardowej KNF' />
  </node>
  <node id='-1001343' visible='true' version='1' lat='53.3503327' lon='18.4251945'>
    <tag k='addr:city' v='Chełmno' />
    <tag k='addr:housenumber' v='17' />
    <tag k='addr:postcode' v='86-200' />
    <tag k='addr:street' v='Wodna' />
    <tag k='brand' v='Loombard' />
    <tag k='brand:wikidata' v='Q113227799' />
    <tag k='name' v='Loombard' />
    <tag k='operator' v='Lombard Gold sp. z o.o.' />
    <tag k='operator:ref:rdl_knf' v='RDL000097' />
    <tag k='shop' v='pawnbroker' />
    <tag k='source:shop' v='Rejestr działalności lombardowej KNF' />
  </node>
  <node id='-1001344' visible='true' version='1' lat='53.3499916' lon='18.4272198'>
    <tag k='addr:city' v='Chełmno' />
    <tag k='addr:housenumber' v='24' />
    <tag k='addr:postcode' v='86-200' />
    <tag k='addr:street' v='Grudziądzka' />
    <tag k='brand' v='Loombard' />
    <tag k='brand:wikidata' v='Q113227799' />
    <tag k='name' v='Loombard' />
    <tag k='operator' v='Lombard Gold sp. z o.o.' />
    <tag k='operator:ref:rdl_knf' v='RDL000097' />
    <tag k='shop' v='pawnbroker' />
    <tag k='source:shop' v='Rejestr działalności lombardowej KNF' />
  </node>
  <node id='-1001345' visible='true' version='1' lat='52.8827917' lon='20.6046078'>
    <tag k='addr:city' v='Ciechanów' />
    <tag k='addr:housenumber' v='1' />
    <tag k='addr:postcode' v='06-400' />
    <tag k='addr:street' v='Narutowicza' />
    <tag k='brand' v='Loombard' />
    <tag k='brand:wikidata' v='Q113227799' />
    <tag k='name' v='Loombard' />
    <tag k='operator' v='Lombard Gold sp. z o.o.' />
    <tag k='operator:ref:rdl_knf' v='RDL000097' />
    <tag k='shop' v='pawnbroker' />
    <tag k='source:shop' v='Rejestr działalności lombardowej KNF' />
  </node>
  <node id='-1001346' visible='true' version='1' lat='52.8798425' lon='20.6180172'>
    <tag k='addr:city' v='Ciechanów' />
    <tag k='addr:housenumber' v='25' />
    <tag k='addr:postcode' v='06-400' />
    <tag k='addr:street' v='Warszawska' />
    <tag k='brand' v='Loombard' />
    <tag k='brand:wikidata' v='Q113227799' />
    <tag k='name' v='Loombard' />
    <tag k='operator' v='Lombard Gold sp. z o.o.' />
    <tag k='operator:ref:rdl_knf' v='RDL000097' />
    <tag k='shop' v='pawnbroker' />
    <tag k='source:shop' v='Rejestr działalności lombardowej KNF' />
  </node>
  <node id='-1001347' visible='true' version='1' lat='50.0517156' lon='21.4096353'>
    <tag k='addr:city' v='Dębica' />
    <tag k='addr:housenumber' v='10' />
    <tag k='addr:postcode' v='39-200' />
    <tag k='addr:street' v='Rynek' />
    <tag k='brand' v='Loombard' />
    <tag k='brand:wikidata' v='Q113227799' />
    <tag k='name' v='Loombard' />
    <tag k='operator' v='Lombard Gold sp. z o.o.' />
    <tag k='operator:ref:rdl_knf' v='RDL000097' />
    <tag k='shop' v='pawnbroker' />
    <tag k='source:shop' v='Rejestr działalności lombardowej KNF' />
  </node>
  <node id='-1001348' visible='true' version='1' lat='53.2321744' lon='20.1792456'>
    <tag k='addr:city' v='Działdowo' />
    <tag k='addr:housenumber' v='4' />
    <tag k='addr:postcode' v='13-200' />
    <tag k='addr:street' v='Bielnikowa' />
    <tag k='brand' v='Loombard' />
    <tag k='brand:wikidata' v='Q113227799' />
    <tag k='name' v='Loombard' />
    <tag k='operator' v='Lombard Gold sp. z o.o.' />
    <tag k='operator:ref:rdl_knf' v='RDL000097' />
    <tag k='shop' v='pawnbroker' />
    <tag k='source:shop' v='Rejestr działalności lombardowej KNF' />
  </node>
  <node id='-1001349' visible='true' version='1' lat='52.7304871' lon='15.2373241'>
    <tag k='addr:city' v='Gorzów Wielkopolski' />
    <tag k='addr:housenumber' v='14' />
    <tag k='addr:postcode' v='66-400' />
    <tag k='addr:street' v='Sikorskiego' />
    <tag k='brand' v='Loombard' />
    <tag k='brand:wikidata' v='Q113227799' />
    <tag k='name' v='Loombard' />
    <tag k='operator' v='Lombard Gold sp. z o.o.' />
    <tag k='operator:ref:rdl_knf' v='RDL000097' />
    <tag k='shop' v='pawnbroker' />
    <tag k='source:shop' v='Rejestr działalności lombardowej KNF' />
  </node>
  <node id='-1001350' visible='true' version='1' lat='52.7648484' lon='15.2666513'>
    <tag k='addr:city' v='Gorzów Wielkopolski' />
    <tag k='addr:housenumber' v='76B' />
    <tag k='addr:postcode' v='66-400' />
    <tag k='addr:street' v='Obrońców Pokoju' />
    <tag k='brand' v='Loombard' />
    <tag k='brand:wikidata' v='Q113227799' />
    <tag k='name' v='Loombard' />
    <tag k='operator' v='Lombard Gold sp. z o.o.' />
    <tag k='operator:ref:rdl_knf' v='RDL000097' />
    <tag k='shop' v='pawnbroker' />
    <tag k='source:shop' v='Rejestr działalności lombardowej KNF' />
  </node>
  <node id='-1001351' visible='true' version='1' lat='52.7283028' lon='15.2282116'>
    <tag k='add:flat' v='2' />
    <tag k='addr:city' v='Gorzów Wielkopolski' />
    <tag k='addr:housenumber' v='9' />
    <tag k='addr:postcode' v='66-400' />
    <tag k='addr:street' v='Dworcowa' />
    <tag k='brand' v='Loombard' />
    <tag k='brand:wikidata' v='Q113227799' />
    <tag k='name' v='Loombard' />
    <tag k='operator' v='Lombard Gold sp. z o.o.' />
    <tag k='operator:ref:rdl_knf' v='RDL000097' />
    <tag k='shop' v='pawnbroker' />
    <tag k='source:shop' v='Rejestr działalności lombardowej KNF' />
  </node>
  <node id='-1001352' visible='true' version='1' lat='52.7356251' lon='15.2372273'>
    <tag k='add:flat' v='4' />
    <tag k='addr:city' v='Gorzów Wielkopolski' />
    <tag k='addr:housenumber' v='15A' />
    <tag k='addr:postcode' v='66-400' />
    <tag k='addr:street' v='30 Stycznia' />
    <tag k='brand' v='Loombard' />
    <tag k='brand:wikidata' v='Q113227799' />
    <tag k='name' v='Loombard' />
    <tag k='operator' v='Lombard Gold sp. z o.o.' />
    <tag k='operator:ref:rdl_knf' v='RDL000097' />
    <tag k='shop' v='pawnbroker' />
    <tag k='source:shop' v='Rejestr działalności lombardowej KNF' />
  </node>
  <node id='-1001353' visible='true' version='1' lat='52.4292441' lon='19.4606421'>
    <tag k='addr:city' v='Gostynin' />
    <tag k='addr:housenumber' v='20' />
    <tag k='addr:postcode' v='09-500' />
    <tag k='addr:street' v='Rynek' />
    <tag k='brand' v='Loombard' />
    <tag k='brand:wikidata' v='Q113227799' />
    <tag k='name' v='Loombard' />
    <tag k='operator' v='Lombard Gold sp. z o.o.' />
    <tag k='operator:ref:rdl_knf' v='RDL000097' />
    <tag k='shop' v='pawnbroker' />
    <tag k='source:shop' v='Rejestr działalności lombardowej KNF' />
  </node>
  <node id='-1001354' visible='true' version='1' lat='51.87861' lon='17.01161'>
    <tag k='addr:city' v='Gostyń' />
    <tag k='addr:housenumber' v='2' />
    <tag k='addr:postcode' v='63-800' />
    <tag k='addr:street' v='Powstańców Wielkopolskich' />
    <tag k='brand' v='Loombard' />
    <tag k='brand:wikidata' v='Q113227799' />
    <tag k='name' v='Loombard' />
    <tag k='operator' v='Lombard Gold sp. z o.o.' />
    <tag k='operator:ref:rdl_knf' v='RDL000097' />
    <tag k='shop' v='pawnbroker' />
    <tag k='source:shop' v='Rejestr działalności lombardowej KNF' />
  </node>
  <node id='-1001355' visible='true' version='1' lat='51.66817' lon='16.53605'>
    <tag k='addr:city' v='Góra' />
    <tag k='addr:housenumber' v='1A' />
    <tag k='addr:postcode' v='56-200' />
    <tag k='addr:street' v='Głogowska' />
    <tag k='brand' v='Loombard' />
    <tag k='brand:wikidata' v='Q113227799' />
    <tag k='name' v='Loombard' />
    <tag k='operator' v='Lombard Gold sp. z o.o.' />
    <tag k='operator:ref:rdl_knf' v='RDL000097' />
    <tag k='shop' v='pawnbroker' />
    <tag k='source:shop' v='Rejestr działalności lombardowej KNF' />
  </node>
  <node id='-1001356' visible='true' version='1' lat='50.80508' lon='23.89189'>
    <tag k='addr:city' v='Hrubieszów' />
    <tag k='addr:housenumber' v='70' />
    <tag k='addr:postcode' v='22-500' />
    <tag k='addr:street' v='Rynek' />
    <tag k='brand' v='Loombard' />
    <tag k='brand:wikidata' v='Q113227799' />
    <tag k='name' v='Loombard' />
    <tag k='operator' v='Lombard Gold sp. z o.o.' />
    <tag k='operator:ref:rdl_knf' v='RDL000097' />
    <tag k='shop' v='pawnbroker' />
    <tag k='source:shop' v='Rejestr działalności lombardowej KNF' />
  </node>
  <node id='-1001357' visible='true' version='1' lat='53.595393' lon='19.5706341'>
    <tag k='add:flat' v='3A' />
    <tag k='addr:city' v='Iława' />
    <tag k='addr:housenumber' v='3' />
    <tag k='addr:postcode' v='14-200' />
    <tag k='addr:street' v='Kościuszki' />
    <tag k='brand' v='Loombard' />
    <tag k='brand:wikidata' v='Q113227799' />
    <tag k='name' v='Loombard' />
    <tag k='operator' v='Lombard Gold sp. z o.o.' />
    <tag k='operator:ref:rdl_knf' v='RDL000097' />
    <tag k='shop' v='pawnbroker' />
    <tag k='source:shop' v='Rejestr działalności lombardowej KNF' />
  </node>
  <node id='-1001358' visible='true' version='1' lat='50.0166328' lon='22.6794499'>
    <tag k='addr:city' v='Jarosław' />
    <tag k='addr:housenumber' v='16' />
    <tag k='addr:postcode' v='37-500' />
    <tag k='addr:street' v='Grunwaldzka' />
    <tag k='brand' v='Loombard' />
    <tag k='brand:wikidata' v='Q113227799' />
    <tag k='name' v='Loombard' />
    <tag k='operator' v='Lombard Gold sp. z o.o.' />
    <tag k='operator:ref:rdl_knf' v='RDL000097' />
    <tag k='shop' v='pawnbroker' />
    <tag k='source:shop' v='Rejestr działalności lombardowej KNF' />
  </node>
  <node id='-1001359' visible='true' version='1' lat='49.7467067' lon='21.4734966'>
    <tag k='addr:city' v='Jasło' />
    <tag k='addr:housenumber' v='4' />
    <tag k='addr:postcode' v='38-200' />
    <tag k='addr:street' v='Kościuszki' />
    <tag k='brand' v='Loombard' />
    <tag k='brand:wikidata' v='Q113227799' />
    <tag k='name' v='Loombard' />
    <tag k='operator' v='Lombard Gold sp. z o.o.' />
    <tag k='operator:ref:rdl_knf' v='RDL000097' />
    <tag k='shop' v='pawnbroker' />
    <tag k='source:shop' v='Rejestr działalności lombardowej KNF' />
  </node>
  <node id='-1001360' visible='true' version='1' lat='50.1976461' lon='19.2790438'>
    <tag k='add:flat' v='64' />
    <tag k='addr:city' v='Jaworzno' />
    <tag k='addr:housenumber' v='47' />
    <tag k='addr:postcode' v='43-600' />
    <tag k='addr:street' v='Grunwaldzka' />
    <tag k='brand' v='Loombard' />
    <tag k='brand:wikidata' v='Q113227799' />
    <tag k='name' v='Loombard' />
    <tag k='operator' v='Lombard Gold sp. z o.o.' />
    <tag k='operator:ref:rdl_knf' v='RDL000097' />
    <tag k='shop' v='pawnbroker' />
    <tag k='source:shop' v='Rejestr działalności lombardowej KNF' />
  </node>
  <node id='-1001361' visible='true' version='1' lat='50.2094434' lon='19.2493164'>
    <tag k='addr:city' v='Jaworzno' />
    <tag k='addr:housenumber' v='27' />
    <tag k='addr:postcode' v='43-600' />
    <tag k='addr:street' v='Piłsudskiego' />
    <tag k='brand' v='Loombard' />
    <tag k='brand:wikidata' v='Q113227799' />
    <tag k='name' v='Loombard' />
    <tag k='operator' v='Lombard Gold sp. z o.o.' />
    <tag k='operator:ref:rdl_knf' v='RDL000097' />
    <tag k='shop' v='pawnbroker' />
    <tag k='source:shop' v='Rejestr działalności lombardowej KNF' />
  </node>
  <node id='-1001362' visible='true' version='1' lat='51.0298244' lon='16.7719711'>
    <tag k='addr:city' v='Kąty Wrocławskie' />
    <tag k='addr:housenumber' v='16' />
    <tag k='addr:postcode' v='55-080' />
    <tag k='addr:street' v='Rynek' />
    <tag k='brand' v='Loombard' />
    <tag k='brand:wikidata' v='Q113227799' />
    <tag k='name' v='Loombard' />
    <tag k='operator' v='Lombard Gold sp. z o.o.' />
    <tag k='operator:ref:rdl_knf' v='RDL000097' />
    <tag k='shop' v='pawnbroker' />
    <tag k='source:shop' v='Rejestr działalności lombardowej KNF' />
  </node>
  <node id='-1001363' visible='true' version='1' lat='54.0797247' lon='21.3686934'>
    <tag k='addr:city' v='Kętrzyn' />
    <tag k='addr:housenumber' v='40' />
    <tag k='addr:postcode' v='11-400' />
    <tag k='addr:street' v='Sikorskiego' />
    <tag k='brand' v='Loombard' />
    <tag k='brand:wikidata' v='Q113227799' />
    <tag k='name' v='Loombard' />
    <tag k='operator' v='Lombard Gold sp. z o.o.' />
    <tag k='operator:ref:rdl_knf' v='RDL000097' />
    <tag k='shop' v='pawnbroker' />
    <tag k='source:shop' v='Rejestr działalności lombardowej KNF' />
  </node>
  <node id='-1001364' visible='true' version='1' lat='50.4365669' lon='16.6475442'>
    <tag k='add:flat' v='2' />
    <tag k='addr:city' v='Kłodzko' />
    <tag k='addr:housenumber' v='3' />
    <tag k='addr:postcode' v='57-300' />
    <tag k='addr:street' v='Jana Pawła Ii' />
    <tag k='brand' v='Loombard' />
    <tag k='brand:wikidata' v='Q113227799' />
    <tag k='name' v='Loombard' />
    <tag k='operator' v='Lombard Gold sp. z o.o.' />
    <tag k='operator:ref:rdl_knf' v='RDL000097' />
    <tag k='shop' v='pawnbroker' />
    <tag k='source:shop' v='Rejestr działalności lombardowej KNF' />
  </node>
  <node id='-1001365' visible='true' version='1' lat='50.4383562' lon='16.6527971'>
    <tag k='addr:city' v='Kłodzko' />
    <tag k='addr:housenumber' v='2' />
    <tag k='addr:postcode' v='57-300' />
    <tag k='addr:street' v='Kościelna' />
    <tag k='brand' v='Loombard' />
    <tag k='brand:wikidata' v='Q113227799' />
    <tag k='name' v='Loombard' />
    <tag k='operator' v='Lombard Gold sp. z o.o.' />
    <tag k='operator:ref:rdl_knf' v='RDL000097' />
    <tag k='shop' v='pawnbroker' />
    <tag k='source:shop' v='Rejestr działalności lombardowej KNF' />
  </node>
  <node id='-1001366' visible='true' version='1' lat='50.012181' lon='19.9543068'>
    <tag k='addr:city' v='Kraków' />
    <tag k='addr:housenumber' v='39' />
    <tag k='addr:postcode' v='30-612' />
    <tag k='addr:street' v='Wincentego Witosa' />
    <tag k='brand' v='Loombard' />
    <tag k='brand:wikidata' v='Q113227799' />
    <tag k='name' v='Loombard' />
    <tag k='operator' v='Lombard Gold sp. z o.o.' />
    <tag k='operator:ref:rdl_knf' v='RDL000097' />
    <tag k='shop' v='pawnbroker' />
    <tag k='source:shop' v='Rejestr działalności lombardowej KNF' />
  </node>
  <node id='-1001367' visible='true' version='1' lat='50.985092' lon='23.1741394'>
    <tag k='addr:city' v='Krasnystaw' />
    <tag k='addr:housenumber' v='8A' />
    <tag k='addr:postcode' v='22-300' />
    <tag k='addr:street' v='Zamkowa' />
    <tag k='brand' v='Loombard' />
    <tag k='brand:wikidata' v='Q113227799' />
    <tag k='name' v='Loombard' />
    <tag k='operator' v='Lombard Gold sp. z o.o.' />
    <tag k='operator:ref:rdl_knf' v='RDL000097' />
    <tag k='shop' v='pawnbroker' />
    <tag k='source:shop' v='Rejestr działalności lombardowej KNF' />
  </node>
  <node id='-1001368' visible='true' version='1' lat='50.9269849' lon='22.2256787'>
    <tag k='addr:city' v='Kraśnik' />
    <tag k='addr:housenumber' v='14B' />
    <tag k='addr:postcode' v='23-200' />
    <tag k='addr:street' v='Urzędowska' />
    <tag k='brand' v='Loombard' />
    <tag k='brand:wikidata' v='Q113227799' />
    <tag k='name' v='Loombard' />
    <tag k='operator' v='Lombard Gold sp. z o.o.' />
    <tag k='operator:ref:rdl_knf' v='RDL000097' />
    <tag k='shop' v='pawnbroker' />
    <tag k='source:shop' v='Rejestr działalności lombardowej KNF' />
  </node>
  <node id='-1001369' visible='true' version='1' lat='52.23293' lon='19.3590878'>
    <tag k='addr:city' v='Kutno' />
    <tag k='addr:housenumber' v='47' />
    <tag k='addr:postcode' v='99-300' />
    <tag k='addr:street' v='Norberta Barlickiego' />
    <tag k='brand' v='Loombard' />
    <tag k='brand:wikidata' v='Q113227799' />
    <tag k='name' v='Loombard' />
    <tag k='operator' v='Lombard Gold sp. z o.o.' />
    <tag k='operator:ref:rdl_knf' v='RDL000097' />
    <tag k='shop' v='pawnbroker' />
    <tag k='source:shop' v='Rejestr działalności lombardowej KNF' />
  </node>
  <node id='-1001370' visible='true' version='1' lat='54.1256223' lon='20.5788795'>
    <tag k='addr:city' v='Lidzbark Warmiński' />
    <tag k='addr:housenumber' v='8' />
    <tag k='addr:postcode' v='11-100' />
    <tag k='addr:street' v='Kasprowicza' />
    <tag k='brand' v='Loombard' />
    <tag k='brand:wikidata' v='Q113227799' />
    <tag k='name' v='Loombard' />
    <tag k='operator' v='Lombard Gold sp. z o.o.' />
    <tag k='operator:ref:rdl_knf' v='RDL000097' />
    <tag k='shop' v='pawnbroker' />
    <tag k='source:shop' v='Rejestr działalności lombardowej KNF' />
  </node>
  <node id='-1001371' visible='true' version='1' lat='52.8487037' lon='19.1770815'>
    <tag k='addr:city' v='Lipno' />
    <tag k='addr:housenumber' v='9' />
    <tag k='addr:postcode' v='87-600' />
    <tag k='addr:street' v='3 Maja' />
    <tag k='brand' v='Loombard' />
    <tag k='brand:wikidata' v='Q113227799' />
    <tag k='name' v='Loombard' />
    <tag k='operator' v='Lombard Gold sp. z o.o.' />
    <tag k='operator:ref:rdl_knf' v='RDL000097' />
    <tag k='shop' v='pawnbroker' />
    <tag k='source:shop' v='Rejestr działalności lombardowej KNF' />
  </node>
  <node id='-1001372' visible='true' version='1' lat='51.118' lon='15.28884'>
    <tag k='addr:city' v='Lubań' />
    <tag k='addr:housenumber' v='6' />
    <tag k='addr:postcode' v='59-800' />
    <tag k='addr:street' v='Plac 3 Maja' />
    <tag k='brand' v='Loombard' />
    <tag k='brand:wikidata' v='Q113227799' />
    <tag k='name' v='Loombard' />
    <tag k='operator' v='Lombard Gold sp. z o.o.' />
    <tag k='operator:ref:rdl_knf' v='RDL000097' />
    <tag k='shop' v='pawnbroker' />
    <tag k='source:shop' v='Rejestr działalności lombardowej KNF' />
  </node>
  <node id='-1001373' visible='true' version='1' lat='51.46502' lon='22.60731'>
    <tag k='addr:city' v='Lubartów' />
    <tag k='addr:housenumber' v='5B' />
    <tag k='addr:postcode' v='21-100' />
    <tag k='addr:street' v='Słowackiego' />
    <tag k='brand' v='Loombard' />
    <tag k='brand:wikidata' v='Q113227799' />
    <tag k='name' v='Loombard' />
    <tag k='operator' v='Lombard Gold sp. z o.o.' />
    <tag k='operator:ref:rdl_knf' v='RDL000097' />
    <tag k='shop' v='pawnbroker' />
    <tag k='source:shop' v='Rejestr działalności lombardowej KNF' />
  </node>
  <node id='-1001374' visible='true' version='1' lat='53.5047218' lon='19.7518886'>
    <tag k='addr:city' v='Lubawa' />
    <tag k='addr:housenumber' v='16' />
    <tag k='addr:postcode' v='14-260' />
    <tag k='addr:street' v='Zamkowa' />
    <tag k='brand' v='Loombard' />
    <tag k='brand:wikidata' v='Q113227799' />
    <tag k='name' v='Loombard' />
    <tag k='operator' v='Lombard Gold sp. z o.o.' />
    <tag k='operator:ref:rdl_knf' v='RDL000097' />
    <tag k='shop' v='pawnbroker' />
    <tag k='source:shop' v='Rejestr działalności lombardowej KNF' />
  </node>
  <node id='-1001375' visible='true' version='1' lat='51.210455' lon='22.5443743'>
    <tag k='addr:city' v='Lublin' />
    <tag k='addr:housenumber' v='108' />
    <tag k='addr:postcode' v='20-470' />
    <tag k='addr:street' v='Nałkowskich' />
    <tag k='brand' v='Loombard' />
    <tag k='brand:wikidata' v='Q113227799' />
    <tag k='name' v='Loombard' />
    <tag k='operator' v='Lombard Gold sp. z o.o.' />
    <tag k='operator:ref:rdl_knf' v='RDL000097' />
    <tag k='shop' v='pawnbroker' />
    <tag k='source:shop' v='Rejestr działalności lombardowej KNF' />
  </node>
  <node id='-1001376' visible='true' version='1' lat='51.2408875' lon='22.5173404'>
    <tag k='addr:city' v='Lublin' />
    <tag k='addr:housenumber' v='3A' />
    <tag k='addr:postcode' v='20-625' />
    <tag k='addr:street' v='Leonarda' />
    <tag k='brand' v='Loombard' />
    <tag k='brand:wikidata' v='Q113227799' />
    <tag k='name' v='Loombard' />
    <tag k='operator' v='Lombard Gold sp. z o.o.' />
    <tag k='operator:ref:rdl_knf' v='RDL000097' />
    <tag k='shop' v='pawnbroker' />
    <tag k='source:shop' v='Rejestr działalności lombardowej KNF' />
  </node>
  <node id='-1001377' visible='true' version='1' lat='51.226532' lon='22.5726883'>
    <tag k='addr:city' v='Lublin' />
    <tag k='addr:housenumber' v='53' />
    <tag k='addr:postcode' v='20-422' />
    <tag k='addr:street' v='Kunickiego' />
    <tag k='brand' v='Loombard' />
    <tag k='brand:wikidata' v='Q113227799' />
    <tag k='name' v='Loombard' />
    <tag k='operator' v='Lombard Gold sp. z o.o.' />
    <tag k='operator:ref:rdl_knf' v='RDL000097' />
    <tag k='shop' v='pawnbroker' />
    <tag k='source:shop' v='Rejestr działalności lombardowej KNF' />
  </node>
  <node id='-1001378' visible='true' version='1' lat='51.2331564' lon='22.5691086'>
    <tag k='addr:city' v='Lublin' />
    <tag k='addr:housenumber' v='47' />
    <tag k='addr:postcode' v='20-410' />
    <tag k='addr:street' v='1 Maja' />
    <tag k='brand' v='Loombard' />
    <tag k='brand:wikidata' v='Q113227799' />
    <tag k='name' v='Loombard' />
    <tag k='operator' v='Lombard Gold sp. z o.o.' />
    <tag k='operator:ref:rdl_knf' v='RDL000097' />
    <tag k='shop' v='pawnbroker' />
    <tag k='source:shop' v='Rejestr działalności lombardowej KNF' />
  </node>
  <node id='-1001379' visible='true' version='1' lat='51.2306205' lon='22.5908308'>
    <tag k='addr:city' v='Lublin' />
    <tag k='addr:housenumber' v='103' />
    <tag k='addr:postcode' v='20-338' />
    <tag k='addr:street' v='Krańcowa' />
    <tag k='brand' v='Loombard' />
    <tag k='brand:wikidata' v='Q113227799' />
    <tag k='name' v='Loombard' />
    <tag k='operator' v='Lombard Gold sp. z o.o.' />
    <tag k='operator:ref:rdl_knf' v='RDL000097' />
    <tag k='shop' v='pawnbroker' />
    <tag k='source:shop' v='Rejestr działalności lombardowej KNF' />
  </node>
  <node id='-1001380' visible='true' version='1' lat='51.244095' lon='22.5526021'>
    <tag k='add:flat' v='3' />
    <tag k='addr:city' v='Lublin' />
    <tag k='addr:housenumber' v='11' />
    <tag k='addr:postcode' v='20-020' />
    <tag k='addr:street' v='Lipowa' />
    <tag k='brand' v='Loombard' />
    <tag k='brand:wikidata' v='Q113227799' />
    <tag k='name' v='Loombard' />
    <tag k='operator' v='Lombard Gold sp. z o.o.' />
    <tag k='operator:ref:rdl_knf' v='RDL000097' />
    <tag k='shop' v='pawnbroker' />
    <tag k='source:shop' v='Rejestr działalności lombardowej KNF' />
  </node>
  <node id='-1001381' visible='true' version='1' lat='51.2472126' lon='22.559779'>
    <tag k='addr:city' v='Lublin' />
    <tag k='addr:housenumber' v='3' />
    <tag k='addr:postcode' v='20-006' />
    <tag k='addr:street' v='Kościuszki' />
    <tag k='brand' v='Loombard' />
    <tag k='brand:wikidata' v='Q113227799' />
    <tag k='name' v='Loombard' />
    <tag k='operator' v='Lombard Gold sp. z o.o.' />
    <tag k='operator:ref:rdl_knf' v='RDL000097' />
    <tag k='shop' v='pawnbroker' />
    <tag k='source:shop' v='Rejestr działalności lombardowej KNF' />
  </node>
  <node id='-1001382' visible='true' version='1' lat='51.2527474' lon='22.568395'>
    <tag k='addr:city' v='Lublin' />
    <tag k='addr:housenumber' v='26' />
    <tag k='addr:postcode' v='20-085' />
    <tag k='addr:street' v='Lubartowska' />
    <tag k='brand' v='Loombard' />
    <tag k='brand:wikidata' v='Q113227799' />
    <tag k='name' v='Loombard' />
    <tag k='operator' v='Lombard Gold sp. z o.o.' />
    <tag k='operator:ref:rdl_knf' v='RDL000097' />
    <tag k='shop' v='pawnbroker' />
    <tag k='source:shop' v='Rejestr działalności lombardowej KNF' />
  </node>
  <node id='-1001383' visible='true' version='1' lat='51.300642' lon='22.8869871'>
    <tag k='addr:city' v='Łęczna' />
    <tag k='addr:housenumber' v='7' />
    <tag k='addr:postcode' v='21-010' />
    <tag k='addr:street' v='Targowa' />
    <tag k='brand' v='Loombard' />
    <tag k='brand:wikidata' v='Q113227799' />
    <tag k='name' v='Loombard' />
    <tag k='operator' v='Lombard Gold sp. z o.o.' />
    <tag k='operator:ref:rdl_knf' v='RDL000097' />
    <tag k='shop' v='pawnbroker' />
    <tag k='source:shop' v='Rejestr działalności lombardowej KNF' />
  </node>
  <node id='-1001384' visible='true' version='1' lat='52.4450348' lon='15.5783851'>
    <tag k='addr:city' v='Międzyrzecz' />
    <tag k='addr:housenumber' v='12' />
    <tag k='addr:postcode' v='66-300' />
    <tag k='addr:street' v='Kazimierza Wielkiego' />
    <tag k='brand' v='Loombard' />
    <tag k='brand:wikidata' v='Q113227799' />
    <tag k='name' v='Loombard' />
    <tag k='operator' v='Lombard Gold sp. z o.o.' />
    <tag k='operator:ref:rdl_knf' v='RDL000097' />
    <tag k='shop' v='pawnbroker' />
    <tag k='source:shop' v='Rejestr działalności lombardowej KNF' />
  </node>
  <node id='-1001385' visible='true' version='1' lat='53.1135568' lon='20.3794793'>
    <tag k='add:flat' v='1' />
    <tag k='addr:city' v='Mława' />
    <tag k='addr:housenumber' v='5' />
    <tag k='addr:postcode' v='06-500' />
    <tag k='addr:street' v='Żeromskiego' />
    <tag k='brand' v='Loombard' />
    <tag k='brand:wikidata' v='Q113227799' />
    <tag k='name' v='Loombard' />
    <tag k='operator' v='Lombard Gold sp. z o.o.' />
    <tag k='operator:ref:rdl_knf' v='RDL000097' />
    <tag k='shop' v='pawnbroker' />
    <tag k='source:shop' v='Rejestr działalności lombardowej KNF' />
  </node>
  <node id='-1001386' visible='true' version='1' lat='53.9144744' lon='19.9252871'>
    <tag k='addr:city' v='Morąg' />
    <tag k='addr:housenumber' v='12F' />
    <tag k='addr:postcode' v='14-300' />
    <tag k='addr:street' v='Mickiewicza' />
    <tag k='brand' v='Loombard' />
    <tag k='brand:wikidata' v='Q113227799' />
    <tag k='name' v='Loombard' />
    <tag k='operator' v='Lombard Gold sp. z o.o.' />
    <tag k='operator:ref:rdl_knf' v='RDL000097' />
    <tag k='shop' v='pawnbroker' />
    <tag k='source:shop' v='Rejestr działalności lombardowej KNF' />
  </node>
  <node id='-1001387' visible='true' version='1' lat='50.2447135' lon='19.1372938'>
    <tag k='addr:city' v='Mysłowice' />
    <tag k='addr:housenumber' v='1' />
    <tag k='addr:postcode' v='41-400' />
    <tag k='addr:street' v='Żwirki I Wigury' />
    <tag k='brand' v='Loombard' />
    <tag k='brand:wikidata' v='Q113227799' />
    <tag k='name' v='Loombard' />
    <tag k='operator' v='Lombard Gold sp. z o.o.' />
    <tag k='operator:ref:rdl_knf' v='RDL000097' />
    <tag k='shop' v='pawnbroker' />
    <tag k='source:shop' v='Rejestr działalności lombardowej KNF' />
  </node>
  <node id='-1001388' visible='true' version='1' lat='50.2412643' lon='19.1364397'>
    <tag k='addr:city' v='Mysłowice' />
    <tag k='addr:housenumber' v='9' />
    <tag k='addr:postcode' v='41-400' />
    <tag k='addr:street' v='Katowicka' />
    <tag k='brand' v='Loombard' />
    <tag k='brand:wikidata' v='Q113227799' />
    <tag k='name' v='Loombard' />
    <tag k='operator' v='Lombard Gold sp. z o.o.' />
    <tag k='operator:ref:rdl_knf' v='RDL000097' />
    <tag k='shop' v='pawnbroker' />
    <tag k='source:shop' v='Rejestr działalności lombardowej KNF' />
  </node>
  <node id='-1001389' visible='true' version='1' lat='50.5753038' lon='19.3272463'>
    <tag k='addr:city' v='Myszków' />
    <tag k='addr:housenumber' v='43' />
    <tag k='addr:postcode' v='42-300' />
    <tag k='addr:street' v='Kościuszki' />
    <tag k='brand' v='Loombard' />
    <tag k='brand:wikidata' v='Q113227799' />
    <tag k='name' v='Loombard' />
    <tag k='operator' v='Lombard Gold sp. z o.o.' />
    <tag k='operator:ref:rdl_knf' v='RDL000097' />
    <tag k='shop' v='pawnbroker' />
    <tag k='source:shop' v='Rejestr działalności lombardowej KNF' />
  </node>
  <node id='-1001390' visible='true' version='1' lat='49.8331688' lon='19.9351029'>
    <tag k='addr:city' v='Myślenice' />
    <tag k='addr:housenumber' v='10' />
    <tag k='addr:postcode' v='32-400' />
    <tag k='addr:street' v='3 Maja' />
    <tag k='brand' v='Loombard' />
    <tag k='brand:wikidata' v='Q113227799' />
    <tag k='name' v='Loombard' />
    <tag k='operator' v='Lombard Gold sp. z o.o.' />
    <tag k='operator:ref:rdl_knf' v='RDL000097' />
    <tag k='shop' v='pawnbroker' />
    <tag k='source:shop' v='Rejestr działalności lombardowej KNF' />
  </node>
  <node id='-1001391' visible='true' version='1' lat='53.3600052' lon='20.4306993'>
    <tag k='add:flat' v='2' />
    <tag k='addr:city' v='Nidzica' />
    <tag k='addr:housenumber' v='1A' />
    <tag k='addr:postcode' v='13-100' />
    <tag k='addr:street' v='Mickiewicza' />
    <tag k='brand' v='Loombard' />
    <tag k='brand:wikidata' v='Q113227799' />
    <tag k='name' v='Loombard' />
    <tag k='operator' v='Lombard Gold sp. z o.o.' />
    <tag k='operator:ref:rdl_knf' v='RDL000097' />
    <tag k='shop' v='pawnbroker' />
    <tag k='source:shop' v='Rejestr działalności lombardowej KNF' />
  </node>
  <node id='-1001392' visible='true' version='1' lat='53.4266627' lon='19.590852'>
    <tag k='addr:city' v='Nowe Miasto Lubawskie' />
    <tag k='addr:housenumber' v='2A' />
    <tag k='addr:postcode' v='13-300' />
    <tag k='addr:street' v='Tysiąclecia' />
    <tag k='brand' v='Loombard' />
    <tag k='brand:wikidata' v='Q113227799' />
    <tag k='name' v='Loombard' />
    <tag k='operator' v='Lombard Gold sp. z o.o.' />
    <tag k='operator:ref:rdl_knf' v='RDL000097' />
    <tag k='shop' v='pawnbroker' />
    <tag k='source:shop' v='Rejestr działalności lombardowej KNF' />
  </node>
  <node id='-1001393' visible='true' version='1' lat='51.3016728' lon='16.9147504'>
    <tag k='addr:city' v='Oborniki Śląskie' />
    <tag k='addr:housenumber' v='64' />
    <tag k='addr:postcode' v='55-120' />
    <tag k='addr:street' v='Dworcowa' />
    <tag k='brand' v='Loombard' />
    <tag k='brand:wikidata' v='Q113227799' />
    <tag k='name' v='Loombard' />
    <tag k='operator' v='Lombard Gold sp. z o.o.' />
    <tag k='operator:ref:rdl_knf' v='RDL000097' />
    <tag k='shop' v='pawnbroker' />
    <tag k='source:shop' v='Rejestr działalności lombardowej KNF' />
  </node>
  <node id='-1001394' visible='true' version='1' lat='51.2089802' lon='17.3842097'>
    <tag k='addr:city' v='Oleśnica' />
    <tag k='addr:housenumber' v='5' />
    <tag k='addr:postcode' v='56-400' />
    <tag k='addr:street' v='Lwowska' />
    <tag k='brand' v='Loombard' />
    <tag k='brand:wikidata' v='Q113227799' />
    <tag k='name' v='Loombard' />
    <tag k='operator' v='Lombard Gold sp. z o.o.' />
    <tag k='operator:ref:rdl_knf' v='RDL000097' />
    <tag k='shop' v='pawnbroker' />
    <tag k='source:shop' v='Rejestr działalności lombardowej KNF' />
  </node>
  <node id='-1001395' visible='true' version='1' lat='51.2081038' lon='17.4187196'>
    <tag k='addr:city' v='Oleśnica' />
    <tag k='addr:housenumber' v='2' />
    <tag k='addr:postcode' v='56-400' />
    <tag k='addr:street' v='Wileńska' />
    <tag k='brand' v='Loombard' />
    <tag k='brand:wikidata' v='Q113227799' />
    <tag k='name' v='Loombard' />
    <tag k='operator' v='Lombard Gold sp. z o.o.' />
    <tag k='operator:ref:rdl_knf' v='RDL000097' />
    <tag k='shop' v='pawnbroker' />
    <tag k='source:shop' v='Rejestr działalności lombardowej KNF' />
  </node>
  <node id='-1001396' visible='true' version='1' lat='53.7815385' lon='20.4870886'>
    <tag k='add:flat' v='11' />
    <tag k='addr:city' v='Olsztyn' />
    <tag k='addr:housenumber' v='18' />
    <tag k='addr:postcode' v='10-541' />
    <tag k='addr:street' v='Dąbrowszczaków' />
    <tag k='brand' v='Loombard' />
    <tag k='brand:wikidata' v='Q113227799' />
    <tag k='name' v='Loombard' />
    <tag k='operator' v='Lombard Gold sp. z o.o.' />
    <tag k='operator:ref:rdl_knf' v='RDL000097' />
    <tag k='shop' v='pawnbroker' />
    <tag k='source:shop' v='Rejestr działalności lombardowej KNF' />
  </node>
  <node id='-1001397' visible='true' version='1' lat='53.7946642' lon='20.481134'>
    <tag k='addr:city' v='Olsztyn' />
    <tag k='addr:housenumber' v='71' />
    <tag k='addr:postcode' v='10-230' />
    <tag k='addr:street' v='Wojska Polskiego' />
    <tag k='brand' v='Loombard' />
    <tag k='brand:wikidata' v='Q113227799' />
    <tag k='name' v='Loombard' />
    <tag k='operator' v='Lombard Gold sp. z o.o.' />
    <tag k='operator:ref:rdl_knf' v='RDL000097' />
    <tag k='shop' v='pawnbroker' />
    <tag k='source:shop' v='Rejestr działalności lombardowej KNF' />
  </node>
  <node id='-1001398' visible='true' version='1' lat='53.7789773' lon='20.4816551'>
    <tag k='addr:city' v='Olsztyn' />
    <tag k='addr:housenumber' v='7' />
    <tag k='addr:postcode' v='10-900' />
    <tag k='addr:street' v='Mrongowiusza' />
    <tag k='brand' v='Loombard' />
    <tag k='brand:wikidata' v='Q113227799' />
    <tag k='name' v='Loombard' />
    <tag k='operator' v='Lombard Gold sp. z o.o.' />
    <tag k='operator:ref:rdl_knf' v='RDL000097' />
    <tag k='shop' v='pawnbroker' />
    <tag k='source:shop' v='Rejestr działalności lombardowej KNF' />
  </node>
  <node id='-1001399' visible='true' version='1' lat='53.7399858' lon='20.4966522'>
    <tag k='addr:city' v='Olsztyn' />
    <tag k='addr:housenumber' v='3K' />
    <tag k='addr:postcode' v='10-692' />
    <tag k='addr:street' v='Janowicza' />
    <tag k='brand' v='Loombard' />
    <tag k='brand:wikidata' v='Q113227799' />
    <tag k='name' v='Loombard' />
    <tag k='operator' v='Lombard Gold sp. z o.o.' />
    <tag k='operator:ref:rdl_knf' v='RDL000097' />
    <tag k='shop' v='pawnbroker' />
    <tag k='source:shop' v='Rejestr działalności lombardowej KNF' />
  </node>
  <node id='-1001400' visible='true' version='1' lat='53.6884269' lon='19.9850825'>
    <tag k='add:flat' v='2' />
    <tag k='addr:city' v='Ostróda' />
    <tag k='addr:housenumber' v='1' />
    <tag k='addr:postcode' v='14-100' />
    <tag k='addr:street' v='Grunwaldzka' />
    <tag k='brand' v='Loombard' />
    <tag k='brand:wikidata' v='Q113227799' />
    <tag k='name' v='Loombard' />
    <tag k='operator' v='Lombard Gold sp. z o.o.' />
    <tag k='operator:ref:rdl_knf' v='RDL000097' />
    <tag k='shop' v='pawnbroker' />
    <tag k='source:shop' v='Rejestr działalności lombardowej KNF' />
  </node>
  <node id='-1001401' visible='true' version='1' lat='52.5591016' lon='19.6863198'>
    <tag k='addr:city' v='Płock' />
    <tag k='addr:housenumber' v='3A' />
    <tag k='addr:postcode' v='09-400' />
    <tag k='addr:street' v='Batalionów Chłopskich' />
    <tag k='brand' v='Loombard' />
    <tag k='brand:wikidata' v='Q113227799' />
    <tag k='name' v='Loombard' />
    <tag k='operator' v='Lombard Gold sp. z o.o.' />
    <tag k='operator:ref:rdl_knf' v='RDL000097' />
    <tag k='shop' v='pawnbroker' />
    <tag k='source:shop' v='Rejestr działalności lombardowej KNF' />
  </node>
  <node id='-1001402' visible='true' version='1' lat='52.5495377' lon='19.6889835'>
    <tag k='addr:city' v='Płock' />
    <tag k='addr:housenumber' v='45' />
    <tag k='addr:postcode' v='09-400' />
    <tag k='addr:street' v='Bielska' />
    <tag k='brand' v='Loombard' />
    <tag k='brand:wikidata' v='Q113227799' />
    <tag k='name' v='Loombard' />
    <tag k='operator' v='Lombard Gold sp. z o.o.' />
    <tag k='operator:ref:rdl_knf' v='RDL000097' />
    <tag k='shop' v='pawnbroker' />
    <tag k='source:shop' v='Rejestr działalności lombardowej KNF' />
  </node>
  <node id='-1001403' visible='true' version='1' lat='52.548648' lon='19.7102052'>
    <tag k='addr:city' v='Płock' />
    <tag k='addr:housenumber' v='16' />
    <tag k='addr:postcode' v='09-402' />
    <tag k='addr:street' v='Dworcowa' />
    <tag k='brand' v='Loombard' />
    <tag k='brand:wikidata' v='Q113227799' />
    <tag k='name' v='Loombard' />
    <tag k='operator' v='Lombard Gold sp. z o.o.' />
    <tag k='operator:ref:rdl_knf' v='RDL000097' />
    <tag k='shop' v='pawnbroker' />
    <tag k='source:shop' v='Rejestr działalności lombardowej KNF' />
  </node>
  <node id='-1001404' visible='true' version='1' lat='52.5406505' lon='19.7011909'>
    <tag k='addr:city' v='Płock' />
    <tag k='addr:housenumber' v='33' />
    <tag k='addr:postcode' v='09-402' />
    <tag k='addr:street' v='Kolegialna' />
    <tag k='brand' v='Loombard' />
    <tag k='brand:wikidata' v='Q113227799' />
    <tag k='name' v='Loombard' />
    <tag k='operator' v='Lombard Gold sp. z o.o.' />
    <tag k='operator:ref:rdl_knf' v='RDL000097' />
    <tag k='shop' v='pawnbroker' />
    <tag k='source:shop' v='Rejestr działalności lombardowej KNF' />
  </node>
  <node id='-1001405' visible='true' version='1' lat='52.536694' lon='19.7615203'>
    <tag k='addr:city' v='Płock' />
    <tag k='addr:housenumber' v='4' />
    <tag k='addr:postcode' v='09-410' />
    <tag k='addr:street' v='Armii Krajowej' />
    <tag k='brand' v='Loombard' />
    <tag k='brand:wikidata' v='Q113227799' />
    <tag k='name' v='Loombard' />
    <tag k='operator' v='Lombard Gold sp. z o.o.' />
    <tag k='operator:ref:rdl_knf' v='RDL000097' />
    <tag k='shop' v='pawnbroker' />
    <tag k='source:shop' v='Rejestr działalności lombardowej KNF' />
  </node>
  <node id='-1001406' visible='true' version='1' lat='52.4037324' lon='19.7439114'>
    <tag k='add:flat' v='26' />
    <tag k='addr:city' v='Płock' />
    <tag k='addr:housenumber' v='94' />
    <tag k='addr:postcode' v='09-410' />
    <tag k='addr:street' v='Jana Pawła Ii' />
    <tag k='brand' v='Loombard' />
    <tag k='brand:wikidata' v='Q113227799' />
    <tag k='name' v='Loombard' />
    <tag k='operator' v='Lombard Gold sp. z o.o.' />
    <tag k='operator:ref:rdl_knf' v='RDL000097' />
    <tag k='shop' v='pawnbroker' />
    <tag k='source:shop' v='Rejestr działalności lombardowej KNF' />
  </node>
  <node id='-1001407' visible='true' version='1' lat='52.5458505' lon='19.6908606'>
    <tag k='addr:city' v='Płock' />
    <tag k='addr:housenumber' v='36' />
    <tag k='addr:postcode' v='09-400' />
    <tag k='addr:street' v='Sienkiewicza' />
    <tag k='brand' v='Loombard' />
    <tag k='brand:wikidata' v='Q113227799' />
    <tag k='name' v='Loombard' />
    <tag k='operator' v='Lombard Gold sp. z o.o.' />
    <tag k='operator:ref:rdl_knf' v='RDL000097' />
    <tag k='shop' v='pawnbroker' />
    <tag k='source:shop' v='Rejestr działalności lombardowej KNF' />
  </node>
  <node id='-1001408' visible='true' version='1' lat='50.0592075' lon='22.4889311'>
    <tag k='addr:city' v='Przeworsk' />
    <tag k='addr:housenumber' v='25' />
    <tag k='addr:postcode' v='37-200' />
    <tag k='addr:street' v='Marii Konopnickiej' />
    <tag k='brand' v='Loombard' />
    <tag k='brand:wikidata' v='Q113227799' />
    <tag k='name' v='Loombard' />
    <tag k='operator' v='Lombard Gold sp. z o.o.' />
    <tag k='operator:ref:rdl_knf' v='RDL000097' />
    <tag k='shop' v='pawnbroker' />
    <tag k='source:shop' v='Rejestr działalności lombardowej KNF' />
  </node>
  <node id='-1001409' visible='true' version='1' lat='50.2931278' lon='18.8738462'>
    <tag k='add:flat' v='01' />
    <tag k='addr:city' v='Ruda Śląska' />
    <tag k='addr:housenumber' v='43' />
    <tag k='addr:postcode' v='41-709' />
    <tag k='addr:street' v='Niedurnego' />
    <tag k='brand' v='Loombard' />
    <tag k='brand:wikidata' v='Q113227799' />
    <tag k='name' v='Loombard' />
    <tag k='operator' v='Lombard Gold sp. z o.o.' />
    <tag k='operator:ref:rdl_knf' v='RDL000097' />
    <tag k='shop' v='pawnbroker' />
    <tag k='source:shop' v='Rejestr działalności lombardowej KNF' />
  </node>
  <node id='-1001410' visible='true' version='1' lat='53.06728' lon='19.40527'>
    <tag k='addr:city' v='Rypin' />
    <tag k='addr:housenumber' v='1' />
    <tag k='addr:postcode' v='87-500' />
    <tag k='addr:street' v='Gdańska' />
    <tag k='brand' v='Loombard' />
    <tag k='brand:wikidata' v='Q113227799' />
    <tag k='name' v='Loombard' />
    <tag k='operator' v='Lombard Gold sp. z o.o.' />
    <tag k='operator:ref:rdl_knf' v='RDL000097' />
    <tag k='shop' v='pawnbroker' />
    <tag k='source:shop' v='Rejestr działalności lombardowej KNF' />
  </node>
  <node id='-1001411' visible='true' version='1' lat='50.0421106' lon='22.0069022'>
    <tag k='add:flat' v='3' />
    <tag k='addr:city' v='Rzeszów' />
    <tag k='addr:housenumber' v='18' />
    <tag k='addr:postcode' v='35-005' />
    <tag k='addr:street' v='Grottgera' />
    <tag k='brand' v='Loombard' />
    <tag k='brand:wikidata' v='Q113227799' />
    <tag k='name' v='Loombard' />
    <tag k='operator' v='Lombard Gold sp. z o.o.' />
    <tag k='operator:ref:rdl_knf' v='RDL000097' />
    <tag k='shop' v='pawnbroker' />
    <tag k='source:shop' v='Rejestr działalności lombardowej KNF' />
  </node>
  <node id='-1001412' visible='true' version='1' lat='52.1703512' lon='22.2717566'>
    <tag k='addr:city' v='Siedlce' />
    <tag k='addr:housenumber' v='11' />
    <tag k='addr:postcode' v='08-110' />
    <tag k='addr:street' v='Wojskowa' />
    <tag k='brand' v='Loombard' />
    <tag k='brand:wikidata' v='Q113227799' />
    <tag k='name' v='Loombard' />
    <tag k='operator' v='Lombard Gold sp. z o.o.' />
    <tag k='operator:ref:rdl_knf' v='RDL000097' />
    <tag k='shop' v='pawnbroker' />
    <tag k='source:shop' v='Rejestr działalności lombardowej KNF' />
  </node>
  <node id='-1001413' visible='true' version='1' lat='52.1645834' lon='22.2756788'>
    <tag k='addr:city' v='Siedlce' />
    <tag k='addr:housenumber' v='22' />
    <tag k='addr:postcode' v='08-110' />
    <tag k='addr:street' v='Jana Kilińskiego' />
    <tag k='brand' v='Loombard' />
    <tag k='brand:wikidata' v='Q113227799' />
    <tag k='name' v='Loombard' />
    <tag k='operator' v='Lombard Gold sp. z o.o.' />
    <tag k='operator:ref:rdl_knf' v='RDL000097' />
    <tag k='shop' v='pawnbroker' />
    <tag k='source:shop' v='Rejestr działalności lombardowej KNF' />
  </node>
  <node id='-1001414' visible='true' version='1' lat='52.8553486' lon='19.668872'>
    <tag k='addr:city' v='Sierpc' />
    <tag k='addr:housenumber' v='12C' />
    <tag k='addr:postcode' v='09-200' />
    <tag k='addr:street' v='Płocka' />
    <tag k='brand' v='Loombard' />
    <tag k='brand:wikidata' v='Q113227799' />
    <tag k='name' v='Loombard' />
    <tag k='operator' v='Lombard Gold sp. z o.o.' />
    <tag k='operator:ref:rdl_knf' v='RDL000097' />
    <tag k='shop' v='pawnbroker' />
    <tag k='source:shop' v='Rejestr działalności lombardowej KNF' />
  </node>
  <node id='-1001415' visible='true' version='1' lat='52.5987786' lon='15.501159'>
    <tag k='add:flat' v='1' />
    <tag k='addr:city' v='Skwierzyna' />
    <tag k='addr:housenumber' v='27' />
    <tag k='addr:postcode' v='66-440' />
    <tag k='addr:street' v='Piłsudskiego' />
    <tag k='brand' v='Loombard' />
    <tag k='brand:wikidata' v='Q113227799' />
    <tag k='name' v='Loombard' />
    <tag k='operator' v='Lombard Gold sp. z o.o.' />
    <tag k='operator:ref:rdl_knf' v='RDL000097' />
    <tag k='shop' v='pawnbroker' />
    <tag k='source:shop' v='Rejestr działalności lombardowej KNF' />
  </node>
  <node id='-1001416' visible='true' version='1' lat='53.3382044' lon='15.0443532'>
    <tag k='add:flat' v='2' />
    <tag k='addr:city' v='Stargard' />
    <tag k='addr:housenumber' v='7' />
    <tag k='addr:postcode' v='73-110' />
    <tag k='addr:street' v='Grodzka' />
    <tag k='brand' v='Loombard' />
    <tag k='brand:wikidata' v='Q113227799' />
    <tag k='name' v='Loombard' />
    <tag k='operator' v='Lombard Gold sp. z o.o.' />
    <tag k='operator:ref:rdl_knf' v='RDL000097' />
    <tag k='shop' v='pawnbroker' />
    <tag k='source:shop' v='Rejestr działalności lombardowej KNF' />
  </node>
  <node id='-1001417' visible='true' version='1' lat='53.3471736' lon='15.0283764'>
    <tag k='add:flat' v='12' />
    <tag k='addr:city' v='Stargard' />
    <tag k='addr:housenumber' v='93' />
    <tag k='addr:postcode' v='73-110' />
    <tag k='addr:street' v='Piłsudskiego' />
    <tag k='brand' v='Loombard' />
    <tag k='brand:wikidata' v='Q113227799' />
    <tag k='name' v='Loombard' />
    <tag k='operator' v='Lombard Gold sp. z o.o.' />
    <tag k='operator:ref:rdl_knf' v='RDL000097' />
    <tag k='shop' v='pawnbroker' />
    <tag k='source:shop' v='Rejestr działalności lombardowej KNF' />
  </node>
  <node id='-1001418' visible='true' version='1' lat='53.3349104' lon='15.0229496'>
    <tag k='add:flat' v='1' />
    <tag k='addr:city' v='Stargard' />
    <tag k='addr:housenumber' v='30' />
    <tag k='addr:postcode' v='73-110' />
    <tag k='addr:street' v='Kościuszki' />
    <tag k='brand' v='Loombard' />
    <tag k='brand:wikidata' v='Q113227799' />
    <tag k='name' v='Loombard' />
    <tag k='operator' v='Lombard Gold sp. z o.o.' />
    <tag k='operator:ref:rdl_knf' v='RDL000097' />
    <tag k='shop' v='pawnbroker' />
    <tag k='source:shop' v='Rejestr działalności lombardowej KNF' />
  </node>
  <node id='-1001419' visible='true' version='1' lat='53.3386383' lon='15.0316716'>
    <tag k='addr:city' v='Stargard' />
    <tag k='addr:housenumber' v='22D' />
    <tag k='addr:postcode' v='73-110' />
    <tag k='addr:street' v='Wyszyńskiego' />
    <tag k='brand' v='Loombard' />
    <tag k='brand:wikidata' v='Q113227799' />
    <tag k='name' v='Loombard' />
    <tag k='operator' v='Lombard Gold sp. z o.o.' />
    <tag k='operator:ref:rdl_knf' v='RDL000097' />
    <tag k='shop' v='pawnbroker' />
    <tag k='source:shop' v='Rejestr działalności lombardowej KNF' />
  </node>
  <node id='-1001420' visible='true' version='1' lat='52.0814065' lon='15.6239613'>
    <tag k='addr:city' v='Sulechów' />
    <tag k='addr:housenumber' v='22' />
    <tag k='addr:postcode' v='66-100' />
    <tag k='addr:street' v='Armii Krajowej' />
    <tag k='brand' v='Loombard' />
    <tag k='brand:wikidata' v='Q113227799' />
    <tag k='name' v='Loombard' />
    <tag k='operator' v='Lombard Gold sp. z o.o.' />
    <tag k='operator:ref:rdl_knf' v='RDL000097' />
    <tag k='shop' v='pawnbroker' />
    <tag k='source:shop' v='Rejestr działalności lombardowej KNF' />
  </node>
  <node id='-1001421' visible='true' version='1' lat='52.4387893' lon='15.1153681'>
    <tag k='addr:city' v='Sulęcin' />
    <tag k='addr:housenumber' v='2 C' />
    <tag k='addr:postcode' v='69-200' />
    <tag k='addr:street' v='Witosa' />
    <tag k='brand' v='Loombard' />
    <tag k='brand:wikidata' v='Q113227799' />
    <tag k='name' v='Loombard' />
    <tag k='operator' v='Lombard Gold sp. z o.o.' />
    <tag k='operator:ref:rdl_knf' v='RDL000097' />
    <tag k='shop' v='pawnbroker' />
    <tag k='source:shop' v='Rejestr działalności lombardowej KNF' />
  </node>
  <node id='-1001422' visible='true' version='1' lat='54.104826' lon='22.9314435'>
    <tag k='addr:city' v='Suwałki' />
    <tag k='addr:housenumber' v='93' />
    <tag k='addr:postcode' v='16-400' />
    <tag k='addr:street' v='Noniewicza' />
    <tag k='brand' v='Loombard' />
    <tag k='brand:wikidata' v='Q113227799' />
    <tag k='name' v='Loombard' />
    <tag k='operator' v='Lombard Gold sp. z o.o.' />
    <tag k='operator:ref:rdl_knf' v='RDL000097' />
    <tag k='shop' v='pawnbroker' />
    <tag k='source:shop' v='Rejestr działalności lombardowej KNF' />
  </node>
  <node id='-1001423' visible='true' version='1' lat='53.5632525' lon='20.9955995'>
    <tag k='add:flat' v='19' />
    <tag k='addr:city' v='Szczytno' />
    <tag k='addr:housenumber' v='3' />
    <tag k='addr:postcode' v='12-100' />
    <tag k='addr:street' v='Polska' />
    <tag k='brand' v='Loombard' />
    <tag k='brand:wikidata' v='Q113227799' />
    <tag k='name' v='Loombard' />
    <tag k='operator' v='Lombard Gold sp. z o.o.' />
    <tag k='operator:ref:rdl_knf' v='RDL000097' />
    <tag k='shop' v='pawnbroker' />
    <tag k='source:shop' v='Rejestr działalności lombardowej KNF' />
  </node>
  <node id='-1001424' visible='true' version='1' lat='52.2290744' lon='17.2747001'>
    <tag k='addr:city' v='Środa Wielkopolska' />
    <tag k='addr:housenumber' v='9' />
    <tag k='addr:postcode' v='63-000' />
    <tag k='addr:street' v='Stary Rynek' />
    <tag k='brand' v='Loombard' />
    <tag k='brand:wikidata' v='Q113227799' />
    <tag k='name' v='Loombard' />
    <tag k='operator' v='Lombard Gold sp. z o.o.' />
    <tag k='operator:ref:rdl_knf' v='RDL000097' />
    <tag k='shop' v='pawnbroker' />
    <tag k='source:shop' v='Rejestr działalności lombardowej KNF' />
  </node>
  <node id='-1001425' visible='true' version='1' lat='51.218407' lon='22.6863429'>
    <tag k='add:flat' v='5' />
    <tag k='addr:city' v='Świdnik' />
    <tag k='addr:housenumber' v='1' />
    <tag k='addr:postcode' v='21-046' />
    <tag k='addr:street' v='Racławicka' />
    <tag k='brand' v='Loombard' />
    <tag k='brand:wikidata' v='Q113227799' />
    <tag k='name' v='Loombard' />
    <tag k='operator' v='Lombard Gold sp. z o.o.' />
    <tag k='operator:ref:rdl_knf' v='RDL000097' />
    <tag k='shop' v='pawnbroker' />
    <tag k='source:shop' v='Rejestr działalności lombardowej KNF' />
  </node>
  <node id='-1001426' visible='true' version='1' lat='51.1179541' lon='17.0360788'>
    <tag k='add:flat' v='U1' />
    <tag k='addr:city' v='Wrocław' />
    <tag k='addr:housenumber' v='10' />
    <tag k='addr:postcode' v='50-257' />
    <tag k='addr:street' v='Drobnera' />
    <tag k='brand' v='Loombard' />
    <tag k='brand:wikidata' v='Q113227799' />
    <tag k='name' v='Loombard' />
    <tag k='operator' v='Lombard Gold sp. z o.o.' />
    <tag k='operator:ref:rdl_knf' v='RDL000097' />
    <tag k='shop' v='pawnbroker' />
    <tag k='source:shop' v='Rejestr działalności lombardowej KNF' />
  </node>
  <node id='-1001427' visible='true' version='1' lat='50.7156275' lon='23.256194'>
    <tag k='addr:city' v='Zamość' />
    <tag k='addr:housenumber' v='39' />
    <tag k='addr:postcode' v='22-400' />
    <tag k='addr:street' v='Partyzantów' />
    <tag k='brand' v='Loombard' />
    <tag k='brand:wikidata' v='Q113227799' />
    <tag k='name' v='Loombard' />
    <tag k='operator' v='Lombard Gold sp. z o.o.' />
    <tag k='operator:ref:rdl_knf' v='RDL000097' />
    <tag k='shop' v='pawnbroker' />
    <tag k='source:shop' v='Rejestr działalności lombardowej KNF' />
  </node>
  <node id='-1001428' visible='true' version='1' lat='50.7128448' lon='23.277082'>
    <tag k='addr:city' v='Zamość' />
    <tag k='addr:housenumber' v='21' />
    <tag k='addr:postcode' v='22-400' />
    <tag k='addr:street' v='Mikołaja Reja' />
    <tag k='brand' v='Loombard' />
    <tag k='brand:wikidata' v='Q113227799' />
    <tag k='name' v='Loombard' />
    <tag k='operator' v='Lombard Gold sp. z o.o.' />
    <tag k='operator:ref:rdl_knf' v='RDL000097' />
    <tag k='shop' v='pawnbroker' />
    <tag k='source:shop' v='Rejestr działalności lombardowej KNF' />
  </node>
  <node id='-1001429' visible='true' version='1' lat='50.4911678' lon='19.435791'>
    <tag k='add:flat' v='83' />
    <tag k='addr:city' v='Zawiercie' />
    <tag k='addr:housenumber' v='91' />
    <tag k='addr:postcode' v='42-400' />
    <tag k='addr:street' v='Piłsudskiego' />
    <tag k='brand' v='Loombard' />
    <tag k='brand:wikidata' v='Q113227799' />
    <tag k='name' v='Loombard' />
    <tag k='operator' v='Lombard Gold sp. z o.o.' />
    <tag k='operator:ref:rdl_knf' v='RDL000097' />
    <tag k='shop' v='pawnbroker' />
    <tag k='source:shop' v='Rejestr działalności lombardowej KNF' />
  </node>
  <node id='-1001430' visible='true' version='1' lat='51.9414623' lon='15.5037539'>
    <tag k='addr:city' v='Zielona Góra' />
    <tag k='addr:housenumber' v='66A' />
    <tag k='addr:postcode' v='65-058' />
    <tag k='addr:street' v='Kupiecka' />
    <tag k='brand' v='Loombard' />
    <tag k='brand:wikidata' v='Q113227799' />
    <tag k='name' v='Loombard' />
    <tag k='operator' v='Lombard Gold sp. z o.o.' />
    <tag k='operator:ref:rdl_knf' v='RDL000097' />
    <tag k='shop' v='pawnbroker' />
    <tag k='source:shop' v='Rejestr działalności lombardowej KNF' />
  </node>
  <node id='-1001431' visible='true' version='1' lat='53.0652293' lon='19.9092061'>
    <tag k='addr:city' v='Żuromin' />
    <tag k='addr:housenumber' v='6' />
    <tag k='addr:postcode' v='09-300' />
    <tag k='addr:street' v='Plac Wolności' />
    <tag k='brand' v='Loombard' />
    <tag k='brand:wikidata' v='Q113227799' />
    <tag k='name' v='Loombard' />
    <tag k='operator' v='Lombard Gold sp. z o.o.' />
    <tag k='operator:ref:rdl_knf' v='RDL000097' />
    <tag k='shop' v='pawnbroker' />
    <tag k='source:shop' v='Rejestr działalności lombardowej KNF' />
  </node>
  <node id='-1001432' visible='true' version='1' lat='52.25027' lon='15.5341993'>
    <tag k='add:flat' v='3' />
    <tag k='addr:city' v='Świebodzin' />
    <tag k='addr:housenumber' v='3' />
    <tag k='addr:postcode' v='66-200' />
    <tag k='addr:street' v='Wiejska' />
    <tag k='operator' v='Lombard Gold sp. z o.o.' />
    <tag k='operator:ref:rdl_knf' v='RDL000134' />
    <tag k='shop' v='pawnbroker' />
    <tag k='source:shop' v='Rejestr działalności lombardowej KNF' />
  </node>
  <node id='-1001433' visible='true' version='1' lat='51.4090192' lon='19.6861999'>
    <tag k='addr:city' v='Piotrków Trybunalski' />
    <tag k='addr:housenumber' v='28' />
    <tag k='addr:postcode' v='97-300' />
    <tag k='addr:street' v='Juliusza Słowackiego' />
    <tag k='operator' v='Lombard Gold&amp;Silver sp. z o.o.' />
    <tag k='operator:ref:rdl_knf' v='RDL000167' />
    <tag k='shop' v='pawnbroker' />
    <tag k='source:shop' v='Rejestr działalności lombardowej KNF' />
  </node>
  <node id='-1001434' visible='true' version='1' lat='51.2185693' lon='18.568709'>
    <tag k='addr:city' v='Wieluń' />
    <tag k='addr:housenumber' v='18' />
    <tag k='addr:postcode' v='98-300' />
    <tag k='addr:street' v='Śląska' />
    <tag k='operator' v='Lombard Groosz sp. z o.o.' />
    <tag k='operator:ref:rdl_knf' v='RDL000035' />
    <tag k='shop' v='pawnbroker' />
    <tag k='source:shop' v='Rejestr działalności lombardowej KNF' />
  </node>
  <node id='-1001435' visible='true' version='1' lat='51.7555865' lon='18.0814985'>
    <tag k='addr:city' v='Kalisz' />
    <tag k='addr:housenumber' v='16' />
    <tag k='addr:postcode' v='62-800' />
    <tag k='addr:street' v='Górnośląska' />
    <tag k='operator' v='Lombard Grosz sp. z o.o.' />
    <tag k='operator:ref:rdl_knf' v='RDL000005' />
    <tag k='shop' v='pawnbroker' />
    <tag k='source:shop' v='Rejestr działalności lombardowej KNF' />
  </node>
  <node id='-1001436' visible='true' version='1' lat='51.6463483' lon='17.8144346'>
    <tag k='addr:city' v='Ostrów Wielkopolski' />
    <tag k='addr:housenumber' v='42' />
    <tag k='addr:postcode' v='63-400' />
    <tag k='addr:street' v='Wrocławska' />
    <tag k='operator' v='Lombard Grosz sp. z o.o.' />
    <tag k='operator:ref:rdl_knf' v='RDL000005' />
    <tag k='shop' v='pawnbroker' />
    <tag k='source:shop' v='Rejestr działalności lombardowej KNF' />
  </node>
  <node id='-1001437' visible='true' version='1' lat='50.8416057' lon='15.5029094'>
    <tag k='addr:city' v='Szklarska Poręba' />
    <tag k='addr:housenumber' v='18' />
    <tag k='addr:postcode' v='58-580' />
    <tag k='addr:street' v='Batalionów Chłopskich' />
    <tag k='operator' v='Lombard Grosz sp. z o.o.' />
    <tag k='operator:ref:rdl_knf' v='RDL000005' />
    <tag k='shop' v='pawnbroker' />
    <tag k='source:shop' v='Rejestr działalności lombardowej KNF' />
  </node>
  <node id='-1001438' visible='true' version='1' lat='52.0155962' lon='18.4978346'>
    <tag k='addr:city' v='Turek' />
    <tag k='addr:housenumber' v='18' />
    <tag k='addr:postcode' v='62-700' />
    <tag k='addr:street' v='Kaliska' />
    <tag k='operator' v='Lombard Grosz Turek sp. z o.o.' />
    <tag k='operator:ref:rdl_knf' v='RDL000055' />
    <tag k='shop' v='pawnbroker' />
    <tag k='source:shop' v='Rejestr działalności lombardowej KNF' />
  </node>
  <node id='-1001439' visible='true' version='1' lat='51.7737418' lon='19.4551245'>
    <tag k='addr:city' v='Łódź' />
    <tag k='addr:housenumber' v='19' />
    <tag k='addr:postcode' v='90-406' />
    <tag k='addr:street' v='Piotrkowska' />
    <tag k='operator' v='Lombard Halo Gsm sp. z o.o.' />
    <tag k='operator:ref:rdl_knf' v='RDL000007' />
    <tag k='shop' v='pawnbroker' />
    <tag k='source:shop' v='Rejestr działalności lombardowej KNF' />
  </node>
  <node id='-1001440' visible='true' version='1' lat='51.7713991' lon='19.4671285'>
    <tag k='addr:city' v='Łódź' />
    <tag k='addr:housenumber' v='35' />
    <tag k='addr:postcode' v='90-125' />
    <tag k='addr:street' v='Narutowicza' />
    <tag k='operator' v='Lombard Halo Gsm sp. z o.o.' />
    <tag k='operator:ref:rdl_knf' v='RDL000007' />
    <tag k='shop' v='pawnbroker' />
    <tag k='source:shop' v='Rejestr działalności lombardowej KNF' />
  </node>
  <node id='-1001441' visible='true' version='1' lat='51.8556327' lon='19.4122141'>
    <tag k='addr:city' v='Zgierz' />
    <tag k='addr:housenumber' v='25' />
    <tag k='addr:postcode' v='95-100' />
    <tag k='addr:street' v='Długa' />
    <tag k='operator' v='Lombard Halo Gsm sp. z o.o.' />
    <tag k='operator:ref:rdl_knf' v='RDL000007' />
    <tag k='shop' v='pawnbroker' />
    <tag k='source:shop' v='Rejestr działalności lombardowej KNF' />
  </node>
  <node id='-1001442' visible='true' version='1' lat='51.8613249' lon='19.3937385'>
    <tag k='addr:city' v='Zgierz' />
    <tag k='addr:housenumber' v='31' />
    <tag k='addr:postcode' v='95-100' />
    <tag k='addr:street' v='Gałczyńskiego' />
    <tag k='operator' v='Lombard Halo Gsm sp. z o.o.' />
    <tag k='operator:ref:rdl_knf' v='RDL000007' />
    <tag k='shop' v='pawnbroker' />
    <tag k='source:shop' v='Rejestr działalności lombardowej KNF' />
  </node>
  <node id='-1001443' visible='true' version='1' lat='54.1630837' lon='19.4061184'>
    <tag k='add:flat' v='1' />
    <tag k='addr:city' v='Elbląg' />
    <tag k='addr:housenumber' v='9' />
    <tag k='addr:postcode' v='82-300' />
    <tag k='addr:street' v='Słoneczna' />
    <tag k='operator' v='Lombard Joker sp. z o.o.' />
    <tag k='operator:ref:rdl_knf' v='RDL000116' />
    <tag k='shop' v='pawnbroker' />
    <tag k='source:shop' v='Rejestr działalności lombardowej KNF' />
  </node>
  <node id='-1001444' visible='true' version='1' lat='54.1547351' lon='19.4103696'>
    <tag k='add:flat' v='2' />
    <tag k='addr:city' v='Elbląg' />
    <tag k='addr:housenumber' v='69' />
    <tag k='addr:postcode' v='82-300' />
    <tag k='addr:street' v='Aleja Grunwaldzka' />
    <tag k='operator' v='Lombard Joker sp. z o.o.' />
    <tag k='operator:ref:rdl_knf' v='RDL000116' />
    <tag k='shop' v='pawnbroker' />
    <tag k='source:shop' v='Rejestr działalności lombardowej KNF' />
  </node>
  <node id='-1001445' visible='true' version='1' lat='54.1793936' lon='19.4060027'>
    <tag k='addr:city' v='Elbląg' />
    <tag k='addr:housenumber' v='134' />
    <tag k='addr:postcode' v='82-300' />
    <tag k='addr:street' v='Pułkownika Stanisława Dąbka' />
    <tag k='operator' v='Lombard Joker sp. z o.o.' />
    <tag k='operator:ref:rdl_knf' v='RDL000116' />
    <tag k='shop' v='pawnbroker' />
    <tag k='source:shop' v='Rejestr działalności lombardowej KNF' />
  </node>
  <node id='-1001446' visible='true' version='1' lat='50.0432818' lon='19.9458327'>
    <tag k='addr:city' v='Kraków' />
    <tag k='addr:housenumber' v='18' />
    <tag k='addr:postcode' v='30-504' />
    <tag k='addr:street' v='Kalwaryjska' />
    <tag k='operator' v='Lombard K18 sp. z o.o.' />
    <tag k='operator:ref:rdl_knf' v='RDL000071' />
    <tag k='shop' v='pawnbroker' />
    <tag k='source:shop' v='Rejestr działalności lombardowej KNF' />
  </node>
  <node id='-1001447' visible='true' version='1' lat='51.7590867' lon='18.0842893'>
    <tag k='addr:city' v='Kalisz' />
    <tag k='addr:housenumber' v='41' />
    <tag k='addr:postcode' v='62-800' />
    <tag k='addr:street' v='Śródmiejska' />
    <tag k='operator' v='Lombard Kalisz sp. z o.o.' />
    <tag k='operator:ref:rdl_knf' v='RDL000031' />
    <tag k='shop' v='pawnbroker' />
    <tag k='source:shop' v='Rejestr działalności lombardowej KNF' />
  </node>
  <node id='-1001448' visible='true' version='1' lat='49.8230238' lon='19.0466876'>
    <tag k='addr:city' v='Bielsko-Biała' />
    <tag k='addr:housenumber' v='5' />
    <tag k='addr:postcode' v='43-300' />
    <tag k='addr:street' v='Cechowa' />
    <tag k='operator' v='Lombard Kaps 2 sp. z o.o.' />
    <tag k='operator:ref:rdl_knf' v='RDL000129' />
    <tag k='shop' v='pawnbroker' />
    <tag k='source:shop' v='Rejestr działalności lombardowej KNF' />
  </node>
  <node id='-1001449' visible='true' version='1' lat='50.3464387' lon='18.9181076'>
    <tag k='addr:city' v='Bytom' />
    <tag k='addr:housenumber' v='6' />
    <tag k='addr:postcode' v='41-902' />
    <tag k='addr:street' v='Dworcowa' />
    <tag k='operator' v='Lombard Kaps 2 sp. z o.o.' />
    <tag k='operator:ref:rdl_knf' v='RDL000129' />
    <tag k='shop' v='pawnbroker' />
    <tag k='source:shop' v='Rejestr działalności lombardowej KNF' />
  </node>
  <node id='-1001450' visible='true' version='1' lat='50.3459394' lon='18.9191005'>
    <tag k='addr:city' v='Bytom' />
    <tag k='addr:housenumber' v='6' />
    <tag k='addr:postcode' v='41-902' />
    <tag k='addr:street' v='Jagiellońska' />
    <tag k='operator' v='Lombard Kaps 2 sp. z o.o.' />
    <tag k='operator:ref:rdl_knf' v='RDL000129' />
    <tag k='shop' v='pawnbroker' />
    <tag k='source:shop' v='Rejestr działalności lombardowej KNF' />
  </node>
  <node id='-1001451' visible='true' version='1' lat='50.2924688' lon='18.9465753'>
    <tag k='addr:city' v='Chorzów' />
    <tag k='addr:housenumber' v='70' />
    <tag k='addr:postcode' v='41-500' />
    <tag k='addr:street' v='Wolności' />
    <tag k='operator' v='Lombard Kaps 2 sp. z o.o.' />
    <tag k='operator:ref:rdl_knf' v='RDL000129' />
    <tag k='shop' v='pawnbroker' />
    <tag k='source:shop' v='Rejestr działalności lombardowej KNF' />
  </node>
  <node id='-1001452' visible='true' version='1' lat='50.2764961' lon='19.1283151'>
    <tag k='addr:city' v='Sosnowiec' />
    <tag k='addr:housenumber' v='15' />
    <tag k='addr:postcode' v='41-200' />
    <tag k='addr:street' v='Targowa' />
    <tag k='operator' v='Lombard Kaps 4 sp. z o.o.' />
    <tag k='operator:ref:rdl_knf' v='RDL000106' />
    <tag k='shop' v='pawnbroker' />
    <tag k='source:shop' v='Rejestr działalności lombardowej KNF' />
  </node>
  <node id='-1001453' visible='true' version='1' lat='50.8116759' lon='19.1257784'>
    <tag k='add:flat' v='2' />
    <tag k='addr:city' v='Częstochowa' />
    <tag k='addr:housenumber' v='14' />
    <tag k='addr:postcode' v='42-202' />
    <tag k='addr:street' v='Plac Daszyńskiego' />
    <tag k='operator' v='Lombard Kaps sp. z o.o.' />
    <tag k='operator:ref:rdl_knf' v='RDL000201' />
    <tag k='shop' v='pawnbroker' />
    <tag k='source:shop' v='Rejestr działalności lombardowej KNF' />
  </node>
  <node id='-1001454' visible='true' version='1' lat='51.7877011' lon='19.4485561'>
    <tag k='addr:city' v='Łódź' />
    <tag k='addr:housenumber' v='1' />
    <tag k='addr:postcode' v='91-301' />
    <tag k='addr:street' v='Snycerska' />
    <tag k='operator' v='Lombard Kaps sp. z o.o.' />
    <tag k='operator:ref:rdl_knf' v='RDL000201' />
    <tag k='shop' v='pawnbroker' />
    <tag k='source:shop' v='Rejestr działalności lombardowej KNF' />
  </node>
  <node id='-1001455' visible='true' version='1' lat='51.7834976' lon='19.4529614'>
    <tag k='addr:city' v='Łódź' />
    <tag k='addr:housenumber' v='24' />
    <tag k='addr:postcode' v='91-059' />
    <tag k='addr:street' v='Zgierska' />
    <tag k='operator' v='Lombard Kaps sp. z o.o.' />
    <tag k='operator:ref:rdl_knf' v='RDL000201' />
    <tag k='shop' v='pawnbroker' />
    <tag k='source:shop' v='Rejestr działalności lombardowej KNF' />
  </node>
  <node id='-1001456' visible='true' version='1' lat='50.4435824' lon='18.8581409'>
    <tag k='addr:city' v='Tarnowskie Góry' />
    <tag k='addr:housenumber' v='10' />
    <tag k='addr:postcode' v='42-600' />
    <tag k='addr:street' v='Piastowska' />
    <tag k='operator' v='Lombard Kaps sp. z o.o.' />
    <tag k='operator:ref:rdl_knf' v='RDL000201' />
    <tag k='shop' v='pawnbroker' />
    <tag k='source:shop' v='Rejestr działalności lombardowej KNF' />
  </node>
  <node id='-1001457' visible='true' version='1' lat='52.2295506' lon='18.2515946'>
    <tag k='addr:city' v='Konin' />
    <tag k='addr:housenumber' v='6' />
    <tag k='addr:postcode' v='62-510' />
    <tag k='addr:street' v='Dworcowa' />
    <tag k='operator' v='Lombard Konin Gsm Serwis sp. z o.o.' />
    <tag k='operator:ref:rdl_knf' v='RDL000091' />
    <tag k='shop' v='pawnbroker' />
    <tag k='source:shop' v='Rejestr działalności lombardowej KNF' />
  </node>
  <node id='-1001458' visible='true' version='1' lat='54.1899741' lon='16.17978'>
    <tag k='add:flat' v='90-92' />
    <tag k='addr:city' v='Koszalin' />
    <tag k='addr:housenumber' v='90-92' />
    <tag k='addr:postcode' v='75-008' />
    <tag k='addr:street' v='Zwycięstwa' />
    <tag k='operator' v='Lombard Koszalin sp. z o.o.' />
    <tag k='operator:ref:rdl_knf' v='RDL000029' />
    <tag k='shop' v='pawnbroker' />
    <tag k='source:shop' v='Rejestr działalności lombardowej KNF' />
  </node>
  <node id='-1001459' visible='true' version='1' lat='54.1902804' lon='16.1809048'>
    <tag k='addr:city' v='Koszalin' />
    <tag k='addr:housenumber' v='12' />
    <tag k='addr:postcode' v='75-061' />
    <tag k='addr:street' v='Rynek Staromiejski' />
    <tag k='operator' v='Lombard Koszalin sp. z o.o.' />
    <tag k='operator:ref:rdl_knf' v='RDL000029' />
    <tag k='shop' v='pawnbroker' />
    <tag k='source:shop' v='Rejestr działalności lombardowej KNF' />
  </node>
  <node id='-1001460' visible='true' version='1' lat='52.10388' lon='20.62585'>
    <tag k='addr:city' v='Grodzisk Mazowiecki' />
    <tag k='addr:housenumber' v='34' />
    <tag k='addr:postcode' v='05-825' />
    <tag k='addr:street' v='Sienkiewicza' />
    <tag k='operator' v='Lombard Lombi-Cash sp. z o.o.' />
    <tag k='operator:ref:rdl_knf' v='RDL000052' />
    <tag k='shop' v='pawnbroker' />
    <tag k='source:shop' v='Rejestr działalności lombardowej KNF' />
  </node>
  <node id='-1001461' visible='true' version='1' lat='53.8446584' lon='22.9814423'>
    <tag k='addr:city' v='Augustów' />
    <tag k='addr:housenumber' v='6' />
    <tag k='addr:postcode' v='16-300' />
    <tag k='addr:street' v='Mostowa' />
    <tag k='brand' v='Loombard' />
    <tag k='brand:wikidata' v='Q113227799' />
    <tag k='name' v='Loombard' />
    <tag k='operator' v='Lombard Medium  sp. z o.o.' />
    <tag k='operator:ref:rdl_knf' v='RDL000104' />
    <tag k='shop' v='pawnbroker' />
    <tag k='source:shop' v='Rejestr działalności lombardowej KNF' />
  </node>
  <node id='-1001462' visible='true' version='1' lat='52.7873847' lon='23.2177384'>
    <tag k='add:flat' v='19' />
    <tag k='addr:city' v='Bielsk Podlaski' />
    <tag k='addr:housenumber' v='60' />
    <tag k='addr:postcode' v='17-100' />
    <tag k='addr:street' v='Mickiewicza' />
    <tag k='brand' v='Loombard' />
    <tag k='brand:wikidata' v='Q113227799' />
    <tag k='name' v='Loombard' />
    <tag k='operator' v='Lombard Medium  sp. z o.o.' />
    <tag k='operator:ref:rdl_knf' v='RDL000104' />
    <tag k='shop' v='pawnbroker' />
    <tag k='source:shop' v='Rejestr działalności lombardowej KNF' />
  </node>
  <node id='-1001463' visible='true' version='1' lat='49.8292125' lon='19.0441034'>
    <tag k='addr:city' v='Bielsko Biała' />
    <tag k='addr:housenumber' v='1' />
    <tag k='addr:postcode' v='43-300' />
    <tag k='addr:street' v='Piastowska' />
    <tag k='brand' v='Loombard' />
    <tag k='brand:wikidata' v='Q113227799' />
    <tag k='name' v='Loombard' />
    <tag k='operator' v='Lombard Medium  sp. z o.o.' />
    <tag k='operator:ref:rdl_knf' v='RDL000104' />
    <tag k='shop' v='pawnbroker' />
    <tag k='source:shop' v='Rejestr działalności lombardowej KNF' />
  </node>
  <node id='-1001464' visible='true' version='1' lat='49.814783' lon='19.0183578'>
    <tag k='addr:city' v='Bielsko Biała' />
    <tag k='addr:housenumber' v='128' />
    <tag k='addr:postcode' v='43-300' />
    <tag k='addr:street' v='Cieszyńska' />
    <tag k='brand' v='Loombard' />
    <tag k='brand:wikidata' v='Q113227799' />
    <tag k='name' v='Loombard' />
    <tag k='operator' v='Lombard Medium  sp. z o.o.' />
    <tag k='operator:ref:rdl_knf' v='RDL000104' />
    <tag k='shop' v='pawnbroker' />
    <tag k='source:shop' v='Rejestr działalności lombardowej KNF' />
  </node>
  <node id='-1001465' visible='true' version='1' lat='49.9695568' lon='20.431118'>
    <tag k='addr:city' v='Bochnia' />
    <tag k='addr:housenumber' v='18' />
    <tag k='addr:postcode' v='32-700' />
    <tag k='addr:street' v='Rynek' />
    <tag k='brand' v='Loombard' />
    <tag k='brand:wikidata' v='Q113227799' />
    <tag k='name' v='Loombard' />
    <tag k='operator' v='Lombard Medium  sp. z o.o.' />
    <tag k='operator:ref:rdl_knf' v='RDL000104' />
    <tag k='shop' v='pawnbroker' />
    <tag k='source:shop' v='Rejestr działalności lombardowej KNF' />
  </node>
  <node id='-1001466' visible='true' version='1' lat='50.7569538' lon='16.2050127'>
    <tag k='addr:city' v='Boguszów-Gorce' />
    <tag k='addr:housenumber' v='16' />
    <tag k='addr:postcode' v='58-370' />
    <tag k='addr:street' v='Pl. Odrodzenia' />
    <tag k='brand' v='Loombard' />
    <tag k='brand:wikidata' v='Q113227799' />
    <tag k='name' v='Loombard' />
    <tag k='operator' v='Lombard Medium  sp. z o.o.' />
    <tag k='operator:ref:rdl_knf' v='RDL000104' />
    <tag k='shop' v='pawnbroker' />
    <tag k='source:shop' v='Rejestr działalności lombardowej KNF' />
  </node>
  <node id='-1001467' visible='true' version='1' lat='49.9682468' lon='20.610132'>
    <tag k='addr:city' v='Brzesko' />
    <tag k='addr:housenumber' v='31' />
    <tag k='addr:postcode' v='32-800' />
    <tag k='addr:street' v='Głowackiego' />
    <tag k='brand' v='Loombard' />
    <tag k='brand:wikidata' v='Q113227799' />
    <tag k='name' v='Loombard' />
    <tag k='operator' v='Lombard Medium  sp. z o.o.' />
    <tag k='operator:ref:rdl_knf' v='RDL000104' />
    <tag k='shop' v='pawnbroker' />
    <tag k='source:shop' v='Rejestr działalności lombardowej KNF' />
  </node>
  <node id='-1001468' visible='true' version='1' lat='50.4709381' lon='20.7191968'>
    <tag k='addr:city' v='Busko-Zdrój' />
    <tag k='addr:housenumber' v='28' />
    <tag k='addr:postcode' v='28-100' />
    <tag k='addr:street' v='Plac Zwycięstwa' />
    <tag k='brand' v='Loombard' />
    <tag k='brand:wikidata' v='Q113227799' />
    <tag k='name' v='Loombard' />
    <tag k='operator' v='Lombard Medium  sp. z o.o.' />
    <tag k='operator:ref:rdl_knf' v='RDL000104' />
    <tag k='shop' v='pawnbroker' />
    <tag k='source:shop' v='Rejestr działalności lombardowej KNF' />
  </node>
  <node id='-1001469' visible='true' version='1' lat='53.1279011' lon='18.006029'>
    <tag k='addr:city' v='Bydgoszcz' />
    <tag k='addr:housenumber' v='26' />
    <tag k='addr:postcode' v='85-006' />
    <tag k='addr:street' v='Gdańska' />
    <tag k='brand' v='Loombard' />
    <tag k='brand:wikidata' v='Q113227799' />
    <tag k='name' v='Loombard' />
    <tag k='operator' v='Lombard Medium  sp. z o.o.' />
    <tag k='operator:ref:rdl_knf' v='RDL000104' />
    <tag k='shop' v='pawnbroker' />
    <tag k='source:shop' v='Rejestr działalności lombardowej KNF' />
  </node>
  <node id='-1001470' visible='true' version='1' lat='53.133962' lon='18.0118111'>
    <tag k='addr:city' v='Bydgoszcz' />
    <tag k='addr:housenumber' v='98' />
    <tag k='addr:postcode' v='85-021' />
    <tag k='addr:street' v='Gdańska' />
    <tag k='brand' v='Loombard' />
    <tag k='brand:wikidata' v='Q113227799' />
    <tag k='name' v='Loombard' />
    <tag k='operator' v='Lombard Medium  sp. z o.o.' />
    <tag k='operator:ref:rdl_knf' v='RDL000104' />
    <tag k='shop' v='pawnbroker' />
    <tag k='source:shop' v='Rejestr działalności lombardowej KNF' />
  </node>
  <node id='-1001471' visible='true' version='1' lat='53.1097426' lon='17.9937887'>
    <tag k='addr:city' v='Bydgoszcz' />
    <tag k='addr:housenumber' v='86' />
    <tag k='addr:postcode' v='85-154' />
    <tag k='addr:street' v='Brzozowa' />
    <tag k='brand' v='Loombard' />
    <tag k='brand:wikidata' v='Q113227799' />
    <tag k='name' v='Loombard' />
    <tag k='operator' v='Lombard Medium  sp. z o.o.' />
    <tag k='operator:ref:rdl_knf' v='RDL000104' />
    <tag k='shop' v='pawnbroker' />
    <tag k='source:shop' v='Rejestr działalności lombardowej KNF' />
  </node>
  <node id='-1001472' visible='true' version='1' lat='50.2974754' lon='16.6529144'>
    <tag k='addr:city' v='Bystrzyca Kłodzka' />
    <tag k='addr:housenumber' v='8' />
    <tag k='addr:postcode' v='57-500' />
    <tag k='addr:street' v='Okrzei' />
    <tag k='brand' v='Loombard' />
    <tag k='brand:wikidata' v='Q113227799' />
    <tag k='name' v='Loombard' />
    <tag k='operator' v='Lombard Medium  sp. z o.o.' />
    <tag k='operator:ref:rdl_knf' v='RDL000104' />
    <tag k='shop' v='pawnbroker' />
    <tag k='source:shop' v='Rejestr działalności lombardowej KNF' />
  </node>
  <node id='-1001473' visible='true' version='1' lat='50.3446757' lon='18.9165266'>
    <tag k='addr:city' v='Bytom' />
    <tag k='addr:housenumber' v='26' />
    <tag k='addr:postcode' v='41-902' />
    <tag k='addr:street' v='Dworcowa' />
    <tag k='brand' v='Loombard' />
    <tag k='brand:wikidata' v='Q113227799' />
    <tag k='name' v='Loombard' />
    <tag k='operator' v='Lombard Medium  sp. z o.o.' />
    <tag k='operator:ref:rdl_knf' v='RDL000104' />
    <tag k='shop' v='pawnbroker' />
    <tag k='source:shop' v='Rejestr działalności lombardowej KNF' />
  </node>
  <node id='-1001474' visible='true' version='1' lat='53.1857784' lon='18.6097459'>
    <tag k='addr:city' v='Chełmża' />
    <tag k='addr:housenumber' v='6' />
    <tag k='addr:postcode' v='87-140' />
    <tag k='addr:street' v='Sikorskiego' />
    <tag k='brand' v='Loombard' />
    <tag k='brand:wikidata' v='Q113227799' />
    <tag k='name' v='Loombard' />
    <tag k='operator' v='Lombard Medium  sp. z o.o.' />
    <tag k='operator:ref:rdl_knf' v='RDL000104' />
    <tag k='shop' v='pawnbroker' />
    <tag k='source:shop' v='Rejestr działalności lombardowej KNF' />
  </node>
  <node id='-1001475' visible='true' version='1' lat='50.2925413' lon='18.9467258'>
    <tag k='addr:city' v='Chorzów' />
    <tag k='addr:housenumber' v='68' />
    <tag k='addr:postcode' v='41-500' />
    <tag k='addr:street' v='Wolności' />
    <tag k='brand' v='Loombard' />
    <tag k='brand:wikidata' v='Q113227799' />
    <tag k='name' v='Loombard' />
    <tag k='operator' v='Lombard Medium  sp. z o.o.' />
    <tag k='operator:ref:rdl_knf' v='RDL000104' />
    <tag k='shop' v='pawnbroker' />
    <tag k='source:shop' v='Rejestr działalności lombardowej KNF' />
  </node>
  <node id='-1001476' visible='true' version='1' lat='50.2986382' lon='18.9520993'>
    <tag k='addr:city' v='Chorzów' />
    <tag k='addr:housenumber' v='4' />
    <tag k='addr:postcode' v='41-500' />
    <tag k='addr:street' v='Wolności' />
    <tag k='brand' v='Loombard' />
    <tag k='brand:wikidata' v='Q113227799' />
    <tag k='name' v='Loombard' />
    <tag k='operator' v='Lombard Medium  sp. z o.o.' />
    <tag k='operator:ref:rdl_knf' v='RDL000104' />
    <tag k='shop' v='pawnbroker' />
    <tag k='source:shop' v='Rejestr działalności lombardowej KNF' />
  </node>
  <node id='-1001477' visible='true' version='1' lat='51.5623124' lon='21.8628711'>
    <tag k='addr:city' v='Dęblin' />
    <tag k='addr:housenumber' v='12' />
    <tag k='addr:postcode' v='08-530' />
    <tag k='addr:street' v='Warszawska' />
    <tag k='brand' v='Loombard' />
    <tag k='brand:wikidata' v='Q113227799' />
    <tag k='name' v='Loombard' />
    <tag k='operator' v='Lombard Medium  sp. z o.o.' />
    <tag k='operator:ref:rdl_knf' v='RDL000104' />
    <tag k='shop' v='pawnbroker' />
    <tag k='source:shop' v='Rejestr działalności lombardowej KNF' />
  </node>
  <node id='-1001478' visible='true' version='1' lat='52.7357927' lon='14.7007606'>
    <tag k='addr:city' v='Dębno' />
    <tag k='addr:housenumber' v='23' />
    <tag k='addr:postcode' v='74-400' />
    <tag k='addr:street' v='Słowackiego' />
    <tag k='brand' v='Loombard' />
    <tag k='brand:wikidata' v='Q113227799' />
    <tag k='name' v='Loombard' />
    <tag k='operator' v='Lombard Medium  sp. z o.o.' />
    <tag k='operator:ref:rdl_knf' v='RDL000104' />
    <tag k='shop' v='pawnbroker' />
    <tag k='source:shop' v='Rejestr działalności lombardowej KNF' />
  </node>
  <node id='-1001479' visible='true' version='1' lat='51.8974546' lon='21.6150991'>
    <tag k='addr:city' v='Garwolin' />
    <tag k='addr:housenumber' v='16' />
    <tag k='addr:postcode' v='08-400' />
    <tag k='addr:street' v='Kościuszki' />
    <tag k='brand' v='Loombard' />
    <tag k='brand:wikidata' v='Q113227799' />
    <tag k='name' v='Loombard' />
    <tag k='operator' v='Lombard Medium  sp. z o.o.' />
    <tag k='operator:ref:rdl_knf' v='RDL000104' />
    <tag k='shop' v='pawnbroker' />
    <tag k='source:shop' v='Rejestr działalności lombardowej KNF' />
  </node>
  <node id='-1001480' visible='true' version='1' lat='50.293418' lon='18.7265602'>
    <tag k='addr:city' v='Gliwice' />
    <tag k='addr:housenumber' v='71' />
    <tag k='addr:postcode' v='44-103' />
    <tag k='addr:street' v='Odrowążów' />
    <tag k='brand' v='Loombard' />
    <tag k='brand:wikidata' v='Q113227799' />
    <tag k='name' v='Loombard' />
    <tag k='operator' v='Lombard Medium  sp. z o.o.' />
    <tag k='operator:ref:rdl_knf' v='RDL000104' />
    <tag k='shop' v='pawnbroker' />
    <tag k='source:shop' v='Rejestr działalności lombardowej KNF' />
  </node>
  <node id='-1001481' visible='true' version='1' lat='52.2230528' lon='16.3654498'>
    <tag k='addr:city' v='Grodzisk Wielkopolski' />
    <tag k='addr:housenumber' v='10' />
    <tag k='addr:postcode' v='62-065' />
    <tag k='addr:street' v='Stary Rynek' />
    <tag k='brand' v='Loombard' />
    <tag k='brand:wikidata' v='Q113227799' />
    <tag k='name' v='Loombard' />
    <tag k='operator' v='Lombard Medium  sp. z o.o.' />
    <tag k='operator:ref:rdl_knf' v='RDL000104' />
    <tag k='shop' v='pawnbroker' />
    <tag k='source:shop' v='Rejestr działalności lombardowej KNF' />
  </node>
  <node id='-1001482' visible='true' version='1' lat='51.8657111' lon='20.865858'>
    <tag k='addr:city' v='Grójec' />
    <tag k='addr:housenumber' v='5' />
    <tag k='addr:postcode' v='05-600' />
    <tag k='addr:street' v='Plac Wolności' />
    <tag k='brand' v='Loombard' />
    <tag k='brand:wikidata' v='Q113227799' />
    <tag k='name' v='Loombard' />
    <tag k='operator' v='Lombard Medium  sp. z o.o.' />
    <tag k='operator:ref:rdl_knf' v='RDL000104' />
    <tag k='shop' v='pawnbroker' />
    <tag k='source:shop' v='Rejestr działalności lombardowej KNF' />
  </node>
  <node id='-1001483' visible='true' version='1' lat='51.9706664' lon='17.5035157'>
    <tag k='addr:city' v='Jarocin' />
    <tag k='addr:housenumber' v='22A' />
    <tag k='addr:postcode' v='63-200' />
    <tag k='addr:street' v='Śródmiejska' />
    <tag k='brand' v='Loombard' />
    <tag k='brand:wikidata' v='Q113227799' />
    <tag k='name' v='Loombard' />
    <tag k='operator' v='Lombard Medium  sp. z o.o.' />
    <tag k='operator:ref:rdl_knf' v='RDL000104' />
    <tag k='shop' v='pawnbroker' />
    <tag k='source:shop' v='Rejestr działalności lombardowej KNF' />
  </node>
  <node id='-1001484' visible='true' version='1' lat='49.9689107' lon='19.1391466'>
    <tag k='addr:city' v='Jawiszowice' />
    <tag k='addr:housenumber' v='21' />
    <tag k='addr:postcode' v='32-626' />
    <tag k='addr:street' v='Turystyczna' />
    <tag k='brand' v='Loombard' />
    <tag k='brand:wikidata' v='Q113227799' />
    <tag k='name' v='Loombard' />
    <tag k='operator' v='Lombard Medium  sp. z o.o.' />
    <tag k='operator:ref:rdl_knf' v='RDL000104' />
    <tag k='shop' v='pawnbroker' />
    <tag k='source:shop' v='Rejestr działalności lombardowej KNF' />
  </node>
  <node id='-1001485' visible='true' version='1' lat='50.8639496' lon='15.6886972'>
    <tag k='addr:city' v='Jelenia Góra' />
    <tag k='addr:housenumber' v='242' />
    <tag k='addr:postcode' v='58-560' />
    <tag k='addr:street' v='Wolności' />
    <tag k='brand' v='Loombard' />
    <tag k='brand:wikidata' v='Q113227799' />
    <tag k='name' v='Loombard' />
    <tag k='operator' v='Lombard Medium  sp. z o.o.' />
    <tag k='operator:ref:rdl_knf' v='RDL000104' />
    <tag k='shop' v='pawnbroker' />
    <tag k='source:shop' v='Rejestr działalności lombardowej KNF' />
  </node>
  <node id='-1001486' visible='true' version='1' lat='50.9041073' lon='15.7313107'>
    <tag k='addr:city' v='Jelenia Góra' />
    <tag k='addr:housenumber' v='14' />
    <tag k='addr:postcode' v='58-500' />
    <tag k='addr:street' v='Sobieskiego' />
    <tag k='brand' v='Loombard' />
    <tag k='brand:wikidata' v='Q113227799' />
    <tag k='name' v='Loombard' />
    <tag k='operator' v='Lombard Medium  sp. z o.o.' />
    <tag k='operator:ref:rdl_knf' v='RDL000104' />
    <tag k='shop' v='pawnbroker' />
    <tag k='source:shop' v='Rejestr działalności lombardowej KNF' />
  </node>
  <node id='-1001487' visible='true' version='1' lat='50.9001492' lon='15.7412691'>
    <tag k='add:flat' v='1' />
    <tag k='addr:city' v='Jelenia Góra' />
    <tag k='addr:housenumber' v='27' />
    <tag k='addr:postcode' v='58-500' />
    <tag k='addr:street' v='Wojska Polskiego' />
    <tag k='brand' v='Loombard' />
    <tag k='brand:wikidata' v='Q113227799' />
    <tag k='name' v='Loombard' />
    <tag k='operator' v='Lombard Medium  sp. z o.o.' />
    <tag k='operator:ref:rdl_knf' v='RDL000104' />
    <tag k='shop' v='pawnbroker' />
    <tag k='source:shop' v='Rejestr działalności lombardowej KNF' />
  </node>
  <node id='-1001488' visible='true' version='1' lat='50.7842247' lon='16.0336587'>
    <tag k='addr:city' v='Kamienna Góra' />
    <tag k='addr:housenumber' v='14' />
    <tag k='addr:postcode' v='58-400' />
    <tag k='addr:street' v='Plac Wolności' />
    <tag k='brand' v='Loombard' />
    <tag k='brand:wikidata' v='Q113227799' />
    <tag k='name' v='Loombard' />
    <tag k='operator' v='Lombard Medium  sp. z o.o.' />
    <tag k='operator:ref:rdl_knf' v='RDL000104' />
    <tag k='shop' v='pawnbroker' />
    <tag k='source:shop' v='Rejestr działalności lombardowej KNF' />
  </node>
  <node id='-1001489' visible='true' version='1' lat='50.2777139' lon='18.9762102'>
    <tag k='addr:city' v='Katowice' />
    <tag k='addr:housenumber' v='16' />
    <tag k='addr:postcode' v='40-872' />
    <tag k='addr:street' v='Zawiszy Czarnego' />
    <tag k='brand' v='Loombard' />
    <tag k='brand:wikidata' v='Q113227799' />
    <tag k='name' v='Loombard' />
    <tag k='operator' v='Lombard Medium  sp. z o.o.' />
    <tag k='operator:ref:rdl_knf' v='RDL000104' />
    <tag k='shop' v='pawnbroker' />
    <tag k='source:shop' v='Rejestr działalności lombardowej KNF' />
  </node>
  <node id='-1001490' visible='true' version='1' lat='50.2236227' lon='19.0639097'>
    <tag k='addr:city' v='Katowice' />
    <tag k='addr:housenumber' v='19' />
    <tag k='addr:postcode' v='40-484' />
    <tag k='addr:street' v='Batalionów Chłopskich' />
    <tag k='brand' v='Loombard' />
    <tag k='brand:wikidata' v='Q113227799' />
    <tag k='name' v='Loombard' />
    <tag k='operator' v='Lombard Medium  sp. z o.o.' />
    <tag k='operator:ref:rdl_knf' v='RDL000104' />
    <tag k='shop' v='pawnbroker' />
    <tag k='source:shop' v='Rejestr działalności lombardowej KNF' />
  </node>
  <node id='-1001491' visible='true' version='1' lat='50.2609604' lon='19.0180177'>
    <tag k='addr:city' v='Katowice' />
    <tag k='addr:housenumber' v='2' />
    <tag k='addr:postcode' v='40-093' />
    <tag k='addr:street' v='Chopina' />
    <tag k='brand' v='Loombard' />
    <tag k='brand:wikidata' v='Q113227799' />
    <tag k='name' v='Loombard' />
    <tag k='operator' v='Lombard Medium  sp. z o.o.' />
    <tag k='operator:ref:rdl_knf' v='RDL000104' />
    <tag k='shop' v='pawnbroker' />
    <tag k='source:shop' v='Rejestr działalności lombardowej KNF' />
  </node>
  <node id='-1001492' visible='true' version='1' lat='52.2000539' lon='18.6350261'>
    <tag k='addr:city' v='Koło' />
    <tag k='addr:housenumber' v='26' />
    <tag k='addr:postcode' v='62-600' />
    <tag k='addr:street' v='Toruńska' />
    <tag k='brand' v='Loombard' />
    <tag k='brand:wikidata' v='Q113227799' />
    <tag k='name' v='Loombard' />
    <tag k='operator' v='Lombard Medium  sp. z o.o.' />
    <tag k='operator:ref:rdl_knf' v='RDL000104' />
    <tag k='shop' v='pawnbroker' />
    <tag k='source:shop' v='Rejestr działalności lombardowej KNF' />
  </node>
  <node id='-1001493' visible='true' version='1' lat='52.2304076' lon='18.2519865'>
    <tag k='addr:city' v='Konin' />
    <tag k='addr:housenumber' v='10D' />
    <tag k='addr:postcode' v='62-510' />
    <tag k='addr:street' v='Dworcowa' />
    <tag k='brand' v='Loombard' />
    <tag k='brand:wikidata' v='Q113227799' />
    <tag k='name' v='Loombard' />
    <tag k='operator' v='Lombard Medium  sp. z o.o.' />
    <tag k='operator:ref:rdl_knf' v='RDL000104' />
    <tag k='shop' v='pawnbroker' />
    <tag k='source:shop' v='Rejestr działalności lombardowej KNF' />
  </node>
  <node id='-1001494' visible='true' version='1' lat='52.2108732' lon='18.2545436'>
    <tag k='addr:city' v='Konin' />
    <tag k='addr:housenumber' v='11' />
    <tag k='addr:postcode' v='62-500' />
    <tag k='addr:street' v='3 Maja' />
    <tag k='brand' v='Loombard' />
    <tag k='brand:wikidata' v='Q113227799' />
    <tag k='name' v='Loombard' />
    <tag k='operator' v='Lombard Medium  sp. z o.o.' />
    <tag k='operator:ref:rdl_knf' v='RDL000104' />
    <tag k='shop' v='pawnbroker' />
    <tag k='source:shop' v='Rejestr działalności lombardowej KNF' />
  </node>
  <node id='-1001495' visible='true' version='1' lat='52.0839462' lon='16.6423311'>
    <tag k='addr:city' v='Kościan' />
    <tag k='addr:housenumber' v='8' />
    <tag k='addr:postcode' v='64-000' />
    <tag k='addr:street' v='Kościuszki' />
    <tag k='brand' v='Loombard' />
    <tag k='brand:wikidata' v='Q113227799' />
    <tag k='name' v='Loombard' />
    <tag k='operator' v='Lombard Medium  sp. z o.o.' />
    <tag k='operator:ref:rdl_knf' v='RDL000104' />
    <tag k='shop' v='pawnbroker' />
    <tag k='source:shop' v='Rejestr działalności lombardowej KNF' />
  </node>
  <node id='-1001496' visible='true' version='1' lat='50.079573' lon='20.0318863'>
    <tag k='add:flat' v='U15' />
    <tag k='addr:city' v='Kraków' />
    <tag k='addr:housenumber' v='3' />
    <tag k='addr:postcode' v='31-945' />
    <tag k='addr:street' v='Osiedle Teatralne' />
    <tag k='brand' v='Loombard' />
    <tag k='brand:wikidata' v='Q113227799' />
    <tag k='name' v='Loombard' />
    <tag k='operator' v='Lombard Medium  sp. z o.o.' />
    <tag k='operator:ref:rdl_knf' v='RDL000104' />
    <tag k='shop' v='pawnbroker' />
    <tag k='source:shop' v='Rejestr działalności lombardowej KNF' />
  </node>
  <node id='-1001497' visible='true' version='1' lat='50.0730762' lon='20.0343238'>
    <tag k='add:flat' v='D1' />
    <tag k='addr:city' v='Kraków' />
    <tag k='addr:housenumber' v='D1' />
    <tag k='addr:postcode' v='31-932' />
    <tag k='addr:street' v='Osiedle Centrum' />
    <tag k='brand' v='Loombard' />
    <tag k='brand:wikidata' v='Q113227799' />
    <tag k='name' v='Loombard' />
    <tag k='operator' v='Lombard Medium  sp. z o.o.' />
    <tag k='operator:ref:rdl_knf' v='RDL000104' />
    <tag k='shop' v='pawnbroker' />
    <tag k='source:shop' v='Rejestr działalności lombardowej KNF' />
  </node>
  <node id='-1001498' visible='true' version='1' lat='49.6948087' lon='21.7641146'>
    <tag k='addr:city' v='Krosno' />
    <tag k='addr:housenumber' v='10' />
    <tag k='addr:postcode' v='38-400' />
    <tag k='addr:street' v='Piłsudskiego' />
    <tag k='brand' v='Loombard' />
    <tag k='brand:wikidata' v='Q113227799' />
    <tag k='name' v='Loombard' />
    <tag k='operator' v='Lombard Medium  sp. z o.o.' />
    <tag k='operator:ref:rdl_knf' v='RDL000104' />
    <tag k='shop' v='pawnbroker' />
    <tag k='source:shop' v='Rejestr działalności lombardowej KNF' />
  </node>
  <node id='-1001499' visible='true' version='1' lat='51.6968478' lon='17.4384852'>
    <tag k='addr:city' v='Krotoszyn' />
    <tag k='addr:housenumber' v='5' />
    <tag k='addr:postcode' v='63-700' />
    <tag k='addr:street' v='Koźmińska' />
    <tag k='brand' v='Loombard' />
    <tag k='brand:wikidata' v='Q113227799' />
    <tag k='name' v='Loombard' />
    <tag k='operator' v='Lombard Medium  sp. z o.o.' />
    <tag k='operator:ref:rdl_knf' v='RDL000104' />
    <tag k='shop' v='pawnbroker' />
    <tag k='source:shop' v='Rejestr działalności lombardowej KNF' />
  </node>
  <node id='-1001500' visible='true' version='1' lat='50.1414212' lon='19.139555'>
    <tag k='add:flat' v='-' />
    <tag k='addr:city' v='Lędziny' />
    <tag k='addr:housenumber' v='-' />
    <tag k='addr:postcode' v='43-143' />
    <tag k='addr:street' v='Fredry' />
    <tag k='brand' v='Loombard' />
    <tag k='brand:wikidata' v='Q113227799' />
    <tag k='name' v='Loombard' />
    <tag k='operator' v='Lombard Medium  sp. z o.o.' />
    <tag k='operator:ref:rdl_knf' v='RDL000104' />
    <tag k='shop' v='pawnbroker' />
    <tag k='source:shop' v='Rejestr działalności lombardowej KNF' />
  </node>
  <node id='-1001501' visible='true' version='1' lat='50.066416' lon='22.2288281'>
    <tag k='addr:city' v='Łańcut' />
    <tag k='addr:housenumber' v='14' />
    <tag k='addr:postcode' v='37-100' />
    <tag k='addr:street' v='Piłsudskiego' />
    <tag k='brand' v='Loombard' />
    <tag k='brand:wikidata' v='Q113227799' />
    <tag k='name' v='Loombard' />
    <tag k='operator' v='Lombard Medium  sp. z o.o.' />
    <tag k='operator:ref:rdl_knf' v='RDL000104' />
    <tag k='shop' v='pawnbroker' />
    <tag k='source:shop' v='Rejestr działalności lombardowej KNF' />
  </node>
  <node id='-1001502' visible='true' version='1' lat='51.592345' lon='19.1339678'>
    <tag k='addr:city' v='Łask' />
    <tag k='addr:housenumber' v='4' />
    <tag k='addr:postcode' v='98-100' />
    <tag k='addr:street' v='11 Listopada' />
    <tag k='brand' v='Loombard' />
    <tag k='brand:wikidata' v='Q113227799' />
    <tag k='name' v='Loombard' />
    <tag k='operator' v='Lombard Medium  sp. z o.o.' />
    <tag k='operator:ref:rdl_knf' v='RDL000104' />
    <tag k='shop' v='pawnbroker' />
    <tag k='source:shop' v='Rejestr działalności lombardowej KNF' />
  </node>
  <node id='-1001503' visible='true' version='1' lat='50.1485875' lon='18.8403391'>
    <tag k='addr:city' v='Łaziska Górne' />
    <tag k='addr:housenumber' v='2' />
    <tag k='addr:postcode' v='43-170' />
    <tag k='addr:street' v='Wąska' />
    <tag k='brand' v='Loombard' />
    <tag k='brand:wikidata' v='Q113227799' />
    <tag k='name' v='Loombard' />
    <tag k='operator' v='Lombard Medium  sp. z o.o.' />
    <tag k='operator:ref:rdl_knf' v='RDL000104' />
    <tag k='shop' v='pawnbroker' />
    <tag k='source:shop' v='Rejestr działalności lombardowej KNF' />
  </node>
  <node id='-1001504' visible='true' version='1' lat='52.05884' lon='19.19645'>
    <tag k='addr:city' v='Łęczyca' />
    <tag k='addr:housenumber' v='15' />
    <tag k='addr:postcode' v='99-100' />
    <tag k='addr:street' v='Kaliska' />
    <tag k='brand' v='Loombard' />
    <tag k='brand:wikidata' v='Q113227799' />
    <tag k='name' v='Loombard' />
    <tag k='operator' v='Lombard Medium  sp. z o.o.' />
    <tag k='operator:ref:rdl_knf' v='RDL000104' />
    <tag k='shop' v='pawnbroker' />
    <tag k='source:shop' v='Rejestr działalności lombardowej KNF' />
  </node>
  <node id='-1001505' visible='true' version='1' lat='52.3398178' lon='20.8910759'>
    <tag k='addr:city' v='Łomianki' />
    <tag k='addr:housenumber' v='162' />
    <tag k='addr:postcode' v='05-092' />
    <tag k='addr:street' v='Warszawska' />
    <tag k='brand' v='Loombard' />
    <tag k='brand:wikidata' v='Q113227799' />
    <tag k='name' v='Loombard' />
    <tag k='operator' v='Lombard Medium  sp. z o.o.' />
    <tag k='operator:ref:rdl_knf' v='RDL000104' />
    <tag k='shop' v='pawnbroker' />
    <tag k='source:shop' v='Rejestr działalności lombardowej KNF' />
  </node>
  <node id='-1001506' visible='true' version='1' lat='53.1777223' lon='22.0728807'>
    <tag k='add:flat' v='30' />
    <tag k='addr:city' v='Łomża' />
    <tag k='addr:housenumber' v='50' />
    <tag k='addr:postcode' v='18-400' />
    <tag k='addr:street' v='Aleja Legionów' />
    <tag k='brand' v='Loombard' />
    <tag k='brand:wikidata' v='Q113227799' />
    <tag k='name' v='Loombard' />
    <tag k='operator' v='Lombard Medium  sp. z o.o.' />
    <tag k='operator:ref:rdl_knf' v='RDL000104' />
    <tag k='shop' v='pawnbroker' />
    <tag k='source:shop' v='Rejestr działalności lombardowej KNF' />
  </node>
  <node id='-1001507' visible='true' version='1' lat='51.7431223' lon='22.2629745'>
    <tag k='addr:city' v='Łuków' />
    <tag k='addr:housenumber' v='11' />
    <tag k='addr:postcode' v='21-400' />
    <tag k='addr:street' v='Kardynała Stefana Wyszyńskiego' />
    <tag k='brand' v='Loombard' />
    <tag k='brand:wikidata' v='Q113227799' />
    <tag k='name' v='Loombard' />
    <tag k='operator' v='Lombard Medium  sp. z o.o.' />
    <tag k='operator:ref:rdl_knf' v='RDL000104' />
    <tag k='shop' v='pawnbroker' />
    <tag k='source:shop' v='Rejestr działalności lombardowej KNF' />
  </node>
  <node id='-1001508' visible='true' version='1' lat='51.9817781' lon='22.7710902'>
    <tag k='add:flat' v='1' />
    <tag k='addr:city' v='Międzyrzec Podlaski' />
    <tag k='addr:housenumber' v='16' />
    <tag k='addr:postcode' v='21-560' />
    <tag k='addr:street' v='Lubelska' />
    <tag k='brand' v='Loombard' />
    <tag k='brand:wikidata' v='Q113227799' />
    <tag k='name' v='Loombard' />
    <tag k='operator' v='Lombard Medium  sp. z o.o.' />
    <tag k='operator:ref:rdl_knf' v='RDL000104' />
    <tag k='shop' v='pawnbroker' />
    <tag k='source:shop' v='Rejestr działalności lombardowej KNF' />
  </node>
  <node id='-1001509' visible='true' version='1' lat='52.1786683' lon='21.5717694'>
    <tag k='addr:city' v='Mińsk Mazowiecki' />
    <tag k='addr:housenumber' v='3' />
    <tag k='addr:postcode' v='05-300' />
    <tag k='addr:street' v='Stary Rynek' />
    <tag k='brand' v='Loombard' />
    <tag k='brand:wikidata' v='Q113227799' />
    <tag k='name' v='Loombard' />
    <tag k='operator' v='Lombard Medium  sp. z o.o.' />
    <tag k='operator:ref:rdl_knf' v='RDL000104' />
    <tag k='shop' v='pawnbroker' />
    <tag k='source:shop' v='Rejestr działalności lombardowej KNF' />
  </node>
  <node id='-1001510' visible='true' version='1' lat='52.1858546' lon='21.5464463'>
    <tag k='addr:city' v='Mińsk Mazowiecki' />
    <tag k='addr:housenumber' v='115B' />
    <tag k='addr:postcode' v='05-300' />
    <tag k='addr:street' v='Warszawska' />
    <tag k='brand' v='Loombard' />
    <tag k='brand:wikidata' v='Q113227799' />
    <tag k='name' v='Loombard' />
    <tag k='operator' v='Lombard Medium  sp. z o.o.' />
    <tag k='operator:ref:rdl_knf' v='RDL000104' />
    <tag k='shop' v='pawnbroker' />
    <tag k='source:shop' v='Rejestr działalności lombardowej KNF' />
  </node>
  <node id='-1001511' visible='true' version='1' lat='52.9237911' lon='14.867568'>
    <tag k='addr:city' v='Myslibórz' />
    <tag k='addr:housenumber' v='61' />
    <tag k='addr:postcode' v='74-300' />
    <tag k='addr:street' v='Bohaterów Warszawy' />
    <tag k='brand' v='Loombard' />
    <tag k='brand:wikidata' v='Q113227799' />
    <tag k='name' v='Loombard' />
    <tag k='operator' v='Lombard Medium  sp. z o.o.' />
    <tag k='operator:ref:rdl_knf' v='RDL000104' />
    <tag k='shop' v='pawnbroker' />
    <tag k='source:shop' v='Rejestr działalności lombardowej KNF' />
  </node>
  <node id='-1001512' visible='true' version='1' lat='50.5180009' lon='22.1454984'>
    <tag k='addr:city' v='Nisko' />
    <tag k='addr:housenumber' v='2' />
    <tag k='addr:postcode' v='37-400' />
    <tag k='addr:street' v='Wolności' />
    <tag k='brand' v='Loombard' />
    <tag k='brand:wikidata' v='Q113227799' />
    <tag k='name' v='Loombard' />
    <tag k='operator' v='Lombard Medium  sp. z o.o.' />
    <tag k='operator:ref:rdl_knf' v='RDL000104' />
    <tag k='shop' v='pawnbroker' />
    <tag k='source:shop' v='Rejestr działalności lombardowej KNF' />
  </node>
  <node id='-1001513' visible='true' version='1' lat='50.5784851' lon='16.5013523'>
    <tag k='addr:city' v='Nowa Ruda' />
    <tag k='addr:housenumber' v='2' />
    <tag k='addr:postcode' v='57-400' />
    <tag k='addr:street' v='Kolejowa' />
    <tag k='brand' v='Loombard' />
    <tag k='brand:wikidata' v='Q113227799' />
    <tag k='name' v='Loombard' />
    <tag k='operator' v='Lombard Medium  sp. z o.o.' />
    <tag k='operator:ref:rdl_knf' v='RDL000104' />
    <tag k='shop' v='pawnbroker' />
    <tag k='source:shop' v='Rejestr działalności lombardowej KNF' />
  </node>
  <node id='-1001514' visible='true' version='1' lat='49.6175875' lon='20.6992544'>
    <tag k='addr:city' v='Nowy Sącz' />
    <tag k='addr:housenumber' v='45' />
    <tag k='addr:postcode' v='33-300' />
    <tag k='addr:street' v='Długosza' />
    <tag k='brand' v='Loombard' />
    <tag k='brand:wikidata' v='Q113227799' />
    <tag k='name' v='Loombard' />
    <tag k='operator' v='Lombard Medium  sp. z o.o.' />
    <tag k='operator:ref:rdl_knf' v='RDL000104' />
    <tag k='shop' v='pawnbroker' />
    <tag k='source:shop' v='Rejestr działalności lombardowej KNF' />
  </node>
  <node id='-1001515' visible='true' version='1' lat='50.4699747' lon='17.3373728'>
    <tag k='addr:city' v='Nysa' />
    <tag k='addr:housenumber' v='7' />
    <tag k='addr:postcode' v='48-304' />
    <tag k='addr:street' v='Prudnicka' />
    <tag k='brand' v='Loombard' />
    <tag k='brand:wikidata' v='Q113227799' />
    <tag k='name' v='Loombard' />
    <tag k='operator' v='Lombard Medium  sp. z o.o.' />
    <tag k='operator:ref:rdl_knf' v='RDL000104' />
    <tag k='shop' v='pawnbroker' />
    <tag k='source:shop' v='Rejestr działalności lombardowej KNF' />
  </node>
  <node id='-1001516' visible='true' version='1' lat='50.473228' lon='17.3339499'>
    <tag k='addr:city' v='Nysa' />
    <tag k='addr:housenumber' v='1' />
    <tag k='addr:postcode' v='48-303' />
    <tag k='addr:street' v='Grzybowa' />
    <tag k='brand' v='Loombard' />
    <tag k='brand:wikidata' v='Q113227799' />
    <tag k='name' v='Loombard' />
    <tag k='operator' v='Lombard Medium  sp. z o.o.' />
    <tag k='operator:ref:rdl_knf' v='RDL000104' />
    <tag k='shop' v='pawnbroker' />
    <tag k='source:shop' v='Rejestr działalności lombardowej KNF' />
  </node>
  <node id='-1001517' visible='true' version='1' lat='53.0851193' lon='21.573256'>
    <tag k='addr:city' v='Ostrołęka' />
    <tag k='addr:housenumber' v='13A' />
    <tag k='addr:postcode' v='07-410' />
    <tag k='addr:street' v='Piłsudskiego' />
    <tag k='brand' v='Loombard' />
    <tag k='brand:wikidata' v='Q113227799' />
    <tag k='name' v='Loombard' />
    <tag k='operator' v='Lombard Medium  sp. z o.o.' />
    <tag k='operator:ref:rdl_knf' v='RDL000104' />
    <tag k='shop' v='pawnbroker' />
    <tag k='source:shop' v='Rejestr działalności lombardowej KNF' />
  </node>
  <node id='-1001518' visible='true' version='1' lat='52.7995729' lon='21.894741'>
    <tag k='addr:city' v='Ostrów Mazowiecka' />
    <tag k='addr:housenumber' v='17' />
    <tag k='addr:postcode' v='07-300' />
    <tag k='addr:street' v='Mieczkowskiego' />
    <tag k='brand' v='Loombard' />
    <tag k='brand:wikidata' v='Q113227799' />
    <tag k='name' v='Loombard' />
    <tag k='operator' v='Lombard Medium  sp. z o.o.' />
    <tag k='operator:ref:rdl_knf' v='RDL000104' />
    <tag k='shop' v='pawnbroker' />
    <tag k='source:shop' v='Rejestr działalności lombardowej KNF' />
  </node>
  <node id='-1001519' visible='true' version='1' lat='51.650425' lon='17.8165245'>
    <tag k='addr:city' v='Ostrów Wielkopolski' />
    <tag k='addr:housenumber' v='27' />
    <tag k='addr:postcode' v='63-400' />
    <tag k='addr:street' v='Rynek' />
    <tag k='brand' v='Loombard' />
    <tag k='brand:wikidata' v='Q113227799' />
    <tag k='name' v='Loombard' />
    <tag k='operator' v='Lombard Medium  sp. z o.o.' />
    <tag k='operator:ref:rdl_knf' v='RDL000104' />
    <tag k='shop' v='pawnbroker' />
    <tag k='source:shop' v='Rejestr działalności lombardowej KNF' />
  </node>
  <node id='-1001520' visible='true' version='1' lat='51.4266545' lon='17.9329426'>
    <tag k='addr:city' v='Ostrzeszów' />
    <tag k='addr:housenumber' v='4' />
    <tag k='addr:postcode' v='63-500' />
    <tag k='addr:street' v='Zamkowa' />
    <tag k='brand' v='Loombard' />
    <tag k='brand:wikidata' v='Q113227799' />
    <tag k='name' v='Loombard' />
    <tag k='operator' v='Lombard Medium  sp. z o.o.' />
    <tag k='operator:ref:rdl_knf' v='RDL000104' />
    <tag k='shop' v='pawnbroker' />
    <tag k='source:shop' v='Rejestr działalności lombardowej KNF' />
  </node>
  <node id='-1001521' visible='true' version='1' lat='50.0370143' lon='19.2216137'>
    <tag k='addr:city' v='Oświęcim' />
    <tag k='addr:housenumber' v='5' />
    <tag k='addr:postcode' v='32-600' />
    <tag k='addr:street' v='Piastowska' />
    <tag k='brand' v='Loombard' />
    <tag k='brand:wikidata' v='Q113227799' />
    <tag k='name' v='Loombard' />
    <tag k='operator' v='Lombard Medium  sp. z o.o.' />
    <tag k='operator:ref:rdl_knf' v='RDL000104' />
    <tag k='shop' v='pawnbroker' />
    <tag k='source:shop' v='Rejestr działalności lombardowej KNF' />
  </node>
  <node id='-1001522' visible='true' version='1' lat='50.6760082' lon='18.2209371'>
    <tag k='addr:city' v='Ozimek' />
    <tag k='addr:housenumber' v='28' />
    <tag k='addr:postcode' v='46-040' />
    <tag k='addr:street' v='Wyzwolenia' />
    <tag k='brand' v='Loombard' />
    <tag k='brand:wikidata' v='Q113227799' />
    <tag k='name' v='Loombard' />
    <tag k='operator' v='Lombard Medium  sp. z o.o.' />
    <tag k='operator:ref:rdl_knf' v='RDL000104' />
    <tag k='shop' v='pawnbroker' />
    <tag k='source:shop' v='Rejestr działalności lombardowej KNF' />
  </node>
  <node id='-1001523' visible='true' version='1' lat='51.9621637' lon='19.2900303'>
    <tag k='addr:city' v='Ozorków' />
    <tag k='addr:housenumber' v='9 D' />
    <tag k='addr:postcode' v='95-035' />
    <tag k='addr:street' v='Starzyńskiego' />
    <tag k='brand' v='Loombard' />
    <tag k='brand:wikidata' v='Q113227799' />
    <tag k='name' v='Loombard' />
    <tag k='operator' v='Lombard Medium  sp. z o.o.' />
    <tag k='operator:ref:rdl_knf' v='RDL000104' />
    <tag k='shop' v='pawnbroker' />
    <tag k='source:shop' v='Rejestr działalności lombardowej KNF' />
  </node>
  <node id='-1001524' visible='true' version='1' lat='51.6417603' lon='22.9003171'>
    <tag k='addr:city' v='Parczew' />
    <tag k='addr:housenumber' v='29' />
    <tag k='addr:postcode' v='21-200' />
    <tag k='addr:street' v='Plac Wolności' />
    <tag k='brand' v='Loombard' />
    <tag k='brand:wikidata' v='Q113227799' />
    <tag k='name' v='Loombard' />
    <tag k='operator' v='Lombard Medium  sp. z o.o.' />
    <tag k='operator:ref:rdl_knf' v='RDL000104' />
    <tag k='shop' v='pawnbroker' />
    <tag k='source:shop' v='Rejestr działalności lombardowej KNF' />
  </node>
  <node id='-1001525' visible='true' version='1' lat='52.1832575' lon='20.8413443'>
    <tag k='addr:city' v='Piastów' />
    <tag k='addr:housenumber' v='10' />
    <tag k='addr:postcode' v='05-820' />
    <tag k='addr:street' v='Hallera' />
    <tag k='brand' v='Loombard' />
    <tag k='brand:wikidata' v='Q113227799' />
    <tag k='name' v='Loombard' />
    <tag k='operator' v='Lombard Medium  sp. z o.o.' />
    <tag k='operator:ref:rdl_knf' v='RDL000104' />
    <tag k='shop' v='pawnbroker' />
    <tag k='source:shop' v='Rejestr działalności lombardowej KNF' />
  </node>
  <node id='-1001526' visible='true' version='1' lat='51.4180482' lon='21.9645942'>
    <tag k='addr:city' v='Puławy' />
    <tag k='addr:housenumber' v='10' />
    <tag k='addr:postcode' v='24-100' />
    <tag k='addr:street' v='Centralna' />
    <tag k='brand' v='Loombard' />
    <tag k='brand:wikidata' v='Q113227799' />
    <tag k='name' v='Loombard' />
    <tag k='operator' v='Lombard Medium  sp. z o.o.' />
    <tag k='operator:ref:rdl_knf' v='RDL000104' />
    <tag k='shop' v='pawnbroker' />
    <tag k='source:shop' v='Rejestr działalności lombardowej KNF' />
  </node>
  <node id='-1001527' visible='true' version='1' lat='52.7075691' lon='21.082474'>
    <tag k='addr:city' v='Pułtusk' />
    <tag k='addr:housenumber' v='7C' />
    <tag k='addr:postcode' v='06-100' />
    <tag k='addr:street' v='Aleja Wojska Polskiego' />
    <tag k='brand' v='Loombard' />
    <tag k='brand:wikidata' v='Q113227799' />
    <tag k='name' v='Loombard' />
    <tag k='operator' v='Lombard Medium  sp. z o.o.' />
    <tag k='operator:ref:rdl_knf' v='RDL000104' />
    <tag k='shop' v='pawnbroker' />
    <tag k='source:shop' v='Rejestr działalności lombardowej KNF' />
  </node>
  <node id='-1001528' visible='true' version='1' lat='51.7629285' lon='20.2541469'>
    <tag k='addr:city' v='Rawa Mazowiecka' />
    <tag k='addr:housenumber' v='6' />
    <tag k='addr:postcode' v='96-200' />
    <tag k='addr:street' v='Krakowska' />
    <tag k='brand' v='Loombard' />
    <tag k='brand:wikidata' v='Q113227799' />
    <tag k='name' v='Loombard' />
    <tag k='operator' v='Lombard Medium  sp. z o.o.' />
    <tag k='operator:ref:rdl_knf' v='RDL000104' />
    <tag k='shop' v='pawnbroker' />
    <tag k='source:shop' v='Rejestr działalności lombardowej KNF' />
  </node>
  <node id='-1001529' visible='true' version='1' lat='51.5944309' lon='18.7354715'>
    <tag k='addr:city' v='Sieradz' />
    <tag k='addr:housenumber' v='6A' />
    <tag k='addr:postcode' v='98-200' />
    <tag k='addr:street' v='Kościuszki' />
    <tag k='brand' v='Loombard' />
    <tag k='brand:wikidata' v='Q113227799' />
    <tag k='name' v='Loombard' />
    <tag k='operator' v='Lombard Medium  sp. z o.o.' />
    <tag k='operator:ref:rdl_knf' v='RDL000104' />
    <tag k='shop' v='pawnbroker' />
    <tag k='source:shop' v='Rejestr działalności lombardowej KNF' />
  </node>
  <node id='-1001530' visible='true' version='1' lat='49.9746747' lon='19.8262522'>
    <tag k='add:flat' v='2' />
    <tag k='addr:city' v='Skawina' />
    <tag k='addr:housenumber' v='4' />
    <tag k='addr:postcode' v='32-050' />
    <tag k='addr:street' v='Rynek' />
    <tag k='brand' v='Loombard' />
    <tag k='brand:wikidata' v='Q113227799' />
    <tag k='name' v='Loombard' />
    <tag k='operator' v='Lombard Medium  sp. z o.o.' />
    <tag k='operator:ref:rdl_knf' v='RDL000104' />
    <tag k='shop' v='pawnbroker' />
    <tag k='source:shop' v='Rejestr działalności lombardowej KNF' />
  </node>
  <node id='-1001531' visible='true' version='1' lat='51.9770932' lon='20.1492401'>
    <tag k='addr:city' v='Skierniewice' />
    <tag k='addr:housenumber' v='10' />
    <tag k='addr:postcode' v='96-100' />
    <tag k='addr:street' v='Łuczyńskiego' />
    <tag k='brand' v='Loombard' />
    <tag k='brand:wikidata' v='Q113227799' />
    <tag k='name' v='Loombard' />
    <tag k='operator' v='Lombard Medium  sp. z o.o.' />
    <tag k='operator:ref:rdl_knf' v='RDL000104' />
    <tag k='shop' v='pawnbroker' />
    <tag k='source:shop' v='Rejestr działalności lombardowej KNF' />
  </node>
  <node id='-1001532' visible='true' version='1' lat='51.9555593' lon='20.1422843'>
    <tag k='addr:city' v='Skierniewice' />
    <tag k='addr:housenumber' v='12' />
    <tag k='addr:postcode' v='96-100' />
    <tag k='addr:street' v='Batorego' />
    <tag k='brand' v='Loombard' />
    <tag k='brand:wikidata' v='Q113227799' />
    <tag k='name' v='Loombard' />
    <tag k='operator' v='Lombard Medium  sp. z o.o.' />
    <tag k='operator:ref:rdl_knf' v='RDL000104' />
    <tag k='shop' v='pawnbroker' />
    <tag k='source:shop' v='Rejestr działalności lombardowej KNF' />
  </node>
  <node id='-1001533' visible='true' version='1' lat='52.2877102' lon='17.8704058'>
    <tag k='addr:city' v='Słupca' />
    <tag k='addr:housenumber' v='1' />
    <tag k='addr:postcode' v='62-400' />
    <tag k='addr:street' v='Poznańska' />
    <tag k='brand' v='Loombard' />
    <tag k='brand:wikidata' v='Q113227799' />
    <tag k='name' v='Loombard' />
    <tag k='operator' v='Lombard Medium  sp. z o.o.' />
    <tag k='operator:ref:rdl_knf' v='RDL000104' />
    <tag k='shop' v='pawnbroker' />
    <tag k='source:shop' v='Rejestr działalności lombardowej KNF' />
  </node>
  <node id='-1001534' visible='true' version='1' lat='51.040093' lon='21.0833314'>
    <tag k='addr:city' v='Starachowice' />
    <tag k='addr:housenumber' v='13' />
    <tag k='addr:postcode' v='27-200' />
    <tag k='addr:street' v='Spółdzielcza' />
    <tag k='brand' v='Loombard' />
    <tag k='brand:wikidata' v='Q113227799' />
    <tag k='name' v='Loombard' />
    <tag k='operator' v='Lombard Medium  sp. z o.o.' />
    <tag k='operator:ref:rdl_knf' v='RDL000104' />
    <tag k='shop' v='pawnbroker' />
    <tag k='source:shop' v='Rejestr działalności lombardowej KNF' />
  </node>
  <node id='-1001535' visible='true' version='1' lat='50.5640299' lon='21.1683032'>
    <tag k='addr:city' v='Staszów' />
    <tag k='addr:housenumber' v='4' />
    <tag k='addr:postcode' v='28-200' />
    <tag k='addr:street' v='Rynek' />
    <tag k='brand' v='Loombard' />
    <tag k='brand:wikidata' v='Q113227799' />
    <tag k='name' v='Loombard' />
    <tag k='operator' v='Lombard Medium  sp. z o.o.' />
    <tag k='operator:ref:rdl_knf' v='RDL000104' />
    <tag k='shop' v='pawnbroker' />
    <tag k='source:shop' v='Rejestr działalności lombardowej KNF' />
  </node>
  <node id='-1001536' visible='true' version='1' lat='50.9599494' lon='16.3495888'>
    <tag k='addr:city' v='Strzegom' />
    <tag k='addr:housenumber' v='30' />
    <tag k='addr:postcode' v='58-150' />
    <tag k='addr:street' v='Jarosława Dąbrowskiego' />
    <tag k='brand' v='Loombard' />
    <tag k='brand:wikidata' v='Q113227799' />
    <tag k='name' v='Loombard' />
    <tag k='operator' v='Lombard Medium  sp. z o.o.' />
    <tag k='operator:ref:rdl_knf' v='RDL000104' />
    <tag k='shop' v='pawnbroker' />
    <tag k='source:shop' v='Rejestr działalności lombardowej KNF' />
  </node>
  <node id='-1001537' visible='true' version='1' lat='54.104826' lon='22.9314435'>
    <tag k='addr:city' v='Suwałki' />
    <tag k='addr:housenumber' v='93' />
    <tag k='addr:postcode' v='16-400' />
    <tag k='addr:street' v='Noniewicza' />
    <tag k='brand' v='Loombard' />
    <tag k='brand:wikidata' v='Q113227799' />
    <tag k='name' v='Loombard' />
    <tag k='operator' v='Lombard Medium  sp. z o.o.' />
    <tag k='operator:ref:rdl_knf' v='RDL000104' />
    <tag k='shop' v='pawnbroker' />
    <tag k='source:shop' v='Rejestr działalności lombardowej KNF' />
  </node>
  <node id='-1001538' visible='true' version='1' lat='51.2251533' lon='20.8608212'>
    <tag k='addr:city' v='Szydłowiec' />
    <tag k='addr:housenumber' v='184' />
    <tag k='addr:postcode' v='26-500' />
    <tag k='addr:street' v='Kościuszki' />
    <tag k='brand' v='Loombard' />
    <tag k='brand:wikidata' v='Q113227799' />
    <tag k='name' v='Loombard' />
    <tag k='operator' v='Lombard Medium  sp. z o.o.' />
    <tag k='operator:ref:rdl_knf' v='RDL000104' />
    <tag k='shop' v='pawnbroker' />
    <tag k='source:shop' v='Rejestr działalności lombardowej KNF' />
  </node>
  <node id='-1001539' visible='true' version='1' lat='52.093608' lon='17.023683'>
    <tag k='addr:city' v='Śrem' />
    <tag k='addr:housenumber' v='1' />
    <tag k='addr:postcode' v='63-100' />
    <tag k='addr:street' v='Wielka Rzeźnicka' />
    <tag k='brand' v='Loombard' />
    <tag k='brand:wikidata' v='Q113227799' />
    <tag k='name' v='Loombard' />
    <tag k='operator' v='Lombard Medium  sp. z o.o.' />
    <tag k='operator:ref:rdl_knf' v='RDL000104' />
    <tag k='shop' v='pawnbroker' />
    <tag k='source:shop' v='Rejestr działalności lombardowej KNF' />
  </node>
  <node id='-1001540' visible='true' version='1' lat='52.0795983' lon='17.0068328'>
    <tag k='addr:city' v='Śrem' />
    <tag k='addr:housenumber' v='19B' />
    <tag k='addr:postcode' v='63-100' />
    <tag k='addr:street' v='Chłapowskiego' />
    <tag k='brand' v='Loombard' />
    <tag k='brand:wikidata' v='Q113227799' />
    <tag k='name' v='Loombard' />
    <tag k='operator' v='Lombard Medium  sp. z o.o.' />
    <tag k='operator:ref:rdl_knf' v='RDL000104' />
    <tag k='shop' v='pawnbroker' />
    <tag k='source:shop' v='Rejestr działalności lombardowej KNF' />
  </node>
  <node id='-1001541' visible='true' version='1' lat='51.164155' lon='16.5931201'>
    <tag k='add:flat' v='1' />
    <tag k='addr:city' v='Środa Śląska' />
    <tag k='addr:housenumber' v='80' />
    <tag k='addr:postcode' v='55-300' />
    <tag k='addr:street' v='Pl. Wolności' />
    <tag k='brand' v='Loombard' />
    <tag k='brand:wikidata' v='Q113227799' />
    <tag k='name' v='Loombard' />
    <tag k='operator' v='Lombard Medium  sp. z o.o.' />
    <tag k='operator:ref:rdl_knf' v='RDL000104' />
    <tag k='shop' v='pawnbroker' />
    <tag k='source:shop' v='Rejestr działalności lombardowej KNF' />
  </node>
  <node id='-1001542' visible='true' version='1' lat='51.310738' lon='17.0649255'>
    <tag k='addr:city' v='Trzebnica' />
    <tag k='addr:housenumber' v='26E' />
    <tag k='addr:postcode' v='55-100' />
    <tag k='addr:street' v='Henryka Pobożnego' />
    <tag k='brand' v='Loombard' />
    <tag k='brand:wikidata' v='Q113227799' />
    <tag k='name' v='Loombard' />
    <tag k='operator' v='Lombard Medium  sp. z o.o.' />
    <tag k='operator:ref:rdl_knf' v='RDL000104' />
    <tag k='shop' v='pawnbroker' />
    <tag k='source:shop' v='Rejestr działalności lombardowej KNF' />
  </node>
  <node id='-1001543' visible='true' version='1' lat='52.01545' lon='18.49932'>
    <tag k='addr:city' v='Turek' />
    <tag k='addr:housenumber' v='13' />
    <tag k='addr:postcode' v='62-700' />
    <tag k='addr:street' v='Kaliska' />
    <tag k='brand' v='Loombard' />
    <tag k='brand:wikidata' v='Q113227799' />
    <tag k='name' v='Loombard' />
    <tag k='operator' v='Lombard Medium  sp. z o.o.' />
    <tag k='operator:ref:rdl_knf' v='RDL000104' />
    <tag k='shop' v='pawnbroker' />
    <tag k='source:shop' v='Rejestr działalności lombardowej KNF' />
  </node>
  <node id='-1001544' visible='true' version='1' lat='49.7192487' lon='18.8128018'>
    <tag k='addr:city' v='Ustroń' />
    <tag k='addr:housenumber' v='2' />
    <tag k='addr:postcode' v='43-450' />
    <tag k='addr:street' v='Ignacego Daszyńskiego' />
    <tag k='brand' v='Loombard' />
    <tag k='brand:wikidata' v='Q113227799' />
    <tag k='name' v='Loombard' />
    <tag k='operator' v='Lombard Medium  sp. z o.o.' />
    <tag k='operator:ref:rdl_knf' v='RDL000104' />
    <tag k='shop' v='pawnbroker' />
    <tag k='source:shop' v='Rejestr działalności lombardowej KNF' />
  </node>
  <node id='-1001545' visible='true' version='1' lat='52.2204927' lon='20.9853583'>
    <tag k='addr:city' v='Warszawa' />
    <tag k='addr:housenumber' v='31' />
    <tag k='addr:postcode' v='02-030' />
    <tag k='addr:street' v='Grójecka' />
    <tag k='brand' v='Loombard' />
    <tag k='brand:wikidata' v='Q113227799' />
    <tag k='name' v='Loombard' />
    <tag k='operator' v='Lombard Medium  sp. z o.o.' />
    <tag k='operator:ref:rdl_knf' v='RDL000104' />
    <tag k='shop' v='pawnbroker' />
    <tag k='source:shop' v='Rejestr działalności lombardowej KNF' />
  </node>
  <node id='-1001546' visible='true' version='1' lat='52.396983' lon='22.0154296'>
    <tag k='addr:city' v='Węgrów' />
    <tag k='addr:housenumber' v='1' />
    <tag k='addr:postcode' v='07-100' />
    <tag k='addr:street' v='Przemysłowa' />
    <tag k='brand' v='Loombard' />
    <tag k='brand:wikidata' v='Q113227799' />
    <tag k='name' v='Loombard' />
    <tag k='operator' v='Lombard Medium  sp. z o.o.' />
    <tag k='operator:ref:rdl_knf' v='RDL000104' />
    <tag k='shop' v='pawnbroker' />
    <tag k='source:shop' v='Rejestr działalności lombardowej KNF' />
  </node>
  <node id='-1001547' visible='true' version='1' lat='49.9835293' lon='20.0620495'>
    <tag k='addr:city' v='Wieliczka' />
    <tag k='addr:housenumber' v='2' />
    <tag k='addr:postcode' v='32-020' />
    <tag k='addr:street' v='Szpunara' />
    <tag k='brand' v='Loombard' />
    <tag k='brand:wikidata' v='Q113227799' />
    <tag k='name' v='Loombard' />
    <tag k='operator' v='Lombard Medium  sp. z o.o.' />
    <tag k='operator:ref:rdl_knf' v='RDL000104' />
    <tag k='shop' v='pawnbroker' />
    <tag k='source:shop' v='Rejestr działalności lombardowej KNF' />
  </node>
  <node id='-1001548' visible='true' version='1' lat='49.9833818' lon='20.0667883'>
    <tag k='addr:city' v='Wieliczka' />
    <tag k='addr:housenumber' v='11' />
    <tag k='addr:postcode' v='32-020' />
    <tag k='addr:street' v='Słowackiego' />
    <tag k='brand' v='Loombard' />
    <tag k='brand:wikidata' v='Q113227799' />
    <tag k='name' v='Loombard' />
    <tag k='operator' v='Lombard Medium  sp. z o.o.' />
    <tag k='operator:ref:rdl_knf' v='RDL000104' />
    <tag k='shop' v='pawnbroker' />
    <tag k='source:shop' v='Rejestr działalności lombardowej KNF' />
  </node>
  <node id='-1001549' visible='true' version='1' lat='52.6539831' lon='19.0663302'>
    <tag k='addr:city' v='Włocławek' />
    <tag k='addr:housenumber' v='12' />
    <tag k='addr:postcode' v='87-800' />
    <tag k='addr:street' v='Plac Wolności' />
    <tag k='brand' v='Loombard' />
    <tag k='brand:wikidata' v='Q113227799' />
    <tag k='name' v='Loombard' />
    <tag k='operator' v='Lombard Medium  sp. z o.o.' />
    <tag k='operator:ref:rdl_knf' v='RDL000104' />
    <tag k='shop' v='pawnbroker' />
    <tag k='source:shop' v='Rejestr działalności lombardowej KNF' />
  </node>
  <node id='-1001550' visible='true' version='1' lat='52.6547774' lon='19.0731306'>
    <tag k='addr:city' v='Włocławek' />
    <tag k='addr:housenumber' v='18' />
    <tag k='addr:postcode' v='87-800' />
    <tag k='addr:street' v='Zielony Rynek' />
    <tag k='brand' v='Loombard' />
    <tag k='brand:wikidata' v='Q113227799' />
    <tag k='name' v='Loombard' />
    <tag k='operator' v='Lombard Medium  sp. z o.o.' />
    <tag k='operator:ref:rdl_knf' v='RDL000104' />
    <tag k='shop' v='pawnbroker' />
    <tag k='source:shop' v='Rejestr działalności lombardowej KNF' />
  </node>
  <node id='-1001551' visible='true' version='1' lat='52.6412847' lon='19.0513651'>
    <tag k='addr:city' v='Włocławek' />
    <tag k='addr:housenumber' v='78' />
    <tag k='addr:postcode' v='87-800' />
    <tag k='addr:street' v='Kaliska' />
    <tag k='brand' v='Loombard' />
    <tag k='brand:wikidata' v='Q113227799' />
    <tag k='name' v='Loombard' />
    <tag k='operator' v='Lombard Medium  sp. z o.o.' />
    <tag k='operator:ref:rdl_knf' v='RDL000104' />
    <tag k='shop' v='pawnbroker' />
    <tag k='source:shop' v='Rejestr działalności lombardowej KNF' />
  </node>
  <node id='-1001552' visible='true' version='1' lat='52.5937035' lon='21.4583135'>
    <tag k='addr:city' v='Wyszków' />
    <tag k='addr:housenumber' v='20' />
    <tag k='addr:postcode' v='07-200' />
    <tag k='addr:street' v='Daszyńskiego' />
    <tag k='brand' v='Loombard' />
    <tag k='brand:wikidata' v='Q113227799' />
    <tag k='name' v='Loombard' />
    <tag k='operator' v='Lombard Medium  sp. z o.o.' />
    <tag k='operator:ref:rdl_knf' v='RDL000104' />
    <tag k='shop' v='pawnbroker' />
    <tag k='source:shop' v='Rejestr działalności lombardowej KNF' />
  </node>
  <node id='-1001553' visible='true' version='1' lat='50.3387343' lon='18.7812081'>
    <tag k='addr:city' v='Zabrze' />
    <tag k='addr:housenumber' v='76' />
    <tag k='addr:postcode' v='41-807' />
    <tag k='addr:street' v='Tarnopolska' />
    <tag k='brand' v='Loombard' />
    <tag k='brand:wikidata' v='Q113227799' />
    <tag k='name' v='Loombard' />
    <tag k='operator' v='Lombard Medium  sp. z o.o.' />
    <tag k='operator:ref:rdl_knf' v='RDL000104' />
    <tag k='shop' v='pawnbroker' />
    <tag k='source:shop' v='Rejestr działalności lombardowej KNF' />
  </node>
  <node id='-1001554' visible='true' version='1' lat='49.2919906' lon='19.9599639'>
    <tag k='addr:city' v='Zakopane' />
    <tag k='addr:housenumber' v='75' />
    <tag k='addr:postcode' v='34-500' />
    <tag k='addr:street' v='Krupówki' />
    <tag k='brand' v='Loombard' />
    <tag k='brand:wikidata' v='Q113227799' />
    <tag k='name' v='Loombard' />
    <tag k='operator' v='Lombard Medium  sp. z o.o.' />
    <tag k='operator:ref:rdl_knf' v='RDL000104' />
    <tag k='shop' v='pawnbroker' />
    <tag k='source:shop' v='Rejestr działalności lombardowej KNF' />
  </node>
  <node id='-1001555' visible='true' version='1' lat='51.6000295' lon='18.9372563'>
    <tag k='addr:city' v='Zduńska Wola' />
    <tag k='addr:housenumber' v='18' />
    <tag k='addr:postcode' v='98-200' />
    <tag k='addr:street' v='Łaska' />
    <tag k='brand' v='Loombard' />
    <tag k='brand:wikidata' v='Q113227799' />
    <tag k='name' v='Loombard' />
    <tag k='operator' v='Lombard Medium  sp. z o.o.' />
    <tag k='operator:ref:rdl_knf' v='RDL000104' />
    <tag k='shop' v='pawnbroker' />
    <tag k='source:shop' v='Rejestr działalności lombardowej KNF' />
  </node>
  <node id='-1001556' visible='true' version='1' lat='51.855766' lon='19.4102446'>
    <tag k='addr:city' v='Zgierz' />
    <tag k='addr:housenumber' v='15' />
    <tag k='addr:postcode' v='95-100' />
    <tag k='addr:street' v='Długa' />
    <tag k='brand' v='Loombard' />
    <tag k='brand:wikidata' v='Q113227799' />
    <tag k='name' v='Loombard' />
    <tag k='operator' v='Lombard Medium  sp. z o.o.' />
    <tag k='operator:ref:rdl_knf' v='RDL000104' />
    <tag k='shop' v='pawnbroker' />
    <tag k='source:shop' v='Rejestr działalności lombardowej KNF' />
  </node>
  <node id='-1001557' visible='true' version='1' lat='52.6526814' lon='19.0670786'>
    <tag k='add:flat' v='9' />
    <tag k='addr:city' v='Włocławek' />
    <tag k='addr:housenumber' v='7' />
    <tag k='addr:postcode' v='87-800' />
    <tag k='addr:street' v='Warszawska' />
    <tag k='operator' v='Lombard Palmowski sp. z o.o.' />
    <tag k='operator:ref:rdl_knf' v='RDL000193' />
    <tag k='shop' v='pawnbroker' />
    <tag k='source:shop' v='Rejestr działalności lombardowej KNF' />
  </node>
  <node id='-1001558' visible='true' version='1' lat='52.6545609' lon='19.0728449'>
    <tag k='addr:city' v='Włocławek' />
    <tag k='addr:housenumber' v='17' />
    <tag k='addr:postcode' v='87-800' />
    <tag k='addr:street' v='Zielony Rynek' />
    <tag k='operator' v='Lombard Palmowski sp. z o.o.' />
    <tag k='operator:ref:rdl_knf' v='RDL000193' />
    <tag k='shop' v='pawnbroker' />
    <tag k='source:shop' v='Rejestr działalności lombardowej KNF' />
  </node>
  <node id='-1001559' visible='true' version='1' lat='50.4715533' lon='20.7190354'>
    <tag k='addr:city' v='Busko Zdrój' />
    <tag k='addr:housenumber' v='3' />
    <tag k='addr:postcode' v='28-100' />
    <tag k='addr:street' v='Wojska Polskiego' />
    <tag k='operator' v='Lombard Paweł Kobierski  sp. z o.o.' />
    <tag k='operator:ref:rdl_knf' v='RDL000153' />
    <tag k='shop' v='pawnbroker' />
    <tag k='source:shop' v='Rejestr działalności lombardowej KNF' />
  </node>
  <node id='-1001560' visible='true' version='1' lat='50.6143181' lon='20.7503216'>
    <tag k='addr:city' v='Chmielnik' />
    <tag k='addr:housenumber' v='11' />
    <tag k='addr:postcode' v='26-020' />
    <tag k='addr:street' v='Rynek' />
    <tag k='operator' v='Lombard Paweł Kobierski  sp. z o.o.' />
    <tag k='operator:ref:rdl_knf' v='RDL000153' />
    <tag k='shop' v='pawnbroker' />
    <tag k='source:shop' v='Rejestr działalności lombardowej KNF' />
  </node>
  <node id='-1001561' visible='true' version='1' lat='50.5175802' lon='20.5237663'>
    <tag k='addr:city' v='Pińczów' />
    <tag k='addr:housenumber' v='22' />
    <tag k='addr:postcode' v='28-400' />
    <tag k='addr:street' v='Legionistów' />
    <tag k='operator' v='Lombard Paweł Kobierski  sp. z o.o.' />
    <tag k='operator:ref:rdl_knf' v='RDL000153' />
    <tag k='shop' v='pawnbroker' />
    <tag k='source:shop' v='Rejestr działalności lombardowej KNF' />
  </node>
  <node id='-1001562' visible='true' version='1' lat='50.7854912' lon='19.1432331'>
    <tag k='addr:city' v='Częstochowa' />
    <tag k='addr:housenumber' v='120' />
    <tag k='addr:postcode' v='42-207' />
    <tag k='addr:street' v='Al. Wojska Polskiego' />
    <tag k='operator' v='Lombard Pierwszy sp. z o.o.' />
    <tag k='operator:ref:rdl_knf' v='RDL000168' />
    <tag k='shop' v='pawnbroker' />
    <tag k='source:shop' v='Rejestr działalności lombardowej KNF' />
  </node>
  <node id='-1001563' visible='true' version='1' lat='51.36132' lon='19.3658815'>
    <tag k='addr:city' v='Bełchatów' />
    <tag k='addr:housenumber' v='5E' />
    <tag k='addr:postcode' v='97-400' />
    <tag k='addr:street' v='Wojska Polskiego' />
    <tag k='brand' v='Loombard' />
    <tag k='brand:wikidata' v='Q113227799' />
    <tag k='name' v='Loombard' />
    <tag k='operator' v='Lombard Platinum sp. z o.o.' />
    <tag k='operator:ref:rdl_knf' v='RDL000110' />
    <tag k='shop' v='pawnbroker' />
    <tag k='source:shop' v='Rejestr działalności lombardowej KNF' />
  </node>
  <node id='-1001564' visible='true' version='1' lat='51.3681986' lon='19.3693991'>
    <tag k='addr:city' v='Bełchatów' />
    <tag k='addr:housenumber' v='7' />
    <tag k='addr:postcode' v='97-400' />
    <tag k='addr:street' v='Pabianicka' />
    <tag k='brand' v='Loombard' />
    <tag k='brand:wikidata' v='Q113227799' />
    <tag k='name' v='Loombard' />
    <tag k='operator' v='Lombard Platinum sp. z o.o.' />
    <tag k='operator:ref:rdl_knf' v='RDL000110' />
    <tag k='shop' v='pawnbroker' />
    <tag k='source:shop' v='Rejestr działalności lombardowej KNF' />
  </node>
  <node id='-1001565' visible='true' version='1' lat='53.2535637' lon='19.4006136'>
    <tag k='addr:city' v='Brodnica' />
    <tag k='addr:housenumber' v='18' />
    <tag k='addr:postcode' v='87-300' />
    <tag k='addr:street' v='Mostowa' />
    <tag k='brand' v='Loombard' />
    <tag k='brand:wikidata' v='Q113227799' />
    <tag k='name' v='Loombard' />
    <tag k='operator' v='Lombard Platinum sp. z o.o.' />
    <tag k='operator:ref:rdl_knf' v='RDL000110' />
    <tag k='shop' v='pawnbroker' />
    <tag k='source:shop' v='Rejestr działalności lombardowej KNF' />
  </node>
  <node id='-1001566' visible='true' version='1' lat='53.6638283' lon='17.3573264'>
    <tag k='addr:city' v='Człuchów' />
    <tag k='addr:housenumber' v='28' />
    <tag k='addr:postcode' v='77-300' />
    <tag k='addr:street' v='Królewska' />
    <tag k='brand' v='Loombard' />
    <tag k='brand:wikidata' v='Q113227799' />
    <tag k='name' v='Loombard' />
    <tag k='operator' v='Lombard Platinum sp. z o.o.' />
    <tag k='operator:ref:rdl_knf' v='RDL000110' />
    <tag k='shop' v='pawnbroker' />
    <tag k='source:shop' v='Rejestr działalności lombardowej KNF' />
  </node>
  <node id='-1001567' visible='true' version='1' lat='53.8210864' lon='22.3509074'>
    <tag k='add:flat' v='1' />
    <tag k='addr:city' v='Ełk' />
    <tag k='addr:housenumber' v='1' />
    <tag k='addr:postcode' v='19-300' />
    <tag k='addr:street' v='Słowackiego' />
    <tag k='brand' v='Loombard' />
    <tag k='brand:wikidata' v='Q113227799' />
    <tag k='name' v='Loombard' />
    <tag k='operator' v='Lombard Platinum sp. z o.o.' />
    <tag k='operator:ref:rdl_knf' v='RDL000110' />
    <tag k='shop' v='pawnbroker' />
    <tag k='source:shop' v='Rejestr działalności lombardowej KNF' />
  </node>
  <node id='-1001568' visible='true' version='1' lat='52.7996266' lon='18.2550571'>
    <tag k='addr:city' v='Inowrocław' />
    <tag k='addr:housenumber' v='15' />
    <tag k='addr:postcode' v='88-100' />
    <tag k='addr:street' v='Dworcowa' />
    <tag k='brand' v='Loombard' />
    <tag k='brand:wikidata' v='Q113227799' />
    <tag k='name' v='Loombard' />
    <tag k='operator' v='Lombard Platinum sp. z o.o.' />
    <tag k='operator:ref:rdl_knf' v='RDL000110' />
    <tag k='shop' v='pawnbroker' />
    <tag k='source:shop' v='Rejestr działalności lombardowej KNF' />
  </node>
  <node id='-1001569' visible='true' version='1' lat='52.7929037' lon='18.2605023'>
    <tag k='addr:city' v='Inowrocław' />
    <tag k='addr:housenumber' v='8' />
    <tag k='addr:postcode' v='88-100' />
    <tag k='addr:street' v='Świętokrzyska' />
    <tag k='brand' v='Loombard' />
    <tag k='brand:wikidata' v='Q113227799' />
    <tag k='name' v='Loombard' />
    <tag k='operator' v='Lombard Platinum sp. z o.o.' />
    <tag k='operator:ref:rdl_knf' v='RDL000110' />
    <tag k='shop' v='pawnbroker' />
    <tag k='source:shop' v='Rejestr działalności lombardowej KNF' />
  </node>
  <node id='-1001570' visible='true' version='1' lat='50.2692187' lon='19.0360291'>
    <tag k='addr:city' v='Katowice' />
    <tag k='addr:housenumber' v='7' />
    <tag k='addr:postcode' v='40-174' />
    <tag k='addr:street' v='Katowicka' />
    <tag k='brand' v='Loombard' />
    <tag k='brand:wikidata' v='Q113227799' />
    <tag k='name' v='Loombard' />
    <tag k='operator' v='Lombard Platinum sp. z o.o.' />
    <tag k='operator:ref:rdl_knf' v='RDL000110' />
    <tag k='shop' v='pawnbroker' />
    <tag k='source:shop' v='Rejestr działalności lombardowej KNF' />
  </node>
  <node id='-1001571' visible='true' version='1' lat='50.2676236' lon='19.0839106'>
    <tag k='add:flat' v='3A' />
    <tag k='addr:city' v='Katowice' />
    <tag k='addr:housenumber' v='1' />
    <tag k='addr:postcode' v='40-336' />
    <tag k='addr:street' v='Obrońców Westerplatte' />
    <tag k='brand' v='Loombard' />
    <tag k='brand:wikidata' v='Q113227799' />
    <tag k='name' v='Loombard' />
    <tag k='operator' v='Lombard Platinum sp. z o.o.' />
    <tag k='operator:ref:rdl_knf' v='RDL000110' />
    <tag k='shop' v='pawnbroker' />
    <tag k='source:shop' v='Rejestr działalności lombardowej KNF' />
  </node>
  <node id='-1001572' visible='true' version='1' lat='50.2560373' lon='19.0163849'>
    <tag k='addr:city' v='Katowice' />
    <tag k='addr:housenumber' v='10' />
    <tag k='addr:postcode' v='40-061' />
    <tag k='addr:street' v='Andrzeja' />
    <tag k='brand' v='Loombard' />
    <tag k='brand:wikidata' v='Q113227799' />
    <tag k='name' v='Loombard' />
    <tag k='operator' v='Lombard Platinum sp. z o.o.' />
    <tag k='operator:ref:rdl_knf' v='RDL000110' />
    <tag k='shop' v='pawnbroker' />
    <tag k='source:shop' v='Rejestr działalności lombardowej KNF' />
  </node>
  <node id='-1001573' visible='true' version='1' lat='50.2230447' lon='18.9716417'>
    <tag k='addr:city' v='Katowice' />
    <tag k='addr:housenumber' v='14' />
    <tag k='addr:postcode' v='40-715' />
    <tag k='addr:street' v='Słupska' />
    <tag k='brand' v='Loombard' />
    <tag k='brand:wikidata' v='Q113227799' />
    <tag k='name' v='Loombard' />
    <tag k='operator' v='Lombard Platinum sp. z o.o.' />
    <tag k='operator:ref:rdl_knf' v='RDL000110' />
    <tag k='shop' v='pawnbroker' />
    <tag k='source:shop' v='Rejestr działalności lombardowej KNF' />
  </node>
  <node id='-1001574' visible='true' version='1' lat='50.2580406' lon='19.0311884'>
    <tag k='addr:city' v='Katowice' />
    <tag k='addr:housenumber' v='38' />
    <tag k='addr:postcode' v='40-008' />
    <tag k='addr:street' v='Warszawska' />
    <tag k='brand' v='Loombard' />
    <tag k='brand:wikidata' v='Q113227799' />
    <tag k='name' v='Loombard' />
    <tag k='operator' v='Lombard Platinum sp. z o.o.' />
    <tag k='operator:ref:rdl_knf' v='RDL000110' />
    <tag k='shop' v='pawnbroker' />
    <tag k='source:shop' v='Rejestr działalności lombardowej KNF' />
  </node>
  <node id='-1001575' visible='true' version='1' lat='50.9727984' lon='18.2167846'>
    <tag k='addr:city' v='Kluczbork' />
    <tag k='addr:housenumber' v='14' />
    <tag k='addr:postcode' v='46-200' />
    <tag k='addr:street' v='Krakowska' />
    <tag k='brand' v='Loombard' />
    <tag k='brand:wikidata' v='Q113227799' />
    <tag k='name' v='Loombard' />
    <tag k='operator' v='Lombard Platinum sp. z o.o.' />
    <tag k='operator:ref:rdl_knf' v='RDL000110' />
    <tag k='shop' v='pawnbroker' />
    <tag k='source:shop' v='Rejestr działalności lombardowej KNF' />
  </node>
  <node id='-1001576' visible='true' version='1' lat='51.2103022' lon='16.1295602'>
    <tag k='add:flat' v='1C' />
    <tag k='addr:city' v='Legnica' />
    <tag k='addr:housenumber' v='25' />
    <tag k='addr:postcode' v='59-220' />
    <tag k='addr:street' v='Chojnowska' />
    <tag k='brand' v='Loombard' />
    <tag k='brand:wikidata' v='Q113227799' />
    <tag k='name' v='Loombard' />
    <tag k='operator' v='Lombard Platinum sp. z o.o.' />
    <tag k='operator:ref:rdl_knf' v='RDL000110' />
    <tag k='shop' v='pawnbroker' />
    <tag k='source:shop' v='Rejestr działalności lombardowej KNF' />
  </node>
  <node id='-1001577' visible='true' version='1' lat='51.2031136' lon='16.2146694'>
    <tag k='addr:city' v='Legnica' />
    <tag k='addr:housenumber' v='20' />
    <tag k='addr:postcode' v='59-220' />
    <tag k='addr:street' v='Wierzyńskiego' />
    <tag k='brand' v='Loombard' />
    <tag k='brand:wikidata' v='Q113227799' />
    <tag k='name' v='Loombard' />
    <tag k='operator' v='Lombard Platinum sp. z o.o.' />
    <tag k='operator:ref:rdl_knf' v='RDL000110' />
    <tag k='shop' v='pawnbroker' />
    <tag k='source:shop' v='Rejestr działalności lombardowej KNF' />
  </node>
  <node id='-1001578' visible='true' version='1' lat='51.2100966' lon='16.1777326'>
    <tag k='addr:city' v='Legnica' />
    <tag k='addr:housenumber' v='80' />
    <tag k='addr:postcode' v='59-220' />
    <tag k='addr:street' v='Wrocławska' />
    <tag k='brand' v='Loombard' />
    <tag k='brand:wikidata' v='Q113227799' />
    <tag k='name' v='Loombard' />
    <tag k='operator' v='Lombard Platinum sp. z o.o.' />
    <tag k='operator:ref:rdl_knf' v='RDL000110' />
    <tag k='shop' v='pawnbroker' />
    <tag k='source:shop' v='Rejestr działalności lombardowej KNF' />
  </node>
  <node id='-1001579' visible='true' version='1' lat='51.2096067' lon='16.1670747'>
    <tag k='addr:city' v='Legnica' />
    <tag k='addr:housenumber' v='7' />
    <tag k='addr:postcode' v='59-220' />
    <tag k='addr:street' v='Wrocławska' />
    <tag k='brand' v='Loombard' />
    <tag k='brand:wikidata' v='Q113227799' />
    <tag k='name' v='Loombard' />
    <tag k='operator' v='Lombard Platinum sp. z o.o.' />
    <tag k='operator:ref:rdl_knf' v='RDL000110' />
    <tag k='shop' v='pawnbroker' />
    <tag k='source:shop' v='Rejestr działalności lombardowej KNF' />
  </node>
  <node id='-1001580' visible='true' version='1' lat='51.2008701' lon='16.1600483'>
    <tag k='addr:city' v='Legnica' />
    <tag k='addr:housenumber' v='46' />
    <tag k='addr:postcode' v='59-220' />
    <tag k='addr:street' v='Jaworzyńska' />
    <tag k='brand' v='Loombard' />
    <tag k='brand:wikidata' v='Q113227799' />
    <tag k='name' v='Loombard' />
    <tag k='operator' v='Lombard Platinum sp. z o.o.' />
    <tag k='operator:ref:rdl_knf' v='RDL000110' />
    <tag k='shop' v='pawnbroker' />
    <tag k='source:shop' v='Rejestr działalności lombardowej KNF' />
  </node>
  <node id='-1001581' visible='true' version='1' lat='54.5353889' lon='17.7540667'>
    <tag k='add:flat' v='1' />
    <tag k='addr:city' v='Lębork' />
    <tag k='addr:housenumber' v='40' />
    <tag k='addr:postcode' v='84-300' />
    <tag k='addr:street' v='Zwycięstwa' />
    <tag k='brand' v='Loombard' />
    <tag k='brand:wikidata' v='Q113227799' />
    <tag k='name' v='Loombard' />
    <tag k='operator' v='Lombard Platinum sp. z o.o.' />
    <tag k='operator:ref:rdl_knf' v='RDL000110' />
    <tag k='shop' v='pawnbroker' />
    <tag k='source:shop' v='Rejestr działalności lombardowej KNF' />
  </node>
  <node id='-1001582' visible='true' version='1' lat='54.5433916' lon='17.748538'>
    <tag k='add:flat' v='1' />
    <tag k='addr:city' v='Lębork' />
    <tag k='addr:housenumber' v='28' />
    <tag k='addr:postcode' v='84-300' />
    <tag k='addr:street' v='Reja' />
    <tag k='brand' v='Loombard' />
    <tag k='brand:wikidata' v='Q113227799' />
    <tag k='name' v='Loombard' />
    <tag k='operator' v='Lombard Platinum sp. z o.o.' />
    <tag k='operator:ref:rdl_knf' v='RDL000110' />
    <tag k='shop' v='pawnbroker' />
    <tag k='source:shop' v='Rejestr działalności lombardowej KNF' />
  </node>
  <node id='-1001583' visible='true' version='1' lat='51.4010777' lon='16.2067096'>
    <tag k='addr:city' v='Lubin' />
    <tag k='addr:housenumber' v='55' />
    <tag k='addr:postcode' v='59-300' />
    <tag k='addr:street' v='Drzymały' />
    <tag k='brand' v='Loombard' />
    <tag k='brand:wikidata' v='Q113227799' />
    <tag k='name' v='Loombard' />
    <tag k='operator' v='Lombard Platinum sp. z o.o.' />
    <tag k='operator:ref:rdl_knf' v='RDL000110' />
    <tag k='shop' v='pawnbroker' />
    <tag k='source:shop' v='Rejestr działalności lombardowej KNF' />
  </node>
  <node id='-1001584' visible='true' version='1' lat='51.4023809' lon='16.1962305'>
    <tag k='addr:city' v='Lubin' />
    <tag k='addr:housenumber' v='8D' />
    <tag k='addr:postcode' v='59-300' />
    <tag k='addr:street' v='Parkowa' />
    <tag k='brand' v='Loombard' />
    <tag k='brand:wikidata' v='Q113227799' />
    <tag k='name' v='Loombard' />
    <tag k='operator' v='Lombard Platinum sp. z o.o.' />
    <tag k='operator:ref:rdl_knf' v='RDL000110' />
    <tag k='shop' v='pawnbroker' />
    <tag k='source:shop' v='Rejestr działalności lombardowej KNF' />
  </node>
  <node id='-1001585' visible='true' version='1' lat='51.3925039' lon='16.2065955'>
    <tag k='addr:city' v='Lubin' />
    <tag k='addr:housenumber' v='9' />
    <tag k='addr:postcode' v='59-300' />
    <tag k='addr:street' v='Sikorskiego' />
    <tag k='brand' v='Loombard' />
    <tag k='brand:wikidata' v='Q113227799' />
    <tag k='name' v='Loombard' />
    <tag k='operator' v='Lombard Platinum sp. z o.o.' />
    <tag k='operator:ref:rdl_knf' v='RDL000110' />
    <tag k='shop' v='pawnbroker' />
    <tag k='source:shop' v='Rejestr działalności lombardowej KNF' />
  </node>
  <node id='-1001586' visible='true' version='1' lat='53.13635' lon='17.59649'>
    <tag k='addr:city' v='Nakło Nad Notecią' />
    <tag k='addr:housenumber' v='30' />
    <tag k='addr:postcode' v='89-100' />
    <tag k='addr:street' v='Gen. Henryka Dąbrowskiego' />
    <tag k='brand' v='Loombard' />
    <tag k='brand:wikidata' v='Q113227799' />
    <tag k='name' v='Loombard' />
    <tag k='operator' v='Lombard Platinum sp. z o.o.' />
    <tag k='operator:ref:rdl_knf' v='RDL000110' />
    <tag k='shop' v='pawnbroker' />
    <tag k='source:shop' v='Rejestr działalności lombardowej KNF' />
  </node>
  <node id='-1001587' visible='true' version='1' lat='50.6679063' lon='17.9286994'>
    <tag k='addr:city' v='Opole' />
    <tag k='addr:housenumber' v='13' />
    <tag k='addr:postcode' v='45-065' />
    <tag k='addr:street' v='Reymonta' />
    <tag k='brand' v='Loombard' />
    <tag k='brand:wikidata' v='Q113227799' />
    <tag k='name' v='Loombard' />
    <tag k='operator' v='Lombard Platinum sp. z o.o.' />
    <tag k='operator:ref:rdl_knf' v='RDL000110' />
    <tag k='shop' v='pawnbroker' />
    <tag k='source:shop' v='Rejestr działalności lombardowej KNF' />
  </node>
  <node id='-1001588' visible='true' version='1' lat='50.6652316' lon='17.9018276'>
    <tag k='add:flat' v='17' />
    <tag k='addr:city' v='Opole' />
    <tag k='addr:housenumber' v='23' />
    <tag k='addr:postcode' v='45-710' />
    <tag k='addr:street' v='Niemodlińska' />
    <tag k='brand' v='Loombard' />
    <tag k='brand:wikidata' v='Q113227799' />
    <tag k='name' v='Loombard' />
    <tag k='operator' v='Lombard Platinum sp. z o.o.' />
    <tag k='operator:ref:rdl_knf' v='RDL000110' />
    <tag k='shop' v='pawnbroker' />
    <tag k='source:shop' v='Rejestr działalności lombardowej KNF' />
  </node>
  <node id='-1001589' visible='true' version='1' lat='50.6702651' lon='17.9132047'>
    <tag k='addr:city' v='Opole' />
    <tag k='addr:housenumber' v='6' />
    <tag k='addr:postcode' v='45-707' />
    <tag k='addr:street' v='Wrocławska' />
    <tag k='brand' v='Loombard' />
    <tag k='brand:wikidata' v='Q113227799' />
    <tag k='name' v='Loombard' />
    <tag k='operator' v='Lombard Platinum sp. z o.o.' />
    <tag k='operator:ref:rdl_knf' v='RDL000110' />
    <tag k='shop' v='pawnbroker' />
    <tag k='source:shop' v='Rejestr działalności lombardowej KNF' />
  </node>
  <node id='-1001590' visible='true' version='1' lat='51.4061398' lon='21.1598435'>
    <tag k='addr:city' v='Radom' />
    <tag k='addr:housenumber' v='29' />
    <tag k='addr:postcode' v='26-610' />
    <tag k='addr:street' v='Struga' />
    <tag k='brand' v='Loombard' />
    <tag k='brand:wikidata' v='Q113227799' />
    <tag k='name' v='Loombard' />
    <tag k='operator' v='Lombard Platinum sp. z o.o.' />
    <tag k='operator:ref:rdl_knf' v='RDL000110' />
    <tag k='shop' v='pawnbroker' />
    <tag k='source:shop' v='Rejestr działalności lombardowej KNF' />
  </node>
  <node id='-1001591' visible='true' version='1' lat='51.4028097' lon='21.1490338'>
    <tag k='addr:city' v='Radom' />
    <tag k='addr:housenumber' v='9' />
    <tag k='addr:postcode' v='26-610' />
    <tag k='addr:street' v='Żeromskiego' />
    <tag k='brand' v='Loombard' />
    <tag k='brand:wikidata' v='Q113227799' />
    <tag k='name' v='Loombard' />
    <tag k='operator' v='Lombard Platinum sp. z o.o.' />
    <tag k='operator:ref:rdl_knf' v='RDL000110' />
    <tag k='shop' v='pawnbroker' />
    <tag k='source:shop' v='Rejestr działalności lombardowej KNF' />
  </node>
  <node id='-1001592' visible='true' version='1' lat='51.4188752' lon='21.1638988'>
    <tag k='addr:city' v='Radom' />
    <tag k='addr:housenumber' v='44' />
    <tag k='addr:postcode' v='26-605' />
    <tag k='addr:street' v='Chrobrego' />
    <tag k='brand' v='Loombard' />
    <tag k='brand:wikidata' v='Q113227799' />
    <tag k='name' v='Loombard' />
    <tag k='operator' v='Lombard Platinum sp. z o.o.' />
    <tag k='operator:ref:rdl_knf' v='RDL000110' />
    <tag k='shop' v='pawnbroker' />
    <tag k='source:shop' v='Rejestr działalności lombardowej KNF' />
  </node>
  <node id='-1001593' visible='true' version='1' lat='50.3124242' lon='18.8516225'>
    <tag k='addr:city' v='Ruda Śląska' />
    <tag k='addr:housenumber' v='23' />
    <tag k='addr:postcode' v='41-700' />
    <tag k='addr:street' v='Wolności' />
    <tag k='brand' v='Loombard' />
    <tag k='brand:wikidata' v='Q113227799' />
    <tag k='name' v='Loombard' />
    <tag k='operator' v='Lombard Platinum sp. z o.o.' />
    <tag k='operator:ref:rdl_knf' v='RDL000110' />
    <tag k='shop' v='pawnbroker' />
    <tag k='source:shop' v='Rejestr działalności lombardowej KNF' />
  </node>
  <node id='-1001594' visible='true' version='1' lat='54.3627876' lon='16.6804147'>
    <tag k='addr:city' v='Sławno' />
    <tag k='addr:housenumber' v='4' />
    <tag k='addr:postcode' v='76-100' />
    <tag k='addr:street' v='Grottgera' />
    <tag k='brand' v='Loombard' />
    <tag k='brand:wikidata' v='Q113227799' />
    <tag k='name' v='Loombard' />
    <tag k='operator' v='Lombard Platinum sp. z o.o.' />
    <tag k='operator:ref:rdl_knf' v='RDL000110' />
    <tag k='shop' v='pawnbroker' />
    <tag k='source:shop' v='Rejestr działalności lombardowej KNF' />
  </node>
  <node id='-1001595' visible='true' version='1' lat='54.4652896' lon='17.0256753'>
    <tag k='addr:city' v='Słupsk' />
    <tag k='addr:housenumber' v='4' />
    <tag k='addr:postcode' v='76-200' />
    <tag k='addr:street' v='Tuwima' />
    <tag k='brand' v='Loombard' />
    <tag k='brand:wikidata' v='Q113227799' />
    <tag k='name' v='Loombard' />
    <tag k='operator' v='Lombard Platinum sp. z o.o.' />
    <tag k='operator:ref:rdl_knf' v='RDL000110' />
    <tag k='shop' v='pawnbroker' />
    <tag k='source:shop' v='Rejestr działalności lombardowej KNF' />
  </node>
  <node id='-1001596' visible='true' version='1' lat='53.0127443' lon='18.6114872'>
    <tag k='addr:city' v='Toruń' />
    <tag k='addr:housenumber' v='4' />
    <tag k='addr:postcode' v='87-100' />
    <tag k='addr:street' v='Św. Katarzyny' />
    <tag k='brand' v='Loombard' />
    <tag k='brand:wikidata' v='Q113227799' />
    <tag k='name' v='Loombard' />
    <tag k='operator' v='Lombard Platinum sp. z o.o.' />
    <tag k='operator:ref:rdl_knf' v='RDL000110' />
    <tag k='shop' v='pawnbroker' />
    <tag k='source:shop' v='Rejestr działalności lombardowej KNF' />
  </node>
  <node id='-1001597' visible='true' version='1' lat='53.0246109' lon='18.6309435'>
    <tag k='add:flat' v='3' />
    <tag k='addr:city' v='Toruń' />
    <tag k='addr:housenumber' v='3' />
    <tag k='addr:postcode' v='87-100' />
    <tag k='addr:street' v='Tadeusza Kościuszki' />
    <tag k='brand' v='Loombard' />
    <tag k='brand:wikidata' v='Q113227799' />
    <tag k='name' v='Loombard' />
    <tag k='operator' v='Lombard Platinum sp. z o.o.' />
    <tag k='operator:ref:rdl_knf' v='RDL000110' />
    <tag k='shop' v='pawnbroker' />
    <tag k='source:shop' v='Rejestr działalności lombardowej KNF' />
  </node>
  <node id='-1001598' visible='true' version='1' lat='50.7840614' lon='16.2853244'>
    <tag k='addr:city' v='Wałbrzych' />
    <tag k='addr:housenumber' v='26' />
    <tag k='addr:postcode' v='58-302' />
    <tag k='addr:street' v='Armii Krajowej' />
    <tag k='brand' v='Loombard' />
    <tag k='brand:wikidata' v='Q113227799' />
    <tag k='name' v='Loombard' />
    <tag k='operator' v='Lombard Platinum sp. z o.o.' />
    <tag k='operator:ref:rdl_knf' v='RDL000110' />
    <tag k='shop' v='pawnbroker' />
    <tag k='source:shop' v='Rejestr działalności lombardowej KNF' />
  </node>
  <node id='-1001599' visible='true' version='1' lat='50.8087732' lon='16.2837173'>
    <tag k='addr:city' v='Wałbrzych' />
    <tag k='addr:housenumber' v='9' />
    <tag k='addr:postcode' v='58-309' />
    <tag k='addr:street' v='Główna' />
    <tag k='brand' v='Loombard' />
    <tag k='brand:wikidata' v='Q113227799' />
    <tag k='name' v='Loombard' />
    <tag k='operator' v='Lombard Platinum sp. z o.o.' />
    <tag k='operator:ref:rdl_knf' v='RDL000110' />
    <tag k='shop' v='pawnbroker' />
    <tag k='source:shop' v='Rejestr działalności lombardowej KNF' />
  </node>
  <node id='-1001600' visible='true' version='1' lat='50.767956' lon='16.2808128'>
    <tag k='addr:city' v='Wałbrzych' />
    <tag k='addr:housenumber' v='4' />
    <tag k='addr:postcode' v='58-300' />
    <tag k='addr:street' v='Słowackiego' />
    <tag k='brand' v='Loombard' />
    <tag k='brand:wikidata' v='Q113227799' />
    <tag k='name' v='Loombard' />
    <tag k='operator' v='Lombard Platinum sp. z o.o.' />
    <tag k='operator:ref:rdl_knf' v='RDL000110' />
    <tag k='shop' v='pawnbroker' />
    <tag k='source:shop' v='Rejestr działalności lombardowej KNF' />
  </node>
  <node id='-1001601' visible='true' version='1' lat='51.782967' lon='21.1869032'>
    <tag k='addr:city' v='Warka' />
    <tag k='addr:housenumber' v='1' />
    <tag k='addr:postcode' v='05-660' />
    <tag k='addr:street' v='Lotników' />
    <tag k='brand' v='Loombard' />
    <tag k='brand:wikidata' v='Q113227799' />
    <tag k='name' v='Loombard' />
    <tag k='operator' v='Lombard Platinum sp. z o.o.' />
    <tag k='operator:ref:rdl_knf' v='RDL000110' />
    <tag k='shop' v='pawnbroker' />
    <tag k='source:shop' v='Rejestr działalności lombardowej KNF' />
  </node>
  <node id='-1001602' visible='true' version='1' lat='52.2508084' lon='21.0388257'>
    <tag k='addr:city' v='Warszawa' />
    <tag k='addr:housenumber' v='41' />
    <tag k='addr:postcode' v='03-728' />
    <tag k='addr:street' v='Targowa' />
    <tag k='brand' v='Loombard' />
    <tag k='brand:wikidata' v='Q113227799' />
    <tag k='name' v='Loombard' />
    <tag k='operator' v='Lombard Platinum sp. z o.o.' />
    <tag k='operator:ref:rdl_knf' v='RDL000110' />
    <tag k='shop' v='pawnbroker' />
    <tag k='source:shop' v='Rejestr działalności lombardowej KNF' />
  </node>
  <node id='-1001603' visible='true' version='1' lat='52.2284195' lon='20.9109763'>
    <tag k='add:flat' v='209' />
    <tag k='addr:city' v='Warszawa' />
    <tag k='addr:housenumber' v='8' />
    <tag k='addr:postcode' v='01-389' />
    <tag k='addr:street' v='Świetlików' />
    <tag k='brand' v='Loombard' />
    <tag k='brand:wikidata' v='Q113227799' />
    <tag k='name' v='Loombard' />
    <tag k='operator' v='Lombard Platinum sp. z o.o.' />
    <tag k='operator:ref:rdl_knf' v='RDL000110' />
    <tag k='shop' v='pawnbroker' />
    <tag k='source:shop' v='Rejestr działalności lombardowej KNF' />
  </node>
  <node id='-1001604' visible='true' version='1' lat='52.2289724' lon='20.9993492'>
    <tag k='add:flat' v='9' />
    <tag k='addr:city' v='Warszawa' />
    <tag k='addr:housenumber' v='98' />
    <tag k='addr:postcode' v='00-801' />
    <tag k='addr:street' v='Chmielna' />
    <tag k='brand' v='Loombard' />
    <tag k='brand:wikidata' v='Q113227799' />
    <tag k='name' v='Loombard' />
    <tag k='operator' v='Lombard Platinum sp. z o.o.' />
    <tag k='operator:ref:rdl_knf' v='RDL000110' />
    <tag k='shop' v='pawnbroker' />
    <tag k='source:shop' v='Rejestr działalności lombardowej KNF' />
  </node>
  <node id='-1001605' visible='true' version='1' lat='52.2558006' lon='21.0385505'>
    <tag k='addr:city' v='Warszawa' />
    <tag k='addr:housenumber' v='72' />
    <tag k='addr:postcode' v='03-734' />
    <tag k='addr:street' v='Targowa' />
    <tag k='brand' v='Loombard' />
    <tag k='brand:wikidata' v='Q113227799' />
    <tag k='name' v='Loombard' />
    <tag k='operator' v='Lombard Platinum sp. z o.o.' />
    <tag k='operator:ref:rdl_knf' v='RDL000110' />
    <tag k='shop' v='pawnbroker' />
    <tag k='source:shop' v='Rejestr działalności lombardowej KNF' />
  </node>
  <node id='-1001606' visible='true' version='1' lat='52.8083287' lon='17.1995467'>
    <tag k='addr:city' v='Wągrowiec' />
    <tag k='addr:housenumber' v='13' />
    <tag k='addr:postcode' v='62-100' />
    <tag k='addr:street' v='Wojska Polskiego' />
    <tag k='brand' v='Loombard' />
    <tag k='brand:wikidata' v='Q113227799' />
    <tag k='name' v='Loombard' />
    <tag k='operator' v='Lombard Platinum sp. z o.o.' />
    <tag k='operator:ref:rdl_knf' v='RDL000110' />
    <tag k='shop' v='pawnbroker' />
    <tag k='source:shop' v='Rejestr działalności lombardowej KNF' />
  </node>
  <node id='-1001607' visible='true' version='1' lat='51.2177497' lon='18.5683347'>
    <tag k='addr:city' v='Wieluń' />
    <tag k='addr:housenumber' v='28' />
    <tag k='addr:postcode' v='98-300' />
    <tag k='addr:street' v='Śląska' />
    <tag k='brand' v='Loombard' />
    <tag k='brand:wikidata' v='Q113227799' />
    <tag k='name' v='Loombard' />
    <tag k='operator' v='Lombard Platinum sp. z o.o.' />
    <tag k='operator:ref:rdl_knf' v='RDL000110' />
    <tag k='shop' v='pawnbroker' />
    <tag k='source:shop' v='Rejestr działalności lombardowej KNF' />
  </node>
  <node id='-1001608' visible='true' version='1' lat='50.306616' lon='18.7780029'>
    <tag k='addr:city' v='Zabrze' />
    <tag k='addr:housenumber' v='239' />
    <tag k='addr:postcode' v='41-800' />
    <tag k='addr:street' v='Wolności' />
    <tag k='brand' v='Loombard' />
    <tag k='brand:wikidata' v='Q113227799' />
    <tag k='name' v='Loombard' />
    <tag k='operator' v='Lombard Platinum sp. z o.o.' />
    <tag k='operator:ref:rdl_knf' v='RDL000110' />
    <tag k='shop' v='pawnbroker' />
    <tag k='source:shop' v='Rejestr działalności lombardowej KNF' />
  </node>
  <node id='-1001609' visible='true' version='1' lat='50.3026781' lon='18.7883194'>
    <tag k='addr:city' v='Zabrze' />
    <tag k='addr:housenumber' v='3' />
    <tag k='addr:postcode' v='41-800' />
    <tag k='addr:street' v='Plac Krakowski' />
    <tag k='brand' v='Loombard' />
    <tag k='brand:wikidata' v='Q113227799' />
    <tag k='name' v='Loombard' />
    <tag k='operator' v='Lombard Platinum sp. z o.o.' />
    <tag k='operator:ref:rdl_knf' v='RDL000110' />
    <tag k='shop' v='pawnbroker' />
    <tag k='source:shop' v='Rejestr działalności lombardowej KNF' />
  </node>
  <node id='-1001610' visible='true' version='1' lat='52.0347268' lon='23.1183312'>
    <tag k='add:flat' v='1' />
    <tag k='addr:city' v='Biała Podlaska' />
    <tag k='addr:housenumber' v='2B' />
    <tag k='addr:postcode' v='21-500' />
    <tag k='addr:street' v='Pocztowa' />
    <tag k='operator' v='Lombard Pocztowa 2b sp. z o.o.' />
    <tag k='operator:ref:rdl_knf' v='RDL000034' />
    <tag k='shop' v='pawnbroker' />
    <tag k='source:shop' v='Rejestr działalności lombardowej KNF' />
  </node>
  <node id='-1001611' visible='true' version='1' lat='52.3178121' lon='16.1338859'>
    <tag k='addr:city' v='Nowy' />
    <tag k='addr:housenumber' v='22' />
    <tag k='addr:postcode' v='64-300' />
    <tag k='addr:street' v='Długa' />
    <tag k='operator' v='Lombard Pożyczki Pod Zastaw Nowy Tomyśl sp. z o.o.' />
    <tag k='operator:ref:rdl_knf' v='RDL000175' />
    <tag k='shop' v='pawnbroker' />
    <tag k='source:shop' v='Rejestr działalności lombardowej KNF' />
  </node>
  <node id='-1001612' visible='true' version='1' lat='49.8553814' lon='19.3433974'>
    <tag k='addr:city' v='Andrychów' />
    <tag k='addr:housenumber' v='94' />
    <tag k='addr:postcode' v='34-120' />
    <tag k='addr:street' v='Krakowska' />
    <tag k='brand' v='Loombard' />
    <tag k='brand:wikidata' v='Q113227799' />
    <tag k='name' v='Loombard' />
    <tag k='operator' v='Lombard Premium sp. z o.o.' />
    <tag k='operator:ref:rdl_knf' v='RDL000101' />
    <tag k='shop' v='pawnbroker' />
    <tag k='source:shop' v='Rejestr działalności lombardowej KNF' />
  </node>
  <node id='-1001613' visible='true' version='1' lat='50.3189831' lon='19.0723732'>
    <tag k='addr:city' v='Czeladź' />
    <tag k='addr:housenumber' v='12' />
    <tag k='addr:postcode' v='41-250' />
    <tag k='addr:street' v='Bytomska' />
    <tag k='brand' v='Loombard' />
    <tag k='brand:wikidata' v='Q113227799' />
    <tag k='name' v='Loombard' />
    <tag k='operator' v='Lombard Premium sp. z o.o.' />
    <tag k='operator:ref:rdl_knf' v='RDL000101' />
    <tag k='shop' v='pawnbroker' />
    <tag k='source:shop' v='Rejestr działalności lombardowej KNF' />
  </node>
  <node id='-1001614' visible='true' version='1' lat='50.3034497' lon='19.0963854'>
    <tag k='addr:city' v='Czeladź' />
    <tag k='addr:housenumber' v='228' />
    <tag k='addr:postcode' v='41-253' />
    <tag k='addr:street' v='Nowopogońska' />
    <tag k='brand' v='Loombard' />
    <tag k='brand:wikidata' v='Q113227799' />
    <tag k='name' v='Loombard' />
    <tag k='operator' v='Lombard Premium sp. z o.o.' />
    <tag k='operator:ref:rdl_knf' v='RDL000101' />
    <tag k='shop' v='pawnbroker' />
    <tag k='source:shop' v='Rejestr działalności lombardowej KNF' />
  </node>
  <node id='-1001615' visible='true' version='1' lat='50.9152028' lon='16.4303858'>
    <tag k='add:flat' v='13' />
    <tag k='addr:city' v='Jaworzyna Śląska' />
    <tag k='addr:housenumber' v='2A' />
    <tag k='addr:postcode' v='58-140' />
    <tag k='addr:street' v='Mickiewicza' />
    <tag k='brand' v='Loombard' />
    <tag k='brand:wikidata' v='Q113227799' />
    <tag k='name' v='Loombard' />
    <tag k='operator' v='Lombard Premium sp. z o.o.' />
    <tag k='operator:ref:rdl_knf' v='RDL000101' />
    <tag k='shop' v='pawnbroker' />
    <tag k='source:shop' v='Rejestr działalności lombardowej KNF' />
  </node>
  <node id='-1001616' visible='true' version='1' lat='50.3991255' lon='18.9025227'>
    <tag k='addr:city' v='Radzionków' />
    <tag k='addr:housenumber' v='8' />
    <tag k='addr:postcode' v='41-922' />
    <tag k='addr:street' v='Męczenników Oświęcimia' />
    <tag k='brand' v='Loombard' />
    <tag k='brand:wikidata' v='Q113227799' />
    <tag k='name' v='Loombard' />
    <tag k='operator' v='Lombard Premium sp. z o.o.' />
    <tag k='operator:ref:rdl_knf' v='RDL000101' />
    <tag k='shop' v='pawnbroker' />
    <tag k='source:shop' v='Rejestr działalności lombardowej KNF' />
  </node>
  <node id='-1001617' visible='true' version='1' lat='50.3030055' lon='19.0302775'>
    <tag k='addr:city' v='Siemianowice Śląskie' />
    <tag k='addr:housenumber' v='20' />
    <tag k='addr:postcode' v='41-100' />
    <tag k='addr:street' v='Śląska' />
    <tag k='brand' v='Loombard' />
    <tag k='brand:wikidata' v='Q113227799' />
    <tag k='name' v='Loombard' />
    <tag k='operator' v='Lombard Premium sp. z o.o.' />
    <tag k='operator:ref:rdl_knf' v='RDL000101' />
    <tag k='shop' v='pawnbroker' />
    <tag k='source:shop' v='Rejestr działalności lombardowej KNF' />
  </node>
  <node id='-1001618' visible='true' version='1' lat='50.2994817' lon='19.0380567'>
    <tag k='addr:city' v='Siemianowice Śląskie' />
    <tag k='addr:housenumber' v='21' />
    <tag k='addr:postcode' v='41-100' />
    <tag k='addr:street' v='Powstańców' />
    <tag k='brand' v='Loombard' />
    <tag k='brand:wikidata' v='Q113227799' />
    <tag k='name' v='Loombard' />
    <tag k='operator' v='Lombard Premium sp. z o.o.' />
    <tag k='operator:ref:rdl_knf' v='RDL000101' />
    <tag k='shop' v='pawnbroker' />
    <tag k='source:shop' v='Rejestr działalności lombardowej KNF' />
  </node>
  <node id='-1001619' visible='true' version='1' lat='50.4439649' lon='18.8602642'>
    <tag k='add:flat' v='2' />
    <tag k='addr:city' v='Tarnowskie Góry' />
    <tag k='addr:housenumber' v='7' />
    <tag k='addr:postcode' v='42-600' />
    <tag k='addr:street' v='Piłsudskiego' />
    <tag k='brand' v='Loombard' />
    <tag k='brand:wikidata' v='Q113227799' />
    <tag k='name' v='Loombard' />
    <tag k='operator' v='Lombard Premium sp. z o.o.' />
    <tag k='operator:ref:rdl_knf' v='RDL000101' />
    <tag k='shop' v='pawnbroker' />
    <tag k='source:shop' v='Rejestr działalności lombardowej KNF' />
  </node>
  <node id='-1001620' visible='true' version='1' lat='50.443434' lon='18.8585457'>
    <tag k='addr:city' v='Tarnowskie Góry' />
    <tag k='addr:housenumber' v='9' />
    <tag k='addr:postcode' v='42-600' />
    <tag k='addr:street' v='Piastowska' />
    <tag k='brand' v='Loombard' />
    <tag k='brand:wikidata' v='Q113227799' />
    <tag k='name' v='Loombard' />
    <tag k='operator' v='Lombard Premium sp. z o.o.' />
    <tag k='operator:ref:rdl_knf' v='RDL000101' />
    <tag k='shop' v='pawnbroker' />
    <tag k='source:shop' v='Rejestr działalności lombardowej KNF' />
  </node>
  <node id='-1001621' visible='true' version='1' lat='50.4459253' lon='18.8526444'>
    <tag k='addr:city' v='Tarnowskie Góry' />
    <tag k='addr:housenumber' v='10' />
    <tag k='addr:postcode' v='42-600' />
    <tag k='addr:street' v='Opolska' />
    <tag k='brand' v='Loombard' />
    <tag k='brand:wikidata' v='Q113227799' />
    <tag k='name' v='Loombard' />
    <tag k='operator' v='Lombard Premium sp. z o.o.' />
    <tag k='operator:ref:rdl_knf' v='RDL000101' />
    <tag k='shop' v='pawnbroker' />
    <tag k='source:shop' v='Rejestr działalności lombardowej KNF' />
  </node>
  <node id='-1001622' visible='true' version='1' lat='51.3357746' lon='16.6489508'>
    <tag k='addr:city' v='Wołów' />
    <tag k='addr:housenumber' v='1' />
    <tag k='addr:postcode' v='56-100' />
    <tag k='addr:street' v='Radna' />
    <tag k='brand' v='Loombard' />
    <tag k='brand:wikidata' v='Q113227799' />
    <tag k='name' v='Loombard' />
    <tag k='operator' v='Lombard Premium sp. z o.o.' />
    <tag k='operator:ref:rdl_knf' v='RDL000101' />
    <tag k='shop' v='pawnbroker' />
    <tag k='source:shop' v='Rejestr działalności lombardowej KNF' />
  </node>
  <node id='-1001623' visible='true' version='1' lat='51.0949003' lon='16.9783048'>
    <tag k='addr:city' v='Wrocław' />
    <tag k='addr:housenumber' v='1' />
    <tag k='addr:postcode' v='53-238' />
    <tag k='addr:street' v='Ostrowskiego' />
    <tag k='brand' v='Loombard' />
    <tag k='brand:wikidata' v='Q113227799' />
    <tag k='name' v='Loombard' />
    <tag k='operator' v='Lombard Premium sp. z o.o.' />
    <tag k='operator:ref:rdl_knf' v='RDL000101' />
    <tag k='shop' v='pawnbroker' />
    <tag k='source:shop' v='Rejestr działalności lombardowej KNF' />
  </node>
  <node id='-1001624' visible='true' version='1' lat='51.0868788' lon='17.0114778'>
    <tag k='addr:city' v='Wrocław' />
    <tag k='addr:housenumber' v='3' />
    <tag k='addr:postcode' v='53-319' />
    <tag k='addr:street' v='Hallera' />
    <tag k='brand' v='Loombard' />
    <tag k='brand:wikidata' v='Q113227799' />
    <tag k='name' v='Loombard' />
    <tag k='operator' v='Lombard Premium sp. z o.o.' />
    <tag k='operator:ref:rdl_knf' v='RDL000101' />
    <tag k='shop' v='pawnbroker' />
    <tag k='source:shop' v='Rejestr działalności lombardowej KNF' />
  </node>
  <node id='-1001625' visible='true' version='1' lat='51.1033103' lon='17.0182879'>
    <tag k='addr:city' v='Wrocław' />
    <tag k='addr:housenumber' v='30' />
    <tag k='addr:postcode' v='53-502' />
    <tag k='addr:street' v='Grabiszyńska' />
    <tag k='brand' v='Loombard' />
    <tag k='brand:wikidata' v='Q113227799' />
    <tag k='name' v='Loombard' />
    <tag k='operator' v='Lombard Premium sp. z o.o.' />
    <tag k='operator:ref:rdl_knf' v='RDL000101' />
    <tag k='shop' v='pawnbroker' />
    <tag k='source:shop' v='Rejestr działalności lombardowej KNF' />
  </node>
  <node id='-1001626' visible='true' version='1' lat='51.1235254' lon='16.9873869'>
    <tag k='addr:city' v='Wrocław' />
    <tag k='addr:housenumber' v='66' />
    <tag k='addr:postcode' v='54-206' />
    <tag k='addr:street' v='Legnicka' />
    <tag k='brand' v='Loombard' />
    <tag k='brand:wikidata' v='Q113227799' />
    <tag k='name' v='Loombard' />
    <tag k='operator' v='Lombard Premium sp. z o.o.' />
    <tag k='operator:ref:rdl_knf' v='RDL000101' />
    <tag k='shop' v='pawnbroker' />
    <tag k='source:shop' v='Rejestr działalności lombardowej KNF' />
  </node>
  <node id='-1001627' visible='true' version='1' lat='51.1398046' lon='16.9651128'>
    <tag k='addr:city' v='Wrocław' />
    <tag k='addr:housenumber' v='3' />
    <tag k='addr:postcode' v='54-142' />
    <tag k='addr:street' v='Dokerska' />
    <tag k='brand' v='Loombard' />
    <tag k='brand:wikidata' v='Q113227799' />
    <tag k='name' v='Loombard' />
    <tag k='operator' v='Lombard Premium sp. z o.o.' />
    <tag k='operator:ref:rdl_knf' v='RDL000101' />
    <tag k='shop' v='pawnbroker' />
    <tag k='source:shop' v='Rejestr działalności lombardowej KNF' />
  </node>
  <node id='-1001628' visible='true' version='1' lat='51.1121692' lon='16.9610086'>
    <tag k='addr:city' v='Wrocław' />
    <tag k='addr:housenumber' v='200' />
    <tag k='addr:postcode' v='54-432' />
    <tag k='addr:street' v='Strzegomska' />
    <tag k='brand' v='Loombard' />
    <tag k='brand:wikidata' v='Q113227799' />
    <tag k='name' v='Loombard' />
    <tag k='operator' v='Lombard Premium sp. z o.o.' />
    <tag k='operator:ref:rdl_knf' v='RDL000101' />
    <tag k='shop' v='pawnbroker' />
    <tag k='source:shop' v='Rejestr działalności lombardowej KNF' />
  </node>
  <node id='-1001629' visible='true' version='1' lat='51.1129656' lon='16.9538893'>
    <tag k='addr:city' v='Wrocław' />
    <tag k='addr:housenumber' v='107D' />
    <tag k='addr:postcode' v='54-436' />
    <tag k='addr:street' v='Budziszyńska' />
    <tag k='brand' v='Loombard' />
    <tag k='brand:wikidata' v='Q113227799' />
    <tag k='name' v='Loombard' />
    <tag k='operator' v='Lombard Premium sp. z o.o.' />
    <tag k='operator:ref:rdl_knf' v='RDL000101' />
    <tag k='shop' v='pawnbroker' />
    <tag k='source:shop' v='Rejestr działalności lombardowej KNF' />
  </node>
  <node id='-1001630' visible='true' version='1' lat='51.1031775' lon='17.0373112'>
    <tag k='addr:city' v='Wrocław' />
    <tag k='addr:housenumber' v='33' />
    <tag k='addr:postcode' v='50-004' />
    <tag k='addr:street' v='Kołłątaja' />
    <tag k='brand' v='Loombard' />
    <tag k='brand:wikidata' v='Q113227799' />
    <tag k='name' v='Loombard' />
    <tag k='operator' v='Lombard Premium sp. z o.o.' />
    <tag k='operator:ref:rdl_knf' v='RDL000101' />
    <tag k='shop' v='pawnbroker' />
    <tag k='source:shop' v='Rejestr działalności lombardowej KNF' />
  </node>
  <node id='-1001631' visible='true' version='1' lat='51.1084568' lon='17.0272169'>
    <tag k='add:flat' v='3.1-B' />
    <tag k='addr:city' v='Wrocław' />
    <tag k='addr:housenumber' v='3.1-B' />
    <tag k='addr:postcode' v='50-075' />
    <tag k='addr:street' v='Krupnicza' />
    <tag k='brand' v='Loombard' />
    <tag k='brand:wikidata' v='Q113227799' />
    <tag k='name' v='Loombard' />
    <tag k='operator' v='Lombard Premium sp. z o.o.' />
    <tag k='operator:ref:rdl_knf' v='RDL000101' />
    <tag k='shop' v='pawnbroker' />
    <tag k='source:shop' v='Rejestr działalności lombardowej KNF' />
  </node>
  <node id='-1001632' visible='true' version='1' lat='51.122557' lon='17.0441071'>
    <tag k='add:flat' v='1B' />
    <tag k='addr:city' v='Wrocław' />
    <tag k='addr:housenumber' v='109' />
    <tag k='addr:postcode' v='50-301' />
    <tag k='addr:street' v='Jedności Narodowej' />
    <tag k='brand' v='Loombard' />
    <tag k='brand:wikidata' v='Q113227799' />
    <tag k='name' v='Loombard' />
    <tag k='operator' v='Lombard Premium sp. z o.o.' />
    <tag k='operator:ref:rdl_knf' v='RDL000101' />
    <tag k='shop' v='pawnbroker' />
    <tag k='source:shop' v='Rejestr działalności lombardowej KNF' />
  </node>
  <node id='-1001633' visible='true' version='1' lat='51.1020314' lon='17.0515596'>
    <tag k='addr:city' v='Wrocław' />
    <tag k='addr:housenumber' v='85' />
    <tag k='addr:postcode' v='50-417' />
    <tag k='addr:street' v='Traugutta' />
    <tag k='brand' v='Loombard' />
    <tag k='brand:wikidata' v='Q113227799' />
    <tag k='name' v='Loombard' />
    <tag k='operator' v='Lombard Premium sp. z o.o.' />
    <tag k='operator:ref:rdl_knf' v='RDL000101' />
    <tag k='shop' v='pawnbroker' />
    <tag k='source:shop' v='Rejestr działalności lombardowej KNF' />
  </node>
  <node id='-1001634' visible='true' version='1' lat='51.0986824' lon='17.051413'>
    <tag k='addr:city' v='Wrocław' />
    <tag k='addr:housenumber' v='159' />
    <tag k='addr:postcode' v='50-438' />
    <tag k='addr:street' v='Kościuszki' />
    <tag k='brand' v='Loombard' />
    <tag k='brand:wikidata' v='Q113227799' />
    <tag k='name' v='Loombard' />
    <tag k='operator' v='Lombard Premium sp. z o.o.' />
    <tag k='operator:ref:rdl_knf' v='RDL000101' />
    <tag k='shop' v='pawnbroker' />
    <tag k='source:shop' v='Rejestr działalności lombardowej KNF' />
  </node>
  <node id='-1001635' visible='true' version='1' lat='51.0920704' lon='17.0435335'>
    <tag k='add:flat' v='1B' />
    <tag k='addr:city' v='Wrocław' />
    <tag k='addr:housenumber' v='82' />
    <tag k='addr:postcode' v='50-502' />
    <tag k='addr:street' v='Hubska' />
    <tag k='brand' v='Loombard' />
    <tag k='brand:wikidata' v='Q113227799' />
    <tag k='name' v='Loombard' />
    <tag k='operator' v='Lombard Premium sp. z o.o.' />
    <tag k='operator:ref:rdl_knf' v='RDL000101' />
    <tag k='shop' v='pawnbroker' />
    <tag k='source:shop' v='Rejestr działalności lombardowej KNF' />
  </node>
  <node id='-1001636' visible='true' version='1' lat='51.1347432' lon='17.0348779'>
    <tag k='addr:city' v='Wrocław' />
    <tag k='addr:housenumber' v='10' />
    <tag k='addr:postcode' v='51-113' />
    <tag k='addr:street' v='Obornicka' />
    <tag k='brand' v='Loombard' />
    <tag k='brand:wikidata' v='Q113227799' />
    <tag k='name' v='Loombard' />
    <tag k='operator' v='Lombard Premium sp. z o.o.' />
    <tag k='operator:ref:rdl_knf' v='RDL000101' />
    <tag k='shop' v='pawnbroker' />
    <tag k='source:shop' v='Rejestr działalności lombardowej KNF' />
  </node>
  <node id='-1001637' visible='true' version='1' lat='51.1469698' lon='17.1136751'>
    <tag k='addr:city' v='Wrocław' />
    <tag k='addr:housenumber' v='324' />
    <tag k='addr:postcode' v='51-312' />
    <tag k='addr:street' v='Krzywoustego' />
    <tag k='brand' v='Loombard' />
    <tag k='brand:wikidata' v='Q113227799' />
    <tag k='name' v='Loombard' />
    <tag k='operator' v='Lombard Premium sp. z o.o.' />
    <tag k='operator:ref:rdl_knf' v='RDL000101' />
    <tag k='shop' v='pawnbroker' />
    <tag k='source:shop' v='Rejestr działalności lombardowej KNF' />
  </node>
  <node id='-1001638' visible='true' version='1' lat='51.0599304' lon='17.0839766'>
    <tag k='addr:city' v='Wrocław' />
    <tag k='addr:housenumber' v='3B' />
    <tag k='addr:postcode' v='52-118' />
    <tag k='addr:street' v='Chińska' />
    <tag k='brand' v='Loombard' />
    <tag k='brand:wikidata' v='Q113227799' />
    <tag k='name' v='Loombard' />
    <tag k='operator' v='Lombard Premium sp. z o.o.' />
    <tag k='operator:ref:rdl_knf' v='RDL000101' />
    <tag k='shop' v='pawnbroker' />
    <tag k='source:shop' v='Rejestr działalności lombardowej KNF' />
  </node>
  <node id='-1001639' visible='true' version='1' lat='51.0893416' lon='17.0028567'>
    <tag k='addr:city' v='Wrocław' />
    <tag k='addr:housenumber' v='53' />
    <tag k='addr:postcode' v='53-325' />
    <tag k='addr:street' v='Hallera' />
    <tag k='brand' v='Loombard' />
    <tag k='brand:wikidata' v='Q113227799' />
    <tag k='name' v='Loombard' />
    <tag k='operator' v='Lombard Premium sp. z o.o.' />
    <tag k='operator:ref:rdl_knf' v='RDL000101' />
    <tag k='shop' v='pawnbroker' />
    <tag k='source:shop' v='Rejestr działalności lombardowej KNF' />
  </node>
  <node id='-1001640' visible='true' version='1' lat='51.0946299' lon='17.0109538'>
    <tag k='addr:city' v='Wrocław' />
    <tag k='addr:housenumber' v='96' />
    <tag k='addr:postcode' v='53-621' />
    <tag k='addr:street' v='Gajowicka' />
    <tag k='brand' v='Loombard' />
    <tag k='brand:wikidata' v='Q113227799' />
    <tag k='name' v='Loombard' />
    <tag k='operator' v='Lombard Premium sp. z o.o.' />
    <tag k='operator:ref:rdl_knf' v='RDL000101' />
    <tag k='shop' v='pawnbroker' />
    <tag k='source:shop' v='Rejestr działalności lombardowej KNF' />
  </node>
  <node id='-1001641' visible='true' version='1' lat='51.1264223' lon='16.9711769'>
    <tag k='addr:city' v='Wrocław' />
    <tag k='addr:housenumber' v='21' />
    <tag k='addr:postcode' v='54-130' />
    <tag k='addr:street' v='Bulwar Ikara' />
    <tag k='brand' v='Loombard' />
    <tag k='brand:wikidata' v='Q113227799' />
    <tag k='name' v='Loombard' />
    <tag k='operator' v='Lombard Premium sp. z o.o.' />
    <tag k='operator:ref:rdl_knf' v='RDL000101' />
    <tag k='shop' v='pawnbroker' />
    <tag k='source:shop' v='Rejestr działalności lombardowej KNF' />
  </node>
  <node id='-1001642' visible='true' version='1' lat='51.1016778' lon='17.1025537'>
    <tag k='addr:city' v='Wrocław' />
    <tag k='addr:housenumber' v='73' />
    <tag k='addr:postcode' v='51-644' />
    <tag k='addr:street' v='Olszewskiego' />
    <tag k='brand' v='Loombard' />
    <tag k='brand:wikidata' v='Q113227799' />
    <tag k='name' v='Loombard' />
    <tag k='operator' v='Lombard Premium sp. z o.o.' />
    <tag k='operator:ref:rdl_knf' v='RDL000101' />
    <tag k='shop' v='pawnbroker' />
    <tag k='source:shop' v='Rejestr działalności lombardowej KNF' />
  </node>
  <node id='-1001643' visible='true' version='1' lat='51.1310305' lon='17.0605767'>
    <tag k='addr:city' v='Wrocław' />
    <tag k='addr:housenumber' v='6' />
    <tag k='addr:postcode' v='51-163' />
    <tag k='addr:street' v='Al.Kromera' />
    <tag k='brand' v='Loombard' />
    <tag k='brand:wikidata' v='Q113227799' />
    <tag k='name' v='Loombard' />
    <tag k='operator' v='Lombard Premium sp. z o.o.' />
    <tag k='operator:ref:rdl_knf' v='RDL000101' />
    <tag k='shop' v='pawnbroker' />
    <tag k='source:shop' v='Rejestr działalności lombardowej KNF' />
  </node>
  <node id='-1001644' visible='true' version='1' lat='51.0770822' lon='17.0396972'>
    <tag k='addr:city' v='Wrocław' />
    <tag k='addr:housenumber' v='26' />
    <tag k='addr:postcode' v='50-559' />
    <tag k='addr:street' v='Świeradowska' />
    <tag k='brand' v='Loombard' />
    <tag k='brand:wikidata' v='Q113227799' />
    <tag k='name' v='Loombard' />
    <tag k='operator' v='Lombard Premium sp. z o.o.' />
    <tag k='operator:ref:rdl_knf' v='RDL000101' />
    <tag k='shop' v='pawnbroker' />
    <tag k='source:shop' v='Rejestr działalności lombardowej KNF' />
  </node>
  <node id='-1001645' visible='true' version='1' lat='51.088773' lon='17.040657'>
    <tag k='addr:city' v='Wrocław' />
    <tag k='addr:housenumber' v='70' />
    <tag k='addr:postcode' v='50-520' />
    <tag k='addr:street' v='Gajowa' />
    <tag k='brand' v='Loombard' />
    <tag k='brand:wikidata' v='Q113227799' />
    <tag k='name' v='Loombard' />
    <tag k='operator' v='Lombard Premium sp. z o.o.' />
    <tag k='operator:ref:rdl_knf' v='RDL000101' />
    <tag k='shop' v='pawnbroker' />
    <tag k='source:shop' v='Rejestr działalności lombardowej KNF' />
  </node>
  <node id='-1001646' visible='true' version='1' lat='51.1059298' lon='17.043003'>
    <tag k='add:flat' v='21-23' />
    <tag k='addr:city' v='Wrocław' />
    <tag k='addr:housenumber' v='21-23' />
    <tag k='addr:postcode' v='50-449' />
    <tag k='addr:street' v='Krasińskiego' />
    <tag k='brand' v='Loombard' />
    <tag k='brand:wikidata' v='Q113227799' />
    <tag k='name' v='Loombard' />
    <tag k='operator' v='Lombard Premium sp. z o.o.' />
    <tag k='operator:ref:rdl_knf' v='RDL000101' />
    <tag k='shop' v='pawnbroker' />
    <tag k='source:shop' v='Rejestr działalności lombardowej KNF' />
  </node>
  <node id='-1001647' visible='true' version='1' lat='51.098494' lon='17.049331'>
    <tag k='addr:city' v='Wrocław' />
    <tag k='addr:housenumber' v='34' />
    <tag k='addr:postcode' v='50-433' />
    <tag k='addr:street' v='Prądzyńskiego' />
    <tag k='brand' v='Loombard' />
    <tag k='brand:wikidata' v='Q113227799' />
    <tag k='name' v='Loombard' />
    <tag k='operator' v='Lombard Premium sp. z o.o.' />
    <tag k='operator:ref:rdl_knf' v='RDL000101' />
    <tag k='shop' v='pawnbroker' />
    <tag k='source:shop' v='Rejestr działalności lombardowej KNF' />
  </node>
  <node id='-1001648' visible='true' version='1' lat='51.1140574' lon='17.0606621'>
    <tag k='addr:city' v='Wrocław' />
    <tag k='addr:housenumber' v='19' />
    <tag k='addr:postcode' v='50-361' />
    <tag k='addr:street' v='Piastowska' />
    <tag k='brand' v='Loombard' />
    <tag k='brand:wikidata' v='Q113227799' />
    <tag k='name' v='Loombard' />
    <tag k='operator' v='Lombard Premium sp. z o.o.' />
    <tag k='operator:ref:rdl_knf' v='RDL000101' />
    <tag k='shop' v='pawnbroker' />
    <tag k='source:shop' v='Rejestr działalności lombardowej KNF' />
  </node>
  <node id='-1001649' visible='true' version='1' lat='51.1254551' lon='17.0508594'>
    <tag k='addr:city' v='Wrocław' />
    <tag k='addr:housenumber' v='22' />
    <tag k='addr:postcode' v='50-310' />
    <tag k='addr:street' v='Daszyńskiego' />
    <tag k='brand' v='Loombard' />
    <tag k='brand:wikidata' v='Q113227799' />
    <tag k='name' v='Loombard' />
    <tag k='operator' v='Lombard Premium sp. z o.o.' />
    <tag k='operator:ref:rdl_knf' v='RDL000101' />
    <tag k='shop' v='pawnbroker' />
    <tag k='source:shop' v='Rejestr działalności lombardowej KNF' />
  </node>
  <node id='-1001650' visible='true' version='1' lat='51.1190116' lon='17.0386234'>
    <tag k='addr:city' v='Wrocław' />
    <tag k='addr:housenumber' v='45' />
    <tag k='addr:postcode' v='50-260' />
    <tag k='addr:street' v='Jedności Narodowej' />
    <tag k='brand' v='Loombard' />
    <tag k='brand:wikidata' v='Q113227799' />
    <tag k='name' v='Loombard' />
    <tag k='operator' v='Lombard Premium sp. z o.o.' />
    <tag k='operator:ref:rdl_knf' v='RDL000101' />
    <tag k='shop' v='pawnbroker' />
    <tag k='source:shop' v='Rejestr działalności lombardowej KNF' />
  </node>
  <node id='-1001651' visible='true' version='1' lat='51.1099306' lon='17.027122'>
    <tag k='add:flat' v='6' />
    <tag k='addr:city' v='Wrocław' />
    <tag k='addr:housenumber' v='5' />
    <tag k='addr:postcode' v='50-080' />
    <tag k='addr:street' v='Psie Budy' />
    <tag k='brand' v='Loombard' />
    <tag k='brand:wikidata' v='Q113227799' />
    <tag k='name' v='Loombard' />
    <tag k='operator' v='Lombard Premium sp. z o.o.' />
    <tag k='operator:ref:rdl_knf' v='RDL000101' />
    <tag k='shop' v='pawnbroker' />
    <tag k='source:shop' v='Rejestr działalności lombardowej KNF' />
  </node>
  <node id='-1001652' visible='true' version='1' lat='51.100529' lon='17.0339'>
    <tag k='addr:city' v='Wrocław' />
    <tag k='addr:housenumber' v='86' />
    <tag k='addr:postcode' v='50-020' />
    <tag k='addr:street' v='Piłsudskiego' />
    <tag k='brand' v='Loombard' />
    <tag k='brand:wikidata' v='Q113227799' />
    <tag k='name' v='Loombard' />
    <tag k='operator' v='Lombard Premium sp. z o.o.' />
    <tag k='operator:ref:rdl_knf' v='RDL000101' />
    <tag k='shop' v='pawnbroker' />
    <tag k='source:shop' v='Rejestr działalności lombardowej KNF' />
  </node>
  <node id='-1001653' visible='true' version='1' lat='51.1164746' lon='17.0025666'>
    <tag k='addr:city' v='Wrocław' />
    <tag k='addr:housenumber' v='6' />
    <tag k='addr:postcode' v='53-621' />
    <tag k='addr:street' v='Głogowska' />
    <tag k='brand' v='Loombard' />
    <tag k='brand:wikidata' v='Q113227799' />
    <tag k='name' v='Loombard' />
    <tag k='operator' v='Lombard Premium sp. z o.o.' />
    <tag k='operator:ref:rdl_knf' v='RDL000101' />
    <tag k='shop' v='pawnbroker' />
    <tag k='source:shop' v='Rejestr działalności lombardowej KNF' />
  </node>
  <node id='-1001654' visible='true' version='1' lat='53.1265252' lon='23.1062408'>
    <tag k='addr:city' v='Białystok' />
    <tag k='addr:housenumber' v='1A' />
    <tag k='addr:postcode' v='15-668' />
    <tag k='addr:street' v='Upalna' />
    <tag k='brand' v='Loombard' />
    <tag k='brand:wikidata' v='Q113227799' />
    <tag k='name' v='Loombard' />
    <tag k='operator' v='Lombard Silver  sp. z o.o.' />
    <tag k='operator:ref:rdl_knf' v='RDL000109' />
    <tag k='shop' v='pawnbroker' />
    <tag k='source:shop' v='Rejestr działalności lombardowej KNF' />
  </node>
  <node id='-1001655' visible='true' version='1' lat='53.1338434' lon='23.1485071'>
    <tag k='addr:city' v='Białystok' />
    <tag k='addr:housenumber' v='45' />
    <tag k='addr:postcode' v='15-794' />
    <tag k='addr:street' v='Lipowa' />
    <tag k='brand' v='Loombard' />
    <tag k='brand:wikidata' v='Q113227799' />
    <tag k='name' v='Loombard' />
    <tag k='operator' v='Lombard Silver  sp. z o.o.' />
    <tag k='operator:ref:rdl_knf' v='RDL000109' />
    <tag k='shop' v='pawnbroker' />
    <tag k='source:shop' v='Rejestr działalności lombardowej KNF' />
  </node>
  <node id='-1001656' visible='true' version='1' lat='53.1329896' lon='23.1559618'>
    <tag k='addr:city' v='Białystok' />
    <tag k='addr:housenumber' v='10' />
    <tag k='addr:postcode' v='15-427' />
    <tag k='addr:street' v='Lipowa' />
    <tag k='brand' v='Loombard' />
    <tag k='brand:wikidata' v='Q113227799' />
    <tag k='name' v='Loombard' />
    <tag k='operator' v='Lombard Silver  sp. z o.o.' />
    <tag k='operator:ref:rdl_knf' v='RDL000109' />
    <tag k='shop' v='pawnbroker' />
    <tag k='source:shop' v='Rejestr działalności lombardowej KNF' />
  </node>
  <node id='-1001657' visible='true' version='1' lat='53.1272381' lon='23.077526'>
    <tag k='addr:city' v='Białystok' />
    <tag k='addr:housenumber' v='40 I' />
    <tag k='addr:postcode' v='15-617' />
    <tag k='addr:street' v='Nowosielska' />
    <tag k='brand' v='Loombard' />
    <tag k='brand:wikidata' v='Q113227799' />
    <tag k='name' v='Loombard' />
    <tag k='operator' v='Lombard Silver  sp. z o.o.' />
    <tag k='operator:ref:rdl_knf' v='RDL000109' />
    <tag k='shop' v='pawnbroker' />
    <tag k='source:shop' v='Rejestr działalności lombardowej KNF' />
  </node>
  <node id='-1001658' visible='true' version='1' lat='53.1242091' lon='23.1522599'>
    <tag k='addr:city' v='Białystok' />
    <tag k='addr:housenumber' v='25' />
    <tag k='addr:postcode' v='15-304' />
    <tag k='addr:street' v='Waszyngtona' />
    <tag k='brand' v='Loombard' />
    <tag k='brand:wikidata' v='Q113227799' />
    <tag k='name' v='Loombard' />
    <tag k='operator' v='Lombard Silver  sp. z o.o.' />
    <tag k='operator:ref:rdl_knf' v='RDL000109' />
    <tag k='shop' v='pawnbroker' />
    <tag k='source:shop' v='Rejestr działalności lombardowej KNF' />
  </node>
  <node id='-1001659' visible='true' version='1' lat='50.8605725' lon='17.4704285'>
    <tag k='addr:city' v='Brzeg' />
    <tag k='addr:housenumber' v='4B' />
    <tag k='addr:postcode' v='49-300' />
    <tag k='addr:street' v='Kościelna' />
    <tag k='brand' v='Loombard' />
    <tag k='brand:wikidata' v='Q113227799' />
    <tag k='name' v='Loombard' />
    <tag k='operator' v='Lombard Silver  sp. z o.o.' />
    <tag k='operator:ref:rdl_knf' v='RDL000109' />
    <tag k='shop' v='pawnbroker' />
    <tag k='source:shop' v='Rejestr działalności lombardowej KNF' />
  </node>
  <node id='-1001660' visible='true' version='1' lat='53.1318677' lon='18.0093413'>
    <tag k='addr:city' v='Bydgoszcz' />
    <tag k='addr:housenumber' v='81' />
    <tag k='addr:postcode' v='85-005' />
    <tag k='addr:street' v='Gdańska' />
    <tag k='brand' v='Loombard' />
    <tag k='brand:wikidata' v='Q113227799' />
    <tag k='name' v='Loombard' />
    <tag k='operator' v='Lombard Silver  sp. z o.o.' />
    <tag k='operator:ref:rdl_knf' v='RDL000109' />
    <tag k='shop' v='pawnbroker' />
    <tag k='source:shop' v='Rejestr działalności lombardowej KNF' />
  </node>
  <node id='-1001661' visible='true' version='1' lat='53.1312182' lon='17.9984762'>
    <tag k='add:flat' v='8A' />
    <tag k='addr:city' v='Bydgoszcz' />
    <tag k='addr:housenumber' v='47' />
    <tag k='addr:postcode' v='85-011' />
    <tag k='addr:street' v='Śniadeckich' />
    <tag k='brand' v='Loombard' />
    <tag k='brand:wikidata' v='Q113227799' />
    <tag k='name' v='Loombard' />
    <tag k='operator' v='Lombard Silver  sp. z o.o.' />
    <tag k='operator:ref:rdl_knf' v='RDL000109' />
    <tag k='shop' v='pawnbroker' />
    <tag k='source:shop' v='Rejestr działalności lombardowej KNF' />
  </node>
  <node id='-1001662' visible='true' version='1' lat='53.1587308' lon='18.1538135'>
    <tag k='addr:city' v='Bydgoszcz' />
    <tag k='addr:housenumber' v='11' />
    <tag k='addr:postcode' v='85-791' />
    <tag k='addr:street' v='Rataja' />
    <tag k='brand' v='Loombard' />
    <tag k='brand:wikidata' v='Q113227799' />
    <tag k='name' v='Loombard' />
    <tag k='operator' v='Lombard Silver  sp. z o.o.' />
    <tag k='operator:ref:rdl_knf' v='RDL000109' />
    <tag k='shop' v='pawnbroker' />
    <tag k='source:shop' v='Rejestr działalności lombardowej KNF' />
  </node>
  <node id='-1001663' visible='true' version='1' lat='54.1701121' lon='17.4908913'>
    <tag k='addr:city' v='Bytów' />
    <tag k='addr:housenumber' v='44' />
    <tag k='addr:postcode' v='84-342' />
    <tag k='addr:street' v='Wojska Polskiego' />
    <tag k='brand' v='Loombard' />
    <tag k='brand:wikidata' v='Q113227799' />
    <tag k='name' v='Loombard' />
    <tag k='operator' v='Lombard Silver  sp. z o.o.' />
    <tag k='operator:ref:rdl_knf' v='RDL000109' />
    <tag k='shop' v='pawnbroker' />
    <tag k='source:shop' v='Rejestr działalności lombardowej KNF' />
  </node>
  <node id='-1001664' visible='true' version='1' lat='52.9924262' lon='16.9174933'>
    <tag k='addr:city' v='Chodzież' />
    <tag k='addr:housenumber' v='4' />
    <tag k='addr:postcode' v='64-800' />
    <tag k='addr:street' v='Rynek' />
    <tag k='brand' v='Loombard' />
    <tag k='brand:wikidata' v='Q113227799' />
    <tag k='name' v='Loombard' />
    <tag k='operator' v='Lombard Silver  sp. z o.o.' />
    <tag k='operator:ref:rdl_knf' v='RDL000109' />
    <tag k='shop' v='pawnbroker' />
    <tag k='source:shop' v='Rejestr działalności lombardowej KNF' />
  </node>
  <node id='-1001665' visible='true' version='1' lat='53.6930179' lon='17.5663001'>
    <tag k='addr:city' v='Chojnice' />
    <tag k='addr:housenumber' v='8' />
    <tag k='addr:postcode' v='89-600' />
    <tag k='addr:street' v='Piłsudskiego' />
    <tag k='brand' v='Loombard' />
    <tag k='brand:wikidata' v='Q113227799' />
    <tag k='name' v='Loombard' />
    <tag k='operator' v='Lombard Silver  sp. z o.o.' />
    <tag k='operator:ref:rdl_knf' v='RDL000109' />
    <tag k='shop' v='pawnbroker' />
    <tag k='source:shop' v='Rejestr działalności lombardowej KNF' />
  </node>
  <node id='-1001666' visible='true' version='1' lat='50.8122157' lon='19.127145'>
    <tag k='addr:city' v='Częstochowa' />
    <tag k='addr:housenumber' v='5' />
    <tag k='addr:postcode' v='42-202' />
    <tag k='addr:street' v='Plac Daszyńskiego' />
    <tag k='brand' v='Loombard' />
    <tag k='brand:wikidata' v='Q113227799' />
    <tag k='name' v='Loombard' />
    <tag k='operator' v='Lombard Silver  sp. z o.o.' />
    <tag k='operator:ref:rdl_knf' v='RDL000109' />
    <tag k='shop' v='pawnbroker' />
    <tag k='source:shop' v='Rejestr działalności lombardowej KNF' />
  </node>
  <node id='-1001667' visible='true' version='1' lat='50.8097222' lon='19.1185931'>
    <tag k='addr:city' v='Częstochowa' />
    <tag k='addr:housenumber' v='15B' />
    <tag k='addr:postcode' v='42-202' />
    <tag k='addr:street' v='Aleja Wolności' />
    <tag k='brand' v='Loombard' />
    <tag k='brand:wikidata' v='Q113227799' />
    <tag k='name' v='Loombard' />
    <tag k='operator' v='Lombard Silver  sp. z o.o.' />
    <tag k='operator:ref:rdl_knf' v='RDL000109' />
    <tag k='shop' v='pawnbroker' />
    <tag k='source:shop' v='Rejestr działalności lombardowej KNF' />
  </node>
  <node id='-1001668' visible='true' version='1' lat='54.421902' lon='16.4116402'>
    <tag k='addr:city' v='Darłowo' />
    <tag k='addr:housenumber' v='54' />
    <tag k='addr:postcode' v='76-150' />
    <tag k='addr:street' v='Powstańców Warszawskich' />
    <tag k='brand' v='Loombard' />
    <tag k='brand:wikidata' v='Q113227799' />
    <tag k='name' v='Loombard' />
    <tag k='operator' v='Lombard Silver  sp. z o.o.' />
    <tag k='operator:ref:rdl_knf' v='RDL000109' />
    <tag k='shop' v='pawnbroker' />
    <tag k='source:shop' v='Rejestr działalności lombardowej KNF' />
  </node>
  <node id='-1001669' visible='true' version='1' lat='54.1799251' lon='19.4053983'>
    <tag k='add:flat' v='5' />
    <tag k='addr:city' v='Elbląg' />
    <tag k='addr:housenumber' v='136' />
    <tag k='addr:postcode' v='82-300' />
    <tag k='addr:street' v='Pułkownika Stanisława Dąbka' />
    <tag k='brand' v='Loombard' />
    <tag k='brand:wikidata' v='Q113227799' />
    <tag k='name' v='Loombard' />
    <tag k='operator' v='Lombard Silver  sp. z o.o.' />
    <tag k='operator:ref:rdl_knf' v='RDL000109' />
    <tag k='shop' v='pawnbroker' />
    <tag k='source:shop' v='Rejestr działalności lombardowej KNF' />
  </node>
  <node id='-1001670' visible='true' version='1' lat='54.5133327' lon='18.5395491'>
    <tag k='addr:city' v='Gdynia' />
    <tag k='addr:housenumber' v='82' />
    <tag k='addr:postcode' v='81-388' />
    <tag k='addr:street' v='Świętojańska' />
    <tag k='brand' v='Loombard' />
    <tag k='brand:wikidata' v='Q113227799' />
    <tag k='name' v='Loombard' />
    <tag k='operator' v='Lombard Silver  sp. z o.o.' />
    <tag k='operator:ref:rdl_knf' v='RDL000109' />
    <tag k='shop' v='pawnbroker' />
    <tag k='source:shop' v='Rejestr działalności lombardowej KNF' />
  </node>
  <node id='-1001671' visible='true' version='1' lat='50.2964039' lon='18.6582677'>
    <tag k='addr:city' v='Gliwice' />
    <tag k='addr:housenumber' v='37' />
    <tag k='addr:postcode' v='44-100' />
    <tag k='addr:street' v='Siemińskiego' />
    <tag k='brand' v='Loombard' />
    <tag k='brand:wikidata' v='Q113227799' />
    <tag k='name' v='Loombard' />
    <tag k='operator' v='Lombard Silver  sp. z o.o.' />
    <tag k='operator:ref:rdl_knf' v='RDL000109' />
    <tag k='shop' v='pawnbroker' />
    <tag k='source:shop' v='Rejestr działalności lombardowej KNF' />
  </node>
  <node id='-1001672' visible='true' version='1' lat='50.2985001' lon='18.6929796'>
    <tag k='addr:city' v='Gliwice' />
    <tag k='addr:housenumber' v='5' />
    <tag k='addr:postcode' v='44-100' />
    <tag k='addr:street' v='Poniatowskiego' />
    <tag k='brand' v='Loombard' />
    <tag k='brand:wikidata' v='Q113227799' />
    <tag k='name' v='Loombard' />
    <tag k='operator' v='Lombard Silver  sp. z o.o.' />
    <tag k='operator:ref:rdl_knf' v='RDL000109' />
    <tag k='shop' v='pawnbroker' />
    <tag k='source:shop' v='Rejestr działalności lombardowej KNF' />
  </node>
  <node id='-1001673' visible='true' version='1' lat='50.30481' lon='18.6728204'>
    <tag k='add:flat' v='1' />
    <tag k='addr:city' v='Gliwice' />
    <tag k='addr:housenumber' v='33' />
    <tag k='addr:postcode' v='44-102' />
    <tag k='addr:street' v='Toszecka' />
    <tag k='brand' v='Loombard' />
    <tag k='brand:wikidata' v='Q113227799' />
    <tag k='name' v='Loombard' />
    <tag k='operator' v='Lombard Silver  sp. z o.o.' />
    <tag k='operator:ref:rdl_knf' v='RDL000109' />
    <tag k='shop' v='pawnbroker' />
    <tag k='source:shop' v='Rejestr działalności lombardowej KNF' />
  </node>
  <node id='-1001674' visible='true' version='1' lat='50.2884093' lon='18.6655241'>
    <tag k='addr:city' v='Gliwice' />
    <tag k='addr:housenumber' v='3' />
    <tag k='addr:postcode' v='44-100' />
    <tag k='addr:street' v='Rybnicka' />
    <tag k='brand' v='Loombard' />
    <tag k='brand:wikidata' v='Q113227799' />
    <tag k='name' v='Loombard' />
    <tag k='operator' v='Lombard Silver  sp. z o.o.' />
    <tag k='operator:ref:rdl_knf' v='RDL000109' />
    <tag k='shop' v='pawnbroker' />
    <tag k='source:shop' v='Rejestr działalności lombardowej KNF' />
  </node>
  <node id='-1001675' visible='true' version='1' lat='50.3032554' lon='18.6822487'>
    <tag k='addr:city' v='Gliwice' />
    <tag k='addr:housenumber' v='26' />
    <tag k='addr:postcode' v='44-102' />
    <tag k='addr:street' v='Tarnogórska' />
    <tag k='brand' v='Loombard' />
    <tag k='brand:wikidata' v='Q113227799' />
    <tag k='name' v='Loombard' />
    <tag k='operator' v='Lombard Silver  sp. z o.o.' />
    <tag k='operator:ref:rdl_knf' v='RDL000109' />
    <tag k='shop' v='pawnbroker' />
    <tag k='source:shop' v='Rejestr działalności lombardowej KNF' />
  </node>
  <node id='-1001676' visible='true' version='1' lat='50.3082985' lon='18.6871937'>
    <tag k='addr:city' v='Gliwice' />
    <tag k='addr:housenumber' v='82' />
    <tag k='addr:postcode' v='44-102' />
    <tag k='addr:street' v='Tarnogórska' />
    <tag k='brand' v='Loombard' />
    <tag k='brand:wikidata' v='Q113227799' />
    <tag k='name' v='Loombard' />
    <tag k='operator' v='Lombard Silver  sp. z o.o.' />
    <tag k='operator:ref:rdl_knf' v='RDL000109' />
    <tag k='shop' v='pawnbroker' />
    <tag k='source:shop' v='Rejestr działalności lombardowej KNF' />
  </node>
  <node id='-1001677' visible='true' version='1' lat='50.316859' lon='17.3841848'>
    <tag k='addr:city' v='Głuchołazy' />
    <tag k='addr:housenumber' v='9' />
    <tag k='addr:postcode' v='48-340' />
    <tag k='addr:street' v='Rynek' />
    <tag k='brand' v='Loombard' />
    <tag k='brand:wikidata' v='Q113227799' />
    <tag k='name' v='Loombard' />
    <tag k='operator' v='Lombard Silver  sp. z o.o.' />
    <tag k='operator:ref:rdl_knf' v='RDL000109' />
    <tag k='shop' v='pawnbroker' />
    <tag k='source:shop' v='Rejestr działalności lombardowej KNF' />
  </node>
  <node id='-1001678' visible='true' version='1' lat='52.5378323' lon='17.6076272'>
    <tag k='add:flat' v='3' />
    <tag k='addr:city' v='Gniezno' />
    <tag k='addr:housenumber' v='24' />
    <tag k='addr:postcode' v='62-200' />
    <tag k='addr:street' v='Wyszyńskiego' />
    <tag k='brand' v='Loombard' />
    <tag k='brand:wikidata' v='Q113227799' />
    <tag k='name' v='Loombard' />
    <tag k='operator' v='Lombard Silver  sp. z o.o.' />
    <tag k='operator:ref:rdl_knf' v='RDL000109' />
    <tag k='shop' v='pawnbroker' />
    <tag k='source:shop' v='Rejestr działalności lombardowej KNF' />
  </node>
  <node id='-1001679' visible='true' version='1' lat='52.5508812' lon='17.6066444'>
    <tag k='addr:city' v='Gniezno' />
    <tag k='addr:housenumber' v='65' />
    <tag k='addr:postcode' v='62-200' />
    <tag k='addr:street' v='Os. Jagiellońskie' />
    <tag k='brand' v='Loombard' />
    <tag k='brand:wikidata' v='Q113227799' />
    <tag k='name' v='Loombard' />
    <tag k='operator' v='Lombard Silver  sp. z o.o.' />
    <tag k='operator:ref:rdl_knf' v='RDL000109' />
    <tag k='shop' v='pawnbroker' />
    <tag k='source:shop' v='Rejestr działalności lombardowej KNF' />
  </node>
  <node id='-1001680' visible='true' version='1' lat='52.53299' lon='17.5954512'>
    <tag k='add:flat' v='2' />
    <tag k='addr:city' v='Gniezno' />
    <tag k='addr:housenumber' v='9' />
    <tag k='addr:postcode' v='62-200' />
    <tag k='addr:street' v='Pl. Józefa Piłsudskiego' />
    <tag k='brand' v='Loombard' />
    <tag k='brand:wikidata' v='Q113227799' />
    <tag k='name' v='Loombard' />
    <tag k='operator' v='Lombard Silver  sp. z o.o.' />
    <tag k='operator:ref:rdl_knf' v='RDL000109' />
    <tag k='shop' v='pawnbroker' />
    <tag k='source:shop' v='Rejestr działalności lombardowej KNF' />
  </node>
  <node id='-1001681' visible='true' version='1' lat='53.5614695' lon='14.8326766'>
    <tag k='add:flat' v='4' />
    <tag k='addr:city' v='Goleniów' />
    <tag k='addr:housenumber' v='25' />
    <tag k='addr:postcode' v='72-100' />
    <tag k='addr:street' v='Konstytucji 3 Maja' />
    <tag k='brand' v='Loombard' />
    <tag k='brand:wikidata' v='Q113227799' />
    <tag k='name' v='Loombard' />
    <tag k='operator' v='Lombard Silver  sp. z o.o.' />
    <tag k='operator:ref:rdl_knf' v='RDL000109' />
    <tag k='shop' v='pawnbroker' />
    <tag k='source:shop' v='Rejestr działalności lombardowej KNF' />
  </node>
  <node id='-1001682' visible='true' version='1' lat='54.3070099' lon='22.3040946'>
    <tag k='addr:city' v='Gołdap' />
    <tag k='addr:housenumber' v='1A' />
    <tag k='addr:postcode' v='19-500' />
    <tag k='addr:street' v='Armii Krajowej' />
    <tag k='brand' v='Loombard' />
    <tag k='brand:wikidata' v='Q113227799' />
    <tag k='name' v='Loombard' />
    <tag k='operator' v='Lombard Silver  sp. z o.o.' />
    <tag k='operator:ref:rdl_knf' v='RDL000109' />
    <tag k='shop' v='pawnbroker' />
    <tag k='source:shop' v='Rejestr działalności lombardowej KNF' />
  </node>
  <node id='-1001683' visible='true' version='1' lat='53.9139266' lon='15.1977709'>
    <tag k='add:flat' v='3' />
    <tag k='addr:city' v='Gryfice' />
    <tag k='addr:housenumber' v='39' />
    <tag k='addr:postcode' v='72-300' />
    <tag k='addr:street' v='Niepodległości' />
    <tag k='brand' v='Loombard' />
    <tag k='brand:wikidata' v='Q113227799' />
    <tag k='name' v='Loombard' />
    <tag k='operator' v='Lombard Silver  sp. z o.o.' />
    <tag k='operator:ref:rdl_knf' v='RDL000109' />
    <tag k='shop' v='pawnbroker' />
    <tag k='source:shop' v='Rejestr działalności lombardowej KNF' />
  </node>
  <node id='-1001684' visible='true' version='1' lat='53.25266' lon='14.48709'>
    <tag k='addr:city' v='Gryfino' />
    <tag k='addr:housenumber' v='27A' />
    <tag k='addr:postcode' v='74-100' />
    <tag k='addr:street' v='Kościelna' />
    <tag k='brand' v='Loombard' />
    <tag k='brand:wikidata' v='Q113227799' />
    <tag k='name' v='Loombard' />
    <tag k='operator' v='Lombard Silver  sp. z o.o.' />
    <tag k='operator:ref:rdl_knf' v='RDL000109' />
    <tag k='shop' v='pawnbroker' />
    <tag k='source:shop' v='Rejestr działalności lombardowej KNF' />
  </node>
  <node id='-1001685' visible='true' version='1' lat='53.42087' lon='16.81521'>
    <tag k='addr:city' v='Jastrowie' />
    <tag k='addr:housenumber' v='80' />
    <tag k='addr:postcode' v='64-915' />
    <tag k='addr:street' v='Gdańska' />
    <tag k='brand' v='Loombard' />
    <tag k='brand:wikidata' v='Q113227799' />
    <tag k='name' v='Loombard' />
    <tag k='operator' v='Lombard Silver  sp. z o.o.' />
    <tag k='operator:ref:rdl_knf' v='RDL000109' />
    <tag k='shop' v='pawnbroker' />
    <tag k='source:shop' v='Rejestr działalności lombardowej KNF' />
  </node>
  <node id='-1001686' visible='true' version='1' lat='51.049747' lon='16.1955758'>
    <tag k='addr:city' v='Jawor' />
    <tag k='addr:housenumber' v='6' />
    <tag k='addr:postcode' v='59-400' />
    <tag k='addr:street' v='Staromiejska' />
    <tag k='brand' v='Loombard' />
    <tag k='brand:wikidata' v='Q113227799' />
    <tag k='name' v='Loombard' />
    <tag k='operator' v='Lombard Silver  sp. z o.o.' />
    <tag k='operator:ref:rdl_knf' v='RDL000109' />
    <tag k='shop' v='pawnbroker' />
    <tag k='source:shop' v='Rejestr działalności lombardowej KNF' />
  </node>
  <node id='-1001687' visible='true' version='1' lat='54.3330264' lon='18.2019635'>
    <tag k='addr:city' v='Kartuzy' />
    <tag k='addr:housenumber' v='17' />
    <tag k='addr:postcode' v='83-300' />
    <tag k='addr:street' v='Kościuszki' />
    <tag k='brand' v='Loombard' />
    <tag k='brand:wikidata' v='Q113227799' />
    <tag k='name' v='Loombard' />
    <tag k='operator' v='Lombard Silver  sp. z o.o.' />
    <tag k='operator:ref:rdl_knf' v='RDL000109' />
    <tag k='shop' v='pawnbroker' />
    <tag k='source:shop' v='Rejestr działalności lombardowej KNF' />
  </node>
  <node id='-1001688' visible='true' version='1' lat='54.1792744' lon='15.5685968'>
    <tag k='addr:city' v='Kołobrzeg' />
    <tag k='addr:housenumber' v='10E' />
    <tag k='addr:postcode' v='78-100' />
    <tag k='addr:street' v='I Armii Wojska Polskiego' />
    <tag k='brand' v='Loombard' />
    <tag k='brand:wikidata' v='Q113227799' />
    <tag k='name' v='Loombard' />
    <tag k='operator' v='Lombard Silver  sp. z o.o.' />
    <tag k='operator:ref:rdl_knf' v='RDL000109' />
    <tag k='shop' v='pawnbroker' />
    <tag k='source:shop' v='Rejestr działalności lombardowej KNF' />
  </node>
  <node id='-1001689' visible='true' version='1' lat='54.1781099' lon='15.5780361'>
    <tag k='add:flat' v='2' />
    <tag k='addr:city' v='Kołobrzeg' />
    <tag k='addr:housenumber' v='25' />
    <tag k='addr:postcode' v='78-100' />
    <tag k='addr:street' v='Al. Św. Jana Pawła Ii' />
    <tag k='brand' v='Loombard' />
    <tag k='brand:wikidata' v='Q113227799' />
    <tag k='name' v='Loombard' />
    <tag k='operator' v='Lombard Silver  sp. z o.o.' />
    <tag k='operator:ref:rdl_knf' v='RDL000109' />
    <tag k='shop' v='pawnbroker' />
    <tag k='source:shop' v='Rejestr działalności lombardowej KNF' />
  </node>
  <node id='-1001690' visible='true' version='1' lat='54.1893159' lon='16.1725063'>
    <tag k='addr:city' v='Koszalin' />
    <tag k='addr:housenumber' v='8' />
    <tag k='addr:postcode' v='75-033' />
    <tag k='addr:street' v='Zwycięstwa' />
    <tag k='brand' v='Loombard' />
    <tag k='brand:wikidata' v='Q113227799' />
    <tag k='name' v='Loombard' />
    <tag k='operator' v='Lombard Silver  sp. z o.o.' />
    <tag k='operator:ref:rdl_knf' v='RDL000109' />
    <tag k='shop' v='pawnbroker' />
    <tag k='source:shop' v='Rejestr działalności lombardowej KNF' />
  </node>
  <node id='-1001691' visible='true' version='1' lat='54.1901814' lon='16.1827518'>
    <tag k='addr:city' v='Koszalin' />
    <tag k='addr:housenumber' v='1' />
    <tag k='addr:postcode' v='75-007' />
    <tag k='addr:street' v='Rynek Staromiejski' />
    <tag k='brand' v='Loombard' />
    <tag k='brand:wikidata' v='Q113227799' />
    <tag k='name' v='Loombard' />
    <tag k='operator' v='Lombard Silver  sp. z o.o.' />
    <tag k='operator:ref:rdl_knf' v='RDL000109' />
    <tag k='shop' v='pawnbroker' />
    <tag k='source:shop' v='Rejestr działalności lombardowej KNF' />
  </node>
  <node id='-1001692' visible='true' version='1' lat='54.201451' lon='16.1858463'>
    <tag k='addr:city' v='Koszalin' />
    <tag k='addr:housenumber' v='40' />
    <tag k='addr:postcode' v='75-346' />
    <tag k='addr:street' v='Władysława Iv' />
    <tag k='brand' v='Loombard' />
    <tag k='brand:wikidata' v='Q113227799' />
    <tag k='name' v='Loombard' />
    <tag k='operator' v='Lombard Silver  sp. z o.o.' />
    <tag k='operator:ref:rdl_knf' v='RDL000109' />
    <tag k='shop' v='pawnbroker' />
    <tag k='source:shop' v='Rejestr działalności lombardowej KNF' />
  </node>
  <node id='-1001693' visible='true' version='1' lat='54.1215284' lon='17.9768288'>
    <tag k='addr:city' v='Kościerzyna' />
    <tag k='addr:housenumber' v='5' />
    <tag k='addr:postcode' v='83-400' />
    <tag k='addr:street' v='Długa' />
    <tag k='brand' v='Loombard' />
    <tag k='brand:wikidata' v='Q113227799' />
    <tag k='name' v='Loombard' />
    <tag k='operator' v='Lombard Silver  sp. z o.o.' />
    <tag k='operator:ref:rdl_knf' v='RDL000109' />
    <tag k='shop' v='pawnbroker' />
    <tag k='source:shop' v='Rejestr działalności lombardowej KNF' />
  </node>
  <node id='-1001694' visible='true' version='1' lat='52.4494557' lon='16.9936491'>
    <tag k='add:flat' v='2' />
    <tag k='addr:city' v='Koziegłowy' />
    <tag k='addr:housenumber' v='21C' />
    <tag k='addr:postcode' v='62-028' />
    <tag k='addr:street' v='Os. Leśne' />
    <tag k='brand' v='Loombard' />
    <tag k='brand:wikidata' v='Q113227799' />
    <tag k='name' v='Loombard' />
    <tag k='operator' v='Lombard Silver  sp. z o.o.' />
    <tag k='operator:ref:rdl_knf' v='RDL000109' />
    <tag k='shop' v='pawnbroker' />
    <tag k='source:shop' v='Rejestr działalności lombardowej KNF' />
  </node>
  <node id='-1001695' visible='true' version='1' lat='53.7372476' lon='18.9381109'>
    <tag k='addr:city' v='Kwidzyn' />
    <tag k='addr:housenumber' v='28' />
    <tag k='addr:postcode' v='82-500' />
    <tag k='addr:street' v='Warszawska' />
    <tag k='brand' v='Loombard' />
    <tag k='brand:wikidata' v='Q113227799' />
    <tag k='name' v='Loombard' />
    <tag k='operator' v='Lombard Silver  sp. z o.o.' />
    <tag k='operator:ref:rdl_knf' v='RDL000109' />
    <tag k='shop' v='pawnbroker' />
    <tag k='source:shop' v='Rejestr działalności lombardowej KNF' />
  </node>
  <node id='-1001696' visible='true' version='1' lat='53.7345015' lon='18.9280125'>
    <tag k='addr:city' v='Kwidzyn' />
    <tag k='addr:housenumber' v='15A' />
    <tag k='addr:postcode' v='82-500' />
    <tag k='addr:street' v='Piłsudskiego' />
    <tag k='brand' v='Loombard' />
    <tag k='brand:wikidata' v='Q113227799' />
    <tag k='name' v='Loombard' />
    <tag k='operator' v='Lombard Silver  sp. z o.o.' />
    <tag k='operator:ref:rdl_knf' v='RDL000109' />
    <tag k='shop' v='pawnbroker' />
    <tag k='source:shop' v='Rejestr działalności lombardowej KNF' />
  </node>
  <node id='-1001697' visible='true' version='1' lat='51.8456699' lon='16.5747259'>
    <tag k='addr:city' v='Leszno' />
    <tag k='addr:housenumber' v='35' />
    <tag k='addr:postcode' v='64-100' />
    <tag k='addr:street' v='Narutowicza' />
    <tag k='brand' v='Loombard' />
    <tag k='brand:wikidata' v='Q113227799' />
    <tag k='name' v='Loombard' />
    <tag k='operator' v='Lombard Silver  sp. z o.o.' />
    <tag k='operator:ref:rdl_knf' v='RDL000109' />
    <tag k='shop' v='pawnbroker' />
    <tag k='source:shop' v='Rejestr działalności lombardowej KNF' />
  </node>
  <node id='-1001698' visible='true' version='1' lat='50.6696283' lon='18.6836928'>
    <tag k='addr:city' v='Lubliniec' />
    <tag k='addr:housenumber' v='7' />
    <tag k='addr:postcode' v='42-700' />
    <tag k='addr:street' v='Mickiewicza' />
    <tag k='brand' v='Loombard' />
    <tag k='brand:wikidata' v='Q113227799' />
    <tag k='name' v='Loombard' />
    <tag k='operator' v='Lombard Silver  sp. z o.o.' />
    <tag k='operator:ref:rdl_knf' v='RDL000109' />
    <tag k='shop' v='pawnbroker' />
    <tag k='source:shop' v='Rejestr działalności lombardowej KNF' />
  </node>
  <node id='-1001699' visible='true' version='1' lat='52.346488' lon='16.880528'>
    <tag k='addr:city' v='Luboń' />
    <tag k='addr:housenumber' v='47' />
    <tag k='addr:postcode' v='62-030' />
    <tag k='addr:street' v='Żabikowska' />
    <tag k='brand' v='Loombard' />
    <tag k='brand:wikidata' v='Q113227799' />
    <tag k='name' v='Loombard' />
    <tag k='operator' v='Lombard Silver  sp. z o.o.' />
    <tag k='operator:ref:rdl_knf' v='RDL000109' />
    <tag k='shop' v='pawnbroker' />
    <tag k='source:shop' v='Rejestr działalności lombardowej KNF' />
  </node>
  <node id='-1001700' visible='true' version='1' lat='52.321557' lon='21.1033548'>
    <tag k='addr:city' v='Marki' />
    <tag k='addr:housenumber' v='57' />
    <tag k='addr:postcode' v='05-270' />
    <tag k='addr:street' v='Piłsudskiego' />
    <tag k='brand' v='Loombard' />
    <tag k='brand:wikidata' v='Q113227799' />
    <tag k='name' v='Loombard' />
    <tag k='operator' v='Lombard Silver  sp. z o.o.' />
    <tag k='operator:ref:rdl_knf' v='RDL000109' />
    <tag k='shop' v='pawnbroker' />
    <tag k='source:shop' v='Rejestr działalności lombardowej KNF' />
  </node>
  <node id='-1001701' visible='true' version='1' lat='51.98478' lon='22.7865'>
    <tag k='addr:city' v='Międzyrzec Podlaski' />
    <tag k='addr:housenumber' v='10' />
    <tag k='addr:postcode' v='21-560' />
    <tag k='addr:street' v='Żelazna' />
    <tag k='brand' v='Loombard' />
    <tag k='brand:wikidata' v='Q113227799' />
    <tag k='name' v='Loombard' />
    <tag k='operator' v='Lombard Silver  sp. z o.o.' />
    <tag k='operator:ref:rdl_knf' v='RDL000109' />
    <tag k='shop' v='pawnbroker' />
    <tag k='source:shop' v='Rejestr działalności lombardowej KNF' />
  </node>
  <node id='-1001702' visible='true' version='1' lat='52.6576128' lon='17.955857'>
    <tag k='addr:city' v='Mogilno' />
    <tag k='addr:housenumber' v='7' />
    <tag k='addr:postcode' v='88-300' />
    <tag k='addr:street' v='Plac Wolności' />
    <tag k='brand' v='Loombard' />
    <tag k='brand:wikidata' v='Q113227799' />
    <tag k='name' v='Loombard' />
    <tag k='operator' v='Lombard Silver  sp. z o.o.' />
    <tag k='operator:ref:rdl_knf' v='RDL000109' />
    <tag k='shop' v='pawnbroker' />
    <tag k='source:shop' v='Rejestr działalności lombardowej KNF' />
  </node>
  <node id='-1001703' visible='true' version='1' lat='52.4288258' lon='20.7157978'>
    <tag k='addr:city' v='Nowy Dwór Mazowiecki' />
    <tag k='addr:housenumber' v='1A' />
    <tag k='addr:postcode' v='05-100' />
    <tag k='addr:street' v='Modlińska' />
    <tag k='brand' v='Loombard' />
    <tag k='brand:wikidata' v='Q113227799' />
    <tag k='name' v='Loombard' />
    <tag k='operator' v='Lombard Silver  sp. z o.o.' />
    <tag k='operator:ref:rdl_knf' v='RDL000109' />
    <tag k='shop' v='pawnbroker' />
    <tag k='source:shop' v='Rejestr działalności lombardowej KNF' />
  </node>
  <node id='-1001704' visible='true' version='1' lat='54.0364708' lon='22.5051933'>
    <tag k='addr:city' v='Olecko' />
    <tag k='addr:housenumber' v='27' />
    <tag k='addr:postcode' v='19-400' />
    <tag k='addr:street' v='Pl. Wolności' />
    <tag k='brand' v='Loombard' />
    <tag k='brand:wikidata' v='Q113227799' />
    <tag k='name' v='Loombard' />
    <tag k='operator' v='Lombard Silver  sp. z o.o.' />
    <tag k='operator:ref:rdl_knf' v='RDL000109' />
    <tag k='shop' v='pawnbroker' />
    <tag k='source:shop' v='Rejestr działalności lombardowej KNF' />
  </node>
  <node id='-1001705' visible='true' version='1' lat='53.927812' lon='18.6996882'>
    <tag k='addr:city' v='Pelplin' />
    <tag k='addr:housenumber' v='12' />
    <tag k='addr:postcode' v='83-130' />
    <tag k='addr:street' v='Mickiewicza' />
    <tag k='brand' v='Loombard' />
    <tag k='brand:wikidata' v='Q113227799' />
    <tag k='name' v='Loombard' />
    <tag k='operator' v='Lombard Silver  sp. z o.o.' />
    <tag k='operator:ref:rdl_knf' v='RDL000109' />
    <tag k='shop' v='pawnbroker' />
    <tag k='source:shop' v='Rejestr działalności lombardowej KNF' />
  </node>
  <node id='-1001706' visible='true' version='1' lat='53.1451005' lon='16.7332569'>
    <tag k='add:flat' v='1' />
    <tag k='addr:city' v='Piła' />
    <tag k='addr:housenumber' v='19' />
    <tag k='addr:postcode' v='64-920' />
    <tag k='addr:street' v='Okrzei' />
    <tag k='brand' v='Loombard' />
    <tag k='brand:wikidata' v='Q113227799' />
    <tag k='name' v='Loombard' />
    <tag k='operator' v='Lombard Silver  sp. z o.o.' />
    <tag k='operator:ref:rdl_knf' v='RDL000109' />
    <tag k='shop' v='pawnbroker' />
    <tag k='source:shop' v='Rejestr działalności lombardowej KNF' />
  </node>
  <node id='-1001707' visible='true' version='1' lat='53.1527364' lon='16.7463304'>
    <tag k='addr:city' v='Piła' />
    <tag k='addr:housenumber' v='1A' />
    <tag k='addr:postcode' v='64-920' />
    <tag k='addr:street' v='Bydgoska' />
    <tag k='brand' v='Loombard' />
    <tag k='brand:wikidata' v='Q113227799' />
    <tag k='name' v='Loombard' />
    <tag k='operator' v='Lombard Silver  sp. z o.o.' />
    <tag k='operator:ref:rdl_knf' v='RDL000109' />
    <tag k='shop' v='pawnbroker' />
    <tag k='source:shop' v='Rejestr działalności lombardowej KNF' />
  </node>
  <node id='-1001708' visible='true' version='1' lat='53.1532642' lon='16.7355042'>
    <tag k='addr:city' v='Piła' />
    <tag k='addr:housenumber' v='1A' />
    <tag k='addr:postcode' v='64-920' />
    <tag k='addr:street' v='Kolbe' />
    <tag k='brand' v='Loombard' />
    <tag k='brand:wikidata' v='Q113227799' />
    <tag k='name' v='Loombard' />
    <tag k='operator' v='Lombard Silver  sp. z o.o.' />
    <tag k='operator:ref:rdl_knf' v='RDL000109' />
    <tag k='shop' v='pawnbroker' />
    <tag k='source:shop' v='Rejestr działalności lombardowej KNF' />
  </node>
  <node id='-1001709' visible='true' version='1' lat='53.6311937' lon='21.7978791'>
    <tag k='addr:city' v='Pisz' />
    <tag k='addr:housenumber' v='1A' />
    <tag k='addr:postcode' v='12-200' />
    <tag k='addr:street' v='Dworcowa' />
    <tag k='brand' v='Loombard' />
    <tag k='brand:wikidata' v='Q113227799' />
    <tag k='name' v='Loombard' />
    <tag k='operator' v='Lombard Silver  sp. z o.o.' />
    <tag k='operator:ref:rdl_knf' v='RDL000109' />
    <tag k='shop' v='pawnbroker' />
    <tag k='source:shop' v='Rejestr działalności lombardowej KNF' />
  </node>
  <node id='-1001710' visible='true' version='1' lat='52.4506801' lon='16.9150633'>
    <tag k='addr:city' v='Poznań' />
    <tag k='addr:housenumber' v='117' />
    <tag k='addr:postcode' v='60-681' />
    <tag k='addr:street' v='Kurpińskiego' />
    <tag k='brand' v='Loombard' />
    <tag k='brand:wikidata' v='Q113227799' />
    <tag k='name' v='Loombard' />
    <tag k='operator' v='Lombard Silver  sp. z o.o.' />
    <tag k='operator:ref:rdl_knf' v='RDL000109' />
    <tag k='shop' v='pawnbroker' />
    <tag k='source:shop' v='Rejestr działalności lombardowej KNF' />
  </node>
  <node id='-1001711' visible='true' version='1' lat='52.4508486' lon='16.9214583'>
    <tag k='addr:city' v='Poznań' />
    <tag k='addr:housenumber' v='17' />
    <tag k='addr:postcode' v='60-682' />
    <tag k='addr:street' v='Wiechowicza' />
    <tag k='brand' v='Loombard' />
    <tag k='brand:wikidata' v='Q113227799' />
    <tag k='name' v='Loombard' />
    <tag k='operator' v='Lombard Silver  sp. z o.o.' />
    <tag k='operator:ref:rdl_knf' v='RDL000109' />
    <tag k='shop' v='pawnbroker' />
    <tag k='source:shop' v='Rejestr działalności lombardowej KNF' />
  </node>
  <node id='-1001712' visible='true' version='1' lat='52.3993292' lon='16.9050915'>
    <tag k='addr:city' v='Poznań' />
    <tag k='addr:housenumber' v='35A' />
    <tag k='addr:postcode' v='60-736' />
    <tag k='addr:street' v='Głogowska' />
    <tag k='brand' v='Loombard' />
    <tag k='brand:wikidata' v='Q113227799' />
    <tag k='name' v='Loombard' />
    <tag k='operator' v='Lombard Silver  sp. z o.o.' />
    <tag k='operator:ref:rdl_knf' v='RDL000109' />
    <tag k='shop' v='pawnbroker' />
    <tag k='source:shop' v='Rejestr działalności lombardowej KNF' />
  </node>
  <node id='-1001713' visible='true' version='1' lat='52.3871986' lon='16.9806782'>
    <tag k='addr:city' v='Poznań' />
    <tag k='addr:housenumber' v='96' />
    <tag k='addr:postcode' v='61-290' />
    <tag k='addr:street' v='Osiedle Czecha' />
    <tag k='brand' v='Loombard' />
    <tag k='brand:wikidata' v='Q113227799' />
    <tag k='name' v='Loombard' />
    <tag k='operator' v='Lombard Silver  sp. z o.o.' />
    <tag k='operator:ref:rdl_knf' v='RDL000109' />
    <tag k='shop' v='pawnbroker' />
    <tag k='source:shop' v='Rejestr działalności lombardowej KNF' />
  </node>
  <node id='-1001714' visible='true' version='1' lat='52.3985261' lon='16.9215307'>
    <tag k='addr:city' v='Poznań' />
    <tag k='addr:housenumber' v='10' />
    <tag k='addr:postcode' v='61-568' />
    <tag k='addr:street' v='Wierzbięcice' />
    <tag k='brand' v='Loombard' />
    <tag k='brand:wikidata' v='Q113227799' />
    <tag k='name' v='Loombard' />
    <tag k='operator' v='Lombard Silver  sp. z o.o.' />
    <tag k='operator:ref:rdl_knf' v='RDL000109' />
    <tag k='shop' v='pawnbroker' />
    <tag k='source:shop' v='Rejestr działalności lombardowej KNF' />
  </node>
  <node id='-1001715' visible='true' version='1' lat='52.4090081' lon='16.9248006'>
    <tag k='add:flat' v='2' />
    <tag k='addr:city' v='Poznań' />
    <tag k='addr:housenumber' v='48A' />
    <tag k='addr:postcode' v='61-728' />
    <tag k='addr:street' v='3 Maja' />
    <tag k='brand' v='Loombard' />
    <tag k='brand:wikidata' v='Q113227799' />
    <tag k='name' v='Loombard' />
    <tag k='operator' v='Lombard Silver  sp. z o.o.' />
    <tag k='operator:ref:rdl_knf' v='RDL000109' />
    <tag k='shop' v='pawnbroker' />
    <tag k='source:shop' v='Rejestr działalności lombardowej KNF' />
  </node>
  <node id='-1001716' visible='true' version='1' lat='52.3934086' lon='16.8983245'>
    <tag k='addr:city' v='Poznań' />
    <tag k='addr:housenumber' v='91A' />
    <tag k='addr:postcode' v='60-264' />
    <tag k='addr:street' v='Głogowska' />
    <tag k='brand' v='Loombard' />
    <tag k='brand:wikidata' v='Q113227799' />
    <tag k='name' v='Loombard' />
    <tag k='operator' v='Lombard Silver  sp. z o.o.' />
    <tag k='operator:ref:rdl_knf' v='RDL000109' />
    <tag k='shop' v='pawnbroker' />
    <tag k='source:shop' v='Rejestr działalności lombardowej KNF' />
  </node>
  <node id='-1001717' visible='true' version='1' lat='52.4386529' lon='16.9359122'>
    <tag k='add:flat' v='14' />
    <tag k='addr:city' v='Poznań' />
    <tag k='addr:housenumber' v='121' />
    <tag k='addr:postcode' v='61-699' />
    <tag k='addr:street' v='Osiedle Wichrowe Wzgórze' />
    <tag k='brand' v='Loombard' />
    <tag k='brand:wikidata' v='Q113227799' />
    <tag k='name' v='Loombard' />
    <tag k='operator' v='Lombard Silver  sp. z o.o.' />
    <tag k='operator:ref:rdl_knf' v='RDL000109' />
    <tag k='shop' v='pawnbroker' />
    <tag k='source:shop' v='Rejestr działalności lombardowej KNF' />
  </node>
  <node id='-1001718' visible='true' version='1' lat='52.4292606' lon='16.9162259'>
    <tag k='addr:city' v='Poznań' />
    <tag k='addr:housenumber' v='92' />
    <tag k='addr:postcode' v='60-649' />
    <tag k='addr:street' v='Piątkowska' />
    <tag k='brand' v='Loombard' />
    <tag k='brand:wikidata' v='Q113227799' />
    <tag k='name' v='Loombard' />
    <tag k='operator' v='Lombard Silver  sp. z o.o.' />
    <tag k='operator:ref:rdl_knf' v='RDL000109' />
    <tag k='shop' v='pawnbroker' />
    <tag k='source:shop' v='Rejestr działalności lombardowej KNF' />
  </node>
  <node id='-1001719' visible='true' version='1' lat='52.404517' lon='16.9370958'>
    <tag k='addr:city' v='Poznań' />
    <tag k='addr:housenumber' v='27' />
    <tag k='addr:postcode' v='61-869' />
    <tag k='addr:street' v='Garbary' />
    <tag k='brand' v='Loombard' />
    <tag k='brand:wikidata' v='Q113227799' />
    <tag k='name' v='Loombard' />
    <tag k='operator' v='Lombard Silver  sp. z o.o.' />
    <tag k='operator:ref:rdl_knf' v='RDL000109' />
    <tag k='shop' v='pawnbroker' />
    <tag k='source:shop' v='Rejestr działalności lombardowej KNF' />
  </node>
  <node id='-1001720' visible='true' version='1' lat='52.4137933' lon='16.8981632'>
    <tag k='addr:city' v='Poznań' />
    <tag k='addr:housenumber' v='80' />
    <tag k='addr:postcode' v='60-529' />
    <tag k='addr:street' v='Dąbrowskiego' />
    <tag k='brand' v='Loombard' />
    <tag k='brand:wikidata' v='Q113227799' />
    <tag k='name' v='Loombard' />
    <tag k='operator' v='Lombard Silver  sp. z o.o.' />
    <tag k='operator:ref:rdl_knf' v='RDL000109' />
    <tag k='shop' v='pawnbroker' />
    <tag k='source:shop' v='Rejestr działalności lombardowej KNF' />
  </node>
  <node id='-1001721' visible='true' version='1' lat='52.391496' lon='16.8906508'>
    <tag k='add:flat' v='1' />
    <tag k='addr:city' v='Poznań' />
    <tag k='addr:housenumber' v='27' />
    <tag k='addr:postcode' v='60-251' />
    <tag k='addr:street' v='Hetmańska' />
    <tag k='brand' v='Loombard' />
    <tag k='brand:wikidata' v='Q113227799' />
    <tag k='name' v='Loombard' />
    <tag k='operator' v='Lombard Silver  sp. z o.o.' />
    <tag k='operator:ref:rdl_knf' v='RDL000109' />
    <tag k='shop' v='pawnbroker' />
    <tag k='source:shop' v='Rejestr działalności lombardowej KNF' />
  </node>
  <node id='-1001722' visible='true' version='1' lat='52.4167297' lon='16.8866504'>
    <tag k='addr:city' v='Poznań' />
    <tag k='addr:housenumber' v='149' />
    <tag k='addr:postcode' v='60-588' />
    <tag k='addr:street' v='Dąbrowskiego' />
    <tag k='brand' v='Loombard' />
    <tag k='brand:wikidata' v='Q113227799' />
    <tag k='name' v='Loombard' />
    <tag k='operator' v='Lombard Silver  sp. z o.o.' />
    <tag k='operator:ref:rdl_knf' v='RDL000109' />
    <tag k='shop' v='pawnbroker' />
    <tag k='source:shop' v='Rejestr działalności lombardowej KNF' />
  </node>
  <node id='-1001723' visible='true' version='1' lat='52.3959674' lon='16.900347'>
    <tag k='addr:city' v='Poznań' />
    <tag k='addr:housenumber' v='66' />
    <tag k='addr:postcode' v='60-740' />
    <tag k='addr:street' v='Głogowska' />
    <tag k='brand' v='Loombard' />
    <tag k='brand:wikidata' v='Q113227799' />
    <tag k='name' v='Loombard' />
    <tag k='operator' v='Lombard Silver  sp. z o.o.' />
    <tag k='operator:ref:rdl_knf' v='RDL000109' />
    <tag k='shop' v='pawnbroker' />
    <tag k='source:shop' v='Rejestr działalności lombardowej KNF' />
  </node>
  <node id='-1001724' visible='true' version='1' lat='52.3944104' lon='16.9224155'>
    <tag k='addr:city' v='Poznań' />
    <tag k='addr:housenumber' v='100' />
    <tag k='addr:postcode' v='61-576' />
    <tag k='addr:street' v='Górna Wilda' />
    <tag k='brand' v='Loombard' />
    <tag k='brand:wikidata' v='Q113227799' />
    <tag k='name' v='Loombard' />
    <tag k='operator' v='Lombard Silver  sp. z o.o.' />
    <tag k='operator:ref:rdl_knf' v='RDL000109' />
    <tag k='shop' v='pawnbroker' />
    <tag k='source:shop' v='Rejestr działalności lombardowej KNF' />
  </node>
  <node id='-1001725' visible='true' version='1' lat='52.385431' lon='16.8887332'>
    <tag k='addr:city' v='Poznań' />
    <tag k='addr:housenumber' v='160' />
    <tag k='addr:postcode' v='60-205' />
    <tag k='addr:street' v='Głogowska' />
    <tag k='brand' v='Loombard' />
    <tag k='brand:wikidata' v='Q113227799' />
    <tag k='name' v='Loombard' />
    <tag k='operator' v='Lombard Silver  sp. z o.o.' />
    <tag k='operator:ref:rdl_knf' v='RDL000109' />
    <tag k='shop' v='pawnbroker' />
    <tag k='source:shop' v='Rejestr działalności lombardowej KNF' />
  </node>
  <node id='-1001726' visible='true' version='1' lat='52.4117179' lon='16.8959252'>
    <tag k='addr:city' v='Poznań' />
    <tag k='addr:housenumber' v='28' />
    <tag k='addr:postcode' v='60-533' />
    <tag k='addr:street' v='Polna' />
    <tag k='brand' v='Loombard' />
    <tag k='brand:wikidata' v='Q113227799' />
    <tag k='name' v='Loombard' />
    <tag k='operator' v='Lombard Silver  sp. z o.o.' />
    <tag k='operator:ref:rdl_knf' v='RDL000109' />
    <tag k='shop' v='pawnbroker' />
    <tag k='source:shop' v='Rejestr działalności lombardowej KNF' />
  </node>
  <node id='-1001727' visible='true' version='1' lat='52.4311717' lon='16.9408841'>
    <tag k='add:flat' v='33' />
    <tag k='addr:city' v='Poznań' />
    <tag k='addr:housenumber' v='104' />
    <tag k='addr:postcode' v='61-633' />
    <tag k='addr:street' v='Os. Pod Lipami' />
    <tag k='brand' v='Loombard' />
    <tag k='brand:wikidata' v='Q113227799' />
    <tag k='name' v='Loombard' />
    <tag k='operator' v='Lombard Silver  sp. z o.o.' />
    <tag k='operator:ref:rdl_knf' v='RDL000109' />
    <tag k='shop' v='pawnbroker' />
    <tag k='source:shop' v='Rejestr działalności lombardowej KNF' />
  </node>
  <node id='-1001728' visible='true' version='1' lat='53.0219259' lon='20.8854003'>
    <tag k='addr:city' v='Przasnysz' />
    <tag k='addr:housenumber' v='1' />
    <tag k='addr:postcode' v='06-300' />
    <tag k='addr:street' v='Przechodnia' />
    <tag k='brand' v='Loombard' />
    <tag k='brand:wikidata' v='Q113227799' />
    <tag k='name' v='Loombard' />
    <tag k='operator' v='Lombard Silver  sp. z o.o.' />
    <tag k='operator:ref:rdl_knf' v='RDL000109' />
    <tag k='shop' v='pawnbroker' />
    <tag k='source:shop' v='Rejestr działalności lombardowej KNF' />
  </node>
  <node id='-1001729' visible='true' version='1' lat='51.6096328' lon='16.8581085'>
    <tag k='addr:city' v='Rawicz' />
    <tag k='addr:housenumber' v='6' />
    <tag k='addr:postcode' v='63-900' />
    <tag k='addr:street' v='Rynek' />
    <tag k='brand' v='Loombard' />
    <tag k='brand:wikidata' v='Q113227799' />
    <tag k='name' v='Loombard' />
    <tag k='operator' v='Lombard Silver  sp. z o.o.' />
    <tag k='operator:ref:rdl_knf' v='RDL000109' />
    <tag k='shop' v='pawnbroker' />
    <tag k='source:shop' v='Rejestr działalności lombardowej KNF' />
  </node>
  <node id='-1001730' visible='true' version='1' lat='54.5686902' lon='18.3949349'>
    <tag k='add:flat' v='1' />
    <tag k='addr:city' v='Rumia' />
    <tag k='addr:housenumber' v='12B' />
    <tag k='addr:postcode' v='84-230' />
    <tag k='addr:street' v='Dąbrowskiego' />
    <tag k='brand' v='Loombard' />
    <tag k='brand:wikidata' v='Q113227799' />
    <tag k='name' v='Loombard' />
    <tag k='operator' v='Lombard Silver  sp. z o.o.' />
    <tag k='operator:ref:rdl_knf' v='RDL000109' />
    <tag k='shop' v='pawnbroker' />
    <tag k='source:shop' v='Rejestr działalności lombardowej KNF' />
  </node>
  <node id='-1001731' visible='true' version='1' lat='52.42732' lon='22.86846'>
    <tag k='addr:city' v='Siemiatycze' />
    <tag k='addr:housenumber' v='29' />
    <tag k='addr:postcode' v='17-300' />
    <tag k='addr:street' v='Grodzieńska' />
    <tag k='brand' v='Loombard' />
    <tag k='brand:wikidata' v='Q113227799' />
    <tag k='name' v='Loombard' />
    <tag k='operator' v='Lombard Silver  sp. z o.o.' />
    <tag k='operator:ref:rdl_knf' v='RDL000109' />
    <tag k='shop' v='pawnbroker' />
    <tag k='source:shop' v='Rejestr działalności lombardowej KNF' />
  </node>
  <node id='-1001732' visible='true' version='1' lat='53.40576' lon='23.49935'>
    <tag k='addr:city' v='Sokółka' />
    <tag k='addr:housenumber' v='16' />
    <tag k='addr:postcode' v='16-100' />
    <tag k='addr:street' v='Grodzieńska' />
    <tag k='brand' v='Loombard' />
    <tag k='brand:wikidata' v='Q113227799' />
    <tag k='name' v='Loombard' />
    <tag k='operator' v='Lombard Silver  sp. z o.o.' />
    <tag k='operator:ref:rdl_knf' v='RDL000109' />
    <tag k='shop' v='pawnbroker' />
    <tag k='source:shop' v='Rejestr działalności lombardowej KNF' />
  </node>
  <node id='-1001733' visible='true' version='1' lat='54.4413019' lon='18.5639572'>
    <tag k='addr:city' v='Sopot' />
    <tag k='addr:housenumber' v='11A' />
    <tag k='addr:postcode' v='81-704' />
    <tag k='addr:street' v='Tadeusza Kościuszki' />
    <tag k='brand' v='Loombard' />
    <tag k='brand:wikidata' v='Q113227799' />
    <tag k='name' v='Loombard' />
    <tag k='operator' v='Lombard Silver  sp. z o.o.' />
    <tag k='operator:ref:rdl_knf' v='RDL000109' />
    <tag k='shop' v='pawnbroker' />
    <tag k='source:shop' v='Rejestr działalności lombardowej KNF' />
  </node>
  <node id='-1001734' visible='true' version='1' lat='53.965589' lon='18.5340979'>
    <tag k='addr:city' v='Starogard Gdański' />
    <tag k='addr:housenumber' v='45' />
    <tag k='addr:postcode' v='83-200' />
    <tag k='addr:street' v='Kościuszki' />
    <tag k='brand' v='Loombard' />
    <tag k='brand:wikidata' v='Q113227799' />
    <tag k='name' v='Loombard' />
    <tag k='operator' v='Lombard Silver  sp. z o.o.' />
    <tag k='operator:ref:rdl_knf' v='RDL000109' />
    <tag k='shop' v='pawnbroker' />
    <tag k='source:shop' v='Rejestr działalności lombardowej KNF' />
  </node>
  <node id='-1001735' visible='true' version='1' lat='50.5097226' lon='18.3033956'>
    <tag k='addr:city' v='Strzelce Opolskie' />
    <tag k='addr:housenumber' v='13' />
    <tag k='addr:postcode' v='47-100' />
    <tag k='addr:street' v='Krakowska' />
    <tag k='brand' v='Loombard' />
    <tag k='brand:wikidata' v='Q113227799' />
    <tag k='name' v='Loombard' />
    <tag k='operator' v='Lombard Silver  sp. z o.o.' />
    <tag k='operator:ref:rdl_knf' v='RDL000109' />
    <tag k='shop' v='pawnbroker' />
    <tag k='source:shop' v='Rejestr działalności lombardowej KNF' />
  </node>
  <node id='-1001736' visible='true' version='1' lat='52.6094959' lon='16.5802835'>
    <tag k='addr:city' v='Szamotuły' />
    <tag k='addr:housenumber' v='5' />
    <tag k='addr:postcode' v='64-500' />
    <tag k='addr:street' v='Ratuszowa' />
    <tag k='brand' v='Loombard' />
    <tag k='brand:wikidata' v='Q113227799' />
    <tag k='name' v='Loombard' />
    <tag k='operator' v='Lombard Silver  sp. z o.o.' />
    <tag k='operator:ref:rdl_knf' v='RDL000109' />
    <tag k='shop' v='pawnbroker' />
    <tag k='source:shop' v='Rejestr działalności lombardowej KNF' />
  </node>
  <node id='-1001737' visible='true' version='1' lat='53.4332719' lon='14.5322608'>
    <tag k='add:flat' v='1' />
    <tag k='addr:city' v='Szczecin' />
    <tag k='addr:housenumber' v='72' />
    <tag k='addr:postcode' v='70-365' />
    <tag k='addr:street' v='Jagiellońska' />
    <tag k='brand' v='Loombard' />
    <tag k='brand:wikidata' v='Q113227799' />
    <tag k='name' v='Loombard' />
    <tag k='operator' v='Lombard Silver  sp. z o.o.' />
    <tag k='operator:ref:rdl_knf' v='RDL000109' />
    <tag k='shop' v='pawnbroker' />
    <tag k='source:shop' v='Rejestr działalności lombardowej KNF' />
  </node>
  <node id='-1001738' visible='true' version='1' lat='53.4088396' lon='14.5235552'>
    <tag k='addr:city' v='Szczecin' />
    <tag k='addr:housenumber' v='7F' />
    <tag k='addr:postcode' v='70-117' />
    <tag k='addr:street' v='Milczańska' />
    <tag k='brand' v='Loombard' />
    <tag k='brand:wikidata' v='Q113227799' />
    <tag k='name' v='Loombard' />
    <tag k='operator' v='Lombard Silver  sp. z o.o.' />
    <tag k='operator:ref:rdl_knf' v='RDL000109' />
    <tag k='shop' v='pawnbroker' />
    <tag k='source:shop' v='Rejestr działalności lombardowej KNF' />
  </node>
  <node id='-1001739' visible='true' version='1' lat='53.4541397' lon='14.5628462'>
    <tag k='addr:city' v='Szczecin' />
    <tag k='addr:housenumber' v='4' />
    <tag k='addr:postcode' v='71-670' />
    <tag k='addr:street' v='Przyjaciół Żołnierza' />
    <tag k='brand' v='Loombard' />
    <tag k='brand:wikidata' v='Q113227799' />
    <tag k='name' v='Loombard' />
    <tag k='operator' v='Lombard Silver  sp. z o.o.' />
    <tag k='operator:ref:rdl_knf' v='RDL000109' />
    <tag k='shop' v='pawnbroker' />
    <tag k='source:shop' v='Rejestr działalności lombardowej KNF' />
  </node>
  <node id='-1001740' visible='true' version='1' lat='53.4295587' lon='14.5541112'>
    <tag k='addr:city' v='Szczecin' />
    <tag k='addr:housenumber' v='4B' />
    <tag k='addr:postcode' v='70-413' />
    <tag k='addr:street' v='Wyzwolenia' />
    <tag k='brand' v='Loombard' />
    <tag k='brand:wikidata' v='Q113227799' />
    <tag k='name' v='Loombard' />
    <tag k='operator' v='Lombard Silver  sp. z o.o.' />
    <tag k='operator:ref:rdl_knf' v='RDL000109' />
    <tag k='shop' v='pawnbroker' />
    <tag k='source:shop' v='Rejestr działalności lombardowej KNF' />
  </node>
  <node id='-1001741' visible='true' version='1' lat='53.3961101' lon='14.6686406'>
    <tag k='addr:city' v='Szczecin' />
    <tag k='addr:housenumber' v='35' />
    <tag k='addr:postcode' v='70-800' />
    <tag k='addr:street' v='Emilii Gierczak' />
    <tag k='brand' v='Loombard' />
    <tag k='brand:wikidata' v='Q113227799' />
    <tag k='name' v='Loombard' />
    <tag k='operator' v='Lombard Silver  sp. z o.o.' />
    <tag k='operator:ref:rdl_knf' v='RDL000109' />
    <tag k='shop' v='pawnbroker' />
    <tag k='source:shop' v='Rejestr działalności lombardowej KNF' />
  </node>
  <node id='-1001742' visible='true' version='1' lat='54.0950894' lon='18.7876503'>
    <tag k='addr:city' v='Tczew' />
    <tag k='addr:housenumber' v='8A' />
    <tag k='addr:postcode' v='83-110' />
    <tag k='addr:street' v='Gdańska' />
    <tag k='brand' v='Loombard' />
    <tag k='brand:wikidata' v='Q113227799' />
    <tag k='name' v='Loombard' />
    <tag k='operator' v='Lombard Silver  sp. z o.o.' />
    <tag k='operator:ref:rdl_knf' v='RDL000109' />
    <tag k='shop' v='pawnbroker' />
    <tag k='source:shop' v='Rejestr działalności lombardowej KNF' />
  </node>
  <node id='-1001743' visible='true' version='1' lat='54.1008935' lon='18.7672779'>
    <tag k='addr:city' v='Tczew' />
    <tag k='addr:housenumber' v='38' />
    <tag k='addr:postcode' v='83-110' />
    <tag k='addr:street' v='Armii Krajowej' />
    <tag k='brand' v='Loombard' />
    <tag k='brand:wikidata' v='Q113227799' />
    <tag k='name' v='Loombard' />
    <tag k='operator' v='Lombard Silver  sp. z o.o.' />
    <tag k='operator:ref:rdl_knf' v='RDL000109' />
    <tag k='shop' v='pawnbroker' />
    <tag k='source:shop' v='Rejestr działalności lombardowej KNF' />
  </node>
  <node id='-1001744' visible='true' version='1' lat='53.0410199' lon='16.4626712'>
    <tag k='add:flat' v='4' />
    <tag k='addr:city' v='Trzcianka' />
    <tag k='addr:housenumber' v='3' />
    <tag k='addr:postcode' v='64-980' />
    <tag k='addr:street' v='Kościuszki' />
    <tag k='brand' v='Loombard' />
    <tag k='brand:wikidata' v='Q113227799' />
    <tag k='name' v='Loombard' />
    <tag k='operator' v='Lombard Silver  sp. z o.o.' />
    <tag k='operator:ref:rdl_knf' v='RDL000109' />
    <tag k='shop' v='pawnbroker' />
    <tag k='source:shop' v='Rejestr działalności lombardowej KNF' />
  </node>
  <node id='-1001745' visible='true' version='1' lat='53.58836' lon='17.8580296'>
    <tag k='addr:city' v='Tuchola' />
    <tag k='addr:housenumber' v='3' />
    <tag k='addr:postcode' v='89-500' />
    <tag k='addr:street' v='Plac Wolności' />
    <tag k='brand' v='Loombard' />
    <tag k='brand:wikidata' v='Q113227799' />
    <tag k='name' v='Loombard' />
    <tag k='operator' v='Lombard Silver  sp. z o.o.' />
    <tag k='operator:ref:rdl_knf' v='RDL000109' />
    <tag k='shop' v='pawnbroker' />
    <tag k='source:shop' v='Rejestr działalności lombardowej KNF' />
  </node>
  <node id='-1001746' visible='true' version='1' lat='50.1145113' lon='18.9815138'>
    <tag k='addr:city' v='Tychy' />
    <tag k='addr:housenumber' v='1E' />
    <tag k='addr:postcode' v='43-100' />
    <tag k='addr:street' v='Moniuszki' />
    <tag k='brand' v='Loombard' />
    <tag k='brand:wikidata' v='Q113227799' />
    <tag k='name' v='Loombard' />
    <tag k='operator' v='Lombard Silver  sp. z o.o.' />
    <tag k='operator:ref:rdl_knf' v='RDL000109' />
    <tag k='shop' v='pawnbroker' />
    <tag k='source:shop' v='Rejestr działalności lombardowej KNF' />
  </node>
  <node id='-1001747' visible='true' version='1' lat='50.1122235' lon='18.9938084'>
    <tag k='addr:city' v='Tychy' />
    <tag k='addr:housenumber' v='33' />
    <tag k='addr:postcode' v='43-100' />
    <tag k='addr:street' v='Dąbrowskiego' />
    <tag k='brand' v='Loombard' />
    <tag k='brand:wikidata' v='Q113227799' />
    <tag k='name' v='Loombard' />
    <tag k='operator' v='Lombard Silver  sp. z o.o.' />
    <tag k='operator:ref:rdl_knf' v='RDL000109' />
    <tag k='shop' v='pawnbroker' />
    <tag k='source:shop' v='Rejestr działalności lombardowej KNF' />
  </node>
  <node id='-1001748' visible='true' version='1' lat='50.1043175' lon='18.9936047'>
    <tag k='addr:city' v='Tychy' />
    <tag k='addr:housenumber' v='1' />
    <tag k='addr:postcode' v='43-100' />
    <tag k='addr:street' v='Al. Piłsudskiego' />
    <tag k='brand' v='Loombard' />
    <tag k='brand:wikidata' v='Q113227799' />
    <tag k='name' v='Loombard' />
    <tag k='operator' v='Lombard Silver  sp. z o.o.' />
    <tag k='operator:ref:rdl_knf' v='RDL000109' />
    <tag k='shop' v='pawnbroker' />
    <tag k='source:shop' v='Rejestr działalności lombardowej KNF' />
  </node>
  <node id='-1001749' visible='true' version='1' lat='50.1214871' lon='18.9859444'>
    <tag k='addr:city' v='Tychy' />
    <tag k='addr:housenumber' v='2' />
    <tag k='addr:postcode' v='43-100' />
    <tag k='addr:street' v='Al. Niepodległości' />
    <tag k='brand' v='Loombard' />
    <tag k='brand:wikidata' v='Q113227799' />
    <tag k='name' v='Loombard' />
    <tag k='operator' v='Lombard Silver  sp. z o.o.' />
    <tag k='operator:ref:rdl_knf' v='RDL000109' />
    <tag k='shop' v='pawnbroker' />
    <tag k='source:shop' v='Rejestr działalności lombardowej KNF' />
  </node>
  <node id='-1001750' visible='true' version='1' lat='52.2265229' lon='21.0131477'>
    <tag k='addr:city' v='Warszawa' />
    <tag k='addr:housenumber' v='85' />
    <tag k='addr:postcode' v='00-683' />
    <tag k='addr:street' v='Marszałkowska' />
    <tag k='brand' v='Loombard' />
    <tag k='brand:wikidata' v='Q113227799' />
    <tag k='name' v='Loombard' />
    <tag k='operator' v='Lombard Silver  sp. z o.o.' />
    <tag k='operator:ref:rdl_knf' v='RDL000109' />
    <tag k='shop' v='pawnbroker' />
    <tag k='source:shop' v='Rejestr działalności lombardowej KNF' />
  </node>
  <node id='-1001751' visible='true' version='1' lat='52.3240888' lon='21.0567985'>
    <tag k='add:flat' v='116 G1' />
    <tag k='addr:city' v='Warszawa' />
    <tag k='addr:housenumber' v='116 G1' />
    <tag k='addr:postcode' v='03-287' />
    <tag k='addr:street' v='Skarbka Z Gór' />
    <tag k='brand' v='Loombard' />
    <tag k='brand:wikidata' v='Q113227799' />
    <tag k='name' v='Loombard' />
    <tag k='operator' v='Lombard Silver  sp. z o.o.' />
    <tag k='operator:ref:rdl_knf' v='RDL000109' />
    <tag k='shop' v='pawnbroker' />
    <tag k='source:shop' v='Rejestr działalności lombardowej KNF' />
  </node>
  <node id='-1001752' visible='true' version='1' lat='52.2387933' lon='20.9443494'>
    <tag k='addr:city' v='Warszawa' />
    <tag k='addr:housenumber' v='97' />
    <tag k='addr:postcode' v='01-401' />
    <tag k='addr:street' v='Górczewska' />
    <tag k='brand' v='Loombard' />
    <tag k='brand:wikidata' v='Q113227799' />
    <tag k='name' v='Loombard' />
    <tag k='operator' v='Lombard Silver  sp. z o.o.' />
    <tag k='operator:ref:rdl_knf' v='RDL000109' />
    <tag k='shop' v='pawnbroker' />
    <tag k='source:shop' v='Rejestr działalności lombardowej KNF' />
  </node>
  <node id='-1001753' visible='true' version='1' lat='54.6055918' lon='18.2507451'>
    <tag k='addr:city' v='Wejherowo' />
    <tag k='addr:housenumber' v='3D' />
    <tag k='addr:postcode' v='84-200' />
    <tag k='addr:street' v='Pomorska' />
    <tag k='brand' v='Loombard' />
    <tag k='brand:wikidata' v='Q113227799' />
    <tag k='name' v='Loombard' />
    <tag k='operator' v='Lombard Silver  sp. z o.o.' />
    <tag k='operator:ref:rdl_knf' v='RDL000109' />
    <tag k='shop' v='pawnbroker' />
    <tag k='source:shop' v='Rejestr działalności lombardowej KNF' />
  </node>
  <node id='-1001754' visible='true' version='1' lat='54.7940646' lon='18.4059467'>
    <tag k='add:flat' v='11' />
    <tag k='addr:city' v='Władysławowo' />
    <tag k='addr:housenumber' v='2B' />
    <tag k='addr:postcode' v='84-120' />
    <tag k='addr:street' v='Hallera' />
    <tag k='brand' v='Loombard' />
    <tag k='brand:wikidata' v='Q113227799' />
    <tag k='name' v='Loombard' />
    <tag k='operator' v='Lombard Silver  sp. z o.o.' />
    <tag k='operator:ref:rdl_knf' v='RDL000109' />
    <tag k='shop' v='pawnbroker' />
    <tag k='source:shop' v='Rejestr działalności lombardowej KNF' />
  </node>
  <node id='-1001755' visible='true' version='1' lat='51.1459414' lon='16.8677115'>
    <tag k='addr:city' v='Wrocław' />
    <tag k='addr:housenumber' v='28' />
    <tag k='addr:postcode' v='54-001' />
    <tag k='addr:street' v='Średzka' />
    <tag k='brand' v='Loombard' />
    <tag k='brand:wikidata' v='Q113227799' />
    <tag k='name' v='Loombard' />
    <tag k='operator' v='Lombard Silver  sp. z o.o.' />
    <tag k='operator:ref:rdl_knf' v='RDL000109' />
    <tag k='shop' v='pawnbroker' />
    <tag k='source:shop' v='Rejestr działalności lombardowej KNF' />
  </node>
  <node id='-1001756' visible='true' version='1' lat='51.1207557' lon='17.031272'>
    <tag k='add:flat' v='53' />
    <tag k='addr:city' v='Wrocław' />
    <tag k='addr:housenumber' v='51' />
    <tag k='addr:postcode' v='50-217' />
    <tag k='addr:street' v='Pomorska' />
    <tag k='brand' v='Loombard' />
    <tag k='brand:wikidata' v='Q113227799' />
    <tag k='name' v='Loombard' />
    <tag k='operator' v='Lombard Silver  sp. z o.o.' />
    <tag k='operator:ref:rdl_knf' v='RDL000109' />
    <tag k='shop' v='pawnbroker' />
    <tag k='source:shop' v='Rejestr działalności lombardowej KNF' />
  </node>
  <node id='-1001757' visible='true' version='1' lat='52.7093608' lon='16.3757077'>
    <tag k='addr:city' v='Wronki' />
    <tag k='addr:housenumber' v='15' />
    <tag k='addr:postcode' v='64-510' />
    <tag k='addr:street' v='Poznańska' />
    <tag k='brand' v='Loombard' />
    <tag k='brand:wikidata' v='Q113227799' />
    <tag k='name' v='Loombard' />
    <tag k='operator' v='Lombard Silver  sp. z o.o.' />
    <tag k='operator:ref:rdl_knf' v='RDL000109' />
    <tag k='shop' v='pawnbroker' />
    <tag k='source:shop' v='Rejestr działalności lombardowej KNF' />
  </node>
  <node id='-1001758' visible='true' version='1' lat='50.3380685' lon='18.7812378'>
    <tag k='addr:city' v='Zabrze' />
    <tag k='addr:housenumber' v='71' />
    <tag k='addr:postcode' v='41-807' />
    <tag k='addr:street' v='Tarnopolska' />
    <tag k='brand' v='Loombard' />
    <tag k='brand:wikidata' v='Q113227799' />
    <tag k='name' v='Loombard' />
    <tag k='operator' v='Lombard Silver  sp. z o.o.' />
    <tag k='operator:ref:rdl_knf' v='RDL000109' />
    <tag k='shop' v='pawnbroker' />
    <tag k='source:shop' v='Rejestr działalności lombardowej KNF' />
  </node>
  <node id='-1001759' visible='true' version='1' lat='50.3197558' lon='18.8221929'>
    <tag k='addr:city' v='Zabrze' />
    <tag k='addr:housenumber' v='75' />
    <tag k='addr:postcode' v='41-803' />
    <tag k='addr:street' v='Bytomska' />
    <tag k='brand' v='Loombard' />
    <tag k='brand:wikidata' v='Q113227799' />
    <tag k='name' v='Loombard' />
    <tag k='operator' v='Lombard Silver  sp. z o.o.' />
    <tag k='operator:ref:rdl_knf' v='RDL000109' />
    <tag k='shop' v='pawnbroker' />
    <tag k='source:shop' v='Rejestr działalności lombardowej KNF' />
  </node>
  <node id='-1001760' visible='true' version='1' lat='52.9749986' lon='22.2447938'>
    <tag k='add:flat' v='121' />
    <tag k='addr:city' v='Zambrów' />
    <tag k='addr:housenumber' v='11' />
    <tag k='addr:postcode' v='18-300' />
    <tag k='addr:street' v='Aleja Wojska Polskiego' />
    <tag k='brand' v='Loombard' />
    <tag k='brand:wikidata' v='Q113227799' />
    <tag k='name' v='Loombard' />
    <tag k='operator' v='Lombard Silver  sp. z o.o.' />
    <tag k='operator:ref:rdl_knf' v='RDL000109' />
    <tag k='shop' v='pawnbroker' />
    <tag k='source:shop' v='Rejestr działalności lombardowej KNF' />
  </node>
  <node id='-1001761' visible='true' version='1' lat='52.9789662' lon='22.2450948'>
    <tag k='add:flat' v='121' />
    <tag k='addr:city' v='Zambrów' />
    <tag k='addr:housenumber' v='11' />
    <tag k='addr:postcode' v='18-300' />
    <tag k='addr:street' v='Al. Wojska Polskiego' />
    <tag k='brand' v='Loombard' />
    <tag k='brand:wikidata' v='Q113227799' />
    <tag k='name' v='Loombard' />
    <tag k='operator' v='Lombard Silver  sp. z o.o.' />
    <tag k='operator:ref:rdl_knf' v='RDL000109' />
    <tag k='shop' v='pawnbroker' />
    <tag k='source:shop' v='Rejestr działalności lombardowej KNF' />
  </node>
  <node id='-1001762' visible='true' version='1' lat='53.3637052' lon='17.0386489'>
    <tag k='addr:city' v='Złotów' />
    <tag k='addr:housenumber' v='13A' />
    <tag k='addr:postcode' v='77-400' />
    <tag k='addr:street' v='Wojska Polskiego' />
    <tag k='brand' v='Loombard' />
    <tag k='brand:wikidata' v='Q113227799' />
    <tag k='name' v='Loombard' />
    <tag k='operator' v='Lombard Silver  sp. z o.o.' />
    <tag k='operator:ref:rdl_knf' v='RDL000109' />
    <tag k='shop' v='pawnbroker' />
    <tag k='source:shop' v='Rejestr działalności lombardowej KNF' />
  </node>
  <node id='-1001763' visible='true' version='1' lat='52.8478119' lon='17.7237171'>
    <tag k='addr:city' v='Żnin' />
    <tag k='addr:housenumber' v='11' />
    <tag k='addr:postcode' v='88-400' />
    <tag k='addr:street' v='Śniadeckich' />
    <tag k='brand' v='Loombard' />
    <tag k='brand:wikidata' v='Q113227799' />
    <tag k='name' v='Loombard' />
    <tag k='operator' v='Lombard Silver  sp. z o.o.' />
    <tag k='operator:ref:rdl_knf' v='RDL000109' />
    <tag k='shop' v='pawnbroker' />
    <tag k='source:shop' v='Rejestr działalności lombardowej KNF' />
  </node>
  <node id='-1001764' visible='true' version='1' lat='53.9129835' lon='19.9255637'>
    <tag k='add:flat' v='53' />
    <tag k='addr:city' v='Morąg' />
    <tag k='addr:housenumber' v='21' />
    <tag k='addr:postcode' v='14-300' />
    <tag k='addr:street' v='3 Maja' />
    <tag k='operator' v='Lombard Sknerus sp. z o.o.' />
    <tag k='operator:ref:rdl_knf' v='RDL000225' />
    <tag k='shop' v='pawnbroker' />
    <tag k='source:shop' v='Rejestr działalności lombardowej KNF' />
  </node>
  <node id='-1001765' visible='true' version='1' lat='54.0660124' lon='19.6571891'>
    <tag k='addr:city' v='Pasłęk' />
    <tag k='addr:housenumber' v='31' />
    <tag k='addr:postcode' v='14-400' />
    <tag k='addr:street' v='Bolesława Chrobrego' />
    <tag k='operator' v='Lombard Sknerus sp. z o.o.' />
    <tag k='operator:ref:rdl_knf' v='RDL000225' />
    <tag k='shop' v='pawnbroker' />
    <tag k='source:shop' v='Rejestr działalności lombardowej KNF' />
  </node>
  <node id='-1001766' visible='true' version='1' lat='51.6688517' lon='16.542429'>
    <tag k='addr:city' v='Góra' />
    <tag k='addr:housenumber' v='34' />
    <tag k='addr:postcode' v='56-200' />
    <tag k='addr:street' v='Podwale' />
    <tag k='operator' v='Lombard Słowik sp. z o.o.' />
    <tag k='operator:ref:rdl_knf' v='RDL000019' />
    <tag k='shop' v='pawnbroker' />
    <tag k='source:shop' v='Rejestr działalności lombardowej KNF' />
  </node>
  <node id='-1001767' visible='true' version='1' lat='51.6090764' lon='16.8572373'>
    <tag k='addr:city' v='Rawicz' />
    <tag k='addr:housenumber' v='34a' />
    <tag k='addr:postcode' v='63-900' />
    <tag k='addr:street' v='Rynek' />
    <tag k='operator' v='Lombard Słowik sp. z o.o.' />
    <tag k='operator:ref:rdl_knf' v='RDL000019' />
    <tag k='shop' v='pawnbroker' />
    <tag k='source:shop' v='Rejestr działalności lombardowej KNF' />
  </node>
  <node id='-1001768' visible='true' version='1' lat='51.4175564' lon='16.4213071'>
    <tag k='addr:city' v='Ścinawa' />
    <tag k='addr:housenumber' v='11a' />
    <tag k='addr:postcode' v='59-330' />
    <tag k='addr:street' v='Szeroka' />
    <tag k='operator' v='Lombard Słowik sp. z o.o.' />
    <tag k='operator:ref:rdl_knf' v='RDL000019' />
    <tag k='shop' v='pawnbroker' />
    <tag k='source:shop' v='Rejestr działalności lombardowej KNF' />
  </node>
  <node id='-1001769' visible='true' version='1' lat='51.8058331' lon='16.3206791'>
    <tag k='addr:city' v='Wschowa' />
    <tag k='addr:housenumber' v='11' />
    <tag k='addr:postcode' v='67-400' />
    <tag k='addr:street' v='Księdza Kostki' />
    <tag k='operator' v='Lombard Słowik sp. z o.o.' />
    <tag k='operator:ref:rdl_knf' v='RDL000019' />
    <tag k='shop' v='pawnbroker' />
    <tag k='source:shop' v='Rejestr działalności lombardowej KNF' />
  </node>
  <node id='-1001770' visible='true' version='1' lat='51.8192979' lon='19.3049976'>
    <tag k='addr:city' v='Aleksandrów Łódzki' />
    <tag k='addr:housenumber' v='8' />
    <tag k='addr:postcode' v='95-070' />
    <tag k='addr:street' v='Wojska Polskiego' />
    <tag k='brand' v='Loombard' />
    <tag k='brand:wikidata' v='Q113227799' />
    <tag k='name' v='Loombard' />
    <tag k='operator' v='Lombard System  sp. z o.o.' />
    <tag k='operator:ref:rdl_knf' v='RDL000100' />
    <tag k='shop' v='pawnbroker' />
    <tag k='source:shop' v='Rejestr działalności lombardowej KNF' />
  </node>
  <node id='-1001771' visible='true' version='1' lat='52.9901469' lon='15.2117924'>
    <tag k='add:flat' v='1' />
    <tag k='addr:city' v='Barlinek' />
    <tag k='addr:housenumber' v='1' />
    <tag k='addr:postcode' v='74-320' />
    <tag k='addr:street' v='31 Stycznia' />
    <tag k='brand' v='Loombard' />
    <tag k='brand:wikidata' v='Q113227799' />
    <tag k='name' v='Loombard' />
    <tag k='operator' v='Lombard System  sp. z o.o.' />
    <tag k='operator:ref:rdl_knf' v='RDL000100' />
    <tag k='shop' v='pawnbroker' />
    <tag k='source:shop' v='Rejestr działalności lombardowej KNF' />
  </node>
  <node id='-1001772' visible='true' version='1' lat='50.904775' lon='14.9574935'>
    <tag k='addr:city' v='Bogatynia' />
    <tag k='addr:housenumber' v='9A' />
    <tag k='addr:postcode' v='59-920' />
    <tag k='addr:street' v='Daszyńskiego' />
    <tag k='brand' v='Loombard' />
    <tag k='brand:wikidata' v='Q113227799' />
    <tag k='name' v='Loombard' />
    <tag k='operator' v='Lombard System  sp. z o.o.' />
    <tag k='operator:ref:rdl_knf' v='RDL000100' />
    <tag k='shop' v='pawnbroker' />
    <tag k='source:shop' v='Rejestr działalności lombardowej KNF' />
  </node>
  <node id='-1001773' visible='true' version='1' lat='50.3519965' lon='18.9198496'>
    <tag k='addr:city' v='Bytom' />
    <tag k='addr:housenumber' v='46' />
    <tag k='addr:postcode' v='41-902' />
    <tag k='addr:street' v='Piekarska' />
    <tag k='brand' v='Loombard' />
    <tag k='brand:wikidata' v='Q113227799' />
    <tag k='name' v='Loombard' />
    <tag k='operator' v='Lombard System  sp. z o.o.' />
    <tag k='operator:ref:rdl_knf' v='RDL000100' />
    <tag k='shop' v='pawnbroker' />
    <tag k='source:shop' v='Rejestr działalności lombardowej KNF' />
  </node>
  <node id='-1001774' visible='true' version='1' lat='50.3100793' lon='18.9474873'>
    <tag k='addr:city' v='Chorzów' />
    <tag k='addr:housenumber' v='42' />
    <tag k='addr:postcode' v='41-500' />
    <tag k='addr:street' v='11 Listopada' />
    <tag k='brand' v='Loombard' />
    <tag k='brand:wikidata' v='Q113227799' />
    <tag k='name' v='Loombard' />
    <tag k='operator' v='Lombard System  sp. z o.o.' />
    <tag k='operator:ref:rdl_knf' v='RDL000100' />
    <tag k='shop' v='pawnbroker' />
    <tag k='source:shop' v='Rejestr działalności lombardowej KNF' />
  </node>
  <node id='-1001775' visible='true' version='1' lat='53.1665897' lon='15.4117821'>
    <tag k='addr:city' v='Choszczno' />
    <tag k='addr:housenumber' v='19' />
    <tag k='addr:postcode' v='73-200' />
    <tag k='addr:street' v='Wolności' />
    <tag k='brand' v='Loombard' />
    <tag k='brand:wikidata' v='Q113227799' />
    <tag k='name' v='Loombard' />
    <tag k='operator' v='Lombard System  sp. z o.o.' />
    <tag k='operator:ref:rdl_knf' v='RDL000100' />
    <tag k='shop' v='pawnbroker' />
    <tag k='source:shop' v='Rejestr działalności lombardowej KNF' />
  </node>
  <node id='-1001776' visible='true' version='1' lat='49.7502394' lon='18.6298233'>
    <tag k='add:flat' v='1' />
    <tag k='addr:city' v='Cieszyn' />
    <tag k='addr:housenumber' v='20' />
    <tag k='addr:postcode' v='43-400' />
    <tag k='addr:street' v='Mennicza' />
    <tag k='brand' v='Loombard' />
    <tag k='brand:wikidata' v='Q113227799' />
    <tag k='name' v='Loombard' />
    <tag k='operator' v='Lombard System  sp. z o.o.' />
    <tag k='operator:ref:rdl_knf' v='RDL000100' />
    <tag k='shop' v='pawnbroker' />
    <tag k='source:shop' v='Rejestr działalności lombardowej KNF' />
  </node>
  <node id='-1001777' visible='true' version='1' lat='49.9113828' lon='19.0055732'>
    <tag k='addr:city' v='Czechowice Dziedzice' />
    <tag k='addr:housenumber' v='26' />
    <tag k='addr:postcode' v='43-502' />
    <tag k='addr:street' v='Niepodległości' />
    <tag k='brand' v='Loombard' />
    <tag k='brand:wikidata' v='Q113227799' />
    <tag k='name' v='Loombard' />
    <tag k='operator' v='Lombard System  sp. z o.o.' />
    <tag k='operator:ref:rdl_knf' v='RDL000100' />
    <tag k='shop' v='pawnbroker' />
    <tag k='source:shop' v='Rejestr działalności lombardowej KNF' />
  </node>
  <node id='-1001778' visible='true' version='1' lat='50.3218078' lon='19.1965345'>
    <tag k='addr:city' v='Dąbrowa Górnicza' />
    <tag k='addr:housenumber' v='20D' />
    <tag k='addr:postcode' v='41-302' />
    <tag k='addr:street' v='Królowej Jadwigi' />
    <tag k='brand' v='Loombard' />
    <tag k='brand:wikidata' v='Q113227799' />
    <tag k='name' v='Loombard' />
    <tag k='operator' v='Lombard System  sp. z o.o.' />
    <tag k='operator:ref:rdl_knf' v='RDL000100' />
    <tag k='shop' v='pawnbroker' />
    <tag k='source:shop' v='Rejestr działalności lombardowej KNF' />
  </node>
  <node id='-1001779' visible='true' version='1' lat='50.3246832' lon='19.1841863'>
    <tag k='add:flat' v='5' />
    <tag k='addr:city' v='Dąbrowa Górnicza' />
    <tag k='addr:housenumber' v='10' />
    <tag k='addr:postcode' v='41-300' />
    <tag k='addr:street' v='3 Maja' />
    <tag k='brand' v='Loombard' />
    <tag k='brand:wikidata' v='Q113227799' />
    <tag k='name' v='Loombard' />
    <tag k='operator' v='Lombard System  sp. z o.o.' />
    <tag k='operator:ref:rdl_knf' v='RDL000100' />
    <tag k='shop' v='pawnbroker' />
    <tag k='source:shop' v='Rejestr działalności lombardowej KNF' />
  </node>
  <node id='-1001780' visible='true' version='1' lat='50.1991766' lon='17.8286954'>
    <tag k='addr:city' v='Głubczyce' />
    <tag k='addr:housenumber' v='9' />
    <tag k='addr:postcode' v='48-100' />
    <tag k='addr:street' v='Wodna' />
    <tag k='brand' v='Loombard' />
    <tag k='brand:wikidata' v='Q113227799' />
    <tag k='name' v='Loombard' />
    <tag k='operator' v='Lombard System  sp. z o.o.' />
    <tag k='operator:ref:rdl_knf' v='RDL000100' />
    <tag k='shop' v='pawnbroker' />
    <tag k='source:shop' v='Rejestr działalności lombardowej KNF' />
  </node>
  <node id='-1001781' visible='true' version='1' lat='49.6566532' lon='21.158353'>
    <tag k='addr:city' v='Gorlice' />
    <tag k='addr:housenumber' v='14' />
    <tag k='addr:postcode' v='38-300' />
    <tag k='addr:street' v='Mickiewicza' />
    <tag k='brand' v='Loombard' />
    <tag k='brand:wikidata' v='Q113227799' />
    <tag k='name' v='Loombard' />
    <tag k='operator' v='Lombard System  sp. z o.o.' />
    <tag k='operator:ref:rdl_knf' v='RDL000100' />
    <tag k='shop' v='pawnbroker' />
    <tag k='source:shop' v='Rejestr działalności lombardowej KNF' />
  </node>
  <node id='-1001782' visible='true' version='1' lat='49.9493696' lon='18.5950376'>
    <tag k='addr:city' v='Jastrzębie Zdrój' />
    <tag k='addr:housenumber' v='2B' />
    <tag k='addr:postcode' v='44-335' />
    <tag k='addr:street' v='Al. Józefa Piłsudskiego' />
    <tag k='brand' v='Loombard' />
    <tag k='brand:wikidata' v='Q113227799' />
    <tag k='name' v='Loombard' />
    <tag k='operator' v='Lombard System  sp. z o.o.' />
    <tag k='operator:ref:rdl_knf' v='RDL000100' />
    <tag k='shop' v='pawnbroker' />
    <tag k='source:shop' v='Rejestr działalności lombardowej KNF' />
  </node>
  <node id='-1001783' visible='true' version='1' lat='49.9491' lon='18.6083305'>
    <tag k='addr:city' v='Jastrzębie Zdrój' />
    <tag k='addr:housenumber' v='12' />
    <tag k='addr:postcode' v='44-335' />
    <tag k='addr:street' v='Wrzosowa' />
    <tag k='brand' v='Loombard' />
    <tag k='brand:wikidata' v='Q113227799' />
    <tag k='name' v='Loombard' />
    <tag k='operator' v='Lombard System  sp. z o.o.' />
    <tag k='operator:ref:rdl_knf' v='RDL000100' />
    <tag k='shop' v='pawnbroker' />
    <tag k='source:shop' v='Rejestr działalności lombardowej KNF' />
  </node>
  <node id='-1001784' visible='true' version='1' lat='50.3347266' lon='18.1450443'>
    <tag k='add:flat' v='3' />
    <tag k='addr:city' v='Kędzierzyn-Koźle' />
    <tag k='addr:housenumber' v='1' />
    <tag k='addr:postcode' v='47-200' />
    <tag k='addr:street' v='Złotnicza' />
    <tag k='brand' v='Loombard' />
    <tag k='brand:wikidata' v='Q113227799' />
    <tag k='name' v='Loombard' />
    <tag k='operator' v='Lombard System  sp. z o.o.' />
    <tag k='operator:ref:rdl_knf' v='RDL000100' />
    <tag k='shop' v='pawnbroker' />
    <tag k='source:shop' v='Rejestr działalności lombardowej KNF' />
  </node>
  <node id='-1001785' visible='true' version='1' lat='49.8839687' lon='19.2215501'>
    <tag k='addr:city' v='Kęty' />
    <tag k='addr:housenumber' v='5' />
    <tag k='addr:postcode' v='32-650' />
    <tag k='addr:street' v='Rynek' />
    <tag k='brand' v='Loombard' />
    <tag k='brand:wikidata' v='Q113227799' />
    <tag k='name' v='Loombard' />
    <tag k='operator' v='Lombard System  sp. z o.o.' />
    <tag k='operator:ref:rdl_knf' v='RDL000100' />
    <tag k='shop' v='pawnbroker' />
    <tag k='source:shop' v='Rejestr działalności lombardowej KNF' />
  </node>
  <node id='-1001786' visible='true' version='1' lat='50.8687314' lon='20.6384186'>
    <tag k='addr:city' v='Kielce' />
    <tag k='addr:housenumber' v='24' />
    <tag k='addr:postcode' v='25-334' />
    <tag k='addr:street' v='Winnicka' />
    <tag k='brand' v='Loombard' />
    <tag k='brand:wikidata' v='Q113227799' />
    <tag k='name' v='Loombard' />
    <tag k='operator' v='Lombard System  sp. z o.o.' />
    <tag k='operator:ref:rdl_knf' v='RDL000100' />
    <tag k='shop' v='pawnbroker' />
    <tag k='source:shop' v='Rejestr działalności lombardowej KNF' />
  </node>
  <node id='-1001787' visible='true' version='1' lat='51.1192645' lon='15.2896673'>
    <tag k='addr:city' v='Lubań' />
    <tag k='addr:housenumber' v='15' />
    <tag k='addr:postcode' v='59-800' />
    <tag k='addr:street' v='Bracka' />
    <tag k='brand' v='Loombard' />
    <tag k='brand:wikidata' v='Q113227799' />
    <tag k='name' v='Loombard' />
    <tag k='operator' v='Lombard System  sp. z o.o.' />
    <tag k='operator:ref:rdl_knf' v='RDL000100' />
    <tag k='shop' v='pawnbroker' />
    <tag k='source:shop' v='Rejestr działalności lombardowej KNF' />
  </node>
  <node id='-1001788' visible='true' version='1' lat='51.1104893' lon='15.5840992'>
    <tag k='addr:city' v='Lwówek Śląski' />
    <tag k='addr:housenumber' v='37' />
    <tag k='addr:postcode' v='59-600' />
    <tag k='addr:street' v='Orzeszkowej' />
    <tag k='brand' v='Loombard' />
    <tag k='brand:wikidata' v='Q113227799' />
    <tag k='name' v='Loombard' />
    <tag k='operator' v='Lombard System  sp. z o.o.' />
    <tag k='operator:ref:rdl_knf' v='RDL000100' />
    <tag k='shop' v='pawnbroker' />
    <tag k='source:shop' v='Rejestr działalności lombardowej KNF' />
  </node>
  <node id='-1001789' visible='true' version='1' lat='52.1065999' lon='19.9385764'>
    <tag k='addr:city' v='Łowicz' />
    <tag k='addr:housenumber' v='49' />
    <tag k='addr:postcode' v='99-400' />
    <tag k='addr:street' v='Zduńska' />
    <tag k='brand' v='Loombard' />
    <tag k='brand:wikidata' v='Q113227799' />
    <tag k='name' v='Loombard' />
    <tag k='operator' v='Lombard System  sp. z o.o.' />
    <tag k='operator:ref:rdl_knf' v='RDL000100' />
    <tag k='shop' v='pawnbroker' />
    <tag k='source:shop' v='Rejestr działalności lombardowej KNF' />
  </node>
  <node id='-1001790' visible='true' version='1' lat='51.7414008' lon='19.463969'>
    <tag k='addr:city' v='Łódź' />
    <tag k='addr:housenumber' v='1' />
    <tag k='addr:postcode' v='93-171' />
    <tag k='addr:street' v='Sieradzka' />
    <tag k='brand' v='Loombard' />
    <tag k='brand:wikidata' v='Q113227799' />
    <tag k='name' v='Loombard' />
    <tag k='operator' v='Lombard System  sp. z o.o.' />
    <tag k='operator:ref:rdl_knf' v='RDL000100' />
    <tag k='shop' v='pawnbroker' />
    <tag k='source:shop' v='Rejestr działalności lombardowej KNF' />
  </node>
  <node id='-1001791' visible='true' version='1' lat='51.772611' lon='19.4577752'>
    <tag k='addr:city' v='Łódź' />
    <tag k='addr:housenumber' v='7' />
    <tag k='addr:postcode' v='90-264' />
    <tag k='addr:street' v='Jaracza' />
    <tag k='brand' v='Loombard' />
    <tag k='brand:wikidata' v='Q113227799' />
    <tag k='name' v='Loombard' />
    <tag k='operator' v='Lombard System  sp. z o.o.' />
    <tag k='operator:ref:rdl_knf' v='RDL000100' />
    <tag k='shop' v='pawnbroker' />
    <tag k='source:shop' v='Rejestr działalności lombardowej KNF' />
  </node>
  <node id='-1001792' visible='true' version='1' lat='51.788399' lon='19.4282586'>
    <tag k='addr:city' v='Łódź' />
    <tag k='addr:housenumber' v='17' />
    <tag k='addr:postcode' v='91-069' />
    <tag k='addr:street' v='Klonowa' />
    <tag k='brand' v='Loombard' />
    <tag k='brand:wikidata' v='Q113227799' />
    <tag k='name' v='Loombard' />
    <tag k='operator' v='Lombard System  sp. z o.o.' />
    <tag k='operator:ref:rdl_knf' v='RDL000100' />
    <tag k='shop' v='pawnbroker' />
    <tag k='source:shop' v='Rejestr działalności lombardowej KNF' />
  </node>
  <node id='-1001793' visible='true' version='1' lat='51.7957965' lon='19.4559489'>
    <tag k='addr:city' v='Łódź' />
    <tag k='addr:housenumber' v='65' />
    <tag k='addr:postcode' v='91-855' />
    <tag k='addr:street' v='Łagiewnicka' />
    <tag k='brand' v='Loombard' />
    <tag k='brand:wikidata' v='Q113227799' />
    <tag k='name' v='Loombard' />
    <tag k='operator' v='Lombard System  sp. z o.o.' />
    <tag k='operator:ref:rdl_knf' v='RDL000100' />
    <tag k='shop' v='pawnbroker' />
    <tag k='source:shop' v='Rejestr działalności lombardowej KNF' />
  </node>
  <node id='-1001794' visible='true' version='1' lat='51.7927833' lon='19.3922387'>
    <tag k='add:flat' v='5' />
    <tag k='addr:city' v='Łódź' />
    <tag k='addr:housenumber' v='3' />
    <tag k='addr:postcode' v='91-142' />
    <tag k='addr:street' v='Rojna' />
    <tag k='brand' v='Loombard' />
    <tag k='brand:wikidata' v='Q113227799' />
    <tag k='name' v='Loombard' />
    <tag k='operator' v='Lombard System  sp. z o.o.' />
    <tag k='operator:ref:rdl_knf' v='RDL000100' />
    <tag k='shop' v='pawnbroker' />
    <tag k='source:shop' v='Rejestr działalności lombardowej KNF' />
  </node>
  <node id='-1001795' visible='true' version='1' lat='51.7752432' lon='19.4446486'>
    <tag k='addr:city' v='Łódź' />
    <tag k='addr:housenumber' v='50' />
    <tag k='addr:postcode' v='90-702' />
    <tag k='addr:street' v='Legionów' />
    <tag k='brand' v='Loombard' />
    <tag k='brand:wikidata' v='Q113227799' />
    <tag k='name' v='Loombard' />
    <tag k='operator' v='Lombard System  sp. z o.o.' />
    <tag k='operator:ref:rdl_knf' v='RDL000100' />
    <tag k='shop' v='pawnbroker' />
    <tag k='source:shop' v='Rejestr działalności lombardowej KNF' />
  </node>
  <node id='-1001796' visible='true' version='1' lat='51.7311718' lon='19.4739572'>
    <tag k='addr:city' v='Łódź' />
    <tag k='addr:housenumber' v='75' />
    <tag k='addr:postcode' v='93-249' />
    <tag k='addr:street' v='Rzgowska' />
    <tag k='brand' v='Loombard' />
    <tag k='brand:wikidata' v='Q113227799' />
    <tag k='name' v='Loombard' />
    <tag k='operator' v='Lombard System  sp. z o.o.' />
    <tag k='operator:ref:rdl_knf' v='RDL000100' />
    <tag k='shop' v='pawnbroker' />
    <tag k='source:shop' v='Rejestr działalności lombardowej KNF' />
  </node>
  <node id='-1001797' visible='true' version='1' lat='51.743999' lon='19.3994667'>
    <tag k='addr:city' v='Łódź' />
    <tag k='addr:housenumber' v='30b' />
    <tag k='addr:postcode' v='93-202' />
    <tag k='addr:street' v='Armii Krajowej' />
    <tag k='brand' v='Loombard' />
    <tag k='brand:wikidata' v='Q113227799' />
    <tag k='name' v='Loombard' />
    <tag k='operator' v='Lombard System  sp. z o.o.' />
    <tag k='operator:ref:rdl_knf' v='RDL000100' />
    <tag k='shop' v='pawnbroker' />
    <tag k='source:shop' v='Rejestr działalności lombardowej KNF' />
  </node>
  <node id='-1001798' visible='true' version='1' lat='51.7186146' lon='19.488944'>
    <tag k='addr:city' v='Łódź' />
    <tag k='addr:housenumber' v='26' />
    <tag k='addr:postcode' v='91-069' />
    <tag k='addr:street' v='Kurczaki' />
    <tag k='brand' v='Loombard' />
    <tag k='brand:wikidata' v='Q113227799' />
    <tag k='name' v='Loombard' />
    <tag k='operator' v='Lombard System  sp. z o.o.' />
    <tag k='operator:ref:rdl_knf' v='RDL000100' />
    <tag k='shop' v='pawnbroker' />
    <tag k='source:shop' v='Rejestr działalności lombardowej KNF' />
  </node>
  <node id='-1001799' visible='true' version='1' lat='51.7684168' lon='19.4460255'>
    <tag k='addr:city' v='Łódź' />
    <tag k='addr:housenumber' v='47' />
    <tag k='addr:postcode' v='90-624' />
    <tag k='addr:street' v='Żeromskiego' />
    <tag k='brand' v='Loombard' />
    <tag k='brand:wikidata' v='Q113227799' />
    <tag k='name' v='Loombard' />
    <tag k='operator' v='Lombard System  sp. z o.o.' />
    <tag k='operator:ref:rdl_knf' v='RDL000100' />
    <tag k='shop' v='pawnbroker' />
    <tag k='source:shop' v='Rejestr działalności lombardowej KNF' />
  </node>
  <node id='-1001800' visible='true' version='1' lat='51.7482858' lon='19.4923803'>
    <tag k='addr:city' v='Łódź' />
    <tag k='addr:housenumber' v='104' />
    <tag k='addr:postcode' v='93-121' />
    <tag k='addr:street' v='Przybyszewskiego' />
    <tag k='brand' v='Loombard' />
    <tag k='brand:wikidata' v='Q113227799' />
    <tag k='name' v='Loombard' />
    <tag k='operator' v='Lombard System  sp. z o.o.' />
    <tag k='operator:ref:rdl_knf' v='RDL000100' />
    <tag k='shop' v='pawnbroker' />
    <tag k='source:shop' v='Rejestr działalności lombardowej KNF' />
  </node>
  <node id='-1001801' visible='true' version='1' lat='51.7440687' lon='19.470714'>
    <tag k='add:flat' v='49' />
    <tag k='addr:city' v='Łódź' />
    <tag k='addr:housenumber' v='47' />
    <tag k='addr:postcode' v='93-121' />
    <tag k='addr:street' v='Przybyszewskiego' />
    <tag k='brand' v='Loombard' />
    <tag k='brand:wikidata' v='Q113227799' />
    <tag k='name' v='Loombard' />
    <tag k='operator' v='Lombard System  sp. z o.o.' />
    <tag k='operator:ref:rdl_knf' v='RDL000100' />
    <tag k='shop' v='pawnbroker' />
    <tag k='source:shop' v='Rejestr działalności lombardowej KNF' />
  </node>
  <node id='-1001802' visible='true' version='1' lat='51.7705409' lon='19.4535257'>
    <tag k='addr:city' v='Łódź' />
    <tag k='addr:housenumber' v='25AB' />
    <tag k='addr:postcode' v='91-055' />
    <tag k='addr:street' v='Zachodnia' />
    <tag k='brand' v='Loombard' />
    <tag k='brand:wikidata' v='Q113227799' />
    <tag k='name' v='Loombard' />
    <tag k='operator' v='Lombard System  sp. z o.o.' />
    <tag k='operator:ref:rdl_knf' v='RDL000100' />
    <tag k='shop' v='pawnbroker' />
    <tag k='source:shop' v='Rejestr działalności lombardowej KNF' />
  </node>
  <node id='-1001803' visible='true' version='1' lat='51.7846824' lon='19.4531193'>
    <tag k='addr:city' v='Łódź' />
    <tag k='addr:housenumber' v='11' />
    <tag k='addr:postcode' v='91-446' />
    <tag k='addr:street' v='Zgierska' />
    <tag k='brand' v='Loombard' />
    <tag k='brand:wikidata' v='Q113227799' />
    <tag k='name' v='Loombard' />
    <tag k='operator' v='Lombard System  sp. z o.o.' />
    <tag k='operator:ref:rdl_knf' v='RDL000100' />
    <tag k='shop' v='pawnbroker' />
    <tag k='source:shop' v='Rejestr działalności lombardowej KNF' />
  </node>
  <node id='-1001804' visible='true' version='1' lat='51.7669725' lon='19.4565836'>
    <tag k='addr:city' v='Łódź' />
    <tag k='addr:housenumber' v='81' />
    <tag k='addr:postcode' v='90-423' />
    <tag k='addr:street' v='Piotrkowska' />
    <tag k='brand' v='Loombard' />
    <tag k='brand:wikidata' v='Q113227799' />
    <tag k='name' v='Loombard' />
    <tag k='operator' v='Lombard System  sp. z o.o.' />
    <tag k='operator:ref:rdl_knf' v='RDL000100' />
    <tag k='shop' v='pawnbroker' />
    <tag k='source:shop' v='Rejestr działalności lombardowej KNF' />
  </node>
  <node id='-1001805' visible='true' version='1' lat='51.7617867' lon='19.481339'>
    <tag k='addr:city' v='Łódź' />
    <tag k='addr:housenumber' v='42' />
    <tag k='addr:postcode' v='90-030' />
    <tag k='addr:street' v='Przędzalniana' />
    <tag k='brand' v='Loombard' />
    <tag k='brand:wikidata' v='Q113227799' />
    <tag k='name' v='Loombard' />
    <tag k='operator' v='Lombard System  sp. z o.o.' />
    <tag k='operator:ref:rdl_knf' v='RDL000100' />
    <tag k='shop' v='pawnbroker' />
    <tag k='source:shop' v='Rejestr działalności lombardowej KNF' />
  </node>
  <node id='-1001806' visible='true' version='1' lat='50.1713759' lon='18.9058097'>
    <tag k='addr:city' v='Mikołów' />
    <tag k='addr:housenumber' v='20' />
    <tag k='addr:postcode' v='43-190' />
    <tag k='addr:street' v='Jana Pawła Ii' />
    <tag k='brand' v='Loombard' />
    <tag k='brand:wikidata' v='Q113227799' />
    <tag k='name' v='Loombard' />
    <tag k='operator' v='Lombard System  sp. z o.o.' />
    <tag k='operator:ref:rdl_knf' v='RDL000100' />
    <tag k='shop' v='pawnbroker' />
    <tag k='source:shop' v='Rejestr działalności lombardowej KNF' />
  </node>
  <node id='-1001807' visible='true' version='1' lat='50.642064' lon='17.6186495'>
    <tag k='addr:city' v='Niemodlin' />
    <tag k='addr:housenumber' v='19' />
    <tag k='addr:postcode' v='49-100' />
    <tag k='addr:street' v='Rynek' />
    <tag k='brand' v='Loombard' />
    <tag k='brand:wikidata' v='Q113227799' />
    <tag k='name' v='Loombard' />
    <tag k='operator' v='Lombard System  sp. z o.o.' />
    <tag k='operator:ref:rdl_knf' v='RDL000100' />
    <tag k='shop' v='pawnbroker' />
    <tag k='source:shop' v='Rejestr działalności lombardowej KNF' />
  </node>
  <node id='-1001808' visible='true' version='1' lat='50.2766944' lon='19.5675076'>
    <tag k='addr:city' v='Olkusz' />
    <tag k='addr:housenumber' v='37' />
    <tag k='addr:postcode' v='32-300' />
    <tag k='addr:street' v='Króla Kazimierza Wielkiego' />
    <tag k='brand' v='Loombard' />
    <tag k='brand:wikidata' v='Q113227799' />
    <tag k='name' v='Loombard' />
    <tag k='operator' v='Lombard System  sp. z o.o.' />
    <tag k='operator:ref:rdl_knf' v='RDL000100' />
    <tag k='shop' v='pawnbroker' />
    <tag k='source:shop' v='Rejestr działalności lombardowej KNF' />
  </node>
  <node id='-1001809' visible='true' version='1' lat='51.657751' lon='19.3708657'>
    <tag k='addr:city' v='Pabianice' />
    <tag k='addr:housenumber' v='29F' />
    <tag k='addr:postcode' v='95-200' />
    <tag k='addr:street' v='Bracka' />
    <tag k='brand' v='Loombard' />
    <tag k='brand:wikidata' v='Q113227799' />
    <tag k='name' v='Loombard' />
    <tag k='operator' v='Lombard System  sp. z o.o.' />
    <tag k='operator:ref:rdl_knf' v='RDL000100' />
    <tag k='shop' v='pawnbroker' />
    <tag k='source:shop' v='Rejestr działalności lombardowej KNF' />
  </node>
  <node id='-1001810' visible='true' version='1' lat='51.6644125' lon='19.3524469'>
    <tag k='add:flat' v='42' />
    <tag k='addr:city' v='Pabianice' />
    <tag k='addr:housenumber' v='40' />
    <tag k='addr:postcode' v='95-200' />
    <tag k='addr:street' v='Zamkowa' />
    <tag k='brand' v='Loombard' />
    <tag k='brand:wikidata' v='Q113227799' />
    <tag k='name' v='Loombard' />
    <tag k='operator' v='Lombard System  sp. z o.o.' />
    <tag k='operator:ref:rdl_knf' v='RDL000100' />
    <tag k='shop' v='pawnbroker' />
    <tag k='source:shop' v='Rejestr działalności lombardowej KNF' />
  </node>
  <node id='-1001811' visible='true' version='1' lat='50.4649349' lon='17.0064507'>
    <tag k='addr:city' v='Paczków' />
    <tag k='addr:housenumber' v='38' />
    <tag k='addr:postcode' v='48-370' />
    <tag k='addr:street' v='Rynek' />
    <tag k='brand' v='Loombard' />
    <tag k='brand:wikidata' v='Q113227799' />
    <tag k='name' v='Loombard' />
    <tag k='operator' v='Lombard System  sp. z o.o.' />
    <tag k='operator:ref:rdl_knf' v='RDL000100' />
    <tag k='shop' v='pawnbroker' />
    <tag k='source:shop' v='Rejestr działalności lombardowej KNF' />
  </node>
  <node id='-1001812' visible='true' version='1' lat='50.37433' lon='18.9442103'>
    <tag k='addr:city' v='Piekary Śląskie' />
    <tag k='addr:housenumber' v='78' />
    <tag k='addr:postcode' v='41-940' />
    <tag k='addr:street' v='Bytomska' />
    <tag k='brand' v='Loombard' />
    <tag k='brand:wikidata' v='Q113227799' />
    <tag k='name' v='Loombard' />
    <tag k='operator' v='Lombard System  sp. z o.o.' />
    <tag k='operator:ref:rdl_knf' v='RDL000100' />
    <tag k='shop' v='pawnbroker' />
    <tag k='source:shop' v='Rejestr działalności lombardowej KNF' />
  </node>
  <node id='-1001813' visible='true' version='1' lat='51.4096998' lon='19.6804653'>
    <tag k='addr:city' v='Piotrków Trybunalski' />
    <tag k='addr:housenumber' v='47' />
    <tag k='addr:postcode' v='97-300' />
    <tag k='addr:street' v='Słowackiego' />
    <tag k='brand' v='Loombard' />
    <tag k='brand:wikidata' v='Q113227799' />
    <tag k='name' v='Loombard' />
    <tag k='operator' v='Lombard System  sp. z o.o.' />
    <tag k='operator:ref:rdl_knf' v='RDL000100' />
    <tag k='shop' v='pawnbroker' />
    <tag k='source:shop' v='Rejestr działalności lombardowej KNF' />
  </node>
  <node id='-1001814' visible='true' version='1' lat='49.9761156' lon='18.9435567'>
    <tag k='addr:city' v='Pszczyna' />
    <tag k='addr:housenumber' v='8' />
    <tag k='addr:postcode' v='43-200' />
    <tag k='addr:street' v='Bolesława Chrobrego' />
    <tag k='brand' v='Loombard' />
    <tag k='brand:wikidata' v='Q113227799' />
    <tag k='name' v='Loombard' />
    <tag k='operator' v='Lombard System  sp. z o.o.' />
    <tag k='operator:ref:rdl_knf' v='RDL000100' />
    <tag k='shop' v='pawnbroker' />
    <tag k='source:shop' v='Rejestr działalności lombardowej KNF' />
  </node>
  <node id='-1001815' visible='true' version='1' lat='53.1459252' lon='14.8940152'>
    <tag k='addr:city' v='Pyrzyce' />
    <tag k='addr:housenumber' v='1' />
    <tag k='addr:postcode' v='74-200' />
    <tag k='addr:street' v='Plac Wolności' />
    <tag k='brand' v='Loombard' />
    <tag k='brand:wikidata' v='Q113227799' />
    <tag k='name' v='Loombard' />
    <tag k='operator' v='Lombard System  sp. z o.o.' />
    <tag k='operator:ref:rdl_knf' v='RDL000100' />
    <tag k='shop' v='pawnbroker' />
    <tag k='source:shop' v='Rejestr działalności lombardowej KNF' />
  </node>
  <node id='-1001816' visible='true' version='1' lat='50.0836874' lon='18.2108281'>
    <tag k='addr:city' v='Racibórz' />
    <tag k='addr:housenumber' v='67' />
    <tag k='addr:postcode' v='47-400' />
    <tag k='addr:street' v='Opawska' />
    <tag k='brand' v='Loombard' />
    <tag k='brand:wikidata' v='Q113227799' />
    <tag k='name' v='Loombard' />
    <tag k='operator' v='Lombard System  sp. z o.o.' />
    <tag k='operator:ref:rdl_knf' v='RDL000100' />
    <tag k='shop' v='pawnbroker' />
    <tag k='source:shop' v='Rejestr działalności lombardowej KNF' />
  </node>
  <node id='-1001817' visible='true' version='1' lat='50.0947659' lon='18.5414459'>
    <tag k='addr:city' v='Rybnik' />
    <tag k='addr:housenumber' v='4' />
    <tag k='addr:postcode' v='44-200' />
    <tag k='addr:street' v='Korfantego' />
    <tag k='brand' v='Loombard' />
    <tag k='brand:wikidata' v='Q113227799' />
    <tag k='name' v='Loombard' />
    <tag k='operator' v='Lombard System  sp. z o.o.' />
    <tag k='operator:ref:rdl_knf' v='RDL000100' />
    <tag k='shop' v='pawnbroker' />
    <tag k='source:shop' v='Rejestr działalności lombardowej KNF' />
  </node>
  <node id='-1001818' visible='true' version='1' lat='50.0976807' lon='18.5475214'>
    <tag k='addr:city' v='Rybnik' />
    <tag k='addr:housenumber' v='2' />
    <tag k='addr:postcode' v='44-200' />
    <tag k='addr:street' v='Wysoka' />
    <tag k='brand' v='Loombard' />
    <tag k='brand:wikidata' v='Q113227799' />
    <tag k='name' v='Loombard' />
    <tag k='operator' v='Lombard System  sp. z o.o.' />
    <tag k='operator:ref:rdl_knf' v='RDL000100' />
    <tag k='shop' v='pawnbroker' />
    <tag k='source:shop' v='Rejestr działalności lombardowej KNF' />
  </node>
  <node id='-1001819' visible='true' version='1' lat='50.0476179' lon='18.6018264'>
    <tag k='addr:city' v='Rybnik' />
    <tag k='addr:housenumber' v='18' />
    <tag k='addr:postcode' v='44-253' />
    <tag k='addr:street' v='Patriotów' />
    <tag k='brand' v='Loombard' />
    <tag k='brand:wikidata' v='Q113227799' />
    <tag k='name' v='Loombard' />
    <tag k='operator' v='Lombard System  sp. z o.o.' />
    <tag k='operator:ref:rdl_knf' v='RDL000100' />
    <tag k='shop' v='pawnbroker' />
    <tag k='source:shop' v='Rejestr działalności lombardowej KNF' />
  </node>
  <node id='-1001820' visible='true' version='1' lat='50.0578776' lon='18.416895'>
    <tag k='addr:city' v='Rydułtowy' />
    <tag k='addr:housenumber' v='295' />
    <tag k='addr:postcode' v='44-280' />
    <tag k='addr:street' v='Traugutta' />
    <tag k='brand' v='Loombard' />
    <tag k='brand:wikidata' v='Q113227799' />
    <tag k='name' v='Loombard' />
    <tag k='operator' v='Lombard System  sp. z o.o.' />
    <tag k='operator:ref:rdl_knf' v='RDL000100' />
    <tag k='shop' v='pawnbroker' />
    <tag k='source:shop' v='Rejestr działalności lombardowej KNF' />
  </node>
  <node id='-1001821' visible='true' version='1' lat='50.6883142' lon='21.7324149'>
    <tag k='addr:city' v='Sandomierz' />
    <tag k='addr:housenumber' v='2' />
    <tag k='addr:postcode' v='27-600' />
    <tag k='addr:street' v='Wiejska' />
    <tag k='brand' v='Loombard' />
    <tag k='brand:wikidata' v='Q113227799' />
    <tag k='name' v='Loombard' />
    <tag k='operator' v='Lombard System  sp. z o.o.' />
    <tag k='operator:ref:rdl_knf' v='RDL000100' />
    <tag k='shop' v='pawnbroker' />
    <tag k='source:shop' v='Rejestr działalności lombardowej KNF' />
  </node>
  <node id='-1001822' visible='true' version='1' lat='51.5943454' lon='18.7298188'>
    <tag k='add:flat' v='2' />
    <tag k='addr:city' v='Sieradz' />
    <tag k='addr:housenumber' v='52' />
    <tag k='addr:postcode' v='98-200' />
    <tag k='addr:street' v='Jana Pawła Ii' />
    <tag k='brand' v='Loombard' />
    <tag k='brand:wikidata' v='Q113227799' />
    <tag k='name' v='Loombard' />
    <tag k='operator' v='Lombard System  sp. z o.o.' />
    <tag k='operator:ref:rdl_knf' v='RDL000100' />
    <tag k='shop' v='pawnbroker' />
    <tag k='source:shop' v='Rejestr działalności lombardowej KNF' />
  </node>
  <node id='-1001823' visible='true' version='1' lat='49.7961205' lon='18.7910334'>
    <tag k='add:flat' v='2' />
    <tag k='addr:city' v='Skoczów' />
    <tag k='addr:housenumber' v='10' />
    <tag k='addr:postcode' v='43-430' />
    <tag k='addr:street' v='Targowa' />
    <tag k='brand' v='Loombard' />
    <tag k='brand:wikidata' v='Q113227799' />
    <tag k='name' v='Loombard' />
    <tag k='operator' v='Lombard System  sp. z o.o.' />
    <tag k='operator:ref:rdl_knf' v='RDL000100' />
    <tag k='shop' v='pawnbroker' />
    <tag k='source:shop' v='Rejestr działalności lombardowej KNF' />
  </node>
  <node id='-1001824' visible='true' version='1' lat='50.2776923' lon='19.129293'>
    <tag k='addr:city' v='Sosnowiec' />
    <tag k='addr:housenumber' v='7' />
    <tag k='addr:postcode' v='41-201' />
    <tag k='addr:street' v='Targowa' />
    <tag k='brand' v='Loombard' />
    <tag k='brand:wikidata' v='Q113227799' />
    <tag k='name' v='Loombard' />
    <tag k='operator' v='Lombard System  sp. z o.o.' />
    <tag k='operator:ref:rdl_knf' v='RDL000100' />
    <tag k='shop' v='pawnbroker' />
    <tag k='source:shop' v='Rejestr działalności lombardowej KNF' />
  </node>
  <node id='-1001825' visible='true' version='1' lat='50.2436755' lon='19.160086'>
    <tag k='addr:city' v='Sosnowiec' />
    <tag k='addr:housenumber' v='31' />
    <tag k='addr:postcode' v='41-208' />
    <tag k='addr:street' v='Wojska Polskiego' />
    <tag k='brand' v='Loombard' />
    <tag k='brand:wikidata' v='Q113227799' />
    <tag k='name' v='Loombard' />
    <tag k='operator' v='Lombard System  sp. z o.o.' />
    <tag k='operator:ref:rdl_knf' v='RDL000100' />
    <tag k='shop' v='pawnbroker' />
    <tag k='source:shop' v='Rejestr działalności lombardowej KNF' />
  </node>
  <node id='-1001826' visible='true' version='1' lat='50.2910794' lon='19.1784101'>
    <tag k='addr:city' v='Sosnowiec' />
    <tag k='addr:housenumber' v='46C' />
    <tag k='addr:postcode' v='41-219' />
    <tag k='addr:street' v='Bohaterów Monte Cassino' />
    <tag k='brand' v='Loombard' />
    <tag k='brand:wikidata' v='Q113227799' />
    <tag k='name' v='Loombard' />
    <tag k='operator' v='Lombard System  sp. z o.o.' />
    <tag k='operator:ref:rdl_knf' v='RDL000100' />
    <tag k='shop' v='pawnbroker' />
    <tag k='source:shop' v='Rejestr działalności lombardowej KNF' />
  </node>
  <node id='-1001827' visible='true' version='1' lat='50.27453' lon='19.1289325'>
    <tag k='addr:city' v='Sosnowiec' />
    <tag k='addr:housenumber' v='20' />
    <tag k='addr:postcode' v='41-200' />
    <tag k='addr:street' v='Jana Dekerta' />
    <tag k='brand' v='Loombard' />
    <tag k='brand:wikidata' v='Q113227799' />
    <tag k='name' v='Loombard' />
    <tag k='operator' v='Lombard System  sp. z o.o.' />
    <tag k='operator:ref:rdl_knf' v='RDL000100' />
    <tag k='shop' v='pawnbroker' />
    <tag k='source:shop' v='Rejestr działalności lombardowej KNF' />
  </node>
  <node id='-1001828' visible='true' version='1' lat='50.5726162' lon='22.0558981'>
    <tag k='addr:city' v='Stalowa Wola' />
    <tag k='addr:housenumber' v='92' />
    <tag k='addr:postcode' v='37-450' />
    <tag k='addr:street' v='Generała Leopolda Okulickiego' />
    <tag k='brand' v='Loombard' />
    <tag k='brand:wikidata' v='Q113227799' />
    <tag k='name' v='Loombard' />
    <tag k='operator' v='Lombard System  sp. z o.o.' />
    <tag k='operator:ref:rdl_knf' v='RDL000100' />
    <tag k='shop' v='pawnbroker' />
    <tag k='source:shop' v='Rejestr działalności lombardowej KNF' />
  </node>
  <node id='-1001829' visible='true' version='1' lat='50.7830796' lon='17.0519437'>
    <tag k='addr:city' v='Strzelin' />
    <tag k='addr:housenumber' v='16E' />
    <tag k='addr:postcode' v='57-100' />
    <tag k='addr:street' v='Dzierżoniowska' />
    <tag k='brand' v='Loombard' />
    <tag k='brand:wikidata' v='Q113227799' />
    <tag k='name' v='Loombard' />
    <tag k='operator' v='Lombard System  sp. z o.o.' />
    <tag k='operator:ref:rdl_knf' v='RDL000100' />
    <tag k='shop' v='pawnbroker' />
    <tag k='source:shop' v='Rejestr działalności lombardowej KNF' />
  </node>
  <node id='-1001830' visible='true' version='1' lat='50.7808715' lon='17.0699051'>
    <tag k='addr:city' v='Strzelin' />
    <tag k='addr:housenumber' v='3' />
    <tag k='addr:postcode' v='57-100' />
    <tag k='addr:street' v='Kościuszki' />
    <tag k='brand' v='Loombard' />
    <tag k='brand:wikidata' v='Q113227799' />
    <tag k='name' v='Loombard' />
    <tag k='operator' v='Lombard System  sp. z o.o.' />
    <tag k='operator:ref:rdl_knf' v='RDL000100' />
    <tag k='shop' v='pawnbroker' />
    <tag k='source:shop' v='Rejestr działalności lombardowej KNF' />
  </node>
  <node id='-1001831' visible='true' version='1' lat='53.7063563' lon='16.6985406'>
    <tag k='addr:city' v='Szczecinek' />
    <tag k='addr:housenumber' v='45' />
    <tag k='addr:postcode' v='78-400' />
    <tag k='addr:street' v='Wyszyńskiego' />
    <tag k='brand' v='Loombard' />
    <tag k='brand:wikidata' v='Q113227799' />
    <tag k='name' v='Loombard' />
    <tag k='operator' v='Lombard System  sp. z o.o.' />
    <tag k='operator:ref:rdl_knf' v='RDL000100' />
    <tag k='shop' v='pawnbroker' />
    <tag k='source:shop' v='Rejestr działalności lombardowej KNF' />
  </node>
  <node id='-1001832' visible='true' version='1' lat='50.8414096' lon='16.4894847'>
    <tag k='addr:city' v='Świdnica' />
    <tag k='addr:housenumber' v='45B' />
    <tag k='addr:postcode' v='58-100' />
    <tag k='addr:street' v='Długa' />
    <tag k='brand' v='Loombard' />
    <tag k='brand:wikidata' v='Q113227799' />
    <tag k='name' v='Loombard' />
    <tag k='operator' v='Lombard System  sp. z o.o.' />
    <tag k='operator:ref:rdl_knf' v='RDL000100' />
    <tag k='shop' v='pawnbroker' />
    <tag k='source:shop' v='Rejestr działalności lombardowej KNF' />
  </node>
  <node id='-1001833' visible='true' version='1' lat='50.83994' lon='16.4823188'>
    <tag k='addr:city' v='Świdnica' />
    <tag k='addr:housenumber' v='6' />
    <tag k='addr:postcode' v='58-100' />
    <tag k='addr:street' v='Wałbrzyska' />
    <tag k='brand' v='Loombard' />
    <tag k='brand:wikidata' v='Q113227799' />
    <tag k='name' v='Loombard' />
    <tag k='operator' v='Lombard System  sp. z o.o.' />
    <tag k='operator:ref:rdl_knf' v='RDL000100' />
    <tag k='shop' v='pawnbroker' />
    <tag k='source:shop' v='Rejestr działalności lombardowej KNF' />
  </node>
  <node id='-1001834' visible='true' version='1' lat='53.7775561' lon='15.7741351'>
    <tag k='addr:city' v='Świdwin' />
    <tag k='addr:housenumber' v='44' />
    <tag k='addr:postcode' v='72-300' />
    <tag k='addr:street' v='3 Marca' />
    <tag k='brand' v='Loombard' />
    <tag k='brand:wikidata' v='Q113227799' />
    <tag k='name' v='Loombard' />
    <tag k='operator' v='Lombard System  sp. z o.o.' />
    <tag k='operator:ref:rdl_knf' v='RDL000100' />
    <tag k='shop' v='pawnbroker' />
    <tag k='source:shop' v='Rejestr działalności lombardowej KNF' />
  </node>
  <node id='-1001835' visible='true' version='1' lat='50.859273' lon='16.3231214'>
    <tag k='addr:city' v='Świebodzice' />
    <tag k='addr:housenumber' v='3' />
    <tag k='addr:postcode' v='58-160' />
    <tag k='addr:street' v='Świdnicka' />
    <tag k='brand' v='Loombard' />
    <tag k='brand:wikidata' v='Q113227799' />
    <tag k='name' v='Loombard' />
    <tag k='operator' v='Lombard System  sp. z o.o.' />
    <tag k='operator:ref:rdl_knf' v='RDL000100' />
    <tag k='shop' v='pawnbroker' />
    <tag k='source:shop' v='Rejestr działalności lombardowej KNF' />
  </node>
  <node id='-1001836' visible='true' version='1' lat='50.0127909' lon='20.9919917'>
    <tag k='addr:city' v='Tarnów' />
    <tag k='addr:housenumber' v='11' />
    <tag k='addr:postcode' v='33-100' />
    <tag k='addr:street' v='Lwowska' />
    <tag k='brand' v='Loombard' />
    <tag k='brand:wikidata' v='Q113227799' />
    <tag k='name' v='Loombard' />
    <tag k='operator' v='Lombard System  sp. z o.o.' />
    <tag k='operator:ref:rdl_knf' v='RDL000100' />
    <tag k='shop' v='pawnbroker' />
    <tag k='source:shop' v='Rejestr działalności lombardowej KNF' />
  </node>
  <node id='-1001837' visible='true' version='1' lat='51.5309105' lon='20.0077292'>
    <tag k='addr:city' v='Tomaszów Mazowiecki' />
    <tag k='addr:housenumber' v='1' />
    <tag k='addr:postcode' v='97-200' />
    <tag k='addr:street' v='Plac Kościuszki' />
    <tag k='brand' v='Loombard' />
    <tag k='brand:wikidata' v='Q113227799' />
    <tag k='name' v='Loombard' />
    <tag k='operator' v='Lombard System  sp. z o.o.' />
    <tag k='operator:ref:rdl_knf' v='RDL000100' />
    <tag k='shop' v='pawnbroker' />
    <tag k='source:shop' v='Rejestr działalności lombardowej KNF' />
  </node>
  <node id='-1001838' visible='true' version='1' lat='51.2950712' lon='18.1534717'>
    <tag k='addr:city' v='Wieruszów' />
    <tag k='addr:housenumber' v='12' />
    <tag k='addr:postcode' v='98-400' />
    <tag k='addr:street' v='Warszawska' />
    <tag k='brand' v='Loombard' />
    <tag k='brand:wikidata' v='Q113227799' />
    <tag k='name' v='Loombard' />
    <tag k='operator' v='Lombard System  sp. z o.o.' />
    <tag k='operator:ref:rdl_knf' v='RDL000100' />
    <tag k='shop' v='pawnbroker' />
    <tag k='source:shop' v='Rejestr działalności lombardowej KNF' />
  </node>
  <node id='-1001839' visible='true' version='1' lat='50.0021465' lon='18.4633518'>
    <tag k='addr:city' v='Wodzisław Śląski' />
    <tag k='addr:housenumber' v='6' />
    <tag k='addr:postcode' v='44-300' />
    <tag k='addr:street' v='Rynek' />
    <tag k='brand' v='Loombard' />
    <tag k='brand:wikidata' v='Q113227799' />
    <tag k='name' v='Loombard' />
    <tag k='operator' v='Lombard System  sp. z o.o.' />
    <tag k='operator:ref:rdl_knf' v='RDL000100' />
    <tag k='shop' v='pawnbroker' />
    <tag k='source:shop' v='Rejestr działalności lombardowej KNF' />
  </node>
  <node id='-1001840' visible='true' version='1' lat='52.3457442' lon='21.2446047'>
    <tag k='addr:city' v='Wołomin' />
    <tag k='addr:housenumber' v='19' />
    <tag k='addr:postcode' v='05-200' />
    <tag k='addr:street' v='Kościelna' />
    <tag k='brand' v='Loombard' />
    <tag k='brand:wikidata' v='Q113227799' />
    <tag k='name' v='Loombard' />
    <tag k='operator' v='Lombard System  sp. z o.o.' />
    <tag k='operator:ref:rdl_knf' v='RDL000100' />
    <tag k='shop' v='pawnbroker' />
    <tag k='source:shop' v='Rejestr działalności lombardowej KNF' />
  </node>
  <node id='-1001841' visible='true' version='1' lat='50.5905372' lon='16.8129791'>
    <tag k='addr:city' v='Ząbkowice Śląskie' />
    <tag k='addr:housenumber' v='18' />
    <tag k='addr:postcode' v='57-200' />
    <tag k='addr:street' v='Grunwaldzka' />
    <tag k='brand' v='Loombard' />
    <tag k='brand:wikidata' v='Q113227799' />
    <tag k='name' v='Loombard' />
    <tag k='operator' v='Lombard System  sp. z o.o.' />
    <tag k='operator:ref:rdl_knf' v='RDL000100' />
    <tag k='shop' v='pawnbroker' />
    <tag k='source:shop' v='Rejestr działalności lombardowej KNF' />
  </node>
  <node id='-1001842' visible='true' version='1' lat='51.1502115' lon='15.0053173'>
    <tag k='addr:city' v='Zgorzelec' />
    <tag k='addr:housenumber' v='75 B' />
    <tag k='addr:postcode' v='59-900' />
    <tag k='addr:street' v='Daszyńskiego 75' />
    <tag k='brand' v='Loombard' />
    <tag k='brand:wikidata' v='Q113227799' />
    <tag k='name' v='Loombard' />
    <tag k='operator' v='Lombard System  sp. z o.o.' />
    <tag k='operator:ref:rdl_knf' v='RDL000100' />
    <tag k='shop' v='pawnbroker' />
    <tag k='source:shop' v='Rejestr działalności lombardowej KNF' />
  </node>
  <node id='-1001843' visible='true' version='1' lat='51.1499161' lon='15.0133998'>
    <tag k='add:flat' v='6' />
    <tag k='addr:city' v='Zgorzelec' />
    <tag k='addr:housenumber' v='49' />
    <tag k='addr:postcode' v='59-900' />
    <tag k='addr:street' v='Bolesława Chrobrego' />
    <tag k='brand' v='Loombard' />
    <tag k='brand:wikidata' v='Q113227799' />
    <tag k='name' v='Loombard' />
    <tag k='operator' v='Lombard System  sp. z o.o.' />
    <tag k='operator:ref:rdl_knf' v='RDL000100' />
    <tag k='shop' v='pawnbroker' />
    <tag k='source:shop' v='Rejestr działalności lombardowej KNF' />
  </node>
  <node id='-1001844' visible='true' version='1' lat='50.6018859' lon='17.0396225'>
    <tag k='addr:city' v='Ziębice' />
    <tag k='addr:housenumber' v='14' />
    <tag k='addr:postcode' v='57-220' />
    <tag k='addr:street' v='Kolejowa' />
    <tag k='brand' v='Loombard' />
    <tag k='brand:wikidata' v='Q113227799' />
    <tag k='name' v='Loombard' />
    <tag k='operator' v='Lombard System  sp. z o.o.' />
    <tag k='operator:ref:rdl_knf' v='RDL000100' />
    <tag k='shop' v='pawnbroker' />
    <tag k='source:shop' v='Rejestr działalności lombardowej KNF' />
  </node>
  <node id='-1001845' visible='true' version='1' lat='51.1240435' lon='15.9167285'>
    <tag k='addr:city' v='Złotoryja' />
    <tag k='addr:housenumber' v='31' />
    <tag k='addr:postcode' v='59-500' />
    <tag k='addr:street' v='Rynek' />
    <tag k='brand' v='Loombard' />
    <tag k='brand:wikidata' v='Q113227799' />
    <tag k='name' v='Loombard' />
    <tag k='operator' v='Lombard System  sp. z o.o.' />
    <tag k='operator:ref:rdl_knf' v='RDL000100' />
    <tag k='shop' v='pawnbroker' />
    <tag k='source:shop' v='Rejestr działalności lombardowej KNF' />
  </node>
  <node id='-1001846' visible='true' version='1' lat='50.043529' lon='18.6902506'>
    <tag k='addr:city' v='Żory' />
    <tag k='addr:housenumber' v='7A' />
    <tag k='addr:postcode' v='44-240' />
    <tag k='addr:street' v='Górne Przedmieście' />
    <tag k='brand' v='Loombard' />
    <tag k='brand:wikidata' v='Q113227799' />
    <tag k='name' v='Loombard' />
    <tag k='operator' v='Lombard System  sp. z o.o.' />
    <tag k='operator:ref:rdl_knf' v='RDL000100' />
    <tag k='shop' v='pawnbroker' />
    <tag k='source:shop' v='Rejestr działalności lombardowej KNF' />
  </node>
  <node id='-1001847' visible='true' version='1' lat='50.0449236' lon='18.6952106'>
    <tag k='addr:city' v='Żory' />
    <tag k='addr:housenumber' v='8' />
    <tag k='addr:postcode' v='44-240' />
    <tag k='addr:street' v='Kościuszki' />
    <tag k='brand' v='Loombard' />
    <tag k='brand:wikidata' v='Q113227799' />
    <tag k='name' v='Loombard' />
    <tag k='operator' v='Lombard System  sp. z o.o.' />
    <tag k='operator:ref:rdl_knf' v='RDL000100' />
    <tag k='shop' v='pawnbroker' />
    <tag k='source:shop' v='Rejestr działalności lombardowej KNF' />
  </node>
  <node id='-1001848' visible='true' version='1' lat='50.0358883' lon='18.6808248'>
    <tag k='addr:city' v='Żory' />
    <tag k='addr:housenumber' v='21' />
    <tag k='addr:postcode' v='44-240' />
    <tag k='addr:street' v='Dąbrowskiego' />
    <tag k='brand' v='Loombard' />
    <tag k='brand:wikidata' v='Q113227799' />
    <tag k='name' v='Loombard' />
    <tag k='operator' v='Lombard System  sp. z o.o.' />
    <tag k='operator:ref:rdl_knf' v='RDL000100' />
    <tag k='shop' v='pawnbroker' />
    <tag k='source:shop' v='Rejestr działalności lombardowej KNF' />
  </node>
  <node id='-1001849' visible='true' version='1' lat='52.0521619' lon='20.4418305'>
    <tag k='addr:city' v='Żyrardów' />
    <tag k='addr:housenumber' v='15' />
    <tag k='addr:postcode' v='96-300' />
    <tag k='addr:street' v='1 Maja' />
    <tag k='brand' v='Loombard' />
    <tag k='brand:wikidata' v='Q113227799' />
    <tag k='name' v='Loombard' />
    <tag k='operator' v='Lombard System  sp. z o.o.' />
    <tag k='operator:ref:rdl_knf' v='RDL000100' />
    <tag k='shop' v='pawnbroker' />
    <tag k='source:shop' v='Rejestr działalności lombardowej KNF' />
  </node>
  <node id='-1001850' visible='true' version='1' lat='53.1139478' lon='20.3800838'>
    <tag k='addr:city' v='Mława' />
    <tag k='addr:housenumber' v='20' />
    <tag k='addr:postcode' v='06-500' />
    <tag k='addr:street' v='Żwirki' />
    <tag k='operator' v='Lombard Sztyburscy sp. z o.o.' />
    <tag k='operator:ref:rdl_knf' v='RDL000070' />
    <tag k='shop' v='pawnbroker' />
    <tag k='source:shop' v='Rejestr działalności lombardowej KNF' />
  </node>
  <node id='-1001851' visible='true' version='1' lat='51.1262311' lon='16.9713006'>
    <tag k='add:flat' v='3' />
    <tag k='addr:city' v='Wrocław' />
    <tag k='addr:housenumber' v='29a' />
    <tag k='addr:postcode' v='54-130' />
    <tag k='addr:street' v='Bulwar Ikara' />
    <tag k='operator' v='Lombard U Adama sp. z o.o.' />
    <tag k='operator:ref:rdl_knf' v='RDL000253' />
    <tag k='shop' v='pawnbroker' />
    <tag k='source:shop' v='Rejestr działalności lombardowej KNF' />
  </node>
  <node id='-1001852' visible='true' version='1' lat='54.1584926' lon='19.4070338'>
    <tag k='add:flat' v='2' />
    <tag k='addr:city' v='Elbląg' />
    <tag k='addr:housenumber' v='12' />
    <tag k='addr:postcode' v='82-300' />
    <tag k='addr:street' v='3 Maja' />
    <tag k='operator' v='Lombard U Daniela sp. z o.o.' />
    <tag k='operator:ref:rdl_knf' v='RDL000191' />
    <tag k='shop' v='pawnbroker' />
    <tag k='source:shop' v='Rejestr działalności lombardowej KNF' />
  </node>
  <node id='-1001853' visible='true' version='1' lat='52.9905332' lon='16.9175178'>
    <tag k='addr:city' v='Chodzież' />
    <tag k='addr:housenumber' v='10' />
    <tag k='addr:postcode' v='64-800' />
    <tag k='addr:street' v='Raczkowskiego' />
    <tag k='operator' v='Lombard U Miziego Pożyczki Pod Zastaw Wszystkiego sp. z o.o.' />
    <tag k='operator:ref:rdl_knf' v='RDL000085' />
    <tag k='shop' v='pawnbroker' />
    <tag k='source:shop' v='Rejestr działalności lombardowej KNF' />
  </node>
  <node id='-1001854' visible='true' version='1' lat='54.1637386' lon='19.4053576'>
    <tag k='add:flat' v='16-20' />
    <tag k='addr:city' v='Elbląg' />
    <tag k='addr:housenumber' v='16-20' />
    <tag k='addr:postcode' v='82-300' />
    <tag k='addr:street' v='12 Lutego' />
    <tag k='operator' v='Lombard Unikat sp. z o.o.' />
    <tag k='operator:ref:rdl_knf' v='RDL000190' />
    <tag k='shop' v='pawnbroker' />
    <tag k='source:shop' v='Rejestr działalności lombardowej KNF' />
  </node>
  <node id='-1001855' visible='true' version='1' lat='54.0645191' lon='19.6549736'>
    <tag k='addr:city' v='Pasłęk' />
    <tag k='addr:housenumber' v='2' />
    <tag k='addr:postcode' v='14-400' />
    <tag k='addr:street' v='Władysława Jagiełły' />
    <tag k='operator' v='Lombard Unikat sp. z o.o.' />
    <tag k='operator:ref:rdl_knf' v='RDL000190' />
    <tag k='shop' v='pawnbroker' />
    <tag k='source:shop' v='Rejestr działalności lombardowej KNF' />
  </node>
  <node id='-1001856' visible='true' version='1' lat='52.4286631' lon='19.462105'>
    <tag k='addr:city' v='Gostynin' />
    <tag k='addr:housenumber' v='8' />
    <tag k='addr:postcode' v='09-500' />
    <tag k='addr:street' v='Rynek' />
    <tag k='operator' v='Lombard Warszawski - Kantor sp. z o.o.' />
    <tag k='operator:ref:rdl_knf' v='RDL000080' />
    <tag k='shop' v='pawnbroker' />
    <tag k='source:shop' v='Rejestr działalności lombardowej KNF' />
  </node>
  <node id='-1001857' visible='true' version='1' lat='52.2282472' lon='19.3646719'>
    <tag k='add:flat' v='2' />
    <tag k='addr:city' v='Kutno' />
    <tag k='addr:housenumber' v='14' />
    <tag k='addr:postcode' v='99-300' />
    <tag k='addr:street' v='Warszawskie Przedmieście' />
    <tag k='operator' v='Lombard Warszawski - Kantor sp. z o.o.' />
    <tag k='operator:ref:rdl_knf' v='RDL000080' />
    <tag k='shop' v='pawnbroker' />
    <tag k='source:shop' v='Rejestr działalności lombardowej KNF' />
  </node>
  <node id='-1001858' visible='true' version='1' lat='51.7679974' lon='18.0890959'>
    <tag k='addr:city' v='Kalisz' />
    <tag k='addr:housenumber' v='145' />
    <tag k='addr:postcode' v='62-800' />
    <tag k='addr:street' v='Aleja Wojska Polskiego' />
    <tag k='operator' v='Lombard Złoty Punkt sp. z o.o.' />
    <tag k='operator:ref:rdl_knf' v='RDL000231' />
    <tag k='shop' v='pawnbroker' />
    <tag k='source:shop' v='Rejestr działalności lombardowej KNF' />
  </node>
  <node id='-1001859' visible='true' version='1' lat='50.2524406' lon='22.4206832'>
    <tag k='addr:city' v='Leżajsk' />
    <tag k='addr:housenumber' v='14' />
    <tag k='addr:postcode' v='37-300' />
    <tag k='addr:street' v='Rzeszowska' />
    <tag k='operator' v='Lombardi sp. z o.o.' />
    <tag k='operator:ref:rdl_knf' v='RDL000186' />
    <tag k='shop' v='pawnbroker' />
    <tag k='source:shop' v='Rejestr działalności lombardowej KNF' />
  </node>
  <node id='-1001860' visible='true' version='1' lat='50.0217804' lon='22.0122213'>
    <tag k='addr:city' v='Rzeszów' />
    <tag k='addr:housenumber' v='28B' />
    <tag k='addr:postcode' v='35-328' />
    <tag k='addr:street' v='Popiełuszki' />
    <tag k='operator' v='Lombardi sp. z o.o.' />
    <tag k='operator:ref:rdl_knf' v='RDL000186' />
    <tag k='shop' v='pawnbroker' />
    <tag k='source:shop' v='Rejestr działalności lombardowej KNF' />
  </node>
  <node id='-1001861' visible='true' version='1' lat='50.0490983' lon='21.986923'>
    <tag k='addr:city' v='Rzeszów' />
    <tag k='addr:housenumber' v='9' />
    <tag k='addr:postcode' v='35-222' />
    <tag k='addr:street' v='Okulickiego' />
    <tag k='operator' v='Lombardi sp. z o.o.' />
    <tag k='operator:ref:rdl_knf' v='RDL000186' />
    <tag k='shop' v='pawnbroker' />
    <tag k='source:shop' v='Rejestr działalności lombardowej KNF' />
  </node>
  <node id='-1001862' visible='true' version='1' lat='51.2427555' lon='22.5192115'>
    <tag k='addr:city' v='Lublin' />
    <tag k='addr:housenumber' v='21' />
    <tag k='addr:postcode' v='20-603' />
    <tag k='addr:street' v='Wileńska' />
    <tag k='operator' v='Lombardia Grupa Terapeutyczna sp. z o.o.' />
    <tag k='operator:ref:rdl_knf' v='RDL000045' />
    <tag k='shop' v='pawnbroker' />
    <tag k='source:shop' v='Rejestr działalności lombardowej KNF' />
  </node>
  <node id='-1001863' visible='true' version='1' lat='51.2642624' lon='15.5595819'>
    <tag k='addr:city' v='Bolesławiec' />
    <tag k='addr:housenumber' v='40' />
    <tag k='addr:postcode' v='59-700' />
    <tag k='addr:street' v='Zgorzelecka' />
    <tag k='operator' v='Lombardia sp. z o.o.' />
    <tag k='operator:ref:rdl_knf' v='RDL000259' />
    <tag k='shop' v='pawnbroker' />
    <tag k='source:shop' v='Rejestr działalności lombardowej KNF' />
  </node>
  <node id='-1001864' visible='true' version='1' lat='51.1226535' lon='17.0507302'>
    <tag k='addr:city' v='Wrocław' />
    <tag k='addr:housenumber' v='43' />
    <tag k='addr:postcode' v='50-315' />
    <tag k='addr:street' v='Nowowiejska' />
    <tag k='operator' v='Lombardier sp. z o.o.' />
    <tag k='operator:ref:rdl_knf' v='RDL000248' />
    <tag k='shop' v='pawnbroker' />
    <tag k='source:shop' v='Rejestr działalności lombardowej KNF' />
  </node>
  <node id='-1001865' visible='true' version='1' lat='51.1009078' lon='17.0534708'>
    <tag k='addr:city' v='Wrocław' />
    <tag k='addr:housenumber' v='104' />
    <tag k='addr:postcode' v='50-420' />
    <tag k='addr:street' v='Traugutta' />
    <tag k='operator' v='Lombardier sp. z o.o.' />
    <tag k='operator:ref:rdl_knf' v='RDL000248' />
    <tag k='shop' v='pawnbroker' />
    <tag k='source:shop' v='Rejestr działalności lombardowej KNF' />
  </node>
  <node id='-1001866' visible='true' version='1' lat='52.4045044' lon='16.9368046'>
    <tag k='addr:city' v='Poznań' />
    <tag k='addr:housenumber' v='4' />
    <tag k='addr:postcode' v='61-844' />
    <tag k='addr:street' v='Pl. Bernardyński' />
    <tag k='operator' v='Lombardis - Komis - Gold sp. z o.o.' />
    <tag k='operator:ref:rdl_knf' v='RDL000023' />
    <tag k='shop' v='pawnbroker' />
    <tag k='source:shop' v='Rejestr działalności lombardowej KNF' />
  </node>
  <node id='-1001867' visible='true' version='1' lat='53.9224682' lon='19.3470843'>
    <tag k='addr:city' v='Dzierzgoń' />
    <tag k='addr:housenumber' v='7' />
    <tag k='addr:postcode' v='82-440' />
    <tag k='addr:street' v='Plac Wolności' />
    <tag k='operator' v='Lombard-Komis Sknerus sp. z o.o.' />
    <tag k='operator:ref:rdl_knf' v='RDL000003' />
    <tag k='shop' v='pawnbroker' />
    <tag k='source:shop' v='Rejestr działalności lombardowej KNF' />
  </node>
  <node id='-1001868' visible='true' version='1' lat='53.7563136' lon='19.2048501'>
    <tag k='addr:city' v='Prabuty' />
    <tag k='addr:housenumber' v='1C' />
    <tag k='addr:postcode' v='82-550' />
    <tag k='addr:street' v='Ignacego Daszyńskiego' />
    <tag k='operator' v='Lombard-Komis Sknerus sp. z o.o.' />
    <tag k='operator:ref:rdl_knf' v='RDL000003' />
    <tag k='shop' v='pawnbroker' />
    <tag k='source:shop' v='Rejestr działalności lombardowej KNF' />
  </node>
  <node id='-1001869' visible='true' version='1' lat='53.7188116' lon='19.3361511'>
    <tag k='addr:city' v='Susz' />
    <tag k='addr:housenumber' v='9A' />
    <tag k='addr:postcode' v='14-240' />
    <tag k='addr:street' v='Prabucka' />
    <tag k='operator' v='Lombard-Komis Sknerus sp. z o.o.' />
    <tag k='operator:ref:rdl_knf' v='RDL000003' />
    <tag k='shop' v='pawnbroker' />
    <tag k='source:shop' v='Rejestr działalności lombardowej KNF' />
  </node>
  <node id='-1001870' visible='true' version='1' lat='50.3220932' lon='19.1342357'>
    <tag k='addr:city' v='Będzin' />
    <tag k='addr:housenumber' v='21' />
    <tag k='addr:postcode' v='42-500' />
    <tag k='addr:street' v='Małachowskiego' />
    <tag k='name' v='Lombards.pl' />
    <tag k='operator' v='Lombards.Pl sp. z o.o.' />
    <tag k='operator:ref:rdl_knf' v='RDL000218' />
    <tag k='shop' v='pawnbroker' />
    <tag k='source:shop' v='Rejestr działalności lombardowej KNF' />
  </node>
  <node id='-1001871' visible='true' version='1' lat='49.8235419' lon='19.0496772'>
    <tag k='addr:city' v='Bielsko-Biała' />
    <tag k='addr:housenumber' v='7' />
    <tag k='addr:postcode' v='43-300' />
    <tag k='addr:street' v='Łukowa' />
    <tag k='name' v='Lombards.pl' />
    <tag k='operator' v='Lombards.Pl sp. z o.o.' />
    <tag k='operator:ref:rdl_knf' v='RDL000218' />
    <tag k='shop' v='pawnbroker' />
    <tag k='source:shop' v='Rejestr działalności lombardowej KNF' />
  </node>
  <node id='-1001872' visible='true' version='1' lat='49.8171487' lon='19.0439429'>
    <tag k='addr:city' v='Bielsko-Biała' />
    <tag k='addr:housenumber' v='23' />
    <tag k='addr:postcode' v='43-300' />
    <tag k='addr:street' v='Partyzantów' />
    <tag k='name' v='Lombards.pl' />
    <tag k='operator' v='Lombards.Pl sp. z o.o.' />
    <tag k='operator:ref:rdl_knf' v='RDL000218' />
    <tag k='shop' v='pawnbroker' />
    <tag k='source:shop' v='Rejestr działalności lombardowej KNF' />
  </node>
  <node id='-1001873' visible='true' version='1' lat='49.8228655' lon='19.0459048'>
    <tag k='add:flat' v='10' />
    <tag k='addr:city' v='Bielsko-Biała' />
    <tag k='addr:housenumber' v='1' />
    <tag k='addr:postcode' v='43-300' />
    <tag k='addr:street' v='Barlickiego' />
    <tag k='name' v='Lombards.pl' />
    <tag k='operator' v='Lombards.Pl sp. z o.o.' />
    <tag k='operator:ref:rdl_knf' v='RDL000218' />
    <tag k='shop' v='pawnbroker' />
    <tag k='source:shop' v='Rejestr działalności lombardowej KNF' />
  </node>
  <node id='-1001874' visible='true' version='1' lat='50.3245735' lon='18.9274159'>
    <tag k='add:flat' v='1' />
    <tag k='addr:city' v='Bytom' />
    <tag k='addr:housenumber' v='42' />
    <tag k='addr:postcode' v='41-909' />
    <tag k='addr:street' v='Świętochłowicka' />
    <tag k='name' v='Lombards.pl' />
    <tag k='operator' v='Lombards.Pl sp. z o.o.' />
    <tag k='operator:ref:rdl_knf' v='RDL000218' />
    <tag k='shop' v='pawnbroker' />
    <tag k='source:shop' v='Rejestr działalności lombardowej KNF' />
  </node>
  <node id='-1001875' visible='true' version='1' lat='49.7488398' lon='18.6320632'>
    <tag k='addr:city' v='Cieszyn' />
    <tag k='addr:housenumber' v='1' />
    <tag k='addr:postcode' v='43-400' />
    <tag k='addr:street' v='Olszaka' />
    <tag k='name' v='Lombards.pl' />
    <tag k='operator' v='Lombards.Pl sp. z o.o.' />
    <tag k='operator:ref:rdl_knf' v='RDL000218' />
    <tag k='shop' v='pawnbroker' />
    <tag k='source:shop' v='Rejestr działalności lombardowej KNF' />
  </node>
  <node id='-1001876' visible='true' version='1' lat='49.9491874' lon='18.5958099'>
    <tag k='addr:city' v='Jastrzębie-Zdrój' />
    <tag k='addr:housenumber' v='28' />
    <tag k='addr:postcode' v='44-335' />
    <tag k='addr:street' v='Piłsudskiego' />
    <tag k='name' v='Lombards.pl' />
    <tag k='operator' v='Lombards.Pl sp. z o.o.' />
    <tag k='operator:ref:rdl_knf' v='RDL000218' />
    <tag k='shop' v='pawnbroker' />
    <tag k='source:shop' v='Rejestr działalności lombardowej KNF' />
  </node>
  <node id='-1001877' visible='true' version='1' lat='50.2696561' lon='19.0373649'>
    <tag k='addr:city' v='Katowice' />
    <tag k='addr:housenumber' v='4' />
    <tag k='addr:postcode' v='40-174' />
    <tag k='addr:street' v='Katowicka' />
    <tag k='name' v='Lombards.pl' />
    <tag k='operator' v='Lombards.Pl sp. z o.o.' />
    <tag k='operator:ref:rdl_knf' v='RDL000218' />
    <tag k='shop' v='pawnbroker' />
    <tag k='source:shop' v='Rejestr działalności lombardowej KNF' />
  </node>
  <node id='-1001878' visible='true' version='1' lat='50.1104385' lon='19.0027262'>
    <tag k='addr:city' v='Tychy' />
    <tag k='addr:housenumber' v='27' />
    <tag k='addr:postcode' v='43-100' />
    <tag k='addr:street' v='Wyszyńskiego' />
    <tag k='name' v='Lombards.pl' />
    <tag k='operator' v='Lombards.Pl sp. z o.o.' />
    <tag k='operator:ref:rdl_knf' v='RDL000218' />
    <tag k='shop' v='pawnbroker' />
    <tag k='source:shop' v='Rejestr działalności lombardowej KNF' />
  </node>
  <node id='-1001879' visible='true' version='1' lat='50.3074347' lon='18.7821593'>
    <tag k='addr:city' v='Zabrze' />
    <tag k='addr:housenumber' v='266' />
    <tag k='addr:postcode' v='41-800' />
    <tag k='addr:street' v='Wolności' />
    <tag k='name' v='Lombards.pl' />
    <tag k='operator' v='Lombards.Pl sp. z o.o.' />
    <tag k='operator:ref:rdl_knf' v='RDL000218' />
    <tag k='shop' v='pawnbroker' />
    <tag k='source:shop' v='Rejestr działalności lombardowej KNF' />
  </node>
  <node id='-1001880' visible='true' version='1' lat='50.0449238' lon='18.6903883'>
    <tag k='addr:city' v='Żory' />
    <tag k='addr:housenumber' v='44' />
    <tag k='addr:postcode' v='44-240' />
    <tag k='addr:street' v='Męczenników Oświęcimskich' />
    <tag k='name' v='Lombards.pl' />
    <tag k='operator' v='Lombards.Pl sp. z o.o.' />
    <tag k='operator:ref:rdl_knf' v='RDL000218' />
    <tag k='shop' v='pawnbroker' />
    <tag k='source:shop' v='Rejestr działalności lombardowej KNF' />
  </node>
  <node id='-1001881' visible='true' version='1' lat='51.4061398' lon='21.1598435'>
    <tag k='addr:city' v='Radom' />
    <tag k='addr:housenumber' v='29' />
    <tag k='addr:postcode' v='26-610' />
    <tag k='addr:street' v='Struga' />
    <tag k='operator' v='Lomis  sp. z o.o.' />
    <tag k='operator:ref:rdl_knf' v='RDL000096' />
    <tag k='shop' v='pawnbroker' />
    <tag k='source:shop' v='Rejestr działalności lombardowej KNF' />
  </node>
  <node id='-1001882' visible='true' version='1' lat='50.80574' lon='23.89192'>
    <tag k='addr:city' v='Hrubieszów' />
    <tag k='addr:housenumber' v='8' />
    <tag k='addr:postcode' v='22-500' />
    <tag k='addr:street' v='Rynek' />
    <tag k='operator' v='Lom&amp;Mbard sp. z o.o.' />
    <tag k='operator:ref:rdl_knf' v='RDL000171' />
    <tag k='shop' v='pawnbroker' />
    <tag k='source:shop' v='Rejestr działalności lombardowej KNF' />
  </node>
  <node id='-1001883' visible='true' version='1' lat='49.8553814' lon='19.3433974'>
    <tag k='addr:city' v='Andrychów' />
    <tag k='addr:housenumber' v='94' />
    <tag k='addr:postcode' v='34-120' />
    <tag k='addr:street' v='Krakowska' />
    <tag k='brand' v='Loombard' />
    <tag k='brand:wikidata' v='Q113227799' />
    <tag k='name' v='Loombard' />
    <tag k='operator' v='Loombard Polska sp. z o.o.' />
    <tag k='operator:ref:rdl_knf' v='RDL000147' />
    <tag k='shop' v='pawnbroker' />
    <tag k='source:shop' v='Rejestr działalności lombardowej KNF' />
  </node>
  <node id='-1001884' visible='true' version='1' lat='50.3189831' lon='19.0723732'>
    <tag k='addr:city' v='Czeladź' />
    <tag k='addr:housenumber' v='12' />
    <tag k='addr:postcode' v='41-250' />
    <tag k='addr:street' v='Bytomska' />
    <tag k='brand' v='Loombard' />
    <tag k='brand:wikidata' v='Q113227799' />
    <tag k='name' v='Loombard' />
    <tag k='operator' v='Loombard Polska sp. z o.o.' />
    <tag k='operator:ref:rdl_knf' v='RDL000147' />
    <tag k='shop' v='pawnbroker' />
    <tag k='source:shop' v='Rejestr działalności lombardowej KNF' />
  </node>
  <node id='-1001885' visible='true' version='1' lat='50.9146274' lon='16.4298141'>
    <tag k='add:flat' v='13' />
    <tag k='addr:city' v='Jaworzyna Śląska' />
    <tag k='addr:housenumber' v='2A' />
    <tag k='addr:postcode' v='58-140' />
    <tag k='addr:street' v='Mickiewicza' />
    <tag k='brand' v='Loombard' />
    <tag k='brand:wikidata' v='Q113227799' />
    <tag k='name' v='Loombard' />
    <tag k='operator' v='Loombard Polska sp. z o.o.' />
    <tag k='operator:ref:rdl_knf' v='RDL000147' />
    <tag k='shop' v='pawnbroker' />
    <tag k='source:shop' v='Rejestr działalności lombardowej KNF' />
  </node>
  <node id='-1001886' visible='true' version='1' lat='50.3991255' lon='18.9025227'>
    <tag k='addr:city' v='Radzionków' />
    <tag k='addr:housenumber' v='8' />
    <tag k='addr:postcode' v='41-922' />
    <tag k='addr:street' v='Męczenników Oświęcimia' />
    <tag k='brand' v='Loombard' />
    <tag k='brand:wikidata' v='Q113227799' />
    <tag k='name' v='Loombard' />
    <tag k='operator' v='Loombard Polska sp. z o.o.' />
    <tag k='operator:ref:rdl_knf' v='RDL000147' />
    <tag k='shop' v='pawnbroker' />
    <tag k='source:shop' v='Rejestr działalności lombardowej KNF' />
  </node>
  <node id='-1001887' visible='true' version='1' lat='50.2991334' lon='19.0386474'>
    <tag k='addr:city' v='Siemianowice Śląskie' />
    <tag k='addr:housenumber' v='25' />
    <tag k='addr:postcode' v='41-100' />
    <tag k='addr:street' v='Powstańców' />
    <tag k='brand' v='Loombard' />
    <tag k='brand:wikidata' v='Q113227799' />
    <tag k='name' v='Loombard' />
    <tag k='operator' v='Loombard Polska sp. z o.o.' />
    <tag k='operator:ref:rdl_knf' v='RDL000147' />
    <tag k='shop' v='pawnbroker' />
    <tag k='source:shop' v='Rejestr działalności lombardowej KNF' />
  </node>
  <node id='-1001888' visible='true' version='1' lat='50.3030055' lon='19.0302775'>
    <tag k='addr:city' v='Siemianowice Śląskie' />
    <tag k='addr:housenumber' v='20' />
    <tag k='addr:postcode' v='41-100' />
    <tag k='addr:street' v='Śląska' />
    <tag k='brand' v='Loombard' />
    <tag k='brand:wikidata' v='Q113227799' />
    <tag k='name' v='Loombard' />
    <tag k='operator' v='Loombard Polska sp. z o.o.' />
    <tag k='operator:ref:rdl_knf' v='RDL000147' />
    <tag k='shop' v='pawnbroker' />
    <tag k='source:shop' v='Rejestr działalności lombardowej KNF' />
  </node>
  <node id='-1001889' visible='true' version='1' lat='50.4459253' lon='18.8526444'>
    <tag k='addr:city' v='Tarnowskie Góry' />
    <tag k='addr:housenumber' v='10' />
    <tag k='addr:postcode' v='42-600' />
    <tag k='addr:street' v='Opolska' />
    <tag k='brand' v='Loombard' />
    <tag k='brand:wikidata' v='Q113227799' />
    <tag k='name' v='Loombard' />
    <tag k='operator' v='Loombard Polska sp. z o.o.' />
    <tag k='operator:ref:rdl_knf' v='RDL000147' />
    <tag k='shop' v='pawnbroker' />
    <tag k='source:shop' v='Rejestr działalności lombardowej KNF' />
  </node>
  <node id='-1001890' visible='true' version='1' lat='50.4458332' lon='18.8618625'>
    <tag k='add:flat' v='2' />
    <tag k='addr:city' v='Tarnowskie Góry' />
    <tag k='addr:housenumber' v='7' />
    <tag k='addr:postcode' v='42-600' />
    <tag k='addr:street' v='Piłsudskiego' />
    <tag k='brand' v='Loombard' />
    <tag k='brand:wikidata' v='Q113227799' />
    <tag k='name' v='Loombard' />
    <tag k='operator' v='Loombard Polska sp. z o.o.' />
    <tag k='operator:ref:rdl_knf' v='RDL000147' />
    <tag k='shop' v='pawnbroker' />
    <tag k='source:shop' v='Rejestr działalności lombardowej KNF' />
  </node>
  <node id='-1001891' visible='true' version='1' lat='51.3357746' lon='16.6489508'>
    <tag k='addr:city' v='Wołów' />
    <tag k='addr:housenumber' v='1' />
    <tag k='addr:postcode' v='56-100' />
    <tag k='addr:street' v='Radna' />
    <tag k='brand' v='Loombard' />
    <tag k='brand:wikidata' v='Q113227799' />
    <tag k='name' v='Loombard' />
    <tag k='operator' v='Loombard Polska sp. z o.o.' />
    <tag k='operator:ref:rdl_knf' v='RDL000147' />
    <tag k='shop' v='pawnbroker' />
    <tag k='source:shop' v='Rejestr działalności lombardowej KNF' />
  </node>
  <node id='-1001892' visible='true' version='1' lat='51.088773' lon='17.040657'>
    <tag k='addr:city' v='Wrocław' />
    <tag k='addr:housenumber' v='70' />
    <tag k='addr:postcode' v='50-520' />
    <tag k='addr:street' v='Gajowa' />
    <tag k='brand' v='Loombard' />
    <tag k='brand:wikidata' v='Q113227799' />
    <tag k='name' v='Loombard' />
    <tag k='operator' v='Loombard Polska sp. z o.o.' />
    <tag k='operator:ref:rdl_knf' v='RDL000147' />
    <tag k='shop' v='pawnbroker' />
    <tag k='source:shop' v='Rejestr działalności lombardowej KNF' />
  </node>
  <node id='-1001893' visible='true' version='1' lat='51.0770822' lon='17.0396972'>
    <tag k='addr:city' v='Wrocław' />
    <tag k='addr:housenumber' v='26' />
    <tag k='addr:postcode' v='50-559' />
    <tag k='addr:street' v='Świeradowska' />
    <tag k='brand' v='Loombard' />
    <tag k='brand:wikidata' v='Q113227799' />
    <tag k='name' v='Loombard' />
    <tag k='operator' v='Loombard Polska sp. z o.o.' />
    <tag k='operator:ref:rdl_knf' v='RDL000147' />
    <tag k='shop' v='pawnbroker' />
    <tag k='source:shop' v='Rejestr działalności lombardowej KNF' />
  </node>
  <node id='-1001894' visible='true' version='1' lat='51.1310305' lon='17.0605767'>
    <tag k='addr:city' v='Wrocław' />
    <tag k='addr:housenumber' v='6' />
    <tag k='addr:postcode' v='51-163' />
    <tag k='addr:street' v='Al. Kromera' />
    <tag k='brand' v='Loombard' />
    <tag k='brand:wikidata' v='Q113227799' />
    <tag k='name' v='Loombard' />
    <tag k='operator' v='Loombard Polska sp. z o.o.' />
    <tag k='operator:ref:rdl_knf' v='RDL000147' />
    <tag k='shop' v='pawnbroker' />
    <tag k='source:shop' v='Rejestr działalności lombardowej KNF' />
  </node>
  <node id='-1001895' visible='true' version='1' lat='51.1469698' lon='17.1136751'>
    <tag k='addr:city' v='Wrocław' />
    <tag k='addr:housenumber' v='324' />
    <tag k='addr:postcode' v='51-312' />
    <tag k='addr:street' v='Krzywoustego' />
    <tag k='brand' v='Loombard' />
    <tag k='brand:wikidata' v='Q113227799' />
    <tag k='name' v='Loombard' />
    <tag k='operator' v='Loombard Polska sp. z o.o.' />
    <tag k='operator:ref:rdl_knf' v='RDL000147' />
    <tag k='shop' v='pawnbroker' />
    <tag k='source:shop' v='Rejestr działalności lombardowej KNF' />
  </node>
  <node id='-1001896' visible='true' version='1' lat='51.1016778' lon='17.1025537'>
    <tag k='addr:city' v='Wrocław' />
    <tag k='addr:housenumber' v='73' />
    <tag k='addr:postcode' v='51-644' />
    <tag k='addr:street' v='Olszewskiego' />
    <tag k='brand' v='Loombard' />
    <tag k='brand:wikidata' v='Q113227799' />
    <tag k='name' v='Loombard' />
    <tag k='operator' v='Loombard Polska sp. z o.o.' />
    <tag k='operator:ref:rdl_knf' v='RDL000147' />
    <tag k='shop' v='pawnbroker' />
    <tag k='source:shop' v='Rejestr działalności lombardowej KNF' />
  </node>
  <node id='-1001897' visible='true' version='1' lat='51.0599304' lon='17.0839766'>
    <tag k='addr:city' v='Wrocław' />
    <tag k='addr:housenumber' v='3B' />
    <tag k='addr:postcode' v='52-118' />
    <tag k='addr:street' v='Chińska' />
    <tag k='brand' v='Loombard' />
    <tag k='brand:wikidata' v='Q113227799' />
    <tag k='name' v='Loombard' />
    <tag k='operator' v='Loombard Polska sp. z o.o.' />
    <tag k='operator:ref:rdl_knf' v='RDL000147' />
    <tag k='shop' v='pawnbroker' />
    <tag k='source:shop' v='Rejestr działalności lombardowej KNF' />
  </node>
  <node id='-1001898' visible='true' version='1' lat='51.0949003' lon='16.9783048'>
    <tag k='addr:city' v='Wrocław' />
    <tag k='addr:housenumber' v='1' />
    <tag k='addr:postcode' v='53-238' />
    <tag k='addr:street' v='Ostrowskiego' />
    <tag k='brand' v='Loombard' />
    <tag k='brand:wikidata' v='Q113227799' />
    <tag k='name' v='Loombard' />
    <tag k='operator' v='Loombard Polska sp. z o.o.' />
    <tag k='operator:ref:rdl_knf' v='RDL000147' />
    <tag k='shop' v='pawnbroker' />
    <tag k='source:shop' v='Rejestr działalności lombardowej KNF' />
  </node>
  <node id='-1001899' visible='true' version='1' lat='51.0639572' lon='16.983656'>
    <tag k='addr:city' v='Wrocław' />
    <tag k='addr:housenumber' v='4' />
    <tag k='addr:postcode' v='52-314' />
    <tag k='addr:street' v='Wałbrzyska' />
    <tag k='brand' v='Loombard' />
    <tag k='brand:wikidata' v='Q113227799' />
    <tag k='name' v='Loombard' />
    <tag k='operator' v='Loombard Polska sp. z o.o.' />
    <tag k='operator:ref:rdl_knf' v='RDL000147' />
    <tag k='shop' v='pawnbroker' />
    <tag k='source:shop' v='Rejestr działalności lombardowej KNF' />
  </node>
  <node id='-1001900' visible='true' version='1' lat='51.0893416' lon='17.0028567'>
    <tag k='addr:city' v='Wrocław' />
    <tag k='addr:housenumber' v='53' />
    <tag k='addr:postcode' v='53-325' />
    <tag k='addr:street' v='Hallera' />
    <tag k='brand' v='Loombard' />
    <tag k='brand:wikidata' v='Q113227799' />
    <tag k='name' v='Loombard' />
    <tag k='operator' v='Loombard Polska sp. z o.o.' />
    <tag k='operator:ref:rdl_knf' v='RDL000147' />
    <tag k='shop' v='pawnbroker' />
    <tag k='source:shop' v='Rejestr działalności lombardowej KNF' />
  </node>
  <node id='-1001901' visible='true' version='1' lat='51.1033103' lon='17.0182879'>
    <tag k='addr:city' v='Wrocław' />
    <tag k='addr:housenumber' v='30' />
    <tag k='addr:postcode' v='53-502' />
    <tag k='addr:street' v='Grabiszyńska' />
    <tag k='brand' v='Loombard' />
    <tag k='brand:wikidata' v='Q113227799' />
    <tag k='name' v='Loombard' />
    <tag k='operator' v='Loombard Polska sp. z o.o.' />
    <tag k='operator:ref:rdl_knf' v='RDL000147' />
    <tag k='shop' v='pawnbroker' />
    <tag k='source:shop' v='Rejestr działalności lombardowej KNF' />
  </node>
  <node id='-1001902' visible='true' version='1' lat='51.0946299' lon='17.0109538'>
    <tag k='addr:city' v='Wrocław' />
    <tag k='addr:housenumber' v='96' />
    <tag k='addr:postcode' v='53-621' />
    <tag k='addr:street' v='Gajowicka' />
    <tag k='brand' v='Loombard' />
    <tag k='brand:wikidata' v='Q113227799' />
    <tag k='name' v='Loombard' />
    <tag k='operator' v='Loombard Polska sp. z o.o.' />
    <tag k='operator:ref:rdl_knf' v='RDL000147' />
    <tag k='shop' v='pawnbroker' />
    <tag k='source:shop' v='Rejestr działalności lombardowej KNF' />
  </node>
  <node id='-1001903' visible='true' version='1' lat='51.1164746' lon='17.0025666'>
    <tag k='addr:city' v='Wrocław' />
    <tag k='addr:housenumber' v='6' />
    <tag k='addr:postcode' v='53-621' />
    <tag k='addr:street' v='Głogowska' />
    <tag k='brand' v='Loombard' />
    <tag k='brand:wikidata' v='Q113227799' />
    <tag k='name' v='Loombard' />
    <tag k='operator' v='Loombard Polska sp. z o.o.' />
    <tag k='operator:ref:rdl_knf' v='RDL000147' />
    <tag k='shop' v='pawnbroker' />
    <tag k='source:shop' v='Rejestr działalności lombardowej KNF' />
  </node>
  <node id='-1001904' visible='true' version='1' lat='51.1264223' lon='16.9711769'>
    <tag k='addr:city' v='Wrocław' />
    <tag k='addr:housenumber' v='21' />
    <tag k='addr:postcode' v='54-130' />
    <tag k='addr:street' v='Bulwar Ikara' />
    <tag k='brand' v='Loombard' />
    <tag k='brand:wikidata' v='Q113227799' />
    <tag k='name' v='Loombard' />
    <tag k='operator' v='Loombard Polska sp. z o.o.' />
    <tag k='operator:ref:rdl_knf' v='RDL000147' />
    <tag k='shop' v='pawnbroker' />
    <tag k='source:shop' v='Rejestr działalności lombardowej KNF' />
  </node>
  <node id='-1001905' visible='true' version='1' lat='51.1398046' lon='16.9651128'>
    <tag k='addr:city' v='Wrocław' />
    <tag k='addr:housenumber' v='3' />
    <tag k='addr:postcode' v='54-142' />
    <tag k='addr:street' v='Dokerska' />
    <tag k='brand' v='Loombard' />
    <tag k='brand:wikidata' v='Q113227799' />
    <tag k='name' v='Loombard' />
    <tag k='operator' v='Loombard Polska sp. z o.o.' />
    <tag k='operator:ref:rdl_knf' v='RDL000147' />
    <tag k='shop' v='pawnbroker' />
    <tag k='source:shop' v='Rejestr działalności lombardowej KNF' />
  </node>
  <node id='-1001906' visible='true' version='1' lat='51.1235254' lon='16.9873869'>
    <tag k='addr:city' v='Wrocław' />
    <tag k='addr:housenumber' v='66' />
    <tag k='addr:postcode' v='54-206' />
    <tag k='addr:street' v='Legnicka' />
    <tag k='brand' v='Loombard' />
    <tag k='brand:wikidata' v='Q113227799' />
    <tag k='name' v='Loombard' />
    <tag k='operator' v='Loombard Polska sp. z o.o.' />
    <tag k='operator:ref:rdl_knf' v='RDL000147' />
    <tag k='shop' v='pawnbroker' />
    <tag k='source:shop' v='Rejestr działalności lombardowej KNF' />
  </node>
  <node id='-1001907' visible='true' version='1' lat='51.1121692' lon='16.9610086'>
    <tag k='addr:city' v='Wrocław' />
    <tag k='addr:housenumber' v='200' />
    <tag k='addr:postcode' v='54-432' />
    <tag k='addr:street' v='Strzegomska' />
    <tag k='brand' v='Loombard' />
    <tag k='brand:wikidata' v='Q113227799' />
    <tag k='name' v='Loombard' />
    <tag k='operator' v='Loombard Polska sp. z o.o.' />
    <tag k='operator:ref:rdl_knf' v='RDL000147' />
    <tag k='shop' v='pawnbroker' />
    <tag k='source:shop' v='Rejestr działalności lombardowej KNF' />
  </node>
  <node id='-1001908' visible='true' version='1' lat='51.1129656' lon='16.9538893'>
    <tag k='addr:city' v='Wrocław' />
    <tag k='addr:housenumber' v='107 D' />
    <tag k='addr:postcode' v='54-436' />
    <tag k='addr:street' v='Budziszyńska' />
    <tag k='brand' v='Loombard' />
    <tag k='brand:wikidata' v='Q113227799' />
    <tag k='name' v='Loombard' />
    <tag k='operator' v='Loombard Polska sp. z o.o.' />
    <tag k='operator:ref:rdl_knf' v='RDL000147' />
    <tag k='shop' v='pawnbroker' />
    <tag k='source:shop' v='Rejestr działalności lombardowej KNF' />
  </node>
  <node id='-1001909' visible='true' version='1' lat='51.1031775' lon='17.0373112'>
    <tag k='addr:city' v='Wrocław' />
    <tag k='addr:housenumber' v='33' />
    <tag k='addr:postcode' v='50-004' />
    <tag k='addr:street' v='Kołłątaja' />
    <tag k='brand' v='Loombard' />
    <tag k='brand:wikidata' v='Q113227799' />
    <tag k='name' v='Loombard' />
    <tag k='operator' v='Loombard Polska sp. z o.o.' />
    <tag k='operator:ref:rdl_knf' v='RDL000147' />
    <tag k='shop' v='pawnbroker' />
    <tag k='source:shop' v='Rejestr działalności lombardowej KNF' />
  </node>
  <node id='-1001910' visible='true' version='1' lat='51.1084568' lon='17.0272169'>
    <tag k='add:flat' v='3.1-B' />
    <tag k='addr:city' v='Wrocław' />
    <tag k='addr:housenumber' v='3.1-B' />
    <tag k='addr:postcode' v='50-075' />
    <tag k='addr:street' v='Krupnicza' />
    <tag k='brand' v='Loombard' />
    <tag k='brand:wikidata' v='Q113227799' />
    <tag k='name' v='Loombard' />
    <tag k='operator' v='Loombard Polska sp. z o.o.' />
    <tag k='operator:ref:rdl_knf' v='RDL000147' />
    <tag k='shop' v='pawnbroker' />
    <tag k='source:shop' v='Rejestr działalności lombardowej KNF' />
  </node>
  <node id='-1001911' visible='true' version='1' lat='51.1231939' lon='17.0447371'>
    <tag k='add:flat' v='1B' />
    <tag k='addr:city' v='Wrocław' />
    <tag k='addr:housenumber' v='109' />
    <tag k='addr:postcode' v='50-301' />
    <tag k='addr:street' v='Jedności Narodowej' />
    <tag k='brand' v='Loombard' />
    <tag k='brand:wikidata' v='Q113227799' />
    <tag k='name' v='Loombard' />
    <tag k='operator' v='Loombard Polska sp. z o.o.' />
    <tag k='operator:ref:rdl_knf' v='RDL000147' />
    <tag k='shop' v='pawnbroker' />
    <tag k='source:shop' v='Rejestr działalności lombardowej KNF' />
  </node>
  <node id='-1001912' visible='true' version='1' lat='51.1140574' lon='17.0606621'>
    <tag k='addr:city' v='Wrocław' />
    <tag k='addr:housenumber' v='19' />
    <tag k='addr:postcode' v='50-361' />
    <tag k='addr:street' v='Piastowska' />
    <tag k='brand' v='Loombard' />
    <tag k='brand:wikidata' v='Q113227799' />
    <tag k='name' v='Loombard' />
    <tag k='operator' v='Loombard Polska sp. z o.o.' />
    <tag k='operator:ref:rdl_knf' v='RDL000147' />
    <tag k='shop' v='pawnbroker' />
    <tag k='source:shop' v='Rejestr działalności lombardowej KNF' />
  </node>
  <node id='-1001913' visible='true' version='1' lat='51.0986824' lon='17.051413'>
    <tag k='addr:city' v='Wrocław' />
    <tag k='addr:housenumber' v='159' />
    <tag k='addr:postcode' v='50-438' />
    <tag k='addr:street' v='Kościuszki' />
    <tag k='brand' v='Loombard' />
    <tag k='brand:wikidata' v='Q113227799' />
    <tag k='name' v='Loombard' />
    <tag k='operator' v='Loombard Polska sp. z o.o.' />
    <tag k='operator:ref:rdl_knf' v='RDL000147' />
    <tag k='shop' v='pawnbroker' />
    <tag k='source:shop' v='Rejestr działalności lombardowej KNF' />
  </node>
  <node id='-1001914' visible='true' version='1' lat='51.098494' lon='17.049331'>
    <tag k='addr:city' v='Wrocław' />
    <tag k='addr:housenumber' v='34' />
    <tag k='addr:postcode' v='50-433' />
    <tag k='addr:street' v='Prądzyńskiego' />
    <tag k='brand' v='Loombard' />
    <tag k='brand:wikidata' v='Q113227799' />
    <tag k='name' v='Loombard' />
    <tag k='operator' v='Loombard Polska sp. z o.o.' />
    <tag k='operator:ref:rdl_knf' v='RDL000147' />
    <tag k='shop' v='pawnbroker' />
    <tag k='source:shop' v='Rejestr działalności lombardowej KNF' />
  </node>
  <node id='-1001915' visible='true' version='1' lat='51.1020314' lon='17.0515596'>
    <tag k='addr:city' v='Wrocław' />
    <tag k='addr:housenumber' v='85' />
    <tag k='addr:postcode' v='50-417' />
    <tag k='addr:street' v='Traugutta' />
    <tag k='brand' v='Loombard' />
    <tag k='brand:wikidata' v='Q113227799' />
    <tag k='name' v='Loombard' />
    <tag k='operator' v='Loombard Polska sp. z o.o.' />
    <tag k='operator:ref:rdl_knf' v='RDL000147' />
    <tag k='shop' v='pawnbroker' />
    <tag k='source:shop' v='Rejestr działalności lombardowej KNF' />
  </node>
  <node id='-1001916' visible='true' version='1' lat='51.1254551' lon='17.0508594'>
    <tag k='addr:city' v='Wrocław' />
    <tag k='addr:housenumber' v='22' />
    <tag k='addr:postcode' v='50-310' />
    <tag k='addr:street' v='Daszyńskiego' />
    <tag k='brand' v='Loombard' />
    <tag k='brand:wikidata' v='Q113227799' />
    <tag k='name' v='Loombard' />
    <tag k='operator' v='Loombard Polska sp. z o.o.' />
    <tag k='operator:ref:rdl_knf' v='RDL000147' />
    <tag k='shop' v='pawnbroker' />
    <tag k='source:shop' v='Rejestr działalności lombardowej KNF' />
  </node>
  <node id='-1001917' visible='true' version='1' lat='51.1190116' lon='17.0386234'>
    <tag k='addr:city' v='Wrocław' />
    <tag k='addr:housenumber' v='45' />
    <tag k='addr:postcode' v='50-260' />
    <tag k='addr:street' v='Jedności Narodowej' />
    <tag k='brand' v='Loombard' />
    <tag k='brand:wikidata' v='Q113227799' />
    <tag k='name' v='Loombard' />
    <tag k='operator' v='Loombard Polska sp. z o.o.' />
    <tag k='operator:ref:rdl_knf' v='RDL000147' />
    <tag k='shop' v='pawnbroker' />
    <tag k='source:shop' v='Rejestr działalności lombardowej KNF' />
  </node>
  <node id='-1001918' visible='true' version='1' lat='51.1099306' lon='17.027122'>
    <tag k='add:flat' v='6' />
    <tag k='addr:city' v='Wrocław' />
    <tag k='addr:housenumber' v='5' />
    <tag k='addr:postcode' v='50-080' />
    <tag k='addr:street' v='Psie Budy' />
    <tag k='brand' v='Loombard' />
    <tag k='brand:wikidata' v='Q113227799' />
    <tag k='name' v='Loombard' />
    <tag k='operator' v='Loombard Polska sp. z o.o.' />
    <tag k='operator:ref:rdl_knf' v='RDL000147' />
    <tag k='shop' v='pawnbroker' />
    <tag k='source:shop' v='Rejestr działalności lombardowej KNF' />
  </node>
  <node id='-1001919' visible='true' version='1' lat='51.100529' lon='17.0339'>
    <tag k='addr:city' v='Wrocław' />
    <tag k='addr:housenumber' v='86' />
    <tag k='addr:postcode' v='50-020' />
    <tag k='addr:street' v='Piłsudskiego' />
    <tag k='brand' v='Loombard' />
    <tag k='brand:wikidata' v='Q113227799' />
    <tag k='name' v='Loombard' />
    <tag k='operator' v='Loombard Polska sp. z o.o.' />
    <tag k='operator:ref:rdl_knf' v='RDL000147' />
    <tag k='shop' v='pawnbroker' />
    <tag k='source:shop' v='Rejestr działalności lombardowej KNF' />
  </node>
  <node id='-1001920' visible='true' version='1' lat='51.0868788' lon='17.0114778'>
    <tag k='addr:city' v='Wrocław' />
    <tag k='addr:housenumber' v='3' />
    <tag k='addr:postcode' v='53-319' />
    <tag k='addr:street' v='Hallera' />
    <tag k='brand' v='Loombard' />
    <tag k='brand:wikidata' v='Q113227799' />
    <tag k='name' v='Loombard' />
    <tag k='operator' v='Loombard Polska sp. z o.o.' />
    <tag k='operator:ref:rdl_knf' v='RDL000147' />
    <tag k='shop' v='pawnbroker' />
    <tag k='source:shop' v='Rejestr działalności lombardowej KNF' />
  </node>
  <node id='-1001921' visible='true' version='1' lat='52.4009489' lon='16.9284632'>
    <tag k='add:flat' v='5' />
    <tag k='addr:city' v='Poznań' />
    <tag k='addr:housenumber' v='43' />
    <tag k='addr:postcode' v='61-886' />
    <tag k='addr:street' v='Półwiejska' />
    <tag k='operator' v='Majoka sp. z o.o.' />
    <tag k='operator:ref:rdl_knf' v='RDL000241' />
    <tag k='shop' v='pawnbroker' />
    <tag k='source:shop' v='Rejestr działalności lombardowej KNF' />
  </node>
  <node id='-1001922' visible='true' version='1' lat='53.1066311' lon='18.0462259'>
    <tag k='addr:city' v='Bydgoszcz' />
    <tag k='addr:housenumber' v='1A' />
    <tag k='addr:postcode' v='85-826' />
    <tag k='addr:street' v='Szpitalna`' />
    <tag k='operator' v='Mały-Kredyt.Pl sp. z o.o.' />
    <tag k='operator:ref:rdl_knf' v='RDL000113' />
    <tag k='shop' v='pawnbroker' />
    <tag k='source:shop' v='Rejestr działalności lombardowej KNF' />
  </node>
  <node id='-1001923' visible='true' version='1' lat='51.1239243' lon='17.0312334'>
    <tag k='add:flat' v='3 LU' />
    <tag k='addr:city' v='Wrocław' />
    <tag k='addr:housenumber' v='3 LU' />
    <tag k='addr:postcode' v='50-223' />
    <tag k='addr:street' v='Pl. Staszica' />
    <tag k='operator' v='Marchand sp. z o.o.' />
    <tag k='operator:ref:rdl_knf' v='RDL000255' />
    <tag k='shop' v='pawnbroker' />
    <tag k='source:shop' v='Rejestr działalności lombardowej KNF' />
  </node>
  <node id='-1001924' visible='true' version='1' lat='50.8114748' lon='19.1302283'>
    <tag k='addr:city' v='Częstochowa' />
    <tag k='addr:housenumber' v='25' />
    <tag k='addr:postcode' v='42-202' />
    <tag k='addr:street' v='Garncarska' />
    <tag k='operator' v='Masfix sp. z o.o.' />
    <tag k='operator:ref:rdl_knf' v='RDL000251' />
    <tag k='shop' v='pawnbroker' />
    <tag k='source:shop' v='Rejestr działalności lombardowej KNF' />
  </node>
  <node id='-1001925' visible='true' version='1' lat='50.8707302' lon='15.6936018'>
    <tag k='addr:city' v='Jelenia Góra' />
    <tag k='addr:housenumber' v='2' />
    <tag k='addr:postcode' v='58-560' />
    <tag k='addr:street' v='Wojewódzka' />
    <tag k='operator' v='Max Cash sp. z o.o.' />
    <tag k='operator:ref:rdl_knf' v='RDL000131' />
    <tag k='shop' v='pawnbroker' />
    <tag k='source:shop' v='Rejestr działalności lombardowej KNF' />
  </node>
  <node id='-1001926' visible='true' version='1' lat='52.4083627' lon='16.9383902'>
    <tag k='addr:city' v='Poznań' />
    <tag k='addr:housenumber' v='17' />
    <tag k='addr:postcode' v='61-774' />
    <tag k='addr:street' v='Wielka' />
    <tag k='operator' v='Maxgold sp. z o.o.' />
    <tag k='operator:ref:rdl_knf' v='RDL000103' />
    <tag k='shop' v='pawnbroker' />
    <tag k='source:shop' v='Rejestr działalności lombardowej KNF' />
  </node>
  <node id='-1001927' visible='true' version='1' lat='52.2267149' lon='21.0249759'>
    <tag k='add:flat' v='1' />
    <tag k='addr:city' v='Warszawa' />
    <tag k='addr:housenumber' v='11' />
    <tag k='addr:postcode' v='00-480' />
    <tag k='addr:street' v='Wiejska' />
    <tag k='operator' v='Metal Market Europe sp. z o.o.' />
    <tag k='operator:ref:rdl_knf' v='RDL000142' />
    <tag k='shop' v='pawnbroker' />
    <tag k='source:shop' v='Rejestr działalności lombardowej KNF' />
  </node>
  <node id='-1001928' visible='true' version='1' lat='49.6080797' lon='20.7054271'>
    <tag k='addr:city' v='Nowy Sącz' />
    <tag k='addr:housenumber' v='14' />
    <tag k='addr:postcode' v='33-300' />
    <tag k='addr:street' v='Kolejowa' />
    <tag k='operator' v='Mewa Finanse sp. z o.o.' />
    <tag k='operator:ref:rdl_knf' v='RDL000018' />
    <tag k='shop' v='pawnbroker' />
    <tag k='source:shop' v='Rejestr działalności lombardowej KNF' />
  </node>
  <node id='-1001929' visible='true' version='1' lat='52.3912786' lon='16.8739343'>
    <tag k='addr:city' v='Poznań' />
    <tag k='addr:housenumber' v='11' />
    <tag k='addr:postcode' v='60-143' />
    <tag k='addr:street' v='Podchorążych' />
    <tag k='operator' v='Mf 1 sp. z o.o.' />
    <tag k='operator:ref:rdl_knf' v='RDL000203' />
    <tag k='shop' v='pawnbroker' />
    <tag k='source:shop' v='Rejestr działalności lombardowej KNF' />
  </node>
  <node id='-1001930' visible='true' version='1' lat='52.23688' lon='21.0850082'>
    <tag k='addr:city' v='Warszawa' />
    <tag k='addr:housenumber' v='126' />
    <tag k='addr:postcode' v='04-026' />
    <tag k='addr:street' v='Ostrobramska' />
    <tag k='operator' v='Miastowy Lombard sp. z o.o.' />
    <tag k='operator:ref:rdl_knf' v='RDL000221' />
    <tag k='shop' v='pawnbroker' />
    <tag k='source:shop' v='Rejestr działalności lombardowej KNF' />
  </node>
  <node id='-1001931' visible='true' version='1' lat='50.2562532' lon='19.0168183'>
    <tag k='addr:city' v='Katowice' />
    <tag k='addr:housenumber' v='13' />
    <tag k='addr:postcode' v='40-061' />
    <tag k='addr:street' v='Andrzeja' />
    <tag k='operator' v='Mike sp. z o.o.' />
    <tag k='operator:ref:rdl_knf' v='RDL000215' />
    <tag k='shop' v='pawnbroker' />
    <tag k='source:shop' v='Rejestr działalności lombardowej KNF' />
  </node>
  <node id='-1001932' visible='true' version='1' lat='53.6381747' lon='15.6248306'>
    <tag k='addr:city' v='Łobez' />
    <tag k='addr:housenumber' v='21C' />
    <tag k='addr:postcode' v='73-150' />
    <tag k='addr:street' v='Pocztowa' />
    <tag k='operator' v='Milex Lombard-Komis sp. z o.o.' />
    <tag k='operator:ref:rdl_knf' v='RDL000121' />
    <tag k='shop' v='pawnbroker' />
    <tag k='source:shop' v='Rejestr działalności lombardowej KNF' />
  </node>
  <node id='-1001933' visible='true' version='1' lat='53.7812489' lon='20.4859551'>
    <tag k='addr:city' v='Olsztyn' />
    <tag k='addr:housenumber' v='6B' />
    <tag k='addr:postcode' v='10-518' />
    <tag k='addr:street' v='Mazurska' />
    <tag k='operator' v='Mini-Max sp. z o.o.' />
    <tag k='operator:ref:rdl_knf' v='RDL000004' />
    <tag k='shop' v='pawnbroker' />
    <tag k='source:shop' v='Rejestr działalności lombardowej KNF' />
  </node>
  <node id='-1001934' visible='true' version='1' lat='53.7739751' lon='20.4730578'>
    <tag k='addr:city' v='Olsztyn' />
    <tag k='addr:housenumber' v='10' />
    <tag k='addr:postcode' v='10-081' />
    <tag k='addr:street' v='Al.Warszawska' />
    <tag k='operator' v='Mini-Max sp. z o.o.' />
    <tag k='operator:ref:rdl_knf' v='RDL000004' />
    <tag k='shop' v='pawnbroker' />
    <tag k='source:shop' v='Rejestr działalności lombardowej KNF' />
  </node>
  <node id='-1001935' visible='true' version='1' lat='53.1326634' lon='17.992981'>
    <tag k='add:flat' v='14' />
    <tag k='addr:city' v='Bydgoszcz' />
    <tag k='addr:housenumber' v='1' />
    <tag k='addr:postcode' v='85-060' />
    <tag k='addr:street' v='Jana Iii Sobieskiego' />
    <tag k='operator' v='Mobilny Lombard Radinero sp. z o.o.' />
    <tag k='operator:ref:rdl_knf' v='RDL000140' />
    <tag k='shop' v='pawnbroker' />
    <tag k='source:shop' v='Rejestr działalności lombardowej KNF' />
  </node>
  <node id='-1001936' visible='true' version='1' lat='50.33373' lon='19.22628'>
    <tag k='addr:city' v='Dąbrowa Górnicza' />
    <tag k='addr:housenumber' v='10' />
    <tag k='addr:postcode' v='41-303' />
    <tag k='addr:street' v='Kasprzaka' />
    <tag k='operator' v='Mol-Pol sp. z o.o.' />
    <tag k='operator:ref:rdl_knf' v='RDL000020' />
    <tag k='shop' v='pawnbroker' />
    <tag k='source:shop' v='Rejestr działalności lombardowej KNF' />
  </node>
  <node id='-1001937' visible='true' version='1' lat='50.8697102' lon='20.6220252'>
    <tag k='add:flat' v='10' />
    <tag k='addr:city' v='Kielce' />
    <tag k='addr:housenumber' v='7' />
    <tag k='addr:postcode' v='25-017' />
    <tag k='addr:street' v='Paderewskiego' />
    <tag k='operator' v='Multifinans sp. z o.o.' />
    <tag k='operator:ref:rdl_knf' v='RDL000033' />
    <tag k='shop' v='pawnbroker' />
    <tag k='source:shop' v='Rejestr działalności lombardowej KNF' />
  </node>
  <node id='-1001938' visible='true' version='1' lat='50.872837' lon='20.6233226'>
    <tag k='addr:city' v='Kielce' />
    <tag k='addr:housenumber' v='60A' />
    <tag k='addr:postcode' v='25-502' />
    <tag k='addr:street' v='Sienkiewicza' />
    <tag k='operator' v='Nalia sp. z o.o.' />
    <tag k='operator:ref:rdl_knf' v='RDL000177' />
    <tag k='shop' v='pawnbroker' />
    <tag k='source:shop' v='Rejestr działalności lombardowej KNF' />
  </node>
  <node id='-1001939' visible='true' version='1' lat='54.5436445' lon='18.4616739'>
    <tag k='addr:city' v='Gdynia' />
    <tag k='addr:housenumber' v='12' />
    <tag k='addr:postcode' v='81-002' />
    <tag k='addr:street' v='Kartuska' />
    <tag k='operator' v='Neon Tv sp. z o.o.' />
    <tag k='operator:ref:rdl_knf' v='RDL000075' />
    <tag k='shop' v='pawnbroker' />
    <tag k='source:shop' v='Rejestr działalności lombardowej KNF' />
  </node>
  <node id='-1001940' visible='true' version='1' lat='50.8100196' lon='19.1185168'>
    <tag k='addr:city' v='Częstochowa' />
    <tag k='addr:housenumber' v='13' />
    <tag k='addr:postcode' v='42-200' />
    <tag k='addr:street' v='Aleja Wolności' />
    <tag k='operator' v='Ng Partners sp. z o.o.' />
    <tag k='operator:ref:rdl_knf' v='RDL000205' />
    <tag k='shop' v='pawnbroker' />
    <tag k='source:shop' v='Rejestr działalności lombardowej KNF' />
  </node>
  <node id='-1001941' visible='true' version='1' lat='50.8735989' lon='20.6197173'>
    <tag k='addr:city' v='Kielce' />
    <tag k='addr:housenumber' v='79' />
    <tag k='addr:postcode' v='25-002' />
    <tag k='addr:street' v='Sienkiewicza' />
    <tag k='operator' v='Ng Partners sp. z o.o.' />
    <tag k='operator:ref:rdl_knf' v='RDL000205' />
    <tag k='shop' v='pawnbroker' />
    <tag k='source:shop' v='Rejestr działalności lombardowej KNF' />
  </node>
  <node id='-1001942' visible='true' version='1' lat='51.4090634' lon='19.6907622'>
    <tag k='addr:city' v='Piotrków Trybunalski' />
    <tag k='addr:housenumber' v='9' />
    <tag k='addr:postcode' v='97-300' />
    <tag k='addr:street' v='Słowackiego' />
    <tag k='operator' v='Ng Partners sp. z o.o.' />
    <tag k='operator:ref:rdl_knf' v='RDL000205' />
    <tag k='shop' v='pawnbroker' />
    <tag k='source:shop' v='Rejestr działalności lombardowej KNF' />
  </node>
  <node id='-1001943' visible='true' version='1' lat='52.2435792' lon='19.625798'>
    <tag k='addr:city' v='Żychlin' />
    <tag k='addr:housenumber' v='6' />
    <tag k='addr:postcode' v='99-320' />
    <tag k='addr:street' v='Narutowicza' />
    <tag k='operator' v='Noordd Lombard Mobilny sp. z o.o.' />
    <tag k='operator:ref:rdl_knf' v='RDL000043' />
    <tag k='shop' v='pawnbroker' />
    <tag k='source:shop' v='Rejestr działalności lombardowej KNF' />
  </node>
  <node id='-1001944' visible='true' version='1' lat='50.2773656' lon='19.1291203'>
    <tag k='addr:city' v='Sosnowiec' />
    <tag k='addr:housenumber' v='11' />
    <tag k='addr:postcode' v='41-200' />
    <tag k='addr:street' v='Targowa' />
    <tag k='operator' v='Oskaro sp. z o.o.' />
    <tag k='operator:ref:rdl_knf' v='RDL000217' />
    <tag k='shop' v='pawnbroker' />
    <tag k='source:shop' v='Rejestr działalności lombardowej KNF' />
  </node>
  <node id='-1001945' visible='true' version='1' lat='52.7348368' lon='15.2335569'>
    <tag k='addr:city' v='Gorzów Wielkopolski' />
    <tag k='addr:housenumber' v='23' />
    <tag k='addr:postcode' v='66-400' />
    <tag k='addr:street' v='30 Stycznia' />
    <tag k='operator' v='Ostoja sp. z o.o.' />
    <tag k='operator:ref:rdl_knf' v='RDL000162' />
    <tag k='shop' v='pawnbroker' />
    <tag k='source:shop' v='Rejestr działalności lombardowej KNF' />
  </node>
  <node id='-1001946' visible='true' version='1' lat='52.8775996' lon='15.5294921'>
    <tag k='addr:city' v='Strzelce Krajeńskie' />
    <tag k='addr:housenumber' v='1' />
    <tag k='addr:postcode' v='66-500' />
    <tag k='addr:street' v='Okrężna' />
    <tag k='operator' v='Ostoja sp. z o.o.' />
    <tag k='operator:ref:rdl_knf' v='RDL000162' />
    <tag k='shop' v='pawnbroker' />
    <tag k='source:shop' v='Rejestr działalności lombardowej KNF' />
  </node>
  <node id='-1001947' visible='true' version='1' lat='51.8154639' lon='19.3187957'>
    <tag k='addr:city' v='Aleksandrów Łódzki' />
    <tag k='addr:housenumber' v='3' />
    <tag k='addr:postcode' v='95-070' />
    <tag k='addr:street' v='Bratoszewskiego' />
    <tag k='operator' v='Paio sp. z o.o.' />
    <tag k='operator:ref:rdl_knf' v='RDL000082' />
    <tag k='shop' v='pawnbroker' />
    <tag k='source:shop' v='Rejestr działalności lombardowej KNF' />
  </node>
  <node id='-1001948' visible='true' version='1' lat='53.1308616' lon='17.9957049'>
    <tag k='add:flat' v='7' />
    <tag k='addr:city' v='Bydgoszcz' />
    <tag k='addr:housenumber' v='37' />
    <tag k='addr:postcode' v='85-010' />
    <tag k='addr:street' v='Dworcowa' />
    <tag k='operator' v='Pawnlombard Pm sp. z o.o.' />
    <tag k='operator:ref:rdl_knf' v='RDL000067' />
    <tag k='shop' v='pawnbroker' />
    <tag k='source:shop' v='Rejestr działalności lombardowej KNF' />
  </node>
  <node id='-1001949' visible='true' version='1' lat='53.1151159' lon='17.9978188'>
    <tag k='addr:city' v='Bydgoszcz' />
    <tag k='addr:housenumber' v='50' />
    <tag k='addr:postcode' v='85-132' />
    <tag k='addr:street' v='Ugory 50' />
    <tag k='name' v='Pawn Lombard' />
    <tag k='operator' v='Pawnlombard sp. z o.o.' />
    <tag k='operator:ref:rdl_knf' v='RDL000068' />
    <tag k='shop' v='pawnbroker' />
    <tag k='source:shop' v='Rejestr działalności lombardowej KNF' />
  </node>
  <node id='-1001950' visible='true' version='1' lat='53.1124445' lon='17.9991194'>
    <tag k='add:flat' v='3' />
    <tag k='addr:city' v='Bydgoszcz' />
    <tag k='addr:housenumber' v='65' />
    <tag k='addr:postcode' v='85-124' />
    <tag k='addr:street' v='Marii Konopnickiej' />
    <tag k='operator' v='Pawns sp. z o.o.' />
    <tag k='operator:ref:rdl_knf' v='RDL000062' />
    <tag k='shop' v='pawnbroker' />
    <tag k='source:shop' v='Rejestr działalności lombardowej KNF' />
  </node>
  <node id='-1001951' visible='true' version='1' lat='53.129535' lon='18.0032823'>
    <tag k='addr:city' v='Bydgoszcz' />
    <tag k='addr:housenumber' v='20' />
    <tag k='addr:postcode' v='85-011' />
    <tag k='addr:street' v='Śniadeckich' />
    <tag k='operator' v='Pawns sp. z o.o.' />
    <tag k='operator:ref:rdl_knf' v='RDL000062' />
    <tag k='shop' v='pawnbroker' />
    <tag k='source:shop' v='Rejestr działalności lombardowej KNF' />
  </node>
  <node id='-1001952' visible='true' version='1' lat='50.30375' lon='18.7842339'>
    <tag k='add:flat' v='2' />
    <tag k='addr:city' v='Zabrze' />
    <tag k='addr:housenumber' v='2' />
    <tag k='addr:postcode' v='41-800' />
    <tag k='addr:street' v='Szczęść Boże' />
    <tag k='operator' v='P-Dud 1999r. sp. z o.o.' />
    <tag k='operator:ref:rdl_knf' v='RDL000012' />
    <tag k='shop' v='pawnbroker' />
    <tag k='source:shop' v='Rejestr działalności lombardowej KNF' />
  </node>
  <node id='-1001953' visible='true' version='1' lat='52.2327829' lon='19.359581'>
    <tag k='addr:city' v='Kutno' />
    <tag k='addr:housenumber' v='37' />
    <tag k='addr:postcode' v='99-300' />
    <tag k='addr:street' v='Barlickiego' />
    <tag k='operator' v='Petel sp. z o.o.' />
    <tag k='operator:ref:rdl_knf' v='RDL000117' />
    <tag k='shop' v='pawnbroker' />
    <tag k='source:shop' v='Rejestr działalności lombardowej KNF' />
  </node>
  <node id='-1001954' visible='true' version='1' lat='51.7311718' lon='19.4739572'>
    <tag k='addr:city' v='Łódź' />
    <tag k='addr:housenumber' v='75' />
    <tag k='addr:postcode' v='93-024' />
    <tag k='addr:street' v='Rzgowska' />
    <tag k='operator' v='Petel sp. z o.o.' />
    <tag k='operator:ref:rdl_knf' v='RDL000117' />
    <tag k='shop' v='pawnbroker' />
    <tag k='source:shop' v='Rejestr działalności lombardowej KNF' />
  </node>
  <node id='-1001955' visible='true' version='1' lat='52.5464661' lon='19.6913186'>
    <tag k='addr:city' v='Płock' />
    <tag k='addr:housenumber' v='12' />
    <tag k='addr:postcode' v='09-400' />
    <tag k='addr:street' v='Królewiecka' />
    <tag k='operator' v='Petel sp. z o.o.' />
    <tag k='operator:ref:rdl_knf' v='RDL000117' />
    <tag k='shop' v='pawnbroker' />
    <tag k='source:shop' v='Rejestr działalności lombardowej KNF' />
  </node>
  <node id='-1001956' visible='true' version='1' lat='52.2440819' lon='16.8505563'>
    <tag k='add:flat' v='13' />
    <tag k='addr:city' v='Mosina' />
    <tag k='addr:housenumber' v='3' />
    <tag k='addr:postcode' v='62-050' />
    <tag k='addr:street' v='Niezłomnych' />
    <tag k='operator' v='P.H.U. Calypso sp. z o.o.' />
    <tag k='operator:ref:rdl_knf' v='RDL000081' />
    <tag k='shop' v='pawnbroker' />
    <tag k='source:shop' v='Rejestr działalności lombardowej KNF' />
  </node>
  <node id='-1001957' visible='true' version='1' lat='52.2440147' lon='16.8502869'>
    <tag k='add:flat' v='13' />
    <tag k='addr:city' v='Mosina' />
    <tag k='addr:housenumber' v='3' />
    <tag k='addr:postcode' v='62-050' />
    <tag k='addr:street' v='Niezłomnych' />
    <tag k='operator' v='P.H.U. Novo sp. z o.o.' />
    <tag k='operator:ref:rdl_knf' v='RDL000079' />
    <tag k='shop' v='pawnbroker' />
    <tag k='source:shop' v='Rejestr działalności lombardowej KNF' />
  </node>
  <node id='-1001958' action='modify' visible='true' version='1' lat='54.3599305' lon='18.6452709'>
    <tag k='addr:city' v='Gdańsk' />
    <tag k='addr:housenumber' v='6' />
    <tag k='addr:postcode' v='80-852' />
    <tag k='addr:street' v='Dyrekcyjna' />
    <tag k='name' v='Lobard Aut' />
    <tag k='operator' v='Piekar sp. z o.o.' />
    <tag k='operator:ref:rdl_knf' v='RDL000173' />
    <tag k='shop' v='pawnbroker' />
    <tag k='source:shop' v='Rejestr działalności lombardowej KNF' />
    <tag k='website' v='https://www.lombardaut.pl/' />
  </node>
  <node id='-1001959' visible='true' version='1' lat='50.0904935' lon='19.9162146'>
    <tag k='addr:city' v='Kraków' />
    <tag k='addr:housenumber' v='12A' />
    <tag k='addr:postcode' v='31-323' />
    <tag k='addr:street' v='Opolska' />
    <tag k='operator' v='Piekar sp. z o.o.' />
    <tag k='operator:ref:rdl_knf' v='RDL000173' />
    <tag k='shop' v='pawnbroker' />
    <tag k='source:shop' v='Rejestr działalności lombardowej KNF' />
  </node>
  <node id='-1001960' visible='true' version='1' lat='52.1858172' lon='20.9588334'>
    <tag k='add:flat' v='3B' />
    <tag k='addr:city' v='Warszawa' />
    <tag k='addr:housenumber' v='27' />
    <tag k='addr:postcode' v='02-175' />
    <tag k='addr:street' v='Pilchowicka' />
    <tag k='operator' v='Piekar sp. z o.o.' />
    <tag k='operator:ref:rdl_knf' v='RDL000173' />
    <tag k='shop' v='pawnbroker' />
    <tag k='source:shop' v='Rejestr działalności lombardowej KNF' />
  </node>
  <node id='-1001961' visible='true' version='1' lat='51.0763657' lon='17.0478193'>
    <tag k='addr:city' v='Wrocław' />
    <tag k='addr:housenumber' v='77' />
    <tag k='addr:postcode' v='50-559' />
    <tag k='addr:street' v='Świeradowska' />
    <tag k='operator' v='Piekar sp. z o.o.' />
    <tag k='operator:ref:rdl_knf' v='RDL000173' />
    <tag k='shop' v='pawnbroker' />
    <tag k='source:shop' v='Rejestr działalności lombardowej KNF' />
  </node>
  <node id='-1001962' visible='true' version='1' lat='54.0346341' lon='19.0753058'>
    <tag k='addr:city' v='Malbork' />
    <tag k='addr:housenumber' v='91' />
    <tag k='addr:postcode' v='82-200' />
    <tag k='addr:street' v='Aleja Wojska Polskiego' />
    <tag k='operator' v='Postea sp. z o.o.' />
    <tag k='operator:ref:rdl_knf' v='RDL000107' />
    <tag k='shop' v='pawnbroker' />
    <tag k='source:shop' v='Rejestr działalności lombardowej KNF' />
  </node>
  <node id='-1001963' visible='true' version='1' lat='50.1685126' lon='18.9055502'>
    <tag k='addr:city' v='Mikołów' />
    <tag k='addr:housenumber' v='26' />
    <tag k='addr:postcode' v='43-190' />
    <tag k='addr:street' v='Świętego Wojciecha' />
    <tag k='operator' v='Pośrednictwo Finansowe Joker sp. z o.o.' />
    <tag k='operator:ref:rdl_knf' v='RDL000143' />
    <tag k='shop' v='pawnbroker' />
    <tag k='source:shop' v='Rejestr działalności lombardowej KNF' />
  </node>
  <node id='-1001964' visible='true' version='1' lat='50.1112061' lon='19.0017108'>
    <tag k='addr:city' v='Tychy' />
    <tag k='addr:housenumber' v='188' />
    <tag k='addr:postcode' v='43-100' />
    <tag k='addr:street' v='Niepodległości' />
    <tag k='operator' v='Pośrednictwo Finansowe Joker sp. z o.o.' />
    <tag k='operator:ref:rdl_knf' v='RDL000143' />
    <tag k='shop' v='pawnbroker' />
    <tag k='source:shop' v='Rejestr działalności lombardowej KNF' />
  </node>
  <node id='-1001965' visible='true' version='1' lat='50.084086' lon='19.9361387'>
    <tag k='addr:city' v='Kraków' />
    <tag k='addr:housenumber' v='4' />
    <tag k='addr:postcode' v='31-201' />
    <tag k='addr:street' v='Bratysławska' />
    <tag k='operator' v='Profin Group sp. z o.o.' />
    <tag k='operator:ref:rdl_knf' v='RDL000213' />
    <tag k='shop' v='pawnbroker' />
    <tag k='source:shop' v='Rejestr działalności lombardowej KNF' />
  </node>
  <node id='-1001966' visible='true' version='1' lat='52.2319054' lon='21.0135471'>
    <tag k='add:flat' v='31' />
    <tag k='addr:city' v='Warszawa' />
    <tag k='addr:housenumber' v='27' />
    <tag k='addr:postcode' v='00-022' />
    <tag k='addr:street' v='Chmielna' />
    <tag k='operator' v='Profit Centrum sp. z o.o.' />
    <tag k='operator:ref:rdl_knf' v='RDL000063' />
    <tag k='shop' v='pawnbroker' />
    <tag k='source:shop' v='Rejestr działalności lombardowej KNF' />
  </node>
  <node id='-1001967' visible='true' version='1' lat='52.2505254' lon='21.0412952'>
    <tag k='addr:city' v='Warszawa' />
    <tag k='addr:housenumber' v='36' />
    <tag k='addr:postcode' v='03-733' />
    <tag k='addr:street' v='Targowa' />
    <tag k='operator' v='Profit Praga sp. z o.o.' />
    <tag k='operator:ref:rdl_knf' v='RDL000058' />
    <tag k='shop' v='pawnbroker' />
    <tag k='source:shop' v='Rejestr działalności lombardowej KNF' />
  </node>
  <node id='-1001968' visible='true' version='1' lat='50.437523' lon='16.657022'>
    <tag k='addr:city' v='Kłodzko' />
    <tag k='addr:housenumber' v='5' />
    <tag k='addr:postcode' v='57-300' />
    <tag k='addr:street' v='Grottgera' />
    <tag k='operator' v='Program Plus sp. z o.o.' />
    <tag k='operator:ref:rdl_knf' v='RDL000148' />
    <tag k='shop' v='pawnbroker' />
    <tag k='source:shop' v='Rejestr działalności lombardowej KNF' />
  </node>
  <node id='-1001969' visible='true' version='1' lat='51.056418' lon='16.1859854'>
    <tag k='addr:city' v='Jawor' />
    <tag k='addr:housenumber' v='9' />
    <tag k='addr:postcode' v='59-400' />
    <tag k='addr:street' v='Starojaworska' />
    <tag k='operator' v='Przedsiębiorstwo Wielobranżowe sp. z o.o.' />
    <tag k='operator:ref:rdl_knf' v='RDL000198' />
    <tag k='shop' v='pawnbroker' />
    <tag k='source:shop' v='Rejestr działalności lombardowej KNF' />
  </node>
  <node id='-1001970' visible='true' version='1' lat='51.7361415' lon='19.4690347'>
    <tag k='addr:city' v='Łódż' />
    <tag k='addr:housenumber' v='33 B' />
    <tag k='addr:postcode' v='93-008' />
    <tag k='addr:street' v='Rzgowska' />
    <tag k='operator' v='Robert&amp;#39;S sp. z o.o.' />
    <tag k='operator:ref:rdl_knf' v='RDL000083' />
    <tag k='shop' v='pawnbroker' />
    <tag k='source:shop' v='Rejestr działalności lombardowej KNF' />
  </node>
  <node id='-1001971' visible='true' version='1' lat='50.344361' lon='18.9164185'>
    <tag k='add:flat' v='4' />
    <tag k='addr:city' v='Bytom' />
    <tag k='addr:housenumber' v='34' />
    <tag k='addr:postcode' v='41-902' />
    <tag k='addr:street' v='Dworcowa' />
    <tag k='name' v='Lombardoro' />
    <tag k='operator' v='Skab sp. z o.o.' />
    <tag k='operator:ref:rdl_knf' v='RDL000223' />
    <tag k='shop' v='pawnbroker' />
    <tag k='source:shop' v='Rejestr działalności lombardowej KNF' />
  </node>
  <node id='-1001972' visible='true' version='1' lat='50.3486394' lon='18.9156657'>
    <tag k='add:flat' v='17' />
    <tag k='addr:city' v='Bytom' />
    <tag k='addr:housenumber' v='18' />
    <tag k='addr:postcode' v='41-902' />
    <tag k='addr:street' v='Powstańców Warszawskich' />
    <tag k='name' v='Lombardoro' />
    <tag k='operator' v='Skab sp. z o.o.' />
    <tag k='operator:ref:rdl_knf' v='RDL000223' />
    <tag k='shop' v='pawnbroker' />
    <tag k='source:shop' v='Rejestr działalności lombardowej KNF' />
  </node>
  <node id='-1001973' visible='true' version='1' lat='50.3466408' lon='18.9218085'>
    <tag k='add:flat' v='18' />
    <tag k='addr:city' v='Bytom' />
    <tag k='addr:housenumber' v='2' />
    <tag k='addr:postcode' v='41-902' />
    <tag k='addr:street' v='Piastów Bytomskich' />
    <tag k='name' v='Lombardoro' />
    <tag k='operator' v='Skab sp. z o.o.' />
    <tag k='operator:ref:rdl_knf' v='RDL000223' />
    <tag k='shop' v='pawnbroker' />
    <tag k='source:shop' v='Rejestr działalności lombardowej KNF' />
  </node>
  <node id='-1001974' visible='true' version='1' lat='49.697169' lon='22.0205491'>
    <tag k='add:flat' v='3' />
    <tag k='addr:city' v='Brzozów' />
    <tag k='addr:housenumber' v='2' />
    <tag k='addr:postcode' v='36-200' />
    <tag k='addr:street' v='Schodowa' />
    <tag k='operator' v='Sknerus sp. z o.o.' />
    <tag k='operator:ref:rdl_knf' v='RDL000236' />
    <tag k='shop' v='pawnbroker' />
    <tag k='source:shop' v='Rejestr działalności lombardowej KNF' />
  </node>
  <node id='-1001975' visible='true' version='1' lat='52.7329423' lon='15.2362288'>
    <tag k='add:flat' v='9' />
    <tag k='addr:city' v='Gorzów Wielkopolski' />
    <tag k='addr:housenumber' v='34' />
    <tag k='addr:postcode' v='66-400' />
    <tag k='addr:street' v='Bolesława Chrobrego' />
    <tag k='operator' v='Słońce sp. z o.o.' />
    <tag k='operator:ref:rdl_knf' v='RDL000030' />
    <tag k='shop' v='pawnbroker' />
    <tag k='source:shop' v='Rejestr działalności lombardowej KNF' />
  </node>
  <node id='-1001976' visible='true' version='1' lat='51.9721907' lon='17.4998123'>
    <tag k='addr:city' v='Jarocin' />
    <tag k='addr:housenumber' v='4' />
    <tag k='addr:postcode' v='63-200' />
    <tag k='addr:street' v='Kilińskiego' />
    <tag k='operator' v='Smoktec sp. z o.o.' />
    <tag k='operator:ref:rdl_knf' v='RDL000244' />
    <tag k='shop' v='pawnbroker' />
    <tag k='source:shop' v='Rejestr działalności lombardowej KNF' />
  </node>
  <node id='-1001977' visible='true' version='1' lat='51.6992052' lon='17.4386582'>
    <tag k='addr:city' v='Krotoszyn' />
    <tag k='addr:housenumber' v='42' />
    <tag k='addr:postcode' v='63-700' />
    <tag k='addr:street' v='Koźmińska' />
    <tag k='operator' v='Smoktec sp. z o.o.' />
    <tag k='operator:ref:rdl_knf' v='RDL000244' />
    <tag k='shop' v='pawnbroker' />
    <tag k='source:shop' v='Rejestr działalności lombardowej KNF' />
  </node>
  <node id='-1001978' visible='true' version='1' lat='54.2019416' lon='16.1904517'>
    <tag k='addr:city' v='Koszalin' />
    <tag k='addr:housenumber' v='36a' />
    <tag k='addr:postcode' v='75-446' />
    <tag k='addr:street' v='Wańkowicza' />
    <tag k='operator' v='Smvb sp. z o.o.' />
    <tag k='operator:ref:rdl_knf' v='RDL000242' />
    <tag k='shop' v='pawnbroker' />
    <tag k='source:shop' v='Rejestr działalności lombardowej KNF' />
  </node>
  <node id='-1001979' visible='true' version='1' lat='53.5908362' lon='19.5653231'>
    <tag k='addr:city' v='Iława' />
    <tag k='addr:housenumber' v='29' />
    <tag k='addr:postcode' v='14-200' />
    <tag k='addr:street' v='Jana Iii Sobieskiego' />
    <tag k='operator' v='Speed Money sp. z o.o.' />
    <tag k='operator:ref:rdl_knf' v='RDL000115' />
    <tag k='shop' v='pawnbroker' />
    <tag k='source:shop' v='Rejestr działalności lombardowej KNF' />
  </node>
  <node id='-1001980' visible='true' version='1' lat='51.7589903' lon='18.073688'>
    <tag k='add:flat' v='4' />
    <tag k='addr:city' v='Kalisz' />
    <tag k='addr:housenumber' v='32' />
    <tag k='addr:postcode' v='62-800' />
    <tag k='addr:street' v='Staszica' />
    <tag k='operator' v='Spoko Lombard 2 sp. z o.o.' />
    <tag k='operator:ref:rdl_knf' v='RDL000001' />
    <tag k='shop' v='pawnbroker' />
    <tag k='source:shop' v='Rejestr działalności lombardowej KNF' />
  </node>
  <node id='-1001981' visible='true' version='1' lat='51.9578112' lon='19.2890772'>
    <tag k='addr:city' v='Ozorków' />
    <tag k='addr:housenumber' v='5' />
    <tag k='addr:postcode' v='95-035' />
    <tag k='addr:street' v='Nowy Rynek' />
    <tag k='operator' v='Spoko Lombard sp. z o.o.' />
    <tag k='operator:ref:rdl_knf' v='RDL000008' />
    <tag k='shop' v='pawnbroker' />
    <tag k='source:shop' v='Rejestr działalności lombardowej KNF' />
  </node>
  <node id='-1001982' visible='true' version='1' lat='51.6641332' lon='19.3524795'>
    <tag k='addr:city' v='Pabianice' />
    <tag k='addr:housenumber' v='18' />
    <tag k='addr:postcode' v='95-200' />
    <tag k='addr:street' v='Zamkowa' />
    <tag k='operator' v='Spoko Lombard sp. z o.o.' />
    <tag k='operator:ref:rdl_knf' v='RDL000008' />
    <tag k='shop' v='pawnbroker' />
    <tag k='source:shop' v='Rejestr działalności lombardowej KNF' />
  </node>
  <node id='-1001983' visible='true' version='1' lat='50.3106776' lon='18.9486625'>
    <tag k='addr:city' v='Chorzów' />
    <tag k='addr:housenumber' v='169' />
    <tag k='addr:postcode' v='41-500' />
    <tag k='addr:street' v='Katowicka' />
    <tag k='operator' v='Sukurs Finanse sp. z o.o.' />
    <tag k='operator:ref:rdl_knf' v='RDL000027' />
    <tag k='shop' v='pawnbroker' />
    <tag k='source:shop' v='Rejestr działalności lombardowej KNF' />
  </node>
  <node id='-1001984' visible='true' version='1' lat='52.9896368' lon='15.2136805'>
    <tag k='addr:city' v='Barlinek' />
    <tag k='addr:housenumber' v='43' />
    <tag k='addr:postcode' v='74-320' />
    <tag k='addr:street' v='Niepodległości' />
    <tag k='operator' v='Tel-System sp. z o.o.' />
    <tag k='operator:ref:rdl_knf' v='RDL000256' />
    <tag k='shop' v='pawnbroker' />
    <tag k='source:shop' v='Rejestr działalności lombardowej KNF' />
  </node>
  <node id='-1001985' visible='true' version='1' lat='51.2379531' lon='22.5230886'>
    <tag k='add:flat' v='1E' />
    <tag k='addr:city' v='Lublin' />
    <tag k='addr:housenumber' v='1A' />
    <tag k='addr:postcode' v='20-632' />
    <tag k='addr:street' v='Jana Sawy' />
    <tag k='operator' v='Tilly sp. z o.o.' />
    <tag k='operator:ref:rdl_knf' v='RDL000180' />
    <tag k='shop' v='pawnbroker' />
    <tag k='source:shop' v='Rejestr działalności lombardowej KNF' />
  </node>
  <node id='-1001986' visible='true' version='1' lat='50.6855035' lon='21.7386572'>
    <tag k='addr:city' v='Sandomierz' />
    <tag k='addr:housenumber' v='2A' />
    <tag k='addr:postcode' v='27-600' />
    <tag k='addr:street' v='Koseły' />
    <tag k='operator' v='Top sp. z o.o.' />
    <tag k='operator:ref:rdl_knf' v='RDL000069' />
    <tag k='shop' v='pawnbroker' />
    <tag k='source:shop' v='Rejestr działalności lombardowej KNF' />
  </node>
  <node id='-1001987' visible='true' version='1' lat='50.038013' lon='19.9413603'>
    <tag k='addr:city' v='Kraków' />
    <tag k='addr:housenumber' v='75' />
    <tag k='addr:postcode' v='30-504' />
    <tag k='addr:street' v='Kalwaryjska' />
    <tag k='operator' v='Twój Lombard-Lombartek sp. z o.o.' />
    <tag k='operator:ref:rdl_knf' v='RDL000126' />
    <tag k='shop' v='pawnbroker' />
    <tag k='source:shop' v='Rejestr działalności lombardowej KNF' />
  </node>
  <node id='-1001988' visible='true' version='1' lat='50.0085961' lon='19.948646'>
    <tag k='addr:city' v='Kraków' />
    <tag k='addr:housenumber' v='1' />
    <tag k='addr:postcode' v='30-611' />
    <tag k='addr:street' v='Wysłouchów' />
    <tag k='operator' v='Twój Lombard-Lombartek sp. z o.o.' />
    <tag k='operator:ref:rdl_knf' v='RDL000126' />
    <tag k='shop' v='pawnbroker' />
    <tag k='source:shop' v='Rejestr działalności lombardowej KNF' />
  </node>
  <node id='-1001989' visible='true' version='1' lat='50.0538982' lon='19.9483046'>
    <tag k='addr:city' v='Kraków' />
    <tag k='addr:housenumber' v='50' />
    <tag k='addr:postcode' v='31-035' />
    <tag k='addr:street' v='Starowiślna' />
    <tag k='operator' v='Twój Lombard-Lombartek sp. z o.o.' />
    <tag k='operator:ref:rdl_knf' v='RDL000126' />
    <tag k='shop' v='pawnbroker' />
    <tag k='source:shop' v='Rejestr działalności lombardowej KNF' />
  </node>
  <node id='-1001990' visible='true' version='1' lat='52.8124332' lon='17.2037277'>
    <tag k='addr:city' v='Wągrowiec' />
    <tag k='addr:housenumber' v='2d' />
    <tag k='addr:postcode' v='62-100' />
    <tag k='addr:street' v='Jeżyka' />
    <tag k='operator' v='Ventus sp. z o.o.' />
    <tag k='operator:ref:rdl_knf' v='RDL000219' />
    <tag k='shop' v='pawnbroker' />
    <tag k='source:shop' v='Rejestr działalności lombardowej KNF' />
  </node>
  <node id='-1001991' visible='true' version='1' lat='50.0927185' lon='19.8957074'>
    <tag k='addr:city' v='Kraków' />
    <tag k='addr:housenumber' v='61' />
    <tag k='addr:postcode' v='31-346' />
    <tag k='addr:street' v='Stawowa' />
    <tag k='name' v='Lombard4u' />
    <tag k='operator' v='Watches sp. z o.o.' />
    <tag k='operator:ref:rdl_knf' v='RDL000011' />
    <tag k='shop' v='pawnbroker' />
    <tag k='source:shop' v='Rejestr działalności lombardowej KNF' />
  </node>
  <node id='-1001992' visible='true' version='1' lat='50.0771915' lon='20.0164164'>
    <tag k='addr:city' v='Kraków' />
    <tag k='addr:housenumber' v='2' />
    <tag k='addr:postcode' v='31-870' />
    <tag k='addr:street' v='Medweckiego' />
    <tag k='name' v='Lombard4u' />
    <tag k='operator' v='Watches sp. z o.o.' />
    <tag k='operator:ref:rdl_knf' v='RDL000011' />
    <tag k='shop' v='pawnbroker' />
    <tag k='source:shop' v='Rejestr działalności lombardowej KNF' />
  </node>
  <node id='-1001993' visible='true' version='1' lat='50.0138676' lon='19.9952024'>
    <tag k='addr:city' v='Kraków' />
    <tag k='addr:housenumber' v='259' />
    <tag k='addr:postcode' v='30-663' />
    <tag k='addr:street' v='Wielicka' />
    <tag k='name' v='Lombard4u' />
    <tag k='operator' v='Watches sp. z o.o.' />
    <tag k='operator:ref:rdl_knf' v='RDL000011' />
    <tag k='shop' v='pawnbroker' />
    <tag k='source:shop' v='Rejestr działalności lombardowej KNF' />
  </node>
  <node id='-1001994' visible='true' version='1' lat='50.0160369' lon='19.9332805'>
    <tag k='addr:city' v='Kraków' />
    <tag k='addr:housenumber' v='62' />
    <tag k='addr:postcode' v='30-418' />
    <tag k='addr:street' v='Zakopiańska' />
    <tag k='name' v='Lombard4u' />
    <tag k='operator' v='Watches sp. z o.o.' />
    <tag k='operator:ref:rdl_knf' v='RDL000011' />
    <tag k='shop' v='pawnbroker' />
    <tag k='source:shop' v='Rejestr działalności lombardowej KNF' />
  </node>
  <node id='-1001995' visible='true' version='1' lat='50.0438759' lon='19.9474435'>
    <tag k='addr:city' v='Kraków' />
    <tag k='addr:housenumber' v='7' />
    <tag k='addr:postcode' v='30-509' />
    <tag k='addr:street' v='Kalwaryjska' />
    <tag k='name' v='Lombard4u' />
    <tag k='operator' v='Watches sp. z o.o.' />
    <tag k='operator:ref:rdl_knf' v='RDL000011' />
    <tag k='shop' v='pawnbroker' />
    <tag k='source:shop' v='Rejestr działalności lombardowej KNF' />
  </node>
  <node id='-1001996' visible='true' version='1' lat='50.0679368' lon='19.9488724'>
    <tag k='addr:city' v='Kraków' />
    <tag k='addr:housenumber' v='5A' />
    <tag k='addr:postcode' v='31-154' />
    <tag k='addr:street' v='Pawia' />
    <tag k='name' v='Lombard4u' />
    <tag k='operator' v='Watches sp. z o.o.' />
    <tag k='operator:ref:rdl_knf' v='RDL000011' />
    <tag k='shop' v='pawnbroker' />
    <tag k='source:shop' v='Rejestr działalności lombardowej KNF' />
  </node>
  <node id='-1001997' visible='true' version='1' lat='50.0638241' lon='19.9998564'>
    <tag k='addr:city' v='Kraków' />
    <tag k='addr:housenumber' v='67' />
    <tag k='addr:postcode' v='31-580' />
    <tag k='addr:street' v='Al. Pokoju' />
    <tag k='name' v='Lombard4u' />
    <tag k='operator' v='Watches sp. z o.o.' />
    <tag k='operator:ref:rdl_knf' v='RDL000011' />
    <tag k='shop' v='pawnbroker' />
    <tag k='source:shop' v='Rejestr działalności lombardowej KNF' />
  </node>
  <node id='-1001998' visible='true' version='1' lat='50.084086' lon='19.9361387'>
    <tag k='addr:city' v='Kraków' />
    <tag k='addr:housenumber' v='4' />
    <tag k='addr:postcode' v='31-201' />
    <tag k='addr:street' v='Bratysławska' />
    <tag k='name' v='Lombard4u' />
    <tag k='operator' v='Watches sp. z o.o.' />
    <tag k='operator:ref:rdl_knf' v='RDL000011' />
    <tag k='shop' v='pawnbroker' />
    <tag k='source:shop' v='Rejestr działalności lombardowej KNF' />
  </node>
  <node id='-1001999' visible='true' version='1' lat='50.6844705' lon='16.6122108'>
    <tag k='addr:city' v='Bielawa' />
    <tag k='addr:housenumber' v='3' />
    <tag k='addr:postcode' v='58-260' />
    <tag k='addr:street' v='Plac Wolności' />
    <tag k='operator' v='Węgliński Invest sp. z o.o.' />
    <tag k='operator:ref:rdl_knf' v='RDL000181' />
    <tag k='shop' v='pawnbroker' />
    <tag k='source:shop' v='Rejestr działalności lombardowej KNF' />
  </node>
  <node id='-1002000' visible='true' version='1' lat='50.7299664' lon='16.6516433'>
    <tag k='addr:city' v='Dzierżoniów' />
    <tag k='addr:housenumber' v='14' />
    <tag k='addr:postcode' v='58-200' />
    <tag k='addr:street' v='Klasztorna' />
    <tag k='operator' v='Węgliński Invest sp. z o.o.' />
    <tag k='operator:ref:rdl_knf' v='RDL000181' />
    <tag k='shop' v='pawnbroker' />
    <tag k='source:shop' v='Rejestr działalności lombardowej KNF' />
  </node>
  <node id='-1002001' visible='true' version='1' lat='50.8429611' lon='16.4880191'>
    <tag k='addr:city' v='Świdnica' />
    <tag k='addr:housenumber' v='10' />
    <tag k='addr:postcode' v='58-100' />
    <tag k='addr:street' v='Rynek' />
    <tag k='operator' v='Węgliński Invest sp. z o.o.' />
    <tag k='operator:ref:rdl_knf' v='RDL000181' />
    <tag k='shop' v='pawnbroker' />
    <tag k='source:shop' v='Rejestr działalności lombardowej KNF' />
  </node>
  <node id='-1002002' visible='true' version='1' lat='51.1192645' lon='15.2896673'>
    <tag k='addr:city' v='Lubań' />
    <tag k='addr:housenumber' v='15' />
    <tag k='addr:postcode' v='59-800' />
    <tag k='addr:street' v='Bracka' />
    <tag k='operator' v='Wgre Korona  sp. z o.o.' />
    <tag k='operator:ref:rdl_knf' v='RDL000174' />
    <tag k='shop' v='pawnbroker' />
    <tag k='source:shop' v='Rejestr działalności lombardowej KNF' />
  </node>
  <node id='-1002003' visible='true' version='1' lat='51.1192645' lon='15.2896673'>
    <tag k='addr:city' v='Lubań' />
    <tag k='addr:housenumber' v='15' />
    <tag k='addr:postcode' v='59-800' />
    <tag k='addr:street' v='Bracka' />
    <tag k='operator' v='Wgre sp. z o.o.' />
    <tag k='operator:ref:rdl_knf' v='RDL000235' />
    <tag k='shop' v='pawnbroker' />
    <tag k='source:shop' v='Rejestr działalności lombardowej KNF' />
  </node>
  <node id='-1002004' visible='true' version='1' lat='51.5321155' lon='20.0063618'>
    <tag k='addr:city' v='Tomaszów Mazowiecki' />
    <tag k='addr:housenumber' v='5A' />
    <tag k='addr:postcode' v='97-200' />
    <tag k='addr:street' v='Tkacka' />
    <tag k='operator' v='Wjola sp. z o.o.' />
    <tag k='operator:ref:rdl_knf' v='RDL000074' />
    <tag k='shop' v='pawnbroker' />
    <tag k='source:shop' v='Rejestr działalności lombardowej KNF' />
  </node>
  <node id='-1002005' visible='true' version='1' lat='54.3498726' lon='18.6276473'>
    <tag k='addr:city' v='Gdańsk' />
    <tag k='addr:housenumber' v='45' />
    <tag k='addr:postcode' v='80-141' />
    <tag k='addr:street' v='Kartuska' />
    <tag k='operator' v='Wojkal Lombard sp. z o.o.' />
    <tag k='operator:ref:rdl_knf' v='RDL000209' />
    <tag k='shop' v='pawnbroker' />
    <tag k='source:shop' v='Rejestr działalności lombardowej KNF' />
  </node>
  <node id='-1002006' visible='true' version='1' lat='54.5426679' lon='18.4696306'>
    <tag k='addr:city' v='Gdynia' />
    <tag k='addr:housenumber' v='91' />
    <tag k='addr:postcode' v='81-041' />
    <tag k='addr:street' v='Chylońska' />
    <tag k='operator' v='Wojkal Lombard sp. z o.o.' />
    <tag k='operator:ref:rdl_knf' v='RDL000209' />
    <tag k='shop' v='pawnbroker' />
    <tag k='source:shop' v='Rejestr działalności lombardowej KNF' />
  </node>
  <node id='-1002007' visible='true' version='1' lat='54.5204863' lon='18.532585'>
    <tag k='addr:city' v='Gdynia' />
    <tag k='addr:housenumber' v='9' />
    <tag k='addr:postcode' v='81-362' />
    <tag k='addr:street' v='Dworcowa' />
    <tag k='operator' v='Wojkal Lombard sp. z o.o.' />
    <tag k='operator:ref:rdl_knf' v='RDL000209' />
    <tag k='shop' v='pawnbroker' />
    <tag k='source:shop' v='Rejestr działalności lombardowej KNF' />
  </node>
</osm>
