<?xml version="1.0" encoding="UTF-8"?>
<osm version="0.6" generator="gov-osm-merger">
<note>The data included in this document is from www.openstreetmap.org. The data is made available under ODbL.</note>
    <node id="4160799179" action="modify" timestamp="2025-09-04T18:32:36Z" uid="21836506" user="Gienioochgienio" visible="true" version="2" changeset="171465880" lat="51.6027811" lon="18.9312876">
      <tag k="addr:city" v="Zduńska Wola"/>
      <tag k="addr:housenumber" v="1"/>
      <tag k="addr:postcode" v="98-220"/>
      <tag k="addr:street" v="Sieradzka"/>
      <tag k="name" v="Lombard Gold Art"/>
      <tag k="opening_hours" v="Mo-Fr 09:00-17:00; Sa 09:00-14:00"/>
      <tag k="shop" v="pawnbroker"/>
      <tag k="operator" v="Finwave sp. z o.o."/>
      <tag k="operator:ref:rdl_knf" v="RDL000014"/>
      <tag k="source:shop" v="Rejestr działalności lombardowej KNF"/>
    </node>
    <node id="7438892386" action="modify" timestamp="2020-04-23T16:50:57Z" uid="2027953" user="Adam_Piszczek" visible="true" version="1" changeset="84014106" lat="50.1426619" lon="19.4042233">
      <tag k="addr:city" v="Chrzanów"/>
      <tag k="addr:housenumber" v="5"/>
      <tag k="addr:postcode" v="32-500"/>
      <tag k="addr:street" v="Ogrodowa"/>
      <tag k="shop" v="pawnbroker"/>
      <tag k="operator" v="Ideainwest sp. z o.o."/>
      <tag k="operator:ref:rdl_knf" v="RDL000228"/>
      <tag k="source:shop" v="Rejestr działalności lombardowej KNF"/>
    </node>
    <node id="585230789" action="modify" timestamp="2025-11-09T17:54:14Z" uid="2146151" user="Joško Horvat" visible="true" version="6" changeset="174429163" lat="50.3083672" lon="18.9495765">
      <tag k="addr:city" v="Chorzów"/>
      <tag k="addr:housenumber" v="153"/>
      <tag k="addr:street" v="Katowicka"/>
      <tag k="contact:website" v="https://www.vinted.pl/member/200764066"/>
      <tag k="opening_hours" v="Mo-Su 08:00-21:00"/>
      <tag k="phone" v="+48 530 503 516"/>
      <tag k="shop" v="pawnbroker"/>
      <tag k="source" v="http://ump.waw.pl/ retrieved 02:52:42 12/08/09 (UMP-Katowice/src/CHORZOW.ulice.txt)"/>
      <tag k="operator" v="Kk Testo sp. z o.o."/>
      <tag k="operator:ref:rdl_knf" v="RDL000089"/>
      <tag k="addr:postcode" v="41-500"/>
      <tag k="source:shop" v="Rejestr działalności lombardowej KNF"/>
    </node>
    <node id="5738811114" action="modify" timestamp="2018-07-04T10:53:31Z" uid="2661941" user="kompowiec2" visible="true" version="1" changeset="60405135" lat="50.2889777" lon="18.9473915">
      <tag k="addr:city" v="Chorzów"/>
      <tag k="addr:housenumber" v="29"/>
      <tag k="addr:postcode" v="41-500"/>
      <tag k="addr:street" v="Hajducka"/>
      <tag k="opening_hours" v="Mo-Su 08:00-21:00"/>
      <tag k="payment:cash" v="yes"/>
      <tag k="shop" v="pawnbroker"/>
      <tag k="operator" v="Kk Testo sp. z o.o."/>
      <tag k="operator:ref:rdl_knf" v="RDL000089"/>
      <tag k="source:shop" v="Rejestr działalności lombardowej KNF"/>
    </node>
    <node id="5143423932" action="modify" timestamp="2023-10-19T17:48:15Z" uid="238534" user="Mariusz Dykierek" visible="true" version="4" changeset="142828690" lat="50.2973957" lon="18.9382873">
      <tag k="addr:city" v="Chorzów"/>
      <tag k="addr:housenumber" v="43"/>
      <tag k="addr:postcode" v="41-500"/>
      <tag k="addr:street" v="Wandy"/>
      <tag k="email" v="Wandy@gmail.com"/>
      <tag k="opening_hours" v="Mo-Su 08:00-21:00"/>
      <tag k="phone" v="+48 500 340 608"/>
      <tag k="shop" v="pawnbroker"/>
      <tag k="website" v="https://armiikrajowej97lombard.pl.tl"/>
      <tag k="operator" v="Kk Testo sp. z o.o."/>
      <tag k="operator:ref:rdl_knf" v="RDL000089"/>
      <tag k="source:shop" v="Rejestr działalności lombardowej KNF"/>
    </node>
    <node id="8909591249" action="modify" timestamp="2023-10-12T11:46:54Z" uid="5060085" user="Piotr Strębski" visible="true" version="3" changeset="142476021" lat="54.2507604" lon="20.8067164">
      <tag k="addr:city" v="Bartoszyce"/>
      <tag k="addr:city:simc" v="0964583"/>
      <tag k="addr:housenumber" v="69"/>
      <tag k="addr:postcode" v="11-200"/>
      <tag k="addr:street" v="Bohaterów Warszawy"/>
      <tag k="name" v="Loombard"/>
      <tag k="shop" v="pawnbroker"/>
      <tag k="operator" v="Lombard Gold sp. z o.o."/>
      <tag k="operator:ref:rdl_knf" v="RDL000097"/>
      <tag k="brand" v="Loombard"/>
      <tag k="brand:wikidata" v="Q113227799"/>
      <tag k="source:shop" v="Rejestr działalności lombardowej KNF"/>
    </node>
    <node id="10219667640" action="modify" timestamp="2022-11-26T13:00:45Z" uid="17583167" user="Mariusz189" visible="true" version="1" changeset="129401338" lat="51.1256529" lon="23.4685792">
      <tag k="addr:city" v="Chełm"/>
      <tag k="addr:housenumber" v="32"/>
      <tag k="addr:postcode" v="22-100"/>
      <tag k="addr:state" v="lubelskie"/>
      <tag k="addr:street" v="Lwowska"/>
      <tag k="name" v="Loombard"/>
      <tag k="shop" v="pawnbroker"/>
      <tag k="operator" v="Lombard Gold sp. z o.o."/>
      <tag k="operator:ref:rdl_knf" v="RDL000097"/>
      <tag k="brand" v="Loombard"/>
      <tag k="brand:wikidata" v="Q113227799"/>
      <tag k="source:shop" v="Rejestr działalności lombardowej KNF"/>
    </node>
    <node id="6858145987" action="modify" timestamp="2025-10-26T12:55:15Z" uid="11239973" user="uprkos" visible="true" version="4" changeset="173793470" lat="50.0410201" lon="19.943055">
      <tag k="addr:city" v="Kraków"/>
      <tag k="addr:housenumber" v="37"/>
      <tag k="addr:postcode" v="30-504"/>
      <tag k="addr:street" v="Kalwaryjska"/>
      <tag k="brand" v="Loombard"/>
      <tag k="brand:wikidata" v="Q113227799"/>
      <tag k="check_date" v="2025-10-26"/>
      <tag k="name" v="Loombard"/>
      <tag k="shop" v="pawnbroker"/>
      <tag k="operator" v="Lombard Gold sp. z o.o."/>
      <tag k="operator:ref:rdl_knf" v="RDL000097"/>
      <tag k="source:shop" v="Rejestr działalności lombardowej KNF"/>
    </node>
    <node id="4018463366" action="modify" timestamp="2026-08-21T17:21:18Z" uid="24004175" user="mrwhoami347" visible="true" version="3" changeset="187808290" lat="50.9224647" lon="22.2258704">
      <tag k="addr:city" v="Kraśnik"/>
      <tag k="addr:housenumber" v="40"/>
      <tag k="addr:postcode" v="23-200"/>
      <tag k="addr:street" v="Lubelska"/>
      <tag k="brand" v="Loombard"/>
      <tag k="brand:wikidata" v="Q113227799"/>
      <tag k="email" v="NARUTOWICZA@LOOMBARD.PL"/>
      <tag k="level" v="0"/>
      <tag k="name" v="Loombard"/>
      <tag k="note" v="Dane na temat działalności zaczerpnięte z https://www.loombard.pl/locations/krasnik-lubelska-40-sj-krasnik"/>
      <tag k="opening_hours" v="Mo-Sa 08:00-21:00"/>
      <tag k="operator" v="Lombard Gold sp. z o.o."/>
      <tag k="phone" v="+48 81 825 40 99"/>
      <tag k="shop" v="pawnbroker"/>
      <tag k="website" v="https://www.loombard.pl/locations/krasnik-lubelska-40-sj-krasnik"/>
      <tag k="wheelchair" v="no"/>
      <tag k="operator:ref:rdl_knf" v="RDL000097"/>
      <tag k="source:shop" v="Rejestr działalności lombardowej KNF"/>
    </node>
    <node id="10066681983" action="modify" timestamp="2022-10-01T12:05:09Z" uid="3266826" user="user_3266826" visible="true" version="1" changeset="126857436" lat="51.8047755" lon="15.7079772">
      <tag k="addr:city" v="Nowa Sól"/>
      <tag k="addr:housenumber" v="24"/>
      <tag k="addr:postcode" v="67-100"/>
      <tag k="addr:street" v="Królowej Jadwigi"/>
      <tag k="brand" v="Loombard"/>
      <tag k="brand:wikidata" v="Q113227799"/>
      <tag k="name" v="Loombard"/>
      <tag k="shop" v="pawnbroker"/>
      <tag k="operator" v="Lombard Gold sp. z o.o."/>
      <tag k="operator:ref:rdl_knf" v="RDL000097"/>
      <tag k="source:shop" v="Rejestr działalności lombardowej KNF"/>
    </node>
    <node id="5577209919" action="modify" timestamp="2022-10-08T15:20:35Z" uid="3266826" user="user_3266826" visible="true" version="2" changeset="127207849" lat="52.2488879" lon="15.5342555">
      <tag k="addr:city" v="Świebodzin"/>
      <tag k="addr:housenumber" v="6"/>
      <tag k="addr:postcode" v="66-200"/>
      <tag k="addr:street" v="Głogowska"/>
      <tag k="brand" v="Loombard"/>
      <tag k="brand:wikidata" v="Q113227799"/>
      <tag k="name" v="Loombard"/>
      <tag k="shop" v="pawnbroker"/>
      <tag k="operator" v="Lombard Gold sp. z o.o."/>
      <tag k="operator:ref:rdl_knf" v="RDL000097"/>
      <tag k="source:shop" v="Rejestr działalności lombardowej KNF"/>
    </node>
    <node id="2490330620" action="modify" timestamp="2022-07-04T14:02:42Z" uid="5725263" user="UzytkownikOSM" visible="true" version="5" changeset="123193948" lat="50.4517641" lon="23.4185558">
      <tag k="addr:city" v="Tomaszów Lubelski"/>
      <tag k="addr:housenumber" v="21A"/>
      <tag k="addr:postcode" v="22-600"/>
      <tag k="addr:street" v="Lwowska"/>
      <tag k="email" v="lwowska21@loombard.pl"/>
      <tag k="name" v="Loombard"/>
      <tag k="opening_hours" v="Mo-Su 8:00-21:00"/>
      <tag k="operator" v="Lombard Gold sp. z o.o."/>
      <tag k="phone" v="+48 84 664 19 30"/>
      <tag k="shop" v="pawnbroker"/>
      <tag k="source:addr" v="EMUiA (emuia.geoportal.gov.pl)"/>
      <tag k="website" v="https://www.loombard.pl/location/tomaszow-lubelski-lwowska-21a-sj-tomaszow-lubelski"/>
      <tag k="operator:ref:rdl_knf" v="RDL000097"/>
      <tag k="brand" v="Loombard"/>
      <tag k="brand:wikidata" v="Q113227799"/>
      <tag k="source:shop" v="Rejestr działalności lombardowej KNF"/>
    </node>
    <node id="6467315498" action="modify" timestamp="2025-07-20T15:19:18Z" uid="22636390" user="klakier12" visible="true" version="2" changeset="169201768" lat="49.8828066" lon="19.493461">
      <tag k="addr:city" v="Wadowice"/>
      <tag k="addr:housenumber" v="2"/>
      <tag k="addr:postcode" v="34-100"/>
      <tag k="addr:street" v="Lwowska"/>
      <tag k="brand" v="Loombard"/>
      <tag k="brand:wikidata" v="Q113227799"/>
      <tag k="name" v="Loombard"/>
      <tag k="opening_hours" v="Mo-Sa 08:00-13:00, 14:00-21:00"/>
      <tag k="phone" v="+48 33 874 46 56"/>
      <tag k="shop" v="pawnbroker"/>
      <tag k="website" v="https://www.loombard.pl/"/>
      <tag k="operator" v="Lombard Gold sp. z o.o."/>
      <tag k="operator:ref:rdl_knf" v="RDL000097"/>
      <tag k="source:shop" v="Rejestr działalności lombardowej KNF"/>
    </node>
    <node id="12379451542" action="modify" timestamp="2024-11-27T19:22:15Z" uid="15308033" user="Gajusz Kubasik" visible="true" version="1" changeset="159674390" lat="51.7636919" lon="18.0892964">
      <tag k="addr:city" v="Kalisz"/>
      <tag k="addr:housenumber" v="16"/>
      <tag k="addr:postcode" v="62-800"/>
      <tag k="addr:street" v="Grodzka"/>
      <tag k="shop" v="pawnbroker"/>
      <tag k="operator" v="Lombard Grosz sp. z o.o."/>
      <tag k="operator:ref:rdl_knf" v="RDL000005"/>
      <tag k="source:shop" v="Rejestr działalności lombardowej KNF"/>
    </node>
    <node id="8640914180" action="modify" timestamp="2025-11-13T10:03:35Z" uid="1682993" user="szedar" visible="true" version="2" changeset="174596884" lat="54.4124358" lon="18.5870835">
      <tag k="addr:city" v="Gdańsk"/>
      <tag k="addr:housenumber" v="24"/>
      <tag k="addr:postcode" v="80-376"/>
      <tag k="addr:street" v="Czerwony Dwór"/>
      <tag k="email" v="CZERWONYDWOR@LOOMBARD.PL"/>
      <tag k="name" v="Loombard"/>
      <tag k="phone" v="+48 58 667 06 97"/>
      <tag k="shop" v="pawnbroker"/>
      <tag k="website" v="https://www.loombard.pl/locations/gdansk-czerwony-dwor-24-gdansk"/>
      <tag k="operator" v="Lombard Medium  sp. z o.o."/>
      <tag k="operator:ref:rdl_knf" v="RDL000104"/>
      <tag k="brand" v="Loombard"/>
      <tag k="brand:wikidata" v="Q113227799"/>
      <tag k="source:shop" v="Rejestr działalności lombardowej KNF"/>
    </node>
    <node id="12369788113" action="modify" timestamp="2024-12-03T22:09:38Z" uid="15308033" user="Gajusz Kubasik" visible="true" version="3" changeset="159898623" lat="51.7591767" lon="18.0846371">
      <tag k="addr:city" v="Kalisz"/>
      <tag k="addr:housenumber" v="37"/>
      <tag k="addr:postcode" v="62-800"/>
      <tag k="addr:street" v="Śródmiejska"/>
      <tag k="brand" v="Loombard"/>
      <tag k="brand:wikidata" v="Q113227799"/>
      <tag k="name" v="Loombard"/>
      <tag k="shop" v="pawnbroker"/>
      <tag k="operator" v="Lombard Medium  sp. z o.o."/>
      <tag k="operator:ref:rdl_knf" v="RDL000104"/>
      <tag k="source:shop" v="Rejestr działalności lombardowej KNF"/>
    </node>
    <node id="12377175757" action="modify" timestamp="2024-12-03T22:09:38Z" uid="15308033" user="Gajusz Kubasik" visible="true" version="2" changeset="159898623" lat="51.7636938" lon="18.0915616">
      <tag k="addr:city" v="Kalisz"/>
      <tag k="addr:housenumber" v="13"/>
      <tag k="addr:postcode" v="62-800"/>
      <tag k="addr:street" v="Zamkowa"/>
      <tag k="brand" v="Loombard"/>
      <tag k="brand:wikidata" v="Q113227799"/>
      <tag k="name" v="Loombard"/>
      <tag k="shop" v="pawnbroker"/>
      <tag k="operator" v="Lombard Medium  sp. z o.o."/>
      <tag k="operator:ref:rdl_knf" v="RDL000104"/>
      <tag k="source:shop" v="Rejestr działalności lombardowej KNF"/>
    </node>
    <node id="12691840740" action="modify" timestamp="2025-03-22T21:10:27Z" uid="22645739" user="JakeSFR" visible="true" version="1" changeset="163964396" lat="51.7522385" lon="18.0771466">
      <tag k="addr:city" v="Kalisz"/>
      <tag k="addr:housenumber" v="37a"/>
      <tag k="addr:postcode" v="62-800"/>
      <tag k="addr:street" v="Górnośląska"/>
      <tag k="email" v="gornoslaska@loombard.pl"/>
      <tag k="name" v="Loombard"/>
      <tag k="opening_hours" v="Mo-Sa 09:15-21:45; Su 10:00-18:00"/>
      <tag k="phone" v="+48 62 753 50 06"/>
      <tag k="shop" v="pawnbroker"/>
      <tag k="website" v="https://www.loombard.pl"/>
      <tag k="operator" v="Lombard Medium  sp. z o.o."/>
      <tag k="operator:ref:rdl_knf" v="RDL000104"/>
      <tag k="brand" v="Loombard"/>
      <tag k="brand:wikidata" v="Q113227799"/>
      <tag k="source:shop" v="Rejestr działalności lombardowej KNF"/>
    </node>
    <node id="5060406017" action="modify" timestamp="2026-01-02T02:45:05Z" uid="16345719" user="blxght" visible="true" version="2" changeset="176726119" lat="52.2308925" lon="18.2749956">
      <tag k="addr:city" v="Konin"/>
      <tag k="addr:housenumber" v="27"/>
      <tag k="addr:postcode" v="62-510"/>
      <tag k="addr:street" v="11 Listopada"/>
      <tag k="brand" v="Loombard"/>
      <tag k="brand:wikidata" v="Q113227799"/>
      <tag k="name" v="Loombard"/>
      <tag k="opening_hours" v="Mo-Su 08:00-21:00; PH off"/>
      <tag k="shop" v="pawnbroker"/>
      <tag k="operator" v="Lombard Medium  sp. z o.o."/>
      <tag k="operator:ref:rdl_knf" v="RDL000104"/>
      <tag k="source:shop" v="Rejestr działalności lombardowej KNF"/>
    </node>
    <node id="13648099056" action="modify" timestamp="2026-03-14T18:29:43Z" uid="22493001" user="zekintze" visible="true" version="1" changeset="179871209" lat="52.2118026" lon="18.25442">
      <tag k="addr:city" v="Konin"/>
      <tag k="addr:housenumber" v="10"/>
      <tag k="addr:postcode" v="62-500"/>
      <tag k="addr:street" v="Plac Wolności"/>
      <tag k="brand" v="Loombard"/>
      <tag k="brand:wikidata" v="Q113227799"/>
      <tag k="email" v="wolnosci10@loombard.pl"/>
      <tag k="name" v="Loombard"/>
      <tag k="opening_hours" v="Mo-Sa 08:15-20:45; Su 10:00-18:00"/>
      <tag k="phone" v="+48 574 480 297"/>
      <tag k="shop" v="pawnbroker"/>
      <tag k="operator" v="Lombard Medium  sp. z o.o."/>
      <tag k="operator:ref:rdl_knf" v="RDL000104"/>
      <tag k="source:shop" v="Rejestr działalności lombardowej KNF"/>
    </node>
    <node id="5059128079" action="modify" timestamp="2026-08-29T23:38:18Z" uid="24399298" user="Sejmi" visible="true" version="7" changeset="188222423" lat="50.0755868" lon="19.9315642">
      <tag k="addr:city" v="Kraków"/>
      <tag k="addr:housenumber" v="7"/>
      <tag k="addr:street" v="Wrocławska"/>
      <tag k="name" v="Loombard"/>
      <tag k="opening_hours" v="Mo-Fr 08:00-21:00; Sa 08:00-21:00"/>
      <tag k="payment:cash" v="yes"/>
      <tag k="payment:credit_cards" v="yes"/>
      <tag k="payment:debit_cards" v="yes"/>
      <tag k="payment:visa" v="yes"/>
      <tag k="phone" v="+48 12 623 78 78"/>
      <tag k="shop" v="pawnbroker"/>
      <tag k="wheelchair" v="no"/>
      <tag k="operator" v="Lombard Medium  sp. z o.o."/>
      <tag k="operator:ref:rdl_knf" v="RDL000104"/>
      <tag k="addr:postcode" v="30-006"/>
      <tag k="brand" v="Loombard"/>
      <tag k="brand:wikidata" v="Q113227799"/>
      <tag k="add:flat" v="1"/>
      <tag k="source:shop" v="Rejestr działalności lombardowej KNF"/>
    </node>
    <node id="2923447645" action="modify" timestamp="2019-03-13T11:19:07Z" uid="9451067" user="b-jazz-bot" visible="true" version="8" changeset="68095737" lat="51.8954791" lon="17.7888529">
      <tag k="addr:city" v="Pleszew"/>
      <tag k="addr:housenumber" v="9"/>
      <tag k="addr:postcode" v="63-300"/>
      <tag k="addr:street" v="Kaliska"/>
      <tag k="email" v="kaliska9@looombard.pl"/>
      <tag k="name" v="Loombard"/>
      <tag k="opening_hours" v="Mo-Su 08:00-21:00"/>
      <tag k="phone" v="+48627206940"/>
      <tag k="shop" v="pawnbroker"/>
      <tag k="website" v="https://www.loombard.pl/"/>
      <tag k="operator" v="Lombard Medium  sp. z o.o."/>
      <tag k="operator:ref:rdl_knf" v="RDL000104"/>
      <tag k="brand" v="Loombard"/>
      <tag k="brand:wikidata" v="Q113227799"/>
      <tag k="source:shop" v="Rejestr działalności lombardowej KNF"/>
    </node>
    <node id="13630244165" action="modify" timestamp="2026-03-09T16:22:51Z" uid="1714268" user="pandamahoniowa" visible="true" version="1" changeset="179593478" lat="51.0508557" lon="21.0612623">
      <tag k="addr:city" v="Starachowice"/>
      <tag k="addr:housenumber" v="2"/>
      <tag k="addr:postcode" v="27-200"/>
      <tag k="addr:street" v="Sportowa"/>
      <tag k="brand" v="Loombard"/>
      <tag k="brand:wikidata" v="Q113227799"/>
      <tag k="email" v="hutnicza1@loombard.pl"/>
      <tag k="name" v="Loombard"/>
      <tag k="opening_hours" v="Mo-Sa 08:00-21:00"/>
      <tag k="phone" v="+48 41 266 51 90"/>
      <tag k="shop" v="pawnbroker"/>
      <tag k="website" v="https://www.loombard.pl/locations/starachowice-hutnicza-1-starachowice-IU3"/>
      <tag k="operator" v="Lombard Medium  sp. z o.o."/>
      <tag k="operator:ref:rdl_knf" v="RDL000104"/>
      <tag k="source:shop" v="Rejestr działalności lombardowej KNF"/>
    </node>
    <node id="1254347441" action="modify" timestamp="2026-05-17T12:16:44Z" uid="67255" user="Rogoyski" visible="true" version="6" changeset="182781271" lat="52.2020706" lon="21.0365482">
      <tag k="addr:city" v="Warszawa"/>
      <tag k="addr:housenumber" v="50"/>
      <tag k="addr:street" v="Chełmska"/>
      <tag k="brand" v="Loombard"/>
      <tag k="brand:wikidata" v="Q113227799"/>
      <tag k="check_date" v="2026-05-17"/>
      <tag k="name" v="Loombard"/>
      <tag k="opening_hours" v="Mo-Sa 08:15-13:30,14:00-20:45; Su 10:00-18:00"/>
      <tag k="shop" v="pawnbroker"/>
      <tag k="wheelchair" v="yes"/>
      <tag k="operator" v="Lombard Medium  sp. z o.o."/>
      <tag k="operator:ref:rdl_knf" v="RDL000104"/>
      <tag k="addr:postcode" v="00-725"/>
      <tag k="add:flat" v="78"/>
      <tag k="source:shop" v="Rejestr działalności lombardowej KNF"/>
    </node>
    <node id="3454305021" action="modify" timestamp="2022-07-23T13:34:03Z" uid="11306447" user="starsep" visible="true" version="4" changeset="123976177" lat="52.2820336" lon="20.957085">
      <tag k="addr:city" v="Warszawa"/>
      <tag k="addr:housenumber" v="65"/>
      <tag k="addr:street" v="Marymoncka"/>
      <tag k="brand" v="Loombard"/>
      <tag k="brand:wikidata" v="Q113227799"/>
      <tag k="name" v="Loombard"/>
      <tag k="shop" v="pawnbroker"/>
      <tag k="website" v="https://www.loombard.pl/lombard/warszawa/marymoncka-65-warszawa/"/>
      <tag k="operator" v="Lombard Medium  sp. z o.o."/>
      <tag k="operator:ref:rdl_knf" v="RDL000104"/>
      <tag k="addr:postcode" v="01-802"/>
      <tag k="source:shop" v="Rejestr działalności lombardowej KNF"/>
    </node>
    <node id="6468701150" action="modify" timestamp="2019-05-12T21:09:03Z" uid="3266826" user="user_3266826" visible="true" version="1" changeset="70171246" lat="51.6146424" lon="15.3197548">
      <tag k="addr:city" v="Żagań"/>
      <tag k="addr:housenumber" v="4"/>
      <tag k="addr:postcode" v="68-100"/>
      <tag k="addr:street" v="Rynek"/>
      <tag k="name" v="Loombard"/>
      <tag k="shop" v="pawnbroker"/>
      <tag k="operator" v="Lombard Medium  sp. z o.o."/>
      <tag k="operator:ref:rdl_knf" v="RDL000104"/>
      <tag k="brand" v="Loombard"/>
      <tag k="brand:wikidata" v="Q113227799"/>
      <tag k="source:shop" v="Rejestr działalności lombardowej KNF"/>
    </node>
    <node id="11243135263" action="modify" timestamp="2023-10-06T09:34:39Z" uid="2567476" user="_AENL" visible="true" version="1" changeset="142223901" lat="51.2730433" lon="15.936055">
      <tag k="addr:city" v="Chojnów"/>
      <tag k="addr:housenumber" v="11"/>
      <tag k="addr:postcode" v="59-225"/>
      <tag k="addr:street" v="Legnicka"/>
      <tag k="name" v="Loombard"/>
      <tag k="shop" v="pawnbroker"/>
      <tag k="website" v="https://www.facebook.com/LoombardChojnowLegnicka/"/>
      <tag k="operator" v="Lombard Platinum sp. z o.o."/>
      <tag k="operator:ref:rdl_knf" v="RDL000110"/>
      <tag k="brand" v="Loombard"/>
      <tag k="brand:wikidata" v="Q113227799"/>
      <tag k="source:shop" v="Rejestr działalności lombardowej KNF"/>
    </node>
    <node id="9904222445" action="modify" timestamp="2025-05-27T14:33:08Z" uid="3593621" user="Edycja" visible="true" version="2" changeset="166830510" lat="51.2094355" lon="16.150686">
      <tag k="addr:city" v="Legnica"/>
      <tag k="addr:housenumber" v="38"/>
      <tag k="addr:postcode" v="59-220"/>
      <tag k="addr:street" v="Senatorska"/>
      <tag k="branch" v="PL"/>
      <tag k="brand" v="Loombard"/>
      <tag k="brand:wikidata" v="Q113227799"/>
      <tag k="name" v="Loombard"/>
      <tag k="shop" v="pawnbroker"/>
      <tag k="operator" v="Lombard Platinum sp. z o.o."/>
      <tag k="operator:ref:rdl_knf" v="RDL000110"/>
      <tag k="source:shop" v="Rejestr działalności lombardowej KNF"/>
    </node>
    <node id="10601780225" action="modify" timestamp="2023-02-02T17:27:16Z" uid="18387796" user="Przemekzb" visible="true" version="1" changeset="132012451" lat="51.214191" lon="16.1610862">
      <tag k="addr:city" v="Legnica"/>
      <tag k="addr:housenumber" v="1"/>
      <tag k="addr:postcode" v="59-220"/>
      <tag k="addr:street" v="Bolesława Prusa"/>
      <tag k="name" v="Loombard"/>
      <tag k="opening_hours" v="Mo-Sa 08:30 - 21:30; Su 10:00 - 18:00"/>
      <tag k="operator" v="Lombard Platinum sp. z o.o."/>
      <tag k="payment:cash" v="yes"/>
      <tag k="payment:credit_cards" v="yes"/>
      <tag k="shop" v="pawnbroker"/>
      <tag k="operator:ref:rdl_knf" v="RDL000110"/>
      <tag k="brand" v="Loombard"/>
      <tag k="brand:wikidata" v="Q113227799"/>
      <tag k="source:shop" v="Rejestr działalności lombardowej KNF"/>
    </node>
    <node id="2025162358" action="modify" timestamp="2025-04-14T19:26:14Z" uid="19044027" user="domeqasz" visible="true" version="8" changeset="164954546" lat="52.2750584" lon="21.0559236">
      <tag k="addr:city" v="Warszawa"/>
      <tag k="addr:housenumber" v="11"/>
      <tag k="addr:street" v="Trocka"/>
      <tag k="brand" v="Loombard"/>
      <tag k="brand:wikidata" v="Q113227799"/>
      <tag k="check_date" v="2025-04-14"/>
      <tag k="name" v="Loombard"/>
      <tag k="opening_hours" v="Mo-Su 08:00-21:00"/>
      <tag k="shop" v="pawnbroker"/>
      <tag k="source:addr" v="mapa.um.warszawa.pl"/>
      <tag k="operator" v="Lombard Platinum sp. z o.o."/>
      <tag k="operator:ref:rdl_knf" v="RDL000110"/>
      <tag k="addr:postcode" v="03-563"/>
      <tag k="source:shop" v="Rejestr działalności lombardowej KNF"/>
    </node>
    <node id="10050614812" action="modify" timestamp="2022-09-25T09:38:47Z" uid="3266826" user="user_3266826" visible="true" version="1" changeset="126608495" lat="51.949591" lon="14.7276167">
      <tag k="addr:city" v="Gubin"/>
      <tag k="addr:housenumber" v="3"/>
      <tag k="addr:postcode" v="66-620"/>
      <tag k="addr:street" v="Obrońców Pokoju"/>
      <tag k="brand" v="Loombard"/>
      <tag k="brand:wikidata" v="Q113227799"/>
      <tag k="name" v="Loombard"/>
      <tag k="shop" v="pawnbroker"/>
      <tag k="operator" v="Lombard Silver  sp. z o.o."/>
      <tag k="operator:ref:rdl_knf" v="RDL000109"/>
      <tag k="source:shop" v="Rejestr działalności lombardowej KNF"/>
    </node>
    <node id="10064271075" action="modify" timestamp="2022-09-30T13:17:54Z" uid="3266826" user="user_3266826" visible="true" version="1" changeset="126823327" lat="52.5875027" lon="14.6539168">
      <tag k="addr:city" v="Kostrzyn nad Odrą"/>
      <tag k="addr:housenumber" v="1"/>
      <tag k="addr:postcode" v="66-470"/>
      <tag k="addr:street" v="Gorzowska"/>
      <tag k="brand" v="Loombard"/>
      <tag k="brand:wikidata" v="Q113227799"/>
      <tag k="name" v="Loombard"/>
      <tag k="shop" v="pawnbroker"/>
      <tag k="operator" v="Lombard Silver  sp. z o.o."/>
      <tag k="operator:ref:rdl_knf" v="RDL000109"/>
      <tag k="source:shop" v="Rejestr działalności lombardowej KNF"/>
    </node>
    <node id="4616408573" action="modify" timestamp="2025-11-13T08:20:35Z" uid="1682993" user="szedar" visible="true" version="3" changeset="174592317" lat="51.844455" lon="16.5655622">
      <tag k="addr:city" v="Leszno"/>
      <tag k="addr:housenumber" v="2"/>
      <tag k="addr:postcode" v="64-100"/>
      <tag k="addr:street" v="Dworcowa"/>
      <tag k="check_date" v="2023-06-03"/>
      <tag k="name" v="Loombard"/>
      <tag k="phone" v="+48 797 606 929"/>
      <tag k="shop" v="pawnbroker"/>
      <tag k="operator" v="Lombard Silver  sp. z o.o."/>
      <tag k="operator:ref:rdl_knf" v="RDL000109"/>
      <tag k="brand" v="Loombard"/>
      <tag k="brand:wikidata" v="Q113227799"/>
      <tag k="source:shop" v="Rejestr działalności lombardowej KNF"/>
    </node>
    <node id="6933322623" action="modify" timestamp="2023-08-25T15:35:21Z" uid="20099372" user="szczursky" visible="true" version="4" changeset="140378450" lat="52.403776" lon="16.9305292">
      <tag k="addr:city" v="Poznań"/>
      <tag k="addr:housenumber" v="13"/>
      <tag k="addr:postcode" v="61-885"/>
      <tag k="addr:street" v="Półwiejska"/>
      <tag k="level" v="0"/>
      <tag k="name" v="Loombard"/>
      <tag k="opening_hours" v="Mo-Sa 08:00-20:00; Su 09:00-18:00"/>
      <tag k="operator" v="Lombard Silver  sp. z o.o."/>
      <tag k="phone" v="+48798915915"/>
      <tag k="shop" v="pawnbroker"/>
      <tag k="website" v="https://www.loombard.pl/locations/poznan-polwiejska-13-poznan-ska-x-Peq"/>
      <tag k="operator:ref:rdl_knf" v="RDL000109"/>
      <tag k="brand" v="Loombard"/>
      <tag k="brand:wikidata" v="Q113227799"/>
      <tag k="source:shop" v="Rejestr działalności lombardowej KNF"/>
    </node>
    <node id="6565805139" action="modify" timestamp="2022-09-29T12:47:57Z" uid="3266826" user="user_3266826" visible="true" version="2" changeset="126779374" lat="52.3536035" lon="14.5611957">
      <tag k="addr:city" v="Słubice"/>
      <tag k="addr:housenumber" v="167"/>
      <tag k="addr:postcode" v="69-100"/>
      <tag k="addr:street" v="Wojska Polskiego"/>
      <tag k="brand" v="Loombard"/>
      <tag k="brand:wikidata" v="Q113227799"/>
      <tag k="name" v="Loombard"/>
      <tag k="phone" v="+48 957579217"/>
      <tag k="shop" v="pawnbroker"/>
      <tag k="operator" v="Lombard Silver  sp. z o.o."/>
      <tag k="operator:ref:rdl_knf" v="RDL000109"/>
      <tag k="source:shop" v="Rejestr działalności lombardowej KNF"/>
    </node>
    <node id="6943826267" action="modify" timestamp="2026-04-20T13:53:10Z" uid="1203246" user="Zwiadowca21" visible="true" version="5" changeset="181581572" lat="53.9092843" lon="14.2506626">
      <tag k="addr:city" v="Świnoujście"/>
      <tag k="addr:housenumber" v="79"/>
      <tag k="addr:postcode" v="72-600"/>
      <tag k="addr:street" v="Bohaterów Września"/>
      <tag k="brand" v="Loombard"/>
      <tag k="brand:wikidata" v="Q113227799"/>
      <tag k="check_date:opening_hours" v="2026-04-20"/>
      <tag k="name" v="Loombard"/>
      <tag k="opening_hours" v="Mo-Sa 08:00-21:00; Su 09:00-17:00"/>
      <tag k="shop" v="pawnbroker"/>
      <tag k="wheelchair" v="yes"/>
      <tag k="operator" v="Lombard Silver  sp. z o.o."/>
      <tag k="operator:ref:rdl_knf" v="RDL000109"/>
      <tag k="source:shop" v="Rejestr działalności lombardowej KNF"/>
    </node>
    <node id="10061398954" action="modify" timestamp="2026-09-18T17:30:00Z" uid="67255" user="Rogoyski" visible="true" version="4" changeset="189220094" lat="52.2374422" lon="21.0275211">
      <tag k="addr:city" v="Warszawa"/>
      <tag k="addr:housenumber" v="117"/>
      <tag k="addr:postcode" v="00-382"/>
      <tag k="addr:street" v="Solec"/>
      <tag k="brand" v="Loombard"/>
      <tag k="brand:wikidata" v="Q113227799"/>
      <tag k="check_date" v="2026-09-18"/>
      <tag k="name" v="Loombard"/>
      <tag k="opening_hours" v="Mo-Sa 08:15-13:30,14:00-20:45; Su 10:00-18:00 &quot;tylko niedziele handlowe&quot;"/>
      <tag k="shop" v="pawnbroker"/>
      <tag k="wheelchair" v="limited"/>
      <tag k="operator" v="Lombard Silver  sp. z o.o."/>
      <tag k="operator:ref:rdl_knf" v="RDL000109"/>
      <tag k="source:shop" v="Rejestr działalności lombardowej KNF"/>
    </node>
    <node id="12115573087" action="modify" timestamp="2025-07-07T20:18:00Z" uid="13948004" user="bartgron" visible="true" version="2" changeset="168622334" lat="52.2320825" lon="20.9602937">
      <tag k="addr:city" v="Warszawa"/>
      <tag k="addr:housenumber" v="89"/>
      <tag k="addr:street" v="Wolska"/>
      <tag k="brand" v="Loombard"/>
      <tag k="brand:wikidata" v="Q113227799"/>
      <tag k="check_date" v="2024-08-16"/>
      <tag k="name" v="Loombard"/>
      <tag k="opening_hours" v="Mo-Sa 08:00-21:00; Su 09:00-18:00"/>
      <tag k="shop" v="pawnbroker"/>
      <tag k="wheelchair" v="no"/>
      <tag k="operator" v="Lombard Silver  sp. z o.o."/>
      <tag k="operator:ref:rdl_knf" v="RDL000109"/>
      <tag k="addr:postcode" v="01-229"/>
      <tag k="source:shop" v="Rejestr działalności lombardowej KNF"/>
    </node>
    <node id="3985025975" action="modify" timestamp="2026-02-27T18:43:57Z" uid="67255" user="Rogoyski" visible="true" version="12" changeset="179144718" lat="52.2240271" lon="21.0156876">
      <tag k="addr:city" v="Warszawa"/>
      <tag k="addr:housenumber" v="60"/>
      <tag k="addr:street" v="Marszałkowska"/>
      <tag k="brand" v="Loombard"/>
      <tag k="brand:wikidata" v="Q113227799"/>
      <tag k="check_date" v="2026-02-27"/>
      <tag k="name" v="Loombard"/>
      <tag k="opening_hours" v="Mo-Sa 08:00-21:00; Su 09:00-18:00"/>
      <tag k="payment:contactless" v="yes"/>
      <tag k="payment:maestro" v="yes"/>
      <tag k="payment:mastercard" v="yes"/>
      <tag k="payment:v_pay" v="yes"/>
      <tag k="payment:visa" v="yes"/>
      <tag k="payment:visa_electron" v="yes"/>
      <tag k="shop" v="pawnbroker"/>
      <tag k="wheelchair" v="limited"/>
      <tag k="operator" v="Lombard Silver  sp. z o.o."/>
      <tag k="operator:ref:rdl_knf" v="RDL000109"/>
      <tag k="addr:postcode" v="00-545"/>
      <tag k="source:shop" v="Rejestr działalności lombardowej KNF"/>
    </node>
    <node id="4549148265" action="modify" timestamp="2024-12-25T14:12:36Z" uid="67255" user="Rogoyski" visible="true" version="4" changeset="160605288" lat="52.237011" lon="20.9646174">
      <tag k="addr:city" v="Warszawa"/>
      <tag k="addr:housenumber" v="21"/>
      <tag k="addr:postcode" v="01-139"/>
      <tag k="addr:street" v="Górczewska"/>
      <tag k="brand" v="Loombard"/>
      <tag k="brand:wikidata" v="Q113227799"/>
      <tag k="check_date" v="2024-12-25"/>
      <tag k="name" v="Loombard"/>
      <tag k="opening_hours" v="Mo-Sa 08:00-21:00; Su 09:00-18:00"/>
      <tag k="shop" v="pawnbroker"/>
      <tag k="wheelchair" v="limited"/>
      <tag k="operator" v="Lombard Silver  sp. z o.o."/>
      <tag k="operator:ref:rdl_knf" v="RDL000109"/>
      <tag k="source:shop" v="Rejestr działalności lombardowej KNF"/>
    </node>
    <node id="5502204579" action="modify" timestamp="2018-07-02T10:22:05Z" uid="7644157" user="Szymson" visible="true" version="2" changeset="60343400" lat="54.6025378" lon="18.2408032">
      <tag k="addr:city" v="Wejherowo"/>
      <tag k="addr:housenumber" v="4"/>
      <tag k="addr:postcode" v="84-200"/>
      <tag k="addr:street" v="Pucka"/>
      <tag k="name" v="Loombard"/>
      <tag k="shop" v="pawnbroker"/>
      <tag k="operator" v="Lombard Silver  sp. z o.o."/>
      <tag k="operator:ref:rdl_knf" v="RDL000109"/>
      <tag k="brand" v="Loombard"/>
      <tag k="brand:wikidata" v="Q113227799"/>
      <tag k="source:shop" v="Rejestr działalności lombardowej KNF"/>
    </node>
    <node id="12384097575" action="modify" timestamp="2025-04-25T22:03:11Z" uid="21983512" user="Gial" visible="true" version="3" changeset="165443635" lat="52.3249659" lon="17.5660246">
      <tag k="addr:city" v="Września"/>
      <tag k="addr:city:simc" v="0971637"/>
      <tag k="addr:housenumber" v="25"/>
      <tag k="addr:postcode" v="62-300"/>
      <tag k="addr:street" v="Rynek"/>
      <tag k="branch" v="Września"/>
      <tag k="brand" v="Loombard"/>
      <tag k="brand:wikidata" v="Q113227799"/>
      <tag k="email" v="wrzesnia@loombard.pl"/>
      <tag k="facebook" v="https://www.facebook.com/wrzesnia.loombard"/>
      <tag k="name" v="Loombard"/>
      <tag k="opening_hours" v="Mo-Sa 08:00-21:00; Su 10:00-18:00"/>
      <tag k="phone" v="+48797000089"/>
      <tag k="shop" v="pawnbroker"/>
      <tag k="website" v="https://www.loombard.pl/"/>
      <tag k="operator" v="Lombard Silver  sp. z o.o."/>
      <tag k="operator:ref:rdl_knf" v="RDL000109"/>
      <tag k="source:shop" v="Rejestr działalności lombardowej KNF"/>
    </node>
    <node id="4209582548" action="modify" timestamp="2023-05-25T20:07:12Z" uid="17564190" user="romster123" visible="true" version="3" changeset="136558264" lat="51.6675263" lon="16.5352825">
      <tag k="addr:city" v="Góra"/>
      <tag k="addr:housenumber" v="12"/>
      <tag k="addr:postcode" v="56-200"/>
      <tag k="addr:street" v="Starogórska"/>
      <tag k="name" v="Słowik"/>
      <tag k="shop" v="pawnbroker"/>
      <tag k="operator" v="Lombard Słowik sp. z o.o."/>
      <tag k="operator:ref:rdl_knf" v="RDL000019"/>
      <tag k="source:shop" v="Rejestr działalności lombardowej KNF"/>
    </node>
    <node id="5874440141" action="modify" timestamp="2021-09-24T10:48:06Z" uid="14161085" user="Avantiii" visible="true" version="2" changeset="111637859" lat="51.264211" lon="15.5601556">
      <tag k="addr:city" v="Bolesławiec"/>
      <tag k="addr:housenumber" v="44"/>
      <tag k="addr:postcode" v="59-700"/>
      <tag k="addr:street" v="Zgorzelecka"/>
      <tag k="name" v="Loombard"/>
      <tag k="shop" v="pawnbroker"/>
      <tag k="wheelchair" v="yes"/>
      <tag k="operator" v="Lombard System  sp. z o.o."/>
      <tag k="operator:ref:rdl_knf" v="RDL000100"/>
      <tag k="brand" v="Loombard"/>
      <tag k="brand:wikidata" v="Q113227799"/>
      <tag k="source:shop" v="Rejestr działalności lombardowej KNF"/>
    </node>
    <node id="5667578313" action="modify" timestamp="2023-11-05T22:02:24Z" uid="238534" user="Mariusz Dykierek" visible="true" version="3" changeset="143669018" lat="50.3031754" lon="18.947318">
      <tag k="addr:city" v="Chorzów"/>
      <tag k="addr:housenumber" v="23"/>
      <tag k="addr:postcode" v="41-500"/>
      <tag k="addr:street" v="3 Maja"/>
      <tag k="email" v="3maja23@lombardi.pl"/>
      <tag k="name" v="Loombard"/>
      <tag k="opening_hours" v="Mo-Su 09:00-22:00"/>
      <tag k="phone" v="+48 32 247 18 53"/>
      <tag k="shop" v="pawnbroker"/>
      <tag k="website" v="https://lombardi.pl/"/>
      <tag k="operator" v="Lombard System  sp. z o.o."/>
      <tag k="operator:ref:rdl_knf" v="RDL000100"/>
      <tag k="brand" v="Loombard"/>
      <tag k="brand:wikidata" v="Q113227799"/>
      <tag k="add:flat" v="2"/>
      <tag k="source:shop" v="Rejestr działalności lombardowej KNF"/>
    </node>
    <node id="8615753647" action="modify" timestamp="2025-11-13T10:03:35Z" uid="1682993" user="szedar" visible="true" version="3" changeset="174596884" lat="54.4087123" lon="18.5956094">
      <tag k="addr:city" v="Gdańsk"/>
      <tag k="addr:housenumber" v="2A"/>
      <tag k="addr:postcode" v="80-398"/>
      <tag k="addr:street" v="Obrońców Wybrzeża"/>
      <tag k="email" v="GDANSKPRZYMORZE@LOOMBARD.PL"/>
      <tag k="name" v="Loombard"/>
      <tag k="phone" v="+48 532 400 201"/>
      <tag k="shop" v="pawnbroker"/>
      <tag k="website" v="https://www.loombard.pl/locations/gdansk-obroncow-wybrzeza-2a-gdansk-bjk"/>
      <tag k="operator" v="Lombard System  sp. z o.o."/>
      <tag k="operator:ref:rdl_knf" v="RDL000100"/>
      <tag k="brand" v="Loombard"/>
      <tag k="brand:wikidata" v="Q113227799"/>
      <tag k="source:shop" v="Rejestr działalności lombardowej KNF"/>
    </node>
    <node id="10092487926" action="modify" timestamp="2022-10-11T15:30:12Z" uid="1682993" user="szedar" visible="true" version="1" changeset="127367180" lat="50.9372991" lon="21.3872424">
      <tag k="addr:city" v="Ostrowiec Świętokrzyski"/>
      <tag k="addr:country" v="PL"/>
      <tag k="addr:housenumber" v="4"/>
      <tag k="addr:postcode" v="27-400"/>
      <tag k="addr:street" v="Aleja 3 Maja"/>
      <tag k="level" v="0"/>
      <tag k="name" v="Loombard"/>
      <tag k="opening_hours" v="Mo-Sa 08:00-20:00; PH off"/>
      <tag k="payment:cash" v="yes"/>
      <tag k="phone" v="+48 412665792"/>
      <tag k="shop" v="pawnbroker"/>
      <tag k="operator" v="Lombard System  sp. z o.o."/>
      <tag k="operator:ref:rdl_knf" v="RDL000100"/>
      <tag k="brand" v="Loombard"/>
      <tag k="brand:wikidata" v="Q113227799"/>
      <tag k="source:shop" v="Rejestr działalności lombardowej KNF"/>
    </node>
    <node id="10055770441" action="modify" timestamp="2025-10-24T16:54:34Z" uid="1682993" user="szedar" visible="true" version="3" changeset="173727409" lat="50.9471943" lon="21.4023962">
      <tag k="addr:city" v="Ostrowiec Świętokrzyski"/>
      <tag k="addr:country" v="PL"/>
      <tag k="addr:housenumber" v="81D"/>
      <tag k="addr:postcode" v="27-400"/>
      <tag k="addr:street" v="Aleja Jana Pawła II"/>
      <tag k="brand" v="Loombard"/>
      <tag k="brand:wikidata" v="Q113227799"/>
      <tag k="email" v="ostrowiec@loombard.pl"/>
      <tag k="mobile" v="+48 532517581"/>
      <tag k="name" v="Loombard"/>
      <tag k="opening_hours" v="Mo-Sa 10:00-18:00"/>
      <tag k="payment:coins" v="yes"/>
      <tag k="payment:notes" v="yes"/>
      <tag k="shop" v="pawnbroker"/>
      <tag k="website" v="https://www.loombard.pl/"/>
      <tag k="operator" v="Lombard System  sp. z o.o."/>
      <tag k="operator:ref:rdl_knf" v="RDL000100"/>
      <tag k="source:shop" v="Rejestr działalności lombardowej KNF"/>
    </node>
    <node id="13935624247" action="modify" timestamp="2026-06-13T14:48:48Z" uid="12107493" user="Franciszek Józef" visible="true" version="1" changeset="184059403" lat="50.0171595" lon="21.0032987">
      <tag k="addr:city" v="Tarnów"/>
      <tag k="addr:housenumber" v="1"/>
      <tag k="addr:postcode" v="33-100"/>
      <tag k="addr:street" v="Osiedle Niepodległości"/>
      <tag k="name" v="Loombard"/>
      <tag k="shop" v="pawnbroker"/>
      <tag k="operator" v="Lombard System  sp. z o.o."/>
      <tag k="operator:ref:rdl_knf" v="RDL000100"/>
      <tag k="brand" v="Loombard"/>
      <tag k="brand:wikidata" v="Q113227799"/>
      <tag k="source:shop" v="Rejestr działalności lombardowej KNF"/>
    </node>
    <node id="9643662687" action="modify" timestamp="2022-04-05T16:52:14Z" uid="1189934" user="SzymonH" visible="true" version="1" changeset="119352710" lat="54.5846295" lon="16.8554251">
      <tag k="addr:city" v="Ustka"/>
      <tag k="addr:housenumber" v="32"/>
      <tag k="addr:postcode" v="76-270"/>
      <tag k="addr:street" v="Marynarki Polskiej"/>
      <tag k="name" v="Loombard"/>
      <tag k="opening_hours" v="Mo-Sa 09:00-21:00; PH off"/>
      <tag k="phone" v="+48 59 814 71 26"/>
      <tag k="shop" v="pawnbroker"/>
      <tag k="operator" v="Lombard System  sp. z o.o."/>
      <tag k="operator:ref:rdl_knf" v="RDL000100"/>
      <tag k="brand" v="Loombard"/>
      <tag k="brand:wikidata" v="Q113227799"/>
      <tag k="source:shop" v="Rejestr działalności lombardowej KNF"/>
    </node>
    <node id="10608561025" action="modify" timestamp="2023-02-05T17:50:54Z" uid="11179713" user="tsp15" visible="true" version="1" changeset="132122737" lat="50.3375609" lon="19.2238534">
      <tag k="addr:city" v="Dąbrowa Górnicza"/>
      <tag k="addr:housenumber" v="8"/>
      <tag k="addr:postcode" v="41-300"/>
      <tag k="addr:street" v="Józefa Wybickiego"/>
      <tag k="name" v="Lombards.pl"/>
      <tag k="opening_hours" v="Mo-Sa 08:00-20:00"/>
      <tag k="phone" v="+48 575 720 762"/>
      <tag k="shop" v="pawnbroker"/>
      <tag k="website" v="https://lombards.pl/"/>
      <tag k="operator" v="Lombards.Pl sp. z o.o."/>
      <tag k="operator:ref:rdl_knf" v="RDL000218"/>
      <tag k="source:shop" v="Rejestr działalności lombardowej KNF"/>
    </node>
    <node id="9237813891" action="modify" timestamp="2022-12-04T12:37:13Z" uid="6203794" user="k2101" visible="true" version="4" changeset="129703274" lat="49.6836422" lon="21.776462">
      <tag k="addr:city" v="Krosno"/>
      <tag k="addr:housenumber" v="42a"/>
      <tag k="addr:postcode" v="38-400"/>
      <tag k="addr:street" v="Wojska Polskiego"/>
      <tag k="name" v="Lombard Komis"/>
      <tag k="shop" v="pawnbroker"/>
      <tag k="operator" v="Metatron sp. z o.o."/>
      <tag k="operator:ref:rdl_knf" v="RDL000010"/>
      <tag k="source:shop" v="Rejestr działalności lombardowej KNF"/>
    </node>
    <node id="6766682486" action="modify" timestamp="2026-08-07T19:27:19Z" uid="67255" user="Rogoyski" visible="true" version="5" changeset="187104229" lat="52.2360918" lon="21.0085583">
      <tag k="addr:city" v="Warszawa"/>
      <tag k="addr:housenumber" v="138"/>
      <tag k="addr:street" v="Marszałkowska"/>
      <tag k="check_date" v="2026-08-07"/>
      <tag k="craft" v="jeweller"/>
      <tag k="level" v="1"/>
      <tag k="name" v="Gold Shop"/>
      <tag k="opening_hours" v="Mo-Fr 10:00-18:00"/>
      <tag k="shop" v="pawnbroker"/>
      <tag k="operator" v="Moshe sp. z o.o."/>
      <tag k="operator:ref:rdl_knf" v="RDL000149"/>
      <tag k="addr:postcode" v="00-004"/>
      <tag k="source:shop" v="Rejestr działalności lombardowej KNF"/>
    </node>
    <node id="583424745" action="modify" timestamp="2020-12-01T15:16:05Z" uid="2313574" user="szydzio" visible="true" version="4" changeset="95101415" lat="52.4079007" lon="16.9215147">
      <tag k="addr:city" v="Poznań"/>
      <tag k="addr:housenumber" v="10"/>
      <tag k="addr:postcode" v="61-703"/>
      <tag k="addr:street" v="Gwarna"/>
      <tag k="name" v="Lombard Expres"/>
      <tag k="shop" v="pawnbroker"/>
      <tag k="operator" v="Prosspero sp. z o.o."/>
      <tag k="operator:ref:rdl_knf" v="RDL000165"/>
      <tag k="source:shop" v="Rejestr działalności lombardowej KNF"/>
    </node>
    <node id="14134417883" action="modify" timestamp="2026-08-30T07:36:23Z" uid="529629" user="Pescan" visible="true" version="1" changeset="188231702" lat="51.5920535" lon="18.7276965">
      <tag k="addr:city" v="Sieradz"/>
      <tag k="addr:housenumber" v="33B"/>
      <tag k="addr:postcode" v="98-200"/>
      <tag k="addr:street" v="Jana Pawła II"/>
      <tag k="facebook" v="https://www.facebook.com/spoko.lombard.sieradz/"/>
      <tag k="name" v="SPOKO Lombard"/>
      <tag k="old_name" v="Lombard Lumik"/>
      <tag k="opening_hours" v="Mo-Fr 09:00-18:00; Sa 09:00-14:00"/>
      <tag k="phone" v="+48 508 584 848"/>
      <tag k="shop" v="pawnbroker"/>
      <tag k="operator" v="Spoko Lombard 2 sp. z o.o."/>
      <tag k="operator:ref:rdl_knf" v="RDL000001"/>
      <tag k="source:shop" v="Rejestr działalności lombardowej KNF"/>
    </node>
    <node id="10112065337" action="modify" timestamp="2024-03-16T14:22:04Z" uid="10396321" user="saunter" visible="true" version="3" changeset="148733916" lat="52.1810389" lon="21.0236424">
      <tag k="addr:city" v="Warszawa"/>
      <tag k="addr:housenumber" v="145"/>
      <tag k="addr:postcode" v="02-703"/>
      <tag k="addr:street" v="Puławska"/>
      <tag k="amenity" v="bureau_de_change"/>
      <tag k="currency:XBT" v="yes"/>
      <tag k="level" v="2"/>
      <tag k="name" v="Cashify"/>
      <tag k="payment:lightning" v="no"/>
      <tag k="payment:onchain" v="yes"/>
      <tag k="survey:date" v="2024-03-16"/>
      <tag k="website" v="https://cashify.eu/stacjonarny-kantor-kryptowalut-warszawa-pulawska-145/"/>
      <tag k="operator" v="Warszawskie Centrum Wsparcia Finansowego Lombard"/>
      <tag k="operator:ref:rdl_knf" v="RDL000179"/>
      <tag k="shop" v="pawnbroker"/>
      <tag k="source:shop" v="Rejestr działalności lombardowej KNF"/>
    </node>
    <node id="10239345707" action="modify" timestamp="2024-04-26T18:24:38Z" uid="67255" user="Rogoyski" visible="true" version="2" changeset="150552313" lat="52.1722394" lon="21.0190867">
      <tag k="addr:city" v="Warszawa"/>
      <tag k="addr:housenumber" v="246"/>
      <tag k="addr:postcode" v="02-684"/>
      <tag k="addr:street" v="Puławska"/>
      <tag k="addr:unit" v="26"/>
      <tag k="check_date" v="2024-04-26"/>
      <tag k="level" v="0"/>
      <tag k="name" v="Na Mokotowie"/>
      <tag k="opening_hours" v="Mo-Fr 10:00-18:00; Sa 10:00-14:00"/>
      <tag k="phone" v="+48 511 631 808"/>
      <tag k="shop" v="pawnbroker"/>
      <tag k="website" v="https://lombardnamokotowie.pl"/>
      <tag k="operator" v="X5 sp. z o.o."/>
      <tag k="operator:ref:rdl_knf" v="RDL000105"/>
      <tag k="source:shop" v="Rejestr działalności lombardowej KNF"/>
    </node>
    <node id="9232525728" action="modify" timestamp="2025-07-22T10:05:35Z" uid="6353007" user="C2oc4" visible="true" version="2" changeset="169284692" lat="50.3253144" lon="19.1343597">
      <tag k="addr:city" v="Będzin"/>
      <tag k="addr:housenumber" v="28"/>
      <tag k="addr:postcode" v="42-500"/>
      <tag k="addr:street" v="Aleja Hugona Kołłątaja"/>
      <tag k="branch" v="pl"/>
      <tag k="brand" v="Loombard"/>
      <tag k="brand:wikidata" v="Q113227799"/>
      <tag k="name" v="Loombard"/>
      <tag k="shop" v="pawnbroker"/>
      <tag k="operator" v="Auto Lombard sp. z o.o."/>
      <tag k="operator:ref:rdl_knf" v="RDL000111"/>
      <tag k="source:shop" v="Rejestr działalności lombardowej KNF"/>
    </node>
    <node id="5818113713" action="modify" timestamp="2018-08-08T13:47:26Z" uid="1432567" user="JakubC" visible="true" version="1" changeset="61469551" lat="54.5409709" lon="17.7479026">
      <tag k="addr:city" v="Lębork"/>
      <tag k="addr:housenumber" v="15A"/>
      <tag k="addr:postcode" v="84-300"/>
      <tag k="addr:street" v="Staromiejska"/>
      <tag k="name" v="GM Lombard"/>
      <tag k="shop" v="pawnbroker"/>
      <tag k="operator" v="Gold-Money.Pl sp. z o.o."/>
      <tag k="operator:ref:rdl_knf" v="RDL000211"/>
      <tag k="source:shop" v="Rejestr działalności lombardowej KNF"/>
    </node>
    <node id="9173393236" action="modify" timestamp="2025-11-13T11:11:31Z" uid="1682993" user="szedar" visible="true" version="4" changeset="174599684" lat="50.812186" lon="19.1269131">
      <tag k="addr:city" v="Częstochowa"/>
      <tag k="addr:housenumber" v="5"/>
      <tag k="addr:postcode" v="42-202"/>
      <tag k="addr:street" v="Plac Ignacego Daszyńskiego"/>
      <tag k="brand" v="Loombard"/>
      <tag k="brand:wikidata" v="Q113227799"/>
      <tag k="name" v="Loombard"/>
      <tag k="phone" v="+48 34 368 99 84"/>
      <tag k="shop" v="pawnbroker"/>
      <tag k="operator" v="Joker Lombard sp. z o.o."/>
      <tag k="operator:ref:rdl_knf" v="RDL000166"/>
      <tag k="add:flat" v="7"/>
      <tag k="source:shop" v="Rejestr działalności lombardowej KNF"/>
    </node>
    <node id="5297617184" action="modify" timestamp="2025-11-13T11:11:31Z" uid="1682993" user="szedar" visible="true" version="3" changeset="174599684" lat="50.3468028" lon="18.9203632">
      <tag k="addr:city" v="Bytom"/>
      <tag k="addr:postcode" v="41-902"/>
      <tag k="addr:street" v="Antoniego Józefczaka"/>
      <tag k="brand" v="Loombard"/>
      <tag k="brand:wikidata" v="Q113227799"/>
      <tag k="email" v="jozefczaka@loombard.pl"/>
      <tag k="name" v="Loombard"/>
      <tag k="opening_hours" v="Mo-Su 08:00-22:00"/>
      <tag k="phone" v="+48 32 280 09 51"/>
      <tag k="shop" v="pawnbroker"/>
      <tag k="operator" v="Lombard Gold sp. z o.o."/>
      <tag k="operator:ref:rdl_knf" v="RDL000097"/>
      <tag k="addr:housenumber" v="4"/>
      <tag k="source:shop" v="Rejestr działalności lombardowej KNF"/>
    </node>
    <node id="6522150691" action="modify" timestamp="2019-06-04T21:46:11Z" uid="3266826" user="user_3266826" visible="true" version="1" changeset="70938947" lat="51.8030919" lon="15.7152495">
      <tag k="addr:city" v="Nowa Sól"/>
      <tag k="addr:housenumber" v="10"/>
      <tag k="addr:postcode" v="67-100"/>
      <tag k="addr:street" v="Wojska Polskiego"/>
      <tag k="amenity" v="bureau_de_change"/>
      <tag k="name" v="Loombard"/>
      <tag k="operator" v="Lombard Gold sp. z o.o."/>
      <tag k="operator:ref:rdl_knf" v="RDL000097"/>
      <tag k="brand" v="Loombard"/>
      <tag k="brand:wikidata" v="Q113227799"/>
      <tag k="shop" v="pawnbroker"/>
      <tag k="source:shop" v="Rejestr działalności lombardowej KNF"/>
    </node>
    <node id="11364437131" action="modify" timestamp="2024-02-08T17:10:54Z" uid="18104069" user="Vlctm" visible="true" version="3" changeset="147226352" lat="53.7752875" lon="20.4719878">
      <tag k="addr:city" v="Olsztyn"/>
      <tag k="addr:housenumber" v="12"/>
      <tag k="addr:street" v="Grunwaldzka"/>
      <tag k="name" v="Loombard"/>
      <tag k="shop" v="pawnbroker"/>
      <tag k="operator" v="Lombard Gold sp. z o.o."/>
      <tag k="operator:ref:rdl_knf" v="RDL000097"/>
      <tag k="addr:postcode" v="10-124"/>
      <tag k="brand" v="Loombard"/>
      <tag k="brand:wikidata" v="Q113227799"/>
      <tag k="add:flat" v="13/14"/>
      <tag k="source:shop" v="Rejestr działalności lombardowej KNF"/>
    </node>
    <node id="9205353905" action="modify" timestamp="2021-10-27T17:00:23Z" uid="7666585" user="rdzik" visible="true" version="1" changeset="113047436" lat="49.7871992" lon="22.7666388">
      <tag k="addr:city" v="Przemyśl"/>
      <tag k="addr:housenumber" v="10"/>
      <tag k="addr:postcode" v="37-700"/>
      <tag k="addr:street" v="3 Maja"/>
      <tag k="name" v="Loombard"/>
      <tag k="shop" v="pawnbroker"/>
      <tag k="operator" v="Lombard Gold sp. z o.o."/>
      <tag k="operator:ref:rdl_knf" v="RDL000097"/>
      <tag k="brand" v="Loombard"/>
      <tag k="brand:wikidata" v="Q113227799"/>
      <tag k="source:shop" v="Rejestr działalności lombardowej KNF"/>
    </node>
    <node id="2183519173" action="modify" timestamp="2019-12-21T21:16:56Z" uid="10492626" user="kpv8" visible="true" version="3" changeset="78721610" lat="51.5441719" lon="23.5540275">
      <tag k="addr:city" v="Włodawa"/>
      <tag k="addr:housenumber" v="23"/>
      <tag k="addr:postcode" v="22-200"/>
      <tag k="addr:street" v="Rynek"/>
      <tag k="amenity" v="bureau_de_change"/>
      <tag k="name" v="Loombard"/>
      <tag k="source:addr" v="http://mwlodawa.punktyadresowe.pl"/>
      <tag k="operator" v="Lombard Gold sp. z o.o."/>
      <tag k="operator:ref:rdl_knf" v="RDL000097"/>
      <tag k="brand" v="Loombard"/>
      <tag k="brand:wikidata" v="Q113227799"/>
      <tag k="shop" v="pawnbroker"/>
      <tag k="source:shop" v="Rejestr działalności lombardowej KNF"/>
    </node>
    <node id="5148523787" action="modify" timestamp="2022-10-08T19:16:37Z" uid="3266826" user="user_3266826" visible="true" version="4" changeset="127217918" lat="51.9378671" lon="15.5027295">
      <tag k="addr:city" v="Zielona Góra"/>
      <tag k="addr:housenumber" v="7"/>
      <tag k="addr:postcode" v="65-018"/>
      <tag k="addr:street" v="Jedności"/>
      <tag k="brand" v="Loombard"/>
      <tag k="brand:wikidata" v="Q113227799"/>
      <tag k="name" v="Loombard"/>
      <tag k="shop" v="pawnbroker"/>
      <tag k="operator" v="Lombard Gold sp. z o.o."/>
      <tag k="operator:ref:rdl_knf" v="RDL000097"/>
      <tag k="source:shop" v="Rejestr działalności lombardowej KNF"/>
    </node>
    <node id="13270239504" action="modify" timestamp="2025-10-31T12:19:00Z" uid="6794624" user="Comino" visible="true" version="3" changeset="174018382" lat="50.0565928" lon="19.9291824">
      <tag k="addr:city" v="Kraków"/>
      <tag k="addr:housenumber" v="29/113A"/>
      <tag k="addr:postcode" v="31-105"/>
      <tag k="addr:street" v="Zwierzyniecka"/>
      <tag k="amenity" v="bureau_de_change"/>
      <tag k="currency:EUR" v="yes"/>
      <tag k="currency:PLN" v="yes"/>
      <tag k="currency:USD" v="yes"/>
      <tag k="email" v="krakow@tothemoon.pl"/>
      <tag k="name" v="To The Moon"/>
      <tag k="opening_hours" v="Mo-Fr 10:00-18:00"/>
      <tag k="operator" v="Lombard Kaps 2 sp. z o.o."/>
      <tag k="payment:cash" v="yes"/>
      <tag k="phone" v="+48 571 305 305"/>
      <tag k="website" v="https://www.tothemoon.pl/kantor-kryptowalut-krakow/"/>
      <tag k="operator:ref:rdl_knf" v="RDL000129"/>
      <tag k="shop" v="pawnbroker"/>
      <tag k="source:shop" v="Rejestr działalności lombardowej KNF"/>
    </node>
    <node id="8787231556" action="modify" timestamp="2026-06-30T08:00:39Z" uid="6794624" user="Comino" visible="true" version="6" changeset="184839967" lat="50.0674278" lon="19.9385575">
      <tag k="addr:city" v="Kraków"/>
      <tag k="addr:housenumber" v="16"/>
      <tag k="addr:postcode" v="31-146"/>
      <tag k="addr:street" v="Długa"/>
      <tag k="amenity" v="bureau_de_change"/>
      <tag k="check_date" v="2026-02-26"/>
      <tag k="contact:telegram" v="https://t.me/wm_1144"/>
      <tag k="currency:XBT" v="yes"/>
      <tag k="email" v="whitemoney1144@gmail.com"/>
      <tag k="name" v="White Money"/>
      <tag k="opening_hours" v="Mo-Su 09:00-20:00"/>
      <tag k="payment:lightning" v="yes"/>
      <tag k="payment:lightning_contactless" v="yes"/>
      <tag k="payment:onchain" v="yes"/>
      <tag k="phone" v="+48 453 222 232"/>
      <tag k="website" v="https://whitemoney.pl/"/>
      <tag k="operator" v="Lombard Kaps 2 sp. z o.o."/>
      <tag k="operator:ref:rdl_knf" v="RDL000129"/>
      <tag k="shop" v="pawnbroker"/>
      <tag k="source:shop" v="Rejestr działalności lombardowej KNF"/>
    </node>
    <node id="5738801454" action="modify" timestamp="2018-07-04T10:46:58Z" uid="2661941" user="kompowiec2" visible="true" version="1" changeset="60404970" lat="50.2745734" lon="19.1334939">
      <tag k="addr:city" v="Sosnowiec"/>
      <tag k="addr:housenumber" v="47"/>
      <tag k="addr:postcode" v="41-200"/>
      <tag k="addr:street" v="Modrzejowska"/>
      <tag k="name" v="Blue lombard"/>
      <tag k="opening_hours" v="Mo-Su 08:00-22:00"/>
      <tag k="payment:cash" v="yes"/>
      <tag k="phone" v="+48731171117"/>
      <tag k="shop" v="pawnbroker"/>
      <tag k="operator" v="Lombard Kaps 4 sp. z o.o."/>
      <tag k="operator:ref:rdl_knf" v="RDL000106"/>
      <tag k="source:shop" v="Rejestr działalności lombardowej KNF"/>
    </node>
    <node id="3348270131" action="modify" timestamp="2021-11-18T15:22:07Z" uid="8534839" user="arukuni" visible="true" version="2" changeset="113949221" lat="50.2719279" lon="18.9384235">
      <tag k="addr:city" v="Chorzów"/>
      <tag k="addr:housenumber" v="30"/>
      <tag k="addr:postcode" v="41-506"/>
      <tag k="addr:street" v="Stefana Batorego"/>
      <tag k="amenity" v="bureau_de_change"/>
      <tag k="name" v="Loombard"/>
      <tag k="shop" v="pawnbroker"/>
      <tag k="survey:date" v="2015-02-13"/>
      <tag k="operator" v="Lombard Medium  sp. z o.o."/>
      <tag k="operator:ref:rdl_knf" v="RDL000104"/>
      <tag k="brand" v="Loombard"/>
      <tag k="brand:wikidata" v="Q113227799"/>
      <tag k="source:shop" v="Rejestr działalności lombardowej KNF"/>
    </node>
    <node id="8830051518" action="modify" timestamp="2021-12-03T09:42:37Z" uid="8316246" user="Cambroulet" visible="true" version="2" changeset="114515391" lat="50.9423824" lon="17.2952304">
      <tag k="addr:city" v="Oława"/>
      <tag k="addr:housenumber" v="2U"/>
      <tag k="addr:postcode" v="55-200"/>
      <tag k="addr:street" v="Rynek"/>
      <tag k="name" v="Loombard"/>
      <tag k="shop" v="pawnbroker"/>
      <tag k="operator" v="Lombard Medium  sp. z o.o."/>
      <tag k="operator:ref:rdl_knf" v="RDL000104"/>
      <tag k="brand" v="Loombard"/>
      <tag k="brand:wikidata" v="Q113227799"/>
      <tag k="add:flat" v="2U"/>
      <tag k="source:shop" v="Rejestr działalności lombardowej KNF"/>
    </node>
    <node id="7204104660" action="modify" timestamp="2021-12-03T09:42:37Z" uid="8316246" user="Cambroulet" visible="true" version="3" changeset="114515391" lat="50.9435253" lon="17.2954764">
      <tag k="addr:city" v="Oława"/>
      <tag k="addr:housenumber" v="2"/>
      <tag k="addr:postcode" v="55-200"/>
      <tag k="addr:street" v="Krótka"/>
      <tag k="name" v="Loombard"/>
      <tag k="opening_hours" v="Mo-Fr 08:00-20:00; Sa 08:00-20:00; Su 09:00-16:00"/>
      <tag k="phone" v="+48 71 318 41 39"/>
      <tag k="shop" v="pawnbroker"/>
      <tag k="operator" v="Lombard Medium  sp. z o.o."/>
      <tag k="operator:ref:rdl_knf" v="RDL000104"/>
      <tag k="brand" v="Loombard"/>
      <tag k="brand:wikidata" v="Q113227799"/>
      <tag k="source:shop" v="Rejestr działalności lombardowej KNF"/>
    </node>
    <node id="1533254572" action="modify" timestamp="2011-12-05T21:15:05Z" uid="203436" user="rewelator" visible="true" version="1" changeset="10045670" lat="51.8931133" lon="18.9550015">
      <tag k="addr:city" v="Poddębice"/>
      <tag k="addr:housename" v="Kantor"/>
      <tag k="addr:housenumber" v="22"/>
      <tag k="addr:postcode" v="99-200"/>
      <tag k="addr:street" v="Łódzka"/>
      <tag k="amenity" v="bureau_de_change"/>
      <tag k="contact:phone" v="+48604278391"/>
      <tag k="name" v="Loombard"/>
      <tag k="opening_hours" v="Mo-Fr 09:00-17:00; Sa 09:00-13:00"/>
      <tag k="operator" v="Lombard Medium  sp. z o.o."/>
      <tag k="operator:ref:rdl_knf" v="RDL000104"/>
      <tag k="brand" v="Loombard"/>
      <tag k="brand:wikidata" v="Q113227799"/>
      <tag k="add:flat" v="4"/>
      <tag k="shop" v="pawnbroker"/>
      <tag k="source:shop" v="Rejestr działalności lombardowej KNF"/>
    </node>
    <node id="1646047688" action="modify" timestamp="2013-01-21T07:00:27Z" uid="536107" user="RoboD" visible="true" version="3" changeset="14729733" lat="53.8230343" lon="22.3542709">
      <tag k="addr:city" v="Ełk"/>
      <tag k="addr:housenumber" v="26"/>
      <tag k="addr:street" v="Armii Krajowej"/>
      <tag k="amenity" v="bureau_de_change"/>
      <tag k="operator" v="Lombard Platinum sp. z o.o."/>
      <tag k="operator:ref:rdl_knf" v="RDL000110"/>
      <tag k="addr:postcode" v="19-300"/>
      <tag k="brand" v="Loombard"/>
      <tag k="name" v="Loombard"/>
      <tag k="brand:wikidata" v="Q113227799"/>
      <tag k="add:flat" v="8"/>
      <tag k="shop" v="pawnbroker"/>
      <tag k="source:shop" v="Rejestr działalności lombardowej KNF"/>
    </node>
    <node id="12851740899" action="modify" timestamp="2025-05-20T20:33:29Z" uid="3891911" user="Sniping" visible="true" version="1" changeset="166541770" lat="51.7493328" lon="19.3228306">
      <tag k="addr:city" v="Konstantynów Łódzki"/>
      <tag k="addr:housenumber" v="11"/>
      <tag k="addr:postcode" v="95-050"/>
      <tag k="addr:street" v="Jana Pawła II"/>
      <tag k="amenity" v="bureau_de_change"/>
      <tag k="name" v="Loombard"/>
      <tag k="opening_hours" v="Mo-Fr 09:00-17:00"/>
      <tag k="phone" v="+48 662 117 880"/>
      <tag k="operator" v="Lombard Platinum sp. z o.o."/>
      <tag k="operator:ref:rdl_knf" v="RDL000110"/>
      <tag k="brand" v="Loombard"/>
      <tag k="brand:wikidata" v="Q113227799"/>
      <tag k="shop" v="pawnbroker"/>
      <tag k="source:shop" v="Rejestr działalności lombardowej KNF"/>
    </node>
    <node id="14152805458" action="modify" timestamp="2026-09-11T17:56:53Z" uid="18511019" user="Senihtu" visible="true" version="3" changeset="188885120" lat="54.0084231" lon="15.9850316">
      <tag k="addr:city" v="Białogard"/>
      <tag k="addr:housenumber" v="19/1"/>
      <tag k="addr:postcode" v="78-200"/>
      <tag k="addr:street" v="1 Maja"/>
      <tag k="branch" v="Białogard"/>
      <tag k="brand" v="Loombard"/>
      <tag k="brand:wikidata" v="Q113227799"/>
      <tag k="email" v="BIALOGARD@LOOMBARD.PL"/>
      <tag k="name" v="Loombard"/>
      <tag k="opening_hours" v="08:00-21:00"/>
      <tag k="payment:blik" v="yes"/>
      <tag k="payment:cards" v="yes"/>
      <tag k="payment:cash" v="yes"/>
      <tag k="payment:contactless" v="yes"/>
      <tag k="payment:credit_cards" v="yes"/>
      <tag k="phone" v="+48 787 916 826"/>
      <tag k="second_hand" v="yes"/>
      <tag k="shop" v="pawnbroker"/>
      <tag k="website" v="https://www.loombard.pl/categories?location%5B%5D=BIA%C5%81OGARD"/>
      <tag k="operator" v="Lombard Silver  sp. z o.o."/>
      <tag k="operator:ref:rdl_knf" v="RDL000109"/>
      <tag k="add:flat" v="1"/>
      <tag k="source:shop" v="Rejestr działalności lombardowej KNF"/>
    </node>
    <node id="13456508901" action="modify" timestamp="2026-08-24T21:14:35Z" uid="5118888" user="demaniac" visible="true" version="2" changeset="187960566" lat="53.1365262" lon="23.1622642">
      <tag k="addr:city" v="Białystok"/>
      <tag k="addr:housenumber" v="1"/>
      <tag k="addr:street" v="Jurowiecka"/>
      <tag k="amenity" v="bureau_de_change"/>
      <tag k="level" v="0"/>
      <tag k="operator" v="Lombard Silver  sp. z o.o."/>
      <tag k="operator:ref:rdl_knf" v="RDL000109"/>
      <tag k="addr:postcode" v="15-101"/>
      <tag k="brand" v="Loombard"/>
      <tag k="name" v="Loombard"/>
      <tag k="brand:wikidata" v="Q113227799"/>
      <tag k="shop" v="pawnbroker"/>
      <tag k="source:shop" v="Rejestr działalności lombardowej KNF"/>
    </node>
    <node id="6566649050" action="modify" timestamp="2019-06-23T22:48:50Z" uid="3266826" user="user_3266826" visible="true" version="1" changeset="71542794" lat="51.6675538" lon="16.0791231">
      <tag k="addr:city" v="Głogów"/>
      <tag k="addr:housenumber" v="9"/>
      <tag k="addr:postcode" v="67-200"/>
      <tag k="addr:street" v="Plac 1000-lecia"/>
      <tag k="name" v="Loombard"/>
      <tag k="shop" v="pawnbroker"/>
      <tag k="operator" v="Lombard Silver  sp. z o.o."/>
      <tag k="operator:ref:rdl_knf" v="RDL000109"/>
      <tag k="brand" v="Loombard"/>
      <tag k="brand:wikidata" v="Q113227799"/>
      <tag k="source:shop" v="Rejestr działalności lombardowej KNF"/>
    </node>
    <node id="5297638151" action="modify" timestamp="2025-11-13T11:11:31Z" uid="1682993" user="szedar" visible="true" version="3" changeset="174599684" lat="50.349" lon="18.9090793">
      <tag k="addr:city" v="Bytom"/>
      <tag k="addr:housenumber" v="26"/>
      <tag k="addr:postcode" v="41-902"/>
      <tag k="addr:street" v="Wrocławska"/>
      <tag k="brand" v="Loombard"/>
      <tag k="brand:wikidata" v="Q113227799"/>
      <tag k="email" v="wroclawska26@lombardi.pl"/>
      <tag k="name" v="Loombard"/>
      <tag k="opening_hours" v="Mo-Su 09:00-22:00"/>
      <tag k="phone" v="+48 32 280 03 70"/>
      <tag k="shop" v="pawnbroker"/>
      <tag k="operator" v="Lombard System  sp. z o.o."/>
      <tag k="operator:ref:rdl_knf" v="RDL000100"/>
      <tag k="source:shop" v="Rejestr działalności lombardowej KNF"/>
    </node>
    <node id="9528275104" action="modify" timestamp="2022-02-22T20:41:58Z" uid="12107493" user="Franciszek Józef" visible="true" version="1" changeset="117743761" lat="50.0108844" lon="20.9826238">
      <tag k="addr:city" v="Tarnów"/>
      <tag k="addr:housenumber" v="14"/>
      <tag k="addr:postcode" v="33-100"/>
      <tag k="addr:street" v="Krakowska"/>
      <tag k="amenity" v="bureau_de_change"/>
      <tag k="operator" v="Lombard System  sp. z o.o."/>
      <tag k="operator:ref:rdl_knf" v="RDL000100"/>
      <tag k="brand" v="Loombard"/>
      <tag k="name" v="Loombard"/>
      <tag k="brand:wikidata" v="Q113227799"/>
      <tag k="shop" v="pawnbroker"/>
      <tag k="source:shop" v="Rejestr działalności lombardowej KNF"/>
    </node>
    <node id="5809062317" action="modify" timestamp="2024-11-25T21:29:02Z" uid="1759163" user="iso-lator" visible="true" version="3" changeset="159590706" lat="51.534741" lon="20.0070727">
      <tag k="addr:city" v="Tomaszów Mazowiecki"/>
      <tag k="addr:housenumber" v="1"/>
      <tag k="addr:postcode" v="97-200"/>
      <tag k="addr:street" v="Warszawska"/>
      <tag k="amenity" v="bureau_de_change"/>
      <tag k="is_in:building" v="Galeria Tomaszów"/>
      <tag k="name" v="Loombard"/>
      <tag k="opening_hours" v="Mo-Sa 09:00-21:00; Su 10:00-20:00"/>
      <tag k="phone" v="+48 44 715 51 20"/>
      <tag k="shop" v="pawnbroker"/>
      <tag k="wheelchair" v="yes"/>
      <tag k="operator" v="Lombard System  sp. z o.o."/>
      <tag k="operator:ref:rdl_knf" v="RDL000100"/>
      <tag k="brand" v="Loombard"/>
      <tag k="brand:wikidata" v="Q113227799"/>
      <tag k="source:shop" v="Rejestr działalności lombardowej KNF"/>
    </node>
    <node id="10699490860" action="modify" timestamp="2024-05-10T17:24:53Z" uid="17565129" user="descubrebitcoin" visible="true" version="3" changeset="151157388" lat="51.0975837" lon="17.0257364">
      <tag k="addr:city" v="Wrocław"/>
      <tag k="addr:housenumber" v="28-30"/>
      <tag k="addr:postcode" v="53-333"/>
      <tag k="addr:street" v="Powstańców Śląskich"/>
      <tag k="addr:unit" v="604"/>
      <tag k="amenity" v="bureau_de_change"/>
      <tag k="check_date" v="2024-05-10"/>
      <tag k="currency:PLN" v="yes"/>
      <tag k="currency:XBT" v="yes"/>
      <tag k="email" v="wroclaw@flyingatom.com"/>
      <tag k="level" v="6"/>
      <tag k="name" v="Loombard"/>
      <tag k="opening_hours" v="Mo-Fr 09:00-17:00"/>
      <tag k="operator" v="Lombard System  sp. z o.o."/>
      <tag k="payment:cash" v="yes"/>
      <tag k="payment:onchain" v="yes"/>
      <tag k="phone" v="+48 501 801 056"/>
      <tag k="website" v="https://flyingatom.com/kantor-bitcoin-wroclaw/"/>
      <tag k="operator:ref:rdl_knf" v="RDL000100"/>
      <tag k="brand" v="Loombard"/>
      <tag k="brand:wikidata" v="Q113227799"/>
      <tag k="shop" v="pawnbroker"/>
      <tag k="source:shop" v="Rejestr działalności lombardowej KNF"/>
    </node>
    <node id="5572303230" action="modify" timestamp="2019-05-19T20:48:18Z" uid="3266826" user="user_3266826" visible="true" version="2" changeset="70420440" lat="51.6363156" lon="15.1373924">
      <tag k="addr:city" v="Żary"/>
      <tag k="addr:housenumber" v="11"/>
      <tag k="addr:postcode" v="68-200"/>
      <tag k="addr:street" v="Śródmiejska"/>
      <tag k="name" v="Loombard"/>
      <tag k="shop" v="pawnbroker"/>
      <tag k="operator" v="Lombard System  sp. z o.o."/>
      <tag k="operator:ref:rdl_knf" v="RDL000100"/>
      <tag k="brand" v="Loombard"/>
      <tag k="brand:wikidata" v="Q113227799"/>
      <tag k="source:shop" v="Rejestr działalności lombardowej KNF"/>
    </node>
    <node id="6484464634" action="modify" timestamp="2019-05-19T20:48:11Z" uid="3266826" user="user_3266826" visible="true" version="1" changeset="70420440" lat="51.6385494" lon="15.1368977">
      <tag k="addr:city" v="Żary"/>
      <tag k="addr:housenumber" v="39"/>
      <tag k="addr:postcode" v="68-200"/>
      <tag k="addr:street" v="Podchorążych"/>
      <tag k="name" v="Loombard"/>
      <tag k="shop" v="pawnbroker"/>
      <tag k="operator" v="Lombard System  sp. z o.o."/>
      <tag k="operator:ref:rdl_knf" v="RDL000100"/>
      <tag k="brand" v="Loombard"/>
      <tag k="brand:wikidata" v="Q113227799"/>
      <tag k="source:shop" v="Rejestr działalności lombardowej KNF"/>
    </node>
    <node id="11328897490" action="modify" timestamp="2026-04-17T14:01:53Z" uid="67255" user="Rogoyski" visible="true" version="2" changeset="181460299" lat="50.0689153" lon="22.2308723">
      <tag k="addr:city" v="Łańcut"/>
      <tag k="addr:housenumber" v="5"/>
      <tag k="addr:postcode" v="37-100"/>
      <tag k="addr:street" v="Ottona z Pilczy"/>
      <tag k="check_date" v="2026-04-17"/>
      <tag k="contact:email" v="biuro@lombard-i.pl"/>
      <tag k="name" v="Lombard-i.pl"/>
      <tag k="opening_hours" v="Mo-Fr 09:00-17:00; Sa 09:00-13:00"/>
      <tag k="shop" v="pawnbroker"/>
      <tag k="wheelchair" v="no"/>
      <tag k="operator" v="Lombardi sp. z o.o."/>
      <tag k="operator:ref:rdl_knf" v="RDL000186"/>
      <tag k="source:shop" v="Rejestr działalności lombardowej KNF"/>
    </node>
    <node id="14042264935" action="modify" timestamp="2026-07-24T06:22:12Z" uid="23492813" user="confusedbuffalo-bot" visible="true" version="2" changeset="186275818" lat="50.2137544" lon="18.9756097">
      <tag k="addr:city" v="Katowice"/>
      <tag k="addr:housenumber" v="51"/>
      <tag k="addr:postcode" v="40-698"/>
      <tag k="addr:street" v="Armii Krajowej"/>
      <tag k="amenity" v="bureau_de_change"/>
      <tag k="name" v="Lombards.pl"/>
      <tag k="opening_hours" v="Mo-Sa 09:00-21:00"/>
      <tag k="phone" v="+48 32 209 85 58"/>
      <tag k="website" v="https://www.exg.pl/kantory/kantor/katowice/kaufland-famur/"/>
      <tag k="operator" v="Lombards.Pl sp. z o.o."/>
      <tag k="operator:ref:rdl_knf" v="RDL000218"/>
      <tag k="shop" v="pawnbroker"/>
      <tag k="source:shop" v="Rejestr działalności lombardowej KNF"/>
    </node>
    <node id="11947617396" action="modify" timestamp="2024-06-07T18:14:30Z" uid="17565129" user="descubrebitcoin" visible="true" version="2" changeset="152388264" lat="49.6247501" lon="20.6981528">
      <tag k="addr:city" v="Nowy Sącz"/>
      <tag k="addr:housenumber" v="38/6"/>
      <tag k="addr:postcode" v="33-300"/>
      <tag k="addr:street" v="Lwowska"/>
      <tag k="amenity" v="bureau_de_change"/>
      <tag k="check_date" v="2024-06-07"/>
      <tag k="currency:PLN" v="yes"/>
      <tag k="currency:XBT" v="yes"/>
      <tag k="email" v="nowysacz@quark.house"/>
      <tag k="level" v="2"/>
      <tag k="name" v="Kantor Bitcoin Quark Nowy Sącz"/>
      <tag k="opening_hours" v="Mo-Fr 10:00-18:00; Sa 10:00-14:00"/>
      <tag k="operator" v="Mewa Finanse sp. z o.o."/>
      <tag k="payment:cash" v="yes"/>
      <tag k="payment:ethereum" v="yes"/>
      <tag k="payment:tether" v="yes"/>
      <tag k="phone" v="+48 735 097 077"/>
      <tag k="website" v="https://quark.house/kantory/kantor-bitcoin-quark-nowy-sacz/"/>
      <tag k="operator:ref:rdl_knf" v="RDL000018"/>
      <tag k="shop" v="pawnbroker"/>
      <tag k="source:shop" v="Rejestr działalności lombardowej KNF"/>
    </node>
    <node id="4745876076" action="modify" timestamp="2024-10-14T11:07:00Z" uid="23168" user="adas" visible="true" version="7" changeset="157871338" lat="53.1251707" lon="18.0543945">
      <tag k="addr:city" v="Bydgoszcz"/>
      <tag k="addr:housenumber" v="94a"/>
      <tag k="addr:postcode" v="85-733"/>
      <tag k="addr:street" v="Marii Skłodowskiej-Curie"/>
      <tag k="shop" v="pawnbroker"/>
      <tag k="operator" v="Pawnlombard Pm sp. z o.o."/>
      <tag k="operator:ref:rdl_knf" v="RDL000067"/>
      <tag k="source:shop" v="Rejestr działalności lombardowej KNF"/>
    </node>
    <node id="6250259622" action="modify" timestamp="2020-11-16T18:27:53Z" uid="328526" user="zVID" visible="true" version="2" changeset="94220189" lat="50.348688" lon="18.9250271">
      <tag k="addr:city" v="Bytom"/>
      <tag k="addr:housenumber" v="1"/>
      <tag k="addr:postcode" v="41-902"/>
      <tag k="addr:street" v="Podgórna"/>
      <tag k="name" v="Lombardoro"/>
      <tag k="payment:cash" v="yes"/>
      <tag k="phone" v="+48731954409"/>
      <tag k="shop" v="pawnbroker"/>
      <tag k="operator" v="Skab sp. z o.o."/>
      <tag k="operator:ref:rdl_knf" v="RDL000223"/>
      <tag k="add:flat" v="14"/>
      <tag k="source:shop" v="Rejestr działalności lombardowej KNF"/>
    </node>
    <node id="13119886672" action="modify" timestamp="2025-11-13T08:45:12Z" uid="1682993" user="szedar" visible="true" version="2" changeset="174593230" lat="51.603245" lon="18.9310534">
      <tag k="addr:city" v="Zduńska Wola"/>
      <tag k="addr:housenumber" v="8"/>
      <tag k="addr:postcode" v="98-220"/>
      <tag k="addr:street" v="Sieradzka"/>
      <tag k="name" v="Otolombard Lumik"/>
      <tag k="opening_hours" v="Mo-Fr 09:00-17:30; Sa 09:00-14:00"/>
      <tag k="phone" v="+48 513 343 438"/>
      <tag k="shop" v="pawnbroker"/>
      <tag k="operator" v="Spoko Lombard 2 sp. z o.o."/>
      <tag k="operator:ref:rdl_knf" v="RDL000001"/>
      <tag k="source:shop" v="Rejestr działalności lombardowej KNF"/>
    </node>
    <node id="10573206123" action="modify" timestamp="2026-04-22T08:36:45Z" uid="12914377" user="Patryk2710" visible="true" version="4" changeset="181661105" lat="50.041935" lon="22.0029347">
      <tag k="addr:city" v="Rzeszów"/>
      <tag k="addr:housenumber" v="2"/>
      <tag k="addr:postcode" v="35-068"/>
      <tag k="addr:street" v="Artura Grottgera"/>
      <tag k="amenity" v="bureau_de_change"/>
      <tag k="name" v="Kwadrat"/>
      <tag k="opening_hours" v="Mo-Fr 09:00-17:00; Sa 09:00-13:00; Su off"/>
      <tag k="phone" v="+48663333122;+48178522521"/>
      <tag k="website" v="http://www.kantory-rzeszow.pl/"/>
      <tag k="operator" v="Szeli sp. z o.o."/>
      <tag k="operator:ref:rdl_knf" v="RDL000187"/>
      <tag k="shop" v="pawnbroker"/>
      <tag k="source:shop" v="Rejestr działalności lombardowej KNF"/>
    </node>
    <node id="10098359992" action="modify" timestamp="2022-10-13T15:14:01Z" uid="1682993" user="szedar" visible="true" version="1" changeset="127476388" lat="50.9393715" lon="21.3897582">
      <tag k="addr:city" v="Ostrowiec Świętokrzyski"/>
      <tag k="addr:country" v="PL"/>
      <tag k="addr:housenumber" v="5a"/>
      <tag k="addr:postcode" v="27-400"/>
      <tag k="addr:street" v="Okólna"/>
      <tag k="amenity" v="bureau_de_change"/>
      <tag k="contact:facebook" v="https://www.facebook.com/twojkantorostrowiec/"/>
      <tag k="level" v="0"/>
      <tag k="name" v="Twój-Kantor Grzegorz Jurek"/>
      <tag k="opening_hours" v="Mo-Fr 08:00-18:00; Sa 09:00-15:00; PH off"/>
      <tag k="phone" v="+48 41 265 48 15"/>
      <tag k="website" v="https://twoj-kantor.pl/"/>
      <tag k="operator" v="Top sp. z o.o."/>
      <tag k="operator:ref:rdl_knf" v="RDL000069"/>
      <tag k="shop" v="pawnbroker"/>
      <tag k="source:shop" v="Rejestr działalności lombardowej KNF"/>
    </node>
    <node id="4532519796" action="modify" timestamp="2024-10-18T08:28:04Z" uid="10319774" user="Kloooosss" visible="true" version="5" changeset="158039650" lat="52.2065579" lon="21.1677244">
      <tag k="addr:city" v="Warszawa"/>
      <tag k="addr:housenumber" v="4"/>
      <tag k="addr:postcode" v="04-760"/>
      <tag k="addr:street" v="Kazimierza Szpotańskiego"/>
      <tag k="amenity" v="bureau_de_change"/>
      <tag k="highway" v="elevator"/>
      <tag k="level" v="0"/>
      <tag k="name" v="Kantor Ferio"/>
      <tag k="opening_hours" v="Mo-Sa 09:00-21:00; Su 10:00-20:00"/>
      <tag k="operator" v="Artar Fine Gold sp. z o.o."/>
      <tag k="operator:ref:rdl_knf" v="RDL000154"/>
      <tag k="add:flat" v="U3"/>
      <tag k="shop" v="pawnbroker"/>
      <tag k="source:shop" v="Rejestr działalności lombardowej KNF"/>
    </node>
    <node id="12312677576" action="modify" timestamp="2024-11-04T19:26:36Z" uid="18104069" user="Vlctm" visible="true" version="1" changeset="158754198" lat="53.7413098" lon="20.4970798">
      <tag k="addr:city" v="Olsztyn"/>
      <tag k="addr:housenumber" v="3"/>
      <tag k="addr:postcode" v="10-692"/>
      <tag k="addr:street" v="Jana Janowicza"/>
      <tag k="brand" v="Loombard"/>
      <tag k="brand:wikidata" v="Q113227799"/>
      <tag k="name" v="Loombard"/>
      <tag k="shop" v="pawnbroker"/>
      <tag k="operator" v="Bojarowicz Pożyczki sp. z o.o."/>
      <tag k="operator:ref:rdl_knf" v="RDL000066"/>
      <tag k="add:flat" v="3a"/>
      <tag k="source:shop" v="Rejestr działalności lombardowej KNF"/>
    </node>
    <node id="4548595223" action="modify" timestamp="2018-10-27T00:10:05Z" uid="3266826" user="user_3266826" visible="true" version="2" changeset="63917301" lat="51.6490373" lon="17.8155111">
      <tag k="addr:city" v="Ostrów Wielkopolski"/>
      <tag k="addr:housenumber" v="4"/>
      <tag k="addr:postcode" v="63-400"/>
      <tag k="addr:street" v="Wrocławska"/>
      <tag k="amenity" v="bureau_de_change"/>
      <tag k="name" v="Suchorzewski"/>
      <tag k="operator" v="Ezlombard sp. z o.o."/>
      <tag k="operator:ref:rdl_knf" v="RDL000056"/>
      <tag k="shop" v="pawnbroker"/>
      <tag k="source:shop" v="Rejestr działalności lombardowej KNF"/>
    </node>
    <node id="1774352686" action="modify" timestamp="2026-02-24T10:38:23Z" uid="11437083" user="czebureks" visible="true" version="3" changeset="178981463" lat="54.3484833" lon="18.6674946">
      <tag k="addr:city" v="Gdańsk"/>
      <tag k="addr:housenumber" v="47"/>
      <tag k="addr:street" v="Długie Ogrody"/>
      <tag k="amenity" v="bureau_de_change"/>
      <tag k="currency:EUR" v="yes"/>
      <tag k="currency:PLN" v="yes"/>
      <tag k="currency:USD" v="yes"/>
      <tag k="name" v="Kaszub"/>
      <tag k="operator" v="Financial Enteprise sp. z o.o."/>
      <tag k="operator:ref:rdl_knf" v="RDL000163"/>
      <tag k="addr:postcode" v="80-037"/>
      <tag k="shop" v="pawnbroker"/>
      <tag k="source:shop" v="Rejestr działalności lombardowej KNF"/>
    </node>
    <node id="7086813205" action="modify" timestamp="2026-07-18T14:04:10Z" uid="19536390" user="macieyw" visible="true" version="5" changeset="185958536" lat="50.042361" lon="19.9446306">
      <tag k="addr:city" v="Kraków"/>
      <tag k="addr:housenumber" v="25"/>
      <tag k="addr:postcode" v="30-504"/>
      <tag k="addr:street" v="Kalwaryjska"/>
      <tag k="amenity" v="bureau_de_change"/>
      <tag k="check_date:opening_hours" v="2026-07-18"/>
      <tag k="name" v="Loombard"/>
      <tag k="opening_hours" v="Mo-Fr 09:00-18:00; Sa 09:00-15:00"/>
      <tag k="operator" v="Lombard Gold sp. z o.o."/>
      <tag k="operator:ref:rdl_knf" v="RDL000097"/>
      <tag k="brand" v="Loombard"/>
      <tag k="brand:wikidata" v="Q113227799"/>
      <tag k="add:flat" v="2"/>
      <tag k="shop" v="pawnbroker"/>
      <tag k="source:shop" v="Rejestr działalności lombardowej KNF"/>
    </node>
    <node id="12666364896" action="modify" timestamp="2025-04-14T12:48:09Z" uid="18104069" user="Vlctm" visible="true" version="2" changeset="164937661" lat="53.7776063" lon="20.4883943">
      <tag k="addr:city" v="Olsztyn"/>
      <tag k="addr:housenumber" v="64"/>
      <tag k="addr:street" v="Tadeusza Kościuszki"/>
      <tag k="level" v="0"/>
      <tag k="name" v="Loombard"/>
      <tag k="shop" v="pawnbroker"/>
      <tag k="operator" v="Lombard Gold sp. z o.o."/>
      <tag k="operator:ref:rdl_knf" v="RDL000097"/>
      <tag k="addr:postcode" v="10-588"/>
      <tag k="brand" v="Loombard"/>
      <tag k="brand:wikidata" v="Q113227799"/>
      <tag k="add:flat" v="1"/>
      <tag k="source:shop" v="Rejestr działalności lombardowej KNF"/>
    </node>
    <node id="9881937591" action="modify" timestamp="2022-07-11T21:22:21Z" uid="7666585" user="rdzik" visible="true" version="1" changeset="123492359" lat="49.7814688" lon="22.774916">
      <tag k="addr:city" v="Przemyśl"/>
      <tag k="addr:housenumber" v="8"/>
      <tag k="addr:postcode" v="37-700"/>
      <tag k="addr:street" v="Juliusza Słowackiego"/>
      <tag k="shop" v="pawnbroker"/>
      <tag k="operator" v="Lombard Gold sp. z o.o."/>
      <tag k="operator:ref:rdl_knf" v="RDL000097"/>
      <tag k="brand" v="Loombard"/>
      <tag k="name" v="Loombard"/>
      <tag k="brand:wikidata" v="Q113227799"/>
      <tag k="source:shop" v="Rejestr działalności lombardowej KNF"/>
    </node>
    <node id="10853437396" action="modify" timestamp="2025-11-11T09:13:15Z" uid="1682993" user="szedar" visible="true" version="3" changeset="174500227" lat="52.876912" lon="15.5303475">
      <tag k="addr:city" v="Strzelce Krajeńskie"/>
      <tag k="addr:housenumber" v="2A"/>
      <tag k="addr:postcode" v="66-500"/>
      <tag k="addr:street" v="Aleja Wolności"/>
      <tag k="brand" v="Loombard"/>
      <tag k="brand:wikidata" v="Q113227799"/>
      <tag k="name" v="Loombard"/>
      <tag k="phone" v="+48 95 761 56 27"/>
      <tag k="shop" v="pawnbroker"/>
      <tag k="operator" v="Lombard Gold sp. z o.o."/>
      <tag k="operator:ref:rdl_knf" v="RDL000097"/>
      <tag k="source:shop" v="Rejestr działalności lombardowej KNF"/>
    </node>
    <node id="5297643373" action="modify" timestamp="2024-06-04T15:59:12Z" uid="11113489" user="Exe19" visible="true" version="3" changeset="152250538" lat="50.2880492" lon="18.9250029">
      <tag k="addr:city" v="Świętochłowice"/>
      <tag k="addr:housenumber" v="2A"/>
      <tag k="addr:postcode" v="41-600"/>
      <tag k="addr:street" v="Wiktora Polaka"/>
      <tag k="check_date" v="2024-06-04"/>
      <tag k="email" v="polaka2@loombard.pl"/>
      <tag k="name" v="Loombard"/>
      <tag k="phone" v="+48 32 345 29 14"/>
      <tag k="shop" v="pawnbroker"/>
      <tag k="operator" v="Lombard Gold sp. z o.o."/>
      <tag k="operator:ref:rdl_knf" v="RDL000097"/>
      <tag k="brand" v="Loombard"/>
      <tag k="brand:wikidata" v="Q113227799"/>
      <tag k="source:shop" v="Rejestr działalności lombardowej KNF"/>
    </node>
    <node id="4563681248" action="modify" timestamp="2018-09-01T17:05:04Z" uid="3266826" user="user_3266826" visible="true" version="3" changeset="62202532" lat="51.9380328" lon="15.4798052">
      <tag k="addr:city" v="Zielona Góra"/>
      <tag k="addr:housenumber" v="38D"/>
      <tag k="addr:postcode" v="65-536"/>
      <tag k="addr:street" v="Stefana Wyszyńskiego"/>
      <tag k="email" v="wyszynskiego@loombard.pl"/>
      <tag k="name" v="Loombard"/>
      <tag k="phone" v="+48 68 324 36 24"/>
      <tag k="shop" v="pawnbroker"/>
      <tag k="website" v="https://www.loombard.pl/lombard/zielona-gora/wyszynskiego-38d-sj-zielona-gora/"/>
      <tag k="operator" v="Lombard Gold sp. z o.o."/>
      <tag k="operator:ref:rdl_knf" v="RDL000097"/>
      <tag k="brand" v="Loombard"/>
      <tag k="brand:wikidata" v="Q113227799"/>
      <tag k="source:shop" v="Rejestr działalności lombardowej KNF"/>
    </node>
    <node id="6695595101" action="modify" timestamp="2019-08-08T18:44:28Z" uid="591033" user="Genowefa" visible="true" version="1" changeset="73167533" lat="50.6683393" lon="18.6844121">
      <tag k="addr:city" v="Lubliniec"/>
      <tag k="addr:housenumber" v="9"/>
      <tag k="addr:postcode" v="42-700"/>
      <tag k="addr:street" v="Plac Tadeusza Kościuszki"/>
      <tag k="amenity" v="bureau_de_change"/>
      <tag k="currency:EUR" v="yes"/>
      <tag k="currency:USD" v="yes"/>
      <tag k="opening_hours" v="Mo-Fr 09:00-17:00; Sa 09:00-13:00"/>
      <tag k="operator" v="Lombard Lech Świerczyński sp. z o.o."/>
      <tag k="operator:ref:rdl_knf" v="RDL000204"/>
      <tag k="shop" v="pawnbroker"/>
      <tag k="source:shop" v="Rejestr działalności lombardowej KNF"/>
    </node>
    <node id="4548589793" action="modify" timestamp="2018-10-27T14:08:51Z" uid="3266826" user="user_3266826" visible="true" version="2" changeset="63929057" lat="51.6498025" lon="17.8183363">
      <tag k="addr:city" v="Ostrów Wielkopolski"/>
      <tag k="addr:housenumber" v="7"/>
      <tag k="addr:postcode" v="63-400"/>
      <tag k="addr:street" v="Kaliska"/>
      <tag k="amenity" v="bureau_de_change"/>
      <tag k="name" v="Loombard"/>
      <tag k="operator" v="Lombard Medium  sp. z o.o."/>
      <tag k="operator:ref:rdl_knf" v="RDL000104"/>
      <tag k="brand" v="Loombard"/>
      <tag k="brand:wikidata" v="Q113227799"/>
      <tag k="shop" v="pawnbroker"/>
      <tag k="source:shop" v="Rejestr działalności lombardowej KNF"/>
    </node>
    <node id="5058446823" action="modify" timestamp="2026-07-10T17:07:18Z" uid="67255" user="Rogoyski" visible="true" version="11" changeset="185489783" lat="52.2322078" lon="21.0134953">
      <tag k="addr:city" v="Warszawa"/>
      <tag k="addr:housenumber" v="26"/>
      <tag k="addr:postcode" v="00-020"/>
      <tag k="addr:street" v="Chmielna"/>
      <tag k="amenity" v="bureau_de_change"/>
      <tag k="check_date" v="2026-07-10"/>
      <tag k="noname" v="yes"/>
      <tag k="opening_hours" v="Mo-Sa 10:00-18:00; Su 11:00-18:00"/>
      <tag k="wheelchair" v="limited"/>
      <tag k="operator" v="Lombard Medium  sp. z o.o."/>
      <tag k="operator:ref:rdl_knf" v="RDL000104"/>
      <tag k="brand" v="Loombard"/>
      <tag k="name" v="Loombard"/>
      <tag k="brand:wikidata" v="Q113227799"/>
      <tag k="shop" v="pawnbroker"/>
      <tag k="source:shop" v="Rejestr działalności lombardowej KNF"/>
    </node>
    <node id="7924328393" action="modify" timestamp="2026-07-18T18:49:10Z" uid="24298371" user="Oskar Gerlicz-Kowalczuk" visible="true" version="8" changeset="185973210" lat="52.246445" lon="21.013254">
      <tag k="addr:city" v="Warszawa"/>
      <tag k="addr:city:simc" v="0918123"/>
      <tag k="addr:housenumber" v="79"/>
      <tag k="addr:street" v="Krakowskie Przedmieście"/>
      <tag k="amenity" v="bureau_de_change"/>
      <tag k="brand" v="Loombard"/>
      <tag k="brand:wikidata" v="Q113227799"/>
      <tag k="check_date" v="2025-08-11"/>
      <tag k="name" v="Loombard"/>
      <tag k="wheelchair" v="limited"/>
      <tag k="operator" v="Lombard Medium  sp. z o.o."/>
      <tag k="operator:ref:rdl_knf" v="RDL000104"/>
      <tag k="addr:postcode" v="02-094"/>
      <tag k="shop" v="pawnbroker"/>
      <tag k="source:shop" v="Rejestr działalności lombardowej KNF"/>
    </node>
    <node id="2989218939" action="modify" timestamp="2017-01-26T13:46:21Z" uid="4830455" user="EmiliaJ" visible="true" version="3" changeset="45513175" lat="50.2230977" lon="18.6758342">
      <tag k="addr:city" v="Knurów"/>
      <tag k="addr:housenumber" v="10"/>
      <tag k="addr:postcode" v="44-190"/>
      <tag k="addr:street" v="Księdza Alojzego Koziełka"/>
      <tag k="name" v="Loombard"/>
      <tag k="shop" v="pawnbroker"/>
      <tag k="source:addr" v="EMUiA"/>
      <tag k="operator" v="Lombard Platinum sp. z o.o."/>
      <tag k="operator:ref:rdl_knf" v="RDL000110"/>
      <tag k="brand" v="Loombard"/>
      <tag k="brand:wikidata" v="Q113227799"/>
      <tag k="source:shop" v="Rejestr działalności lombardowej KNF"/>
    </node>
    <node id="9852533165" action="modify" timestamp="2025-10-30T16:14:39Z" uid="1682993" user="szedar" visible="true" version="2" changeset="173984800" lat="51.1909033" lon="20.4097135">
      <tag k="addr:city" v="Końskie"/>
      <tag k="addr:housenumber" v="8"/>
      <tag k="addr:postcode" v="26-200"/>
      <tag k="addr:street" v="Marszałka Józefa Piłsudskiego"/>
      <tag k="email" v="konskie@loombard.pl"/>
      <tag k="name" v="Loombard"/>
      <tag k="phone" v="+48 41 375 34 76"/>
      <tag k="shop" v="pawnbroker"/>
      <tag k="website" v="https://www.facebook.com/LoombardKonskie/"/>
      <tag k="operator" v="Lombard Platinum sp. z o.o."/>
      <tag k="operator:ref:rdl_knf" v="RDL000110"/>
      <tag k="brand" v="Loombard"/>
      <tag k="brand:wikidata" v="Q113227799"/>
      <tag k="source:shop" v="Rejestr działalności lombardowej KNF"/>
    </node>
    <node id="2892308746" action="modify" timestamp="2025-02-20T19:34:57Z" uid="797258" user="matix849" visible="true" version="2" changeset="162754789" lat="50.7681262" lon="16.284125">
      <tag k="addr:city" v="Wałbrzych"/>
      <tag k="addr:housenumber" v="42"/>
      <tag k="addr:postcode" v="58-300"/>
      <tag k="addr:street" v="Aleja Wyzwolenia"/>
      <tag k="amenity" v="bureau_de_change"/>
      <tag k="brand" v="Loombard"/>
      <tag k="brand:wikidata" v="Q113227799"/>
      <tag k="name" v="Loombard"/>
      <tag k="opening_hours" v="Mo-Su 08:00-21:00"/>
      <tag k="phone" v="+48 74 842 27 21"/>
      <tag k="shop" v="pawnbroker"/>
      <tag k="source" v="photograph"/>
      <tag k="source_ref" v="https://www.flickr.com/photos/124589265@N07/14104128970"/>
      <tag k="operator" v="Lombard Platinum sp. z o.o."/>
      <tag k="operator:ref:rdl_knf" v="RDL000110"/>
      <tag k="source:shop" v="Rejestr działalności lombardowej KNF"/>
    </node>
    <node id="6020561339" action="modify" timestamp="2026-07-18T18:49:10Z" uid="24298371" user="Oskar Gerlicz-Kowalczuk" visible="true" version="8" changeset="185973210" lat="52.2674324" lon="20.9474609">
      <tag k="addr:city" v="Warszawa"/>
      <tag k="addr:city:simc" v="0918123"/>
      <tag k="addr:housenumber" v="10"/>
      <tag k="addr:street" v="Generała Klemensa Stanisława Rudnickiego"/>
      <tag k="check_date" v="2025-03-02"/>
      <tag k="name" v="Loombard"/>
      <tag k="opening_hours" v="Mo-Sa 08:00-21:00; Su 10:00-20:00"/>
      <tag k="shop" v="pawnbroker"/>
      <tag k="wheelchair" v="yes"/>
      <tag k="operator" v="Lombard Platinum sp. z o.o."/>
      <tag k="operator:ref:rdl_knf" v="RDL000110"/>
      <tag k="addr:postcode" v="01-858"/>
      <tag k="brand" v="Loombard"/>
      <tag k="brand:wikidata" v="Q113227799"/>
      <tag k="source:shop" v="Rejestr działalności lombardowej KNF"/>
    </node>
    <node id="4549417438" action="modify" timestamp="2024-12-25T14:30:24Z" uid="67255" user="Rogoyski" visible="true" version="3" changeset="160605956" lat="52.237406" lon="20.9604133">
      <tag k="addr:city" v="Warszawa"/>
      <tag k="addr:housenumber" v="39"/>
      <tag k="addr:postcode" v="01-144"/>
      <tag k="addr:street" v="Górczewska"/>
      <tag k="check_date" v="2024-12-25"/>
      <tag k="noname" v="yes"/>
      <tag k="opening_hours" v="Mo-Fr 10:00-18:00; Sa 10:00-14:00"/>
      <tag k="shop" v="pawnbroker"/>
      <tag k="wheelchair" v="no"/>
      <tag k="operator" v="Lombard Platinum sp. z o.o."/>
      <tag k="operator:ref:rdl_knf" v="RDL000110"/>
      <tag k="brand" v="Loombard"/>
      <tag k="name" v="Loombard"/>
      <tag k="brand:wikidata" v="Q113227799"/>
      <tag k="add:flat" v="8"/>
      <tag k="source:shop" v="Rejestr działalności lombardowej KNF"/>
    </node>
    <node id="4395500050" action="modify" timestamp="2024-12-17T16:03:18Z" uid="67255" user="Rogoyski" visible="true" version="6" changeset="160307489" lat="52.2344958" lon="21.0036321">
      <tag k="addr:city" v="Warszawa"/>
      <tag k="addr:housenumber" v="32"/>
      <tag k="addr:postcode" v="00-116"/>
      <tag k="addr:street" v="Świętokrzyska"/>
      <tag k="amenity" v="bureau_de_change"/>
      <tag k="check_date" v="2024-12-17"/>
      <tag k="contact:email" v="kontakt@tavex.pl"/>
      <tag k="contact:phone" v="+48 22 465 55 75"/>
      <tag k="name" v="Loombard"/>
      <tag k="opening_hours" v="Mo-Fr 09:00-20:00; Sa 10:00-18:00"/>
      <tag k="payment:blik" v="yes"/>
      <tag k="payment:cash" v="yes"/>
      <tag k="website" v="https://tavex.pl"/>
      <tag k="wheelchair" v="yes"/>
      <tag k="operator" v="Lombard Platinum sp. z o.o."/>
      <tag k="operator:ref:rdl_knf" v="RDL000110"/>
      <tag k="brand" v="Loombard"/>
      <tag k="brand:wikidata" v="Q113227799"/>
      <tag k="shop" v="pawnbroker"/>
      <tag k="source:shop" v="Rejestr działalności lombardowej KNF"/>
    </node>
    <node id="5074995032" action="modify" timestamp="2025-07-30T16:44:37Z" uid="67255" user="Rogoyski" visible="true" version="11" changeset="169730579" lat="52.2313995" lon="20.9933155">
      <tag k="addr:city" v="Warszawa"/>
      <tag k="addr:door" v="U16"/>
      <tag k="addr:housenumber" v="67"/>
      <tag k="addr:street" v="Pańska"/>
      <tag k="amenity" v="bureau_de_change"/>
      <tag k="check_date" v="2025-07-30"/>
      <tag k="name" v="Loombard"/>
      <tag k="opening_hours" v="Mo-Th 10:00-20:00; Fr-Sa 10:00-21:00; Su 10:00-18:00"/>
      <tag k="wheelchair" v="yes"/>
      <tag k="operator" v="Lombard Platinum sp. z o.o."/>
      <tag k="operator:ref:rdl_knf" v="RDL000110"/>
      <tag k="addr:postcode" v="00-871"/>
      <tag k="brand" v="Loombard"/>
      <tag k="brand:wikidata" v="Q113227799"/>
      <tag k="add:flat" v="21"/>
      <tag k="shop" v="pawnbroker"/>
      <tag k="source:shop" v="Rejestr działalności lombardowej KNF"/>
    </node>
    <node id="13506529201" action="modify" timestamp="2026-09-04T10:30:54Z" uid="5118888" user="demaniac" visible="true" version="4" changeset="188518382" lat="53.1076579" lon="23.1241167">
      <tag k="addr:city" v="Białystok"/>
      <tag k="addr:housenumber" v="4a"/>
      <tag k="addr:street" v="Stanisława Dubois"/>
      <tag k="amenity" v="bureau_de_change"/>
      <tag k="name" v="Loombard"/>
      <tag k="opening_hours" v="Mo-Sa 08:00-21:00; Su 10:00-18:00"/>
      <tag k="shop" v="pawnbroker"/>
      <tag k="operator" v="Lombard Silver  sp. z o.o."/>
      <tag k="operator:ref:rdl_knf" v="RDL000109"/>
      <tag k="addr:postcode" v="15-349"/>
      <tag k="brand" v="Loombard"/>
      <tag k="brand:wikidata" v="Q113227799"/>
      <tag k="add:flat" v="5"/>
      <tag k="source:shop" v="Rejestr działalności lombardowej KNF"/>
    </node>
    <node id="10719639121" action="modify" timestamp="2025-11-03T16:32:54Z" uid="13948004" user="bartgron" visible="true" version="2" changeset="174156133" lat="52.3910128" lon="16.9201461">
      <tag k="addr:city" v="Poznań"/>
      <tag k="addr:housenumber" v="126"/>
      <tag k="addr:postcode" v="61-526"/>
      <tag k="addr:street" v="28 Czerwca 1956 roku"/>
      <tag k="branch" v="Kantor"/>
      <tag k="brand" v="Loombard"/>
      <tag k="brand:wikidata" v="Q113227799"/>
      <tag k="name" v="Loombard"/>
      <tag k="shop" v="pawnbroker"/>
      <tag k="operator" v="Lombard Silver  sp. z o.o."/>
      <tag k="operator:ref:rdl_knf" v="RDL000109"/>
      <tag k="source:shop" v="Rejestr działalności lombardowej KNF"/>
    </node>
    <node id="10710747204" action="modify" timestamp="2023-03-04T19:06:44Z" uid="17217115" user="rademalis" visible="true" version="1" changeset="133302996" lat="53.9718195" lon="18.5304065">
      <tag k="addr:city" v="Starogard Gdański"/>
      <tag k="addr:housenumber" v="1"/>
      <tag k="addr:postcode" v="83-200"/>
      <tag k="addr:street" v="Generała Władysława Sikorskiego"/>
      <tag k="opening_hours" v="Mo-Su 08:00-21:00"/>
      <tag k="shop" v="pawnbroker"/>
      <tag k="operator" v="Lombard Silver  sp. z o.o."/>
      <tag k="operator:ref:rdl_knf" v="RDL000109"/>
      <tag k="brand" v="Loombard"/>
      <tag k="name" v="Loombard"/>
      <tag k="brand:wikidata" v="Q113227799"/>
      <tag k="source:shop" v="Rejestr działalności lombardowej KNF"/>
    </node>
    <node id="6746582892" action="modify" timestamp="2025-04-28T15:40:59Z" uid="67255" user="Rogoyski" visible="true" version="3" changeset="165554729" lat="52.2069878" lon="21.0087903">
      <tag k="addr:city" v="Warszawa"/>
      <tag k="addr:housenumber" v="156"/>
      <tag k="addr:postcode" v="02-554"/>
      <tag k="addr:street" v="Aleja Niepodległości"/>
      <tag k="brand" v="Loombard"/>
      <tag k="brand:wikidata" v="Q113227799"/>
      <tag k="check_date" v="2025-04-28"/>
      <tag k="name" v="Loombard"/>
      <tag k="opening_hours" v="Mo-Sa 08:15-13:30,14:00-20:45; Su 09:00-13:30,14:00-18:00"/>
      <tag k="shop" v="pawnbroker"/>
      <tag k="wheelchair" v="limited"/>
      <tag k="operator" v="Lombard Silver  sp. z o.o."/>
      <tag k="operator:ref:rdl_knf" v="RDL000109"/>
      <tag k="add:flat" v="15"/>
      <tag k="source:shop" v="Rejestr działalności lombardowej KNF"/>
    </node>
    <node id="9582392821" action="modify" timestamp="2024-12-25T13:05:19Z" uid="67255" user="Rogoyski" visible="true" version="6" changeset="160603116" lat="52.2379182" lon="20.9780984">
      <tag k="addr:city" v="Warszawa"/>
      <tag k="addr:housenumber" v="7A"/>
      <tag k="addr:postcode" v="01-192"/>
      <tag k="addr:street" v="Leszno"/>
      <tag k="brand" v="Loombard"/>
      <tag k="brand:wikidata" v="Q113227799"/>
      <tag k="check_date" v="2024-12-25"/>
      <tag k="level" v="0"/>
      <tag k="name" v="Loombard"/>
      <tag k="opening_hours" v="Mo-Sa 08:00-21:00; Su 09:00-18:00"/>
      <tag k="shop" v="pawnbroker"/>
      <tag k="wheelchair" v="no"/>
      <tag k="operator" v="Lombard Silver  sp. z o.o."/>
      <tag k="operator:ref:rdl_knf" v="RDL000109"/>
      <tag k="source:shop" v="Rejestr działalności lombardowej KNF"/>
    </node>
    <node id="11747985846" action="modify" timestamp="2025-08-18T17:18:55Z" uid="67255" user="Rogoyski" visible="true" version="2" changeset="170631268" lat="52.240043" lon="21.0014327">
      <tag k="addr:city" v="Warszawa"/>
      <tag k="addr:housenumber" v="2"/>
      <tag k="addr:postcode" v="00-138"/>
      <tag k="addr:street" v="Ptasia"/>
      <tag k="amenity" v="bureau_de_change"/>
      <tag k="check_date" v="2025-08-18"/>
      <tag k="currency:XBT" v="yes"/>
      <tag k="email" v="5"/>
      <tag k="name" v="Loombard"/>
      <tag k="opening_hours" v="24/7"/>
      <tag k="payment:lightning" v="yes"/>
      <tag k="payment:onchain" v="no"/>
      <tag k="survey:date" v="2024-03-18"/>
      <tag k="website" v="https://www.kantor-house.com/"/>
      <tag k="wheelchair" v="yes"/>
      <tag k="operator" v="Lombard Silver  sp. z o.o."/>
      <tag k="operator:ref:rdl_knf" v="RDL000109"/>
      <tag k="brand" v="Loombard"/>
      <tag k="brand:wikidata" v="Q113227799"/>
      <tag k="shop" v="pawnbroker"/>
      <tag k="source:shop" v="Rejestr działalności lombardowej KNF"/>
    </node>
    <node id="5365916929" action="modify" timestamp="2023-06-15T13:33:47Z" uid="16432047" user="Hanys1871" visible="true" version="3" changeset="137371010" lat="50.3728383" lon="18.9513241">
      <tag k="addr:city" v="Piekary Śląskie"/>
      <tag k="addr:housenumber" v="54"/>
      <tag k="addr:postcode" v="41-940"/>
      <tag k="addr:street" v="Prymasa Stefana Wyszyńskiego"/>
      <tag k="brand" v="Loombard"/>
      <tag k="brand:wikidata" v="Q113227799"/>
      <tag k="email" v="wyszynskiego54@loombard.pl"/>
      <tag k="name" v="Loombard"/>
      <tag k="opening_hours" v="Mo-Fr 09:00-19:00; Sa 09:00-18:00; Su 10:00-17:00; PH off"/>
      <tag k="phone" v="+48 32 287 30 28"/>
      <tag k="shop" v="pawnbroker"/>
      <tag k="website" v="https://www.loombard.pl/locations/piekary-slaskie-wyszynskiego-54-piekary"/>
      <tag k="operator" v="Lombard System  sp. z o.o."/>
      <tag k="operator:ref:rdl_knf" v="RDL000100"/>
      <tag k="source:shop" v="Rejestr działalności lombardowej KNF"/>
    </node>
    <node id="6145780324" action="modify" timestamp="2018-12-18T17:38:55Z" uid="8592938" user="grawacan" visible="true" version="1" changeset="65587844" lat="49.7843995" lon="22.7764348">
      <tag k="addr:city" v="Przemyśl"/>
      <tag k="addr:housenumber" v="11"/>
      <tag k="addr:postcode" v="37-700"/>
      <tag k="addr:street" v="Stefana Czarnieckiego"/>
      <tag k="amenity" v="bureau_de_change"/>
      <tag k="operator" v="Lombard U Robsona  sp. z o.o."/>
      <tag k="operator:ref:rdl_knf" v="RDL000025"/>
      <tag k="shop" v="pawnbroker"/>
      <tag k="source:shop" v="Rejestr działalności lombardowej KNF"/>
    </node>
    <node id="12755230064" action="modify" timestamp="2025-12-03T17:37:52Z" uid="21586196" user="Fan map 2" visible="true" version="2" changeset="175457000" lat="51.770741" lon="19.4565269">
      <tag k="addr:city" v="Łódź"/>
      <tag k="addr:housenumber" v="2"/>
      <tag k="addr:postcode" v="90-135"/>
      <tag k="addr:street" v="Prezydenta Gabriela Narutowicza"/>
      <tag k="amenity" v="bureau_de_change"/>
      <tag k="email" v="info@kantorlombard24h.pl"/>
      <tag k="name" v="Kantor Lombard MAK$"/>
      <tag k="opening_hours" v="Mo-Sa 07:00-22:00"/>
      <tag k="phone" v="+48 42 630 02 28"/>
      <tag k="website" v="https://kantorlombard24h.pl"/>
      <tag k="operator" v="Mak$ sp. z o.o."/>
      <tag k="operator:ref:rdl_knf" v="RDL000120"/>
      <tag k="shop" v="pawnbroker"/>
      <tag k="source:shop" v="Rejestr działalności lombardowej KNF"/>
    </node>
    <node id="6338674243" action="modify" timestamp="2026-07-19T21:55:51Z" uid="3476229" user="maro21" visible="true" version="9" changeset="186029217" lat="51.1032583" lon="17.0319518">
      <tag k="addr:city" v="Wrocław"/>
      <tag k="addr:housenumber" v="40"/>
      <tag k="addr:postcode" v="50-024"/>
      <tag k="addr:street" v="Świdnicka"/>
      <tag k="amenity" v="bureau_de_change"/>
      <tag k="currency:AED" v="yes"/>
      <tag k="currency:ALL" v="yes"/>
      <tag k="currency:AUD" v="yes"/>
      <tag k="currency:CAD" v="yes"/>
      <tag k="currency:CHF" v="yes"/>
      <tag k="currency:CNY" v="yes"/>
      <tag k="currency:CZK" v="yes"/>
      <tag k="currency:DKK" v="yes"/>
      <tag k="currency:EGP" v="yes"/>
      <tag k="currency:EUR" v="yes"/>
      <tag k="currency:GBP" v="yes"/>
      <tag k="currency:GEL" v="yes"/>
      <tag k="currency:HUF" v="yes"/>
      <tag k="currency:IDR" v="yes"/>
      <tag k="currency:INR" v="yes"/>
      <tag k="currency:ISK" v="yes"/>
      <tag k="currency:JPY" v="yes"/>
      <tag k="currency:MAD" v="yes"/>
      <tag k="currency:NOK" v="yes"/>
      <tag k="currency:OMR" v="yes"/>
      <tag k="currency:PLN" v="yes"/>
      <tag k="currency:RON" v="yes"/>
      <tag k="currency:RSD" v="yes"/>
      <tag k="currency:SEK" v="yes"/>
      <tag k="currency:THB" v="yes"/>
      <tag k="currency:TRY" v="yes"/>
      <tag k="currency:UAH" v="yes"/>
      <tag k="currency:USD" v="yes"/>
      <tag k="currency:VND" v="yes"/>
      <tag k="level" v="-1"/>
      <tag k="name" v="Kantor As"/>
      <tag k="opening_hours" v="Mo-Sa 09:00-21:00; Su 10:00-20:00"/>
      <tag k="operator" v="Master Center sp. z o.o."/>
      <tag k="operator:ref:rdl_knf" v="RDL000157"/>
      <tag k="shop" v="pawnbroker"/>
      <tag k="source:shop" v="Rejestr działalności lombardowej KNF"/>
    </node>
    <node id="12202425755" action="modify" timestamp="2025-03-14T17:42:03Z" uid="18104069" user="Vlctm" visible="true" version="4" changeset="163620355" lat="53.7405055" lon="20.4933644">
      <tag k="addr:city" v="Olsztyn"/>
      <tag k="addr:housenumber" v="25e"/>
      <tag k="addr:postcode" v="10-692"/>
      <tag k="addr:street" v="Biskupa Tomasza Wilczyńskiego"/>
      <tag k="level" v="0"/>
      <tag k="name" v="Mini-Max"/>
      <tag k="shop" v="pawnbroker"/>
      <tag k="operator" v="Mini-Max sp. z o.o."/>
      <tag k="operator:ref:rdl_knf" v="RDL000004"/>
      <tag k="add:flat" v="8"/>
      <tag k="source:shop" v="Rejestr działalności lombardowej KNF"/>
    </node>
    <node id="5876741932" action="modify" timestamp="2022-10-01T12:05:09Z" uid="3266826" user="user_3266826" visible="true" version="5" changeset="126857436" lat="51.8029421" lon="15.7169529">
      <tag k="addr:city" v="Nowa Sól"/>
      <tag k="addr:housenumber" v="15"/>
      <tag k="addr:postcode" v="67-100"/>
      <tag k="addr:street" v="Plac Wyzwolenia"/>
      <tag k="name" v="Plus Lombard"/>
      <tag k="opening_hours" v="Mo-Fr 09:00-21:00; Sa-Su 10:00-18:00"/>
      <tag k="shop" v="pawnbroker"/>
      <tag k="operator" v="Plus Lombard sp. z o.o."/>
      <tag k="operator:ref:rdl_knf" v="RDL000155"/>
      <tag k="source:shop" v="Rejestr działalności lombardowej KNF"/>
    </node>
    <node id="4146813190" action="modify" timestamp="2022-06-29T14:33:22Z" uid="1863681" user="The Polish" visible="true" version="5" changeset="123006287" lat="50.3394892" lon="18.8922927">
      <tag k="addr:city" v="Bytom"/>
      <tag k="addr:housenumber" v="3"/>
      <tag k="addr:street" v="Mazurska"/>
      <tag k="amenity" v="bureau_de_change"/>
      <tag k="level" v="0"/>
      <tag k="opening_hours" v="Mo-Fr 09:00-15:45"/>
      <tag k="operator" v="Skab sp. z o.o."/>
      <tag k="operator:ref:rdl_knf" v="RDL000223"/>
      <tag k="addr:postcode" v="41-923"/>
      <tag k="name" v="Lombardoro"/>
      <tag k="shop" v="pawnbroker"/>
      <tag k="source:shop" v="Rejestr działalności lombardowej KNF"/>
    </node>
    <node id="13189410323" action="modify" timestamp="2026-01-17T17:30:58Z" uid="134423" user="Artek" visible="true" version="3" changeset="177345155" lat="51.3645244" lon="19.3701084">
      <tag k="addr:city" v="Bełchatów"/>
      <tag k="addr:housenumber" v="12"/>
      <tag k="addr:postcode" v="97-400"/>
      <tag k="addr:street" v="Tadeusza Kościuszki"/>
      <tag k="mobile" v="+48 606 410 960"/>
      <tag k="name" v="SPOKO LOMBARD Bełchatów"/>
      <tag k="opening_hours" v="Mo-Fr 09:00-17:00; Sa 09:00-13:00"/>
      <tag k="payment:app" v="yes"/>
      <tag k="payment:blik" v="yes"/>
      <tag k="payment:cash" v="yes"/>
      <tag k="payment:credit_cards" v="yes"/>
      <tag k="payment:maestro" v="yes"/>
      <tag k="payment:mastercard" v="yes"/>
      <tag k="payment:visa" v="yes"/>
      <tag k="shop" v="pawnbroker"/>
      <tag k="website" v="www.spokolombard.pl"/>
      <tag k="operator" v="Spoko Lombard sp. z o.o."/>
      <tag k="operator:ref:rdl_knf" v="RDL000008"/>
      <tag k="source:shop" v="Rejestr działalności lombardowej KNF"/>
    </node>
    <node id="2560889884" action="modify" timestamp="2022-11-17T16:59:43Z" uid="4884270" user="cyberatlas" visible="true" version="2" changeset="129051557" lat="50.8528461" lon="19.966035">
      <tag k="addr:city" v="Włoszczowa"/>
      <tag k="addr:housenumber" v="4"/>
      <tag k="addr:postcode" v="29-100"/>
      <tag k="addr:street" v="Henryka Sienkiewicza"/>
      <tag k="brand" v="Loombard"/>
      <tag k="brand:wikidata" v="Q113227799"/>
      <tag k="name" v="Loombard"/>
      <tag k="shop" v="pawnbroker"/>
      <tag k="source:addr" v="EMUiA (emuia.geoportal.gov.pl)"/>
      <tag k="operator" v="Tadaaam  sp. z o.o."/>
      <tag k="operator:ref:rdl_knf" v="RDL000192"/>
      <tag k="source:shop" v="Rejestr działalności lombardowej KNF"/>
    </node>
    <node id="13197889412" action="modify" timestamp="2026-05-23T08:10:19Z" uid="6739817" user="rayleigh1" visible="true" version="2" changeset="183055340" lat="49.9844243" lon="20.0580015">
      <tag k="name" v="Lombard A Cosik"/>
      <tag k="shop" v="pawnbroker"/>
      <tag k="operator" v="A Cosik sp. z o.o."/>
      <tag k="operator:ref:rdl_knf" v="RDL000178"/>
      <tag k="source:shop" v="Rejestr działalności lombardowej KNF"/>
    </node>
    <node id="9850418665" action="modify" timestamp="2022-06-27T12:24:28Z" uid="9675321" user="TramTransportFan" visible="true" version="1" changeset="122908231" lat="53.4435147" lon="14.5486019">
      <tag k="shop" v="pawnbroker"/>
      <tag k="operator" v="Best Mobile Lombard sp. z o.o."/>
      <tag k="operator:ref:rdl_knf" v="RDL000021"/>
      <tag k="name" v="Best Mobile"/>
      <tag k="source:shop" v="Rejestr działalności lombardowej KNF"/>
    </node>
    <node id="11634361099" action="modify" timestamp="2025-05-02T14:00:13Z" uid="1722488" user="Mateusz Konieczny" visible="true" version="2" changeset="165720925" lat="50.0897499" lon="20.0239746">
      <tag k="name" v="Lombard Bravo"/>
      <tag k="shop" v="pawnbroker"/>
      <tag k="operator" v="Bravo sp. z o.o."/>
      <tag k="operator:ref:rdl_knf" v="RDL000092"/>
      <tag k="source:shop" v="Rejestr działalności lombardowej KNF"/>
    </node>
    <node id="8901164649" action="modify" timestamp="2026-08-04T05:38:26Z" uid="21982638" user="pwbriggs" visible="true" version="4" changeset="186903202" lat="54.2504586" lon="20.8100901">
      <tag k="addr:city" v="Bartoszyce"/>
      <tag k="addr:city:simc" v="0964583"/>
      <tag k="addr:housenumber" v="5"/>
      <tag k="addr:postcode" v="11-200"/>
      <tag k="addr:street" v="Szewców"/>
      <tag k="name" v="U Tomka"/>
      <tag k="opening_hours" v="Mo-Fr 09:00-17:00; Sa 09:00-14:00"/>
      <tag k="shop" v="pawnbroker"/>
      <tag k="operator" v="Certus sp. z o.o."/>
      <tag k="operator:ref:rdl_knf" v="RDL000200"/>
      <tag k="add:flat" v="23"/>
      <tag k="source:shop" v="Rejestr działalności lombardowej KNF"/>
    </node>
    <node id="14021747795" action="modify" timestamp="2026-07-17T07:47:52Z" uid="6665931" user="roggrogg" visible="true" version="1" changeset="185889762" lat="54.0786589" lon="21.37378">
      <tag k="amenity" v="bureau_de_change"/>
      <tag k="name" v="Kantor"/>
      <tag k="opening_hours" v="Mo-Fr 09:00-17:00; Sa 09:00-14:00"/>
      <tag k="operator" v="Certus sp. z o.o."/>
      <tag k="operator:ref:rdl_knf" v="RDL000200"/>
      <tag k="shop" v="pawnbroker"/>
      <tag k="source:shop" v="Rejestr działalności lombardowej KNF"/>
    </node>
    <node id="3955653773" action="modify" timestamp="2026-01-04T21:22:47Z" uid="11239973" user="uprkos" visible="true" version="4" changeset="176836582" lat="53.4244781" lon="14.5513433">
      <tag k="check_date" v="2026-01-04"/>
      <tag k="name:signed" v="no"/>
      <tag k="shop" v="pawnbroker"/>
      <tag k="operator" v="Combo sp. z o.o."/>
      <tag k="operator:ref:rdl_knf" v="RDL000128"/>
      <tag k="source:shop" v="Rejestr działalności lombardowej KNF"/>
    </node>
    <node id="10148061450" action="modify" timestamp="2022-11-01T19:09:31Z" uid="509826" user="Borowiak" visible="true" version="1" changeset="128360302" lat="53.1209811" lon="17.9991614">
      <tag k="amenity" v="bureau_de_change"/>
      <tag k="operator" v="Daiglob sp. z o.o."/>
      <tag k="operator:ref:rdl_knf" v="RDL000202"/>
      <tag k="shop" v="pawnbroker"/>
      <tag k="source:shop" v="Rejestr działalności lombardowej KNF"/>
    </node>
    <node id="6203031189" action="modify" timestamp="2019-01-12T10:34:22Z" uid="3130936" user="sarxos" visible="true" version="1" changeset="66247655" lat="53.153947" lon="17.9170626">
      <tag k="name" v="Lombard KTL"/>
      <tag k="shop" v="pawnbroker"/>
      <tag k="operator" v="European Finances sp. z o.o."/>
      <tag k="operator:ref:rdl_knf" v="RDL000125"/>
      <tag k="source:shop" v="Rejestr działalności lombardowej KNF"/>
    </node>
    <node id="4966135852" action="modify" timestamp="2026-05-19T18:57:38Z" uid="11437083" user="czebureks" visible="true" version="4" changeset="182895328" lat="54.3319935" lon="18.6339649">
      <tag k="check_date" v="2026-05-19"/>
      <tag k="shop" v="pawnbroker"/>
      <tag k="operator" v="Exit sp. z o.o."/>
      <tag k="operator:ref:rdl_knf" v="RDL000184"/>
      <tag k="source:shop" v="Rejestr działalności lombardowej KNF"/>
    </node>
    <node id="10050844742" action="modify" timestamp="2022-09-25T15:10:29Z" uid="10316876" user="kaciorx" visible="true" version="2" changeset="126619574" lat="54.3803396" lon="18.587372">
      <tag k="level" v="0"/>
      <tag k="mobile" v="+48 600 532 950"/>
      <tag k="name" v="Cool Lombard"/>
      <tag k="opening_hours" v="Mo-Su 08:00-22:00; PH closed"/>
      <tag k="shop" v="pawnbroker"/>
      <tag k="website" v="https://cool-lombard.business.site/"/>
      <tag k="wheelchair" v="limited"/>
      <tag k="operator" v="Financial Enteprise sp. z o.o."/>
      <tag k="operator:ref:rdl_knf" v="RDL000163"/>
      <tag k="source:shop" v="Rejestr działalności lombardowej KNF"/>
    </node>
    <node id="12128226672" action="modify" timestamp="2025-12-26T21:50:58Z" uid="11437083" user="czebureks" visible="true" version="5" changeset="176458799" lat="54.3488608" lon="18.6130077">
      <tag k="check_date" v="2025-12-23"/>
      <tag k="name" v="Cool Lombard"/>
      <tag k="shop" v="pawnbroker"/>
      <tag k="operator" v="Financial Enteprise sp. z o.o."/>
      <tag k="operator:ref:rdl_knf" v="RDL000163"/>
      <tag k="source:shop" v="Rejestr działalności lombardowej KNF"/>
    </node>
    <node id="7000039136" action="modify" timestamp="2025-11-10T15:28:54Z" uid="11437083" user="czebureks" visible="true" version="3" changeset="174469122" lat="54.4204914" lon="18.5844428">
      <tag k="check_date" v="2025-11-10"/>
      <tag k="name" v="Lombard"/>
      <tag k="shop" v="pawnbroker"/>
      <tag k="operator" v="Financial Enteprise sp. z o.o."/>
      <tag k="operator:ref:rdl_knf" v="RDL000163"/>
      <tag k="add:flat" v="2"/>
      <tag k="source:shop" v="Rejestr działalności lombardowej KNF"/>
    </node>
    <node id="4314056617" action="modify" timestamp="2023-08-28T17:59:24Z" uid="13948004" user="bartgron" visible="true" version="3" changeset="140506984" lat="54.5198522" lon="18.528499">
      <tag k="opening_hours" v="Mo-Fr 09:00-18:00; Sa 09:00-14:00"/>
      <tag k="phone" v="+48586613176"/>
      <tag k="shop" v="pawnbroker"/>
      <tag k="operator" v="Financial Enteprise sp. z o.o."/>
      <tag k="operator:ref:rdl_knf" v="RDL000163"/>
      <tag k="add:flat" v="15"/>
      <tag k="source:shop" v="Rejestr działalności lombardowej KNF"/>
    </node>
    <node id="1825276717" action="modify" timestamp="2025-08-02T13:43:17Z" uid="22993041" user="wronman" visible="true" version="4" changeset="169864019" lat="54.1224505" lon="17.9785237">
      <tag k="amenity" v="bureau_de_change"/>
      <tag k="name" v="ABC"/>
      <tag k="opening_hours" v="Mo-Fr 08:00-18:00; Sa 08:00-14:00"/>
      <tag k="source" v="survey"/>
      <tag k="operator" v="Gold-Money.Pl sp. z o.o."/>
      <tag k="operator:ref:rdl_knf" v="RDL000211"/>
      <tag k="shop" v="pawnbroker"/>
      <tag k="source:shop" v="Rejestr działalności lombardowej KNF"/>
    </node>
    <node id="9907574426" action="modify" timestamp="2022-07-24T13:13:18Z" uid="11306447" user="starsep" visible="true" version="1" changeset="124009385" lat="54.086947" lon="18.7976578">
      <tag k="check_date" v="2022-07-24"/>
      <tag k="shop" v="pawnbroker"/>
      <tag k="operator" v="Gold-Money.Pl sp. z o.o."/>
      <tag k="operator:ref:rdl_knf" v="RDL000211"/>
      <tag k="source:shop" v="Rejestr działalności lombardowej KNF"/>
    </node>
    <node id="10916143813" action="modify" timestamp="2026-10-05T11:28:29Z" uid="67255" user="Rogoyski" visible="true" version="3" changeset="190029493" lat="52.2116104" lon="21.0212917">
      <tag k="addr:housenumber" v="11"/>
      <tag k="addr:street" v="Puławska"/>
      <tag k="check_date" v="2026-10-05"/>
      <tag k="name" v="Grador"/>
      <tag k="opening_hours" v="Mo-Fr 09:00-18:00; Sa 09:00-13:00"/>
      <tag k="shop" v="pawnbroker"/>
      <tag k="wheelchair" v="limited"/>
      <tag k="operator" v="Grador sp. z o.o."/>
      <tag k="operator:ref:rdl_knf" v="RDL000152"/>
      <tag k="addr:city" v="Warszawa"/>
      <tag k="addr:postcode" v="02-515"/>
      <tag k="source:shop" v="Rejestr działalności lombardowej KNF"/>
    </node>
    <node id="9168550789" action="modify" timestamp="2021-10-13T00:04:32Z" uid="6529331" user="edc22" visible="true" version="1" changeset="112438701" lat="50.8120313" lon="19.1240134">
      <tag k="name" v="lombardKaps"/>
      <tag k="shop" v="pawnbroker"/>
      <tag k="website" v="https://www.lombardkaps.pl/Czestochowa"/>
      <tag k="operator" v="Grupa Kapitałowa Parkmar Inkasso Spółka Akcyjna"/>
      <tag k="operator:ref:rdl_knf" v="RDL000199"/>
      <tag k="source:shop" v="Rejestr działalności lombardowej KNF"/>
    </node>
    <node id="3358914558" action="modify" timestamp="2026-07-10T10:45:23Z" uid="16856988" user="vdh5" visible="true" version="2" changeset="185466572" lat="50.4697191" lon="20.7187796">
      <tag k="amenity" v="bureau_de_change"/>
      <tag k="check_date" v="2026-07-10"/>
      <tag k="operator" v="Janov sp. z o.o."/>
      <tag k="operator:ref:rdl_knf" v="RDL000207"/>
      <tag k="shop" v="pawnbroker"/>
      <tag k="source:shop" v="Rejestr działalności lombardowej KNF"/>
    </node>
    <node id="6068396483" action="modify" timestamp="2020-03-04T11:45:37Z" uid="1744629" user="voltairovicz" visible="true" version="2" changeset="81772423" lat="51.405789" lon="21.1307042">
      <tag k="name" v="Lombard Cezar"/>
      <tag k="opening_hours" v="Mo-Fr 08:00-17:00"/>
      <tag k="shop" v="pawnbroker"/>
      <tag k="operator" v="Jantar sp. z o.o."/>
      <tag k="operator:ref:rdl_knf" v="RDL000016"/>
      <tag k="source:shop" v="Rejestr działalności lombardowej KNF"/>
    </node>
    <node id="4805936941" action="modify" timestamp="2026-01-25T15:40:58Z" uid="936280" user="sheldonelectric" visible="true" version="2" changeset="177687244" lat="50.294" lon="18.6666861">
      <tag k="amenity" v="bureau_de_change"/>
      <tag k="operator" v="Juran Gold sp. z o.o."/>
      <tag k="operator:ref:rdl_knf" v="RDL000086"/>
      <tag k="shop" v="pawnbroker"/>
      <tag k="source:shop" v="Rejestr działalności lombardowej KNF"/>
    </node>
    <node id="13483994218" action="modify" timestamp="2026-01-25T15:40:57Z" uid="936280" user="sheldonelectric" visible="true" version="1" changeset="177687244" lat="50.2974951" lon="18.6719806">
      <tag k="amenity" v="bureau_de_change"/>
      <tag k="operator" v="Juran Gold sp. z o.o."/>
      <tag k="operator:ref:rdl_knf" v="RDL000086"/>
      <tag k="shop" v="pawnbroker"/>
      <tag k="source:shop" v="Rejestr działalności lombardowej KNF"/>
    </node>
    <node id="11164939642" action="modify" timestamp="2025-10-09T15:54:32Z" uid="1189934" user="SzymonH" visible="true" version="2" changeset="173057665" lat="52.1950211" lon="20.8866987">
      <tag k="addr:housenumber" v="35"/>
      <tag k="addr:street" v="Bohaterów Warszawy"/>
      <tag k="check_date" v="2025-10-09"/>
      <tag k="check_date:opening_hours" v="2025-10-09"/>
      <tag k="noname" v="yes"/>
      <tag k="opening_hours" v="Mo-Fr 10:00-19:00; Sa 09:00-15:00; PH off"/>
      <tag k="shop" v="pawnbroker"/>
      <tag k="operator" v="Kalmar sp. z o.o."/>
      <tag k="operator:ref:rdl_knf" v="RDL000024"/>
      <tag k="addr:city" v="Warszawa"/>
      <tag k="addr:postcode" v="02-495"/>
      <tag k="source:shop" v="Rejestr działalności lombardowej KNF"/>
    </node>
    <node id="8617181607" action="modify" timestamp="2026-08-26T16:33:14Z" uid="67255" user="Rogoyski" visible="true" version="7" changeset="188054086" lat="52.2312883" lon="20.9932807">
      <tag k="check_date" v="2026-08-26"/>
      <tag k="name" v="Ze Złotej"/>
      <tag k="opening_hours" v="Mo-Fr 10:00-20:00; Sa 10:00-16:00"/>
      <tag k="shop" v="pawnbroker"/>
      <tag k="wheelchair" v="no"/>
      <tag k="operator" v="Lider S. J. sp. z o.o."/>
      <tag k="operator:ref:rdl_knf" v="RDL000060"/>
      <tag k="source:shop" v="Rejestr działalności lombardowej KNF"/>
    </node>
    <node id="10580067175" action="modify" timestamp="2025-02-09T12:27:08Z" uid="17310115" user="Michaall99" visible="true" version="2" changeset="162312231" lat="53.9156636" lon="15.2001199">
      <tag k="amenity" v="bureau_de_change"/>
      <tag k="fixme" v="Check existance"/>
      <tag k="level" v="0"/>
      <tag k="operator" v="Lombard Beta sp. z o.o."/>
      <tag k="operator:ref:rdl_knf" v="RDL000161"/>
      <tag k="shop" v="pawnbroker"/>
      <tag k="source:shop" v="Rejestr działalności lombardowej KNF"/>
    </node>
    <node id="13103333442" action="modify" timestamp="2025-09-10T19:32:56Z" uid="13948004" user="bartgron" visible="true" version="2" changeset="171752891" lat="53.8632794" lon="20.9565277">
      <tag k="brand" v="Loombard"/>
      <tag k="brand:wikidata" v="Q113227799"/>
      <tag k="check_date" v="2025-08-28"/>
      <tag k="name" v="Loombard"/>
      <tag k="shop" v="pawnbroker"/>
      <tag k="wheelchair" v="no"/>
      <tag k="operator" v="Lombard Gold sp. z o.o."/>
      <tag k="operator:ref:rdl_knf" v="RDL000097"/>
      <tag k="source:shop" v="Rejestr działalności lombardowej KNF"/>
    </node>
    <node id="1562656767" action="modify" timestamp="2025-11-13T11:11:31Z" uid="1682993" user="szedar" visible="true" version="6" changeset="174599684" lat="50.3484195" lon="18.9271766">
      <tag k="addr:city" v="Bytom"/>
      <tag k="addr:housenumber" v="80"/>
      <tag k="addr:postcode" v="41-902"/>
      <tag k="addr:street" v="Marszałka Józefa Piłsudskiego"/>
      <tag k="brand" v="Loombard"/>
      <tag k="brand:wikidata" v="Q113227799"/>
      <tag k="email" v="pilsudskiego80@loombard.pl"/>
      <tag k="name" v="Loombard"/>
      <tag k="opening_hours" v="Mo-Su 08:00-22:00"/>
      <tag k="phone" v="+48 32 283 16 66"/>
      <tag k="shop" v="pawnbroker"/>
      <tag k="operator" v="Lombard Gold sp. z o.o."/>
      <tag k="operator:ref:rdl_knf" v="RDL000097"/>
      <tag k="source:shop" v="Rejestr działalności lombardowej KNF"/>
    </node>
    <node id="945921841" action="modify" timestamp="2010-11-22T18:57:31Z" uid="175746" user="RafalR" visible="true" version="3" changeset="6433800" lat="51.1304667" lon="23.4682861">
      <tag k="amenity" v="bureau_de_change"/>
      <tag k="wheelchair" v="no"/>
      <tag k="operator" v="Lombard Gold sp. z o.o."/>
      <tag k="operator:ref:rdl_knf" v="RDL000097"/>
      <tag k="brand" v="Loombard"/>
      <tag k="name" v="Loombard"/>
      <tag k="brand:wikidata" v="Q113227799"/>
      <tag k="add:flat" v="21"/>
      <tag k="shop" v="pawnbroker"/>
      <tag k="source:shop" v="Rejestr działalności lombardowej KNF"/>
    </node>
    <node id="13443848817" action="modify" timestamp="2026-05-19T07:37:53Z" uid="23492813" user="confusedbuffalo-bot" visible="true" version="3" changeset="182865011" lat="52.7357876" lon="15.2341902">
      <tag k="addr:city" v="Gorzów Wielkopolski"/>
      <tag k="addr:housenumber" v="21"/>
      <tag k="addr:postcode" v="66-400"/>
      <tag k="addr:street" v="Bolesława Chrobrego"/>
      <tag k="name" v="Loombard"/>
      <tag k="phone" v="+48 666 607 852"/>
      <tag k="shop" v="pawnbroker"/>
      <tag k="website" v="https://www.facebook.com/LombardPrzyKwadracie"/>
      <tag k="operator" v="Lombard Gold sp. z o.o."/>
      <tag k="operator:ref:rdl_knf" v="RDL000097"/>
      <tag k="brand" v="Loombard"/>
      <tag k="brand:wikidata" v="Q113227799"/>
      <tag k="add:flat" v="1"/>
      <tag k="source:shop" v="Rejestr działalności lombardowej KNF"/>
    </node>
    <node id="13255765779" action="modify" timestamp="2025-10-25T12:12:50Z" uid="11239973" user="uprkos" visible="true" version="1" changeset="173753336" lat="50.0673411" lon="19.9447291">
      <tag k="brand" v="Loombard"/>
      <tag k="brand:wikidata" v="Q113227799"/>
      <tag k="check_date" v="2025-10-25"/>
      <tag k="name" v="Loombard"/>
      <tag k="shop" v="pawnbroker"/>
      <tag k="operator" v="Lombard Gold sp. z o.o."/>
      <tag k="operator:ref:rdl_knf" v="RDL000097"/>
      <tag k="source:shop" v="Rejestr działalności lombardowej KNF"/>
    </node>
    <node id="6274871976" action="modify" timestamp="2019-02-12T19:15:38Z" uid="2547593" user="marcinos2079" visible="true" version="1" changeset="67141606" lat="49.7082901" lon="20.4212109">
      <tag k="name" v="Loombard"/>
      <tag k="shop" v="pawnbroker"/>
      <tag k="operator" v="Lombard Gold sp. z o.o."/>
      <tag k="operator:ref:rdl_knf" v="RDL000097"/>
      <tag k="brand" v="Loombard"/>
      <tag k="brand:wikidata" v="Q113227799"/>
      <tag k="source:shop" v="Rejestr działalności lombardowej KNF"/>
    </node>
    <node id="12244894306" action="modify" timestamp="2025-12-03T15:24:54Z" uid="22056216" user="LublinPP" visible="true" version="2" changeset="175451768" lat="51.2377848" lon="22.5510297">
      <tag k="check_date" v="2025-12-03"/>
      <tag k="name" v="Loombard"/>
      <tag k="opening_hours" v="08:00-21:00"/>
      <tag k="shop" v="pawnbroker"/>
      <tag k="operator" v="Lombard Gold sp. z o.o."/>
      <tag k="operator:ref:rdl_knf" v="RDL000097"/>
      <tag k="brand" v="Loombard"/>
      <tag k="brand:wikidata" v="Q113227799"/>
      <tag k="add:flat" v="10"/>
      <tag k="source:shop" v="Rejestr działalności lombardowej KNF"/>
    </node>
    <node id="10931283347" action="modify" timestamp="2025-10-19T15:11:04Z" uid="8671948" user="Volodymyr D-k" visible="true" version="3" changeset="173496927" lat="51.2423925" lon="22.5685933">
      <tag k="branch" v="pl"/>
      <tag k="brand" v="Loombard"/>
      <tag k="brand:wikidata" v="Q113227799"/>
      <tag k="check_date" v="2023-05-27"/>
      <tag k="name" v="Loombard"/>
      <tag k="shop" v="pawnbroker"/>
      <tag k="operator" v="Lombard Gold sp. z o.o."/>
      <tag k="operator:ref:rdl_knf" v="RDL000097"/>
      <tag k="source:shop" v="Rejestr działalności lombardowej KNF"/>
    </node>
    <node id="4659207200" action="modify" timestamp="2017-02-03T10:53:03Z" uid="1926621" user="Kowadeo" visible="true" version="1" changeset="45774765" lat="50.286591" lon="21.4215227">
      <tag k="amenity" v="bureau_de_change"/>
      <tag k="name" v="Loombard"/>
      <tag k="operator" v="Lombard Gold sp. z o.o."/>
      <tag k="operator:ref:rdl_knf" v="RDL000097"/>
      <tag k="brand" v="Loombard"/>
      <tag k="brand:wikidata" v="Q113227799"/>
      <tag k="shop" v="pawnbroker"/>
      <tag k="source:shop" v="Rejestr działalności lombardowej KNF"/>
    </node>
    <node id="11588926611" action="modify" timestamp="2024-02-08T17:01:51Z" uid="18104069" user="Vlctm" visible="true" version="2" changeset="147226036" lat="53.7853985" lon="20.4917461">
      <tag k="name" v="Loombard"/>
      <tag k="shop" v="pawnbroker"/>
      <tag k="operator" v="Lombard Gold sp. z o.o."/>
      <tag k="operator:ref:rdl_knf" v="RDL000097"/>
      <tag k="brand" v="Loombard"/>
      <tag k="brand:wikidata" v="Q113227799"/>
      <tag k="source:shop" v="Rejestr działalności lombardowej KNF"/>
    </node>
    <node id="13732777718" action="modify" timestamp="2026-04-15T17:24:48Z" uid="67255" user="Rogoyski" visible="true" version="1" changeset="181378975" lat="50.0379763" lon="22.0030808">
      <tag k="addr:housenumber" v="12"/>
      <tag k="addr:street" v="Jana Matejki"/>
      <tag k="brand" v="Loombard"/>
      <tag k="brand:wikidata" v="Q113227799"/>
      <tag k="check_date" v="2026-04-15"/>
      <tag k="name" v="Loombard"/>
      <tag k="opening_hours" v="09:00-22:00"/>
      <tag k="shop" v="pawnbroker"/>
      <tag k="wheelchair" v="no"/>
      <tag k="operator" v="Lombard Gold sp. z o.o."/>
      <tag k="operator:ref:rdl_knf" v="RDL000097"/>
      <tag k="addr:city" v="Rzeszów"/>
      <tag k="addr:postcode" v="35-064"/>
      <tag k="source:shop" v="Rejestr działalności lombardowej KNF"/>
    </node>
    <node id="10234786124" action="modify" timestamp="2024-07-08T15:26:43Z" uid="21723218" user="tux_" visible="true" version="2" changeset="153708981" lat="50.0194318" lon="22.0044898">
      <tag k="addr:city" v="Rzeszów"/>
      <tag k="addr:postcode" v="35-029"/>
      <tag k="addr:street" v="Aleja Powstańców Warszawy"/>
      <tag k="check_date:opening_hours" v="2024-07-08"/>
      <tag k="contact:allegro" v="https://allegro.pl/uzytkownik/alleloombard344"/>
      <tag k="contact:gg" v="61018684"/>
      <tag k="name" v="Loombard"/>
      <tag k="opening_hours" v="Mo-Sa 08:00-20:00"/>
      <tag k="phone" v="+48 518 135 217"/>
      <tag k="shop" v="pawnbroker"/>
      <tag k="website" v="https://www.loombard.pl/location/rzeszow-alpwst-wawy-rzeszow-tsc2-sj"/>
      <tag k="operator" v="Lombard Gold sp. z o.o."/>
      <tag k="operator:ref:rdl_knf" v="RDL000097"/>
      <tag k="brand" v="Loombard"/>
      <tag k="brand:wikidata" v="Q113227799"/>
      <tag k="addr:housenumber" v="1"/>
      <tag k="source:shop" v="Rejestr działalności lombardowej KNF"/>
    </node>
    <node id="12580175064" action="modify" timestamp="2025-02-11T20:31:54Z" uid="6203794" user="k2101" visible="true" version="1" changeset="162406354" lat="49.5587335" lon="22.2039631">
      <tag k="name" v="Loombard"/>
      <tag k="shop" v="pawnbroker"/>
      <tag k="operator" v="Lombard Gold sp. z o.o."/>
      <tag k="operator:ref:rdl_knf" v="RDL000097"/>
      <tag k="brand" v="Loombard"/>
      <tag k="brand:wikidata" v="Q113227799"/>
      <tag k="source:shop" v="Rejestr działalności lombardowej KNF"/>
    </node>
    <node id="12344861118" action="modify" timestamp="2024-11-15T22:08:09Z" uid="91771" user="Alexey Vazhnov" visible="true" version="1" changeset="159188865" lat="51.0750203" lon="17.0867249">
      <tag k="check_date" v="2024-11-15"/>
      <tag k="level" v="0"/>
      <tag k="name" v="Loombard"/>
      <tag k="shop" v="pawnbroker"/>
      <tag k="operator" v="Lombard Gold sp. z o.o."/>
      <tag k="operator:ref:rdl_knf" v="RDL000097"/>
      <tag k="brand" v="Loombard"/>
      <tag k="brand:wikidata" v="Q113227799"/>
      <tag k="source:shop" v="Rejestr działalności lombardowej KNF"/>
    </node>
    <node id="1984963394" action="modify" timestamp="2025-05-24T20:23:20Z" uid="4851745" user="qaz789" visible="true" version="6" changeset="166712365" lat="51.1026067" lon="17.0310695">
      <tag k="brand" v="Loombard"/>
      <tag k="brand:wikidata" v="Q113227799"/>
      <tag k="check_date" v="2025-05-20"/>
      <tag k="name" v="Loombard"/>
      <tag k="opening_hours" v="Mo-Sa 08:00-22:00; Su 09:00-22:00"/>
      <tag k="shop" v="pawnbroker"/>
      <tag k="operator" v="Lombard Gold sp. z o.o."/>
      <tag k="operator:ref:rdl_knf" v="RDL000097"/>
      <tag k="source:shop" v="Rejestr działalności lombardowej KNF"/>
    </node>
    <node id="13867340750" action="modify" timestamp="2026-05-23T16:44:18Z" uid="3476229" user="maro21" visible="true" version="1" changeset="183076315" lat="51.0847516" lon="17.0428849">
      <tag k="name" v="Loombard"/>
      <tag k="shop" v="pawnbroker"/>
      <tag k="wheelchair" v="yes"/>
      <tag k="operator" v="Lombard Gold sp. z o.o."/>
      <tag k="operator:ref:rdl_knf" v="RDL000097"/>
      <tag k="brand" v="Loombard"/>
      <tag k="brand:wikidata" v="Q113227799"/>
      <tag k="source:shop" v="Rejestr działalności lombardowej KNF"/>
    </node>
    <node id="13408756716" action="modify" timestamp="2025-12-26T14:00:44Z" uid="22307245" user="marw8891" visible="true" version="1" changeset="176440839" lat="51.8069245" lon="16.317085">
      <tag k="brand" v="Loombard"/>
      <tag k="name" v="Loombard"/>
      <tag k="shop" v="pawnbroker"/>
      <tag k="operator" v="Lombard Gold sp. z o.o."/>
      <tag k="operator:ref:rdl_knf" v="RDL000097"/>
      <tag k="brand:wikidata" v="Q113227799"/>
      <tag k="source:shop" v="Rejestr działalności lombardowej KNF"/>
    </node>
    <node id="4697509889" action="modify" timestamp="2020-11-28T23:06:24Z" uid="10642775" user="Dawid2849" visible="true" version="2" changeset="94962079" lat="50.7253946" lon="23.2521635">
      <tag k="amenity" v="bureau_de_change"/>
      <tag k="opening_hours" v="Mo-Fr 10:00-17:30; Sa 10:00-15:00"/>
      <tag k="operator" v="Lombard Gold sp. z o.o."/>
      <tag k="operator:ref:rdl_knf" v="RDL000097"/>
      <tag k="brand" v="Loombard"/>
      <tag k="name" v="Loombard"/>
      <tag k="brand:wikidata" v="Q113227799"/>
      <tag k="shop" v="pawnbroker"/>
      <tag k="source:shop" v="Rejestr działalności lombardowej KNF"/>
    </node>
    <node id="9583557617" action="modify" timestamp="2025-01-21T19:05:30Z" uid="21888128" user="user_21888128" visible="true" version="24" changeset="161612287" lat="51.9469909" lon="15.5125611">
      <tag k="name" v="Loombard"/>
      <tag k="name:ru" v="Ломбард"/>
      <tag k="shop" v="pawnbroker"/>
      <tag k="operator" v="Lombard Gold sp. z o.o."/>
      <tag k="operator:ref:rdl_knf" v="RDL000097"/>
      <tag k="brand" v="Loombard"/>
      <tag k="brand:wikidata" v="Q113227799"/>
      <tag k="source:shop" v="Rejestr działalności lombardowej KNF"/>
    </node>
    <node id="6440708979" action="modify" timestamp="2019-05-01T14:37:16Z" uid="3266826" user="user_3266826" visible="true" version="1" changeset="69767647" lat="51.9289749" lon="15.4935043">
      <tag k="addr:city" v="Zielona Góra"/>
      <tag k="addr:housenumber" v="5"/>
      <tag k="addr:postcode" v="65-536"/>
      <tag k="addr:street" v="Stefana Wyszyńskiego"/>
      <tag k="name" v="Loombard"/>
      <tag k="shop" v="pawnbroker"/>
      <tag k="operator" v="Lombard Gold sp. z o.o."/>
      <tag k="operator:ref:rdl_knf" v="RDL000097"/>
      <tag k="brand" v="Loombard"/>
      <tag k="brand:wikidata" v="Q113227799"/>
      <tag k="source:shop" v="Rejestr działalności lombardowej KNF"/>
    </node>
    <node id="6415860237" action="modify" timestamp="2019-04-19T09:36:22Z" uid="9253622" user="eLBe_Zarow" visible="true" version="1" changeset="69370996" lat="50.9409865" lon="16.4958052">
      <tag k="operator" v="Lombard Gold sp. z o.o."/>
      <tag k="operator:ref:rdl_knf" v="RDL000097"/>
      <tag k="brand" v="Loombard"/>
      <tag k="name" v="Loombard"/>
      <tag k="brand:wikidata" v="Q113227799"/>
      <tag k="shop" v="pawnbroker"/>
      <tag k="source:shop" v="Rejestr działalności lombardowej KNF"/>
    </node>
    <node id="12377343463" action="modify" timestamp="2024-11-26T22:46:15Z" uid="15308033" user="Gajusz Kubasik" visible="true" version="1" changeset="159637234" lat="51.7635262" lon="18.0915239">
      <tag k="shop" v="pawnbroker"/>
      <tag k="operator" v="Lombard Grosz Kalisz sp. z o.o."/>
      <tag k="operator:ref:rdl_knf" v="RDL000050"/>
      <tag k="source:shop" v="Rejestr działalności lombardowej KNF"/>
    </node>
    <node id="4262611850" action="modify" timestamp="2020-06-08T10:42:31Z" uid="3678444" user="jaroslaw_goralczyk" visible="true" version="2" changeset="86349653" lat="51.7695033" lon="19.4457968">
      <tag k="name" v="Lombard - Komis - Serwis telefonów"/>
      <tag k="opening_hours" v="Mo-Fr 10:00-18:00; Sa 10:00-14:00"/>
      <tag k="shop" v="pawnbroker"/>
      <tag k="operator" v="Lombard Halo Gsm sp. z o.o."/>
      <tag k="operator:ref:rdl_knf" v="RDL000007"/>
      <tag k="source:shop" v="Rejestr działalności lombardowej KNF"/>
    </node>
    <node id="13128384567" action="modify" timestamp="2025-09-08T17:22:13Z" uid="157099" user="TSr" visible="true" version="1" changeset="171647554" lat="50.2028167" lon="19.2722554">
      <tag k="amenity" v="bureau_de_change"/>
      <tag k="level" v="0"/>
      <tag k="wheelchair" v="yes"/>
      <tag k="operator" v="Lombard Kaps 4 sp. z o.o."/>
      <tag k="operator:ref:rdl_knf" v="RDL000106"/>
      <tag k="shop" v="pawnbroker"/>
      <tag k="source:shop" v="Rejestr działalności lombardowej KNF"/>
    </node>
    <node id="3994337477" action="modify" timestamp="2024-10-03T21:20:06Z" uid="19155182" user="kamilbogacki" visible="true" version="3" changeset="157437272" lat="52.8768508" lon="18.692764">
      <tag k="amenity" v="bureau_de_change"/>
      <tag k="level" v="0"/>
      <tag k="name" v="Loombard"/>
      <tag k="phone" v="+48 691 828 790"/>
      <tag k="operator" v="Lombard Medium  sp. z o.o."/>
      <tag k="operator:ref:rdl_knf" v="RDL000104"/>
      <tag k="brand" v="Loombard"/>
      <tag k="brand:wikidata" v="Q113227799"/>
      <tag k="shop" v="pawnbroker"/>
      <tag k="source:shop" v="Rejestr działalności lombardowej KNF"/>
    </node>
    <node id="10131371774" action="modify" timestamp="2022-10-26T22:44:52Z" uid="409085" user="swampstump" visible="true" version="1" changeset="128104285" lat="49.8071189" lon="19.0621069">
      <tag k="shop" v="pawnbroker"/>
      <tag k="operator" v="Lombard Medium  sp. z o.o."/>
      <tag k="operator:ref:rdl_knf" v="RDL000104"/>
      <tag k="brand" v="Loombard"/>
      <tag k="name" v="Loombard"/>
      <tag k="brand:wikidata" v="Q113227799"/>
      <tag k="source:shop" v="Rejestr działalności lombardowej KNF"/>
    </node>
    <node id="12359946810" action="modify" timestamp="2025-01-17T13:37:00Z" uid="21610625" user="𝙢𝙖𝙧𝙖𝙯𝙯𝙚𝙧 ദ്ദി ᗜˬᗜ✧" visible="true" version="2" changeset="161455847" lat="52.8350635" lon="15.8295106">
      <tag k="brand" v="Loombard"/>
      <tag k="brand:wikidata" v="Q113227799"/>
      <tag k="name" v="Loombard"/>
      <tag k="shop" v="pawnbroker"/>
      <tag k="operator" v="Lombard Medium  sp. z o.o."/>
      <tag k="operator:ref:rdl_knf" v="RDL000104"/>
      <tag k="source:shop" v="Rejestr działalności lombardowej KNF"/>
    </node>
    <node id="12842649295" action="modify" timestamp="2026-07-25T18:12:41Z" uid="24287895" user="Fatmani_" visible="true" version="3" changeset="186360708" lat="54.4832656" lon="18.5375376">
      <tag k="name" v="Loombard"/>
      <tag k="opening_hours" v="Mo-Sa 08:00-21:00; Su 08:00-18:00"/>
      <tag k="shop" v="pawnbroker"/>
      <tag k="operator" v="Lombard Medium  sp. z o.o."/>
      <tag k="operator:ref:rdl_knf" v="RDL000104"/>
      <tag k="brand" v="Loombard"/>
      <tag k="brand:wikidata" v="Q113227799"/>
      <tag k="source:shop" v="Rejestr działalności lombardowej KNF"/>
    </node>
    <node id="5514912631" action="modify" timestamp="2018-03-29T19:12:07Z" uid="6889214" user="HalfTough" visible="true" version="1" changeset="57643114" lat="53.1098129" lon="19.0523879">
      <tag k="shop" v="pawnbroker"/>
      <tag k="operator" v="Lombard Medium  sp. z o.o."/>
      <tag k="operator:ref:rdl_knf" v="RDL000104"/>
      <tag k="brand" v="Loombard"/>
      <tag k="name" v="Loombard"/>
      <tag k="brand:wikidata" v="Q113227799"/>
      <tag k="source:shop" v="Rejestr działalności lombardowej KNF"/>
    </node>
    <node id="11470977808" action="modify" timestamp="2023-12-30T21:37:33Z" uid="1250896" user="YacoobPL" visible="true" version="1" changeset="145714081" lat="52.7386026" lon="23.5843822">
      <tag k="name" v="Loombard"/>
      <tag k="shop" v="pawnbroker"/>
      <tag k="operator" v="Lombard Medium  sp. z o.o."/>
      <tag k="operator:ref:rdl_knf" v="RDL000104"/>
      <tag k="brand" v="Loombard"/>
      <tag k="brand:wikidata" v="Q113227799"/>
      <tag k="source:shop" v="Rejestr działalności lombardowej KNF"/>
    </node>
    <node id="13462342223" action="modify" timestamp="2026-01-17T15:14:58Z" uid="11239973" user="uprkos" visible="true" version="1" changeset="177339775" lat="50.6393387" lon="20.3035039">
      <tag k="brand" v="Loombard"/>
      <tag k="brand:wikidata" v="Q113227799"/>
      <tag k="check_date" v="2026-01-17"/>
      <tag k="name" v="Loombard"/>
      <tag k="shop" v="pawnbroker"/>
      <tag k="operator" v="Lombard Medium  sp. z o.o."/>
      <tag k="operator:ref:rdl_knf" v="RDL000104"/>
      <tag k="source:shop" v="Rejestr działalności lombardowej KNF"/>
    </node>
    <node id="8109697293" action="modify" timestamp="2022-07-09T12:50:58Z" uid="718122" user="YomanNH" visible="true" version="4" changeset="123399236" lat="50.0828061" lon="20.0226253">
      <tag k="name" v="Loombard"/>
      <tag k="opening_hours" v="Mo-Su 08:00-21:00"/>
      <tag k="shop" v="pawnbroker"/>
      <tag k="operator" v="Lombard Medium  sp. z o.o."/>
      <tag k="operator:ref:rdl_knf" v="RDL000104"/>
      <tag k="brand" v="Loombard"/>
      <tag k="brand:wikidata" v="Q113227799"/>
      <tag k="source:shop" v="Rejestr działalności lombardowej KNF"/>
    </node>
    <node id="12945922079" action="modify" timestamp="2025-06-23T06:36:36Z" uid="1722488" user="Mateusz Konieczny" visible="true" version="2" changeset="167986020" lat="50.0940693" lon="20.0114961">
      <tag k="name" v="Loombard"/>
      <tag k="opening_hours" v="Mo-Su 08:00-21:00"/>
      <tag k="shop" v="pawnbroker"/>
      <tag k="operator" v="Lombard Medium  sp. z o.o."/>
      <tag k="operator:ref:rdl_knf" v="RDL000104"/>
      <tag k="brand" v="Loombard"/>
      <tag k="brand:wikidata" v="Q113227799"/>
      <tag k="source:shop" v="Rejestr działalności lombardowej KNF"/>
    </node>
    <node id="12656690506" action="modify" timestamp="2025-03-12T14:36:34Z" uid="10159422" user="Mamutinka" visible="true" version="1" changeset="163530790" lat="50.0576551" lon="19.9443359">
      <tag k="email" v="starowislnaloombard@gmail.com"/>
      <tag k="facebook" v="https://www.facebook.com/LombardKrakow/"/>
      <tag k="name" v="Loombard"/>
      <tag k="phone" v="+48500015797"/>
      <tag k="shop" v="pawnbroker"/>
      <tag k="operator" v="Lombard Medium  sp. z o.o."/>
      <tag k="operator:ref:rdl_knf" v="RDL000104"/>
      <tag k="brand" v="Loombard"/>
      <tag k="brand:wikidata" v="Q113227799"/>
      <tag k="source:shop" v="Rejestr działalności lombardowej KNF"/>
    </node>
    <node id="6468738810" action="modify" timestamp="2025-01-01T11:30:37Z" uid="11239973" user="uprkos" visible="true" version="3" changeset="160859497" lat="50.0158216" lon="20.0098492">
      <tag k="brand" v="Loombard"/>
      <tag k="brand:wikidata" v="Q113227799"/>
      <tag k="check_date" v="2025-01-01"/>
      <tag k="name" v="Loombard"/>
      <tag k="shop" v="pawnbroker"/>
      <tag k="operator" v="Lombard Medium  sp. z o.o."/>
      <tag k="operator:ref:rdl_knf" v="RDL000104"/>
      <tag k="source:shop" v="Rejestr działalności lombardowej KNF"/>
    </node>
    <node id="5420844155" action="modify" timestamp="2025-12-21T12:10:23Z" uid="11239973" user="uprkos" visible="true" version="5" changeset="176214756" lat="50.0184877" lon="19.9863113">
      <tag k="brand" v="Loombard"/>
      <tag k="brand:wikidata" v="Q113227799"/>
      <tag k="check_date" v="2025-12-21"/>
      <tag k="name" v="Loombard"/>
      <tag k="shop" v="pawnbroker"/>
      <tag k="wheelchair" v="yes"/>
      <tag k="operator" v="Lombard Medium  sp. z o.o."/>
      <tag k="operator:ref:rdl_knf" v="RDL000104"/>
      <tag k="source:shop" v="Rejestr działalności lombardowej KNF"/>
    </node>
    <node id="1691398860" action="modify" timestamp="2020-05-19T21:00:51Z" uid="1722488" user="Mateusz Konieczny" visible="true" version="7" changeset="85463463" lat="50.0797863" lon="19.89503">
      <tag k="name" v="Loombard"/>
      <tag k="opening_hours" v="08:00-21:00"/>
      <tag k="shop" v="pawnbroker"/>
      <tag k="operator" v="Lombard Medium  sp. z o.o."/>
      <tag k="operator:ref:rdl_knf" v="RDL000104"/>
      <tag k="brand" v="Loombard"/>
      <tag k="brand:wikidata" v="Q113227799"/>
      <tag k="source:shop" v="Rejestr działalności lombardowej KNF"/>
    </node>
    <node id="9337820011" action="modify" timestamp="2023-09-15T11:02:05Z" uid="6739817" user="rayleigh1" visible="true" version="3" changeset="141297496" lat="50.0680279" lon="19.9279623">
      <tag k="check_date" v="2023-09-15"/>
      <tag k="name" v="Loombard"/>
      <tag k="opening_hours" v="08:00-21:00"/>
      <tag k="shop" v="pawnbroker"/>
      <tag k="operator" v="Lombard Medium  sp. z o.o."/>
      <tag k="operator:ref:rdl_knf" v="RDL000104"/>
      <tag k="brand" v="Loombard"/>
      <tag k="brand:wikidata" v="Q113227799"/>
      <tag k="source:shop" v="Rejestr działalności lombardowej KNF"/>
    </node>
    <node id="5034382493" action="modify" timestamp="2017-08-14T11:31:44Z" uid="5691345" user="madu21" visible="true" version="1" changeset="51108428" lat="50.2541158" lon="22.4216023">
      <tag k="addr:city" v="Leżajsk"/>
      <tag k="addr:housenumber" v="11"/>
      <tag k="addr:postcode" v="37-300"/>
      <tag k="addr:street" v="Adama Mickiewicza"/>
      <tag k="amenity" v="bureau_de_change"/>
      <tag k="operator" v="Lombard Medium  sp. z o.o."/>
      <tag k="operator:ref:rdl_knf" v="RDL000104"/>
      <tag k="brand" v="Loombard"/>
      <tag k="name" v="Loombard"/>
      <tag k="brand:wikidata" v="Q113227799"/>
      <tag k="shop" v="pawnbroker"/>
      <tag k="source:shop" v="Rejestr działalności lombardowej KNF"/>
    </node>
    <node id="10107265526" action="modify" timestamp="2025-08-16T19:48:52Z" uid="17295082" user="Aim311_" visible="true" version="2" changeset="170539459" lat="52.601628" lon="15.8892288">
      <tag k="name" v="Loombard"/>
      <tag k="shop" v="pawnbroker"/>
      <tag k="operator" v="Lombard Medium  sp. z o.o."/>
      <tag k="operator:ref:rdl_knf" v="RDL000104"/>
      <tag k="brand" v="Loombard"/>
      <tag k="brand:wikidata" v="Q113227799"/>
      <tag k="source:shop" v="Rejestr działalności lombardowej KNF"/>
    </node>
    <node id="5237029723" action="modify" timestamp="2019-03-05T11:42:06Z" uid="9451067" user="b-jazz-bot" visible="true" version="2" changeset="67801092" lat="51.5300937" lon="17.2748776">
      <tag k="addr:postcode" v="56-300"/>
      <tag k="name" v="Loombard"/>
      <tag k="opening_hours" v="Mo-Su 08:00-21:00"/>
      <tag k="phone" v="+48 71 384 45 09"/>
      <tag k="shop" v="pawnbroker"/>
      <tag k="website" v="https://www.loombard.pl/lombard/milicz/wroclawska-6-milicz/"/>
      <tag k="operator" v="Lombard Medium  sp. z o.o."/>
      <tag k="operator:ref:rdl_knf" v="RDL000104"/>
      <tag k="addr:city" v="Milicz"/>
      <tag k="brand" v="Loombard"/>
      <tag k="brand:wikidata" v="Q113227799"/>
      <tag k="addr:housenumber" v="6"/>
      <tag k="addr:street" v="Wrocławska"/>
      <tag k="source:shop" v="Rejestr działalności lombardowej KNF"/>
    </node>
    <node id="6565027075" action="modify" timestamp="2021-07-29T21:00:31Z" uid="591529" user="IreuN" visible="true" version="2" changeset="108846688" lat="51.0745803" lon="17.722542">
      <tag k="shop" v="pawnbroker"/>
      <tag k="operator" v="Lombard Medium  sp. z o.o."/>
      <tag k="operator:ref:rdl_knf" v="RDL000104"/>
      <tag k="brand" v="Loombard"/>
      <tag k="name" v="Loombard"/>
      <tag k="brand:wikidata" v="Q113227799"/>
      <tag k="source:shop" v="Rejestr działalności lombardowej KNF"/>
    </node>
    <node id="13290564679" action="modify" timestamp="2025-11-09T11:47:05Z" uid="17295082" user="Aim311_" visible="true" version="1" changeset="174413180" lat="52.3156314" lon="16.1320027">
      <tag k="shop" v="pawnbroker"/>
      <tag k="operator" v="Lombard Medium  sp. z o.o."/>
      <tag k="operator:ref:rdl_knf" v="RDL000104"/>
      <tag k="brand" v="Loombard"/>
      <tag k="name" v="Loombard"/>
      <tag k="brand:wikidata" v="Q113227799"/>
      <tag k="source:shop" v="Rejestr działalności lombardowej KNF"/>
    </node>
    <node id="6141050804" action="modify" timestamp="2020-07-17T06:44:58Z" uid="2319082" user="jacek_zwik" visible="true" version="2" changeset="88124011" lat="50.8770604" lon="18.4218275">
      <tag k="name" v="Loombard"/>
      <tag k="opening_hours" v="Mo-Fr 09:00-17:00; Sa 09:00-13:00"/>
      <tag k="shop" v="pawnbroker"/>
      <tag k="operator" v="Lombard Medium  sp. z o.o."/>
      <tag k="operator:ref:rdl_knf" v="RDL000104"/>
      <tag k="brand" v="Loombard"/>
      <tag k="brand:wikidata" v="Q113227799"/>
      <tag k="source:shop" v="Rejestr działalności lombardowej KNF"/>
    </node>
    <node id="1704831378" action="modify" timestamp="2026-08-27T11:45:36Z" uid="20739989" user="miwa_meow" visible="true" version="4" changeset="188091752" lat="50.035373" lon="19.2427106">
      <tag k="addr:housenumber" v="17B"/>
      <tag k="addr:street" v="Aleja Tysiąclecia"/>
      <tag k="shop" v="pawnbroker"/>
      <tag k="operator" v="Lombard Medium  sp. z o.o."/>
      <tag k="operator:ref:rdl_knf" v="RDL000104"/>
      <tag k="addr:city" v="Oświęcim"/>
      <tag k="addr:postcode" v="32-600"/>
      <tag k="brand" v="Loombard"/>
      <tag k="name" v="Loombard"/>
      <tag k="brand:wikidata" v="Q113227799"/>
      <tag k="source:shop" v="Rejestr działalności lombardowej KNF"/>
    </node>
    <node id="7046606483" action="modify" timestamp="2024-11-12T17:46:40Z" uid="1563295" user="abylejakie" visible="true" version="4" changeset="159060976" lat="52.1056237" lon="21.2598771">
      <tag k="check_date:opening_hours" v="2024-11-12"/>
      <tag k="name" v="Loombard"/>
      <tag k="opening_hours" v="Mo-Sa 09:00-20:00"/>
      <tag k="shop" v="pawnbroker"/>
      <tag k="operator" v="Lombard Medium  sp. z o.o."/>
      <tag k="operator:ref:rdl_knf" v="RDL000104"/>
      <tag k="brand" v="Loombard"/>
      <tag k="brand:wikidata" v="Q113227799"/>
      <tag k="source:shop" v="Rejestr działalności lombardowej KNF"/>
    </node>
    <node id="10616793013" action="modify" timestamp="2023-08-15T16:27:34Z" uid="18403386" user="azet1" visible="true" version="2" changeset="139924003" lat="50.398238" lon="18.6263338">
      <tag k="brand" v="Loombard"/>
      <tag k="brand:wikidata" v="Q113227799"/>
      <tag k="name" v="Loombard"/>
      <tag k="shop" v="pawnbroker"/>
      <tag k="operator" v="Lombard Medium  sp. z o.o."/>
      <tag k="operator:ref:rdl_knf" v="RDL000104"/>
      <tag k="source:shop" v="Rejestr działalności lombardowej KNF"/>
    </node>
    <node id="2454623389" action="modify" timestamp="2013-09-11T19:44:58Z" uid="1732401" user="cyjanek" visible="true" version="1" changeset="17789089" lat="51.7834139" lon="22.6194019">
      <tag k="amenity" v="bureau_de_change"/>
      <tag k="name" v="Loombard"/>
      <tag k="operator" v="Lombard Medium  sp. z o.o."/>
      <tag k="operator:ref:rdl_knf" v="RDL000104"/>
      <tag k="brand" v="Loombard"/>
      <tag k="brand:wikidata" v="Q113227799"/>
      <tag k="shop" v="pawnbroker"/>
      <tag k="source:shop" v="Rejestr działalności lombardowej KNF"/>
    </node>
    <node id="7727932896" action="modify" timestamp="2024-03-02T13:00:09Z" uid="1189934" user="SzymonH" visible="true" version="6" changeset="148130653" lat="51.1150397" lon="20.8683519">
      <tag k="brand" v="Loombard"/>
      <tag k="brand:wikidata" v="Q113227799"/>
      <tag k="name" v="Loombard"/>
      <tag k="opening_hours" v="Mo-Fr 08:00-16:00; Sa 08:00-14:00; PH,Su off"/>
      <tag k="shop" v="pawnbroker"/>
      <tag k="operator" v="Lombard Medium  sp. z o.o."/>
      <tag k="operator:ref:rdl_knf" v="RDL000104"/>
      <tag k="add:flat" v="39"/>
      <tag k="source:shop" v="Rejestr działalności lombardowej KNF"/>
    </node>
    <node id="3834622452" action="modify" timestamp="2026-05-27T19:31:58Z" uid="8341632" user="K4nciasty" visible="true" version="9" changeset="183272230" lat="52.406815" lon="22.2533721">
      <tag k="addr:city:simc" v="0975760"/>
      <tag k="addr:street:sym_ul" v="08431"/>
      <tag k="brand" v="Loombard"/>
      <tag k="brand:wikidata" v="Q113227799"/>
      <tag k="name" v="Loombard"/>
      <tag k="shop" v="pawnbroker"/>
      <tag k="source:addr" v="emuia.gugik.gov.pl"/>
      <tag k="website" v="https://www.loombard.pl/"/>
      <tag k="operator" v="Lombard Medium  sp. z o.o."/>
      <tag k="operator:ref:rdl_knf" v="RDL000104"/>
      <tag k="addr:city" v="Sokołów Podlaski"/>
      <tag k="addr:postcode" v="08-300"/>
      <tag k="addr:housenumber" v="16"/>
      <tag k="addr:street" v="Kilińskiego"/>
      <tag k="source:shop" v="Rejestr działalności lombardowej KNF"/>
    </node>
    <node id="13150321101" action="modify" timestamp="2025-09-17T17:05:44Z" uid="67255" user="Rogoyski" visible="true" version="1" changeset="172076941" lat="52.2040168" lon="20.969683">
      <tag k="addr:housenumber" v="128B"/>
      <tag k="addr:street" v="Grójecka"/>
      <tag k="brand" v="Loombard"/>
      <tag k="brand:wikidata" v="Q113227799"/>
      <tag k="check_date" v="2025-09-17"/>
      <tag k="level" v="0"/>
      <tag k="name" v="Loombard"/>
      <tag k="opening_hours" v="Mo-Sa 08:00-21:00; Su 10:00-18:00"/>
      <tag k="shop" v="pawnbroker"/>
      <tag k="wheelchair" v="limited"/>
      <tag k="operator" v="Lombard Medium  sp. z o.o."/>
      <tag k="operator:ref:rdl_knf" v="RDL000104"/>
      <tag k="addr:city" v="Warszawa"/>
      <tag k="addr:postcode" v="02-383"/>
      <tag k="source:shop" v="Rejestr działalności lombardowej KNF"/>
    </node>
    <node id="11132310597" action="modify" timestamp="2026-07-13T17:31:21Z" uid="67255" user="Rogoyski" visible="true" version="3" changeset="185668226" lat="52.1968434" lon="21.0245682">
      <tag k="addr:housenumber" v="103"/>
      <tag k="addr:street" v="Puławska"/>
      <tag k="brand" v="Loombard"/>
      <tag k="brand:wikidata" v="Q113227799"/>
      <tag k="check_date" v="2026-07-13"/>
      <tag k="name" v="Loombard"/>
      <tag k="opening_hours" v="Mo-Sa 08:15-13:30,14:00-20:45; Su 10:00-18:00"/>
      <tag k="shop" v="pawnbroker"/>
      <tag k="wheelchair" v="limited"/>
      <tag k="operator" v="Lombard Medium  sp. z o.o."/>
      <tag k="operator:ref:rdl_knf" v="RDL000104"/>
      <tag k="addr:city" v="Warszawa"/>
      <tag k="addr:postcode" v="02-595"/>
      <tag k="source:shop" v="Rejestr działalności lombardowej KNF"/>
    </node>
    <node id="11084409799" action="modify" timestamp="2025-01-11T11:01:51Z" uid="22079487" user="Tomasz Buchholz" visible="true" version="3" changeset="161234630" lat="52.2588879" lon="21.1606351">
      <tag k="addr:housenumber" v="17"/>
      <tag k="addr:street" v="Aleja Generała Antoniego Chruściela „Montera”"/>
      <tag k="brand" v="Loombard"/>
      <tag k="brand:wikidata" v="Q113227799"/>
      <tag k="check_date" v="2024-11-03"/>
      <tag k="name" v="Loombard"/>
      <tag k="opening_hours" v="Mo-Sa 08:15-20:45; Su 10:00-18:00"/>
      <tag k="shop" v="pawnbroker"/>
      <tag k="wheelchair" v="limited"/>
      <tag k="operator" v="Lombard Medium  sp. z o.o."/>
      <tag k="operator:ref:rdl_knf" v="RDL000104"/>
      <tag k="addr:city" v="Warszawa"/>
      <tag k="addr:postcode" v="04-454"/>
      <tag k="source:shop" v="Rejestr działalności lombardowej KNF"/>
    </node>
    <node id="13020553701" action="modify" timestamp="2025-07-24T21:23:49Z" uid="13948004" user="bartgron" visible="true" version="2" changeset="169422627" lat="52.274966" lon="20.9374376">
      <tag k="shop" v="pawnbroker"/>
      <tag k="operator" v="Lombard Medium  sp. z o.o."/>
      <tag k="operator:ref:rdl_knf" v="RDL000104"/>
      <tag k="brand" v="Loombard"/>
      <tag k="name" v="Loombard"/>
      <tag k="brand:wikidata" v="Q113227799"/>
      <tag k="source:shop" v="Rejestr działalności lombardowej KNF"/>
    </node>
    <node id="1783313951" action="modify" timestamp="2026-07-07T21:42:16Z" uid="21283780" user="Darker719" visible="true" version="6" changeset="185299100" lat="52.2912848" lon="21.0195871">
      <tag k="brand" v="Loombard"/>
      <tag k="brand:wikidata" v="Q113227799"/>
      <tag k="name" v="Loombard"/>
      <tag k="shop" v="pawnbroker"/>
      <tag k="operator" v="Lombard Medium  sp. z o.o."/>
      <tag k="operator:ref:rdl_knf" v="RDL000104"/>
      <tag k="source:shop" v="Rejestr działalności lombardowej KNF"/>
    </node>
    <node id="12251343130" action="modify" timestamp="2024-10-14T21:03:23Z" uid="16972410" user="Barroszt" visible="true" version="1" changeset="157896257" lat="53.2796752" lon="18.9545049">
      <tag k="brand" v="Loombard"/>
      <tag k="brand:wikidata" v="Q113227799"/>
      <tag k="name" v="Loombard"/>
      <tag k="shop" v="pawnbroker"/>
      <tag k="operator" v="Lombard Medium  sp. z o.o."/>
      <tag k="operator:ref:rdl_knf" v="RDL000104"/>
      <tag k="source:shop" v="Rejestr działalności lombardowej KNF"/>
    </node>
    <node id="12894803951" action="modify" timestamp="2025-06-07T12:24:26Z" uid="21978531" user="RafaBoski" visible="true" version="1" changeset="167307635" lat="51.4650306" lon="19.2188942">
      <tag k="brand" v="Loombard"/>
      <tag k="brand:wikidata" v="Q113227799"/>
      <tag k="name" v="Loombard"/>
      <tag k="shop" v="pawnbroker"/>
      <tag k="operator" v="Lombard Medium  sp. z o.o."/>
      <tag k="operator:ref:rdl_knf" v="RDL000104"/>
      <tag k="source:shop" v="Rejestr działalności lombardowej KNF"/>
    </node>
    <node id="4496922317" action="modify" timestamp="2016-11-12T15:40:30Z" uid="2027953" user="Adam_Piszczek" visible="true" version="1" changeset="43583538" lat="50.1433099" lon="19.403455">
      <tag k="addr:city" v="Chrzanów"/>
      <tag k="addr:housenumber" v="6"/>
      <tag k="addr:street" v="Adama Mickiewicza"/>
      <tag k="name" v="Loombard"/>
      <tag k="shop" v="pawnbroker"/>
      <tag k="operator" v="Lombard Platinum sp. z o.o."/>
      <tag k="operator:ref:rdl_knf" v="RDL000110"/>
      <tag k="addr:postcode" v="32-500"/>
      <tag k="brand" v="Loombard"/>
      <tag k="brand:wikidata" v="Q113227799"/>
      <tag k="source:shop" v="Rejestr działalności lombardowej KNF"/>
    </node>
    <node id="2652743224" action="modify" timestamp="2014-02-03T22:15:12Z" uid="536107" user="RoboD" visible="true" version="1" changeset="20362194" lat="53.6468679" lon="22.4542613">
      <tag k="amenity" v="bureau_de_change"/>
      <tag k="operator" v="Lombard Platinum sp. z o.o."/>
      <tag k="operator:ref:rdl_knf" v="RDL000110"/>
      <tag k="brand" v="Loombard"/>
      <tag k="name" v="Loombard"/>
      <tag k="brand:wikidata" v="Q113227799"/>
      <tag k="shop" v="pawnbroker"/>
      <tag k="source:shop" v="Rejestr działalności lombardowej KNF"/>
    </node>
    <node id="6564871937" action="modify" timestamp="2026-08-27T18:53:28Z" uid="4128818" user="☆Finvenkulo" visible="true" version="4" changeset="188113291" lat="50.2656798" lon="18.9969975">
      <tag k="brand" v="Loombard"/>
      <tag k="brand:wikidata" v="Q113227799"/>
      <tag k="check_date" v="2024-02-16"/>
      <tag k="contact:email" v="gliwicka@loombard.pl"/>
      <tag k="contact:gg" v="47661400"/>
      <tag k="contact:phone" v="+48 690524081"/>
      <tag k="name" v="Loombard"/>
      <tag k="opening_hours" v="Mo-Sa 08:15-13:30,14:00-20:45; Su 10:00-13:30,14:00-18:00"/>
      <tag k="shop" v="pawnbroker"/>
      <tag k="website" v="https://www.loombard.pl/locations/katowice-gliwicka-125-katowice"/>
      <tag k="operator" v="Lombard Platinum sp. z o.o."/>
      <tag k="operator:ref:rdl_knf" v="RDL000110"/>
      <tag k="source:shop" v="Rejestr działalności lombardowej KNF"/>
    </node>
    <node id="12529427367" action="modify" timestamp="2025-01-24T14:55:05Z" uid="16455917" user="spam46200" visible="true" version="1" changeset="161715718" lat="49.4814671" lon="20.0305641">
      <tag k="amenity" v="bureau_de_change"/>
      <tag k="check_date" v="2025-01-24"/>
      <tag k="name" v="Loombard"/>
      <tag k="opening_hours" v="Mo-Fr 08:00-17:00; Sa 08:00-14:00; Su off"/>
      <tag k="operator" v="Lombard Platinum sp. z o.o."/>
      <tag k="operator:ref:rdl_knf" v="RDL000110"/>
      <tag k="brand" v="Loombard"/>
      <tag k="brand:wikidata" v="Q113227799"/>
      <tag k="add:flat" v="2"/>
      <tag k="shop" v="pawnbroker"/>
      <tag k="source:shop" v="Rejestr działalności lombardowej KNF"/>
    </node>
    <node id="6942359532" action="modify" timestamp="2019-11-04T11:21:44Z" uid="3646457" user="H_A_B_U" visible="true" version="2" changeset="76586087" lat="51.3753273" lon="20.2761912">
      <tag k="name" v="Loombard"/>
      <tag k="shop" v="pawnbroker"/>
      <tag k="operator" v="Lombard Platinum sp. z o.o."/>
      <tag k="operator:ref:rdl_knf" v="RDL000110"/>
      <tag k="brand" v="Loombard"/>
      <tag k="brand:wikidata" v="Q113227799"/>
      <tag k="source:shop" v="Rejestr działalności lombardowej KNF"/>
    </node>
    <node id="13431509504" action="modify" timestamp="2026-01-05T01:59:57Z" uid="8175198" user="Cardiff_Electric" visible="true" version="1" changeset="176842659" lat="52.0780433" lon="21.0257112">
      <tag k="brand" v="Loombard"/>
      <tag k="brand:wikidata" v="Q113227799"/>
      <tag k="name" v="Loombard"/>
      <tag k="shop" v="pawnbroker"/>
      <tag k="operator" v="Lombard Platinum sp. z o.o."/>
      <tag k="operator:ref:rdl_knf" v="RDL000110"/>
      <tag k="source:shop" v="Rejestr działalności lombardowej KNF"/>
    </node>
    <node id="6269767852" action="modify" timestamp="2019-02-10T15:34:08Z" uid="1744629" user="voltairovicz" visible="true" version="1" changeset="67074682" lat="51.3935371" lon="21.154862">
      <tag k="name" v="Loombard"/>
      <tag k="shop" v="pawnbroker"/>
      <tag k="operator" v="Lombard Platinum sp. z o.o."/>
      <tag k="operator:ref:rdl_knf" v="RDL000110"/>
      <tag k="brand" v="Loombard"/>
      <tag k="brand:wikidata" v="Q113227799"/>
      <tag k="source:shop" v="Rejestr działalności lombardowej KNF"/>
    </node>
    <node id="11078338800" action="modify" timestamp="2023-07-31T09:10:02Z" uid="504620" user="JakubS" visible="true" version="1" changeset="139243580" lat="51.0688203" lon="19.4380081">
      <tag k="name" v="Loombard"/>
      <tag k="opening_hours" v="Mo-Fr 09:00-22:00; Sa-Su 09:00-21:00"/>
      <tag k="shop" v="pawnbroker"/>
      <tag k="operator" v="Lombard Platinum sp. z o.o."/>
      <tag k="operator:ref:rdl_knf" v="RDL000110"/>
      <tag k="brand" v="Loombard"/>
      <tag k="brand:wikidata" v="Q113227799"/>
      <tag k="source:shop" v="Rejestr działalności lombardowej KNF"/>
    </node>
    <node id="13638958149" action="modify" timestamp="2026-03-11T16:33:35Z" uid="22301108" user="Jaksza" visible="true" version="1" changeset="179712363" lat="54.4674181" lon="17.0239714">
      <tag k="brand" v="Loombard"/>
      <tag k="brand:wikidata" v="Q113227799"/>
      <tag k="name" v="Loombard"/>
      <tag k="shop" v="pawnbroker"/>
      <tag k="operator" v="Lombard Platinum sp. z o.o."/>
      <tag k="operator:ref:rdl_knf" v="RDL000110"/>
      <tag k="source:shop" v="Rejestr działalności lombardowej KNF"/>
    </node>
    <node id="11269543255" action="modify" timestamp="2023-10-17T15:52:53Z" uid="16972410" user="Barroszt" visible="true" version="1" changeset="142719389" lat="53.0285693" lon="18.6792655">
      <tag k="brand" v="Loombard"/>
      <tag k="brand:wikidata" v="Q113227799"/>
      <tag k="name" v="Loombard"/>
      <tag k="shop" v="pawnbroker"/>
      <tag k="operator" v="Lombard Platinum sp. z o.o."/>
      <tag k="operator:ref:rdl_knf" v="RDL000110"/>
      <tag k="source:shop" v="Rejestr działalności lombardowej KNF"/>
    </node>
    <node id="10116803125" action="modify" timestamp="2022-10-20T15:18:06Z" uid="16972410" user="Barroszt" visible="true" version="1" changeset="127844498" lat="53.0143103" lon="18.5718721">
      <tag k="brand" v="Loombard"/>
      <tag k="brand:wikidata" v="Q113227799"/>
      <tag k="name" v="Loombard"/>
      <tag k="shop" v="pawnbroker"/>
      <tag k="operator" v="Lombard Platinum sp. z o.o."/>
      <tag k="operator:ref:rdl_knf" v="RDL000110"/>
      <tag k="source:shop" v="Rejestr działalności lombardowej KNF"/>
    </node>
    <node id="10095436408" action="modify" timestamp="2022-10-12T13:57:14Z" uid="16972410" user="Barroszt" visible="true" version="1" changeset="127418073" lat="53.0202602" lon="18.602432">
      <tag k="brand" v="Loombard"/>
      <tag k="brand:wikidata" v="Q113227799"/>
      <tag k="name" v="Loombard"/>
      <tag k="shop" v="pawnbroker"/>
      <tag k="operator" v="Lombard Platinum sp. z o.o."/>
      <tag k="operator:ref:rdl_knf" v="RDL000110"/>
      <tag k="source:shop" v="Rejestr działalności lombardowej KNF"/>
    </node>
    <node id="5589920421" action="modify" timestamp="2025-11-12T08:51:48Z" uid="1682993" user="szedar" visible="true" version="3" changeset="174547272" lat="50.7911359" lon="16.2551329">
      <tag k="addr:postcode" v="58-304"/>
      <tag k="name" v="Loombard"/>
      <tag k="opening_hours" v="Mo-Su 08:00-21:00"/>
      <tag k="phone" v="+48 74 844 50 36"/>
      <tag k="shop" v="pawnbroker"/>
      <tag k="website" v="https://www.loombard.pl/"/>
      <tag k="operator" v="Lombard Platinum sp. z o.o."/>
      <tag k="operator:ref:rdl_knf" v="RDL000110"/>
      <tag k="addr:city" v="Wałbrzych"/>
      <tag k="brand" v="Loombard"/>
      <tag k="brand:wikidata" v="Q113227799"/>
      <tag k="addr:housenumber" v="148"/>
      <tag k="addr:street" v="Andersa"/>
      <tag k="source:shop" v="Rejestr działalności lombardowej KNF"/>
    </node>
    <node id="4563071914" action="modify" timestamp="2025-06-10T10:45:37Z" uid="22985656" user="FanZandberga" visible="true" version="6" changeset="167438014" lat="52.2867669" lon="21.0746803">
      <tag k="brand" v="Loombard"/>
      <tag k="brand:wikidata" v="Q113227799"/>
      <tag k="check_date:opening_hours" v="2025-06-10"/>
      <tag k="name" v="Loombard"/>
      <tag k="opening_hours" v="Mo-Sa 08:00-21:00; Su 10:00-20:00; PH off"/>
      <tag k="shop" v="pawnbroker"/>
      <tag k="operator" v="Lombard Platinum sp. z o.o."/>
      <tag k="operator:ref:rdl_knf" v="RDL000110"/>
      <tag k="source:shop" v="Rejestr działalności lombardowej KNF"/>
    </node>
    <node id="13423977795" action="modify" timestamp="2026-01-01T16:57:37Z" uid="67255" user="Rogoyski" visible="true" version="1" changeset="176711275" lat="52.1399784" lon="21.0549027">
      <tag k="addr:housenumber" v="2A"/>
      <tag k="addr:street" v="Meander"/>
      <tag k="brand" v="Loombard"/>
      <tag k="brand:wikidata" v="Q113227799"/>
      <tag k="check_date" v="2026-01-01"/>
      <tag k="name" v="Loombard"/>
      <tag k="opening_hours" v="08:00-21:00"/>
      <tag k="shop" v="pawnbroker"/>
      <tag k="wheelchair" v="no"/>
      <tag k="operator" v="Lombard Platinum sp. z o.o."/>
      <tag k="operator:ref:rdl_knf" v="RDL000110"/>
      <tag k="addr:city" v="Warszawa"/>
      <tag k="addr:postcode" v="02-791"/>
      <tag k="source:shop" v="Rejestr działalności lombardowej KNF"/>
    </node>
    <node id="8531172306" action="modify" timestamp="2024-06-23T14:58:59Z" uid="67255" user="Rogoyski" visible="true" version="3" changeset="153072036" lat="52.2493338" lon="21.0441216">
      <tag k="addr:housenumber" v="20"/>
      <tag k="addr:street" v="Targowa"/>
      <tag k="brand" v="Loombard"/>
      <tag k="brand:wikidata" v="Q113227799"/>
      <tag k="check_date" v="2024-06-23"/>
      <tag k="name" v="Loombard"/>
      <tag k="opening_hours" v="Mo-Sa 08:15-13:30,14:00-20:45; Su 10:00-18:00"/>
      <tag k="shop" v="pawnbroker"/>
      <tag k="wheelchair" v="no"/>
      <tag k="operator" v="Lombard Platinum sp. z o.o."/>
      <tag k="operator:ref:rdl_knf" v="RDL000110"/>
      <tag k="addr:city" v="Warszawa"/>
      <tag k="addr:postcode" v="03-731"/>
      <tag k="source:shop" v="Rejestr działalności lombardowej KNF"/>
    </node>
    <node id="14235617802" action="modify" timestamp="2026-10-02T21:40:19Z" uid="11437083" user="czebureks" visible="true" version="2" changeset="189901387" lat="52.254967" lon="21.0486222">
      <tag k="check_date" v="2026-09-30"/>
      <tag k="name" v="Loombard"/>
      <tag k="shop" v="pawnbroker"/>
      <tag k="operator" v="Lombard Platinum sp. z o.o."/>
      <tag k="operator:ref:rdl_knf" v="RDL000110"/>
      <tag k="brand" v="Loombard"/>
      <tag k="brand:wikidata" v="Q113227799"/>
      <tag k="source:shop" v="Rejestr działalności lombardowej KNF"/>
    </node>
    <node id="13704228870" action="modify" timestamp="2026-04-03T19:32:53Z" uid="813051" user="Mateusz210" visible="true" version="1" changeset="180828111" lat="51.1543243" lon="16.8995352">
      <tag k="brand" v="Loombard"/>
      <tag k="brand:wikidata" v="Q113227799"/>
      <tag k="name" v="Loombard"/>
      <tag k="shop" v="pawnbroker"/>
      <tag k="operator" v="Lombard Platinum sp. z o.o."/>
      <tag k="operator:ref:rdl_knf" v="RDL000110"/>
      <tag k="source:shop" v="Rejestr działalności lombardowej KNF"/>
    </node>
    <node id="13133810301" action="modify" timestamp="2025-09-10T13:15:26Z" uid="23137872" user="JimmyJonesBros" visible="true" version="1" changeset="171735773" lat="50.3077451" lon="18.7838222">
      <tag k="addr:housenumber" v="278"/>
      <tag k="addr:postcode" v="41-800"/>
      <tag k="addr:street" v="Wolności"/>
      <tag k="amenity" v="bureau_de_change"/>
      <tag k="name" v="Loombard"/>
      <tag k="opening_hours" v="Mo-Fr 08:00-17:00"/>
      <tag k="operator" v="Lombard Platinum sp. z o.o."/>
      <tag k="operator:ref:rdl_knf" v="RDL000110"/>
      <tag k="addr:city" v="Zabrze"/>
      <tag k="brand" v="Loombard"/>
      <tag k="brand:wikidata" v="Q113227799"/>
      <tag k="shop" v="pawnbroker"/>
      <tag k="source:shop" v="Rejestr działalności lombardowej KNF"/>
    </node>
    <node id="4080288500" action="modify" timestamp="2016-03-26T17:58:25Z" uid="1875665" user="Andrzej3345" visible="true" version="1" changeset="38087421" lat="52.2923641" lon="21.111308">
      <tag k="amenity" v="bureau_de_change"/>
      <tag k="brand" v="Loombard"/>
      <tag k="contact:email" v="batorego1@loombard.pl"/>
      <tag k="contact:phone" v="+48 227817152"/>
      <tag k="contact:website" v="http://www.loombard.pl"/>
      <tag k="opening_hours" v="Mo-Su 08:00-20:00"/>
      <tag k="shop" v="pawnbroker"/>
      <tag k="operator" v="Lombard Platinum sp. z o.o."/>
      <tag k="operator:ref:rdl_knf" v="RDL000110"/>
      <tag k="name" v="Loombard"/>
      <tag k="brand:wikidata" v="Q113227799"/>
      <tag k="source:shop" v="Rejestr działalności lombardowej KNF"/>
    </node>
    <node id="3094250959" action="modify" timestamp="2022-09-25T00:27:40Z" uid="594456" user="Michoo" visible="true" version="3" changeset="126600051" lat="53.1331375" lon="23.1699433">
      <tag k="amenity" v="bureau_de_change"/>
      <tag k="operator" v="Lombard Silver  sp. z o.o."/>
      <tag k="operator:ref:rdl_knf" v="RDL000109"/>
      <tag k="brand" v="Loombard"/>
      <tag k="name" v="Loombard"/>
      <tag k="brand:wikidata" v="Q113227799"/>
      <tag k="add:flat" v="2"/>
      <tag k="shop" v="pawnbroker"/>
      <tag k="source:shop" v="Rejestr działalności lombardowej KNF"/>
    </node>
    <node id="4769723721" action="modify" timestamp="2017-04-01T16:06:21Z" uid="5578527" user="Petro_Pinchuk" visible="true" version="1" changeset="47360083" lat="50.6865062" lon="16.6158694">
      <tag k="amenity" v="bureau_de_change"/>
      <tag k="operator" v="Lombard Silver  sp. z o.o."/>
      <tag k="operator:ref:rdl_knf" v="RDL000109"/>
      <tag k="brand" v="Loombard"/>
      <tag k="name" v="Loombard"/>
      <tag k="brand:wikidata" v="Q113227799"/>
      <tag k="shop" v="pawnbroker"/>
      <tag k="source:shop" v="Rejestr działalności lombardowej KNF"/>
    </node>
    <node id="7178743471" action="modify" timestamp="2025-09-01T17:39:01Z" uid="8671948" user="Volodymyr D-k" visible="true" version="4" changeset="171327217" lat="50.8570044" lon="17.4729108">
      <tag k="brand" v="Loombard"/>
      <tag k="brand:wikidata" v="Q113227799"/>
      <tag k="name" v="Loombard"/>
      <tag k="opening_hours" v="Mo-Su 09:00-22:00"/>
      <tag k="shop" v="pawnbroker"/>
      <tag k="website" v="https://www.loombard.pl/"/>
      <tag k="wheelchair" v="yes"/>
      <tag k="operator" v="Lombard Silver  sp. z o.o."/>
      <tag k="operator:ref:rdl_knf" v="RDL000109"/>
      <tag k="add:flat" v="17-19"/>
      <tag k="source:shop" v="Rejestr działalności lombardowej KNF"/>
    </node>
    <node id="7120125353" action="modify" timestamp="2025-08-21T08:17:21Z" uid="17079474" user="bluemywn" visible="true" version="3" changeset="170763591" lat="53.1280246" lon="17.9984139">
      <tag k="amenity" v="bureau_de_change"/>
      <tag k="name" v="Loombard"/>
      <tag k="opening_hours" v="Mo-Fr 09:00-18:00; Sa 09:00-14:00"/>
      <tag k="operator" v="Lombard Silver  sp. z o.o."/>
      <tag k="operator:ref:rdl_knf" v="RDL000109"/>
      <tag k="brand" v="Loombard"/>
      <tag k="brand:wikidata" v="Q113227799"/>
      <tag k="shop" v="pawnbroker"/>
      <tag k="source:shop" v="Rejestr działalności lombardowej KNF"/>
    </node>
    <node id="14058114368" action="modify" timestamp="2026-07-29T08:32:08Z" uid="10875409" user="Friendly_Ghost" visible="true" version="1" changeset="186569565" lat="50.7284458" lon="16.6522141">
      <tag k="amenity" v="bureau_de_change"/>
      <tag k="operator" v="Lombard Silver  sp. z o.o."/>
      <tag k="operator:ref:rdl_knf" v="RDL000109"/>
      <tag k="brand" v="Loombard"/>
      <tag k="name" v="Loombard"/>
      <tag k="brand:wikidata" v="Q113227799"/>
      <tag k="shop" v="pawnbroker"/>
      <tag k="source:shop" v="Rejestr działalności lombardowej KNF"/>
    </node>
    <node id="11101585924" action="modify" timestamp="2025-11-11T10:34:51Z" uid="1682993" user="szedar" visible="true" version="4" changeset="174503685" lat="54.1696468" lon="19.4041581">
      <tag k="addr:housenumber" v="21a"/>
      <tag k="addr:street" v="Gwiezdna"/>
      <tag k="brand" v="Loombard"/>
      <tag k="brand:wikidata" v="Q113227799"/>
      <tag k="name" v="Loombard"/>
      <tag k="opening_hours" v="Mo-Sa 08:00-21:00; Su 10:00-18:00"/>
      <tag k="phone" v="+48 668 975 365"/>
      <tag k="shop" v="pawnbroker"/>
      <tag k="operator" v="Lombard Silver  sp. z o.o."/>
      <tag k="operator:ref:rdl_knf" v="RDL000109"/>
      <tag k="addr:city" v="Elbląg"/>
      <tag k="addr:postcode" v="82-300"/>
      <tag k="source:shop" v="Rejestr działalności lombardowej KNF"/>
    </node>
    <node id="13057542707" action="modify" timestamp="2025-08-08T09:32:56Z" uid="11437083" user="czebureks" visible="true" version="2" changeset="170145131" lat="54.3473619" lon="18.6582684">
      <tag k="check_date" v="2025-08-08"/>
      <tag k="name" v="Loombard"/>
      <tag k="shop" v="pawnbroker"/>
      <tag k="operator" v="Lombard Silver  sp. z o.o."/>
      <tag k="operator:ref:rdl_knf" v="RDL000109"/>
      <tag k="brand" v="Loombard"/>
      <tag k="brand:wikidata" v="Q113227799"/>
      <tag k="add:flat" v="1"/>
      <tag k="source:shop" v="Rejestr działalności lombardowej KNF"/>
    </node>
    <node id="10279060851" action="modify" timestamp="2026-07-17T07:47:34Z" uid="6665931" user="roggrogg" visible="true" version="2" changeset="185889762" lat="54.0360835" lon="21.7726791">
      <tag k="amenity" v="bureau_de_change"/>
      <tag k="name" v="Loombard"/>
      <tag k="opening_hours" v="Mo-Sa 08:00-18:00; Su 08:00-15:00"/>
      <tag k="operator" v="Lombard Silver  sp. z o.o."/>
      <tag k="operator:ref:rdl_knf" v="RDL000109"/>
      <tag k="brand" v="Loombard"/>
      <tag k="brand:wikidata" v="Q113227799"/>
      <tag k="shop" v="pawnbroker"/>
      <tag k="source:shop" v="Rejestr działalności lombardowej KNF"/>
    </node>
    <node id="935795381" action="modify" timestamp="2025-08-11T22:30:57Z" uid="1722488" user="Mateusz Konieczny" visible="true" version="10" changeset="170315515" lat="50.2992" lon="18.6746">
      <tag k="addr:city" v="Gliwice"/>
      <tag k="addr:housenumber" v="63"/>
      <tag k="addr:street" v="Zwycięstwa"/>
      <tag k="millennium:date" v="2009-09-14 14:49:45"/>
      <tag k="millennium:ref" v="20799"/>
      <tag k="name" v="Loombard"/>
      <tag k="opening_hours" v="Mo-Su 08:00-21:00"/>
      <tag k="shop" v="pawnbroker"/>
      <tag k="wheelchair" v="no"/>
      <tag k="operator" v="Lombard Silver  sp. z o.o."/>
      <tag k="operator:ref:rdl_knf" v="RDL000109"/>
      <tag k="addr:postcode" v="44-100"/>
      <tag k="brand" v="Loombard"/>
      <tag k="brand:wikidata" v="Q113227799"/>
      <tag k="source:shop" v="Rejestr działalności lombardowej KNF"/>
    </node>
    <node id="9232917167" action="modify" timestamp="2026-01-25T15:40:59Z" uid="936280" user="sheldonelectric" visible="true" version="3" changeset="177687244" lat="50.2950334" lon="18.6678908">
      <tag k="check_date:opening_hours" v="2024-12-25"/>
      <tag k="contact:email" v="zwyciestwa9@loombard.pl"/>
      <tag k="contact:gg" v="65395746"/>
      <tag k="contact:phone" v="+48 787 545 000"/>
      <tag k="name" v="Loombard"/>
      <tag k="opening_hours" v="Mo-Sa 08:00-21:00; Su 09:00-18:00"/>
      <tag k="shop" v="pawnbroker"/>
      <tag k="website" v="https://www.loombard.pl/location/gliwice-zwyciestwa-9-gliwice-g1-pUA"/>
      <tag k="operator" v="Lombard Silver  sp. z o.o."/>
      <tag k="operator:ref:rdl_knf" v="RDL000109"/>
      <tag k="brand" v="Loombard"/>
      <tag k="brand:wikidata" v="Q113227799"/>
      <tag k="source:shop" v="Rejestr działalności lombardowej KNF"/>
    </node>
    <node id="12921872749" action="modify" timestamp="2026-04-29T15:32:58Z" uid="24004260" user="Anonimus6789" visible="true" version="2" changeset="181995400" lat="50.2943217" lon="18.6642597">
      <tag k="brand" v="Loombard"/>
      <tag k="brand:wikidata" v="Q113227799"/>
      <tag k="name" v="Loombard"/>
      <tag k="shop" v="pawnbroker"/>
      <tag k="operator" v="Lombard Silver  sp. z o.o."/>
      <tag k="operator:ref:rdl_knf" v="RDL000109"/>
      <tag k="source:shop" v="Rejestr działalności lombardowej KNF"/>
    </node>
    <node id="9713932960" action="modify" timestamp="2023-03-20T17:17:25Z" uid="12510523" user="małyfanfnaf" visible="true" version="3" changeset="133908246" lat="52.1044939" lon="20.6210553">
      <tag k="brand" v="Loombard"/>
      <tag k="brand:wikidata" v="Q113227799"/>
      <tag k="name" v="Loombard"/>
      <tag k="shop" v="pawnbroker"/>
      <tag k="operator" v="Lombard Silver  sp. z o.o."/>
      <tag k="operator:ref:rdl_knf" v="RDL000109"/>
      <tag k="source:shop" v="Rejestr działalności lombardowej KNF"/>
    </node>
    <node id="2635389279" action="modify" timestamp="2014-01-24T17:04:50Z" uid="681295" user="przemas75" visible="true" version="1" changeset="20180379" lat="53.4961274" lon="18.7558816">
      <tag k="amenity" v="bureau_de_change"/>
      <tag k="operator" v="Lombard Silver  sp. z o.o."/>
      <tag k="operator:ref:rdl_knf" v="RDL000109"/>
      <tag k="brand" v="Loombard"/>
      <tag k="name" v="Loombard"/>
      <tag k="brand:wikidata" v="Q113227799"/>
      <tag k="shop" v="pawnbroker"/>
      <tag k="source:shop" v="Rejestr działalności lombardowej KNF"/>
    </node>
    <node id="10246131187" action="modify" timestamp="2022-12-08T07:30:12Z" uid="13378425" user="macaddr" visible="true" version="1" changeset="129848555" lat="53.4790426" lon="18.747318">
      <tag k="brand" v="Loombard"/>
      <tag k="brand:wikidata" v="Q113227799"/>
      <tag k="check_date" v="2022-12-08"/>
      <tag k="name" v="Loombard"/>
      <tag k="opening_hours" v="08:00-21:00"/>
      <tag k="shop" v="pawnbroker"/>
      <tag k="operator" v="Lombard Silver  sp. z o.o."/>
      <tag k="operator:ref:rdl_knf" v="RDL000109"/>
      <tag k="source:shop" v="Rejestr działalności lombardowej KNF"/>
    </node>
    <node id="10135488510" action="modify" timestamp="2022-10-28T13:42:03Z" uid="13378425" user="macaddr" visible="true" version="1" changeset="128176353" lat="53.4897125" lon="18.7519103">
      <tag k="brand" v="Loombard"/>
      <tag k="brand:wikidata" v="Q113227799"/>
      <tag k="name" v="Loombard"/>
      <tag k="shop" v="pawnbroker"/>
      <tag k="operator" v="Lombard Silver  sp. z o.o."/>
      <tag k="operator:ref:rdl_knf" v="RDL000109"/>
      <tag k="source:shop" v="Rejestr działalności lombardowej KNF"/>
    </node>
    <node id="12995896222" action="modify" timestamp="2025-07-12T14:26:03Z" uid="21251772" user="Ingvar_AD" visible="true" version="2" changeset="168837753" lat="52.4002875" lon="20.9389488">
      <tag k="name" v="Loombard"/>
      <tag k="opening_hours" v="Mo-Sa 08:00-20:00; Su 10:00-18:00"/>
      <tag k="shop" v="pawnbroker"/>
      <tag k="operator" v="Lombard Silver  sp. z o.o."/>
      <tag k="operator:ref:rdl_knf" v="RDL000109"/>
      <tag k="brand" v="Loombard"/>
      <tag k="brand:wikidata" v="Q113227799"/>
      <tag k="source:shop" v="Rejestr działalności lombardowej KNF"/>
    </node>
    <node id="11096872005" action="modify" timestamp="2023-08-07T11:16:32Z" uid="20035123" user="rtw0_" visible="true" version="1" changeset="139559238" lat="54.0362581" lon="19.0364376">
      <tag k="addr:housenumber" v="23b"/>
      <tag k="addr:street" v="Tadeusza Kościuszki"/>
      <tag k="name" v="Loombard"/>
      <tag k="opening_hours" v="Mo-Sa 08:00-21:00; Su 10:00-18:00"/>
      <tag k="shop" v="pawnbroker"/>
      <tag k="operator" v="Lombard Silver  sp. z o.o."/>
      <tag k="operator:ref:rdl_knf" v="RDL000109"/>
      <tag k="addr:city" v="Malbork"/>
      <tag k="addr:postcode" v="82-200"/>
      <tag k="brand" v="Loombard"/>
      <tag k="brand:wikidata" v="Q113227799"/>
      <tag k="source:shop" v="Rejestr działalności lombardowej KNF"/>
    </node>
    <node id="11099180705" action="modify" timestamp="2025-11-13T10:03:35Z" uid="1682993" user="szedar" visible="true" version="3" changeset="174596884" lat="54.0344686" lon="19.0355211">
      <tag k="name" v="Loombard"/>
      <tag k="opening_hours" v="Mo-Sa 08:00-21:00; Su 10:00-18:00"/>
      <tag k="operator" v="Lombard Silver  sp. z o.o."/>
      <tag k="phone" v="+48 55 245 08 78"/>
      <tag k="shop" v="pawnbroker"/>
      <tag k="website" v="https://www.loombard.pl/"/>
      <tag k="operator:ref:rdl_knf" v="RDL000109"/>
      <tag k="brand" v="Loombard"/>
      <tag k="brand:wikidata" v="Q113227799"/>
      <tag k="source:shop" v="Rejestr działalności lombardowej KNF"/>
    </node>
    <node id="13085002382" action="modify" timestamp="2025-08-20T17:50:15Z" uid="17295082" user="Aim311_" visible="true" version="1" changeset="170740451" lat="52.6463288" lon="16.8101919">
      <tag k="shop" v="pawnbroker"/>
      <tag k="operator" v="Lombard Silver  sp. z o.o."/>
      <tag k="operator:ref:rdl_knf" v="RDL000109"/>
      <tag k="brand" v="Loombard"/>
      <tag k="name" v="Loombard"/>
      <tag k="brand:wikidata" v="Q113227799"/>
      <tag k="source:shop" v="Rejestr działalności lombardowej KNF"/>
    </node>
    <node id="12431496152" action="modify" timestamp="2024-12-18T18:52:59Z" uid="4569366" user="JulesGabrielVerne" visible="true" version="1" changeset="160364523" lat="53.542181" lon="14.5578449">
      <tag k="brand" v="Loombard"/>
      <tag k="brand:wikidata" v="Q113227799"/>
      <tag k="name" v="Loombard"/>
      <tag k="shop" v="pawnbroker"/>
      <tag k="operator" v="Lombard Silver  sp. z o.o."/>
      <tag k="operator:ref:rdl_knf" v="RDL000109"/>
      <tag k="source:shop" v="Rejestr działalności lombardowej KNF"/>
    </node>
    <node id="6332894166" action="modify" timestamp="2019-03-12T10:37:42Z" uid="576108" user="m@rio" visible="true" version="1" changeset="68056847" lat="52.4217601" lon="16.9735853">
      <tag k="name" v="Loombard"/>
      <tag k="shop" v="pawnbroker"/>
      <tag k="operator" v="Lombard Silver  sp. z o.o."/>
      <tag k="operator:ref:rdl_knf" v="RDL000109"/>
      <tag k="brand" v="Loombard"/>
      <tag k="brand:wikidata" v="Q113227799"/>
      <tag k="source:shop" v="Rejestr działalności lombardowej KNF"/>
    </node>
    <node id="1412448798" action="modify" timestamp="2023-11-23T21:38:39Z" uid="17295082" user="Aim311_" visible="true" version="3" changeset="144384369" lat="52.411143" lon="16.8760858">
      <tag k="name" v="Loombard"/>
      <tag k="shop" v="pawnbroker"/>
      <tag k="operator" v="Lombard Silver  sp. z o.o."/>
      <tag k="operator:ref:rdl_knf" v="RDL000109"/>
      <tag k="brand" v="Loombard"/>
      <tag k="brand:wikidata" v="Q113227799"/>
      <tag k="source:shop" v="Rejestr działalności lombardowej KNF"/>
    </node>
    <node id="6064585026" action="modify" timestamp="2026-05-22T20:50:02Z" uid="13948004" user="bartgron" visible="true" version="2" changeset="183041474" lat="52.4305388" lon="16.9312386">
      <tag k="brand" v="Loombard"/>
      <tag k="brand:wikidata" v="Q113227799"/>
      <tag k="email" v="pasieka36@loombard.pl"/>
      <tag k="name" v="Loombard"/>
      <tag k="opening_hours" v="Mo-Su 08:00-20:00"/>
      <tag k="phone" v="+48 789 49 49 49"/>
      <tag k="shop" v="pawnbroker"/>
      <tag k="website" v="https://www.loombard.pl/lombard/pozna/pasieka-36-a-pozna/"/>
      <tag k="operator" v="Lombard Silver  sp. z o.o."/>
      <tag k="operator:ref:rdl_knf" v="RDL000109"/>
      <tag k="source:shop" v="Rejestr działalności lombardowej KNF"/>
    </node>
    <node id="10171801614" action="modify" timestamp="2022-11-09T16:41:19Z" uid="17295082" user="Aim311_" visible="true" version="1" changeset="128695617" lat="52.3899095" lon="16.8747907">
      <tag k="name" v="Loombard"/>
      <tag k="shop" v="pawnbroker"/>
      <tag k="operator" v="Lombard Silver  sp. z o.o."/>
      <tag k="operator:ref:rdl_knf" v="RDL000109"/>
      <tag k="brand" v="Loombard"/>
      <tag k="brand:wikidata" v="Q113227799"/>
      <tag k="add:flat" v="32"/>
      <tag k="source:shop" v="Rejestr działalności lombardowej KNF"/>
    </node>
    <node id="13828852801" action="modify" timestamp="2026-05-14T18:48:21Z" uid="10633901" user="AleksanderSu" visible="true" version="1" changeset="182665650" lat="52.4046744" lon="16.8750747">
      <tag k="addr:housenumber" v="83/85"/>
      <tag k="addr:street" v="Grochowska"/>
      <tag k="name" v="Loombard"/>
      <tag k="shop" v="pawnbroker"/>
      <tag k="operator" v="Lombard Silver  sp. z o.o."/>
      <tag k="operator:ref:rdl_knf" v="RDL000109"/>
      <tag k="addr:city" v="Poznań"/>
      <tag k="addr:postcode" v="60-337"/>
      <tag k="brand" v="Loombard"/>
      <tag k="brand:wikidata" v="Q113227799"/>
      <tag k="add:flat" v="85"/>
      <tag k="source:shop" v="Rejestr działalności lombardowej KNF"/>
    </node>
    <node id="2419145168" action="modify" timestamp="2021-11-06T09:46:40Z" uid="12035222" user="millup" visible="true" version="4" changeset="113438516" lat="52.390411" lon="16.946465">
      <tag k="name" v="Loombard"/>
      <tag k="shop" v="pawnbroker"/>
      <tag k="operator" v="Lombard Silver  sp. z o.o."/>
      <tag k="operator:ref:rdl_knf" v="RDL000109"/>
      <tag k="brand" v="Loombard"/>
      <tag k="brand:wikidata" v="Q113227799"/>
      <tag k="source:shop" v="Rejestr działalności lombardowej KNF"/>
    </node>
    <node id="4013153530" action="modify" timestamp="2016-02-18T18:14:45Z" uid="3638093" user="urbisława" visible="true" version="1" changeset="37293953" lat="50.3207111" lon="17.5821644">
      <tag k="amenity" v="bureau_de_change"/>
      <tag k="operator" v="Lombard Silver  sp. z o.o."/>
      <tag k="operator:ref:rdl_knf" v="RDL000109"/>
      <tag k="brand" v="Loombard"/>
      <tag k="name" v="Loombard"/>
      <tag k="brand:wikidata" v="Q113227799"/>
      <tag k="shop" v="pawnbroker"/>
      <tag k="source:shop" v="Rejestr działalności lombardowej KNF"/>
    </node>
    <node id="4262461687" action="modify" timestamp="2019-06-23T12:43:58Z" uid="3418763" user="Bąbel" visible="true" version="3" changeset="71531107" lat="54.2613627" lon="18.635693">
      <tag k="amenity" v="bureau_de_change"/>
      <tag k="operator" v="Lombard Silver  sp. z o.o."/>
      <tag k="operator:ref:rdl_knf" v="RDL000109"/>
      <tag k="brand" v="Loombard"/>
      <tag k="name" v="Loombard"/>
      <tag k="brand:wikidata" v="Q113227799"/>
      <tag k="shop" v="pawnbroker"/>
      <tag k="source:shop" v="Rejestr działalności lombardowej KNF"/>
    </node>
    <node id="6362180158" action="modify" timestamp="2020-11-05T01:17:19Z" uid="4493657" user="user_4493657" visible="true" version="2" changeset="93567984" lat="52.4235605" lon="16.7866498">
      <tag k="amenity" v="bureau_de_change"/>
      <tag k="name" v="Loombard"/>
      <tag k="opening_hours" v="Mo-Fr 09:00-18:00; Sa 09:00-14:00; Su off"/>
      <tag k="phone" v="+48 61 670 90 22"/>
      <tag k="website" v="https://multichange.pl/"/>
      <tag k="operator" v="Lombard Silver  sp. z o.o."/>
      <tag k="operator:ref:rdl_knf" v="RDL000109"/>
      <tag k="brand" v="Loombard"/>
      <tag k="brand:wikidata" v="Q113227799"/>
      <tag k="shop" v="pawnbroker"/>
      <tag k="source:shop" v="Rejestr działalności lombardowej KNF"/>
    </node>
    <node id="12224070852" action="modify" timestamp="2026-05-30T21:57:49Z" uid="9434549" user="NKDTL" visible="true" version="2" changeset="183419840" lat="54.6021866" lon="18.3523926">
      <tag k="addr:postcode" v="84-240"/>
      <tag k="check_date" v="2026-05-30"/>
      <tag k="check_date:opening_hours" v="2026-05-30"/>
      <tag k="email" v="janapawla9@loombard.pl"/>
      <tag k="level" v="0"/>
      <tag k="name" v="Loombard"/>
      <tag k="opening_hours" v="Mo-Sa 08:00-20:00; Su 10:00-18:00"/>
      <tag k="phone" v="+48 575 476 072"/>
      <tag k="shop" v="pawnbroker"/>
      <tag k="website" v="https://www.loombard.pl/locations/reda-aleja-jana-pawla-ii-9a-reda-HRr"/>
      <tag k="operator" v="Lombard Silver  sp. z o.o."/>
      <tag k="operator:ref:rdl_knf" v="RDL000109"/>
      <tag k="addr:city" v="Reda"/>
      <tag k="brand" v="Loombard"/>
      <tag k="brand:wikidata" v="Q113227799"/>
      <tag k="addr:housenumber" v="9B"/>
      <tag k="addr:street" v="Aleja Jana Pawła Ii"/>
      <tag k="source:shop" v="Rejestr działalności lombardowej KNF"/>
    </node>
    <node id="12265718906" action="modify" timestamp="2024-10-19T08:06:18Z" uid="17295082" user="Aim311_" visible="true" version="1" changeset="158078644" lat="52.7501696" lon="16.9990296">
      <tag k="shop" v="pawnbroker"/>
      <tag k="operator" v="Lombard Silver  sp. z o.o."/>
      <tag k="operator:ref:rdl_knf" v="RDL000109"/>
      <tag k="brand" v="Loombard"/>
      <tag k="name" v="Loombard"/>
      <tag k="brand:wikidata" v="Q113227799"/>
      <tag k="source:shop" v="Rejestr działalności lombardowej KNF"/>
    </node>
    <node id="4059435455" action="modify" timestamp="2019-11-19T08:24:08Z" uid="2313574" user="szydzio" visible="true" version="5" changeset="77261281" lat="52.3997027" lon="17.0648131">
      <tag k="name" v="Loombard"/>
      <tag k="opening_hours" v="Mo-Su 08:00-21:00"/>
      <tag k="shop" v="pawnbroker"/>
      <tag k="source" v="survey"/>
      <tag k="operator" v="Lombard Silver  sp. z o.o."/>
      <tag k="operator:ref:rdl_knf" v="RDL000109"/>
      <tag k="brand" v="Loombard"/>
      <tag k="brand:wikidata" v="Q113227799"/>
      <tag k="source:shop" v="Rejestr działalności lombardowej KNF"/>
    </node>
    <node id="3085990592" action="modify" timestamp="2014-09-19T11:52:06Z" uid="2275182" user="Grzegorz D" visible="true" version="1" changeset="25540136" lat="52.4153781" lon="17.0853857">
      <tag k="name" v="Loombard"/>
      <tag k="shop" v="pawnbroker"/>
      <tag k="operator" v="Lombard Silver  sp. z o.o."/>
      <tag k="operator:ref:rdl_knf" v="RDL000109"/>
      <tag k="brand" v="Loombard"/>
      <tag k="brand:wikidata" v="Q113227799"/>
      <tag k="add:flat" v="28"/>
      <tag k="source:shop" v="Rejestr działalności lombardowej KNF"/>
    </node>
    <node id="12985121653" action="modify" timestamp="2025-07-07T07:30:04Z" uid="4569366" user="JulesGabrielVerne" visible="true" version="1" changeset="168590335" lat="53.4549964" lon="14.4971371">
      <tag k="shop" v="pawnbroker"/>
      <tag k="operator" v="Lombard Silver  sp. z o.o."/>
      <tag k="operator:ref:rdl_knf" v="RDL000109"/>
      <tag k="brand" v="Loombard"/>
      <tag k="name" v="Loombard"/>
      <tag k="brand:wikidata" v="Q113227799"/>
      <tag k="source:shop" v="Rejestr działalności lombardowej KNF"/>
    </node>
    <node id="13504349971" action="modify" timestamp="2026-01-29T12:12:11Z" uid="813385" user="grelus" visible="true" version="2" changeset="177844632" lat="53.4356453" lon="14.5543824">
      <tag k="name" v="Loombard"/>
      <tag k="shop" v="pawnbroker"/>
      <tag k="operator" v="Lombard Silver  sp. z o.o."/>
      <tag k="operator:ref:rdl_knf" v="RDL000109"/>
      <tag k="brand" v="Loombard"/>
      <tag k="brand:wikidata" v="Q113227799"/>
      <tag k="source:shop" v="Rejestr działalności lombardowej KNF"/>
    </node>
    <node id="13516918251" action="modify" timestamp="2026-02-01T16:30:25Z" uid="17217115" user="rademalis" visible="true" version="1" changeset="177971828" lat="54.0894708" lon="18.7965877">
      <tag k="addr:city" v="Tczew"/>
      <tag k="addr:postcode" v="83-110"/>
      <tag k="addr:street" v="Stefana Kardynała Wyszyńskiego"/>
      <tag k="shop" v="pawnbroker"/>
      <tag k="operator" v="Lombard Silver  sp. z o.o."/>
      <tag k="operator:ref:rdl_knf" v="RDL000109"/>
      <tag k="brand" v="Loombard"/>
      <tag k="name" v="Loombard"/>
      <tag k="brand:wikidata" v="Q113227799"/>
      <tag k="addr:housenumber" v="24"/>
      <tag k="source:shop" v="Rejestr działalności lombardowej KNF"/>
    </node>
    <node id="3516377119" action="modify" timestamp="2026-06-26T17:12:22Z" uid="67255" user="Rogoyski" visible="true" version="10" changeset="184656668" lat="52.2300234" lon="21.0137532">
      <tag k="brand" v="Loombard"/>
      <tag k="brand:wikidata" v="Q113227799"/>
      <tag k="check_date" v="2026-06-26"/>
      <tag k="name" v="Loombard"/>
      <tag k="opening_hours" v="24/7"/>
      <tag k="shop" v="pawnbroker"/>
      <tag k="wheelchair" v="limited"/>
      <tag k="operator" v="Lombard Silver  sp. z o.o."/>
      <tag k="operator:ref:rdl_knf" v="RDL000109"/>
      <tag k="source:shop" v="Rejestr działalności lombardowej KNF"/>
    </node>
    <node id="318206521" action="modify" timestamp="2026-06-12T16:51:24Z" uid="6668641" user="syntex" visible="true" version="6" changeset="184025711" lat="52.2436713" lon="21.0941088">
      <tag k="check_date" v="2026-06-12"/>
      <tag k="name" v="Loombard"/>
      <tag k="shop" v="pawnbroker"/>
      <tag k="operator" v="Lombard Silver  sp. z o.o."/>
      <tag k="operator:ref:rdl_knf" v="RDL000109"/>
      <tag k="brand" v="Loombard"/>
      <tag k="brand:wikidata" v="Q113227799"/>
      <tag k="add:flat" v="175"/>
      <tag k="source:shop" v="Rejestr działalności lombardowej KNF"/>
    </node>
    <node id="11127311474" action="modify" timestamp="2023-08-19T11:16:28Z" uid="8759090" user="strusiek" visible="true" version="1" changeset="140090545" lat="54.1159195" lon="20.1302971">
      <tag k="amenity" v="bureau_de_change"/>
      <tag k="check_date" v="2023-08-19"/>
      <tag k="name" v="Pośrednictwo finansowe"/>
      <tag k="opening_hours" v="Mo-Fr 08:00-16:00; Sa 09:00-13:00"/>
      <tag k="wheelchair" v="limited"/>
      <tag k="operator" v="Lombard Sknerus sp. z o.o."/>
      <tag k="operator:ref:rdl_knf" v="RDL000225"/>
      <tag k="shop" v="pawnbroker"/>
      <tag k="source:shop" v="Rejestr działalności lombardowej KNF"/>
    </node>
    <node id="5645868528" action="modify" timestamp="2023-01-31T20:01:09Z" uid="598860" user="Marek-M" visible="true" version="2" changeset="131935968" lat="54.2379893" lon="20.1242041">
      <tag k="name" v="Lombard"/>
      <tag k="shop" v="pawnbroker"/>
      <tag k="operator" v="Lombard Sknerus sp. z o.o."/>
      <tag k="operator:ref:rdl_knf" v="RDL000225"/>
      <tag k="source:shop" v="Rejestr działalności lombardowej KNF"/>
    </node>
    <node id="9430382023" action="modify" timestamp="2022-01-19T09:05:27Z" uid="4569366" user="JulesGabrielVerne" visible="true" version="1" changeset="116331878" lat="53.42947" lon="14.5392884">
      <tag k="name" v="Amigos"/>
      <tag k="shop" v="pawnbroker"/>
      <tag k="operator" v="Lombard Sos sp. z o.o."/>
      <tag k="operator:ref:rdl_knf" v="RDL000095"/>
      <tag k="source:shop" v="Rejestr działalności lombardowej KNF"/>
    </node>
    <node id="7857267330" action="modify" timestamp="2020-08-29T18:10:21Z" uid="413484" user="sznik" visible="true" version="1" changeset="90127097" lat="53.5310389" lon="15.8119606">
      <tag k="amenity" v="bureau_de_change"/>
      <tag k="operator" v="Lombard System  sp. z o.o."/>
      <tag k="operator:ref:rdl_knf" v="RDL000100"/>
      <tag k="brand" v="Loombard"/>
      <tag k="name" v="Loombard"/>
      <tag k="brand:wikidata" v="Q113227799"/>
      <tag k="shop" v="pawnbroker"/>
      <tag k="source:shop" v="Rejestr działalności lombardowej KNF"/>
    </node>
    <node id="10737394899" action="modify" timestamp="2026-04-14T14:16:22Z" uid="11437083" user="czebureks" visible="true" version="6" changeset="181325301" lat="54.3762624" lon="18.6122371">
      <tag k="check_date" v="2026-04-14"/>
      <tag k="name" v="Loombard"/>
      <tag k="opening_hours" v="Mo-Fr 09:00-19:00; Sa 09:00-15:00; Su off"/>
      <tag k="shop" v="pawnbroker"/>
      <tag k="operator" v="Lombard System  sp. z o.o."/>
      <tag k="operator:ref:rdl_knf" v="RDL000100"/>
      <tag k="brand" v="Loombard"/>
      <tag k="brand:wikidata" v="Q113227799"/>
      <tag k="source:shop" v="Rejestr działalności lombardowej KNF"/>
    </node>
    <node id="11978163649" action="modify" timestamp="2024-06-13T11:43:06Z" uid="19377667" user="chodnex" visible="true" version="1" changeset="152629730" lat="50.6989818" lon="17.3853184">
      <tag k="name" v="Loombard"/>
      <tag k="operator" v="Lombard System  sp. z o.o."/>
      <tag k="shop" v="pawnbroker"/>
      <tag k="operator:ref:rdl_knf" v="RDL000100"/>
      <tag k="brand" v="Loombard"/>
      <tag k="brand:wikidata" v="Q113227799"/>
      <tag k="source:shop" v="Rejestr działalności lombardowej KNF"/>
    </node>
    <node id="12087471293" action="modify" timestamp="2024-08-01T15:29:51Z" uid="11113489" user="Exe19" visible="true" version="1" changeset="154699677" lat="50.2614893" lon="19.0166733">
      <tag k="check_date" v="2024-08-01"/>
      <tag k="level" v="0"/>
      <tag k="name" v="Loombard"/>
      <tag k="shop" v="pawnbroker"/>
      <tag k="operator" v="Lombard System  sp. z o.o."/>
      <tag k="operator:ref:rdl_knf" v="RDL000100"/>
      <tag k="brand" v="Loombard"/>
      <tag k="brand:wikidata" v="Q113227799"/>
      <tag k="source:shop" v="Rejestr działalności lombardowej KNF"/>
    </node>
    <node id="13340181525" action="modify" timestamp="2025-11-29T12:12:14Z" uid="11239973" user="uprkos" visible="true" version="1" changeset="175272788" lat="50.3446983" lon="18.2091835">
      <tag k="amenity" v="bureau_de_change"/>
      <tag k="check_date" v="2025-11-29"/>
      <tag k="name" v="Loombard"/>
      <tag k="operator" v="Lombard System  sp. z o.o."/>
      <tag k="operator:ref:rdl_knf" v="RDL000100"/>
      <tag k="brand" v="Loombard"/>
      <tag k="brand:wikidata" v="Q113227799"/>
      <tag k="shop" v="pawnbroker"/>
      <tag k="source:shop" v="Rejestr działalności lombardowej KNF"/>
    </node>
    <node id="13002419866" action="modify" timestamp="2025-07-15T18:42:45Z" uid="4323611" user="DJ_" visible="true" version="1" changeset="168980042" lat="51.2848371" lon="17.9926433">
      <tag k="shop" v="pawnbroker"/>
      <tag k="operator" v="Lombard System  sp. z o.o."/>
      <tag k="operator:ref:rdl_knf" v="RDL000100"/>
      <tag k="brand" v="Loombard"/>
      <tag k="name" v="Loombard"/>
      <tag k="brand:wikidata" v="Q113227799"/>
      <tag k="source:shop" v="Rejestr działalności lombardowej KNF"/>
    </node>
    <node id="13546836545" action="modify" timestamp="2026-02-12T17:51:51Z" uid="4536967" user="pebepebe" visible="true" version="1" changeset="178469520" lat="50.8823591" lon="20.6388521">
      <tag k="name" v="Loombard"/>
      <tag k="opening_hours" v="Mo-Sa 08:00-20:00; Su 10:00-18:00"/>
      <tag k="shop" v="pawnbroker"/>
      <tag k="operator" v="Lombard System  sp. z o.o."/>
      <tag k="operator:ref:rdl_knf" v="RDL000100"/>
      <tag k="brand" v="Loombard"/>
      <tag k="brand:wikidata" v="Q113227799"/>
      <tag k="source:shop" v="Rejestr działalności lombardowej KNF"/>
    </node>
    <node id="9986302499" action="modify" timestamp="2025-11-04T12:41:06Z" uid="13948004" user="bartgron" visible="true" version="2" changeset="174191698" lat="50.8740946" lon="20.6250227">
      <tag k="brand" v="Loombard"/>
      <tag k="brand:wikidata" v="Q113227799"/>
      <tag k="name" v="Loombard"/>
      <tag k="opening_hours" v="Mo-Sa 08:00-20:00; Su 10:00-18:00"/>
      <tag k="shop" v="pawnbroker"/>
      <tag k="website" v="https://www.loombard.pl/"/>
      <tag k="operator" v="Lombard System  sp. z o.o."/>
      <tag k="operator:ref:rdl_knf" v="RDL000100"/>
      <tag k="source:shop" v="Rejestr działalności lombardowej KNF"/>
    </node>
    <node id="8461608423" action="modify" timestamp="2025-12-31T19:11:10Z" uid="6353007" user="C2oc4" visible="true" version="5" changeset="176684081" lat="50.8752652" lon="20.6086102">
      <tag k="branch" v="Pożyczki Pod Zastaw"/>
      <tag k="brand" v="Loombard"/>
      <tag k="brand:wikidata" v="Q113227799"/>
      <tag k="name" v="Loombard"/>
      <tag k="opening_hours" v="Mo-Sa 08:00-21:00"/>
      <tag k="phone" v="+48 41 3453413"/>
      <tag k="shop" v="pawnbroker"/>
      <tag k="operator" v="Lombard System  sp. z o.o."/>
      <tag k="operator:ref:rdl_knf" v="RDL000100"/>
      <tag k="source:shop" v="Rejestr działalności lombardowej KNF"/>
    </node>
    <node id="5339601519" action="modify" timestamp="2018-01-14T20:36:39Z" uid="3266826" user="user_3266826" visible="true" version="1" changeset="55442557" lat="51.7881654" lon="14.9727668">
      <tag k="name" v="Loombard"/>
      <tag k="shop" v="pawnbroker"/>
      <tag k="operator" v="Lombard System  sp. z o.o."/>
      <tag k="operator:ref:rdl_knf" v="RDL000100"/>
      <tag k="brand" v="Loombard"/>
      <tag k="brand:wikidata" v="Q113227799"/>
      <tag k="source:shop" v="Rejestr działalności lombardowej KNF"/>
    </node>
    <node id="10186076725" action="modify" timestamp="2022-11-15T14:37:16Z" uid="341566" user="firebwoy" visible="true" version="1" changeset="128945718" lat="51.7891823" lon="19.4365752">
      <tag k="brand" v="Loombard"/>
      <tag k="brand:wikidata" v="Q113227799"/>
      <tag k="name" v="Loombard"/>
      <tag k="shop" v="pawnbroker"/>
      <tag k="operator" v="Lombard System  sp. z o.o."/>
      <tag k="operator:ref:rdl_knf" v="RDL000100"/>
      <tag k="source:shop" v="Rejestr działalności lombardowej KNF"/>
    </node>
    <node id="13426153068" action="modify" timestamp="2026-01-02T08:12:11Z" uid="598860" user="Marek-M" visible="true" version="1" changeset="176731663" lat="51.7321673" lon="19.4988271">
      <tag k="brand" v="Loombard"/>
      <tag k="brand:wikidata" v="Q113227799"/>
      <tag k="name" v="Loombard"/>
      <tag k="shop" v="pawnbroker"/>
      <tag k="operator" v="Lombard System  sp. z o.o."/>
      <tag k="operator:ref:rdl_knf" v="RDL000100"/>
      <tag k="source:shop" v="Rejestr działalności lombardowej KNF"/>
    </node>
    <node id="4262413154" action="modify" timestamp="2024-08-03T11:53:49Z" uid="277387" user="rogal" visible="true" version="3" changeset="154770802" lat="51.774489" lon="19.4515907">
      <tag k="name" v="Loombard"/>
      <tag k="shop" v="pawnbroker"/>
      <tag k="operator" v="Lombard System  sp. z o.o."/>
      <tag k="operator:ref:rdl_knf" v="RDL000100"/>
      <tag k="brand" v="Loombard"/>
      <tag k="brand:wikidata" v="Q113227799"/>
      <tag k="source:shop" v="Rejestr działalności lombardowej KNF"/>
    </node>
    <node id="11257428543" action="modify" timestamp="2023-10-12T12:00:53Z" uid="3016300" user="Aleksander Hugo" visible="true" version="1" changeset="142476619" lat="51.756086" lon="19.4597837">
      <tag k="amenity" v="bureau_de_change"/>
      <tag k="operator" v="Lombard System  sp. z o.o."/>
      <tag k="operator:ref:rdl_knf" v="RDL000100"/>
      <tag k="brand" v="Loombard"/>
      <tag k="name" v="Loombard"/>
      <tag k="brand:wikidata" v="Q113227799"/>
      <tag k="shop" v="pawnbroker"/>
      <tag k="source:shop" v="Rejestr działalności lombardowej KNF"/>
    </node>
    <node id="1187744743" action="modify" timestamp="2012-09-05T22:56:33Z" uid="842685" user="monycan" visible="true" version="2" changeset="13003365" lat="51.7417882" lon="19.4625906">
      <tag k="addr:housenumber" v="290"/>
      <tag k="addr:street" v="Piotrkowska"/>
      <tag k="amenity" v="bureau_de_change"/>
      <tag k="operator" v="Lombard System  sp. z o.o."/>
      <tag k="operator:ref:rdl_knf" v="RDL000100"/>
      <tag k="addr:city" v="Łódź"/>
      <tag k="addr:postcode" v="93-004"/>
      <tag k="brand" v="Loombard"/>
      <tag k="name" v="Loombard"/>
      <tag k="brand:wikidata" v="Q113227799"/>
      <tag k="shop" v="pawnbroker"/>
      <tag k="source:shop" v="Rejestr działalności lombardowej KNF"/>
    </node>
    <node id="10093378344" action="modify" timestamp="2022-10-11T20:08:08Z" uid="17295082" user="Aim311_" visible="true" version="1" changeset="127379126" lat="52.2444182" lon="16.8530606">
      <tag k="name" v="Loombard"/>
      <tag k="shop" v="pawnbroker"/>
      <tag k="operator" v="Lombard System  sp. z o.o."/>
      <tag k="operator:ref:rdl_knf" v="RDL000100"/>
      <tag k="brand" v="Loombard"/>
      <tag k="brand:wikidata" v="Q113227799"/>
      <tag k="source:shop" v="Rejestr działalności lombardowej KNF"/>
    </node>
    <node id="13432553431" action="modify" timestamp="2026-01-05T13:53:41Z" uid="11239973" user="uprkos" visible="true" version="1" changeset="176862976" lat="53.6708686" lon="15.1207229">
      <tag k="brand" v="Loombard"/>
      <tag k="brand:wikidata" v="Q113227799"/>
      <tag k="check_date" v="2026-01-05"/>
      <tag k="name" v="Loombard"/>
      <tag k="shop" v="pawnbroker"/>
      <tag k="operator" v="Lombard System  sp. z o.o."/>
      <tag k="operator:ref:rdl_knf" v="RDL000100"/>
      <tag k="source:shop" v="Rejestr działalności lombardowej KNF"/>
    </node>
    <node id="6100724128" action="modify" timestamp="2018-11-28T18:43:46Z" uid="9071122" user="Rafał Jakub" visible="true" version="1" changeset="64983234" lat="51.6644153" lon="19.3486653">
      <tag k="shop" v="pawnbroker"/>
      <tag k="operator" v="Lombard System  sp. z o.o."/>
      <tag k="operator:ref:rdl_knf" v="RDL000100"/>
      <tag k="brand" v="Loombard"/>
      <tag k="name" v="Loombard"/>
      <tag k="brand:wikidata" v="Q113227799"/>
      <tag k="source:shop" v="Rejestr działalności lombardowej KNF"/>
    </node>
    <node id="9150072517" action="modify" timestamp="2023-11-06T19:44:39Z" uid="9451067" user="b-jazz-bot" visible="true" version="2" changeset="143707815" lat="51.6584847" lon="19.342965">
      <tag k="addr:street" v="Orla"/>
      <tag k="name" v="Loombard"/>
      <tag k="opening_hours" v="Mo-Su 09:00-22:00"/>
      <tag k="shop" v="pawnbroker"/>
      <tag k="website" v="https://www.loombard.pl/"/>
      <tag k="operator" v="Lombard System  sp. z o.o."/>
      <tag k="operator:ref:rdl_knf" v="RDL000100"/>
      <tag k="addr:city" v="Pabianice"/>
      <tag k="addr:postcode" v="95-200"/>
      <tag k="brand" v="Loombard"/>
      <tag k="brand:wikidata" v="Q113227799"/>
      <tag k="addr:housenumber" v="42"/>
      <tag k="source:shop" v="Rejestr działalności lombardowej KNF"/>
    </node>
    <node id="13296585101" action="modify" timestamp="2026-05-24T23:45:31Z" uid="23474634" user="mapperplonsk" visible="true" version="4" changeset="183130890" lat="52.6256721" lon="20.3731662">
      <tag k="addr:housenumber" v="22"/>
      <tag k="addr:street" v="Wolności"/>
      <tag k="brand" v="Loombard"/>
      <tag k="brand:wikidata" v="Q113227799"/>
      <tag k="check_date" v="2026-05-25"/>
      <tag k="internet_access" v="no"/>
      <tag k="name" v="Loombard"/>
      <tag k="opening_hours" v="Mo-Sa 08:00-20:00"/>
      <tag k="payment:cards" v="no"/>
      <tag k="payment:cash" v="yes"/>
      <tag k="payment:credit_cards" v="no"/>
      <tag k="payment:debit_cards" v="no"/>
      <tag k="shop" v="pawnbroker"/>
      <tag k="wheelchair" v="no"/>
      <tag k="operator" v="Lombard System  sp. z o.o."/>
      <tag k="operator:ref:rdl_knf" v="RDL000100"/>
      <tag k="addr:city" v="Płońsk"/>
      <tag k="addr:postcode" v="09-100"/>
      <tag k="source:shop" v="Rejestr działalności lombardowej KNF"/>
    </node>
    <node id="3246613184" action="modify" timestamp="2014-12-21T18:13:13Z" uid="838827" user="gregorisan" visible="true" version="1" changeset="27614756" lat="50.0951413" lon="18.2140233">
      <tag k="name" v="Loombard"/>
      <tag k="shop" v="pawnbroker"/>
      <tag k="operator" v="Lombard System  sp. z o.o."/>
      <tag k="operator:ref:rdl_knf" v="RDL000100"/>
      <tag k="brand" v="Loombard"/>
      <tag k="brand:wikidata" v="Q113227799"/>
      <tag k="source:shop" v="Rejestr działalności lombardowej KNF"/>
    </node>
    <node id="1807101278" action="modify" timestamp="2023-03-24T18:38:16Z" uid="18761109" user="strollwander" visible="true" version="2" changeset="134080376" lat="50.0498065" lon="18.4744264">
      <tag k="amenity" v="bureau_de_change"/>
      <tag k="name" v="Loombard"/>
      <tag k="opening_hours" v="Mo-Fr 09:00-17:00; Sa 09:00-12:00"/>
      <tag k="operator" v="Lombard System  sp. z o.o."/>
      <tag k="operator:ref:rdl_knf" v="RDL000100"/>
      <tag k="brand" v="Loombard"/>
      <tag k="brand:wikidata" v="Q113227799"/>
      <tag k="shop" v="pawnbroker"/>
      <tag k="source:shop" v="Rejestr działalności lombardowej KNF"/>
    </node>
    <node id="9420410783" action="modify" timestamp="2022-08-17T18:06:12Z" uid="3885790" user="NieWnen" visible="true" version="2" changeset="125029705" lat="52.2313721" lon="20.2390137">
      <tag k="brand" v="Loombard"/>
      <tag k="brand:wikidata" v="Q113227799"/>
      <tag k="name" v="Loombard"/>
      <tag k="shop" v="pawnbroker"/>
      <tag k="operator" v="Lombard System  sp. z o.o."/>
      <tag k="operator:ref:rdl_knf" v="RDL000100"/>
      <tag k="source:shop" v="Rejestr działalności lombardowej KNF"/>
    </node>
    <node id="13048847488" action="modify" timestamp="2026-02-25T08:12:27Z" uid="20739989" user="miwa_meow" visible="true" version="2" changeset="179023625" lat="50.2876326" lon="19.1323951">
      <tag k="name:signed" v="no"/>
      <tag k="shop" v="pawnbroker"/>
      <tag k="operator" v="Lombard System  sp. z o.o."/>
      <tag k="operator:ref:rdl_knf" v="RDL000100"/>
      <tag k="brand" v="Loombard"/>
      <tag k="name" v="Loombard"/>
      <tag k="brand:wikidata" v="Q113227799"/>
      <tag k="source:shop" v="Rejestr działalności lombardowej KNF"/>
    </node>
    <node id="5750779131" action="modify" timestamp="2025-11-13T11:11:31Z" uid="1682993" user="szedar" visible="true" version="3" changeset="174599684" lat="50.2785198" lon="19.1168844">
      <tag k="name" v="Loombard"/>
      <tag k="phone" v="+48 504 861 761"/>
      <tag k="shop" v="pawnbroker"/>
      <tag k="operator" v="Lombard System  sp. z o.o."/>
      <tag k="operator:ref:rdl_knf" v="RDL000100"/>
      <tag k="brand" v="Loombard"/>
      <tag k="brand:wikidata" v="Q113227799"/>
      <tag k="source:shop" v="Rejestr działalności lombardowej KNF"/>
    </node>
    <node id="3171014488" action="modify" timestamp="2014-11-06T20:28:03Z" uid="2356123" user="Vercyngetorix" visible="true" version="1" changeset="26601711" lat="53.7095487" lon="16.6925979">
      <tag k="amenity" v="bureau_de_change"/>
      <tag k="operator" v="Lombard System  sp. z o.o."/>
      <tag k="operator:ref:rdl_knf" v="RDL000100"/>
      <tag k="brand" v="Loombard"/>
      <tag k="name" v="Loombard"/>
      <tag k="brand:wikidata" v="Q113227799"/>
      <tag k="shop" v="pawnbroker"/>
      <tag k="source:shop" v="Rejestr działalności lombardowej KNF"/>
    </node>
    <node id="5777569961" action="modify" timestamp="2018-07-22T18:43:12Z" uid="3266826" user="user_3266826" visible="true" version="1" changeset="60959516" lat="51.5653119" lon="15.5365129">
      <tag k="name" v="Loombard"/>
      <tag k="shop" v="pawnbroker"/>
      <tag k="operator" v="Lombard System  sp. z o.o."/>
      <tag k="operator:ref:rdl_knf" v="RDL000100"/>
      <tag k="brand" v="Loombard"/>
      <tag k="brand:wikidata" v="Q113227799"/>
      <tag k="source:shop" v="Rejestr działalności lombardowej KNF"/>
    </node>
    <node id="12127694826" action="modify" timestamp="2024-08-22T13:46:46Z" uid="2696921" user="jaki11" visible="true" version="1" changeset="155607064" lat="50.8448256" lon="16.4826854">
      <tag k="shop" v="pawnbroker"/>
      <tag k="operator" v="Lombard System  sp. z o.o."/>
      <tag k="operator:ref:rdl_knf" v="RDL000100"/>
      <tag k="brand" v="Loombard"/>
      <tag k="name" v="Loombard"/>
      <tag k="brand:wikidata" v="Q113227799"/>
      <tag k="add:flat" v="2"/>
      <tag k="source:shop" v="Rejestr działalności lombardowej KNF"/>
    </node>
    <node id="9020317937" action="modify" timestamp="2023-10-17T01:03:42Z" uid="11306447" user="starsep" visible="true" version="4" changeset="142688619" lat="52.2700197" lon="20.9827071">
      <tag k="brand" v="Loombard"/>
      <tag k="brand:wikidata" v="Q113227799"/>
      <tag k="check_date" v="2023-09-09"/>
      <tag k="name" v="Loombard"/>
      <tag k="shop" v="pawnbroker"/>
      <tag k="wheelchair" v="limited"/>
      <tag k="operator" v="Lombard System  sp. z o.o."/>
      <tag k="operator:ref:rdl_knf" v="RDL000100"/>
      <tag k="add:flat" v="8"/>
      <tag k="source:shop" v="Rejestr działalności lombardowej KNF"/>
    </node>
    <node id="13740240217" action="modify" timestamp="2026-04-18T15:52:11Z" uid="3476229" user="maro21" visible="true" version="1" changeset="181505002" lat="51.0998427" lon="17.0080785">
      <tag k="amenity" v="bureau_de_change"/>
      <tag k="name" v="Loombard"/>
      <tag k="operator" v="Lombard System  sp. z o.o."/>
      <tag k="operator:ref:rdl_knf" v="RDL000100"/>
      <tag k="brand" v="Loombard"/>
      <tag k="brand:wikidata" v="Q113227799"/>
      <tag k="shop" v="pawnbroker"/>
      <tag k="source:shop" v="Rejestr działalności lombardowej KNF"/>
    </node>
    <node id="2885210583" action="modify" timestamp="2026-04-13T16:54:23Z" uid="139736" user="malinawro" visible="true" version="4" changeset="181285505" lat="51.0935277" lon="17.0257999">
      <tag k="addr:housenumber" v="38"/>
      <tag k="addr:street" v="Radosna"/>
      <tag k="name" v="Loombard"/>
      <tag k="shop" v="pawnbroker"/>
      <tag k="source" v="survey"/>
      <tag k="operator" v="Lombard System  sp. z o.o."/>
      <tag k="operator:ref:rdl_knf" v="RDL000100"/>
      <tag k="addr:city" v="Wrocław"/>
      <tag k="addr:postcode" v="53-336"/>
      <tag k="brand" v="Loombard"/>
      <tag k="brand:wikidata" v="Q113227799"/>
      <tag k="source:shop" v="Rejestr działalności lombardowej KNF"/>
    </node>
    <node id="2942074242" action="modify" timestamp="2026-09-01T09:03:19Z" uid="21766081" user="AbimelekZero" visible="true" version="6" changeset="188351657" lat="51.1162142" lon="17.0551271">
      <tag k="name" v="Loombard"/>
      <tag k="opening_hours" v="Mo-Sa 08:00-21:00; Su 09:00-20:00"/>
      <tag k="shop" v="pawnbroker"/>
      <tag k="website" v="https://www.lombardi.pl/"/>
      <tag k="operator" v="Lombard System  sp. z o.o."/>
      <tag k="operator:ref:rdl_knf" v="RDL000100"/>
      <tag k="brand" v="Loombard"/>
      <tag k="brand:wikidata" v="Q113227799"/>
      <tag k="source:shop" v="Rejestr działalności lombardowej KNF"/>
    </node>
    <node id="12730719027" action="modify" timestamp="2025-04-05T11:54:36Z" uid="11049431" user="SiarheiFedartsou" visible="true" version="1" changeset="164547688" lat="51.1194043" lon="17.0300197">
      <tag k="check_date" v="2025-04-05"/>
      <tag k="name" v="Loombard"/>
      <tag k="shop" v="pawnbroker"/>
      <tag k="operator" v="Lombard System  sp. z o.o."/>
      <tag k="operator:ref:rdl_knf" v="RDL000100"/>
      <tag k="brand" v="Loombard"/>
      <tag k="brand:wikidata" v="Q113227799"/>
      <tag k="source:shop" v="Rejestr działalności lombardowej KNF"/>
    </node>
    <node id="9208458287" action="modify" timestamp="2022-04-21T13:07:13Z" uid="1593161" user="Ancymon" visible="true" version="3" changeset="120000705" lat="51.14639" lon="17.1268447">
      <tag k="name" v="Loombard"/>
      <tag k="opening_hours" v="Mo-Sa 10:00-20:00"/>
      <tag k="shop" v="pawnbroker"/>
      <tag k="operator" v="Lombard System  sp. z o.o."/>
      <tag k="operator:ref:rdl_knf" v="RDL000100"/>
      <tag k="brand" v="Loombard"/>
      <tag k="brand:wikidata" v="Q113227799"/>
      <tag k="source:shop" v="Rejestr działalności lombardowej KNF"/>
    </node>
    <node id="14232229296" action="modify" timestamp="2026-09-29T16:21:00Z" uid="21836506" user="Gienioochgienio" visible="true" version="1" changeset="189736989" lat="51.601301" lon="18.9356183">
      <tag k="name" v="Loombard"/>
      <tag k="shop" v="pawnbroker"/>
      <tag k="operator" v="Lombard System  sp. z o.o."/>
      <tag k="operator:ref:rdl_knf" v="RDL000100"/>
      <tag k="brand" v="Loombard"/>
      <tag k="brand:wikidata" v="Q113227799"/>
      <tag k="source:shop" v="Rejestr działalności lombardowej KNF"/>
    </node>
    <node id="418771492" action="modify" timestamp="2021-06-12T17:05:15Z" uid="13546927" user="JHEden" visible="true" version="3" changeset="106260083" lat="51.1520234" lon="15.0154382">
      <tag k="addr:city" v="Zgorzelec"/>
      <tag k="addr:housenumber" v="29"/>
      <tag k="addr:postcode" v="59-900"/>
      <tag k="addr:street" v="Armii Krajowej"/>
      <tag k="amenity" v="bureau_de_change"/>
      <tag k="currency:EUR" v="yes"/>
      <tag k="currency:GBP" v="yes"/>
      <tag k="currency:PLN" v="yes"/>
      <tag k="payment:cash" v="yes"/>
      <tag k="operator" v="Lombard System  sp. z o.o."/>
      <tag k="operator:ref:rdl_knf" v="RDL000100"/>
      <tag k="brand" v="Loombard"/>
      <tag k="name" v="Loombard"/>
      <tag k="brand:wikidata" v="Q113227799"/>
      <tag k="add:flat" v="6"/>
      <tag k="shop" v="pawnbroker"/>
      <tag k="source:shop" v="Rejestr działalności lombardowej KNF"/>
    </node>
    <node id="4272961692" action="modify" timestamp="2018-06-01T17:42:09Z" uid="3266826" user="user_3266826" visible="true" version="3" changeset="59468098" lat="51.1566717" lon="15.0072326">
      <tag k="amenity" v="bureau_de_change"/>
      <tag k="name" v="Loombard"/>
      <tag k="operator" v="Lombard System  sp. z o.o."/>
      <tag k="operator:ref:rdl_knf" v="RDL000100"/>
      <tag k="brand" v="Loombard"/>
      <tag k="brand:wikidata" v="Q113227799"/>
      <tag k="shop" v="pawnbroker"/>
      <tag k="source:shop" v="Rejestr działalności lombardowej KNF"/>
    </node>
    <node id="9824844860" action="modify" timestamp="2022-06-17T09:06:57Z" uid="408964" user="Lesnydzban" visible="true" version="1" changeset="122498645" lat="49.686778" lon="19.1951276">
      <tag k="name" v="Loombard"/>
      <tag k="shop" v="pawnbroker"/>
      <tag k="operator" v="Lombard System  sp. z o.o."/>
      <tag k="operator:ref:rdl_knf" v="RDL000100"/>
      <tag k="brand" v="Loombard"/>
      <tag k="brand:wikidata" v="Q113227799"/>
      <tag k="source:shop" v="Rejestr działalności lombardowej KNF"/>
    </node>
    <node id="6467923548" action="modify" timestamp="2025-06-03T22:03:33Z" uid="13948004" user="bartgron" visible="true" version="3" changeset="167154093" lat="49.6842257" lon="19.1906251">
      <tag k="brand" v="Loombard"/>
      <tag k="brand:wikidata" v="Q113227799"/>
      <tag k="name" v="Loombard"/>
      <tag k="shop" v="pawnbroker"/>
      <tag k="operator" v="Lombard System  sp. z o.o."/>
      <tag k="operator:ref:rdl_knf" v="RDL000100"/>
      <tag k="source:shop" v="Rejestr działalności lombardowej KNF"/>
    </node>
    <node id="12659381213" action="modify" timestamp="2025-04-18T10:01:37Z" uid="6192447" user="1200562" visible="true" version="2" changeset="165104048" lat="51.7567092" lon="19.5372891">
      <tag k="amenity" v="bureau_de_change"/>
      <tag k="opening_hours" v="Mo-Fr 10:00-17:30; Sa 09:30-13:00"/>
      <tag k="phone" v="+48426734907"/>
      <tag k="operator" v="Lombard W Patio sp. z o.o."/>
      <tag k="operator:ref:rdl_knf" v="RDL000084"/>
      <tag k="shop" v="pawnbroker"/>
      <tag k="source:shop" v="Rejestr działalności lombardowej KNF"/>
    </node>
    <node id="11967862930" action="modify" timestamp="2024-06-09T23:12:20Z" uid="20976063" user="Atlanta502" visible="true" version="1" changeset="152473597" lat="52.0743017" lon="21.0157433">
      <tag k="check_date" v="2024-06-08"/>
      <tag k="name" v="Lombard Piaseczno"/>
      <tag k="shop" v="pawnbroker"/>
      <tag k="operator" v="Lombard Wolski sp. z o.o."/>
      <tag k="operator:ref:rdl_knf" v="RDL000156"/>
      <tag k="source:shop" v="Rejestr działalności lombardowej KNF"/>
    </node>
    <node id="14013108481" action="modify" timestamp="2026-07-14T00:00:39Z" uid="12914377" user="Patryk2710" visible="true" version="1" changeset="185685158" lat="49.86902" lon="21.7899665">
      <tag k="name" v="Lombardi"/>
      <tag k="shop" v="pawnbroker"/>
      <tag k="operator" v="Lombardi sp. z o.o."/>
      <tag k="operator:ref:rdl_knf" v="RDL000186"/>
      <tag k="source:shop" v="Rejestr działalności lombardowej KNF"/>
    </node>
    <node id="7325394566" action="modify" timestamp="2020-03-24T12:16:58Z" uid="10931524" user="Drago110" visible="true" version="1" changeset="82570080" lat="50.2239174" lon="18.972019">
      <tag k="shop" v="pawnbroker"/>
      <tag k="operator" v="Lombards.Pl sp. z o.o."/>
      <tag k="operator:ref:rdl_knf" v="RDL000218"/>
      <tag k="name" v="Lombards.pl"/>
      <tag k="source:shop" v="Rejestr działalności lombardowej KNF"/>
    </node>
    <node id="10115250906" action="modify" timestamp="2023-06-28T09:11:37Z" uid="431143" user="briest" visible="true" version="2" changeset="137869308" lat="50.2554729" lon="19.0115893">
      <tag k="name" v="Lombards.pl"/>
      <tag k="opening_hours" v="Mo-Sa 08:00-20:00"/>
      <tag k="shop" v="pawnbroker"/>
      <tag k="website" v="https://lombards.pl/lombard/katowice-mikolowska-13"/>
      <tag k="operator" v="Lombards.Pl sp. z o.o."/>
      <tag k="operator:ref:rdl_knf" v="RDL000218"/>
      <tag k="source:shop" v="Rejestr działalności lombardowej KNF"/>
    </node>
    <node id="5727780090" action="modify" timestamp="2025-02-21T17:19:48Z" uid="21978531" user="RafaBoski" visible="true" version="3" changeset="162790050" lat="50.2410332" lon="18.8325833">
      <tag k="name" v="Lombards.pl"/>
      <tag k="opening_hours" v="Mo-Sa 08:00-20:00"/>
      <tag k="phone" v="+48 32 242 96 45"/>
      <tag k="shop" v="pawnbroker"/>
      <tag k="operator" v="Lombards.Pl sp. z o.o."/>
      <tag k="operator:ref:rdl_knf" v="RDL000218"/>
      <tag k="source:shop" v="Rejestr działalności lombardowej KNF"/>
    </node>
    <node id="7252846613" action="modify" timestamp="2025-03-27T16:09:14Z" uid="290680" user="wheelmap_visitor" visible="true" version="3" changeset="164171103" lat="51.1275247" lon="17.0361672">
      <tag k="check_date" v="2024-11-10"/>
      <tag k="name" v="Loombard"/>
      <tag k="phone" v="+48 71 328 86 50"/>
      <tag k="shop" v="pawnbroker"/>
      <tag k="wheelchair" v="yes"/>
      <tag k="operator" v="Loombard Polska sp. z o.o."/>
      <tag k="operator:ref:rdl_knf" v="RDL000147"/>
      <tag k="brand" v="Loombard"/>
      <tag k="brand:wikidata" v="Q113227799"/>
      <tag k="add:flat" v="1C"/>
      <tag k="source:shop" v="Rejestr działalności lombardowej KNF"/>
    </node>
    <node id="4498904868" action="modify" timestamp="2022-10-12T13:55:55Z" uid="4663482" user="Michał Pławsiuk" visible="true" version="5" changeset="127418020" lat="51.0891258" lon="17.0454303">
      <tag k="addr:housenumber" v="82"/>
      <tag k="addr:street" v="Hubska"/>
      <tag k="name" v="Loombard"/>
      <tag k="opening_hours" v="PH,Mo-Su 08:15-20:45"/>
      <tag k="phone" v="+48 71 333 86 04"/>
      <tag k="shop" v="pawnbroker"/>
      <tag k="wheelchair" v="no"/>
      <tag k="operator" v="Loombard Polska sp. z o.o."/>
      <tag k="operator:ref:rdl_knf" v="RDL000147"/>
      <tag k="addr:city" v="Wrocław"/>
      <tag k="addr:postcode" v="50-502"/>
      <tag k="brand" v="Loombard"/>
      <tag k="brand:wikidata" v="Q113227799"/>
      <tag k="add:flat" v="1B"/>
      <tag k="source:shop" v="Rejestr działalności lombardowej KNF"/>
    </node>
    <node id="13039149547" action="modify" timestamp="2025-07-31T11:18:49Z" uid="728901" user="Szymiii" visible="true" version="1" changeset="169764872" lat="51.1382337" lon="17.0295212">
      <tag k="check_date" v="2024-09-07"/>
      <tag k="name" v="Loombard"/>
      <tag k="phone" v="+48 71 394 56 01"/>
      <tag k="shop" v="pawnbroker"/>
      <tag k="operator" v="Loombard Polska sp. z o.o."/>
      <tag k="operator:ref:rdl_knf" v="RDL000147"/>
      <tag k="brand" v="Loombard"/>
      <tag k="brand:wikidata" v="Q113227799"/>
      <tag k="source:shop" v="Rejestr działalności lombardowej KNF"/>
    </node>
    <node id="3794391168" action="modify" timestamp="2015-10-20T14:22:12Z" uid="3068937" user="Squnxik" visible="true" version="1" changeset="34756424" lat="51.7406992" lon="19.4054085">
      <tag k="amenity" v="bureau_de_change"/>
      <tag k="operator" v="Mak$ sp. z o.o."/>
      <tag k="operator:ref:rdl_knf" v="RDL000120"/>
      <tag k="add:flat" v="32"/>
      <tag k="shop" v="pawnbroker"/>
      <tag k="source:shop" v="Rejestr działalności lombardowej KNF"/>
    </node>
    <node id="4387286729" action="modify" timestamp="2026-09-05T04:51:23Z" uid="4128818" user="☆Finvenkulo" visible="true" version="5" changeset="188554097" lat="50.2771094" lon="19.0029116">
      <tag k="contact:email" v="punkt.debowa@mmgielda.pl"/>
      <tag k="contact:phone" v="+48 32 793 70 82;+48 666 028 126"/>
      <tag k="name" v="Lombard M&amp;M"/>
      <tag k="opening_hours" v="Mo-Fr 09:30-17:30; Sa 10:00-13:00; Su,PH off"/>
      <tag k="shop" v="pawnbroker"/>
      <tag k="website" v="https://mmgielda.pl/"/>
      <tag k="operator" v="Mm Giełda sp. z o.o."/>
      <tag k="operator:ref:rdl_knf" v="RDL000146"/>
      <tag k="source:shop" v="Rejestr działalności lombardowej KNF"/>
    </node>
    <node id="9071348744" action="modify" timestamp="2025-11-03T22:19:57Z" uid="13948004" user="bartgron" visible="true" version="2" changeset="174168946" lat="50.8697428" lon="20.6196811">
      <tag k="mobile" v="+48 795 850 600"/>
      <tag k="opening_hours" v="Mo-Fr 10:00-18:00; Sa 10:00-14:00"/>
      <tag k="shop" v="pawnbroker"/>
      <tag k="operator" v="Moja Pierwsza sp. z o.o."/>
      <tag k="operator:ref:rdl_knf" v="RDL000210"/>
      <tag k="source:shop" v="Rejestr działalności lombardowej KNF"/>
    </node>
    <node id="5280853779" action="modify" timestamp="2017-12-12T23:01:46Z" uid="604437" user="RicoElectrico" visible="true" version="1" changeset="54579750" lat="54.5219457" lon="18.5330532">
      <tag k="opening_hours" v="Mo-Fr 08:00-18:00; Sa 09:00-14:00"/>
      <tag k="shop" v="pawnbroker"/>
      <tag k="operator" v="Neon Tv sp. z o.o."/>
      <tag k="operator:ref:rdl_knf" v="RDL000075"/>
      <tag k="add:flat" v="5a"/>
      <tag k="source:shop" v="Rejestr działalności lombardowej KNF"/>
    </node>
    <node id="3548670272" action="modify" timestamp="2023-03-17T15:09:06Z" uid="16190049" user="michalsochacki" visible="true" version="4" changeset="133792405" lat="51.1177762" lon="20.8795324">
      <tag k="amenity" v="bureau_de_change"/>
      <tag k="level" v="0,5"/>
      <tag k="name" v="Kantor"/>
      <tag k="opening_hours" v="Mo-Fr 09:00-17:00; Sa 09:00-13:00"/>
      <tag k="operator" v="Ng Partners sp. z o.o."/>
      <tag k="operator:ref:rdl_knf" v="RDL000205"/>
      <tag k="shop" v="pawnbroker"/>
      <tag k="source:shop" v="Rejestr działalności lombardowej KNF"/>
    </node>
    <node id="10226469871" action="modify" timestamp="2022-11-29T21:38:54Z" uid="13378425" user="macaddr" visible="true" version="1" changeset="129537053" lat="53.4880537" lon="18.7506906">
      <tag k="check_date" v="2022-11-28"/>
      <tag k="shop" v="pawnbroker"/>
      <tag k="operator" v="No.1 sp. z o.o."/>
      <tag k="operator:ref:rdl_knf" v="RDL000227"/>
      <tag k="add:flat" v="1"/>
      <tag k="source:shop" v="Rejestr działalności lombardowej KNF"/>
    </node>
    <node id="10807309324" action="modify" timestamp="2023-04-13T11:13:32Z" uid="504620" user="JakubS" visible="true" version="1" changeset="134858151" lat="51.067811" lon="19.4438203">
      <tag k="name" v="Nowy Lombard"/>
      <tag k="shop" v="pawnbroker"/>
      <tag k="operator" v="Nowy Urok sp. z o.o."/>
      <tag k="operator:ref:rdl_knf" v="RDL000133"/>
      <tag k="source:shop" v="Rejestr działalności lombardowej KNF"/>
    </node>
    <node id="6082932083" action="modify" timestamp="2022-05-04T21:18:06Z" uid="3130936" user="sarxos" visible="true" version="2" changeset="120561408" lat="53.1556457" lon="18.1553397">
      <tag k="name" v="Pawn Lombard"/>
      <tag k="shop" v="pawnbroker"/>
      <tag k="source" v="http://www.krs-online.com.pl/przedsiebiorstwo-wielobranzowe-chem-bud-krs-575823.html"/>
      <tag k="operator" v="Pawnlombard sp. z o.o."/>
      <tag k="operator:ref:rdl_knf" v="RDL000068"/>
      <tag k="source:shop" v="Rejestr działalności lombardowej KNF"/>
    </node>
    <node id="14206685051" action="modify" timestamp="2026-09-22T16:00:20Z" uid="7383646" user="kubzon7" visible="true" version="1" changeset="189407782" lat="53.1177402" lon="17.965904">
      <tag k="level" v="0"/>
      <tag k="shop" v="pawnbroker"/>
      <tag k="operator" v="Pawnlombard sp. z o.o."/>
      <tag k="operator:ref:rdl_knf" v="RDL000068"/>
      <tag k="name" v="Pawn Lombard"/>
      <tag k="source:shop" v="Rejestr działalności lombardowej KNF"/>
    </node>
    <node id="10312796283" action="modify" timestamp="2023-01-07T11:42:56Z" uid="13589282" user="Varmien" visible="true" version="1" changeset="130977783" lat="50.2965282" lon="18.7872076">
      <tag k="name" v="Womi"/>
      <tag k="shop" v="pawnbroker"/>
      <tag k="operator" v="P-Dud 1999r. sp. z o.o."/>
      <tag k="operator:ref:rdl_knf" v="RDL000012"/>
      <tag k="source:shop" v="Rejestr działalności lombardowej KNF"/>
    </node>
    <node id="5871140984" action="modify" timestamp="2018-08-31T13:46:51Z" uid="3266826" user="user_3266826" visible="true" version="1" changeset="62173492" lat="51.9393957" lon="15.5085516">
      <tag k="addr:city" v="Zielona Góra"/>
      <tag k="addr:housenumber" v="13"/>
      <tag k="addr:postcode" v="65-426"/>
      <tag k="addr:street" v="Kupiecka"/>
      <tag k="name" v="Karat"/>
      <tag k="shop" v="pawnbroker"/>
      <tag k="operator" v="Pmk Auxilium  sp. z o.o."/>
      <tag k="operator:ref:rdl_knf" v="RDL000077"/>
      <tag k="add:flat" v="9"/>
      <tag k="source:shop" v="Rejestr działalności lombardowej KNF"/>
    </node>
    <node id="12691251114" action="modify" timestamp="2025-03-22T16:17:09Z" uid="67255" user="Rogoyski" visible="true" version="1" changeset="163954640" lat="52.2579243" lon="21.0348746">
      <tag k="addr:housenumber" v="14"/>
      <tag k="addr:street" v="11 Listopada"/>
      <tag k="check_date" v="2025-03-22"/>
      <tag k="name" v="Lombard Expres"/>
      <tag k="opening_hours" v="08:00-22:00"/>
      <tag k="shop" v="pawnbroker"/>
      <tag k="wheelchair" v="no"/>
      <tag k="operator" v="Profit Centrum sp. z o.o."/>
      <tag k="operator:ref:rdl_knf" v="RDL000063"/>
      <tag k="addr:city" v="Warszawa"/>
      <tag k="addr:postcode" v="03-435"/>
      <tag k="source:shop" v="Rejestr działalności lombardowej KNF"/>
    </node>
    <node id="12004754005" action="modify" timestamp="2024-06-23T22:44:44Z" uid="18094779" user="ixrk" visible="true" version="1" changeset="153088246" lat="51.790543" lon="19.476744">
      <tag k="shop" v="pawnbroker"/>
      <tag k="operator" v="Robert&amp;#39;S sp. z o.o."/>
      <tag k="operator:ref:rdl_knf" v="RDL000083"/>
      <tag k="source:shop" v="Rejestr działalności lombardowej KNF"/>
    </node>
    <node id="11268484445" action="modify" timestamp="2026-08-02T19:42:52Z" uid="18689529" user="Pingwinki" visible="true" version="5" changeset="186830721" lat="50.0735603" lon="20.0435817">
      <tag k="check_date:opening_hours" v="2026-07-08"/>
      <tag k="name:signed" v="no"/>
      <tag k="opening_hours" v="Mo-Fr 08:00-18:00; Sa,Su 09:00-14:00"/>
      <tag k="shop" v="pawnbroker"/>
      <tag k="wheelchair" v="limited"/>
      <tag k="operator" v="Sk Lombard sp. z o.o."/>
      <tag k="operator:ref:rdl_knf" v="RDL000013"/>
      <tag k="source:shop" v="Rejestr działalności lombardowej KNF"/>
    </node>
    <node id="5277779772" action="modify" timestamp="2025-11-13T11:11:31Z" uid="1682993" user="szedar" visible="true" version="4" changeset="174599684" lat="50.3558214" lon="18.9217268">
      <tag k="addr:city" v="Bytom"/>
      <tag k="addr:housenumber" v="80"/>
      <tag k="addr:postcode" v="41-902"/>
      <tag k="addr:street" v="Piekarska"/>
      <tag k="name" v="Lombardoro"/>
      <tag k="opening_hours" v="Mo-Fr 09:00-21:00; Sa,Su 10:00-20:00"/>
      <tag k="phone" v="+48 666 668 816"/>
      <tag k="shop" v="pawnbroker"/>
      <tag k="operator" v="Skab sp. z o.o."/>
      <tag k="operator:ref:rdl_knf" v="RDL000223"/>
      <tag k="add:flat" v="30"/>
      <tag k="source:shop" v="Rejestr działalności lombardowej KNF"/>
    </node>
    <node id="5075325576" action="modify" timestamp="2025-09-11T17:05:41Z" uid="1235885" user="balrog84" visible="true" version="2" changeset="171795162" lat="50.9847195" lon="23.1713132">
      <tag k="amenity" v="bureau_de_change"/>
      <tag k="fixme" v="czy istnieje?"/>
      <tag k="opening_hours" v="Mo-Fr 08:30-16:30;Sa 09:00-13:00;PH closed"/>
      <tag k="operator" v="Top sp. z o.o."/>
      <tag k="operator:ref:rdl_knf" v="RDL000069"/>
      <tag k="shop" v="pawnbroker"/>
      <tag k="source:shop" v="Rejestr działalności lombardowej KNF"/>
    </node>
    <node id="10678514067" action="modify" timestamp="2023-02-19T15:28:26Z" uid="3376721" user="Yunkers" visible="true" version="1" changeset="132753004" lat="49.9728842" lon="19.8301186">
      <tag k="amenity" v="bureau_de_change"/>
      <tag k="operator" v="Twój Lombard-Lombartek sp. z o.o."/>
      <tag k="operator:ref:rdl_knf" v="RDL000126"/>
      <tag k="shop" v="pawnbroker"/>
      <tag k="source:shop" v="Rejestr działalności lombardowej KNF"/>
    </node>
    <node id="10871736091" action="modify" timestamp="2023-05-05T20:10:10Z" uid="18403386" user="azet1" visible="true" version="1" changeset="135755618" lat="50.4019137" lon="18.625816">
      <tag k="shop" v="pawnbroker"/>
      <tag k="operator" v="Uja-Corp sp. z o.o."/>
      <tag k="operator:ref:rdl_knf" v="RDL000041"/>
      <tag k="source:shop" v="Rejestr działalności lombardowej KNF"/>
    </node>
    <node id="13005350516" action="modify" timestamp="2025-07-17T21:13:25Z" uid="11239973" user="uprkos" visible="true" version="2" changeset="169081012" lat="50.0279901" lon="19.9503407">
      <tag k="amenity" v="bureau_de_change"/>
      <tag k="level" v="0"/>
      <tag k="name" v="Lombard4u"/>
      <tag k="operator" v="Watches sp. z o.o."/>
      <tag k="operator:ref:rdl_knf" v="RDL000011"/>
      <tag k="shop" v="pawnbroker"/>
      <tag k="source:shop" v="Rejestr działalności lombardowej KNF"/>
    </node>
    <node id="10763207826" action="modify" timestamp="2025-07-05T11:51:19Z" uid="11437083" user="czebureks" visible="true" version="3" changeset="168519784" lat="54.3533183" lon="18.6517645">
      <tag k="addr:city" v="Gdańsk"/>
      <tag k="addr:housenumber" v="94/99h"/>
      <tag k="addr:postcode" v="80-844"/>
      <tag k="addr:street" v="Podwale Staromiejskie"/>
      <tag k="amenity" v="bureau_de_change"/>
      <tag k="check_date" v="2025-07-04"/>
      <tag k="name" v="Kantor 1913"/>
      <tag k="operator" v="Wojkal Lombard sp. z o.o."/>
      <tag k="operator:ref:rdl_knf" v="RDL000209"/>
      <tag k="shop" v="pawnbroker"/>
      <tag k="source:shop" v="Rejestr działalności lombardowej KNF"/>
    </node>
    <node id="12085471847" action="modify" timestamp="2024-07-31T16:11:12Z" uid="1145813" user="GDR!" visible="true" version="1" changeset="154657833" lat="50.7948193" lon="15.8336578">
      <tag k="amenity" v="bureau_de_change"/>
      <tag k="name" v="Kantor jubiler"/>
      <tag k="opening_hours" v="Mo-Fr 08:00-16:00"/>
      <tag k="operator" v="Zegarek.Net sp. z o.o."/>
      <tag k="operator:ref:rdl_knf" v="RDL000164"/>
      <tag k="shop" v="pawnbroker"/>
      <tag k="source:shop" v="Rejestr działalności lombardowej KNF"/>
    </node>
    <node id="3015118473" timestamp="1970-01-01T00:00:00Z" uid="0" user="" visible="true" version="1" changeset="0" lat="50.0313845" lon="19.920745">

    </node>
    <node id="3015044179" timestamp="1970-01-01T00:00:00Z" uid="0" user="" visible="true" version="1" changeset="0" lat="50.0313769" lon="19.9207153">

    </node>
    <node id="3015044837" timestamp="1970-01-01T00:00:00Z" uid="0" user="" visible="true" version="1" changeset="0" lat="50.0313904" lon="19.9207068">

    </node>
    <node id="3015044736" timestamp="1970-01-01T00:00:00Z" uid="0" user="" visible="true" version="1" changeset="0" lat="50.0313837" lon="19.9206811">

    </node>
    <node id="3015042526" timestamp="1970-01-01T00:00:00Z" uid="0" user="" visible="true" version="1" changeset="0" lat="50.0313702" lon="19.9206896">

    </node>
    <node id="3015041530" timestamp="1970-01-01T00:00:00Z" uid="0" user="" visible="true" version="1" changeset="0" lat="50.0313624" lon="19.92066">

    </node>
    <node id="3015041520" timestamp="1970-01-01T00:00:00Z" uid="0" user="" visible="true" version="1" changeset="0" lat="50.0313365" lon="19.9206392">

    </node>
    <node id="3015044633" timestamp="1970-01-01T00:00:00Z" uid="0" user="" visible="true" version="1" changeset="0" lat="50.0313086" lon="19.920723">

    </node>
    <node id="3015044304" timestamp="1970-01-01T00:00:00Z" uid="0" user="" visible="true" version="1" changeset="0" lat="50.0313151" lon="19.9207269">

    </node>
    <node id="3015044635" timestamp="1970-01-01T00:00:00Z" uid="0" user="" visible="true" version="1" changeset="0" lat="50.0313178" lon="19.9207477">

    </node>
    <node id="3015041514" timestamp="1970-01-01T00:00:00Z" uid="0" user="" visible="true" version="1" changeset="0" lat="50.0313157" lon="19.9207564">

    </node>
    <node id="3015044178" timestamp="1970-01-01T00:00:00Z" uid="0" user="" visible="true" version="1" changeset="0" lat="50.031374" lon="19.9207908">

    </node>
    <node id="3357927129" timestamp="1970-01-01T00:00:00Z" uid="0" user="" visible="true" version="1" changeset="0" lat="49.6248" lon="20.7025623">

    </node>
    <node id="3357927151" timestamp="1970-01-01T00:00:00Z" uid="0" user="" visible="true" version="1" changeset="0" lat="49.6248767" lon="20.7025642">

    </node>
    <node id="3357930009" timestamp="1970-01-01T00:00:00Z" uid="0" user="" visible="true" version="1" changeset="0" lat="49.6249609" lon="20.7025709">

    </node>
    <node id="3357930020" timestamp="1970-01-01T00:00:00Z" uid="0" user="" visible="true" version="1" changeset="0" lat="49.6249786" lon="20.7025491">

    </node>
    <node id="3357930024" timestamp="1970-01-01T00:00:00Z" uid="0" user="" visible="true" version="1" changeset="0" lat="49.6249863" lon="20.702563">

    </node>
    <node id="3357930105" timestamp="1970-01-01T00:00:00Z" uid="0" user="" visible="true" version="1" changeset="0" lat="49.6250768" lon="20.7024256">

    </node>
    <node id="3357930054" timestamp="1970-01-01T00:00:00Z" uid="0" user="" visible="true" version="1" changeset="0" lat="49.6250216" lon="20.7023464">

    </node>
    <node id="3357930014" timestamp="1970-01-01T00:00:00Z" uid="0" user="" visible="true" version="1" changeset="0" lat="49.6249667" lon="20.7024363">

    </node>
    <node id="3357927191" timestamp="1970-01-01T00:00:00Z" uid="0" user="" visible="true" version="1" changeset="0" lat="49.6249399" lon="20.7023867">

    </node>
    <node id="3357927160" timestamp="1970-01-01T00:00:00Z" uid="0" user="" visible="true" version="1" changeset="0" lat="49.6249" lon="20.7023846">

    </node>
    <node id="3357927163" timestamp="1970-01-01T00:00:00Z" uid="0" user="" visible="true" version="1" changeset="0" lat="49.624903" lon="20.7022441">

    </node>
    <node id="3357927130" timestamp="1970-01-01T00:00:00Z" uid="0" user="" visible="true" version="1" changeset="0" lat="49.6248088" lon="20.7022399">

    </node>
    <node id="4380344873" timestamp="1970-01-01T00:00:00Z" uid="0" user="" visible="true" version="1" changeset="0" lat="51.508007" lon="16.0731243">

    </node>
    <node id="4380344874" timestamp="1970-01-01T00:00:00Z" uid="0" user="" visible="true" version="1" changeset="0" lat="51.50795" lon="16.0731138">

    </node>
    <node id="4380344875" timestamp="1970-01-01T00:00:00Z" uid="0" user="" visible="true" version="1" changeset="0" lat="51.5079561" lon="16.0730284">

    </node>
    <node id="4380344876" timestamp="1970-01-01T00:00:00Z" uid="0" user="" visible="true" version="1" changeset="0" lat="51.5080131" lon="16.0730389">

    </node>
    <node id="6382029750" timestamp="1970-01-01T00:00:00Z" uid="0" user="" visible="true" version="1" changeset="0" lat="52.8644223" lon="21.0991516">

    </node>
    <node id="6382029753" timestamp="1970-01-01T00:00:00Z" uid="0" user="" visible="true" version="1" changeset="0" lat="52.8644113" lon="21.0992418">

    </node>
    <node id="6382029752" timestamp="1970-01-01T00:00:00Z" uid="0" user="" visible="true" version="1" changeset="0" lat="52.8643431" lon="21.0992191">

    </node>
    <node id="6382029749" timestamp="1970-01-01T00:00:00Z" uid="0" user="" visible="true" version="1" changeset="0" lat="52.8643541" lon="21.0991288">

    </node>
    <node id="4038511486" timestamp="1970-01-01T00:00:00Z" uid="0" user="" visible="true" version="1" changeset="0" lat="51.0288304" lon="15.4142878">

    </node>
    <node id="4048144057" timestamp="1970-01-01T00:00:00Z" uid="0" user="" visible="true" version="1" changeset="0" lat="51.0287254" lon="15.4142732">

    </node>
    <node id="4048144058" timestamp="1970-01-01T00:00:00Z" uid="0" user="" visible="true" version="1" changeset="0" lat="51.0287165" lon="15.4144429">

    </node>
    <node id="4038511485" timestamp="1970-01-01T00:00:00Z" uid="0" user="" visible="true" version="1" changeset="0" lat="51.028821" lon="15.4144587">

    </node>
    <node id="4269302140" timestamp="1970-01-01T00:00:00Z" uid="0" user="" visible="true" version="1" changeset="0" lat="50.4771415" lon="17.9653991">

    </node>
    <node id="4269302197" timestamp="1970-01-01T00:00:00Z" uid="0" user="" visible="true" version="1" changeset="0" lat="50.4771885" lon="17.9653598">

    </node>
    <node id="4269302172" timestamp="1970-01-01T00:00:00Z" uid="0" user="" visible="true" version="1" changeset="0" lat="50.4771681" lon="17.965302">

    </node>
    <node id="4269302160" timestamp="1970-01-01T00:00:00Z" uid="0" user="" visible="true" version="1" changeset="0" lat="50.4771596" lon="17.9652776">

    </node>
    <node id="4269302113" timestamp="1970-01-01T00:00:00Z" uid="0" user="" visible="true" version="1" changeset="0" lat="50.4771123" lon="17.9653207">

    </node>
    <node id="4269302118" timestamp="1970-01-01T00:00:00Z" uid="0" user="" visible="true" version="1" changeset="0" lat="50.4771211" lon="17.9653445">

    </node>
    <node id="2537235738" timestamp="1970-01-01T00:00:00Z" uid="0" user="" visible="true" version="1" changeset="0" lat="53.4086089" lon="18.4441868">

    </node>
    <node id="2537235726" timestamp="1970-01-01T00:00:00Z" uid="0" user="" visible="true" version="1" changeset="0" lat="53.4085542" lon="18.4442143">

    </node>
    <node id="2537235736" timestamp="1970-01-01T00:00:00Z" uid="0" user="" visible="true" version="1" changeset="0" lat="53.4085739" lon="18.4443242">

    </node>
    <node id="2537235739" timestamp="1970-01-01T00:00:00Z" uid="0" user="" visible="true" version="1" changeset="0" lat="53.4086286" lon="18.4442967">

    </node>
    <node id="1611594099" timestamp="1970-01-01T00:00:00Z" uid="0" user="" visible="true" version="1" changeset="0" lat="50.1594098" lon="19.4706673">

    </node>
    <node id="7227456471" timestamp="1970-01-01T00:00:00Z" uid="0" user="" visible="true" version="1" changeset="0" lat="50.1593323" lon="19.4706016">

    </node>
    <node id="7227456472" timestamp="1970-01-01T00:00:00Z" uid="0" user="" visible="true" version="1" changeset="0" lat="50.1593492" lon="19.4705522">

    </node>
    <node id="7227456470" timestamp="1970-01-01T00:00:00Z" uid="0" user="" visible="true" version="1" changeset="0" lat="50.1593412" lon="19.4704989">

    </node>
    <node id="1730669666" timestamp="1970-01-01T00:00:00Z" uid="0" user="" visible="true" version="1" changeset="0" lat="50.1593579" lon="19.4704475">

    </node>
    <node id="1730669668" timestamp="1970-01-01T00:00:00Z" uid="0" user="" visible="true" version="1" changeset="0" lat="50.1594039" lon="19.470485">

    </node>
    <node id="7227456469" timestamp="1970-01-01T00:00:00Z" uid="0" user="" visible="true" version="1" changeset="0" lat="50.1593863" lon="19.4705377">

    </node>
    <node id="7227456468" timestamp="1970-01-01T00:00:00Z" uid="0" user="" visible="true" version="1" changeset="0" lat="50.1593991" lon="19.4705482">

    </node>
    <node id="7227456467" timestamp="1970-01-01T00:00:00Z" uid="0" user="" visible="true" version="1" changeset="0" lat="50.15939" lon="19.4705758">

    </node>
    <node id="10207776895" timestamp="1970-01-01T00:00:00Z" uid="0" user="" visible="true" version="1" changeset="0" lat="50.1593952" lon="19.47058">

    </node>
    <node id="1730669667" timestamp="1970-01-01T00:00:00Z" uid="0" user="" visible="true" version="1" changeset="0" lat="50.1594085" lon="19.4705908">

    </node>
    <node id="1730669669" timestamp="1970-01-01T00:00:00Z" uid="0" user="" visible="true" version="1" changeset="0" lat="50.1594237" lon="19.4706275">

    </node>
    <node id="10231977182" timestamp="1970-01-01T00:00:00Z" uid="0" user="" visible="true" version="1" changeset="0" lat="54.454684" lon="16.991389">

    </node>
    <node id="10231977183" timestamp="1970-01-01T00:00:00Z" uid="0" user="" visible="true" version="1" changeset="0" lat="54.4547139" lon="16.9913625">

    </node>
    <node id="10231977184" timestamp="1970-01-01T00:00:00Z" uid="0" user="" visible="true" version="1" changeset="0" lat="54.4546814" lon="16.9912546">

    </node>
    <node id="10231977177" timestamp="1970-01-01T00:00:00Z" uid="0" user="" visible="true" version="1" changeset="0" lat="54.4546514" lon="16.9912816">

    </node>
    <node id="13278312652" timestamp="1970-01-01T00:00:00Z" uid="0" user="" visible="true" version="1" changeset="0" lat="50.9636801" lon="22.1616361">

    </node>
    <node id="13278312651" timestamp="1970-01-01T00:00:00Z" uid="0" user="" visible="true" version="1" changeset="0" lat="50.9637029" lon="22.1616318">

    </node>
    <node id="13278312650" timestamp="1970-01-01T00:00:00Z" uid="0" user="" visible="true" version="1" changeset="0" lat="50.9637028" lon="22.1616226">

    </node>
    <node id="3153296529" timestamp="1970-01-01T00:00:00Z" uid="0" user="" visible="true" version="1" changeset="0" lat="50.9637278" lon="22.1616225">

    </node>
    <node id="13544089828" timestamp="1970-01-01T00:00:00Z" uid="0" user="" visible="true" version="1" changeset="0" lat="50.9637275" lon="22.161542">

    </node>
    <node id="13280104856" timestamp="1970-01-01T00:00:00Z" uid="0" user="" visible="true" version="1" changeset="0" lat="50.9636831" lon="22.1615436">

    </node>
    <node id="13544089829" timestamp="1970-01-01T00:00:00Z" uid="0" user="" visible="true" version="1" changeset="0" lat="50.9636438" lon="22.161544">

    </node>
    <node id="3153296518" timestamp="1970-01-01T00:00:00Z" uid="0" user="" visible="true" version="1" changeset="0" lat="50.9636438" lon="22.1616231">

    </node>
    <node id="13280104857" timestamp="1970-01-01T00:00:00Z" uid="0" user="" visible="true" version="1" changeset="0" lat="50.9636757" lon="22.1616228">

    </node>
    <node id="13278312653" timestamp="1970-01-01T00:00:00Z" uid="0" user="" visible="true" version="1" changeset="0" lat="50.9636804" lon="22.1616227">

    </node>
    <node id="4420726851" timestamp="1970-01-01T00:00:00Z" uid="0" user="" visible="true" version="1" changeset="0" lat="52.1496515" lon="21.0446702">

    </node>
    <node id="1412650588" timestamp="1970-01-01T00:00:00Z" uid="0" user="" visible="true" version="1" changeset="0" lat="52.1496099" lon="21.0446375">

    </node>
    <node id="4420726847" timestamp="1970-01-01T00:00:00Z" uid="0" user="" visible="true" version="1" changeset="0" lat="52.1496255" lon="21.0445849">

    </node>
    <node id="4420726858" timestamp="1970-01-01T00:00:00Z" uid="0" user="" visible="true" version="1" changeset="0" lat="52.1496671" lon="21.0446176">

    </node>
    <node id="4420726856" timestamp="1970-01-01T00:00:00Z" uid="0" user="" visible="true" version="1" changeset="0" lat="52.1496634" lon="21.0446299">

    </node>
    <node id="12522910018" timestamp="1970-01-01T00:00:00Z" uid="0" user="" visible="true" version="1" changeset="0" lat="49.9265641" lon="18.9998095">

    </node>
    <node id="12522910019" timestamp="1970-01-01T00:00:00Z" uid="0" user="" visible="true" version="1" changeset="0" lat="49.9265559" lon="18.9998108">

    </node>
    <node id="12522910020" timestamp="1970-01-01T00:00:00Z" uid="0" user="" visible="true" version="1" changeset="0" lat="49.92656" lon="18.9998713">

    </node>
    <node id="2633197135" timestamp="1970-01-01T00:00:00Z" uid="0" user="" visible="true" version="1" changeset="0" lat="49.9265637" lon="18.9998706">

    </node>
    <node id="2633197153" timestamp="1970-01-01T00:00:00Z" uid="0" user="" visible="true" version="1" changeset="0" lat="49.9266306" lon="18.9998576">

    </node>
    <node id="12522910021" timestamp="1970-01-01T00:00:00Z" uid="0" user="" visible="true" version="1" changeset="0" lat="49.9266264" lon="18.9997971">

    </node>
    <way id="297607974" action="modify" timestamp="2024-08-10T19:09:31Z" uid="205183" user="TranslatorPS" visible="true" version="7" changeset="155075447">
      <nd ref="3015118473"/>
      <nd ref="3015044179"/>
      <nd ref="3015044837"/>
      <nd ref="3015044736"/>
      <nd ref="3015042526"/>
      <nd ref="3015041530"/>
      <nd ref="3015041520"/>
      <nd ref="3015044633"/>
      <nd ref="3015044304"/>
      <nd ref="3015044635"/>
      <nd ref="3015041514"/>
      <nd ref="3015044178"/>
      <nd ref="3015118473"/>
      <tag k="addr:city" v="Kraków"/>
      <tag k="addr:housenumber" v="7h"/>
      <tag k="addr:postcode" v="30-348"/>
      <tag k="addr:street" v="Stefana Grota-Roweckiego"/>
      <tag k="building" v="commercial"/>
      <tag k="name" v="Loombard"/>
      <tag k="opening_hours" v="Mo-Su 08:00-21:00"/>
      <tag k="shop" v="pawnbroker"/>
      <tag k="operator" v="Lombard Medium  sp. z o.o."/>
      <tag k="operator:ref:rdl_knf" v="RDL000104"/>
      <tag k="brand" v="Loombard"/>
      <tag k="brand:wikidata" v="Q113227799"/>
      <tag k="source:shop" v="Rejestr działalności lombardowej KNF"/>
    </way>
    <way id="328976053" action="modify" timestamp="2018-09-18T18:07:04Z" uid="418712" user="piotrS" visible="true" version="2" changeset="62705969">
      <nd ref="3357927129"/>
      <nd ref="3357927151"/>
      <nd ref="3357930009"/>
      <nd ref="3357930020"/>
      <nd ref="3357930024"/>
      <nd ref="3357930105"/>
      <nd ref="3357930054"/>
      <nd ref="3357930014"/>
      <nd ref="3357927191"/>
      <nd ref="3357927160"/>
      <nd ref="3357927163"/>
      <nd ref="3357927130"/>
      <nd ref="3357927129"/>
      <tag k="addr:city" v="Nowy Sącz"/>
      <tag k="addr:housenumber" v="55"/>
      <tag k="addr:postcode" v="33-300"/>
      <tag k="addr:street" v="Lwowska"/>
      <tag k="building" v="yes"/>
      <tag k="name" v="Loombard"/>
      <tag k="shop" v="pawnbroker"/>
      <tag k="source:addr" v="EMUiA (emuia.gugik.gov.pl)"/>
      <tag k="operator" v="Lombard Medium  sp. z o.o."/>
      <tag k="operator:ref:rdl_knf" v="RDL000104"/>
      <tag k="brand" v="Loombard"/>
      <tag k="brand:wikidata" v="Q113227799"/>
      <tag k="source:shop" v="Rejestr działalności lombardowej KNF"/>
    </way>
    <way id="440307643" action="modify" timestamp="2022-08-23T11:12:19Z" uid="7518458" user="puchaczowsky" visible="true" version="3" changeset="125266023">
      <nd ref="4380344873"/>
      <nd ref="4380344874"/>
      <nd ref="4380344875"/>
      <nd ref="4380344876"/>
      <nd ref="4380344873"/>
      <tag k="addr:city" v="Polkowice"/>
      <tag k="addr:housenumber" v="1B"/>
      <tag k="addr:postcode" v="59-101"/>
      <tag k="addr:street" v="Kardynała Bolesława Kominka"/>
      <tag k="building" v="yes"/>
      <tag k="shop" v="pawnbroker"/>
      <tag k="source:addr" v="EMUiA (polkowice.e-mapa.net)"/>
      <tag k="operator" v="Lombard Platinum sp. z o.o."/>
      <tag k="operator:ref:rdl_knf" v="RDL000110"/>
      <tag k="brand" v="Loombard"/>
      <tag k="name" v="Loombard"/>
      <tag k="brand:wikidata" v="Q113227799"/>
      <tag k="source:shop" v="Rejestr działalności lombardowej KNF"/>
    </way>
    <way id="681493082" action="modify" timestamp="2022-08-19T12:29:42Z" uid="3885790" user="NieWnen" visible="true" version="3" changeset="125105327">
      <nd ref="6382029750"/>
      <nd ref="6382029753"/>
      <nd ref="6382029752"/>
      <nd ref="6382029749"/>
      <nd ref="6382029750"/>
      <tag k="addr:city" v="Maków Mazowiecki"/>
      <tag k="addr:city:simc" v="0966300"/>
      <tag k="addr:housenumber" v="7A"/>
      <tag k="addr:postcode" v="06-200"/>
      <tag k="addr:street" v="1 Maja"/>
      <tag k="addr:street:sym_ul" v="11926"/>
      <tag k="brand" v="Loombard"/>
      <tag k="brand:wikidata" v="Q113227799"/>
      <tag k="building" v="yes"/>
      <tag k="name" v="Loombard"/>
      <tag k="operator" v="Lombard Silver  sp. z o.o."/>
      <tag k="shop" v="pawnbroker"/>
      <tag k="source:addr" v="makowmazowiecki.e-mapa.net"/>
      <tag k="operator:ref:rdl_knf" v="RDL000109"/>
      <tag k="source:shop" v="Rejestr działalności lombardowej KNF"/>
    </way>
    <way id="274796117" action="modify" timestamp="2024-12-25T14:46:32Z" uid="3186433" user="mapowicz_pl" visible="true" version="7" changeset="160606371">
      <nd ref="4038511486"/>
      <nd ref="4048144057"/>
      <nd ref="4048144058"/>
      <nd ref="4038511485"/>
      <nd ref="4038511486"/>
      <tag k="addr:city" v="Gryfów Śląski"/>
      <tag k="addr:city:simc" v="0936003"/>
      <tag k="addr:housenumber" v="49"/>
      <tag k="addr:postcode" v="59-620"/>
      <tag k="addr:street" v="Lubańska"/>
      <tag k="addr:street:sym_ul" v="11293"/>
      <tag k="building" v="yes"/>
      <tag k="name" v="Loombard"/>
      <tag k="opening_hours" v="Mo-Fr 08:00-20:00; Sa 08:00-20:00; Su 09:00-17:00; PH off"/>
      <tag k="shop" v="pawnbroker"/>
      <tag k="source" v="geoportal:orto"/>
      <tag k="source:addr" v="emuia.gugik.gov.pl"/>
      <tag k="source:geometry" v="geoportal.gov.pl, GPS"/>
      <tag k="operator" v="Lombard System  sp. z o.o."/>
      <tag k="operator:ref:rdl_knf" v="RDL000100"/>
      <tag k="brand" v="Loombard"/>
      <tag k="brand:wikidata" v="Q113227799"/>
      <tag k="source:shop" v="Rejestr działalności lombardowej KNF"/>
    </way>
    <way id="1084201451" action="modify" timestamp="2025-04-16T14:01:52Z" uid="12411301" user="kzmrzzg" visible="true" version="3" changeset="165030910">
      <nd ref="4269302140"/>
      <nd ref="4269302197"/>
      <nd ref="4269302172"/>
      <nd ref="4269302160"/>
      <nd ref="4269302113"/>
      <nd ref="4269302118"/>
      <nd ref="4269302140"/>
      <tag k="addr:city" v="Krapkowice"/>
      <tag k="addr:housenumber" v="31d"/>
      <tag k="addr:postcode" v="47-300"/>
      <tag k="addr:street" v="Opolska"/>
      <tag k="building" v="retail"/>
      <tag k="building:levels" v="1"/>
      <tag k="shop" v="pawnbroker"/>
      <tag k="source:building" v="BDOT"/>
      <tag k="operator" v="Lombard System  sp. z o.o."/>
      <tag k="operator:ref:rdl_knf" v="RDL000100"/>
      <tag k="brand" v="Loombard"/>
      <tag k="name" v="Loombard"/>
      <tag k="brand:wikidata" v="Q113227799"/>
      <tag k="source:shop" v="Rejestr działalności lombardowej KNF"/>
    </way>
    <way id="246720914" action="modify" timestamp="2026-08-04T20:28:03Z" uid="24326056" user="Oskar Gerlicz Kowalczuk Automated" visible="true" version="5" changeset="186946732">
      <nd ref="2537235738"/>
      <nd ref="2537235726"/>
      <nd ref="2537235736"/>
      <nd ref="2537235739"/>
      <nd ref="2537235738"/>
      <tag k="addr:city" v="Świecie"/>
      <tag k="addr:city:simc" v="0929664"/>
      <tag k="addr:housenumber" v="98b"/>
      <tag k="addr:postcode" v="86-100"/>
      <tag k="addr:street" v="Wojska Polskiego"/>
      <tag k="building" v="yes"/>
      <tag k="name" v="Loombard"/>
      <tag k="shop" v="pawnbroker"/>
      <tag k="source:addr" v="EMUiA (emuia.gugik.gov.pl)"/>
      <tag k="operator" v="Lombard Gold sp. z o.o."/>
      <tag k="operator:ref:rdl_knf" v="RDL000097"/>
      <tag k="brand" v="Loombard"/>
      <tag k="brand:wikidata" v="Q113227799"/>
      <tag k="source:shop" v="Rejestr działalności lombardowej KNF"/>
    </way>
    <way id="161066614" action="modify" timestamp="2026-09-10T10:48:04Z" uid="583969" user="TheWartek" visible="true" version="7" changeset="188816700">
      <nd ref="1611594099"/>
      <nd ref="7227456471"/>
      <nd ref="7227456472"/>
      <nd ref="7227456470"/>
      <nd ref="1730669666"/>
      <nd ref="1730669668"/>
      <nd ref="7227456469"/>
      <nd ref="7227456468"/>
      <nd ref="7227456467"/>
      <nd ref="10207776895"/>
      <nd ref="1730669667"/>
      <nd ref="1730669669"/>
      <nd ref="1611594099"/>
      <tag k="addr:city" v="Trzebinia"/>
      <tag k="addr:housenumber" v="1a"/>
      <tag k="addr:postcode" v="32-540"/>
      <tag k="addr:street" v="Rynek"/>
      <tag k="amenity" v="bureau_de_change"/>
      <tag k="building" v="yes"/>
      <tag k="building:levels" v="2"/>
      <tag k="roof:shape" v="gabled"/>
      <tag k="operator" v="Lombard Medium  sp. z o.o."/>
      <tag k="operator:ref:rdl_knf" v="RDL000104"/>
      <tag k="brand" v="Loombard"/>
      <tag k="name" v="Loombard"/>
      <tag k="brand:wikidata" v="Q113227799"/>
      <tag k="shop" v="pawnbroker"/>
      <tag k="source:shop" v="Rejestr działalności lombardowej KNF"/>
    </way>
    <way id="1118772755" action="modify" timestamp="2022-12-11T11:52:04Z" uid="657596" user="taxi301" visible="true" version="2" changeset="129960072">
      <nd ref="10231977182"/>
      <nd ref="10231977183"/>
      <nd ref="10231977184"/>
      <nd ref="10231977177"/>
      <nd ref="10231977182"/>
      <tag k="addr:city" v="Słupsk"/>
      <tag k="addr:housenumber" v="58"/>
      <tag k="addr:postcode" v="76-200"/>
      <tag k="addr:street" v="Szczecińska"/>
      <tag k="amenity" v="bureau_de_change"/>
      <tag k="indoor" v="room"/>
      <tag k="level" v="0"/>
      <tag k="name" v="Loombard"/>
      <tag k="opening_hours" v="Mo-Sa 09:00-21:00; Su 09:00-20:00"/>
      <tag k="room" v="shop"/>
      <tag k="wheelchair" v="yes"/>
      <tag k="operator" v="Lombard Platinum sp. z o.o."/>
      <tag k="operator:ref:rdl_knf" v="RDL000110"/>
      <tag k="brand" v="Loombard"/>
      <tag k="brand:wikidata" v="Q113227799"/>
      <tag k="shop" v="pawnbroker"/>
      <tag k="source:shop" v="Rejestr działalności lombardowej KNF"/>
    </way>
    <way id="1476587767" action="modify" timestamp="2026-02-11T18:50:07Z" uid="23374007" user="VJMK" visible="true" version="1" changeset="178420649">
      <nd ref="13278312652"/>
      <nd ref="13278312651"/>
      <nd ref="13278312650"/>
      <nd ref="3153296529"/>
      <nd ref="13544089828"/>
      <nd ref="13280104856"/>
      <nd ref="13544089829"/>
      <nd ref="3153296518"/>
      <nd ref="13280104857"/>
      <nd ref="13278312653"/>
      <nd ref="13278312652"/>
      <tag k="addr:city" v="Kraśnik"/>
      <tag k="addr:housenumber" v="3a"/>
      <tag k="addr:postcode" v="23-204"/>
      <tag k="addr:street" v="Hieronima Dekutowskiego &quot;Zapory&quot;"/>
      <tag k="brand" v="Loombard"/>
      <tag k="brand:wikidata" v="Q113227799"/>
      <tag k="email" v="DEKUTOWSKIEGO@LOOMBARD.PL"/>
      <tag k="level" v="0"/>
      <tag k="name" v="Loombard"/>
      <tag k="note" v="Dane na temat działalności zaczerpnięte z https://www.loombard.pl/locations/krasnik-dekutowskiego-3a-krasnik-fabryczny"/>
      <tag k="opening_hours" v="Mo-Sa 08:00-21:00"/>
      <tag k="operator" v="Lombard Gold sp. z o.o."/>
      <tag k="phone" v="+48 81 516 38 05"/>
      <tag k="previously" v="node:13280104856"/>
      <tag k="shop" v="pawnbroker"/>
      <tag k="website" v="https://www.loombard.pl/locations/krasnik-dekutowskiego-3a-krasnik-fabryczny"/>
      <tag k="operator:ref:rdl_knf" v="RDL000097"/>
      <tag k="source:shop" v="Rejestr działalności lombardowej KNF"/>
    </way>
    <way id="444609361" action="modify" timestamp="2026-01-04T15:24:42Z" uid="67255" user="Rogoyski" visible="true" version="11" changeset="176823652">
      <nd ref="4420726851"/>
      <nd ref="1412650588"/>
      <nd ref="4420726847"/>
      <nd ref="4420726858"/>
      <nd ref="4420726856"/>
      <nd ref="4420726851"/>
      <tag k="addr:city" v="Warszawa"/>
      <tag k="addr:city:simc" v="0918123"/>
      <tag k="addr:housenumber" v="63"/>
      <tag k="addr:postcode" v="02-777"/>
      <tag k="addr:street" v="Aleja Komisji Edukacji Narodowej"/>
      <tag k="brand" v="Loombard"/>
      <tag k="brand:wikidata" v="Q113227799"/>
      <tag k="building" v="retail"/>
      <tag k="building:levels" v="1"/>
      <tag k="check_date" v="2026-01-04"/>
      <tag k="name" v="Loombard"/>
      <tag k="opening_hours" v="Mo-Fr 08:00-21:00; Sa 08:00-21:00; Su 09:00-18:00"/>
      <tag k="shop" v="pawnbroker"/>
      <tag k="source:addr" v="mapa.um.warszawa.pl"/>
      <tag k="wheelchair" v="no"/>
      <tag k="operator" v="Lombard Silver  sp. z o.o."/>
      <tag k="operator:ref:rdl_knf" v="RDL000109"/>
      <tag k="source:shop" v="Rejestr działalności lombardowej KNF"/>
    </way>
    <way id="1353386904" action="modify" timestamp="2025-01-22T14:05:49Z" uid="1204781" user="p0391" visible="true" version="1" changeset="161639587">
      <nd ref="12522910018"/>
      <nd ref="12522910019"/>
      <nd ref="12522910020"/>
      <nd ref="2633197135"/>
      <nd ref="2633197153"/>
      <nd ref="12522910021"/>
      <nd ref="12522910018"/>
      <tag k="addr:city" v="Czechowice-Dziedzice"/>
      <tag k="addr:housenumber" v="6B"/>
      <tag k="addr:postcode" v="43-502"/>
      <tag k="addr:street" v="Mieczysława Michałowicza"/>
      <tag k="building" v="yes"/>
      <tag k="name" v="Mieszek"/>
      <tag k="opening_hours" v="Mo-Fr 08:45-17:00; Sa 08:45-12:00"/>
      <tag k="shop" v="pawnbroker"/>
      <tag k="operator" v="Mieszek.Com sp. z o.o."/>
      <tag k="operator:ref:rdl_knf" v="RDL000138"/>
      <tag k="source:shop" v="Rejestr działalności lombardowej KNF"/>
    </way>
</osm>
