Lp.,Nazwa Muzeum,Kod pocztowy,Miejscowość,Gmina,Powiat,Województwo,ul./Aleja/Plac/,Ulica,Numer domu,Numer lokalu,Kod pocztowy (adres pocztowy jeśli nie występuje w komórkach C1-G1),Miejscość (adres dodatkowy ),ul./Aleja/Plac (adres dodatkowy),Ulica i numer domu (adres dodatkowy),Numer domu (adres dodatkowy,Numer lokalu (adres dodatkowy),Nazwa Organizatora/ Założyciela,Nazwa Organizatora I/ Założyciela,Nazwa Organizatora II/ Założyciela,Nazwa Organizatora III/ Założyciela,Data wpisu do Państwowego Rejestru Muzeów (dotyczy Muzeum wpisanego do Państwowego Rejestru Muzeów),Status muzeum
1,Centralne Muzeum Pożarnictwa w Mysłowicach,41-400,Mysłowice,Mysłowice,m. Mysłowice,ŚLĄSKIE,ul.,Stadionowa,7a,,,,,,,,Komenda Główna Państwowej Straży Pożarnej ,,,,,Państwowe
2,Centralne Muzeum Włókiennictwa w Łodzi,93-034,Łódź,Łódź (Łódź-Górna),m. Łódź,ŁÓDZKIE,ul.,Piotrkowska,282,,,,,,,,Miasto Łódź ,,,,2013-06-28,Samorządowe
3,Muzeum Pogranicza w Działdowie,13-200,Działdowo,Działdowo,działdowski,WARMIŃSKO-MAZURSKIE,ul.,Mickiewicza,43,,,,,,,,Gmina – Miasto Działdowo ,,,,,Samorządowe
4,Lubuskie Muzeum Wojskowe w Zielonej Górze z siedzibą w Drzonowie ,66-008,Świdnica,Świdnica,zielonogórski,LUBUSKIE,ul.,Drzonów,54,,,,,,,,Miasto Zielona Góra,,,,1998-07-06,Samorządowe
5,Miejskie Muzeum Zabawek ze zbiorów Henryka Tomaszewskiego,58-540,Karpacz,Karpacz,jeleniogórski,DOLNOŚLĄSKIE,ul.,Kolejowa,3,,,,,,,,Gmina Karpacz ,,,,,Samorządowe
6,Międzyrzecki Rejon Umocniony - Muzeum Fortyfikacji i Nietoperzy w Pniewie ,66-300,Międzyrzecz,Międzyrzecz,międzyrzecki,LUBUSKIE,ul.,Pniewo,1,,,,,,,,Gmina Międzyrzecz,,,,,Samorządowe
7,Muzeum Czartoryskich w Puławach,24-100,Puławy,Góra Puławska,puławski,LUBELSKIE,ul. ,Czartoryskich ,8,,,,,,,,Miasto Puławy ,,,,,Samorządowe
8,Muzeum Górnośląski Park Etnograficzny w Chorzowie,41-500,Chorzów,Chorzów,m. Chorzów,ŚLĄSKIE,ul.,Parkowa,25,,,,,,,,Województwo Śląskie,,,,2017-12-28,Samorządowe
9,Muzeum Archeologiczne w Biskupinie,88-410,Gąsawa,Gąsawa,żniński,KUJAWSKO-POMORSKIE,ul.,Biskupin,17,,,,,,,,Województwo Kujawsko – Pomorskie ,,,,,Samorządowe
10,Muzeum Archeologiczne w Gdańsku,80-833,Gdańsk,Gdańsk,m. Gdańsk,POMORSKIE,ul.,Mariacka,25,26,,,,,,,Województwo Pomorskie ,,,,,Samorządowe
11,Muzeum Archeologiczne w Krakowie,31-002,Kraków,Kraków (Kraków-Śródmieście),m. Kraków,MAŁOPOLSKIE,ul.,Senacka,3,,,,,,,,Województwo Małopolskie,,,,2006-07-07,Samorządowe
12,Muzeum Archeologiczne w Poznaniu,61-781,Poznań,Poznań (Poznań-Stare Miasto),m. Poznań,WIELKOPOLSKIE,ul.,Wodna,27,,,,,,,,Województwo Wielkopolskie,,,,1998-12-28,Samorządowe
13,Muzeum Archeologiczne i Etnograficzne w Łodzi,91-415,Łódź,Łódź,m. Łódź,ŁÓDZKIE,pl.,Wolności,14,,,,,,,,Województwo Łódzkie ,,,,1998-12-28,Samorządowe
14,Muzeum Archeologiczne Środkowego Nadodrza w Zielonej Górze z siedzibą w Świdnicy,66-008,Świdnica,Świdnica,zielonogórski,LUBUSKIE,ul.,Długa,27,,,,,,,,Miasto Zielona Góra,,,,1998-07-06,Samorządowe
15,Muzeum Archeologiczno-Historyczne w Elblągu,82-300,Elbląg,Nowakowo,elbląski,WARMIŃSKO-MAZURSKIE,ul.,Bulwar Zygmunta Augusta,11,,,,,,,,Gmina Miasto Elbląg,,,,,Samorządowe
16,Muzeum Archeologiczno-Historyczne w Głogowie,67-200,Głogów,Głogów,głogowski,DOLNOŚLĄSKIE,ul.,Brama Brzostowska,1,,,,,,,,Gmina Miejska Głogów,,,,2008-12-30,Samorządowe
17,Muzeum Archeologiczno – Historyczne w Stargardzie ,73-110,Stargard,Stargard,stargardzki,ZACHODNIOPOMORSKIE,ul.,Rynek Staromiejski,2-,4,,,,,,,Gmina Miasto Stargard ,,,,,Samorządowe
18,Muzeum Architektury we Wrocławiu,50-156,Wrocław,Wrocław (Wrocław-Stare Miasto),m. Wrocław,DOLNOŚLĄSKIE,ul.,Bernardyńska,7,,,,,,,,Gmina Wrocław,,,,2013-06-28,Samorządowe
19,Muzeum Armii Krajowej im. gen. Emila Fieldorfa Nila w Krakowie,31-511,Kraków,Kraków (Kraków-Śródmieście),m. Kraków,MAŁOPOLSKIE,ul.,Wita Stwosza,12,,,,,,,,Gmina Miejska Kraków i Województwo Małopolskie,,,,,Samorządowe
20,Muzeum Augusta Zamoyskiego w Jabłoniu ,21-205,Jabłoń,Jabłoń,parczewski,LUBELSKIE,ul.,Augusta Zamoyskiego,9A,,,,,,,,Gmina Jabłoń,,,,,Samorządowe
21,Muzeum Azji i Pacyfiku w Warszawie,00-403,Warszawa,Warszawa (Śródmieście),m. st. Warszawa,MAZOWIECKIE,ul.,Solec,24,,,,,,,,Województwo Mazowieckie,,,,1998-12-28,Samorządowe
22,Muzeum Badań Polarnych w Puławach,24-100,Puławy,Puławy,puławski,LUBELSKIE,,4 Pułku Piechoty Wojska Polskiego,18,,,,,,,,Minister Kultury i Dziedzictwa Narodowego,Województwo Lubelskie,,,,Współprowadzone wpisane do rejestru prowadzonego przez jednostkę samorządu terytorialnego
23,Muzeum Bitwy pod Grunwaldem w Stębarku,14-107,Gietrzwałd,Gierzwałd,ostródzki,WARMIŃSKO-MAZURSKIE,ul.,Stębark,1,,,,,,,,Województwo Warmińsko- Mazurskie ,,,,,Samorządowe
24,Muzeum Budownictwa Ludowego – Park Etnograficzny w Olsztynku,11-015,Olsztynek,Olsztynek,olsztyński,WARMIŃSKO-MAZURSKIE,ul.,Leśna,23,,,,,,,,Województwo Warmińsko – Mazurskie ,,,,2008-12-30,Samorządowe
25,Muzeum Budownictwa Ludowego w Sanoku,38-500,Sanok,Sanok,sanocki,PODKARPACKIE,ul.,Traugutta,3,,,,,,,,Województwo Podkarpackie ,,,,2005-09-21,Samorządowe
26,Muzeum Ceramiki w Bolesławcu,59-700,Bolesławiec,Bolesławiec,bolesławiecki,DOLNOŚLĄSKIE,ul.,Mickiewicza,13,,,,,,,,Gmina Miejska Bolesławiec,,,,,Samorządowe
27,Muzeum Częstochowskie,42-217,Częstochowa,Częstochowa,m. Częstochowa,ŚLĄSKIE,Aleja,Najświętszej Marii Panny,47,,,,,,,,Gmina Częstochowa,,,,,Samorządowe
28,Muzeum Dawnego Kupiectwa w Świdnicy,58-100,Świdnica,Świdnica,świdnicki,DOLNOŚLĄSKIE,ul.,Rynek,37,,,,,,,,Gmina Miasto Świdnica,,,,2018-12-28,Samorządowe
29,Muzeum Dobranocek ze Zbiorów Wojciecha Jamy w Rzeszowie,35-064,Rzeszów,Rzeszów,m. Rzeszów,PODKARPACKIE,ul.,Mickiewicza,13,,,,,,,,Gmina Miasto Rzeszów,,,,,Samorządowe
30,Muzeum Dulag 121,05-800,Pruszków,Pruszków,pruszkowski,MAZOWIECKIE,ul.,3 Maja ,8a,,,,,,,,Powiat Pruszkowski,,,,,Samorządowe
31,Muzeum - Dwory Karwacjanów i Gładyszów w Gorlicach,38-300,Gorlice,Gorlice,gorlicki,MAŁOPOLSKIE,ul.,Wróblewskiego,10a,,,,,,,,Województwo Małopolskie,,,,,Samorządowe
32,Muzeum Emigracji w Gdyni ,81-372,Gdynia,Gdynia,m. Gdynia,POMORSKIE,ul.,Armii Krajowej,24,,,,,,,,Gmina Miasta Gdyni ,,,,,Samorządowe
33,Muzeum Etnograficzne w Zielonej Górze - Ochli,66-006,Ochla,Kiełpin,zielonogórski,LUBUSKIE,ul.,Muzealna,5,,,,,,,,Województwo Lubuskie,,,,1998-07-06,Samorządowe
34,Muzeum Etnograficzne im. Marii Znamierowskiej - Prüfferowej w Toruniu,87-100,Toruń,Toruń,m. Toruń,KUJAWSKO-POMORSKIE,ul.,Wały gen. Sikorskiego,19,,,,,,,,Województwo Kujawsko-Pomorskie,,,,2005-09-21,Samorządowe
35,Muzeum Etnograficzne im. Seweryna Udzieli w Krakowie,31-066,Kraków,Kraków (Kraków-Śródmieście),m. Kraków,MAŁOPOLSKIE,ul.,Krakowska,46,,,,,,,,Województwo Małopolskie,,,,2006-11-07,Samorządowe
36,Muzeum Fauny i Flory Morskiej i Śródlądowej w Jaworzu,43-384,Jaworze,Jaworze,bielski,ŚLĄSKIE,ul.,Wapienicka,10,,,,,,,,Gmina Jaworze,,,,,Samorządowe
37,Muzeum Filumenistyczne w Bystrzycy Kłodzkiej,57-500,Bystrzyca Kłodzka,Bystrzyca Kłodzka,kłodzki,DOLNOŚLĄSKIE,ul.,Mały Rynek,1,,,,,,,,Gmina Bystrzyca Kłodzka,,,,,Samorządowe
38,Muzeum Gminne w Biszczy,23-425,Biszcza,Biszcza,biłgorajski,LUBELSKIE,ul.,Biszcza,50,,,,,,,,Gmina Biszcza,,,,,Samorządowe
39,Muzeum Górnictwa Węglowego w Zabrzu,41-800,Zabrze,Zabrze,m. Zabrze,ŚLĄSKIE,ul.,3 Maja ,19,,,,,,,,Miasto Zabrze i Województwo Śląskie,,,,,Samorządowe
40,Muzeum Górnośląskie w Bytomiu,40-902,Bytom,Bytom,m. Bytom,ŚLĄSKIE,Plac,Jana III Sobieskiego,2,,,,,,,,Województwo Śląskie,,,,,Samorządowe
41,Muzeum Henryka Sienkiewicza w Woli Okrzejskiej,21-480,Okrzeja,Okrzeja,łukowski,LUBELSKIE,,Wola Okrzejska,109,,,,,,,,Powiat Łukowski,,,,,Samorządowe
42,Muzeum Historii Fotografii im. Walerego Rzewuskiego w Krakowie,30-045,Kraków,Kraków (Kraków-Krowodrza),m. Kraków,MAŁOPOLSKIE,ul.,Józefitów,16,,,,,,,,Gmina Miejska Kraków ,,,,2014-02-12,Samorządowe
43,Muzeum Historii Katowic w Katowicach,40-025,Katowice,Katowice,m. Katowice,ŚLĄSKIE,ul.,Ks. J. Szafranka ,9,,,,,,,,Miasto Katowice,,,,,Samorządowe
44,Muzeum Historii Kielc,25-303,Kielce,Kielce,m. Kielce,ŚWIĘTOKRZYSKIE,ul.,Świętego Leonarda,4,,,,,,,,Miasto Kielce,,,,,Samorządowe
45,Muzeum Historii Miasta Zduńska Wola,98-220,Zduńska Wola,Zduńska Wola (Kolonia Karsznice),zduńskowolski,ŁÓDZKIE,ul.,Złotnickiego,7,,,,,,,,Miasto Zduńska Wola,,,,,Samorządowe
46,Muzeum Historii Polskiego Ruchu Ludowego w Warszawie,02-730,Warszawa,Warszawa (Mokotów),m. st. Warszawa,MAZOWIECKIE,Aleja,Wilanowska,204,,,,,,,,Samorząd Województwa Mazowieckiego,,,,1998-05-18,Samorządowe
47,Muzeum Historii Przemysłu w Opatówku,62-860,Opatówek,Opatówek,kaliski,WIELKOPOLSKIE,ul.,Kościelna,1,,,,,,,,Powiat Kaliski,,,,1998-12-28,Samorządowe
48,Muzeum Historii Ziemi Kamieńskiej,72-400,Kamień Pomorski,Kamień Pomorski,kamieński,ZACHODNIOPOMORSKIE,Plac,Katedralny,7,7,,,,,,,Gmina Kamień Pomorski,,,,,Samorządowe
49,Muzeum Gdańska,80-831,Gdańsk,Gdańsk,m. Gdańsk,POMORSKIE,ul.,Długa,46,47,,,,,,,Gmina Miasta Gdańska ,,,,2014-12-30,Samorządowe
50,Muzeum Historyczne Miasta Krakowa,31-011,Kraków,Kraków (Kraków-Śródmieście),m. Kraków,MAŁOPOLSKIE,ul.,Rynek Główny,35,,,,,,,,Gmina Miejska Kraków ,,,,2005-09-21,Samorządowe
51,Muzeum- Zamek Tarnowskich w Tarnobrzegu ,39-400,Tarnobrzeg,Tarnobrzeg,m. Tarnobrzeg,PODKARPACKIE,ul.,Sandomierska,27,,,,,,,,Miasto Tarnobrzeg,,,,,Samorządowe
52,Muzeum Historyczne - Pałac w Dukli,38-450,Dukla,Dukla,krośnieński,PODKARPACKIE,ul.,Trakt Węgierski,5,,,,,,,,Powiat Krośnieński,,,,,Samorządowe
53,Muzeum Historyczne Skierniewic w Skierniewicach,96-100,Skierniewice,Skierniewice,Skierniewice,ŁÓDZKIE,ul. ,Rynek,1,,,,,,,,Miasto Skierniewice,,,,,Samorządowe
54,Muzeum Historyczne w Bielsku-Białej,43-300,Bielsko-Biała,Bielsko-Biała,bielski,ŚLĄSKIE,ul.,Wzgórze,16,,,,,,,,Województwo Śląskie,,,,2016-07-26,Samorządowe
55,Muzeum Historyczne w Ełku,19-300,Ełk,Ełk,ełcki,WARMIŃSKO-MAZURSKIE,ul.,Małeckich,3,,,,,,,,Miasto Ełk,,,,,Samorządowe
56,Muzeum Historyczne w Legionowie,05-120,Legionowo,Legionowo,legionowski,MAZOWIECKIE,ul.,Adama Mickiewicza,23,,,,,,,,Gmina Legionowo,,,,,Samorządowe
57,Muzeum Historyczne w Lubinie,59-300 ,Lubin ,Lubin,lubiński,DOLNOŚLĄSKIE,ul. ,Pruzi,7,i9 ,,,,,,,Gmina Miejska Lubin,,,,,Samorządowe
58,Muzeum Historyczne w Przasnyszu,06-300,Przasnysz,Przasnysz,przasnyski,MAZOWIECKIE,ul.,Jana Kilińskiego,2,,,,,,,,Miasto Przasnysz ,,,,,Samorządowe
59,Muzeum Historyczne w Sanoku,38-500,Sanok,Sanok,sanocki,PODKARPACKIE,ul.,Zamkowa,2,,,,,,,,Powiat Sanocki,Województwo Podkarpackie ,,,,Samorządowe
60,Muzeum Historyczno-Archeologiczne w Ostrowcu Świętokrzyskim,27-400,Sudół,Bodzechów,ostrowiecki,ŚWIĘTOKRZYSKIE,ul.,Sudół,135A,,,,,,,,Minister Kultury i Dziedzictwa Narodowego,Powiat Ostrowiecki,,,2001-12-14,Współprowadzone wpisane do rejestru prowadzonego przez jednostkę samorządu terytorialnego
61,Muzeum Historyczno-Etnograficzne im. Juliana Rydzkowskiego w Chojnicach,89-600,Chojnice,Chojnice,chojnicki,POMORSKIE,ul.,Podmurna,15,,,,,,,,Powiat Chojnicki,,,,2011-07-15,Samorządowe
62,Muzeum Hutnictwa w Chorzowie ,41-500 ,Chorzów,Chorzów,Chorzów,ŚLĄSKIE,ul.,Powstańców,25,,,,,,,,Miasto Chorzów ,,,,,samorządowe
63,Muzeum im. Aleksandra Kłosińskiego w Kętach,32-650,Kęty,Kęty,oświęcimski,MAŁOPOLSKIE,ul.,Rynek,16,,,,,,,,Gmina Kęty,,,,,Samorządowe
64,Muzeum im. Anny i Jarosława Iwaszkiewiczów w Stawisku,05-807,Podkowa Leśna,Podkowa Leśna,grodziski,MAZOWIECKIE,ul.,Gołębia,1,,,,,,,,Powiat Grodziski,,,,,Samorządowe
65,Muzeum im. Jacka Malczewskiego w Radomiu,26-600,Radom,Radom,m. Radom,MAZOWIECKIE,ul.,Rynek,11,,,,,,,,Województwo Mazowieckie,,,,,Samorządowe
66,Muzeum im. Jana Dzierżona w Kluczborku,46-200,Kluczbork,Bąków,kluczborski,OPOLSKIE,ul.,Zamkowa,10,,,,,,,,Gmina Kluczbork,,,,,Samorządowe
67,Muzeum im. Jana Kasprowicza w Inowrocławiu,88-100,Inowrocław,Inowrocław,inowrocławski,KUJAWSKO-POMORSKIE,ul.,Solankowa,33,,,,,,,,Powiat Inowrocławski,,,,,Samorządowe
68,Muzeum im. Jerzego Dunin-Borkowskiego w Krośniewicach,99-340,Krośniewice,Krośniewice,kutnowski,ŁÓDZKIE,ul. ,Plac Wolności,1,,,,,,,,Powiat Kutnowski,,,,,Samorządowe
69,Muzeum im. ks. dr. Władysława Łęgi w Grudziądzu,86-300,Grudziądz,Grudziądz,m. Grudziądz,KUJAWSKO-POMORSKIE,ul.,Wodna,3,5,,,,,,,Gmina - Miasto Grudziądz,,,,1999-12-28,Samorządowe
70,Muzeum im. ks. Stanisława Staszica w Hrubieszowie,22-500,Hrubieszów,Hrubieszów,hrubieszowski,LUBELSKIE,ul.,3 Maja ,11,,,,,,,,Powiat Hrubieszowski,,,,,Samorządowe
71,Muzeum im. Orła Białego w Skarżysku - Kamiennej,26-110,Skarżysko - Kamienna,Skarżysko-Kamienna,skarżyski,ŚWIĘTOKRZYSKIE,ul.,Słoneczna,90,,,,,,,,Gmina Skarżysko - Kamienna,,,,,Samorządowe
72,Muzeum im. prof. Stanisława Fischera w Bochni,32-700,Bochnia,Bochnia,bocheński,MAŁOPOLSKIE,ul.,Rynek,20,,,,,,,,Gmina Miasta Bochnia,,,,,Samorządowe
73,Muzeum im. Przypkowskich w Jędrzejowie,28-300,Jędrzejów,Jędrzejów,jędrzejowski,ŚWIĘTOKRZYSKIE,pl. ,Tadeusza Kościuszki,7-,8,,,,,,,Powiat Jędrzejowski,,,,,Samorządowe
74,Muzeum im. Władysława Orkana w Rabce - Zdroju,34-700,Rabka-Zdrój,Rabka-Zdrój,nowotarski,MAŁOPOLSKIE,ul.,Sądecka,6,,,,,,,,Powiat Nowotarski,,,,,Samorządowe
75,Muzeum im. Wojciecha Kętrzyńskiego w Kętrzynie,11-400,Kętrzyn,Kętrzyn,kętrzyński,WARMIŃSKO-MAZURSKIE,pl.,Zamkowy,1,,,,,,,,Gmina Miejska Kętrzyn,,,,,Samorządowe
76,Muzeum im. Zofii i Wacława Nałkowskich w Wołominie,05-200,Wołomin,Wołomin,wołomiński,MAZOWIECKIE,ul.,Wacława Nałkowskiego,17,,,,,,,,Gmina Wołomin,,,,2004-08-30,Samorządowe
77,Muzeum Inżynierii i Techniki w Krakowie,31-060,Kraków,Kraków (Kraków-Śródmieście),m. Kraków,MAŁOPOLSKIE,ul.,Św. Wawrzyńca,13,15,,,,,,,Gmina Miejska Kraków,,,,,Samorządowe
78,Muzeum Jana Kochanowskiego w Czarnolesie ,26-720,Policzna,Policzna,zwoleński,MAZOWIECKIE,,,,,,,,,,,Samorząd Województwa Mazowieckiego,,,,,Samorządowe
79,Muzeum Józefa Ignacego Kraszewskiego w Romanowie,21-518,Sosnówka,Sosnówka,bialski,LUBELSKIE,ul.,Romanów,25,,,,,,,,Powiat Bialski,,,,,Samorządowe
80,Muzeum Karkonoskie w Jeleniej Górze,58-500,Jelenia Góra,Jelenia Góra,m. Jelenia Góra,DOLNOŚLĄSKIE,ul.,Jana Matejki,28,,,,,,,,Województwo Dolnośląskie,,,,1998-12-28,Samorządowe
81,Muzeum Karykatury im. Eryka Lipińskiego w Warszawie,00-070,Warszawa,Warszawa (Śródmieście),m. st. Warszawa,MAZOWIECKIE,ul.,Kozia,11,,,,,,,,Miasto Stołeczne Warszawa,,,,,Samorządowe
82,Muzeum - Kaszubski Park Etnograficzny im. Teodory i Izydora Gulgowskich we Wdzydzach Kiszewskich,83-406,Wąglikowice,Kościerzyna,kościerski,POMORSKIE,ul.,Teodora i Izydora Gulgowskich,68,,,,,,,,Województwo Pomorskie ,,,,2002-11-28,Samorządowe
83,Muzeum Kaszubskie im. Franciszka Tredera w Kartuzach,83-300,Kartuzy,Dzierżążno,kartuski,POMORSKIE,ul.,Kościerska,1,,,,,,,,Gmina Kartuzy,,,,2001-01-25,Samorządowe
84,Muzeum Kinematografii w Łodzi,90-312,Łódź,Łódź (Łódź-Widzew),m. Łódź,ŁÓDZKIE,pl.,Zwycięstwa,1,,,,,,,,Miasto Łódź,,,,,Samorządowe
85,Muzeum Konstantego Ildefonsa Gałczyńskiego w Praniu z Oddziałem Muzeum Michała Kajki w Ogródku ,12-220,Ruciane Nida,Ruciane-Nida,piski,WARMIŃSKO-MAZURSKIE,,Pranie ,1,,,,,,,,Powiat Piski,,,,,Samorządowe
86,Muzeum Kresów w Lubaczowie,37-600,Lubaczów,Lubaczów,lubaczowski,PODKARPACKIE,ul.,Sobieskiego,4,,,,,,,,Powiat Lubaczowski ,,,,,Samorządowe
87,Muzeum Kultury Kurpiowskiej w Ostrołęce,07-410,Ostrołęka,Ostrołęka,m. Ostrołęka,MAZOWIECKIE,ul.,gen. Józefa Bema,8,,,,,,,,Województwo Mazowieckie,,,,,Samorządowe
88,Muzeum Kultury Ludowej Pogórza Sudeckiego w Kudowie - Zdroju,57-350,Kudowa-Zdrój,Kudowa-Zdrój,kłodzki,DOLNOŚLĄSKIE,ul.,Pstrążna,14,,,,,,,,Gmina Kudowa-Zdrój,,,,,Samorządowe
89,Muzeum Kultury Ludowej w Kolbuszowej,36-100,Kolbuszowa,Kolbuszowa,kolbuszowski,PODKARPACKIE,ul.,Tadeusza Kościuszki,6,,,,,,,,Województwo Podkarpackie ,Minister Rolnictwa i Rozwoju Wsi ,,,2011-01-31,Współprowadzone wpisane do rejestru prowadzonego przez jednostkę samorządu terytorialnego
90,Muzeum Kultury Ludowej w Węgorzewie,11-600,Węgorzewo,Węgorzewo,węgorzewski,WARMIŃSKO-MAZURSKIE,ul.,Portowa,1,,,,,,,,Województwo Warmińsko – Mazurskie ,,,,2012-06-26,Samorządowe
91,Muzeum Lniarstwa im. Filipa De Girarda w Żyrardowie,96-300,Żyrardów,Żyrardów,żyrardowski,MAZOWIECKIE,ul.,Karola Ditricha,18,,,,,,,,Miasto Żyrardów,,,,,Samorządowe
92,Muzeum Lotnictwa Polskiego w Krakowie,31-864,Kraków,Kraków (Kraków-Śródmieście),m. Kraków,MAŁOPOLSKIE,Al.,Jana Pawła II,39,,,,,,,,Województwo Małopolskie,,,,2006-07-07,Samorządowe
93,Muzeum Lubuskie im. Jana Dekerta w Gorzowie Wielkopolskim,66-400,Gorzów Wielkopolski,Gorzów Wielkopolski,m. Gorzów Wielkopolski,LUBUSKIE,ul.,Warszawska,35,,,,,,,,Województwo Lubuskie,,,,1998-12-28,Samorządowe
94,Muzeum Ludowych Instrumentów Muzycznych w Szydłowcu,26-500,Szydłowiec,Szydłowiec,szydłowiecki,MAZOWIECKIE,ul.,gen. J.Sowińskiego,2,,,,,,,, Województwo Mazowieckie,,,,1999-12-28,Samorządowe
95,Muzeum Łużyckie w Zgorzelcu,59-900,Zgorzelec,Radzimów (Radzimów Dolny),zgorzelecki,DOLNOŚLĄSKIE,ul.,Daszyńskiego,15,,,,,,,,Gmina Zgorzelec,,,,,Samorządowe
96,Muzeum Marii Skłodowskiej - Curie w Warszawie,00-227,Warszawa,m.st. Warszawa,m.st. Warszawa ,MAZOWIECKIE,ul.,Freta,16,,,,,,,,Miasto Stołeczne Warszawa,Polskie Towarzystwo Chemiczne,,,,Samorządowe
97,Muzeum Marii Konopnickiej w Żarnowcu,38-460,Jedlicze,Jedlicze,krośnieński,PODKARPACKIE,,Żarnowiec,133,,,,,,,,Samorząd Województwo Podkarpackie,,,,,Samorządowe
98,Muzeum Martyrologiczne w Żabikowie,62-031,Luboń,Luboń,poznański,WIELKOPOLSKIE,ul.,Niezłomnych,2,,,,,,,,Województwo Wielkopolskie,,,,,Samorządowe
99,Muzeum Mazowieckie w Płocku,09-402,Płock,Płock,m. Płock,MAZOWIECKIE,ul.,Tumska,8,,,,,,,,Województwo Mazowieckie,,,,2004-08-30,Samorządowe
100,Muzeum Mazowsza Zachodniego w Żyrardowie ,96-300,Żyrardów,Żyrardów,żyrardowski,MAZOWIECKIE,ul.,Karola Ditricha,1,,,,,,,,Powiat Żyrardowski,,,,2001-01-25,Samorządowe
101,Muzeum Miasta Gdyni,81-374,Gdynia,Gdynia,m. Gdynia,POMORSKIE,ul.,Zawiszy Czarnego,1,,,,,,,,Gmina Miasta Gdyni,,,,,Samorządowe
102,Muzeum Miasta Jaworzna,43-600,Jaworzno,Jaworzno,m. Jaworzno,ŚLĄSKIE,ul.,Pocztowa,5,,,,,,,,Gmina Jaworzno - miasto na prawach powiatu,,,,,Samorządowe
103,Muzeum Miasta Łodzi,91-065,Łódź,Łódź (Łódź-Bałuty),m. Łódź,ŁÓDZKIE,ul.,Ogrodowa,15,,,,,,,,Miasto Łódź,,,,,Samorządowe
104,Muzeum Miasta Mysłowice,41-400,Mysłowice,Mysłowice,m. Mysłowice,ŚLĄSKIE,ul.,Stadionowa,7a,,,,,,,,Miasto Mysłowice,,,,,Samorządowe
105,Muzeum Miasta Ostrowa Wielkopolskiego,63-400,Ostrów Wielkopolski,Ostrów Wielkopolski,ostrowski,WIELKOPOLSKIE,ul.,Rynek,1,,,,,,,,Gmina Miasto Ostrów Wielkopolski ,,,,,Samorządowe
106,Muzeum Miasta Pabianic,95-200,Pabianice,Pabianice,pabianicki,ŁÓDZKIE,ul.,Stary Rynek,1,2,,,,,,,Miasto Pabianice,,,,,Samorządowe
107,Muzeum Miasta Turku im. Józefa Mehoffera,62-700,Turek,Turek,turecki,WIELKOPOLSKIE,Plac,Wojska Polskiego,1,,,,,,,,Gmina Miejska Turek ,,,,,Samorządowe
108,Muzeum Miasta Zgierza,95-100,Zgierz,Zgierz,zgierski,ŁÓDZKIE,ul.,gen. Jana Henryka Dąbrowskiego,21,,,,,,,,Gmina Miasto Zgierz,,,,,Samorządowe
109,Muzeum Miedzi w Legnicy,59-220,Legnica,Tyniec Legnicki,legnicki,DOLNOŚLĄSKIE,ul.,Partyzantów,3,,,,,,,,Gmina Legnica,,,,,Samorządowe
110,Muzeum Miejskie Dzierżoniowa ,58- 200,Dzierżoniów,Dzierżoniów,dzierżoniowki,DOLNOŚLĄSKIE,ul.,Świdnicka,30,,,,,,,,Gmina Miejska Dzierżoniów,,,,,Samorządowe
111,Muzeum Miejskie w Bieruniu,43-150,Bieruń,Bieruń, bieruńsko-lędziński,ŚLĄSKIE,ul.,Rynek,14,,,,,,,,Gmina Bieruń,,,,,Samorządowe
112,Muzeum Miejskie w Nowej Soli,67-100,Nowa Sól,Nowa Sól,nowosolski,LUBUSKIE,ul.,Muzealna,20,,,,,,,,Gmina miejska Nowa Sól ,,,,,Samorządowe
113,Muzeum Miejskie w Siemianowicach Śląskich,41-100,Siemianowice Śląskie,Siemianowice Śląskie,m. Siemianowice Śląskie,ŚLĄSKIE,ul.,Chopina,6,,,,,,,,Miasto na prawach powiatu Siemianowice Śląskie,,,,,Samorządowe
114,Muzeum Miejskie Suchej Beskidzkiej,34-200,Sucha Beskidzka,Krzeszów,suski,MAŁOPOLSKIE,ul.,Zamkowa,1,,,,,,,,Gmina Sucha Beskidzka,,,,,Samorządowe
115,Muzeum Miejskie w Tychach,43-100,Tychy,Tychy,m. Tychy,ŚLĄSKIE,ul.,Katowicka,9,,,,,,,,Miasto Tychy,,,,,Samorządowe
116,Muzeum Miejskie w Zabrzu,41-800,Zabrze,Zabrze,m. Zabrze,ŚLĄSKIE,ul.,3 Maja ,91,,,,,,,,Miasto Zabrze,,,,,Samorządowe
117,Muzeum Miejskie w Żorach,44-240,Żory,Żory,m. Żory,ŚLĄSKIE,ul.,Muzealna,1,2,,,,,,,Gmina Miejska Żory,,,,,Samorządowe
118,Muzeum Miejskie w Żywcu,34-300,Żywiec,Żywiec,żywiecki,ŚLĄSKIE,ul.,Zamkowa,2,,,,,,,,Miasto Żywiec ,,,,,Samorządowe
119,Muzeum Miejskie Dom Gerharta Hauptmanna w Jeleniej Górze,58-570,Jelenia Góra,Jelenia Góra,m. Jelenia Góra,DOLNOŚLĄSKIE,ul.,Michałowicka,32,,,,,,,,Miasto Jelenia Góra,,,,,Samorządowe
120,Muzeum Miejskie Sztygarka w Dąbrowie Górniczej,41-300,Dąbrowa Górnicza,Dąbrowa Górnicza,m. Dąbrowa Górnicza,ŚLĄSKIE,ul.,Legionów Polskich,69,,,,,,,,Miasto Dąbrowa Górnicza,,,,,Samorządowe
121,Muzeum Miejskie im. Maksymiliana Chroboka w Rudzie Śląskiej,41-700,Ruda Śląska,Ruda Śląska,m. Ruda Śląska,ŚLĄSKIE,ul.,Wolności,26,,,,,,,,Miasto Ruda Śląska,,,,,Samorządowe
122,Muzeum Miejskie Wrocławia,50-107,Wrocław,Wrocław (Wrocław-Stare Miasto),m. Wrocław,DOLNOŚLĄSKIE,ul.,Sukiennice,14,15,,,,,,,Gmina Wrocław,,,,,Samorządowe
123,Muzeum Mikołaja Kopernika we Fromborku,14-530,Frombork,Frombork,braniewski,WARMIŃSKO-MAZURSKIE,ul.,Katedralna,8,,,,,,,,Województwo Warmińsko – Mazurskie ,,,,2009-12-30,Samorządowe
124,Muzeum Małopolski Zachodniej w Wygiełzowie,32-551,Babice Wygiełzów,Babice,chrzanowski,MAŁOPOLSKIE,ul.,Podzamcze,1,,,,,,,,Województwo Małopolskie, Gmina Chrzanów ,,,2011-01-31,Samorządowe
125,Muzeum Nadwiślańskie w Kazimierzu Dolnym,24-120,Kazimierz Dolny,Kazimierz Dolny,puławski,LUBELSKIE,ul.,Rynek,19,,,,,,,,Województwo Lubelskie, Miasto Puławy,,,1998-12-28,Samorządowe
126,Muzeum Narodowe Rolnictwa i Przemysłu Rolno-Spożywczego w Szreniawie,62-052,Komorniki,Walerianowo,poznański,WIELKOPOLSKIE,ul.,Dworcowa,5,,,,,,,,Województwo Wielkopolskie, Minister Rolnictwa i Rozwoju Wsi,,,1998-12-28,Samorządowe
127,Muzeum Niepodległości w Warszawie,00-240,Warszawa,Warszawa (Śródmieście),m. st. Warszawa,MAZOWIECKIE,al.,Solidarności,62,,,,,,,,Województwo Mazowieckie,,,,1998-05-18,Samorządowe
128,Muzeum Niepołomickie w Niepołomicach,32-005,Niepołomice,Niepołomice,wielicki,MAŁOPOLSKIE,ul.,Zamkowa,2,,,,,,,,Gmina Niepołomice,,,,,Samorządowe
129,Muzeum Obozów Jenieckich w Żaganiu ,68-100,Żagań,Brzeźnica,żagański,LUBUSKIE,ul.,Lotników Alianckich,6,,,,,,,,Miasto Żagań,,,,,Samorządowe
130,Muzeum Okręgowe im. Leona Wyczółkowskiego w Bydgoszczy,85-006,Bydgoszcz,Bydgoszcz,m. Bydgoszcz,KUJAWSKO-POMORSKIE,ul.,Gdańska,4,,,,,,,,Miasto Bydgoszcz,,,,2009-12-30,Samorządowe
131,Muzeum Okręgowe im. Stanisława Staszica w Pile,64-920,Piła,Piła,pilski,WIELKOPOLSKIE,ul.,Browarna,7,,,,,,,,Województwo Wielkopolskie,,,,1998-12-28,Samorządowe
132,Muzeum Okręgowe w Koninie,62-505,Konin,Konin,m. Konin,WIELKOPOLSKIE,ul.,Muzealna,5,,,,,,,,Województwo Wielkopolskie,,,,,Samorządowe
133,Muzeum Okręgowe w Lesznie,64-100,Leszno,Leszno,m. Leszno,WIELKOPOLSKIE,pl.,Jana Metziga,17,,,,,,,,Województwo Wielkopolskie,,,,2008-12-30,Samorządowe
134,Muzeum Ziemi Sądeckiej,33-300,Nowy Sącz,Nowy Sącz,m. Nowy Sącz,MAŁOPOLSKIE,ul.,Jagiellońska,56,,,,,,,,Województwo Małopolskie,,,,2006-07-07,Samorządowe
135,Muzeum Okręgowe w Rzeszowie,35-030,Rzeszów,Rzeszów,m. Rzeszów,PODKARPACKIE,ul.,3 Maja ,19,,,,,,,,Województwo Podkarpackie ,,,,1998-05-18,Samorządowe
136,Muzeum Okręgowe w Sieradzu,98-200,Sieradz,Sieradz,sieradzki,ŁÓDZKIE,ul.,Dominikańska,2,,,,,,,,Powiat Sieradzki ,,,,,Samorządowe
137,Muzeum Okręgowe w Suwałkach,16-400,Suwałki,Suwałki,m. Suwałki,PODLASKIE,ul.,T. Kościuszki,81,,,,,,,,Miasto Suwałki,,,,2014-02-12,Samorządowe
138,Muzeum Ziemi Tarnowskiej,33-100,Tarnów,Tarnów,m. Tarnów,MAŁOPOLSKIE,ul.,Rynek,3,,,,,,,,Województwo Małopolskie,,,,2002-11-28,Samorządowe
139,Muzeum Okręgowe w Toruniu,87-100,Toruń,Toruń,m. Toruń,KUJAWSKO-POMORSKIE,ul.,Rynek Staromiejski,1,,,,,,,,Gmina Miasta Toruń,,,,1998-12-28,Samorządowe
140,Muzeum Okręgowe Ziemi Kaliskiej w Kaliszu,62-800,Kalisz,Kalisz,kaliski,WIELKOPOLSKIE,ul.,T. Kościuszki,12,,,,,,,,Województwo Wielkopolskie,,,,1998-12-28,Samorządowe
141,Muzeum - Orawski Park Etnograficzny w Zubrzycy Górnej,34-484,Zubrzyca Górna,Zubrzyca Górna,nowotarski,MAŁOPOLSKIE,,Zubrzyca Górna,388,,,,,,,,Województwo Małopolskie,,,,2011-01-31,Samorządowe
142,Muzeum Oręża Polskiego w Kołobrzegu,78-100,Kołobrzeg,Kołobrzeg,kołobrzeski,ZACHODNIOPOMORSKIE,ul.,Armii Krajowej,13,,,,,,,,Powiat Kołobrzeski,,,,1998-05-18,Samorządowe
143,Muzeum Pamięci Narodowej i Sztuki Ludowej w Ochotnicy Górnej,34-453,Ochotnica Dolna,Ochotnica Dolna,nowotarski,MAŁOPOLSKIE,oś. ,Zawady,205 B,,,,,,,,Gmina Ochotnica Dolna ,,,,,Samorządowe
144,Muzeum Pamiątek 1. Armii Wojska Polskiego oraz Dziejów Ziemi Mieszkowickiej w Mieszkowicach,74-505,Mieszkowice,Mieszkowice,gryfiński,ZACHODNIOPOMORSKIE,ul.,Chopina,1,,,,,,,,Gmina Mieszkowice,,,,,Samorządowe
145,Muzeum Pamięci Sybiru ,15-092,Białystok,Białystok,m. Białystok,PODLASKIE,ul. ,H. Sienkiewicza,26,,,,,,,,Miasto Białystok ,,,,,Samorządowe
146,Muzeum Papiernictwa w Dusznikach Zdroju,57-340,Duszniki Zdrój,Duszniki-Zdrój,kłodzki,DOLNOŚLĄSKIE,ul.,Kłodzka,42,,,,,,,,Województwo Dolnośląskie,,,,2013-06-28,Samorządowe
147,Muzeum Piaseczna ,05-500,Piaseczno,Piaseczno,piaseczyński,MAZOWIECKIE,,Plac Piłsudskiego,10,,,,,,,,Gmina Piaseczno,,,,,Samorządowe
148,Muzeum Pierwszych Piastów na Lednicy,62-261,Lednogóra,Imielenko,gnieźnieński,WIELKOPOLSKIE,ul.,Dziekanowice,32,,,,,,,, Województwo Wielkopolskie,,,,1999-12-28,Samorządowe
149,Muzeum Piśmiennictwa i Muzyki Kaszubsko-Pomorskiej w Wejherowie,84-200,Wejherowo,Bożepole Wielkie,wejherowski,POMORSKIE,ul.,Zamkowa,2a,,,,,,,,Powiat Wejherowski,Województwo Pomorskie,,,2006-07-07,Samorządowe
150,Muzeum Początków Państwa Polskiego w Gnieźnie,62-200,Gniezno,Gniezno,gnieźnieński,WIELKOPOLSKIE,ul.,Kostrzewskiego,1,,,,,,,,Województwo Wielkopolskie,,,,1998-07-06,Samorządowe
151,Muzeum Poczty i Telekomunikacji we Wrocławiu,50-954,Wrocław,Wrocław,wrocławki,DOLNOŚLĄSKIE,ul.,Z. Krasińskiego,1,,,,,,,,Województwo Dolnośląskie,,,,,Samorządowe
152,Muzeum Podkarpackie w Krośnie,38-400,Krosno,Krosno,m. Krosno,PODKARPACKIE,ul.,Piłsudskiego,16,,,,,,,,Województwo Podkarpackie ,,,,2003-12-18,Samorządowe
153,Muzeum Pogranicza Śląsko – Łużyckiego w Żarach ,68-200,Żary,Żary,żarski,LUBUSKIE,pl.,Kardynała Stefana Wyszyńskiego,2,,,,,,,,Gmina Żary o statusie miejskim,,,,,Samorządowe
154,Muzeum - Zespół Synagogalny we Włodawie,22-200,Włodawa,Włodawa,włodawski,LUBELSKIE,ul.,Czerwonego Krzyża,7,,,,,,,,Powiat Włodawski,,,,,Samorządowe
155,Muzeum Pojezierza Myśliborskiego w Myśliborzu,74-300,Myślibórz,Myślibórz,myśliborski,ZACHODNIOPOMORSKIE,ul.,Bohaterów Warszawy,74,,,,,,,,Gmina Myślibórz ,,,,,Samorządowe
156,Muzeum Polskiej Piosenki w Opolu ,45–040,Opole,Opole,m. Opole,OPOLSKIE,pl.,Mikołaja Kopernika,1,,,,,,,,Miasto Opole,,,,,Samorządowe
157,Muzeum Południowego Podlasia w Białej Podlaskiej,21-500,Biała Podlaska,Hrud,bialski,LUBELSKIE,ul.,Warszawska,12,,,,,,,,Gmina Miejska Biała Podlaska ,,,,1998-12-28,Samorządowe
158,Muzeum Pomorza Środkowego w Słupsku,76-200,Słupsk,Słupsk,m. Słupsk,POMORSKIE,ul.,Dominikańska,5,-9,,,,,,,Województwo Pomorskie ,,,,1998-07-06,Samorządowe
159,Muzeum Powstania Warszawskiego,00-844,Warszawa,Warszawa (Wola),m. st. Warszawa,MAZOWIECKIE,ul.,Grzybowska,79,,,,,,,,Miasto Stołeczne Warszawa,Minister Kultury i Dziedzictwa Narodowego,,,2005-09-21,Współprowadzone wpisane do rejestru prowadzonego przez jednostkę samorządu terytorialnego
160,Muzeum Powstańców Wielkopolskich im. Generała Józefa Dowbora Muśnickiego w Lusowie,62-080,Lusowo,Tarnowo Podgórne,poznański,WIELKOPOLSKIE,ul.,Ogrodowa,3a,,,,,,,,Gmina Tarnowo Podgórne,,,,,Samorządowe
161,Muzeum Powstań Śląskich w Świętochłowicach ,41-600,Świętochłowice,Świętochłowice,m. Świętochłowice,ŚLĄSKIE,ul.,Szpitalna,2,,,,,,,,Gmina Świętochłowice ,,,,,Samorządowe
162,Muzeum Pożarnictwa w Cześnikach,22-424,Sitno,Sitno,Zamojski,LUBELSKIE,,Sitno,73,,,,,,,,Gmina Sitno,,,,,Samorządowe
163,Muzeum Pożarnictwa w Oseredku ,22-672 ,Susiec,Susiec,tomaszowski,LUBELSKIE,,Oseredek,123,,,,,,,,Gmina Susiec,,,,,Samorządowe
164,Muzeum Północno – Mazowieckie w Łomży,18-400,Łomża,Łomża,m. Łomża,PODLASKIE,ul.,Dworna,22C,,,,,,,,Miasto Łomża ,,,,2011-07-15,Samorządowe
165,Muzeum Przyrodnicze w Jeleniej Górze,58-560,Jelenia Góra,Wojcieszyce,jeleniogórski,DOLNOŚLĄSKIE,ul.,Cieplicka,11A,,,,,,,,Miasto Jelenia Góra ,,,,,Samorządowe
166,Muzeum Przyrody – Dwór Lutosławskich w Drozdowie,18-421,Piątnica,Drozdowo,łomżyński,PODLASKIE,ul.,Główna,38,,,,,,,,Powiat Łomżyński ,,,,,Samorządowe
167,Muzeum Przyrody i Techniki Ekomuzeum im. Jana Pazdura w Starachowicach,27-200,Starachowice,Starachowice,starachowicki,ŚWIĘTOKRZYSKIE,ul.,Wielkopiecowa,1,,,,,,,,Powiat Starachowicki ,,,,,Samorządowe
168,Muzeum Puszczy Drawskiej i Noteckiej im. Franciszka Grasia w Drezdenku,66-530,Drezdenko,Drezdenko,strzelecko-drezdenecki,LUBUSKIE,pl.,Wolności,11,,,,,,,,Gmina Drezdenko ,,,,,Samorządowe
169,Muzeum Regionalne im. Adama Fastnachta w Brzozowie,36-200,Brzozów,Brzozów,brzozowski,PODKARPACKIE,ul.,Rynek,10,,,,,,,,Gmina Brzozów,,,,,Samorządowe
170,Muzeum Regionalne im. dr. Henryka Florkowskiego w Kościanie,64-000,Kościan,Kościan,kościański,WIELKOPOLSKIE,ul.,Rynek,1,,,,,,,,Gmina Miejska Kościan,,,,,Samorządowe
171,Muzeum Regionalne im. dr. Janusza Petera w Tomaszowie Lubelskim,22-600,Tomaszów Lubelski,Tomaszów Lubelski,tomaszowski,LUBELSKIE,ul.,Zamojska,2,,,,,,,,Powiat Tomaszowski (Tomaszów Lubelski),,,,,Samorządowe
172,Muzeum Regionalne im. Dzieci Wrzesińskich we Wrześni ,62-300,Września,Września,wrzesiński,WIELKOPOLSKIE,ul.,Dzieci Wrzesińskich,13,,,,,,,,Miasto i Gmina Września,,,,,Samorządowe
173,Muzeum Regionalne im. Hieronima Ławniczaka w Krotoszynie,63-700,Krotoszyn,Krotoszyn,krotoszyński,WIELKOPOLSKIE,ul.,Mały Rynek,1,,,,,,,,Miasto i Gmina Krotoszyn,,,,,Samorządowe
174,Muzeum Regionalne im. prof. Tomasza Mikockiego w Kozienicach,26-900,Kozienice,Kozienice,kozienicki,MAZOWIECKIE,ul.,Parkowa,5B,,,,,,,,Gmina Kozienice,,,,,Samorządowe
175,Muzeum Regionalne im. Stanisława Sankowskiego w Radomsku ,97-500,Radomsko,Radomsko,radomszczański,ŁÓDZKIE,ul.,Narutowicza,1,,,,,,,,Miasto Radomsko ,,,,,Samorządowe
176,Muzeum Regionalne im. Walentyny Dermackiej z Sapiehów w Pieckach,11-710,Piecki,Piecki,mrągowski,WARMIŃSKO-MAZURSKIE,ul.,Zwycięstwa,48,,,,,,,,Gmina Piecki,,,,,Samorządowe
177,Muzeum Regionalne im. Wł. St. Reymonta w Lipcach Reymontowskich,96-127,Lipce Reymontowskie,Lipce Reymontowskie,skierniewicki,ŁÓDZKIE,ul.,Wiatraczna,10,,,,,,,,Powiat Skierniewicki,,,,,Samorządowe
178,Muzeum Regionalne im. Zygmunta Krasińskiego w Złotym Potoku,42-253,Złoty Potok (poczta Janów),Janów,częstochowski,ŚLĄSKIE,ul.,Tadeusza Kościuszki,11,,,,,,,,Gmina Janów,,,,,Samorządowe
179,Muzeum Regionalne w Bełchatowie,97-400,Bełchatów,Bełchatów,bełchatowski,ŁÓDZKIE,ul.,Rodziny Hellwigów,11,,,,,,,,Miasto Bełchatów,,,,,Samorządowe
180,Muzeum Regionalne w Brzezinach,95-060,Brzeziny,Brzeziny,brzeziński,ŁÓDZKIE,ul.,Piłsudskiego,49,,,,,,,,Gmina Miasto Brzeziny,,,,,Samorządowe
181,Muzeum Regionalne w Cedyni,74-520,Cedynia,Cedynia,gryfiński,ZACHODNIOPOMORSKIE,pl.,Wolności,4,,,,,,,,Gmina Cedynia,,,,,Samorządowe
182,Muzeum Regionalne w Chojnowie,59-225,Chojnów,Chojnów,legnicki,DOLNOŚLĄSKIE,pl.,Zamkowy,3,,,,,,,,Miasto Chojnów,,,,,Samorządowe
183,Muzeum Regionalne w Człuchowie,77-300,Człuchów,Człuchów,człuchowski,POMORSKIE,al.,Wojska Polskiego,3,,,,,,,,Gmina Miejska Człuchów,,,,,Samorządowe
184,Muzeum Regionalne w Dębicy,39-200,Dębica,Dębica,dębicki,PODKARPACKIE,ul.,Ratuszowa,4,,,,,,,,Gmina Miasta Dębica,,,,,Samorządowe
185,Muzeum Regionalne w Gniewkowie,88-140,Gniewkowo,Gniewkowo,inowrocławski,KUJAWSKO-POMORSKIE,ul.,Podgórna,2,,,,,,,,Gmina Gniewkowo,,,,,Samorządowe
186,Muzeum Regionalne w Janowie Lubelskim,23-300,Janów Lubelski,Janów Lubelski,janowski,LUBELSKIE,ul.,Ogrodowa,3a,,,,,,,,Gmina Janów Lubelski,,,,,Samorządowe
187,Muzeum Regionalne w Jaśle im. dr. Stanisława Kadyiego,38-200,Jasło,Jasło,jasielski,PODKARPACKIE,ul.,Stanisława Kadyiego,11,,,,,,,,Miasto Jasło,,,,,Samorządowe
188,Muzeum Regionalne w Jaworze ,59-400,Jawor,Jawor,jaworski,DOLNOŚLĄSKIE,ul.,Klasztorna,6,,,,,,,,Gmina Jawor,,,,,Samorządowe
189,Muzeum Regionalne w Kluczkowicach,24-300,Kluczkowice,Opole Lubelskie,opolski,LUBELSKIE,ul.,Kluczkowice,7,,,,,,,,Powiat Opolski,,,,,Samorządowe
190,Muzeum Regionalne w Krasnymstawie,22-300,Krasnystaw,Krasnystaw,krasnostawski,LUBELSKIE,ul.,Marszałka Józefa Piłsudskiego,5A,,,,,,,,Powiat Krasnostawski,,,,,Samorządowe
191,Muzeum Pałac Saski w Kutnie,99-300,Kutno,Kutno,kutnowski,ŁÓDZKIE,pl.,Józefa Piłsudskiego,20,,,,,,,,Miasto Kutno,,,,,Samorządowe
192,Muzeum Regionalne w Lubaniu,59-800,Lubań,Lubań,lubański,DOLNOŚLĄSKIE,,Rynek - Ratusz ,,,,,,,,,Gmina Miejska Lubań,,,,,Samorządowe
193,Muzeum Regionalne w Łukowie,21-400,Łuków,Łuków,łukowski,LUBELSKIE,ul.,Piłsudskiego,19,,,,,,,,Powiat Łukowski,,,,,Samorządowe
194,Muzeum Regionalne w Opocznie,26-300,Opoczno,Opoczno,opoczyński,ŁÓDZKIE,pl.,Zamkowy,1,,,,,,,,Gmina Opoczno,,,,,Samorządowe
195,Muzeum Regionalne w Pińczowie,28-400,Pińczów,Gacki,pińczowski,ŚWIĘTOKRZYSKIE,ul.,Piłsudskiego,2a,,,,,,,,Gmina Pińczów,,,,,Samorządowe
196,Muzeum Regionalne w Pleszewie,63-300,Pleszew,Kowalew,pleszewski,WIELKOPOLSKIE,ul.,Poznańska,34,,,,,,,,Miasto i Gmina Pleszew,,,,,Samorządowe
197,Muzeum Regionalne w Pułtusku,06-100,Pułtusk,Pułtusk,pułtuski,MAZOWIECKIE,ul.,Rynek,1,,,,,,,,Gmina Pułtusk,,,,,Samorządowe
198,Muzeum Regionalne im. Mieczysłwa Asłanowicza w Siedlcach,08-110,Siedlce,Siedlce,m. Siedlce,MAZOWIECKIE,ul.,Piłsudskiego,1,,,,,,,,Województwo Mazowieckie,,,,,Samorządowe
199,Muzeum Regionalne w Skawinie,32-050,Skawina,Radziszów,krakowski,MAŁOPOLSKIE,ul.,Adama Mickiewicza,26,,,,,,,,Miasto i Gmina Skawina,,,,,Samorządowe
200,Muzeum Regionalne w Słupcy,62-400,Słupca,Słupca,słupecki,WIELKOPOLSKIE,ul.,Warszawska,53,,,,,,,,Gmina Miejska Słupca,,,,,Samorządowe
201,Muzeum Regionalne w Stalowej Woli,37-464,Stalowa Wola,Stalowa Wola,stalowowolski,PODKARPACKIE,ul.,Sandomierska,1,,,,,,,,Gmina Stalowa Wola,,,,2005-09-21,Samorządowe
202,Muzeum Regionalne w Stęszewie,62-060,Stęszew,Strykowo,poznański,WIELKOPOLSKIE,ul.,Rynek,8,,,,,,,,Gmina Stęszew,,,,,Samorządowe
203,Muzeum Regionalne w Szczecinku,78-400,Szczecinek,Żółtnica,szczecinecki,ZACHODNIOPOMORSKIE,ul.,Szkolna,1,,,,,,,,Miasto Szczecinek ,,,,,Samorządowe
204,Muzeum Regionalne w Środzie Śląskiej,55-300,Środa Śląska,Środa Śląska,średzki,DOLNOŚLĄSKIE,pl.,Wolności,3,,,,,,,,Powiat Średzki,,,,,Samorządowe
205,Muzeum Regionalne w Świebodzinie,66-200,Świebodzin,Świebodzin,świebodziński,LUBUSKIE,Plac,Jana Pawła II,1,,,,,,,,Gmina Świebodzin,,,,,Samorządowe
207,Muzeum Regionalne w Zwoleniu,26-700,Zwoleń,Zwoleń,zwoleński,MAZOWIECKIE,Aleja,Jana Pawła II,2,,,,,,,,Gmina Zwoleń,,,,,Samorządowe
208,Muzeum Regionalne Ziemi Limanowskiej ,34-600,Limanowa,Limanowa,limanowski,MAŁOPOLSKIE,ul.,Józefa Marka,13,,,,,,,,Gmina Miasto Limanowa,,,,,Samorządowe
209,Muzeum Regionalne Ziemi Sulmierzyckiej im. Sebastiana Fabiana Klonowicza,63-750,Sulmierzyce,Chwaliszew,krotoszyński,WIELKOPOLSKIE,ul.,Rynek,1,,,,,,,,Miasto Sulmierzyce,,,,,Samorządowe
210,Muzeum Rolnictwa im. ks. Krzysztofa Klukaw Ciechanowcu,18-230,Ciechanowiec,Ciechanowiec,wysokomazowiecki,PODLASKIE,ul.,Pałacowa,5,,,,,,,,Województwo Podlaskie,,,,1998-12-28,Samorządowe
211,Muzeum Romantyzmu w Opinogórze,06-406,Opinogóra,Opinogóra Górna,ciechanowski,MAZOWIECKIE,ul.,Zygmunta Krasińskiego,9,,,,,,,,Samorząd Województwa Mazowieckiego,,,,2015-04-01,Samorządowe
212,Muzeum Rybołówstwa Morskiego w Niechorzu,72-350,Niechorze,Rewal,gryficki,ZACHODNIOPOMORSKIE,al.,Bursztynowa,28,,,,,,,,Gmina Rewal,,,,,Samorządowe
213,Muzeum Rzemiosła w Krośnie,38-400,Krosno,Krosno,m. Krosno,PODKARPACKIE,ul.,Piłsudskiego,19,,,,,,,,Gmina Krosno,,,,,Samorządowe
214,Muzeum Samorządowe Ziemi Strzyżowskiej im. Zygmunta Leśniaka w Strzyżowie,38-100,Strzyżów,Strzyżów,strzyżowski,PODKARPACKIE,ul.,I. Łukasiewicza,10,,,,,,,,Gmina Strzyżów,,,,,Samorządowe
215,Muzeum Saturn w Czeladzi,41-250,Czeladź,Czeladź,będziński,ŚLĄSKIE,ul.,Dehnelów,43,,,,,,,,Gmina Miejska Czeladź,,,,,Samorządowe
216,Muzeum Solca im. Księcia Przemysła w Solcu Kujawskim,86-050,Solec Kujawski,Solec Kujawski,bydgoski,KUJAWSKO-POMORSKIE,ul.,Toruńska,8,,,,,,,,Miasto i Gmina Solec Kujawski,,,,,Samorządowe
217,Muzeum Sopotu,81-724,Sopot,Sopot,m. Sopot,POMORSKIE,ul.,Poniatowskiego,8,,,,,,,,Gmina Miasta Sopotu,,,,,Samorządowe
218,Muzeum Sportu i Turystyki w Karpaczu,58-540,Karpacz,Karpacz,jeleniogórski,DOLNOŚLĄSKIE,ul.,Mikołaja Kopernika,2,,,,,,,,Województwo Dolnośląskie,Gmina Karpacz,,,,Współprowadzone wpisane do rejestru prowadzonego przez jednostkę samorządu terytorialnego
219,Muzeum Sportu i Turystyki w Warszawie,01-531,Warszawa,Warszawa (Żoliborz),m. st. Warszawa,MAZOWIECKIE,ul.,Wybrzeże Gdyńskie,4,,,,,,,,Województwo Mazowieckie,,,,1998-12-28,Samorządowe
220,Muzeum Domu Śląskiego w Ziebicach ,57-220,Ziębice,Ziębice,ząbkowicki,DOLNOŚLĄSKIE,ul.,Rynek,44,,,,,,,,Gmina Ziębice,,,,,Samorządowe
221,Muzeum Starożytnego Hutnictwa Mazowieckiego im. Stefana Woydy w Pruszkowie,05-800,Pruszków,Pruszków,pruszkowski,MAZOWIECKIE,pl.,Jana Pawła II,2,,,,,,,,Miasto Pruszków,,,,,Samorządowe
222,Muzeum Stanisława Staszica w Pile,64-920,Piła,Piła,pilski,WIELKOPOLSKIE,ul.,Browarna,18,,,,,,,,Gmina Piła,,,,,Samorządowe
223,Muzeum Szlachty Mazowieckiej w Ciechanowie,06-400,Ciechanów,Ciechanów,ciechanowski,MAZOWIECKIE,ul.,Warszawska,61,,,,,,,,Województwo Mazowieckie,,,,1998-12-28,Samorządowe
224,Muzeum Sztuki Współczesnej w Krakowie MOCAK,30-702,Kraków,Kraków (Kraków-Podgórze),m. Kraków,MAŁOPOLSKIE,ul.,Lipowa,4,,,,,,,,Gmina Miejska Kraków,,,,,Samorządowe
225,Muzeum Śląska Cieszyńskiego w Cieszynie,43-400,Cieszyn,Cieszyn,cieszyński,ŚLĄSKIE,ul.,Tadeusza Regera,6,,,,,,,,Powiat Cieszyński,,,,,Samorządowe
226,Muzeum Śląska Opolskiego w Opolu,45-023,Opole,Opole,m. Opole,OPOLSKIE,ul.,św. Wojciecha,13,,,,,,,,Województwo Opolskie,,,,1998-12-28,Samorządowe
227,Muzeum Ślężańskie im. Stanisława Dunajewskiego w Sobótce,55-050,Sobótka,Sobótka,wrocławski,DOLNOŚLĄSKIE,ul.,św. Jakuba,18,,,,,,,,Gmina Sobótka,,,,,Samorządowe
228,Muzeum Ślusarstwa im. Marcina Mikuły w Świątnikach Górnych,32-040,Świątniki Górne,Świątniki Górne,krakowski,MAŁOPOLSKIE,ul.,Kazimierza Bruchnalskiego,35,,,,,,,,Miasto i Gmina Świątniki Górne,,,,,Samorządowe
229,Muzeum Śremskie w Śremie,63-100,Śrem,Manieczki,śremski,WIELKOPOLSKIE,ul.,Adama Mickiewicza,89,,,,,,,,Miasto i Gmina Śrem,,,,,Samorządowe
230,Muzeum Technik Ceramicznych w Kole,62-600,Koło,Koło,kolski,WIELKOPOLSKIE,ul.,M. Kajki,44,,,,,,,,Gmina Miejska Koło,,,,,Samorządowe
231,Muzeum Techniki i Komunikacji - Zajezdnia Sztuki w Szczecinie,71-441,Szczecin,Szczecin,m. Szczecin,ZACHODNIOPOMORSKIE,ul.,Niemierzyńska,18A,,,,,,,,Gmina Miasto Szczecin,,,,,Samorządowe
232,Muzeum Tkactwa w Kamiennej Górze,58-400,Kamienna Góra,Kamienna Góra,kamiennogórski,DOLNOŚLĄSKIE,Plac,Wolności,11,,,,,,,,Gmina Miejska Kamienna Góra,,,,,Samorządowe
233,Muzeum Tradycji Niepodległościowych w Łodzi,90-706,Łódź,Łódź (Łódź-Polesie),m. Łódź,ŁÓDZKIE,ul.,Gdańska,13,,,,,,,,Miasto Łódź,,,,,Samorządowe
234,Muzeum Twierdzy Kostrzyn nad Odrą,66-470,Kostrzyn nad Odrą,Kostrzyn nad Odrą,gorzowski,LUBUSKIE,ul.,Graniczna,1,,,,,,,,Miasto Kostrzyn nad Odrą,,,,,Samorządowe
235,Muzeum Ustrońskie im. Jana Jarockiego w Ustroniu,43-450,Ustroń,Ustroń,cieszyński,ŚLĄSKIE,ul.,Hutnicza,3,,,,,,,,Miasto Ustroń,,,,,Samorządowe
236,Muzeum w Brodnicy,87-300,Brodnica,Brodnica,brodnicki,KUJAWSKO-POMORSKIE,ul.,św. Jakuba,1,,,,,,,,Miasto Brodnica,,,,,Samorządowe
238,Muzeum w Chrzanowie im. Ireny i Mieczysława Mazarakich,32-500,Chrzanów,Zagórze,chrzanowski,MAŁOPOLSKIE,ul.,Mickiewicza,13,,,,,,,,Gmina Chrzanów,,,,,Samorządowe
239,Muzeum w Gliwicach,44-100,Gliwice,Gliwice,m. Gliwice,ŚLĄSKIE,ul.,Dolnych Walów,8a,,,,,,,,Miasto Gliwice,,,,,Samorządowe
240,Muzeum w Jarosławiu Kamienica Orsettich,37-500,Jarosław,Jarosław,jarosławski,PODKARPACKIE,ul.,Rynek,4,,,,,,,,Powiat Jarosławski,,,,,Samorządowe
241,Muzeum w Koszalinie,75-420,Koszalin,Koszalin,m. Koszalin,ZACHODNIOPOMORSKIE,ul.,Młyńska,37-,39,,,,,,,Miasto Koszalin,,,,2009-12-30,Samorządowe
242,Muzeum w Lewkowie - Zespół Pałacowo - Parkowy ,63-410,Lewków,Ostrów Wielkopolski,ostrowski ,WIELKOPOLSKIE,ul. ,Kwiatkowska ,6c,,,,,,,,Województwo Wielkopolskie,,,,,samorządowe 
243,Muzeum w Lęborku,84-300,Lębork,Maszewo Lęborskie,lęborski,POMORSKIE,ul.,Młynarska,14-,15,,,,,,,Gmina Miasto Lębork,,,,,Samorządowe
244,Muzeum w Łęczycy,99-100,Łęczyca,Mazew,łęczycki,ŁÓDZKIE,ul.,Zamkowa,1,,,,,,,,Gmina Miasto Łęczyca,,,,,Samorządowe
245,Muzeum w Łowiczu,99-400,Łowicz,Łowicz,łowicki,ŁÓDZKIE,ul.,Stary Rynek,5,7,,,,,,,Powiat Łowicki,Minister Rolnictwa i Rozwoju Wsi ,,,1999-12-28,Samorządowe
246,Muzeum Powiatowe w Nysie,48-300,Nysa,Jasienica Dolna,nyski,OPOLSKIE,ul., Biskupa Jarosława,11,,,,,,,,Powiat Nyski,,,,,Samorządowe
247,Muzeum w Ostródzie,14-100,Ostróda,Ostróda,ostródzki,WARMIŃSKO-MAZURSKIE,ul.,Adama Mickiewicza,22,,,,,,,,Gmina Miejska Ostróda ,,,,,Samorządowe
248,Muzeum Regionalne w Wągrowcu,62-100,Wągrowiec,Wągrowiec,wągrowiecki,WIELKOPOLSKIE,ul.,Opacka,15,,,,,,,,Gmina Miejska Wągrowiec,,,,,Samorządowe
249,Muzeum w Piotrkowie Trybunalskim,97-300,Piotrków Trybunalski,Piotrków Trybunalski,m. Piotrków Trybunalski,ŁÓDZKIE,Plac,Zamkowy,4,,,,,,,,Miasto Piotrków Trybunalski,,,,,Samorządowe
250,Muzeum w Praszce,46-320,Praszka,Strojec,oleski,OPOLSKIE,pl.,Grunwaldzki,15,,,,,,,,Gmina Praszka,,,,,Samorządowe
251,Muzeum w Przeworsku - Zespół Pałacowo-Parkowy,37-200,Przeworsk,Przeworsk,przeworski,PODKARPACKIE,ul.,Park,2,,,,,,,,Powiat Przeworski,,,,,Samorządowe
252,Muzeum w Raciborzu,47-400,Racibórz,Wojnowice,raciborski,ŚLĄSKIE,ul.,Rzeźnicza,15,,,,,,,,Gmina Racibórz,,,,,Samorządowe
253,Muzeum w Rybniku,44-200,Rybnik,Rybnik,m. Rybnik,ŚLĄSKIE,ul.,Rynek,18,,,,,,,,Miasto Rybnik,,,,,Samorządowe
254,Muzeum w Tarnowskich Górach,42-600,Tarnowskie Góry,Tarnowskie Góry ,tarnogórski,ŚLĄSKIE,ul.,Rynek,1,,,,,,,,Gmina Tarnowskie Góry,,,,,Samorządowe
255,Muzeum w Tomaszowie Mazowieckim imienia Antoniego Hrabiego Ostrowskiego,97-200,Tomaszów Mazowiecki,Tomaszów Mazowiecki,tomaszowski,ŁÓDZKIE,ul.,Polskiej Organizacji Wojskowej ,11,15,,,,,,,Gmina - Miasto Tomaszów Mazowiecki,,,,,Samorządowe
256,Muzeum Porcelany w Wałbrzychu,58-300,Wałbrzych,Szczawno-Zdrój,wałbrzyski,DOLNOŚLĄSKIE,ul.,1 Maja,9,,,,,,,,Gmina Wałbrzych,,,,2002-11-28,Samorządowe
257,Muzeum w Wodzisławiu Śląskim,44-300,Wodzisław Śląski,Wodzisław Śląski,wodzisławski,ŚLĄSKIE,ul.,Ks. płk. Wilhelma Kubsza,2,,,,,,,,Miasto Wodzisław Śląski,,,,,Samorządowe
258,Muzeum Warmii i Mazur w Olsztynie,10-074,Olsztyn,Olsztyn,m. Olsztyn,WARMIŃSKO-MAZURSKIE,ul.,Zamkowa,2,,,,,,,,Województwo Warmińsko – Mazurskie ,,,,2006-07-07,Samorządowe
259,Muzeum Warszawy,00-272,Warszawa,Warszawa (Śródmieście),m. st. Warszawa,MAZOWIECKIE,ul.,Rynek Starego Miasta,28-,42,,,,,,,Miasto Stołeczne Warszawa,,,,2001-12-14,Samorządowe
260,Muzeum Wisły Środkowej i Ziemi Wyszogrodzkiej w Wyszogrodzie,09-450,Wyszogród,Wyszogród,płocki,MAZOWIECKIE,ul.,Rynek,1,,,,,,,,Gmina i Miasto Wyszogród,,,,,Samorządowe
261,Muzeum Wojska, Wojskowowści i Ziemi Orzyskiej w Orzyszu,12-250,Orzysz,Orzysz,piski,WARMIŃSKO-MAZURSKIE,ul.,Giżycka,9,,,,,,,,Gmina Orzysz,,,,,Samorządowe
262,Muzeum Wsi Kieleckiej w Kielcach ,25-025,Kielce,Kielce,m. Kielce,ŚWIĘTOKRZYSKIE,ul.,Jana Pawła II,6,,,,,,,,Województwo Świętokrzyskie,,,,1999-12-28,Samorządowe
263,Muzeum Wsi Lubelskiej w Lublinie,20-824,Lublin,Lublin,m. Lublin,LUBELSKIE,al.,Warszawska,96,,,,,,,,Województwo Lubelskie,Minister Rolnictwa i Rozwoju Wsi ,,,2001-12-14,Samorządowe
264,Muzeum Wsi Mazowieckiej w Sierpcu,09-200,Sierpc,Goleszyn,sierpecki,MAZOWIECKIE,ul.,Gabriela Narutowicza,64,,,,,,,,Samorząd Województwa Mazowieckiego,,,,2014-02-12,Samorządowe
265,Muzeum Wsi Opolskiej w Opolu,45-835,Opole,Opole,m. Opole,OPOLSKIE,ul.,Wrocławska,174,,,,,,,,Województwo Opolskie,,,,1998-12-28,Samorządowe
266,Muzeum Wsi Radomskiej w Radomiu,26-600,Radom,Radom,m. Radom,MAZOWIECKIE,ul.,Szydłowiecka,30,,,,,,,,Samorząd Województwa Mazowieckiego,,,,,Samorządowe
267,Muzeum Współczesne Wrocław,53-681,Wrocław,Wrocław (Wrocław-Stare Miasto),m. Wrocław,DOLNOŚLĄSKIE,Plac,Strzegomski,2a,,,,,,,,Gmina Wrocław,,,,,Samorządowe
268,Muzeum Zabawek i Zabawy w Kielcach,25-367,Kielce,Kielce,m. Kielce,ŚWIĘTOKRZYSKIE,Plac,Wolności,2,,,,,,,,Miasto Kielce,,,,,Samorządowe
269,Muzeum Zachodniokaszubskie w Bytowie,77-100,Bytów,Bytów,bytowski,POMORSKIE,ul.,Zamkowa,2,,,,,,,,Województwo Pomorskie ,,,,2012-06-26,Samorządowe
270,Muzeum Zagłębia w Będzinie,42-500,Będzin,Będzin,będziński,ŚLĄSKIE,ul.,Gzichowska,15,,,,,,,,Gmina Będzin,,,,,Samorządowe
271,Muzeum - Zamek Górków w Szamotułach,64-500,Szamotuły,Ostroróg,szamotulski,WIELKOPOLSKIE,ul.,Wroniecka,30,,,,,,,,Powiat Szamotulski,,,,1998-07-06,Samorządowe
272,Muzeum Ziemi Kociewskiej w Starogardzie Gdańskim,83-200,Starogard Gdański,Starogard Gdański,starogardzki,POMORSKIE,ul.,Rynek,1,,,,,,,,Gmina Miejska Starogard Gdański,,,,,Samorządowe
273,Muzeum Ziemi Sochaczewskiej w Pola Bitwy nad Bzurą w Sochaczewie,96-500,Sochaczew,Sochaczew,sochaczewski,MAZOWIECKIE,Plac,Tadeusza Kościuszki ,12,,,,,,,,Gmina Sochaczew,,,,,Samorządowe
274,Zamek Książąt Pomorskich - Muzeum w Darłowie,76-150,Darłowo,Darłowo,sławieński,ZACHODNIOPOMORSKIE,Plac,Zamkowy,4,,,,,,,,Powiat Sławieński,,,,,Samorządowe
275,Muzeum Zamek Opalińskich w Sierakowie,64-410,Sieraków,Chrzypsko Wielkie,międzychodzki,WIELKOPOLSKIE,ul.,Stadnina,3a,,,,,,,,Powiat Międzychodzki,,,,,Samorządowe
276,Muzeum - Zamek w Oporowie,99-322,Oporów,Oporów,kutnowski,ŁÓDZKIE,,Oporów,34,,,,,,,,Powiat Kutnowski,,,,2007-02-22,Samorządowe
277,Muzeum Zamek w Oświęcimiu ,32-600,Oświęcim,Oświęcim,oświęcimski,MAŁOPOLSKIE,ul.,Zamkowa,1,,,,,,,,Gmina Miasto Oświęcim,,,,,Samorządowe
278,Muzeum Zamkowe w Pszczynie,43-200,Pszczyna,Góra,pszczyński,ŚLĄSKIE,ul.,Brama Wybrańców,1,,,,,,,,Województwo Śląskie,,,,1998-07-06,Samorządowe
279,Muzeum Zamek Szymbark w Warszawie,14-200,Szymbark,Iława,iławski,WARMIŃSKO-MAZURSKIE,,Szymbark,10A,,,,,,,,Fundacja Zamek Szymbark,,,,,Utworzone przez osoby prawne
280,Muzeum Zamojskie w Zamościu,22-400,Zamość,Zamość,m. Zamość,LUBELSKIE,ul.,Ormiańska,30,,,,,,,,Miasto Zamość,,,,2012-06-26,Samorządowe
281,Muzeum Zamoyskich w Kozłówce,21-132,Kamionka,Kamionka,lubartowski,LUBELSKIE,ul.,Kozłówka,3,,,,,,,,Województwo Lubelskie,,,,1998-05-18,Samorządowe
282,Muzeum Zbrojownia na Zamku w Liwie,07-100,Liw (poczta Węgrów),Starawieś,węgrowski,MAZOWIECKIE,ul.,Stefana Batorego,2,,,,,,,,Samorząd Województwa Mazowieckiego,,,,,Samorządowe
283,Muzeum Ziemi Bieckiej,38-340,Biecz,Biecz,gorlicki,MAŁOPOLSKIE,ul.,Węgierska,1,,,,,,,,Gmina Biecz,,,,,Samorządowe
284,Muzeum Ziemi Biłgorajskiej w Biłgoraju,23-400,Biłgoraj,Biłgoraj,biłgorajski,LUBELSKIE,ul.,Kościuszki,87,,,,,,,,Powiat Biłgorajski,,,,,Samorządowe
285,Muzeum Ziemi Błońskiej ,05-870,Blonie,Błonie,warszawski zachodni,MAZOWIECKIE,ul.,Norwida,1,,,,,,,,Gmina Błonie,,,,,Samorządowe
286,Muzeum Ziemi Chełmskiej im. Wiktora Ambroziewicza w Chełmie,22-100,Chełm,Chełm,m. Chełm,LUBELSKIE,ul.,Lubelska,55,,,,,,,,Miasto Chełm,,,,1998-12-28,Samorządowe
287,Muzeum Ziemi Dobrzyńskiej w Rypinie ,87-500,Rypin,Brzuze,rypiński,KUJAWSKO-POMORSKIE,ul.,Wrocławska,20,,,,,,,,Miasto Rypin ,,,,,Samorządowe
288,Muzeum Ziemi Kępińskiej im. Tadeusza Piotra Potworowskiego w Kępnie ,63-600,Kępno,Kępno,kępiński,WIELKOPOLSKIE,ul.,Kwiatowa,13,,,,,,,,Gmina Kępno,,,,,Samorządowe
289,Muzeum Ziemi Kłodzkiej w Kłodzku,57-300,Kłodzko,Kłodzko,kłodzki,DOLNOŚLĄSKIE,ul.,Łukasiewicza,4,,,,,,,,Gmina Miasto Kłodzko,,,,2001-12-14,Samorządowe
290,Muzeum Ziemi Koszyckiej im. Stanisława Boducha w Koszycach,32 -130,Koszyce,Koszyce,proszowicki,MAŁOPOLSKIE,ul.,Wspólna,11,,,,,,,,Gmina Koszyce,,,,,Samorządowe
291,Muzeum Ziemi Kościerskiej im. dra Jerzego Knyby w Kościerzynie,83-400,Kościerzyna,Kościerzyna,kościerski,POMORSKIE,ul.,Rynek,9,,,,,,,,Gmina Miejska Kościerzyna,,,,,Samorządowe
292,Muzeum Ziemi Kozielskiej w Kędzierzynie Koźlu,47-200,Kędzierzyn-Koźle,Kędzierzyn-Koźle (Kłodnica),kędzierzyńsko-kozielski,OPOLSKIE,ul.,Józefa Ignacego Kraszewskiego,5b,,,,,,,,Gmina Kędzierzyn-Koźle,,,,,Samorządowe
293,Muzeum Ziemi Krajeńskiej w Nakle nad Notecią,89-100,Nakło nad Notecią,Paterek,nakielski,KUJAWSKO-POMORSKIE,ul.,Pocztowa,14,,,,,,,,Gmina Nakło nad Notecią,,,,,Samorządowe
294,Muzeum Ziemi Kujawskiej i Dobrzyńskiej we Włocławku,87-800,Włocławek,Włocławek,m. Włocławek,KUJAWSKO-POMORSKIE,ul.,Słowackiego,1a,,,,,,,,Województwo Kujawsko-Pomorskie,,,,1998-07-06,Samorządowe
295,Muzeum Ziemi Leżajskiej,37-300,Leżajsk,Leżajsk,leżajski,PODKARPACKIE,ul.,Mickiewicza,20A,,,,,,,,Powiat Leżajski,,,,,Samorządowe
296,Muzeum Ziemi Lubartowskiej w Lubartowie ,21-100,Lubartów,Lubartów,lubartowski,LUBELSKIE,ul.,Kościuszki,28,,,,,,,,Miasto Lubartów ,,,,,Samorządowe
297,Muzeum Ziemi Lubuskiej w Zielonej Górze,65-048,Zielona Góra,Zielona Góra,m. Zielona Góra,LUBUSKIE,al.,Niepodległości,15,,,,,,,,Województwo Lubuskie,,,,1998-05-18,Samorządowe
298,Muzeum Ziemi Miechowskiej w Miechowie ,32-200,Miechów,Wysocice,miechowski,MAŁOPOLSKIE,ul.,Warszawska,1,,,,,,,,Gmina Miechów, Powiat Miechowski, parafia Rzymsko-Katolicka przy Bazylice Grobu Bożego w Miechowie ,,,Samorządowe
299,Muzeum Ziemi Mińskiej w Mińsku Mazowieckim ,05-300,Mińsk Mazowiecki,Mińsk Mazowiecki,miński,MAZOWIECKIE,ul.,S. Okrzei,16,,,,,,,,Miasto Mińsk Mazowiecki,,,,,Samorządowe
300,Muzeum Ziemi Mogileńskiej w Mogilnie z siedzibą w Chabsku,88-342,Chabsko (poczta Wylatowo),Łosośniki,mogileński,KUJAWSKO-POMORSKIE,ul.,Chabsko,20,,,,,,,,Gmina Mogilno,,,,,Samorządowe
301,Muzeum Ziemi Nadnoteckiej im. Wiktora Stachowiaka w Trzciance,64-980,Trzcianka,Trzcianka,czarnkowsko-trzcianecki,WIELKOPOLSKIE,ul.,Żeromskiego,36a,,,,,,,,Gmina Trzcianka,,,,,Samorządowe
302,Muzeum Ziemi Pałuckiej w Żninie,88-400,Żnin,Biskupin,żniński,KUJAWSKO-POMORSKIE,Plac,Plac Wolności,1,,,,,,,,Gmina Żnin,,,,,Samorządowe
303,Muzeum Ziemi Piskiej w Piszu,12-200,Pisz,Pisz,piski,WARMIŃSKO-MAZURSKIE,Plac,Ignacego Daszyńskiego,7,,,,,,,,Gmina Pisz,,,,,Samorządowe
304,Muzeum Ziemi Prudnickiej w Prudniku,48-200,Prudnik,Łącznik,prudnicki,OPOLSKIE,ul.,Chrobrego,5 ,,,,,,,,Gmina Prudnik,,,,,Samorządowe
305,Muzeum Ziemi Puckiej im. Floriana Ceynowy w Pucku,84-100,Puck,Swarzewo,pucki,POMORSKIE,ul.,Wolności,28,,,,,,,,Powiat Pucki,,,,2006-07-07,Samorządowe
306,Muzeum Ziemi Rawickiej w Rawiczu,63 -900,Rawicz,Rawicz,rawicki,WIELKOPOLSKIE,ul.,Rynek,1,,,,,,,,Gmina Rawicz,,,,,Samorządowe
307,Muzeum Ziemi Rawskiej w Rawie Mazowieckiej,96-200,Rawa Mazowiecka,Rawa Mazowiecka,rawski,ŁÓDZKIE,ul.,Łowicka,26,,,,,,,,Miasto Rawa Mazowiecka,,,,,Samorządowe
308,Muzeum Ziemi Sadowieńskiej w Sadownem,07-140,Sadowne,Sadowne,węgrowski,MAZOWIECKIE,ul.,Kościuszki,74,,,,,,,,Gmina Sadowne ,,,,,Samorządowe
309,Muzeum Ziemi Szubińskiej im. Zenona Erdmanna w Szubinie,89-200,Szubin,Szubin,nakielski,KUJAWSKO-POMORSKIE,ul.,Szkolna,2,,,,,,,,Gmina Szubin,,,,,Samorządowe
310,Muzeum Ziemi Średzkiej - Dwór w Koszutach,63-000,Środa Wielkopolska,Dominowo,średzki,WIELKOPOLSKIE,ul.,Koszuty,27,,,,,,,,Gmina Środa Wielkopolska,,,,,Samorządowe
311,Muzeum Ziemi Wałeckiej w Wałczu,78-600,Wałcz,Mirosławiec,wałecki,ZACHODNIOPOMORSKIE,ul.,Pocztowa,14,,,,,,,,Gmina Miejska Wałcz,,,,,Samorządowe
312,Muzeum Ziemi Wieluńskiej w Wieluniu,98-300,Wieluń,Wieluń,wieluński,ŁÓDZKIE,ul.,Narutowicza,13,,,,,,,,Gmina Wieluń,,,,2003-12-18,Samorządowe
313,Muzeum Ziemi Wiśnickiej w Nowym Wiśniczu,32-720,Nowy Wiśnicz,Nowy Wiśnicz,bocheński,MAŁOPOLSKIE,ul.,Zamkowa,13,,,,,,,,Gmina Nowy Wiśnicz,,,,,Samorządowe
314,Muzeum Ziemi Wschowskiej ,67-400,Wschowa,Wschowa,wschowski,LUBUSKIE,pl.,Zamkowy,2,,,,,,,,Gmina Wschowa,,,,,Samorządowe
315,Muzeum Ziemi Zawkrzeńskiej w Mławie,06-500,Mława,Mława,mławski,MAZOWIECKIE,ul.,3 Maja ,5,,,,,,,,Miasto Mława,,,,,Samorządowe
316,Muzeum Ziemi Złotowskiej w Złotowie,77-400,Złotów,Stara Wiśniewka,złotowski,WIELKOPOLSKIE,ul.,Wojska Polskiego,2a,,,,,,,,Gmina Miasto Złotów ,,,,,Samorządowe
317,Muzeum Ziemiaństwa w Dobrzycy - Zespół Pałacowo-Parkowy,63-330,Dobrzyca,Dobrzyca,pleszewski,WIELKOPOLSKIE,ul.,Pleszewska,5a,,,,,,,,Województwo Wielkopolskie,,,,,Samorządowe
318,Oleskie Muzeum Regionalne w Oleśnie,46-300,Olesno,Sowczyce,oleski,OPOLSKIE,ul.,Jaronia,7,,,,,,,,Gmina Olesno,,,,,Samorządowe
319,Pałac Schoena Muzeum w Sosnowcu ,41-205,Sosnowiec,Sosnowiec,m. Sosnowiec,ŚLĄSKIE,ul.,Chemiczna,12,,,,,,,,Gmina Sosnowiec,,,,,Samorządowe
320,Państwowe Muzeum Archeologiczne w Warszawie,00-241,Warszawa,Warszawa (Śródmieście),m. st. Warszawa,MAZOWIECKIE,ul.,Długa,52,,,,,,,,Województwo Mazowieckie,,,,1998-05-18,Samorządowe
321,Państwowe Muzeum Etnograficzne w Warszawie,00-056,Warszawa,Warszawa (Śródmieście),m. st. Warszawa,MAZOWIECKIE,ul.,Kredytowa,1,,,,,,,,Województwo Mazowieckie,,,,1998-07-06,Samorządowe
322,Podlaskie Muzeum Kultury Ludowej ,16-010,Wasilków ,Jurowce,białostocki,PODLASKIE,ul. ,Leśna ,7,,,,,,,,Województwo Podlaskie,,,,,Samorządowe
323,Powiatowe Muzeum Ziemi Głubczyckiej w Głubczycach,48-100,Głubczyce,Głubczyce,głubczycki,OPOLSKIE,ul.,Rynek,1,,,,,,,,Powiat Głubczycki,,,,,Samorządowe
324,Skansen w Sidzinie-Muzeum Kultury Ludowej,34-236,Sidzina,Sidzina,suski,MAŁOPOLSKIE,ul.,Binkówka,,,,,,,,,Gmina Bystra – Sidzina,,,,,Samorządowe
325,Wielkopolskie Muzeum Niepodległości,61-772,Poznań,Poznań (Poznań-Stare Miasto),m. Poznań,WIELKOPOLSKIE,ul.,Stary Rynek,3,,,,,,,,Minister Kultury i Dziedzictwa Narodowego,Województwo Wielkopolskie,,,,Współprowadzone wpisane do rejestru prowadzonego przez jednostkę samorządu terytorialnego
326,Muzeum Żywiecki Park Etnograficzny ,34-323,Ślemień,Ślemień,żywiecki,ŚLĄSKIE,ul.,Łączna,2A,,,,,,,,Gmina Ślemień ,,,,,Samorządowe
327,Centralne Muzeum Jeńców Wojennych,45-017,Opole,Opole,m. Opole,OPOLSKIE,ul.,Minorytów,3,,,,,,,,Minister Kultury i Dziedzictwa Narodowego,Województwo Opolskie,,,,Współprowadzone wpisane do rejestru prowadzonego przez Ministra Kultury i Dziedzictwa Narodowego
328,Muzeum Dom Rodzinny Ojca Świętego Jana Pawła II w Wadowicach,34-100,Wadowice,Stronie,wadowicki,MAŁOPOLSKIE,ul.,Kościelna,7,,,,,,,,Minister Kultury i Dziedzictwa Narodowego, Archidiecezja Krakowska, Województwo Małopolskie, Gmina Wadowice,,Współprowadzone wpisane do rejestru prowadzonego przez jednostkę samorządu terytorialnego
329,Muzeum - Dom Rodziny Pileckich w Ostrowi Mazowieckiej ,07-300,Ostrów Mazowiecka,Ostrów Mazowiecka,ostrowski,MAZOWIECKIE,ul.,Warszawska,4,,,,,,,,Minister Kultury i Dziedzictwa Narodowego,Miasto Ostrów Mazowiecka,,,,Współprowadzone wpisane do rejestru prowadzonego przez Ministra Kultury i Dziedzictwa Narodowego
330,Muzeum Gross-Rosen w Rogoźnicy. Niemiecki nazistowski obóz koncentracyjny i zagłady (1940 - 1945),58-304,Wałbrzych,Wałbrzych,Wałbrzych,DOLNOŚLĄSKIE,ul.,Szarych Szeregów ,9,,,,,,,,Minister Kultury i Dziedzictwa Narodowego,Województwo Dolnośląskie,,,,Współprowadzone wpisane do rejestru prowadzonego przez Ministra Kultury i Dziedzictwa Narodowego
331,Muzeum Historii Żydów Polskich Polin,00-157,Warszawa,Warszawa (Śródmieście),m. st. Warszawa,MAZOWIECKIE,ul.,Anielewicza,6,,,,,,,,Minister Kultury i Dziedzictwa Narodowego, Miasto Stołeczne Warszawa, Stowarzyszenie Żydowski Instytut Historyczny w Polsce,,,Współprowadzone wpisane do rejestru prowadzonego przez Ministra Kultury i Dziedzictwa Narodowego
332,Muzeum im. Kazimierza Pułaskiego w Warce ,05-660,Warka,Warka,grójecki,MAZOWIECKIE,ul.,K. Pułaskiego,24,,,,,,,,Minister Kultury i Dziedzictwa Narodowego,Powiat Grójecki,,,2018-12-28,Współprowadzone wpisane do rejestru prowadzonego przez jednostkę samorządu terytorialnego
333,Muzeum Jana Pawła II i Prymasa Wyszyńskiego,02-972,Warszawa,Warszawa (Wilanów),m. st. Warszawa,MAZOWIECKIE,ul.,Księdza Prymasa Augusta Hlonda,1,,,,,,,,Archidiecezja Warszawska, Minister Kultury i Dziedzictwa Narodowego ,,,,Współprowadzone wpisane do rejestru prowadzonego przez Ministra Kultury i Dziedzictwa Narodowego
334,Muzeum Józefa Piłsudskiego w Sulejówku,05-070,Sulejówek,Sulejówek,miński,MAZOWIECKIE,ul.,Oleandrów,5,,,,,,,,Minister Kultury i Dziedzictwa Narodowego, Fundacja Rodziny Józefa Piłsudskiego,,,,Współprowadzone wpisane do rejestru prowadzonego przez Ministra Kultury i Dziedzictwa Narodowego
335,Muzeum Literatury im. Adama Mickiewicza w Warszawie,00-272,Warszawa,Warszawa (Śródmieście),m. st. Warszawa,MAZOWIECKIE,ul.,Rynek Starego Miasta ,20,,,,,,,,Minister Kultury i Dziedzictwa Narodowego, Województwo Mazowieckie,,,2001-01-25,Współprowadzone wpisane do rejestru prowadzonego przez jednostkę samorządu terytorialnego
336,Muzeum Narodowe w Gdańsku,80-822,Gdańsk,Gdańsk,m. Gdańsk,POMORSKIE,ul.,Toruńska,1,,,,,,,,Minister Kultury i Dziedzictwa Narodowego, ,,,2003-12-18,Państwowe
337,Muzeum Narodowe w Kielcach,25-010,Kielce,Kielce,m. Kielce,ŚWIĘTOKRZYSKIE,Plac ,Zamkowy ,1,,,,,,,,Minister Kultury i Dziedzictwa Narodowego, Województwo Świętokrzyskie,,,2000-05-22,Współprowadzone wpisane do rejestru prowadzonego przez Ministra Kultury i Dziedzictwa Narodowego
338,Muzeum Narodowe w Szczecinie,70-561,Szczecin,Szczecin,m. Szczecin,ZACHODNIOPOMORSKIE,ul.,Staromłyńska,27,,,,,,,,Minister Kultury i Dziedzictwa Narodowego, Województwo Zachodniopomorskie,,,2011-01-31,Współprowadzone wpisane do rejestru prowadzonego przez jednostkę samorządu terytorialnego
339,Muzeum Narodowe we Wrocławiu,50-153,Wrocław,Wrocław (Wrocław-Stare Miasto),m. Wrocław,DOLNOŚLĄSKIE,Pl. ,Powstańców Warszawy,5,,,,,,,,Minister Kultury i Dziedzictwa Narodowego, ,,,2012-06-26,Państwowe
340,Muzeum Narodowe Ziemi Przemyskiej w Przemyślu,37-700,Przemyśl,Przemyśl,Przemyśl,PODKARPACKIE,pl.,Berka Joselewicza ,1,,,,,,,,Minister Kultury i Dziedzictwa Narodowego, Samorząd Województwa Podkarpackiego,,,,Współprowadzone wpisane do rejestru prowadzonego przez jednostkę samorządu terytorialnego
341,Muzeum Zamkowe w Sandomierzu,27-600,Sandomierz,Sandomierz,sandomierski,ŚWIĘTOKRZYSKIE,ul.,Zamkowa,12,,,,,,,,Minister Kultury i Dziedzictwa Narodowego,Województwo Świętokrzyskie,,,1999-12-28,Współprowadzone wpisane do rejestru prowdzonego przez jednostkę samorządu terytorialnego
342,Muzeum Pamięci Mieszkańców Ziemi Oświęcimskiej,32-600,Oświęcim,Oświęcim,oświęcimski,MAŁOPOLSKIE,ul. ,Maksymiliana Kolbego ,2A,,,,,,,,Minister Kultury i Dziedzictwa Narodowego,Powiat Oświęcimski,,,,Współprowadzone wpisane do rejestru prowadzonego przez jednostkę samorządu terytorialnego
343,Muzeum PAMIĘĆ I TOŻSAMOŚĆ św. Jana Pawła II,87-100,Toruń,Toruń,Toruń,KUJAWSKO-POMORSKIE,,Droga Starotoruńska,3,,,,,,,,Minister Kultury i Dziedzictwa Narodowego,Fundacja LUX VERITATIS,,,,Współprowadzone wpisane do rejestru prowadzonego przez Ministra Kultury i Dziedzictwa Narodowego
344,Muzeum Piastów Śląskich w Brzegu,49-300,Brzeg,Brzeg,brzeski,OPOLSKIE,Plac ,Zamkowy ,1,,,,,,,,Minister Kultury i Dziedzictwa Narodowego, Województwo Opolskie, Powiat Brzeski,,,Współprowadzone wpisane do rejestru prowadzonego przez Ministra Kultury i Dziedzictwa Narodowego
345,Muzeum Podlaskie w Białymstoku,15-426,Białystok,Białystok,m. Białystok,PODLASKIE,ul.,Rynek Kościuszki,10,,,,,,,,Minister Kultury i Dziedzictwa Narodowego,Województwo Podlaskie,,,,Współprowadzone wpisane do rejestru prowadzonego przez jednostkę samorządu terytorialnego
346,Muzeum Polaków Ratujących Żydów podczas II wojny światowej im. Rodziny Ulmów w Markowej ,37-120 ,Markowa ,Markowa ,łańcucki,PODKARPACKIE,,,1487,,,,,,,,Minister Kultury i Dziedzictwa Narodowego,Województwo Podkarpackie ,,,,Współprowadzone wpisane do rejestru prowadzonego przez Ministra Kultury i Dziedzictwa Narodowego
347,Muzeum Sztuki Nowoczesnej w Warszawie,00-124,Warszawa,Warszawa (Śródmieście),m. st. Warszawa,MAZOWIECKIE,ul.,Pańska,3,,,,,,,,Minister Kultury i Dziedzictwa Narodowego, Miasto Stołeczne Warszawa,,,,Współprowadzone wpisane przez rejestru prowadzonego przez jednostkę samorządu terytorialnego
348,Muzeum Sztuki w Łodzi,90-734,Łódź,Łódź (Łódź-Polesie),m. Łódź,ŁÓDZKIE,ul.,Więckowskiego,36,,,,,,,,Minister Kultury i Dziedzictwa Narodowego, Województwo Łódzkie,,,1998-12-28,Współprowadzone wpisane do rejestru prowadzonego przez Ministra Kultury i Dziedzictwa Narodowego
349,Muzeum Śląskie w Katowicach,40-205,Katowice,Katowice,m. Katowice,ŚLĄSKIE,ul.,T. Dobrowolskiego ,1,,,,,,,,Minister Kultury i Dziedzictwa Narodowego, Województwo Śląskie,,,2006-07-07,Współprowadzone wpisane do rejestru prowadzonego przez jednostkę samorządu terytorialnego
350,Muzeum Tatrzańskie im. dra Tytusa Chałubińskiego w Zakopanem,34-500,Zakopane,Zakopane,tatrzański,MAŁOPOLSKIE,ul.,Krupówki,10,,,,,,,,Minister Kultury i Dziedzictwa Narodowego,Województwo Małopolskie,,,2006-07-07,Wspólprowadzone wpisane do rejestru prowadzonego przez jedostkę samorządu terytorialnego
351,Muzeum Treblinka. Niemiecki nazistowski obóz zagłady i obóz pracy (1941-1944),08-330,Kosów Lacki,Kosów Lacki,sokołowski,MAZOWIECKIE,,Wólka Okrąglik,115,,,,,,,,Minister Kultury i Dziedzictwa Narodowego,Województwo Mazowieckie,,,2021-01-01,Współprowadzone wpisane do rejestru prowadzonego przez jednostkę samorządu terytorialnego
352,Muzeum-Zamek w Łańcucie,37-100,Łańcut,Łańcut,łańcucki,PODKARPACKIE,ul.,Zamkowa ,1,,,,,,,,Minister Kultury i Dziedzictwa Narodowego, Województwo Podkarpackie,,,1998-12-28,Współprowadzone wpisane do rejestru prowadzonego przez Ministra Kultury i Dziedzictwa Narodowego
353,Muzeum Ziemi Międzyrzeckiej im. Alfa Kowalskiego ,66-300,Międzyrzec,Międzyrzecz,międzyrzecki,LUBUSKIE,ul.,Podzamcze,2,,,,,,,,Minister Kultury i Dziedzictwa Narodowego,Powiat Międzyrzecki,,,1998-12-28,Współprowadzone wpisane do rejestru prowadzonego przez Ministra Kultury i Dziedzictwa Narodowego
354,Muzeum Żołnierzy Wyklętych ,07-410,Ostrołęka,Ostrołęka,m. Ostrołęka,MAZOWIECKIE,ul.,Traugutta,19,,,,,,,,Minister Kultury i Dziedzictwa Narodowego,,,,,Państwowe
355,Narodowe Muzeum Techniki w Warszawie ,,Warszawa ,m.st. Warszawa,m.st. Warszawa ,MAZOWIECKIE,pl. ,Defilad,1,,,,,,,,Minister Kultury i Dziedzictwa Narodowego,Minister Nauki i Szkolnictwa Wyższego ,,,,Państwowe
356,Muzeum II Wojny Światowej w Gdańsku ,80-862,Gdańsk,Gdańsk,m. Gdańsk,POMORSKIE,Plac,Władysława Bartoszewskiego,1,,,,,,,,Minister Kultury i Dziedzictwa Narodowego,,,,2011-07-15,Państwowe
357,Muzeum Getta Warszawskiego,00-108,Warszawa,m.st. Warszawa,m.st. Warszawa ,MAZOWIECKIE,ul.,Zielna,39,,,,,,,,Minister Kultury i Dziedzictwa Narodowego,,,,,Państwowe
358,Muzeum Historii Polski w Warszawie ,00-560,Warszawa,Warszawa (Śródmieście),m. st. Warszawa,MAZOWIECKIE,ul.,Mokotowska (siedziba tymczasowa),33,35,,,,,,,Minister Kultury i Dziedzictwa Narodowego,,,,,Państwowe
359,"Muzeum Łazienki Królewskie w Warszawie",00-460,Warszawa,Warszawa (Śródmieście),m. st. Warszawa,MAZOWIECKIE,ul.,Agrykoli,1,,,,,,,,Minister Kultury i Dziedzictwa Narodowego,,,,1998-07-06,Państwowe
360,Muzeum Marynarki Wojennej w Gdyni,81-374,Gdynia,Gdynia,m. Gdynia,POMORSKIE,ul.,Zawiszy Czarnego,1b,,,,,,,,Minister Obrony Narodowej,,,,,Państwowe
361,Muzeum Narodowe w Krakowie,30-062,Kraków,Kraków (Kraków-Krowodrza),m. Kraków,MAŁOPOLSKIE,ul.,3 Maja ,1,,,,,,,,Minister Kultury i Dziedzictwa Narodowego,,,,1998-05-18,Państwowe
362,Muzeum Narodowe w Lublinie,20-117,Lublin,Lublin,Lublin,LUBELSKIE,ul.,Zamkowa,9,,,,,,,,Minister Kultury i Dziedzictwa Narodowego,,,,1998-12-28,Państwowe
363,Muzeum Narodowe w Poznaniu,61-745,Poznań ,Poznań (Poznań-Stare Miasto),m. Poznań,WIELKOPOLSKIE,Aleja,Karola Marcinkowskiego,9,,,,,,,,Minister Kultury i Dziedzictwa Narodowego,,,,2004-08-30,Państwowe
364,Muzeum Narodowe w Warszawie,00-495,Warszawa,Warszawa (Śródmieście),m. st. Warszawa,MAZOWIECKIE,Aleje ,Jerozolimsie ,3,,,,,,,,Minister Kultury i Dziedzictwa Narodowego,,,,1998-07-06,Państwowe
365,"Muzeum Pałacu Króla Jana III w Wilanowie",02-958,Warszawa,Warszawa (Wilanów),m. st. Warszawa,MAZOWIECKIE,ul.,Stanisława Kostki Potockiego,10,16,,,,,,,Minister Kultury i Dziedzictwa Narodowego,,,,1998-12-28,Państwowe
366,Muzeum Sił Powietrznych w Dęblinie,08-521,Dęblin,Dęblin (Lotnisko),rycki,LUBELSKIE,ul.,Dywizjonu 303,12,,,,,,,,Minister Obrony Narodowej,,,,,Państwowe
367,Muzeum Stutthof w Sztutowie. Niemiecki nazistowski obóz koncentracyjny i zagłady (1939-1945),82-110,Sztutowo,Kąty Rybackie,nowodworski,POMORSKIE,ul.,Muzealna ,6,,,,,,,,Minister Kultury i Dziedzictwa Narodowego,,,,1998-12-28,Państwowe
368,Muzeum Sztuki i Techniki Japońskiej MANGGHA ,30-302,Kraków,Kraków (Kraków-Podgórze),m. Kraków,MAŁOPOLSKIE,ul.,Marii Konpnickiej,26,,,,,,,,Minister Kultury i Dziedzictwa Narodowego,,,,2013-08-21,Państwowe
369,Muzeum Wojsk Lądowych w Bydgoszczy,85-641,Bydgoszcz,Bydgoszcz,m. Bydgoszcz,KUJAWSKO-POMORSKIE,ul.,Czerkaska,2,,,,,,,,Minister Obrony Narodowej,,,,,Państwowe
370,Muzeum Wojska Polskiego w Warszawie,00-495,Warszawa,Warszawa (Śródmieście),m. st. Warszawa,MAZOWIECKIE,Aleje ,Jerozolmskie,3,,,,,,,,Minister Obrony Narodowej,,,,1999-12-28,Państwowe
371,Muzeum Zamkowe w Malborku,82-200,Malbork,Malbork,malborski,POMORSKIE,ul.,Starościńska,1,,,,,,,,Minister Kultury i Dziedzictwa Narodowego,,,,1998-07-06,Państwowe
372,Muzeum Żup Krakowskich Wieliczka w Wieliczce ,32-020,Wieliczka,Trąbki,wielicki,MAŁOPOLSKIE,ul.,Zamkowa ,8,,,,,,,,Minister Kultury i Dziedzictwa Narodowego,,,,1998-05-18,Państwowe
373,Narodowe Muzeum Morskie w Gdańsku,80-751,"Gdańsk ",Gdańsk,m. Gdańsk,POMORSKIE,ul.,Ołowianka,9-,13,,,,,,,Minister Kultury i Dziedzictwa Narodowego,,,,1999-12-28,Państwowe
374,Państwowe Muzeum Auschwitz-Birkenau w Oświęcimiu,32-603,Oświęcim,Oświęcim,oświęcimski,MAŁOPOLSKIE,ul.,Więźniów Oświęcimia ,20,,,,,,,,Minister Kultury i Dziedzictwa Narodowego,,,,1998-07-06,Państwowe
375,Państwowe Muzeum na Majdanku. Niemiecki nazistowski obóz koncentracyjny i zagłady (1941-1944),20-325,"Lublin ",Lublin,m. Lublin,LUBELSKIE,ul.,Droga Męczenników Majdanka ,67,,,,,,,,Minister Kultury i Dziedzictwa Narodowego,,,,1998-07-06,Państwowe
376,Zamek Królewski na Wawelu – Państwowe Zbiory Sztuki,31-001,Kraków,Kraków (Kraków-Śródmieście),m. Kraków,MAŁOPOLSKIE,ul.,Wawel,5,,,,,,,,Minister Kultury i Dziedzictwa Narodowego,,,,1998-07-06,Państwowe
377,Zamek Królewski w Warszawie – Muzeum. Rezydencja Królów i Rzeczypospolitej,00-277,Warszawa,Warszawa (Śródmieście),m. st. Warszawa,MAZOWIECKIE,pl. ,Zamkowy ,4,,,,,,,,Minister Kultury i Dziedzictwa Narodowego,,,,1998-05-18,Państwowe
378,Muzeum Archidiecezjalne Kardynała Karola Wojtyły ,"31-002 ","Kraków ",Kraków,m. Kraków,MAŁOPOLSKIE,ul.,Kanonicza,19-,21,,,,,,,Archidiecezja Krakowska,,,,,Kościelne
379,Muzeum św. Ojca Stanisława Papczyńskiego w Górze Kalwarii,"05-330"," Góra Kalwaria (Dom Zakonny Zgromadzenia Księży Marianów pod wezwaniem bł. Ojca Stanisław Papczyńskiego w Górze Kalwarii)",Góra Kalwaria,piaseczyński,MAZOWIECKIE,ul.,Stanisława Papczyńskiego ,5A,,,,,,,,Prowincja Polska Zgromadzenia Księży Marianów pod wezwaniem Niepokalanego Poczęcia Najświętszej Marii Panny z siedzibą w Warszawie ,,,,,Kościelne
380,Muzeum Diecezjalne im. bł. Abpa. Antoniego Juliana Nowowiejskiego w Płocku,09-402,Płock,Płock,płocki,MAZOWIECKIE,ul.,Tumska,3,,,,,,,,Diecezja Płocka,,,,,Kościelne
381,"Muzeum Diecezjalne w Drohiczynie im. Jana Pawła II",17-312,"Drohiczyn",Drohiczyn,siemiatycki,PODLASKIE,ul. ,Kraszewskiego,4,,,,,,,,Diecezja Drohiczyńska ,,,,,Kościelne
382,"Muzeum Diecezjalne w Siedlcach","08-110 ","Siedlce",Siedlce,m. Siedlce,MAZOWIECKIE,ul.,Biskupa I. Świrskiego ,56,,,,,,,,Diecezja Siedlecka,,,,,Kościelne
383,Muzeum Diecezji Elbląskiej,82-300,"Elbląg",Nowakowo,elbląski,WARMIŃSKO-MAZURSKIE,ul.,Mostowa ,14-,16,,,,,,,Diecezja Elbląska,,,,,Kościelne
384,Muzeum im. Księdza Walentego Ślusarczyka przy Opactwie O.O. Cysterów w Wąchocku,27-215,Wąchock ,Wąchock,starachowicki,ŚWIĘTOKRZYSKIE,ul. ,Kościelna,14,,,,,,,,Opactwo Ojców Cystersów w Wąchocku ,,,,,Kościelne
385,Muzeum im. św. Jana Pawła II ,75-016,Koszalin (Centrum Pielgrzymkowo - Turystyczne przy Domu Zakonnym - Góra Chełmska),Biesiekierz,koszaliński,ZACHODNIOPOMORSKIE,ul.,Słupska,1,,,,,,,,Szensztacki Instytut Sióstr Maryi (ISSM),,,,,Kościelne
386,Muzeum Markowieckiego Sanktuarium ,"88-320","Strzelno ",Strzelno,mogileński,KUJAWSKO-POMORSKIE,,Markowice,5,,,,,,,,Parafia Rzymskokatolicka pw. Nawiedzenia Najświętszej Maryi Panny w Markowicach,,,,,Kościelne
387,Muzeum Misyjne Sióstr Klawerianek w Krośnie,38-400,Krosno,Krosno,krośnieński,PODKARPACKIE,ul.,Łukasiewicza,62,,,,,,,,Zgromadzenie Sióstr Misjonarek Św. Piotra Klawera w Krośnie,,,,,Kościelne
388,"Muzeum Pomnika Historii Frombork - zespół katedralny we Fromborku",14-530 ,Frombork,Frombork,braniewski,WARMIŃSKO-MAZURSKIE,,Katedralna,8,,,,,,,,Archidiecezja Warmińska,,,,,Kościelne
389,Muzeum Prawosławnej Diecezji Lubelsko-Chełmskiej,21-526 ,"Jabłeczna ",Sławatycze,bialski,LUBELSKIE,ul.,Jabłeczna,1,,,,,,,,Prawosławna Diecezja Lubelsko-Chełmska ,,,,,Kościelne
390,Muzeum Reformacji Polskiej w Mikołajkach,11-730, Mikołajki,Mikołajki,mrągowski,WARMIŃSKO-MAZURSKIE,ul.,Plac Kościelny ,5,,,,,,,,Zgromadzenie Parafialne Parafii Ewangelicko-Augsburskiej Św. Trójcy w Mikołajkach,,,,,Kościelne
391,Muzeum Warszawskiej Metropolii Prawosławnej w Warszawie ,03-403,Warszawa ,Warszawa (Praga-Północ),m. st. Warszawa,MAZOWIECKIE,ul.,św. Cyryla i Metodego ,4,,,,,,,,Warszawska Metropolia Prawosławna,,,,,Kościelne
392,Chojnickie Muzeum Motoryzacji i Techniki,89-600,Chojnice,Chojnice,chojnicki,POMORSKIE,ul.,Stary Rynek,12,7,,,,,,,Liliana Helta, Jordan Rolbiecki ,,,,Utworzone przez osoby fizyczne
393,Chotomowskie Muzeum Techniki Wojskowej w Chotomowie,05-123,Chotomów,Chotomów,legionowski,MAZOWIECKIE,ul.,Baśniowa,1,,,,,,,,Marcin Ptaszyński,,,,,Utworzone przez osoby fizyczne
394,Ekomuzeum Olejarstwa w Zadnodze Olejarnia Staropolska na Roztoczu,22-610,Krynice,Krynice,tomaszowski,LUBELSKIE,,Zadnoga,19,,,,,,,,Anna Kołodziej,,,,,Utworzone przez osoby fizyczne
395,Falenickie Muzeum Historyczne,04-921,Warszawa - Falenica,Warszawa (Wawer),m. st. Warszawa,MAZOWIECKIE,ul.,Biernacka,12,,,,,,,,Paweł Szewczak,,,,,Utworzone przez osoby fizyczne
397,Gdyńskie Muzeum Motoryzacji,81-010,Gdynia,Gdynia,Gdynia,POMORSKIE,ul.,Żwirowa,2c,,,,,,,,Witold Ciążkowski,,,,,Utworzone przez osoby fizyczne
398,Kociewskie Muzeum Motoryzacji i Przemysłu w Starogardzie Gdańskim,83-200,Starogard Gdański,Starogard Gdański,starogardzki,POMORSKIE,ul.,Norwida,2,,,,,,,,"Zbigniew Pielecki, Michał Pielecki, Paweł Pielecki",,,,,Utworzone przez osoby fizyczne
399,Kolbuszowskie Muzeum Techniki Militarnej i Użytkowej,36-100,Kolbuszowa,Kolbuszowa,kolbuszowski,PODKARPACKIE,ul.,P. Por. Sawy,76,,,,,,,,Zdzisław Smyrski ,,,,,Utworzone przez osoby fizyczne
400,Kwidzyńskie Muzeum Rodła,82-500,Kwidzyn,Kwidzyn,kwidzyński,POMORSKIE,ul.,Graniczna,36,,,,,,,,Jacek Synakiewicz,,,,,Utworzone przez osoby fizyczne
401,Lokalne Muzeum Techniki Wojskowej i Cywilnej,05-270,Marki,Marki (Czarna Struga),wołomiński,MAZOWIECKIE,ul.,Zieleniecka,47,,,,,,,,Krzysztof Gendek,,,,,Utworzone przez osoby fizyczne
402,Lubelskie Muzeum Historii Wojskowości – Ars Militaris,20-868,Lublin,Lublin,Lublin,LUBELSKIE,ul.,Karpacka,60,,,,,,,,Paweł Wójcik,,,,,Utworzone przez osoby fizyczne
403,Lubelskie Muzeum Techniki Wojskowej i Użytkowej w Jelnicy,21-560,Miedzyrzec Podlaski,Jelnica,bialski,LUBELSKIE,,Jelnica,166,,,,,,,,Witold Witkowski,Agnieszka Matejko,Maciej Mienkus,,,Utworzone przez osoby fizyczne
404,Małe Muzeum Ludowe u Kowalskich ,55-100,Trzebnica,Pawłów Trzebnicki,trzebnicki,DOLNOŚLĄSKIE,,Marcinowo,2,,,,,,,,Marian Kowalski ,,,,,Utworzone przez osoby fizyczne
405,Mazowieckie Muzeum Militarne,05-120,Legionowo,Legionowo,legionowski,MAZOWIECKIE,ul.,Dębowa,11,,,,,,,,Łukasz Walnik,,,,,Utworzone przez osoby fizyczne
406,Muzeum 303 im. ppłk. pil. Jana Zumbacha w Napoleonie,42-165,Lipie,Lipie,kłobucki,ŚLĄSKIE,,Napoleon,35A,,,,,,,,Tomasz Kajkowski,,,,,Utworzone przez osoby fizyczne
407,Muzeum Afryki w Sobanicach ,09-162,Nacpolsk,Nacpolsk,płoński,MAZOWIECKIE,,Sobanice,45A,,,,,,,,Marta Kołodziej ,,,,,Utworzone przez osoby fizyczne
408,Muzeum Archeologii Pól Bitewnych Twierdzy Przemyśl w Przemyślu ,37-700,Przemyśl ,Przemyśl ,przemyski,PODKARPACKIE,ul. ,Zielińskiego ,14,7A,,,,,,,Jacek Dzik ,,,,,Utworzone przez osoby fizyczne 
409,Muzeum – Archeoskansen grodu warownego z X w.,43-246,Strumień,Pruchna,cieszyński,ŚLĄSKIE,ul.,Graniczna dz. ,1162,1,,,,,,,Sylwester Zalewski ,,,,,Utworzone przez osoby fizyczne
410,Muzeum Artylerii Ziemi Przemyskiej,37-700,Przemyśl,Przemyśl,Przemyśl,PODKARPACKIE,,Ostrów,22,,,,,,,,Andrzej Potoczny,,,,,Utworzone przez osoby fizyczne
411,Muzeum Artystów Polskich,05-071,Sulejówek,Sulejówek,miński,MAZOWIECKIE,ul.,Stefana Żeromskiego,19,,,,,,,,Joanna Beata Wyrostkiewicz-Wasilka,,,,,Utworzone przez osoby fizyczne
412,Muzeum Arystokracji Śląskiej,55-110,Prusice,Prusice,trzebnicki,DOLNOŚLĄSKIE,,Piotrkowice Pałac,74,,,,,,,,Arkadiusz Michoński,,,,,Utworzone przez osoby fizyczne
413,"Muzeum Automobilizmu, Techniki i Marynistyki w Trzebieży",72-020,Trzebież,Police,policki,ZACHODNIOPOMORSKIE,ul.,Dolna,21,,,,,,,,Janusz Baczewicz,,,,,Utworzone przez osoby fizyczne
415,Muzeum Betonowego Schronu Bojowego JS 1941 w Medyce,35-055,Rzeszów,Rzeszów,Rzeszów,PODKARPACKIE,ul.,Adama Naruszewicza,13,1,,,,,,,Jerzy Marek Solecki,,,,,Utworzone przez osoby fizyczne
416,Muzeum Bohaterów Września 1939 im. Jerzego Waszkiewicza,00-132,Warszawa,Warszawa (Śródmieście),m. st. Warszawa,MAZOWIECKIE,ul.,Grzybowska,16/22,1525,,,,,,,Dominik Waszkiewicz,,,,,Utworzone przez osoby fizyczne
417,Muzeum Bombek Choinkowych w Nowej Dębie,39-460,Nowa Dęba,Nowa Dęba,tarnobrzeski,PODKARPACKIE,ul.,Wojska Polskiego,1c,,,,,,,,Janusz Biliński,,,,,Utworzone przez osoby fizyczne
418,"Muzeum Broni Dawnej i Nowej, Pojazdów Militarnych i Wyposażenia Wojskowego",75-259 ,Koszalin ,Koszalin,koszaliński,ZACHODNIOPOMORSKIE,ul. ,Picassa ,9,,,,,,,,Robert Kiryluk,,,,,Utworzone przez osoby fizyczne 
419,Muzeum Broni i Militariów w Lubawie,14-260,Lubawa,Lubawa,iławski,WARMIŃSKO-MAZURSKIE,ul.,Przemysłowa,2,,,,,,,,Jarosław Kijewski,,,,,Utworzone przez osoby fizyczne
420,Muzeum Broni Historycznej i Współczesnej w Poroście,76-020,Bobolice,Bobolice,koszaliński,ZACHODNIOPOMORSKIE,,Porost 50a,,,,,,,,,Marek Tomaszewski,,,,,Utworzone przez osoby fizyczne
421,Muzeum Broni i Militariów w Przasnyszu,06-300,Przasnysz,Przasnysz,przasnyski,MAZOWIECKIE,ul.,Glinki,8,,,,,,,,Daniel Duchnowski,,,,,Utworzone przez osoby fizyczne
422,"Muzeum Broni i Sprzętu Wojskowego Mauser w Dzierzgoniu",82-440,Dzierzgoń,Dzierzgoń,sztumski,POMORSKIE,ul.,Wojska Polskiego,24,,,,,,,,Mirosław Procyk,,,,,Utworzone przez osoby fizyczne
423,Muzeum Broni i Wyposażenia Piechoty w Warszawie,02-755,Warszawa,Warszawa (Mokotów),m. st. Warszawa,MAZOWIECKIE,ul.,Krucza,41/43,83,,,,,,,Maciej Tylski ,,,,,Utworzone przez osoby fizyczne
424,Muzeum Broni w Stanisławowie,59-424,Stanisławów ,Męcinka ,jaworski ,DOLNOŚLĄSKIE,, ,41,2,,,,,,,Przemysław Kusek ,,,,,Utworzone przez osoby fizyczne 
425,Muzeum Bursztynu w Ustce,76-270,Ustka,Ustka,słupski,POMORSKIE,ul.,Słowiańska,35a,1,,,,,,,Paulina Szyłko,,,,,Utworzone przez osoby fizyczne 
426,Muzeum Czynu Zbrojnego w Lipcach Reymontowskich,96-127,Lipce Reymontowskie,Lipce Reymontowskie,skierniewicki,ŁÓDZKIE,ul.,Reymonta,22,,,,,,,,Jerzy Murgrabia,,,,,Utworzone przez osoby fizyczne
427,Muzeum Czynu Zbrojnego Żywiecczyzny w Żywcu,34-300,Żywiec,Żywiec,żywiecki,ŚLĄSKIE,ul.,Wolności,4,,,,,,,,Artur Caputa, Mariusz Tomaszek, Mirosław Augustyński,,,Utworzone przez osoby fizyczne
428,Muzeum Dawnej Broni i Osobliwości w Strzyżawie ,86-070,Dąbrowa Chełmińska,Dąbrowa Chełmińska,bydgoski,KUJAWSKO-POMORSKIE,,Strzyżawa,43,,,,,,,,Andrzej Dulcet,Renata Dulcet,,,,Utworzone przez osoby fizyczne
429,Muzeum Dewocjonaliów i Rzeczy Osobistych w Ostrowi Mazowieckiej,07-300,Ostrów Mazowiecka,Ostrów Mazowiecka,ostrowski,MAZOWIECKIE,ul. ,Antoniego Bałdygi,12,,,,,,,,Aneta Żyłowska ,Cezary Łukasik ,,,,Utworzone przez osoby fizyczne 
430,Muzeum Doctor Villa w Koszęcinie,42-286,Koszęcin,Koszęcin, lubliniecki,ŚLĄSKIE,ul. ,Ligonia,8,,,,,,,,Katarzyna Mańko,,,,,Utworzone przez osoby fizyczne 
431,Muzeum Doliny Liwca,08-110,Siedlce,Siedlce,siedlecki,MAZOWIECKIE,,Pruszynek,58B,,,,,,,,Michał Krasuski,,,,,Utworzone przez osoby fizyczne 
432,Muzeum 4 Pułku Strzelców Podhalańskich,43-400,Cieszyn,Cieszyn,cieszyński,ŚLĄSKIE,ul.,Frysztacka,2,,,,,,,,Krzysztof Neścior,,,,,Utworzone przez osoby fizyczne
433,Muzeum II Korpusu Polskiego w Józefowie,05-420,Józefów,Józefów,otwocki,MAZOWIECKIE,ul.,Kasztanowa,6,,,,,,,,Mariusz Niewiedzielski,,,,,Utworzone przez osoby fizyczne
434,Muzeum II Wojny Światowej w Lubiszynie,66-433,Lubiszyn,Lubiszyn,gorzowski,LUBUSKIE,ul.,Polna,1,,,,,,,,Jan Lewek,,,,,Utworzone przez osoby fizyczne
435,Muzeum Dawnej Motoryzacji i Techniki Kontrasty w Świnoujściu,72-600,Świnoujście,Świnoujście,Świnoujście,ZACHODNIOPOMORSKIE,pl.,Słowiański,15,,,,,,,,Rafał Tyszkiewicz,,,,,Utworzone przez osoby fizyczne
436,"Muzeum Dawnej Wsi Domek Tkaczki",26-120,Bliżyn,Bliżyn,skarżyski,ŚWIĘTOKRZYSKIE,ul.,Zafabryczna,35,,,,,,,,Urszula Jędrzejczyk, Grzegorz Jędrzejczyk ,,,,Utworzone przez osoby fizyczne
437,Muzeum Dolina Psarki ,27-225,Pawłów,Świętomarz,starachowicki,ŚWIĘTOKRZYSKIE,ul.,Tarczek,24,,,,,,,,Michał Sokalski ,,,,,Utworzone przez osoby fizyczne
438,Muzeum Dwór Feillów ,32-420,Gdów,Gdów,wielicki,MAŁOPOLSKIE,,Zręczyce,51,,,,,,,,Aneta Tyl, Krzysztof Tyl,,,,Utworzone przez osoby fizyczne
439,Muzeum Dziedzictwa Kulturowego,80-410,Szczecin,Gdańsk,m. Gdańsk,POMORSKIE,ul.,św. Wojciecha,1,,,,,,,,Wojciech Lizak, Karol Lizak,,,,Utworzone przez osoby fizyczne
440,Muzeum 3 Dywizji Piechoty Legionów w Zamościu,22-400,Zamość,Zamość,zamojski,LUBELSKIE,ul.,Ordynacka,47,,,Skokówka,,,,,Maciej Podgórski ,,,,,Utworzone przez osoby fizyczne
441,Muzeum Eksploracji w Przeźmierowie,62-081,Przeźmierowo,Dąbrowa,poznański,WIELKOPOLSKIE,ul.,Składowa,40A,,,,,,,,Zygmunt Adamski, Piotr Lewandowski,,,,Utworzone przez osoby fizyczne
442,Muzeum Eksploracji Ziem Polskich w Poznaniu,61-311,Poznań,Poznań,Poznań,WIELKOPOLSKIE,ul.,Przyjemna,18,,,,,,,,Anna Lińska,,,,,Utworzone przez osoby fizyczne
443,Muzeum Elwiro Michała Andriollego,05-410,Józefów,Józefów,otwocki,MAZOWIECKIE,ul.,Słoneczna,20,,,,,,,,Robert Lewandowski,,,,,Utworzone przez osoby fizyczne
444,"Muzeum Etnograficzno - Archeologiczne KLEISTMETAL",83-331,Żukowo Przyjaźń,Łapino Kartuskie,kartuski,POMORSKIE,ul.,Sosnowa,21,,,,,,,,Krystian Adamczyk,,,,,Utworzone przez osoby fizyczne
445,Muzeum Fiata 126p,43-300,Bielsko - Biała,Bielsko-Biała,bielski,ŚLĄSKIE,ul.,Karpacka,44,,,,,,,,Antoni Przychodzień,,,,,Utworzone przez osoby fizyczne
446,Muzeum Fort XII Werner w Żurawicy,37-710,Żurawica k. Przemyśla,Żurawica,przemyski,PODKARPACKIE,ul.,Forteczna,20,,,,,,,,Sławomir Golonka,,,,,Utworzone przez osoby fizyczne
447,Muzeum Foteli Katapultowych w Oleśnicy,56-400,Oleśnica,Oleśnica,oleśnicki,DOLNOŚLĄSKIE,ul.,Ludwikowska,27,,,,,,,,Radosław Szukała,,,,,Utworzone przez osoby fizyczne
448,Muzeum Fotografii w Janowie Lubelskim,23-300,Janów Lubelski,Janów Lubelski,janowski,LUBELSKIE,ul.,Jana Zamoyskiego,20,,,,,,,,Antoni Florczak ,,,,,Utworzone przez osoby fizyczne
449,Muzeum Frontu Wschodniego,03-301,Warszawa,Warszawa (Praga-Północ),m. st. Warszawa,MAZOWIECKIE,ul.,Jagiellońska,49c,26,,,,,,,Artur Steckiewicz,,,,,Utworzone przez osoby fizyczne
450,Muzeum Galeria Sulmin w Sulminie(w organizacji),83-331,Sulmin,Żukowo,kartuski,POMORSKIE,,Sulmin,33,,,,,,,,Alicja Solarewicz-Zawierucha,,,,,Utworzone przez osoby fizyczne
451,Muzeum Galicyjskich Wsi i Pobojowisk w Łaskach,38-200,Łaski,Jasło,jasielski,PODKARPACKIE,,Łaski,207,,,,,,,,Klaudiusz Kotulak,,,,,Utworzone przez osoby fizyczne
452,Muzeum Górnictwa i Historii Złotego Stoku,57-250,Złoty Stok ,Złoty Stok ,ząbkowicki ,DOLNOŚLĄSKIE,ul. ,Złota ,9,,,,,,,,Elżbieta Szumska ,,,,,Utworzone przez osoby fizyczne 
453,Muzeum Górnictwa i Hutnictwa Staropolskiego w Warszawie ,01-864,Warszawa,m.st. Warszawa,m.st. Warszawa ,MAZOWIECKIE,ul.,Kochanowskiego,52,178,,,,,,,Stanisław Krupa,,,,,Utworzone przez osoby fizyczne 
454,Muzeum Góry Sowie Region Sudety,58-250,Pieszyce,Pieszyce,dzierżoniowski,DOLNOŚLĄSKIE,ul.,Kamionki,12,,,,,,,,Józef Przeorek, Michał Przeorek,,,,Utworzone przez osoby fizyczne
455,Muzeum Gross Born w Bornem Sulinowie,78-449,Borne Sulinowo,Borne Sulinowo,szczecinecki,ZACHODNIOPOMORSKIE,ul.,Marii Konopnickiej,9,,,,,,,,Dariusz Czerniawski,,,,,Utworzone przez osoby fizyczne
456,"Muzeum Hełm w Chełmie",59-305,Rudna,Rudna,lubiński,DOLNOŚLĄSKIE,,Chełm,33,,,,,,,,Ryszard Biskup,,,,,Utworzone przez osoby fizyczne
457,Muzeum Historii Artylerii,05-319,Cegłów,Cegłów,miński,MAZOWIECKIE,,Rudnik,57,,,,,,,,Łukasz Cichosz,,,,,Utworzone przez osoby fizyczne
458,Muzeum Historii Bieszczad w Czarnej Górnej ,38-710,Czarna Górna,Czarna Górna,bieszczadzki,PODKARPACKIE,,Czarna Górna,6,,,,,,,,Rafał Dudka, LeAnn Dudka ,,,,Utworzone przez osoby fizyczne
459,Muzeum Historii Czułowa w Tychach,43-100,Tychy,Tychy,Tychy,ŚLĄSKIE,ul.,Klonowa,25,,,,,,,,Gabriel Pierończyk,,,,,Utworzone przez osoby fizyczne
460,Muzeum Historii i Działań Zbrojnych,99-320,Żychlin,Żychlin,kutnowski,ŁÓDZKIE,ul.,Krasickiego,8,,,,,,,,Bogdan Szalaty,,,,,Utworzone przez osoby fizyczne
461,Muzeum Historii i Militariów w Czarnej Wodzie,83-262,Czarna Woda,Czarna Woda,starogardzki,POMORSKIE,ul.,Chojnicka,20,,,,,,,,Piotr Kazimierz Szulc,,,,,Utworzone przez osoby fizyczne
462,"Muzeum Historii Gospodarki, Finansów i Rozwoju Przedsiębiorczości Na Ziemiach Polskich",05-804,Pruszków,Pruszków,pruszkowski,MAZOWIECKIE,,skr. Poczt.,90,,,,,,,,Krzysztof Kotyński ,,,,,Utworzone przez osoby fizyczne
463,Muzeum Historii Komputerów i Informatyki,40-061,Katowice ,Katowice,m. Katowice,ŚLĄSKIE,Plac,Oddziałów Młodzieży Powstańczej,1,,,,,,,,Krzysztof Chwałowski, Zbigniew Rudnicki, Dariusz Walerjański ,,,Utworzone przez osoby fizyczne
464,Muzeum Historii Modlina i Nowego Dworu Mazowieckiego,05-102,Nowy Dwór Mazowiecki,Nowy Dwór Mazowiecki ,nowodworski,MAZOWIECKIE,uL. ,Generała Thommee,10,,,,,,,,Dariusz Banaszek ,,,,,Utworzone przez osoby fizyczne 
465,Muzeum Historii Najnowszej w Poznaniu,61-838,Poznań,Poznań,poznański,WIELKOPOLSKIE,ul.,Wrocławska,9,,,,,,,,Sławomir Cichocki,,,,,Utworzone przez osoby fizyczne 
466,Muzeum Historii Ubioru,61-881,Poznań,Poznań,poznański,WIELKOPOLSKIE,ul.,Kwiatowa,14,2,,,,,,,Anna Moryto,,,,,Utworzone przez osoby fizyczne 
467,Muzeum Historii Wielkopolskiego Leśnictwa 1920-1945 w Bronisławiu,36-025,Witowo,Krzykosy,Środa Wielkopolska,WIELKOPOLSKIE,,Bronisław ,1,,,,,,,,Andrzej i Justyna Antowscy,,,,,Utworzone przez osoby fizyczne
468,Muzeum Historii - Włosień i okolice we Włosieniu,59-816,Platerówka,Platerówka,lubański,DOLNOŚLĄSKIE,,Włosień,127,,,,,,,,"Leszek Stępień, Marcin Stępień",,,,,Utworzone przez osoby fizyczne
469,Muzeum Historii Wojskowości Polskiej w Warszawie,01-168,Warszawa,m.st. Warszawa,m.st. Warszawa ,MAZOWIECKIE,ul.,Syreny,44,,,,,,,,Piotr Andrzej Fudała,,,,,Utworzone przez osoby fizyczne
470,Muzeum Historii Ziemi Ciechanowskiej,06-400,Ciechanów,Ciechanów,ciechanowski,MAZOWIECKIE,ul.,Ks. Konrada II,9,3,,,,,,,Paweł Podlasiński ,,,,,Utworzone przez osoby fizyczne
471,Muzeum Historii Ziemi Rudnickiej w Rudniku nad Sanem,37-420,Rudnik nad Sanem,Sudnik nad Sanem,niżański,PODKARPACKIE,ul.,Mickiewicza,136a,,,,,,,,Marek Mierzwa,,,,,Utworzone przez osoby fizyczne
472,Muzeum Historyczne Broni Pancernej,05-140,Serock,Serock,legionowski,MAZOWIECKIE,,Zabłocie Święcienica,3,,,,,,,,Bogdan Powała ,,,,,Utworzone przez osoby fizyczne
473,Muzeum Historyczne Bunkier Otryt,38-713,Lutowiska,Lutowiska,bieszczadzki,PODKARPACKIE,,Lutowiska,98,9,,,,,,,Jarosław Brzeski,,,,,Utworzone przez osoby fizyczne
474,"Muzeum Historyczne Frontu Wschodniego",05-120,Legionowo,Legionowo,legionowski,MAZOWIECKIE,ul.,Krucza,27,,,,,,,,Tomasz Dziczek,,,,,Utworzone przez osoby fizyczne
475,Muzeum Historyczne Północne Mazowsze i Garnizon Różan 1914- 1945,06-230,Różan,Różan,makowski,MAZOWIECKIE,,Kaszewiec,52,,,,,,,,Wojciech Wielgosz,,,,,Utworzone przez osoby fizyczne
476,Muzeum Historyczne w Strzepczu,84-223,Linia,Linia,wejherowski,pomorskie,,Strzepcz,4,,,,,,,,Piotr Lisiński,,,,,Utworzone przez osoby fizyczne
477,Muzeum Historyczne w Sulejówku,05-071,Sulejówek,Sulejówek (Miłosna),miński,MAZOWIECKIE,ul.,Szosowa,26,,,,,,,,Robert Buczek ,,,,,Utworzone przez osoby fizyczne
478,Muzeum Historyczne Warszawa Kampinos 1939,05-152,Czosnów Kazuń Polski ,Czosnów,nowodworski,MAZOWIECKIE,ul.,Jeziorna,110,,,,,,,,Wojciech Hejnrych,,,,,Utworzone przez osoby fizyczne
479,Muzeum Historyczne - Zespół Pałacowy w Patrykozach,08-311,Bielany,Bielany-Żylaki,sokołowski,MAZOWIECKIE,,Patrykozy,29,,,,,,,,Maurycy Zając, Grażyna Spinkowska,,,,Utworzone przez osoby fizyczne
480,Muzeum Historyczno-Etnograficzne w Andrychowie,34-120,Andrychów,Andrychów,wadowicki,MAŁOPOLSKIE,ul.,Podgórska,3,,,,,,,,Iwona Elżbieta Dyla,,,,,Utworzone przez osoby fizyczne
481,Muzeum Historyczno-Etnograficzne w Gorzkowie ,22-315,Gorzków,Gorzków,krasnostawski,LUBELSKIE,,Gorzków Wieś,89,,,,,,,,Krzysztof Sokołowski,,Maria Sokołowska,,,Utworzone przez osoby fizyczne
482,Muzeum Historyczno-Etnograficzne w Osieku,99-414,Kocierzew,Kocierzew Południowy,łowicki,ŁÓDZKIE,,Osiek Dwór,,,,,,,,,Filip Bacciarelli,,,,,Utworzone przez osoby fizyczne
483,"Muzeum Historyczno – Przyrodnicze Pamiątka",05-080,Izabelin,Izabelin C,warszawski zachodni,MAZOWIECKIE,ul.,3 Maja ,49,,,,,,,,Piotr Bakoń ,,,,,Utworzone przez osoby fizyczne
484,Muzeum - Historyczny Dolny Śląsk,58-520,Janowice Wielkie,Janowice Wielkie,jeleniogórski,DOLNOŚLĄSKIE,ul. ,Robotnicza,8A,,,,,,,,Małgorzata Piątek ,,,,,Utworzone przez osoby fizyczne 
485,Muzeum Historycznych Pojazdów Militarnych i Techniki Motoryzacyjnej w Boczkach,98-240,Szadek,Szadek,zduńskowolski,ŁÓDZKIE,,Boczki,38,,,,,,,,Jacek Kopczyński ,,,,,Utworzone przez osoby fizyczne
486,Muzeum Humoru i Absurdu w Poznaniu,61-309,Poznań,Poznań (Poznań-Nowe Miasto),m. Poznań,WIELKOPOLSKIE,ul.,Bodawska,11,,,,,,,,Malwina Łukowska,,,,,Utworzone przez osoby fizyczne
487,Muzeum Ikon i Kultury Staroobrzędowców,12-220,Ruciane Nida,Ruciane-Nida,piski,WARMIŃSKO-MAZURSKIE,,Wojnowo,76,,,,,,,,Tomasz Ludwikowski,,,,,Utworzone przez osoby fizyczne
488,Muzeum im. Michała Drzymały w Miasteczku Krajeńskim,89-350,Miasteczko Krajeńskie,Miasteczko Krajeńskie,pilski,WIELKOPOLSKIE,Plac,Wolności,13,,,,,,,,Kazimierz Pospieszny ,,,,,Utworzone przez osoby fizyczne
489,"Muzeum im. mjr. Władysława Nowakowskiego Żubra",01-437,Warszawa,Warszawa (Wola),m. st. Warszawa,MAZOWIECKIE,ul.,Bolecha,90,,,,,,,,Waldemar Nowakowski ,,,,,Utworzone przez osoby fizyczne
490,Muzeum Jazda Historyczna – Galeria Pojazdów i Staroci,43-430,Ochaby Wielkie,Skoczów,cieszyński,ŚLĄSKIE,ul.,Główna,173,,,,,,,,Zygmunt Bieniek,,,,,Utworzone przez osoby fizyczne
491,Muzeum Jednostek Specjalnych i Wojsk Powietrzno - Desantowych ,04-696,Warszawa,Warszawa (Wawer),m. st. Warszawa,MAZOWIECKIE,ul.,Piechurów,20,,,,,,,,Paweł Kleszczewski ,,,,,Utworzone przez osoby fizyczne
492,Muzeum – Kasa Biletowa z pamiątkami kolejowymi Jerzego Grabowskiego,07-417,Ostrołęka,Ostrołęka,Ostrołęka,MAZOWIECKIE,,Plac Dworcowy,,,,,,,,,Jerzy Grabowski,,,,,Utworzone przez osoby fizyczne
493,"Muzeum Kaszubska Zagroda Bielickowo",83-304,Przodkowo,Przodkowo,kartuski,POMORSKIE,,Kawle Dolne,7,,,,,,,,Czesław Bielicki,,,,,Utworzone przez osoby fizyczne
494,Muzeum Kart do Gry,05-091,Ząbki,Ząbki,wołomiński,MAZOWIECKIE,ul.,Jodłowa,22,,,,,,,,Andrzej Rzepkowski,,,,,Utworzone przez osoby fizyczne
495,Muzeum Kolekcji Dwór Muławki,11-400,Kętrzyn,Kętrzyn,kętrzyński,WARMIŃSKO-MAZURSKIE,ul.,Muławki,12,2,,,,,,,Paweł Lipko,,,,,Utworzone przez osoby fizyczne
496,Muzeum Kolekcji Macieja Głowackiego,62-004,Czerwonak,Owińska,poznański,WIELKOPOLSKIE,ul.,Gdyńska,27,1,,,,,,,Maciej Głowacki,,,,,Utworzone przez osoby fizyczne
497,Muzeum Komunikacji w Paterku,89-100,Nakło Paterek,Paterek,nakielski,KUJAWSKO-POMORSKIE,ul.,Łąkowa,34A,,,,,,,,Artur Robert Lemański,,,,,Utworzone przez osoby fizyczne
498,Muzeum Konfliktów Zbrojnych w Warszawie,02-715,Warszawa,Warszawa (Mokotów),m. st. Warszawa,MAZOWIECKIE,ul.,Puławska,233,4,,,,,,,Piotr Szalaty,,,,,Utworzone przez osoby fizyczne
499,Muzeum Kowalstwa i Ślusarstwa Mierzwińskich w Hajnówce,17-200,Hajnówka,Klejniki,hajnowski,PODLASKIE,ul.,Lipowa,1,,,,,,,,Stanisław Mierzwiński,,,,,Utworzone przez osoby fizyczne
500,Muzeum Kresów i Ziemi Ostrowskiej im. Marzeny i Zbigniewa Banaszków w Ostrowi Mazowieckiej,07-300,Ostrów Mazowiecka,Ostrów Mazowiecka,ostrowski,MAZOWIECKIE,ul.,Lubiejewska,158,,,,,,,,Zbigniew Banaszek,,,,,Utworzone przez osoby fizyczne
501,Muzeum Kultury Romów w Warszawie,03-936,Warszawa,Warszawa (Praga-Południe),m. st. Warszawa,MAZOWIECKIE,ul.,Zwycięzców,3-,5 m. 1 ,,,,,,,Andrzej Grzymała – Kazłowski ,,,,,Utworzone przez osoby fizyczne
502,Muzeum Kurpiowskie w Wachu,07-420,Kadzidło,Kadzidło,ostrołęcki,MAZOWIECKIE,,Wach,14,,,,,,,,Zdzisław Bogdan Bziukiewicz,Laura Maria Bziukiewicz,,,,Utworzone przez osoby fizyczne
503,Muzeum Lalek w Pilźnie,39-220,Pilzno,Pilzno,dębicki,PODKARPACKIE,ul.,Grodzka,24,,,,,,,,Zofia Gągała-Bohaczyk,,,,,Utworzone przez osoby fizyczne
504,Muzeum Lisewski Zakątek w Lisewie,87-400,Lisewo ,Golub - Dobrzyń ,golubsko-dobrzyński,KUJAWSKO-POMORSKIE,,,56,,,,,,,,Tomasz Stefański ,,,,,Utworzone przez osoby fizyczne 
505,Muzeum Lwóweckie w Lwówku Śląskim,59-600,Lwówek Śląski,Lwówek Śląski,lwówecki ,DOLNOŚLĄSKIE,Plac ,Wolności ,22,,,,,,,,Dorota Zawadzka,Robert Zawadzki ,,,,Utworzone przez osoby fizyczne 
506,Muzeum Łączności w Redzie,84-240,Reda,Reda,wejherowski,POMORSKIE,ul.,Gniewowska,74,,,,,,,,Marcin Talaśka ,,,,,Utworzone przez osoby fizyczne
507,Muzeum Miasta Słupska ,76-200,Słupsk,Słupsk,m. Słupsk,POMORSKIE,ul.,Bauera,14,,,,,,,,Grzegorz Rataj ,,,,,Utworzone przez osoby fizyczne
508,Muzeum Militariów 1914-1945,74-510,Trzcińsko-Zdrój,Trzcińsko-Zdrój,gryfiński,ZACHODNIOPOMORSKIE,ul.,Dworcowa,39,,,,,,,,Piotra Mańczak,Jakub Mańczak,,,,Utworzone przez osoby fizyczne
509,Muzeum Militariów Atena w Skwierzynie,66-440,Skwierzyna,Skwierzyna,międzyrzecki,LUBUSKIE,ul.,Rzeźnicka,1,,,,,,,,Agnieszka Kuś – Ratownictwo Drogowe Anhol,,,,,Utworzone przez osoby fizyczne
511,Muzeum Militariów i Historii Galicji we Frysztaku,38-130,Frysztak,Frysztak,strzyżowski,PodkaRPACKIE,,Pułanki,23,,,,,,,,Michał Król,,,,,Utworzone przez osoby fizyczne
512,"Muzeum Militariów i Techniki Wojskowej Kompania Szklary",48-388,Kamiennik,Kamiennik,nyski,OPOLSKIE,,Szklary,102,,,,,,,,Jan Kosakiewicz,,,,,Utworzone przez osoby fizyczne
513,Muzeum Militariów i Techniki w Woli Sękowej ,28-505,Bukowsko,Bukowsko,sanocki,PODKARPACKIE,,Wola Sękowa,52,,,,,,,,Krzysztof Mindur,,,,,Utworzone przez osoby fizyczne
514,Muzeum Militariów w Gowarzewie,63-004,Gowarzewo,Kleszczewo,poznański,WIELKOPOLSKIE,ul.,Lawendowa,43,,,,,,,,Mikołaj Szczepaniak,,,,,Utworzone przez osoby fizyczne
515,Muzeum Militariów w Tywicy,74-110,Banie,Banie,gryfiński,ZACHODNIOPOMORSKIE,,Tywica,32/1,,,,,,,,Patryk Wiśniewski,,,,,Utworzone przez osoby fizyczne
516,Muzeum Militarnej Historii w Bornem Sulinowie,78-449,Borne Sulinowo,Borne Sulinowo,szczecinecki,ZACHODNIOPOMORSKIE,ul.,Wojska Polskiego,1,,,,,,,,Wiesław Bartoszek,Grzegorz Tyluś, Kamil Bartoszek ,,,Utworzone przez osoby fizyczne
517,Muzeum Militarnej Historii Ziemi Raciąskiej w Raciążu,09-140,Raciąż,Raciąż,płoński,MAZOWIECKIE,ul.,Lipowa,15,,,,,,,,Grzegorz Domański,,,,,Utworzone przez osoby fizyczne
518,Muzeum Mineralogiczne ze zbiorów Renaty Sokołowskiej w Szklarskiej Porębie,58-580,Szklarska Poręba,Szklarska Poręba,jeleniogórski,DOLNOŚLĄSKIE,ul.,Kilińskiego,20,,,,,,,,Renata Sokołowska,,,,,Utworzone przez osoby fizyczne
519,Muzeum Miniaturowej Sztuki Profesjonalnej Henryk Jan Dominiak w Tychach ,43-100,Tychy,Tychy,m. Tychy,ŚLĄSKIE,ul.,Żwakowska,8,66,,,,,,,Henryk Jan Dominiak ,,,,,Utworzone przez osoby fizyczne
520,Muzeum Misji Zagranicznych Wojska Polskiego w Feliksowie,05-083,Zaborów ,Zaborów ,warszawski zachodni,MAZOWIECKIE,ul. ,Świerkowa ,5,,,,,,,,Jacek Roszkowski ,,,,,Utworzone przez osoby fizyczne 
521,Muzeum Młynarstwa i Rolnictwa w Osiecznej,64-100,Leszno,Leszno,m. Leszno,WIELKOPOLSKIE,ul.,Dekana,8,,,,,,,,Jarosław Jankowski,,,,,Utworzone przez osoby fizyczne
522,"Muzeum Młynarstwa, Techniki i Rzemiosła Wiejskiego im. Józefa Winiarskiego",33-316,Rożnów,Rożnów,nowosądecki,MAŁOPOLSKIE,,Roztoka Brzeziny,105,,,,,,,,Michał Winiarski,,,,,Utworzone przez osoby fizyczne
523,Muzeum Motocykli Zabytkowych w Stężycy ,83-322,Stężyca,Gołubie,kartuski,POMORSKIE,ul.,Marii Konpnickiej,4,,,,,,,,Jarosław Czapiewski ,,,,,Utworzone przez osoby fizyczne
524,Muzeum Motoryzacji,34-143,Lanckorona,Lanckorona,wadowicki,MAŁOPOLSKIE,,Lanckorona,290,,,,,,,,Józef Zaręba ,,,,,Utworzone przez osoby fizyczne
525,Muzeum Motoryzacji – Bielskie Syreny.pl w Łodygowicach,34-325,Łodygowice,Łodygowice,żywiecki,ŚLĄSKIE,ul. ,Kalinowa,1,,,,,,,,Krzysztof Rajski,,,,,Utworzone przez osoby fizyczne
526,Muzeum Motoryzacji im. Antoniego Steckiego,05-124,Skaryszew wieś Janówek Pierwszy,Wieliszew,legionowski,MAZOWIECKIE,ul.,Jaśminowa,29,,,,,,,,Marcin Lewandowski,,,,,Utworzone przez osoby fizyczne
527,Muzeum Motoryzacji i Techniki INDIV w Siemianowicach Śląskich,41-106,Siemianowice Śląskie,Siemianowice Śląskie,Siemianowice Śląskie,ŚLĄSKIE,ul.,Niepodległości,61E,3,,,,,,,Leszek Bierski,,,,,Utworzone przez osoby fizyczne
528,Muzeum Motoryzacji i Techniki MOTO-HOBBY w Zielonkach,32-087,Zielonki,Zielonki,krakowski,MAŁOPOLSKIE,ul. ,Na Popielówkę,67D,2,,,,,,,Piotr Pelc,,,,,Utworzone przez osoby fizyczne
529,Muzeum Motoryzacji i Techniki w Białej Oleckiej,19-400,Olecko,Olecko,olecki,WARMIŃSKO-MAZURSKIE,,Biała Olecka,9,,,,,,,,Wojciech Kot,,,,,Utworzone przez osoby fizyczne
530,Muzeum Motoryzacji i Techniki w Chodowie,08-110,Siedlce,Chodów,siedlecki,MAZOWIECKIE,ul.,Węgrowska,113,,,,,,,,Jakub Wojciech Mroczek,,,,,Utworzone przez osoby Fizyczne
531,Muzeum Motoryzacji I Techniki w Chodzieży,64-800,Chodzież,Chodzież,chodzieski,WIELKOPOLSKIE,ul.,Józefa Piłsudskiego,9,,,,,,,,Wojciech Chyra,,,,,Utworzone przez osoby fizyczne
532,Muzeum Motoryzacji i Techniki w Kolonii Kołłątaja,59-226,Chojnów,Chojnów,legnicki,DOLNOŚLĄSKIE,,Kolonia Kołłątaja,40,,,,,,,,Michał Antoszczuk,,,,,Utworzone przez osoby fizyczne
533,Muzeum Motoryzacji i Techniki w Łoziskach,05-500,Łoziska,Lesznowola,piaseczyński,MAZOWIECKIE,ul.,Fabryczna,31,,,,,,,,Roman Mirkowski,,,,,Utworzone przez osoby fizyczne
534,Muzeum Techniki i Motoryzacji w Piastowie,05-820,Piastów,Piastów,pruszkowski,MAZOWIECKIE,ul. ,Mazowiecka,6A,,,,,,,,Ryszard Rozpondek,,,,,Utworzone przez osoby fizyczne
535,Muzeum Motoryzacji i Techniki Wojskowej Bunkier,36-060,Głogów Małopolski,Głogów Małopolski,rzeszowski,PODKARPACKIE,,Rudna Mała,48c,,,,,,,,Sebastian Mazur,,,,,Utworzone przez osoby fizyczne
536,Muzeum Motoryzacji w Będzinie,42-500,Będzin,Będzin,będziński,ŚLĄSKIE,ul.,Wilcza,36,,,,,,,,Dariusz Lemański,,,,,Utworzone przez osoby fizyczne
537,"Muzeum Motoryzacji i Techniki SKARB NARODU w Warszawie",02-384,Warszawa,Warszawa (Ochota),m. st. Warszawa,MAZOWIECKIE,ul.,Włodarzewska,51d,3,,,,,,,Robert Brykała ,,,,,Utworzone przez osoby fizyczne
538,Muzeum Motoryzacji i Techniki w Kobyłce,05-230,Kobyłka,Kobyłka,wołomiński,MAZOWIECKIE,ul.,Pionierska,7,,,,,,,,"Jacek Brzozowski, Dariusz Brzozowski",,,,,Utworzone przez osoby fizyczne
539,Muzeum Motoryzacji i Techniki w Ligocie,43-518,Ligota ,Czechowice - Dziedzice,bielski ,ŚLĄSKIE,ul. ,Zaciszna ,8,,,,,,,,Paweł Soszka ,,,,,Utworzone przez osoby fizyczne 
540,Muzeum Motoryzacji i Techniki w Opaczy Kolonii,05-816,Opacz Kolonia,Michałowice-Osiedle,pruszkowski,MAZOWIECKIE,ul.,Mokra,6,,,,,,,,Tomasz Graczyk,,,,,Utworzone przez osoby fizyczne
541,Muzeum Motoryzacji i Techniki w Radomiu,26-600,Radom ,Radom ,radomski,MAZOWIECKIE,ul. ,Lubelska ,8,1,,,,Lubelska ,8,9,Artur Kwiecień ,,,,,Utworzone przez osoby fizyczne 
542,Muzeum Motoryzacji i Wojskowości w Tanowie,72-004,Tanowo,Szczecin,m. Szczecin,ZACHODNIOPOMORSKIE,ul.,Szczecińska,16A,,,,,,,,Leszek Budyłowski ,,,,,Utworzone przez osoby fizyczne
543,"Muzeum Motoryzacji RIKO w Katowicach",40-160,Katowice,Katowice,Katowice,ŚLĄSKIE,al.,Korfantego,59,12,,,,,,,Ryszard Rueckert,,,,,Utworzone przez osoby fizyczne
544,"Muzeum Motoryzacji, Służb Mundurowych i Techniki Użytkowej w Radomiu",26-600 ,Radom,Radom,Radom,MAZOWIECKIE,ul.,11 Listopada,98,,,,,,,,Artur Rembowski ,,,,,Utworzone przez osoby fizyczne
545,"Muzeum Motoryzacji, Techniki Budowlanej i Rolnej w Rębkowie",08-400,Garwolin,Garwolin,garwoliński,MAZOWIECKIE,ul. ,Spacerowa (Rębków),27,,,,,,,,Jaroslaw Pytel,,,,,Utworzone przez osoby fizyczne
546,Muzeum Motoryzacji w Bystrej,34-235,Bystra,Bystra,suski,MAŁOPOLSKIE,ul.,Bystra,502,,,,,,,,Michał Krauze,,,,,Utworzone przez osoby fizyczne
547,Muzeum Motoryzacji w Chorzowie ( w organizachi),41-503,Chorzów,Chorzów,Chorzówi,ŚLĄSKIE,UL.,Siemianowicka,50,,,,,,,,Kacper Gach,,,,,Utworzone przez osoby fizyczne
548,Muzeum Motoryzacji w Gołogłowach,57-300,Kłodzko,Kłodzko,kłodzki,DOLNOŚLĄSKIE,,Gołogłowy,23A,,,,,,,,Marcin Oliwa,,,,,Utworzone przez osoby fizyczne
549,Muzeum Motoryzacji w Ludwikowicach Kłodzkich ,57-450,Ludwikowice Kłodzkie,Nowa Ruda,kłodzki,DOLNOŚLĄSKIE,ul.,Fabryczna ,26,,,,,,,,Kamil Marcinkowski,,,,,Utworzone przez osoby fizyczne
550,Muzeum Motoryzacji w Wydrze,42-130,Wręczyca Wlk.,Wręczyca Wielka,kłobucki,ŚLĄSKIE,,Wydra ,14a,,,,,,,,Piotr Szczepanek,,,,,Utworzone przez osoby fizyczne
551,Muzeum Narwi w Tykocinie,16-080,Tykocin ,Tykocin ,białostocki,PODLASKIE,ul. ,Browarna ,17,,,,,,,,Adam Rudawski ,,,,,Utworzone przez osoby fizyczne 
552,Muzeum Obrony Wybrzeża w Świnoujściu,72-602,Świnoujście,Świnoujście,m. Świnoujście,ZACHODNIOPOMORSKIE,ul.,Bunkrowa,2,,,,,,,,Piotr Piwowarczyk,,,,,Utworzone przez osoby fizyczne
553,Muzeum Operacji i Działań Specjalnych,67-400,Wschowa,Wschowa,wschowski,LUBUSKIE,ul.,Słowackiego,3,,,,,,,,Piotr Makała ,,,,,Utworzone przez osoby fizyczne
554,Muzeum Oręża i Techniki Użytkowej im. ks. gen. Stanisława Brzóski w Łukowie,21-400,Łuków,Łuków,łukowski,LUBELSKIE,ul.,Farfak,42,,,,,,,,Jan Janusz Jastrzębski,,,,,Utworzone przez osoby fizyczne
555,Muzeum Oręża i Techniki Ziemi Zamojskiej w Lublinie ,20-010,Lublin,Lublin,Lublin,LUBELSKIE,ul.,Dolna Panny Marii,56,8,,,,,,,Marcin Potocki,,,,,Utworzone przez osoby fizyczne
556,Muzeum Oręża im. Oddziałów Partyzanckich Ziemi Opatowskiej w Męczennicach,27-540,Lipnik,Malice Kościelne,opatowski,ŚWIĘTOKRZYSKIE,ul.,Męczennice,8,,,,,,,,Janusz Orłowski,,,,,Utworzone przez osoby fizyczne
557,Muzeum Pacowa Chata w Krypnie Wielkim,19-111,Krypno Kościelne,Białobrzeskie,moniecki,PODLASKIE,ul.,Krypno Wielkie ,119,,,,,,,,Tomasz Pac,,,,,Utworzone przez osoby fizyczne
558,Muzeum Pałacowe Garnizonu Biedrusko,62-003,Biedrusko,Biedrusko,poznański,WIELKOPOLSKIE,ul.,1 Maja,82,,,,,,,,Jan Kucharski ,,,,,Utworzone przez osoby fizyczne
559,"Muzeum Patria Colbergiensis w Kołobrzegu ",78-100,Kołobrzeg,Kołobrzeg,kołobrzeski,ZACHODNIOPOMORSKIE,ul.,Armii Krajowej,12,,,,,,,,Robert Aleksander Maziarz,,,,,Utworzone przez osoby fizyczne
560,Muzeum Pieców i Kultury Ogniowej,62-100,Wągrowiec,Wągrowiec,wągrowiecki,WIELKOPOLSKIE,,Łaziska,29,,,,,,,,Piotr Batura,,,,,Utworzone przez osoby fizyczne
561,Muzeum Piernika i Etnografii w Kopytowej,38-459,Kopytowa,Chorkówka,krośnieński,PODKARPACKIE,,Kopytowa,1,,,,,,,,Wojciech Kołder,,,,,Utworzone przez osoby fizyczne
562,Muzeum Piśmiennictwa i Drukarstwa w Grębocinie,87-122,Grębocin,Grębocin,toruński,KUJAWSKO-POMORSKIE,ul.,Szkolna,31,,,,,,,,Dariusz Subocz,,,,,Utworzone przez osoby fizyczne
563,Muzeum Po Bitwie,87-148,Łysomice,Łysomice,toruński,KUJAWSKO-POMORSKIE,,Kamionki Małe,23,,,,,,,,Olaf Popkiewicz,,,,,Utworzone przez osoby fizyczne
564,Muzeum Pojazdów Historycznych Polskie Drogi w Busku – Zdroju,28-100,Busko – Zdrój,Busko-Zdrój,buski,ŚWIĘTOKRZYSKIE,ul.,Żeromskiego,12A,,,,,,,,Edyta Łukasik, Marcin Łukasik,,,,Utworzone przez osoby fizyczne
565,Muzeum Pojazdów Militarnych – MILITARY - KONARY,05-660,Konary,Warka,grujecki,MAZOWIECKIE,,Konary,9,,,,,,,,Andrzej Jasiński,,,,,Utworzone przez osoby fizyczne
566,Muzeum Pojazdów Militarnych i Uzbrojenia,62-081,Przeźmierowo,Dąbrowa,poznański,WIELKOPOLSKIE,ul.,Piaskowa,17,,,,,,,,Anna Paczkowska-Jarecka,,,,,Utworzone przez osoby fizyczne
567,Muzeum Pojazdów Militarnych w Częstochowie,42-200,Częstochowa,Nowa Wieś,częstochowski,ŚLĄSKIE,ul.,Bukowa,25,,,,,,,,Karol Woldan,,,,,Utworzone przez osoby fizyczne
568,Muzeum Pojazdów Retro i Karawaningu w Łodzi, 92-403,Łódź,Łódź,Łódź,ŁÓDZKIE,ul.,Tranzytowa,5,,,,,,,,Jacek Przybyliński,,,,,Utworzone przez osoby fizyczne
569,Muzeum Pojazdów Wojska Polskiego w Chodkowie Działkach,09-470,Bodzanów,Bodzanów,płocki,MAZOWIECKIE,ul.,Wyszogrodzka,20,,,,,,,,"Marcin Bartczak, Dorota Kordulasińska",,,,,Utworzone przez osoby fizyczne
570,Muzeum Pojazdów Wojskowych i Uzbrojenia,84-107,Starzyno,Puck,pucki,POMORSKIE,,Kłanino,2,,,,,,,,Mateusz Deling,,,,,Utworzone przez osoby fizyczne
571,Muzeum Pojazdów Zabytkowych i Unikatowych w Gliwicach,44-151,Gliwice,Gliwice,Gliwice,ŚLĄSKIE,ul.,I. Daszyńskiego,546A,,,,,,,,Bronisław Keller,,,,,Utworzone przez osoby fizyczne
572,Muzeum Polskich Organów Elektronicznych w Gnieźnie,62-200,Gniezno,Gniezno,Gniezno,WIELKOPOLSKIE,ul.,Gdańska,77,,,,,,,,"Wanda Jung, ",Jacek Jung,Dawid Jung,Maciej Jung,,Utworzone przez osoby fizyczne
573,"Muzeum Polskiej Motoryzacji XX wieku Polska na Kołach w Busku – Zdroju",28-100,Busko – Zdrój,Busko-Zdrój,buski,ŚWIĘTOKRZYSKIE,ul.,Podgaje,9,,,,,,,,Wojciech Łukasik, Arkadiusz Łukasik, Zofia Łukasik,,,Utworzone przez osoby fizyczne
574,Muzeum Pobojowisk w Wałyczu ,87-200,Wąbrzeźno,Ryńsk,wąbrzeski,KUJAWSKO-POMORSKIE,ul.,Pszenna,8,,,,,,,,Dariusz Górski,,,,,Utworzone przez osoby fizyczne
576,Muzeum Pól Bitewnych Pomorza,84-217,Szemud,Szemud,wejherowski,POMORSKIE,ul. ,Wejherowska ,27,,,,,,,,Piotr Sroka ,,,,,Utworzone przez osoby fizyczne
577,Muzeum 1 Pułku Strzelców Konnych w Garwolinie,08-400,Garwolin,Garwolin,garwoliński,MAZOWIECKIE,ul.,Jana Pawła II,44a,,,,,,,,Przemysław Makulec,,,,,Utworzone przez osoby fizyczne
578,Muzeum Przedmiotów Historycznych i Zapomnianych,84-250,Gniewino Bychowo,Gniewino,wejherowski,POMORSKIE,,,38,,,,,,,,Jacek Bagnecki,,,,,Utworzone przez osoby fizyczne
579,Muzeum Przemysłu Wojennego w Pogórzu,43-430,Skoczów Pogórze,Dębowiec,cieszyński,ŚLĄSKIE,ul.,Zamek,54,,,,,,,,Przemysław Michalski ,,,,,Utworzone przez osoby fizyczne
580,Muzeum Przyrodnicze w Turzynie,89-240,Kcynia,Kcynia,nakielski,KUJAWSKO-POMORSKIE,,Turzyn,2,,,,,,,,Andrzej Morawski,,,,,Utworzone przez osoby fizyczne
581,Muzeum Przyrodniczo-Historyczne im. Stanisława Golewskiego w Warszawie,01-313,Warszawa,m.st. Warszawa,m.st. Warszawa ,MAZOWIECKIE,ul.,Karabeli,4,157,,,,,,,Honorata Stafiej-Szczęsna,,,,,Utworzone przez osoby fizyczne
582,Muzeum Radiotechniki,85-112,Bydgoszcz,Bydgoszcz,m. Bydgoszcz,KUJAWSKO-POMORSKIE,ul.,Mennica,2A,,,,,,,,Maria Kujawska, Jerzy Kujawski, Piotr Kujawski,,,Utworzone przez osoby fizyczne
583,Muzeum Ratownictwa i Medycyny w Mogilnie,88-300,Mogilno,Mogilno,mogileński,KUJAWSKO-POMORSKIE,ul.,Witosa,7,21,,,,,,,Grzegorz Jakubowski,,,,,Utworzone przez osoby fizyczne
584,"Muzeum Regionalne Jama Michalików w Serocku",21-136,Firlej,Firlej,lubartowski,LUBELSKIE,,Serock,207,,,,,,,,Zygmunt Jan Michalik ,,,,,Utworzone przez osoby fizyczne
585,Muzeum Regionalne w Kierzkowie,74-300,Myślibórz,Myślibórz,myśliborski,ZACHODNIOPOMORSKIE,,Kierzków,6,,,,,,,,Mirosław Wójcik,,,,,Utworzone przez osoby fizyczne
586,Muzeum Regionalne w Nowogrodźcu,59-730,Nowogrodziec,Nowogrodziec,bolesławiecki,DOLNOŚLĄSKIE,ul.,Kamienna,3,,,,,,,,Piotr Nieratka,,,,,Utworzone przez osoby fizyczne
587,Muzeum Regionalne w Ruks Młynie,64-600,Oborniki,Oborniki,obornicki,WIELKOPOLSKIE,,Ruks Młyn,1,,,,,,,,Jan Czartoszewski i Joanna Czartoszewska ,,,,,Utworzone przez osoby fizyczne
588,Muzeum Regionalnego Pogranicza i Międzyrzeckiego Rejonu Umocnionego w Kaławie,66-300,Międzyrzecz,Międzyrzecz,międzyrzecki,LUBUSKIE,,Kaława,68A,,,,,,,,Piotr Szlachtycz,,,,,Utworzone przez osoby fizyczne
589,Muzeum Rodziny Knape w Dobrzanach,73-130,Dobrzany,Dobrzany,starogardzki,ZACHODNIOPOMORSKIE,ul.,Mickiewicza,9a,,,,,,,,Krzysztof Knape,,,,,Utworzone przez osoby fizyczne
590,Muzeum Rodziny Morsztynów w Ściborkach,19-520,Banie Mazurskie,Banie Mazurskie,gołdapski,WARMIŃSKO-MAZURSKIE,,Ściborki,6,,,,,,,,Justyna Morsztyn,Dariusz Morsztyn,,,,Utworzone przez osoby fizyczne
591,Muzeum Rolniczego Kombinatu Spółdzielczego Buszewko w Dębinie,62-080,Baranowo,Tarnowo Podgórne,poznański,WIELKOPOLSKIE,ul.,Perłowa,14,,,,,,,,Piotr Włodarczyk,,,,,Utworzone przez osoby fizyczne
592,Muzeum Rowerów w Żaganiu,68-100,Żagań,Żagań,Żagań,LUBUSKIE,ul.,Szkolna,68,,,,,,,,Stanisław Małachowski,,,,,Utworzone przez osoby fizyczne
593,Muzeum Samochodu Papieskiego JP2 w Kielcach,25-253,Kielce,Kielce,Kielce,ŚWIĘTOKRZYSKIE,ul.,Cmentarna,5A,,,,,,,,Marek Adamczak,,,,,Utworzone przez osoby fizyczne
594,Muzeum Saperskie Explosive,80-001,Gdańsk,Gdańsk,m. Gdańsk,POMORSKIE,,Trakt św. Wojciecha,336,,,,,,,,Piotr Bik,,,,,Utworzone przez osoby fizyczne
595,Muzeum - Skansen Młynarstwa w Żukowie ,83-330,Żukowo,Żukowo,kartuski,POMORSKIE,ul.,Parkowa,1,,,,,,,,Maria Kujawska, Jerzy Kujawski, Piotr Kujawski ,,,Utworzone przez osoby fizyczne
596,Muzeum – Skansen w Ochabach – Tradycyjna Zagroda Rolna ,43-430,Skoczów,Dębowiec,cieszyński,ŚLĄSKIE,ul.,Główna,177,,,,,,,,Urszula i Maciej Bieniek ,,,,,Utworzone przez osoby fizyczne
597,Muzeum Skarby Techniki w Rotnowie,72-300,Gryfice,Gryfice,gryficki,ZACHODNIOPOMORSKIE,,Rotnowo,9,2,,,,,,,Marek Fornal,,,,,Utworzone przez osoby fizyczne
598,"Muzeum Skrzydła i Motory w Niedźwiedziu",87-620,Kikół,Kikół,lipowski,KUJAWSKO-POMORSKIE,,Niedźwiedź,19,,,,,,,,Arkadiusz Wiśniewski,,,,,Utworzone przez osoby fizyczne
599,Muzeum Służb Mundurowych w Gdańsku,80-864,Gdańsk ,Gdańsk,m. Gdańsk,POMORSKIE,ul. ,ks. Jerzego Popiełuszki,6,, ,,,,,,Krzysztof Wojtaś,Jakub Kwiatkowski ,,,,Utworzone przez osoby fizyczne
600,Muzeum Spadochroniarstwa i Wojsk Specjalnych ,43-460,Wisła,Wisła,cieszyński,ŚLĄSKIE,ul.,Przylesie,1a,,,,,,,,Piotr Wybraniec ,,,,,Utworzone przez osoby fizyczne
601,Muzeum Sprzętu Wojskowego w Mrągowie,11-700,Mrągowo,Mrągowo,mrągowski,WARMIŃSKO-MAZURSKIE,ul.,Przemysłowa,11C,,,,,,,,Sławomir Trzeciakiewicz,,,,,Utworzone przez osoby fizyczne
602,Muzeum Sprzętu Wojskowego we Wrocławiu,52-218,Wrocław,Wrocław (Wrocław-Krzyki),m. Wrocław,DOLNOŚLĄSKIE,ul.,Gen. Grota-Roweckiego,71B,,,,,,,,Zbigniew Łukaszczuk,,,,,Utworzone przez osoby fizyczne
603,Muzeum Stębark – Tannenberg 1914 w Kani Nowej,05-140,Kania Nowa,Serock,legionowski,MAZOWIECKIE,ul.,Wspólna,41,,,,,,,,Arkadiusz Radomski,,,,,Utworzone przez osoby fizyczne
604,"Muzeum Strategii i Taktyki Działań Zbrojnych CLAUSEWITZ",02-972,Warszawa,Warszawa (Wilanów),m. st. Warszawa,MAZOWIECKIE,ul.,Sarmacka,9,104,,,,,,,Maciej Szalaty,,,,,Utworzone przez osoby fizyczne
605,Muzeum Szlachty Mazowieckiej w Szczawinie,07-440,Goworowo,Goworowo,ostrołęcki,MAZOWIECKIE,,Szczawin,8,,,,,,,,Anna Dorota Sawczuk,,,,,Utworzone przez osoby fizyczne
606,"Muzeum Sztuki i Historii w Warszawie Okno do Wieczności",00-697,Warszawa,m.st. Warszawa,m.st. Warszawa ,MAZOWIECKIE,al.,Jerozolimskie,51,1,,,,,,,Maria Magdalena Bogucka,,,,,Utworzone przez osoby fizyczne
607,"Muzeum Sztuki Inżynierskiej KOPRAS w Fiałkowie",62-070,Dopiewo,Dopiewo ,poznański,WIELKOPOLSKIE, ul.,Więckowska (wieś Fiałkowo),80,,,,,,,,Zbigniew Kopras ,,,,,Utworzone przez osoby fizyczne 
608,Muzeum Sztuki Ludowej Sacrum i Profanum,16-080,Tykocin ,Tykocin ,białostocki,PODLASKIE,,Kolonia Nowe Miasto,10,,,,,,,,Barbara Gębała,,,,,Utworzone przez osoby fizyczne 
609,Muzeum Sztuki Polskiej w Sopocie,81-707,Sopot,Sopot,m. Sopot,POMORSKIE,ul.,Jana Jerzego Haffnera,54,5,,,,,,,Juliusz Windorbski,,,,,Utworzone przez osoby fizyczne
610,Muzeum Śląskiego Września 1939 roku,43-100,Tychy,Tychy,m. Tychy,ŚLĄSKIE,ul.,Brzozowa,24,,,,,,,,Arkadiusz Dominiec ,,,,,Utworzone przez osoby fizyczne
611,Muzeum Światowego Oręża i Wojskowości,02-814,Warszawa,Warszawa (Ursynów),m. st. Warszawa,MAZOWIECKIE,ul.,Słonki,5H,,,,,,,,Paweł Żerdzicki ,,,,,Utworzone przez osoby fizyczne
612,Muzeum Tablic Rejestracyjnych i Pojazdów w Żeliszewie,08-130,Kotuń,Kotuń,siedlecki,MAZOWIECKIE,,Żeliszew Duży,3d,,,,,,,,Piotr Piersa,,,,,Utworzone przez osoby fizyczne
613,Muzeum Techniki Bojowej w Olszynie,59-830,Olszyna,Olszyna,lubański,DOLNOŚLĄSKIE,ul.,Wolności,60c,,,,,,,,Aneta Sławińska, Krzysztof Sławiński,,,,Utworzone przez osoby fizyczne
614,Muzeum Techniki i Broni w Dzierzgoniu ,92-440,Dzierzgoń,Dzierzgoń,sztumski,POMORSKIE,ul.,Słoneczna ,1,,,,,,,,Andrzej Mieleszczuk,,,,,Utworzone przez osoby fizyczne
615,Muzeum Techniki im. Władysława Drybsa,05-540,Zalesie Górne,Piaseczno,piaseczyński,MAZOWIECKIE,ul.,Leśnych Boginek,34,,,,,,,,Konrad Brzozowski,,,,,Utworzone przez osoby fizyczne
616,Muzeum Techniki i Machin Wojennych w Gnieźnie,62-200,Gniezno,Gniezno,gnieźnieński,WIELKOPOLSKIE,ul.,Św. Michała,10,,,,,,,,Mateusz Hen,,,,,Utworzone przez osoby fizyczne
617,Muzeum Techniki i Motoryzacji w Gdańsku(w organizacji) ,80-177,Gdańsk,Gdańsk,Gdańsk,POMORSKIE,ul.,Porzeczkowa,6,,,,,,,,Andrzej Haak,Tomasz Jędrzejewski,,,,Utworzone przez osoby fizyczne
618,Muzeum Techniki i Pojazdów Wojskowych w Bojanie,84-207,Bojano,Szemud,wejherowski,POMORSKIE,ul.,Władyslawa Jagiełły,15,,,,,,,,Jarosław Kupień,,,,,Utworzone przez osoby fizyczne
619,Muzeum Techniki i Rzemiosła Wiejskiego w Zapuście,59-830,Olszyna Lubańska,Olszyna,lubański,DOLNOŚLĄSKIE,,Zapusta,28,,,,,,,,Aneta Tyl, Krzysztof Tyl,,,,Utworzone przez osoby fizyczne
620,"Muzeum Techniki i Techniki Wojskowej TYTAN",76- 142,Malechowo,Malechowo,sławieński,ZACHODNIOPOMORSKIE,,Malechowo,27b,,,,,,,,Marian Laskowski ,,,,,Utworzone przez osoby fizyczne
621,Muzeum Techniki i Wynalazków w Raciniewie,86-260,Unisław,Unisław,chełmiński,KUJAWSKO-POMORSKIE,ul. ,Bydgoska (w miejscowości Raciniewo),14A,,,,,,,,Jan Kołodziej,,,,,Utworzone przez osoby fizyczne
622,Muzeum Techniki Militarnej,05-311,Dębe Wielkie,Dębe Wielkie,miński,MAZOWIECKIE,ul.,Polna,15c,,,,,,,,Bogdan Korziuk,,,,,Utworzone przez osoby fizyczne
623,"Muzeum Techniki Militarnej i Cywilnej MARS",78-611,Szwecja,Szwecja,wałecki,ZACHODNIOPOMORSKIE,ul.,Górna,1,,,,,,,,Piotr Letki, Rafał Letki ,,,,Utworzone przez osoby fizyczne
624,Muzeum Techniki Rzemiosła Ślusarstwo – Kowalstwo w Sośnicowicach,44-153,Sośnicowice,Sośnicowice,gliwicki,ŚLĄSKIE,ul.,Raciborska,47,,,,,,,,Andrzej Śledziński ,,,,,Utworzone przez osoby fizyczne
625,Muzeum Techniki Militarnej i Użytkowej w Bytomiu,41-902,Bytom,Bytom,m. Bytom,ŚLĄSKIE,ul.,Franciszkańska,21,25,,,,,,,Roman Ploch,,,,,Utworzone przez osoby fizyczne
626,Muzeum Techniki Militarnej i Użytkowej w Zabrzu,41-800,Zabrze,Zabrze,m. Zabrze,ŚLĄSKIE,ul.,Botaniczna,6,,,,,,,,Rafał Siech,,,,,Utworzone przez osoby fizyczne
627,Muzeum Techniki Motoryzacyjnej ,62-100,Wągrowiec,Wągrowiec,wągrowiecki,WIELKOPOLSKIE,,Łaziska,10b,,,,,,,,Aleksander Błaszkowski ,,,,,Utworzone przez osoby fizyczne
628,Muzeum Techniki Uzbrojenia w Bydgoszczy,85-011,Bydgoszcz,Bydgoszcz,m. Bydgoszcz,KUJAWSKO-POMORSKIE,ul.,Śniadeckich,32,,,,,,,,Włodzimierz Rapkiewicz,,,,,Utworzone przez osoby fizyczne
629,Muzeum Techniki Uzbrojenia w Kamiennej Górze,58-400,Kamienna Góra,Kamienna Góra,kamiennogórski,DOLNOŚLĄSKIE,ul.,Lubawska,1a,,,,,,,,Maciej Wyszkowski ,,,,,Utworzone przez osoby fizyczne
630,Muzeum Techniki w Ciućkowie,09-460,Mała Wieś,Mała Wieś,płocki,MAZOWIECKIE,,Ciućkowo,14,,,,,,,,Krzysztof Włoczkowski,,,,,Utworzone przez osoby fizyczne
631,"Muzeum Techniki Wojskowej ARMA w Warszawie",02-871,Warszawa,Warszawa (Ursynów),m. st. Warszawa,MAZOWIECKIE,ul.,Karczunkowska,26,,,,,,,,Jarosław Jakubowski, Patrycja Grądziel - Jakubowska ,,,,Utworzone przez osoby fizyczne
632,Muzeum Techniki Wojskowej i Motoryzacji w Góralach ,87-330,Górale,Jabłonowo Pomorskie ,brodnicki ,KUJAWSKO-POMORSKIE,,,110,,,,,,,,Dorian Koprowski ,,,,,Utworzone przez osoby fizyczne 
633,Muzeum Techniki Wojskowej i Obrony Przeciwlotniczej w Busku - Zdroju,28-100,Busko-Zdrój,Busko-Zdrój,buski,ŚWIĘTOKRZYSKIE,ul.,Żeromskiego,24,,,,,,,,Zbigniew Wach,,,,,Utworzone przez osoby fizyczne
634,Muzeum Techniki Wojskowej i Użytkowej ,95-030,Rzgów,Rzgów,łódzki wschodni,ŁÓDZKIE,ul.,Polna,3,,,,,,,,Kordian Skalski,,,,,Utworzone przez osoby fizyczne
635,Muzeum Techniki Wojskowej im. Bogdana Wojciecha Kozłowskiego w Olsztynie ,11-041,Olsztyn,Olsztyn,m. Olsztyn,WARMIŃSKO-MAZURSKIE,ul.,Wilimowo,10a,,,,,,,,Bogdan Wojciech Kozłowski,,,,,Utworzone przez osoby fizyczne
636,Muzeum Techniki Wojskowej im. Jerzego Tadeusza Widuchowskiego w Zabrzu,41-803,Zabrze,Zabrze,m. Zabrze,ŚLĄSKIE,ul.,Wojciecha Kossaka,31a,2,,,,,,,Wacław Widuchowski,,,,,Utworzone przez osoby fizyczne
637,Muzeum Techniki Wojskowej w Feliksowie ,05-083,Zaborów,Zaborów,warszawski zachodni,MAZOWIECKIE,ul.,Świerkowa,5,,,,,,,,Jacek Roszkowski ,,,,,Utworzone przez osoby fizyczne
638,Muzeum Techniki Wojskowej w Jaworznie,43-602,Jaworzno,Jaworzno,m. Jaworzno,ŚLĄSKIE,ul.,Zarzeczna,2,,,,,,,,Marian Lewek ,,,,,Utworzone przez osoby fizyczne
639,Muzeum Techniki Wojskowej w Kłodawie,62-650,Kłodawa,Kłodawa,kolski,WIELKOPOLSKIE,ul.,Cegielniana,26,,,,,,,,Paweł Bartłomiejczak,,,,,Utworzone przez osoby fizyczne
640,Muzeum Tradycji Niepodległościowych Ziemi Staszowskiej w Staszowie,28-200 ,Staszów,Staszów,staszowski,ŚWIĘTOKRZYSKIE,ul. ,Kilińskiego ,18,46,,,,,,,Paweł Ciepiela,,,,,Utworzone przez osoby fizyczne
641,Muzeum Tradycji Ruchu Narodowego w Jelczu - Laskowicach,55-220,Jelcz - Laskowice,Jelcz- Laskowice,oławski ,DOLNOŚLĄSKIE,ul. ,Hirszfelda,70,1,,,,,,,Mateusz Kotas,,,,,Utworzone przez osoby fizyczne 
642,Muzeum Tradycji Wojskowych na Kujawach i Pomorzu w Janikowie,88-160,Janikowo,Janikowo,inowrocławski,KUJAWSKO-POMORSKIE,ul.,1 Maja,4,,,,,,,,Sebastian Maciej Witkowski,,,,,Utworzone przez osoby fizyczne 
643,Muzeum Twierdza BTR – 40 we Wrocławiu,51-180,Wrocław,Wrocław (Wrocław-Psie Pole),m. Wrocław,DOLNOŚLĄSKIE,ul.,Kominiarska,32,,,,,,,,Wiesław Majewski ,,,,,Utworzone przez osoby fizyczne
644,Muzeum Uzbrojenia,05-220,Zielonka,Zielonka,wołomiński,MAZOWIECKIE,ul.,Sprinterska,5,,,,,,,,Wojciech Goryca,,,,,Utworzone przez osoby fizyczne
645,Muzeum Uzbrojenia i Wojskowości,05-077,Warszawa - Wesoła,Warszawa (Wesoła),m. st. Warszawa,MAZOWIECKIE,ul.,Jana Pawła II,46,,,,,,,,Jędrzej Kozak ,,,,,Utworzone przez osoby fizyczne
646,Muzeum Uzbrojenia Żołnierza Wojska Polskiego 1914-1945,01-518,Warszawa,Warszawa (Żoliborz),m. st. Warszawa,MAZOWIECKIE,ul.,Józefa Zajączka,1/5,17,,,,,,,Jacek Mazuro,,,,,Utworzone przez osoby fizyczne
647,Muzeum Volkswagena,83-330,"Żukowo, Pępowo gm. Żukowo",Żukowo,kartuski,POMORSKIE,ul.,Armii Krajowej,50,,,,,,,,Ewa Suchecka ,,,,,Utworzone przez osoby fizyczne
648,"Muzeum VOLVO i innych Automobili w Poznaniu Volvostrada ",60-012,Poznań,Poznań ,poznański,WIELKOPOLSKIE,ul. ,Ustronna ,13b,,,,,,,,Dariusz Wesołowski ,Mirosław Walczak ,,,,Utworzone przez osoby fizyczne
649,Muzeum w Ponurzycy,05-430,Celestynów,Celestynów,otwocki,MAZOWIECKIE,,Ponurzyca,60,,,,,,,,Radosław Szymczak,,,,,Utworzone przez osoby fizyczne
650,Muzeum Uzbrojenia i Technologii Wojskowej w Warszawie,04-452,Warszawa,m.st. Warszawa,m.st. Warszawa ,MAZOWIECKIE,ul.,Zawiszaków,5,,,,,,,,Robert Fotyniuk,,,,,Utworzone przez osoby fizyczne
651,Muzeum Uzbrojenia i Wyposażenia Wielkiej Wojny w Szerzynach,38-246,Szerzyny,Szerzyny,tarnowski,MAŁOPOLSKIE,,Szerzyny,141,,,,,,,,Paweł Mikrut,,,,,Utworzone przez osoby fizyczne
652,Muzeum Uzbrojenia i Wyposażenia Wojskowego w Ustrzykach Dolnych,38-700,Ustrzyki Dolne,Ustrzyki Dolne,bieszczadzki,PODKARPACKIE,ul. ,Dworcowa,4,14,,,,,,,Paweł Słupek,,,,,Utworzone przez osoby fizyczne
653,Muzeum Wielkiej Wojny w Kotani,38-232,Krempna,Kotań,jasielski,PODKARPACKIE,,Kotań,45C,,,,,,,,Przemysław Wróbel,,,,,Utworzone przez osoby fizyczne
654,Muzeum Winiarstwa i Wina w Mechelinkach,81-198,Mechelinki,Kosakowo,pucki,POMORSKIE,ul.,Klifowa,17,,,,,,,,Krzysztof Nawrot,,,,,Utworzone przez osoby fizyczne
655,Muzeum Militariów i Historii Willa Lodusieńka w Warszawie,04-824,Warszawa,Warszawa (Wawer),m. st. Warszawa,MAZOWIECKIE,ul.,Herbaciana,6,,,,,,,,Marek Salamonowicz,,,,,Utworzone przez osoby fizyczne
656,"Muzeum Wiosna 1812 w Olszowej",63-600,Kępno,Kępno,Kepiński,WIELKOPOLSKIE,ul. we wsi Olszowa,Perłowa,2,,,,,,,,Piotr Kowalewski,,,,,Utworzone przez osoby fizyczne
657,Muzeum Wojen i Życia,68-200,Żary,Nowe Czaple,żarski,LUBUSKIE,Plac ,Przyjaźni,14,2,,,,,,,Franciszek Łuckiewicz,Tomasz Łuckiewicz,Krzysztof Jersak,,,Utworzone przez osoby fizyczne 
658,Muzeum Wojny i Pokoju,05-071,Sulejówek,Sulejówek,miński,MAZOWIECKIE,ul.,Grzybowa,3,,,,,,,,Robert Wyrostkiewicz,,,,,Utworzone przez osoby fizyczne
659,Muzeum Wojny i Techniki w Gdańsku,80-742,Gdańsk,Gdańsk,Gdańsk,POMORSKIE,ul.,Kurza,18/19,7,,,,,,,Tomasz Dziergowski,,,,,Utworzone przez osoby fizyczne
660,Muzeum Wojny Obronnej Rybnik’39,44-251,Rybnik,Rybnik,m. Rybnik,ŚLĄSKIE,ul.,Rycerska,16a,,,,,,,,Marcin Ruś,,,,,Utworzone przez osoby fizyczne
661,"Muzeum Wojska, Techniki i Uzbrojenia",05-092,Łomianki,Łomianki,warszawski zachodni,MAZOWIECKIE,ul.,Waligóry,15,,,,,,,,Tomasz Renault,,,,,Utworzone przez osoby fizyczne
662,Muzeum Wojskowe i Regionalne w Klenicy,66-133,Klenica,Kliniczki,zielonogórski,LUBUSKIE,ul.,Bolesława Chrobrego,14,,,,,,,,Tomasz Łysiak,,,,,Utworzone przez osoby fizyczne
663,Muzeum Wojskowo- Cywilne w Łosicach ,08-200,Łosice,Łosice,łosicki,MAZOWIECKIE,ul.,Narutowicza,53,11,,,,,,,Mateusz Celiński ,,,,,Utworzone przez osoby fizyczne
664,Muzeum Wojskowości i Uzbrojenia,02-972,Warszawa,Warszawa (Wilanów),m. st. Warszawa,MAZOWIECKIE,ul.,Hlonda,2c,127,,,,,,,Michał Kuczmierowski,,,,,Utworzone przez osoby fizyczne
665,Muzeum Wojskowości w Łowiczu,99-400,Łowicz,Łowicz,łowicki,ŁÓDZKIE,ul.,Polna,4,,,,,,,,Bartłomiej Gałaj,,,,,Utworzone przez osoby fizyczne
666,Muzeum Wojskowości w Starej Miłośnie,05-077,Warszawa,m.st. Warszawa,m.st. Warszawa ,MAZOWIECKIE,ul.,Jarzębionowa,12,,,,,,,,Wojciech Jarosławski,,,,,Utworzone przez osoby fizyczne
667,Muzeum Wojskowości w Świerklańcu,42-622,Świerklaniec,Nakło,tarnogórski,ŚLĄSKIE,ul.,Tarnogórska,75,,,,,,,,Antoni Żurek,,,,,Utworzone przez osoby fizyczne
668,Muzeum Wolnego Czasu ,82-120,Krynica Morska,Krynica Morska,nowodworski,POMORSKIE,ul.,Teleexpresu,3c,,,,,,,,Filip Gawliński ,,,,,Utworzone przez osoby fizyczne
669,Muzeum Wsi Sudeckiej i Techniki Militarnej,58-340,Łomnica,Głuszyca,wałbrzyski,DOLNOŚLĄSKIE,ul.,Sudecka,dz. nr 104,,,,,,,,Jerzy Rudnicki,,,,,Utworzone przez osoby fizyczne
670,Muzeum Wsi w Maruszowie,27-630,Zawichost,Zawichost,sandomierski,ŚWIĘTOKRZYSKIE,,Maruszów,16,,,,,,,,Edward Ziarko,,,,,Utworzone przez osoby fizyczne
671,Muzeum Współczesnej Broni Palnej w Jeżowie Sudeckim,58-521,Jeżów Sudecki,Jeżów Sudecki,jeleniogórski,DOLNOŚLĄSKIE,ul.,Zachodnia,2,,,,,,,,Wojciech Aleksiewicz,,,,,Utworzone przez osoby fizyczne
672,"Muzeum W Starej Papierni w Łapinie",83-050,Łapino,Kolbudy,gdański,POMORSKIE,ul.,Michała Wołodyjowskiego,18,,,,,,,,Paweł Jaworski,,,,,Utworzone przez osoby fizyczne
673,Muzeum Zabawek w Kudowie Zdroju,57-350,Kudowa Zdrój,Kudowa-Zdrój,kłodzki,DOLNOŚLĄSKIE,ul.,Zdrojowa,34,4,,,,,,,Maria Ozierańska,,,,,Utworzone przez osoby fizyczne
674,Muzeum Zabawek w Sporem,78-400,Szczecinek,Szczecinek,szczecinecki,ZACHODNIOPOMORSKIE,,Spore,41,,,,,,,,Andrzej Wilczyński,,,,,Utworzone przez osoby fizyczne
675,Muzeum Zabytków Techniki Wojskowej w Warszawie,30-107,Warszawa,m.st. Warszawa,m.st. Warszawa ,MAZOWIECKIE,ul.,Ciechanowska,3,,,,,,,, Stanisław Kęszycki,,,,,Utworzone przez osoby fizyczne
676,Muzeum Zamkowe Kamieniec,38-420,Korczyna,Korczyna,krośnieński,PODKARPACKIE,ul.,Podzamcze,b,n,,,,,,,Andrzej Kołder ,,,,,Utworzone przez osoby fizyczne
677,Muzeum Zamkowe w Grodźcu,43- 386,Świętoszówka Grodziec,Jasienica,bielski,ŚLĄSKIE,ul.,Dworska,1,,,,,,,,Michał Bożek ,,,,,Utworzone przez osoby fizyczne
678,"Muzeum Ziemi Kaszubskiej i Sprzętów Militarnych",83-311,Goręczyno gm. Samonino,Brodnica Dolna (Sarnówko),kartuski,POMORSKIE,ul.,Kasztelańska,26e,,,,,,,,Sławomir Kamiński ,,,,,Utworzone przez osoby fizyczne
679,Muzeum Ziemi Kozielskiej i Śląska Opolskiego,,Kędzierzyn-Koźle,Kędzierzyn-Koźle,kędzierzyńsko-kozielski ,OPOLSKIE,ul.,Wyzwolenia,28,13,,,,,,,Łukasz Wawrzyńczyk,,,,,Utworzone przez osoby fizyczne
680,Muzeum Ziemi Kwidzyńskiej w Kwidzynie,82-500,Kwidzyn,Kwidzyn,kwidzyński,POMORSKIE,ul.,Bolesława Śmiałego,4,49,,,,,,,Tomasz Wojciechowski,,,,,Utworzone przez osoby fizyczne
681,Muzeum Ziemi Makowskiej i Garnizonu Różan,06-230,Różan,Różan,makowski,MAZOWIECKIE,ul.,Szkolna,2,,,,,,,,Wiesław Łaskarzewski,,,,,Utworzone przez osoby fizyczne
682,"Muzeum Ziemi Polskiej Wolne Miasto w Pruszczu Gdańskim",83-000,Pruszcz Gdański,Pruszcz Gdański,gdański,POMORSKIE,ul.,Nad Radunią,48,,,,,,,,Mateusz Rutkowski,,,,,Utworzone przez osoby fizyczne
683,Muzeum Ziemi Przemkowskiej,59-170,Przemków,Przemków,polkowicki ,DOLNOŚLĄSKIE,ul. ,Akacjowa ,5c,26,,,,,,,Marcin Jednoróg,,,,,Utworzone przez osoby fizyczne
684,Muzeum Ziemi Skórzeckiej,08-114,Skórzec,Skórzec,siedlecki,MAZOWIECKIE,ul. ,M. Kameckiego,61,,,,,,,,Andrzej Wysocki,,,,,Utworzone przez osoby fizyczne
685,Muzeum Ziemi Włodawskiej,22-244,Stary Brus,Wołoskowola,włodawski,LUBELSKIE,ul.,Kołacze,115,,,,,,,,Paweł Wojtal,,,,,Utworzone przez osoby fizyczne
686,Muzeum Ziemi Wolsztyńskiej,64-200,Wolsztyn,Wolsztyn,wolsztyński,WIELKOPOLSKIE,ul.,Niałecka,24,,,,,,,,Andrzej Toś,,,,,Utworzone przez osoby fizyczne
687,Muzeum Żołnierzy AK z Odelska,04-980,Warszawa,Warszawa,m. st. Warszawa,MAZOWIECKIE,ul.,Olecka,12,,,,,,,,Konrad Logiński,,,,,Utworzone przez osoby fizyczne
688,Muzeum Życia Codziennego,32-552,Płaza,Chrzanów,chrzanowski,MAŁOPOLSKIE,ul.,Jana III Sobieskiego,38,,,,,,,,Stanisław Garlicki,,,,,Utworzone przez osoby fizyczne
689,Nadwiślańskie Muzeum Broni Dawnej i Nowej w Piasecznie,05-500,Piaseczno,Piaseczno,piaseczyński,MAZOWIECKIE,ul.,Młynarska,13,,,,,,,,Maciej Szadkowski ,,,,,Utworzone przez osoby fizyczne
690,Podlaskie Muzeum Techniki Wojskowej i Użytkowej w Bielanach Wąsach ,08-311,Bielany,Bielany-Żylaki,sokołowski,MAZOWIECKIE,,Bielany Wąsy,14,,,,,,,,Mariusz Murawski,,,,,Utworzone przez osoby fizyczne
691,Polskie Muzeum Motoryzacji,81-575,Gdynia,Gdynia,m. Gdynia,POMORSKIE,ul.,Wschodnia,1A,4,,,,,,,Adam Stelmach,,,,,Utworzone przez osoby fizyczne
692,Pomorskie Muzeum Bawarskiej Motoryzacji w Gdyni,81-017,Gdynia,Gdynia,m. Gdynia,POMORSKIE,ul.,Grochowa ,4,,,,,,,,Damian Michałowski,,,,,Utworzone przez osoby fizyczne
693,Pomorskie Muzeum Motoryzacji,84-208,Kielno,Czeczewo,kartuski,POMORSKIE,ul.,Tuchomska,2,,,,,,,,Tomasz Nasiński ,,,,,Utworzone przez osoby fizyczne
694,Pomorskie Muzeum Motoryzacji i Techniki w Gdyni,81-383,Gdynia,Gdynia,m. Gdynia,POMORSKIE,ul.,I Armii Wojska Polskiego,28,,,,,,,,Tomasz Karchut, Tomasz Groszewski,,,,Utworzone przez osoby fizyczne
695,Pomorskie Okręgowe Muzeum PRL w Sępólnie Krajeńskim,89-400,Sępólno Krajeńskie ,Sępólno Krajeńskie,sępoleński,KUJAWSKO-POMORSKIE,ul. ,Koronowska ,20,4,,,,,,,Marcin Gulka ,,,,,Utworzone przez osoby fizyczne 
696,Prywatne Multimedialne Muzeum Gry i Zabawy w Warszawie,00-586,Warszawa,Warszawa (Śródmieście),m. st. Warszawa,MAZOWIECKIE,ul.,Flory,5,24,,,,,,,Paweł Abramczuk ,,,,,Utworzone przez osoby fizyczne
697,Prywatne Muzeum Artylerii i Broni Pancernej 1939-1945 w Warszawie,01-568,Warszawa,m.st. Warszawa,m.st. Warszawa ,MAZOWIECKIE,ul.,Stafana Pogonowskiego,8,1,,,,,,,Jan Olszański,,,,,Utworzone przez osoby fizyczne
698,Prywatne Muzeum Broni i Militariów w Świdnicy,58-100,Świdnica,Świdnica,świdnicki,DOLNOŚLĄSKIE,ul.,Witoszów Dolny,7,,,,,,,,Stanisław Gabryś,,,,,Utworzone przez osoby fizyczne
699,Prywatne Muzeum Broni Pancernej i Militariów im. Franciszka Bier w Bielsku-Białej,43-310,Bielsko-Biała,Bielsko-Biała,m. Bielsko-Biała,ŚLĄSKIE,ul.,Pasterska,18,,,,,,,,Rafał Bier,,,,,Utworzone przez osoby fizyczne
700,"Prywatne Muzeum Historii Człowieka - Planeta Terra w Kampinosie",05-085,Kampinos,Kampinos,warszawski zachodni,MAZOWIECKIE,ul.,Kampinos A,23B,,,,,,,,Piotr Pałys,,,,,Utworzone przez osoby fizyczne
701,Prywatne Muzeum Historii Garaż PRL-u w Nakle nad Notecią,89-100,Nakło nad Notecią,Nakło nad Notecią,nakielski,KUJAWSKO-POMORSKIE,ul.,Młyńska,5,,,,,,,,Grzegorz Trudziński,,,,,Utworzone przez osoby fizyczne
702,Prywatne Muzeum Historii Ziem i Walk Nadwiślańskich w Wojszynie,24-123,Janowiec,Janowiec,puławski,LUBELSKIE,,Wojszyn,29A,,,,,,,,"Sebastian Szulowski, Iwona Szulowska",,,,,Utworzone przez osoby fizyczne
703,"Prywatne Muzeum Historyczne Gaja w Janowie",05-082,Stare Babice ,Stare Babice,warszawski zachodni,MAZOWIECKIE,ul. ,Studzińskiego ,3,,,,,,,,Adrian Kłos ,,,,,Utworzone przez osoby fizyczne 
704,Prywatne Muzeum Historyczno-Przyrodnicze w Łazach,05-552,Łazy,Lesznowola,piaseczyński,MAZOWIECKIE,ul. ,Konwaliowa,6a,,,,,,,,Ludwik Tomczyk,,,,,Utworzone przez osoby fizyczne 
705,Prywatne Muzeum Kowalstwa w Warszawie,02-749,Warszawa,Warszawa (Mokotów),m. st. Warszawa,MAZOWIECKIE,ul.,Przy Grobli,84,,,,,,,,Kamil Gałecki,,,,,Utworzone przez osoby fizyczne
706,Prywatne Muzeum Militarne w Woli Małej,37-100,Wola Mała,Czarna ,łańcucki,PODKARPACKIE,,,8a,,,,,,,,Adam Strzępka ,,,,,Utworzone przez osoby fizyczne 
707,Prywatne Muzeum Motoryzacji i Techniki w Otrębusach,05-805,Otrębusy k/Warszawy,Otrębusy,pruszkowski,MAZOWIECKIE,ul.,Warszawska,21,,,,,,,,Joanna Mikiciuk, Izabella Mikiciuk, Patryk Mikiciuk,,2001-12-14,Utworzone przez osoby fizyczne
708,Prywatne Muzeum Motoryzacji i Techniki w Radomiu,26-600,Radom,Radom,Radom ,MAZOWIECKIE,ul.,K. Kurpińskiego,1a,,,,,,,,Konrad Figarski,,,,,Utworzone przez osoby fizyczne
709,Prywatne Muzeum Podkarpackich Pól Bitewnych,38-400,Krosno,Krosno,m. Krosno,PODKARPACKIE,ul.,Czajkowskiego,92,,,,,,,,Piotr Kiełtyka, Dorota Kiełtyka, Lesław Wilk,,,Utworzone przez osoby fizyczne
710,Prywatne Muzeum Pojazdów Militarnych i Zabytkowych w Rakszawie,37-111,Rakszawa,Rakszawa,łańcucki,PODKARPACKIE,,Rakszawa,118,3,,,,,,,Bogdan Maczuga,,,,,Utworzone przez osoby fizyczne
711,Prywatne Muzeum Pojazdów i Techniki PRL w Agnieszkowie,62-840,Koźminek,Koźminek,kaliski,WIELKOPOLSKIE,,Agnieszków,6,,,,,,,,Michał Grabowski,,,,,Utworzone przez osoby fizyczne
712,Prywatne Muzeum Polsko-Amerykańskie Hell’s Angel w Wadowicach,34-100,Wadowice,Stronie,wadowicki,MAŁOPOLSKIE,ul.,Konstytucji 3 Maja ,23A,,,,,,,,Zygmunt Kraus,,,,,Utworzone przez osoby fizyczne
713,Prywatne Muzeum Pożarnicze w Gwieździnie,77-304,Rzeczenica ,Rzeczenica , człuchowski,POMORSKIE,,Gwieździn,35,,,,,,,,Konrad Zachajczuk ,Tadeusz Szaraniec ,,,,Utworzone przez osoby fizyczne
714,Prywatne Muzeum Regionalne w Lidzbarku Warmińskim,11-100,Lidzbark Warmiński,Lidzbark Warmiński,lidzbarski,WARMIŃSKO-MAZURSKIE,ul.,Nad Łyną ,39,,,,,,,,Rafał Pliszka,,,,,Utworzone przez osoby fizyczne
715,Prywatne Muzeum Sztuki Ludowej w Otrębusach,05-805,Otrębusy k/ Warszawy,Otrębusy,pruszkowski,MAZOWIECKIE,ul.,Natalińska,15,,,,,,,,Marian Pokropek, Stanisława Pokropek, Wojciech Pokropek, Agnieszka Pokropek,,Utworzone przez osoby fizyczne
716,Prywatne Muzeum Techniki i Militariów w Mietlu,28-130,Stopnica,Stopnica,Busko-Zdrój,ŚWIĘTOKRZYSKIE,,Mietel,109,,,,,,,,Łukasz Linowski,,,,,Utworzone przez osoby fizyczne
717,Prywatne Muzeum Techniki i Militariów w Rzeszowie, 36-062,Zaczernie ,Trzebownisko,rzeszowski,PODKARPACKIE,,Zaczernie ,375D,,,,,,,,Tomasz Bąk, Karolina Gawlicka-Bąk,,,,Utworzone przez osoby fizyczne
718,Prywatne Muzeum Techniki PRL w Sicienku,86-014,Sicienko ,Sicienko ,bydgoski ,KUJAWSKO-POMORSKIE,ul. ,Nakielska ,5,,,,,,,,Marek Erdmann,,,,,Utworzone przez osoby fizyczne 
719,Prywatne Muzeum Techniki Wojskowej i Historii Regionalnej w Podlesiu Dużym,26-804,Podlesie Duże,Stromiec,białobrzeski ,MAZOWIECKIE,,,99 B,,,,,,,,Stanisław Kaliciński ,,,,,Utworzone przez osoby fizyczne
720,Prywatne Muzeum Tomala w Kadzidle,07-420,Kadzidło,Kadzidło,ostrołęcki,MAZOWIECKIE,ul.,Kompozytorów,9,,,,,,,,Antoni Tomala,,,,,Utworzone przez osoby fizyczne
721,Prywatne Muzeum w Petrykozach,96-321,Petrykozy,Żabia Wola,grodziski,MAZOWIECKIE,,,,,,,,,,,Jadwiga Siemion, Wojciech Siemion,,,,Utworzone przez osoby fizyczne
722,Prywatne Muzeum w Starych Załubicach,05-255,Stare Załubice,Radzymin,wołomiński,MAZOWIECKIE,ul.,Mazowiecka,26,,,,,,,,Dominik Redka,,,,,Utworzone przez osoby fizyczne
723,Prywatne Muzeum w Tuklęczy,28-236,Rytwiany,Rytwiany,staszowski,ŚWIĘTOKRZYSKIE,,Tuklęcz,27,,,,,,,,Jerzy Krauze ,,,,,Utworzone przez osoby fizyczne
724,Regionalne Muzeum Drogownictwa Nurzec Stacja,05-800,Pruszków,Pruszków,pruszkowski,MAZOWIECKIE,ul.,Zenona,27,,,,,,,,Izabella Kortyka, Jerzy Kortyka,,,,Utworzone przez osoby fizyczne
725,Regionalne Muzeum Historii i Militariów w Lubinie,59-300,Lubin,Lubin,lubiński,DOLNOŚLĄSKIE,ul.,Wołyńska,12,,,,,,,,Krzysztof Więckowski,,,,,Utworzone przez osoby fizyczne
726,Regionalne Muzeum Historyczne Nowej Soli,67-100,Nowa Sól ,Nowa Sól,nowosolski ,LUBUSKIE,Osiedlce,Konstytucji 3 Maja ,2C,46,,,,,,,Waldemar Jasiński ,,,,,Utworzone przez osoby fizyczne
727,Śląskie Muzeum Militariów i Techniki Użytkowej w Gorzycach,44-350,Gorzyce,Turza Śląska,wodzisławski,ŚLĄSKIE,ul.,Raciborska,138,,,,,,,,Maciej Gruszka ,,,,,Utworzone przez osoby fizyczne
728,Świętokrzyskie Muzeum Militariów w Małogoszczu,28-366,Małogoszcz,Małogoszcz,jędrzejowski,ŚWIĘTOKRZYSKIE,ul.,Konarskiego,47,,,,,,,,Paweł Grosicki ,,,,,Utworzone przez osoby fizyczne
729,Toruńskie Muzeum Oręża,87-100,Toruń,Toruń,m. Toruń,KUJAWSKO-POMORSKIE,ul.,Grudziądzka,57a,16,,,,,,,Krzysztof Melerski,,,,,Utworzone przez osoby fizyczne
730,TWIERDZA TORUŃ-Muzeum Historii i Wojskowości w Toruniu,87-100,Toruń,Toruń,m. Toruń,KUJAWSKO-POMORSKIE,ul.,Winna,19,,,,,,,,Tomasz Krajewski, Dariusz Kalinowski,,,,Utworzone przez osoby fizyczne
731,Unisławskie Muzeum Barwy i Broni,86-260,Unisław,Unisław,chełmiński,KUJAWSKO-POMORSKIE,ul.,Wiślana,3,4,,,,,,,Tomasz Michałek ,,,,,Utworzone przez osoby fizyczne
732,Warszawskie Muzeum Pojazdów Zabytkowych,05-092,Łomianki,Łomianki,warszawski zachodni,MAZOWIECKIE,al..,Chopina,49,,,,,,,,Maciej Gąsior,,,,,Utworzone przez osoby fizyczne
733,Wawerskie Muzeum Historyczne,04-541,Warszawa,m.st. Warszawa,m.st. Warszawa ,MAZOWIECKIE,ul. ,Karpacka,4c,,,,,,,,Tomasz Prasał,,,,,Utworzone przez osoby fizyczne
734,Zagłębiowskie Muzeum Militariów Dragon w Sosnowcu,41-215,Sosnowiec,Sosnowiec,m. Sosnowiec,ŚLĄSKIE,ul.,Gen. Waltera Janke,32,,,,,,,,Krzysztof Borda ,,,,,Utworzone przez osoby fizyczne
735,Żuławskie Muzeum Motoryzacji i Wypoczynku w Rokitnicy,83-021,Rokitnica,Pruszcz Gdański,gdański,POMORSKIE,ul.,Bursztynowa,28,,,,,,,,Agnieszka Wieliczko i Dominik Wieliczko,,,,,Utworzone przez osoby fizyczne
736,Dolnośląskie Społeczne Muzeum Kolejnictwa Przy Klubie Sympatyków Kolei we Wrocławiu,50-503,Wrocław,Wrocław (Wrocław-Krzyki),m. Wrocław,DOLNOŚLĄSKIE,ul.,Paczkowska,26,,,,,,,,Klub Sympatyków Kolei z siedzibą we Wrocławiu,,,,,Utworzone przez osoby prawne
737,ARCHE Muzeum Skraj Kultur w Janowie Podlaskim ,21-505,Janów Podlaski,Janów Podlaski,bialski,LUBELSKIE,ul.,Zamkowa,1,,,,,,,,Fundacja Leny Grochowskiej z siedzibą w Siedlach,,,,,Utworzone przez osoby prawne
738,Europejskie Centrum - Muzeum Haftu na Ziemi Garkowskiej,63-430,Odolanów,Odolanów,ostrowski,WIELKOPOLSKIE,,Garki,16B,,,,,,,,Fundacja im. św. Rity na rzecz Europejskiego Muzeum Etnograficznego Ziemi Garkowskiej,,,,,Utworzone przez osoby prawne
739,Gminne Muzeum Kultury Duchowej i Materialnej Bojków w Myczkowie,38-610,Polańczyk,Solina,leski,PODKARPACKIE,ul.,Wiejska,2,,,,,,,,"Gminny Ośrodek Kultury, Sportu i Turystyki w Solinie z/s w Polańczyku",,,,,Utworzone przez osoby prawne
740,Harcerskie Muzeum Etnograficzne w Katowicach,40-004,Katowice,Katowice,Katowice,ŚLĄSKIE,ul. ,Wojciecha Korfantego,8,,,,,,,,Związek Harcerstwa Polskiego - Chorągie Śląska,,,,,Utworzone przez osoby prawne
741,"Interaktywne Muzeum Technik Bezpieczeństwa, Transportu, Ochrony i Higieny Pracy w Mikołowie",43-190,Mikołów,Mikołów (Bujaków),mikołowski,ŚLĄSKIE,ul.,Rybnicka,43,,,,,,,,PPHU MORITZ Marek Różycki,,,,,Utworzone przez osoby prawne
742,Karpackie Muzeum Broni i Wyposażenia Wojskowego,38-400 ,Krosno ,Krosno,krośnieński,PODKARPACKIE ,ul. ,Rynek ,3,,,,,,,,Fundacja STEN,,,,,Utworzone przez osoby prawne 
743,"Kujawskie Muzeum Oręża, Nauki i Techniki",87-880,Brześć Kujawski,Brześć Kujawski,włocławski,KUJAWSKO-POMORSKIE,ul.,Redecz Krukowy,8A,,,,,,,,Fundacja im. Janusza Borkowskiego Godne Życie na Kujawach,,,,,Utworzone przez osoby prawne
744,Małopolskie Muzeum Pożarnictwa im. Z. Gęsikowskiego w Alwerni,32-566,Alwernia,Alwernia,chrzanowski,MAŁOPOLSKIE,ul.,Korycińskiego,10,,,,,,,,Ochotnicza Straż Pożarna w Alwerni,,,,,Utworzone przez osoby prawne
745,Mazurskie Muzeum Militariów ,11-400,Kętrzyn,Kętrzyn,kętrzyński,WARMIŃSKO-MAZURSKIE,ul.,Parcz,7,1,,,,,,,"Fundacja Edukacji Historycznej ,,Park Militariów ",,,,,Utworzone przez osoby prawne
746,Mobilne Muzeum Lotnictwa i Techniki w Warszawie,02-063,Warszawa,Warszawa (Ochota),m. st. Warszawa,MAZOWIECKIE,ul.,Górnickiego,3,8,,,,,,,Fundacja Lot Classic J. Makula &Partnerzy,,,,,Utworzone przez osoby prawne
747,Mobilne Muzeum Militarne we Wrocławiu,51-180,Wrocław,Wrocław (Wrocław-Psie Pole),m. Wrocław,DOLNOŚLĄSKIE,ul.,Pełczyńska,33,,,,,,,,Fundacja Inicjatyw Społecznych i Kulturalnych JEDYNKA,,,,,Utworzone przez osoby prawne
748,Muzeum Akademii Sztuk Pięknych w Warszawie,00-068,Warszawa,Warszawa (Śródmieście),m. st. Warszawa,MAZOWIECKIE,ul.,Krakowskie Przedmieście,5,,,,,,,,Akademia Sztuk Pięknych,,,,,Utworzone przez osoby prawne
749,Muzeum Archeologiczno-Historyczne w Moryniu,70-504,Moryń,Moryń,gryfiński,ZACHODNIOPOMORSKIE,ul.,Jeziorna,8,,,,,,,,Towarzystwo Wszechstronnego Rozwoju COLLEGIUM,,,,,Utworzone przez osoby prawne
750,Muzeum Architektury I Ikony Karpackiej w Baligrodzie,38-606,Baligród,Baligród,leski,PODKARPACKIE,UL. ,Bieszczadzka,1,,,,,,,,Stowarzyszenie Ratowania Cerkwi w Baligrodzie,,,,,Utworzone przez osoby prawne
751,Muzeum ARMA BELLUM Moto - Armii Sp. z o.o.,78-600,Wałcz,Wałcz,wałecki,ZACHODNIOPOMORSKIE,ul. ,Kilińszczaków ,40B,,,,,,,,Moto - Armia Sp. z o.o. ,,,,,Utworzone przez osoby prawne 
752,Muzeum Bambrów Poznańskich,60-723,Poznań,Poznań (Poznań-Grunwald),m. Poznań,WIELKOPOLSKIE,ul.,Mostowa,7,9,,,,,,,Towarzystwo Bambrów Poznańskich w Poznaniu,,,,,Utworzone przez osoby prawne
753,Muzeum Brodnickiej Grupy Eksploracyjno -Poszukiwawczej ,87-313,Brzozie ,Brzozie ,brodnicki ,KUJAWSKO- POMORSKIE ,,,48,,,,,,,,Stowarzyszenie Brodnicka Grupa Eksploracyjno - Poszukiwawcza ,,,,,Utworzone przez osoby prawne 
754,Muzeum Broni Dawnej i Nowej Fundacji In Singulis Dextra,75-950 ,Koszalin ,Koszalin ,koszaliński,ZACHODNIOPOMORSKIE,ul. ,Rynek Staromiejski ,5,1,,,,,,,Fundacja In Singulis Dextra ,,,,,Utworzone przez osoby prawne 
755,Muzeum Broni Dawnej i Nowej Towarzystwa Strzeleckiego,75-038,Koszalin,Koszalin,m. Koszalin,ZACHODNIOPOMORSKIE,ul.,Zwycięstwa,46,4D,,,,,,,Towarzystwo Strzeleckie z siedzibą w Koszalinie ,,,,,Utworzone przez osoby prawne
756,Muzeum Broni i Sprzętu Wojskowego Kwidzyńskiego Stowarzyszenia Sportowo-Kolekcjonerskiego GWARD,82-500,Kwidzyn,Kwidzyn,kwidzyński,POMORSKIE,ul.,Miłosna,18,,,,,,,,Kwidzyńskie Stowarzyszenie Sportowo-Kolekcjonerskie GWARD,,,,,Utworzone przez osoby prawne
757,Muzeum Broni i Sprzętu Wojskowego SIRGUNE,82-440,Dzierzgoń,Dzierzgoń,sztumski,POMORSKIE,ul.,Odrodzenia,4,,,,,,,,SALU Sp. z o.o.,,,,,Utworzone przez osoby prawne
758,Muzeum Bursztynu,78-100,Kołobrzeg,Kołobrzeg,kołobrzeski,ZACHODNIOPOMORSKIE,ul.,Waryńskiego ,4,,,,,,,,Sunstone sp.z o.o.,,,,,Utworzone przez osoby prawne
759,Muzeum Chirurgii i Sali Operacyjnej w Ustroniu ,43-450,Ustroń,Ustroń,cieszyński,ŚLĄSKIE,ul.,Szpitalna,11,,,,,,,,Śląski Szpital Reumatologiczno- Rehabilitacyjny w Ustroniu ,,,,,Utworzone przez osoby prawne
760,Muzeum Czynu Bojowego Kleeberczyków w Woli Gułowskiej,21-481,Wola Gułowska ,Wola Gułowska,łukowski,LUBELSKIE,ul.,,68,,,,,,,,"Samorządowa instytucja kultury - Dom Kultury - Pomnik Czynu Bojowego Kleeberczyków w Woli Gułowskiej, dla której organizatorem jest Gmina Adamów",,,,,Utworzone przez osoby prawne
762,Muzeum Czynu Zbrojnego w Krakowie Nowej Hucie,31-961,Kraków,Kraków (Kraków-Nowa Huta),m. Kraków,MAŁOPOLSKIE,os. ,Górali,23,,,,,,,,Małopolska Fundacja Dom Kombatanta RP - Muzeum Czynu Zbrojnego,,,,,Utworzone przez osoby prawne
763,"Muzeum Edukacji Pszczółki w Niezwojowicach ",32-109,Pałecznica Niezwojowice,Pałecznica,proszowicki,MAŁOPOLSKIE,,,23,,,,,,,,"Fundacja na rzecz Kultury Sztuki i Przyrody ,,Pszczółki",,,,,Utworzone przez osoby prawne
764,Muzeum Eksploracji Polskiej,80-518,Gdańsk,Gdańsk,m. Gdańsk,POMORSKIE,ul.,Gdańska,21,E,,,,,,,"Fundacja Na Rzecz Odzyskania Zaginionych Dzieł Sztuki LATEBRA",,,,,Utworzone przez osoby prawne
765,Muzeum Fort Wielka Księża Góra,86-302,Grudziądz,Grudziądz,grudziądzki,KUJAWSKO-POMORSKIE,,Wielkie Lniska,22,,,,,,,,Stowarzyszenie Fort Wielka Księża Góra,,,,,Utworzone przez osoby prawne
766,Muzeum Fortyfikacji Pancernej Twierdzy Toruń,87-100,Toruń,Toruń,m. Toruń,KUJAWSKO-POMORSKIE,ul.,Poznańska,191,199,,,,,,,Toruńskie Towarzystwo Fortyfikacyjne,,,,,Utworzone przez osoby prawne
767,Muzeum Fryderyka Chopina w Warszawie,00-368,Warszawa (Zamek Ostrogskich),Warszawa (Śródmieście),m. st. Warszawa,MAZOWIECKIE,ul.,Okólnik,1,,,,,,,,Narodowy Instytut Fryderyka Chopina ,,,,2018-12-28,Utworzone przez osoby prawne
768,Muzeum Gazownictwa w Paczkowie,48-370,Paczków,Paczków,nyski,OPOLSKIE,ul.,Pocztowa,6,,,,,,,,Górnośląska Spółka Gazownictwa Sp. z o.o.,,,,,Utworzone przez osoby prawne
769,Muzeum Gazowni Warszawskiej w Warszawie,01-224,Warszawa,Warszawa (Wola),m. st. Warszawa,MAZOWIECKIE,ul.,Marcina Kasprzaka,25,,,,,,,,Fundacja PGNiG S.A. im. Ignacego Łukasiewicza z siedzibą w Warszawie,,,,,Utworzone przez osoby prawne
770,Muzeum Grodziska Kolej Drezynowa,62-065,Ptaszkowo,Grodzisk Wielkopolski ,grodziski ,WIELKOPOLSKIE,,,82,,,,,,,,Stowarzyszenie Grodziska Kolej Drezynowa,,,,,Utworzone przez osoby prawne 
771,Muzeum Gryfa Pomorskiego,84-251,Lisewo,Chynowie,wejherowski,POMORSKIE,,,28,,,,,,,,Militarni Team Sp. z o.o. z siedzibą w Gdyni,,,,,Utworzone przez osoby prawne
772,Muzeum Harcerstwa w Warszawie,00-491,Warszawa,Warszawa (Śródmieście),m. st. Warszawa,MAZOWIECKIE,ul.,Konopnickiej,6,,,,,,,,Związek Harcerstwa Polskiego,,,,,Utworzone przez osoby prawne
773,Muzeum Historii i Uzbrojenia w Opolu przy Stowarzyszeniu 10 Sudeckiej Dywizji Zmechanizowanej,45-063,Opole,Opole,m. Opole,OPOLSKIE,ul.,Kościuszki,45,,,,,,,,Stowarzyszenie 10 Sudeckiej Dywizji Zmechanizowanej ,,,,,Utworzone przez osoby prawne
774,Muzeum Historii Kocka,21-150,Kock,Kock,lubartowski,LUBELSKIE,ul.,Marcina Stępnia ,6,,,,,,,,Miejsko-Gminna Biblioteka Publiczna z siedzibą w Kocku,,,,,Utworzone przez osoby prawne
775,Muzeum Historii Medycyny Warszawskiego Uniwersytetu Medycznego,02-091,Warszawa,Warszawa (Ochota),m. st. Warszawa,MAZOWIECKIE,ul.,Żwirki i Wigury,63,,,,,,,,Warszawski Uniwersytet Medyczny,,,,,Utworzone przez osoby prawne
776,Muzeum Historii Obronności i Oręża Polskiego w Drzewcach,86-065,Drzewce,Łochowo,bydgoski,KUJAWSKO-POMORSKIE,ul.,Drzewiecka,15,,,,,,,,"Stowarzyszenie Kulturalno-Naukowe AWANGARDA w Drzewcach",,,,,Utworzone przez osoby prawne
778,Muzeum Historii Szczypiorna ,62-800,Kalisz,Kalisz,m. Kalisz,WIELKOPOLSKIE,ul.,Wrocławska,189,,,,,,,,Stowarzyszenie Szczypiorniak z siedzibą w Kaliszu ,,,,,Utworzone przez osoby prawne
779,Muzeum Historii Twierdzy Świnoujście,72-600,Świnoujście,Świnoujście,m. Świnoujście,ZACHODNIOPOMORSKIE,ul.,Jachtowa,1,,,,,,,,Stowarzyszenie Miłośników Fortów w Świnoujściu Reduta,,,,,Utworzone przez osoby prawne
780,Muzeum Historyczne im. 7 Pułku Lansjerów Nadwiślańskich,05-074,Halinów,Halinów,miński,MAZOWIECKIE,ul.,Okuniewska,114,,,,,,,,Stowarzyszenie Historyczno – Edukacyjne im. 7 Pułku Lansjerów Nadwiślańskich ,,,,,Utworzone przez osoby prawne
781,Muzeum Historyczne Skarb w Policach,72-010,Police,Police,policki,ZACHODNIOPOMORSKIE,ul.,Spółdzielcza,31,,,,,,,,Stowarzyszenie Przyjaciół Ziemi Polickiej Skarb z siedzibą w Policach ,,,,,Utworzone przez osoby prawne
782,Muzeum Historyczne przy PBG Spółka Akcyjna,62-081,Wysogotowo (poczta Przeźmierowo),Dąbrowa,poznański,WIELKOPOLSKIE,ul.,Skórzewska,35,,,,,,,,PBG S. A z siedzibą w Wysogotowie ,,,,,Utworzone przez osoby prawne
783,Muzeum Historyczne w Bytomiu,41-902,Bytom,Bytom,m. Bytom,ŚLĄSKIE,ul.,Prusa,14,5,,,,,,,Fundacja im. Mieczysława Dumnickiego,,,,,Utworzone przez osoby prawne
784,Muzeum Hutnictwa Cynku - Walcownia,40-387,Katowice,Katowice,m. Katowice,ŚLĄSKIE,ul.,11 Listopada,50,,,,,,,,Fundacja Ochrony Dziedzictwa Przemysłowego Śląska ,,,,,Utworzone przez osoby prawne
785,Muzeum Hutnictwa Doliny Małej Panwi,46-040,Ozimek,Szczedrzyk,opolski,OPOLSKIE,ul.,Hutnicza,1,,,,,,,,Stowarzyszenie Dolina Małej Panwi,,,,,Utworzone przez osoby prawne
786,Muzeum im. G. i. J. Osiakowskich,62-800,Kalisz,Kalisz,m. Kalisz,WIELKOPOLSKIE,ul.,Garbarska,2,,,,,,,,"Fundacja ,,Króla Salomona",,,,,Utworzone przez osoby prawne
787,Muzeum Broni Dawnej i Nowej w Sandomierzu Fundacji im. Żołnierzy Wyklętych,27-600,Sandomierz,Sandomierz,sandomierski,ŚWIĘTOKRZYSKIE,ul.,Doktora Feliksa Milberta 8,41,,,,,,,,Fundacja im. Żołnierzy Wyklętych,,,,,Utworzone przez osoby prawne
788,Muzeum Instytutu Tarnogórskiego ,42-600,Tarnowskie Góry,Tarnowskie Góry ,tarnogórski,ŚLĄSKIE,ul.,Ligonia,7,,,,,,,,Instytut Tarnogórski i Muzeum ,,,,,Utworzone przez osoby prawne
789,Muzeum Kampanii Wrześniowej i Twierdzy Modlin,05-100,Nowy Dwór Mazowiecki (Twierdza Modlin),Kazuń Nowy,nowodworski,MAZOWIECKIE,ul.,Baśki Murmańskiej,164,,,,,,,,Stowarzyszenie Przyjaciół Muzeum Kampanii Wrześniowej i Twierdzy Modlin,,,,,Utworzone przez osoby prawne
790,Muzeum Kaszubskie Kamienie,83-304,Przodkowo,Przodkowo,kartuski,POMORSKIE,,Kawle Dolne ,88,,,,,,,,Fundacja Kaszubkie Kamienie,,,,,Utworzone przez osoby prawne
791,Muzeum Katolickiego Uniwersytetu Lubelskiego Jana Pawła II,20-950,"Lublin ",Lublin ,lubelski,LUBELSKIE,Al.,Racławickie,14,,,,,,,,Katolicki Uniwersytet Lubelski Jana Pawła II ,,,,,Utworzone przez osoby prawne 
792,Muzeum Kierownictwa Dywersji Armii Krajowej w Stalowej Woli - Rozwadowie,37-464,Stalowa Wola,Stalowa Wola,stalowowolski,PODKARPACKIE,ul. ,Stanisława Bełżyńskiego ,18,,,,,,,,Fundacja KEDYW,,,,,Utworzone przez osoby prawne 
793,Muzeum Klubu Sportowego Widzew Łódź w Łodzi ,92-230 ,Łódź,Łódź,m. Łódź ,ŁÓDZKIE,AL.,Marszałka Józefa Piłsudskiego,138,,,,,,,,Stowarzyszenie Reaktywacja Tradycji Sportowych Widzew Łódź ,,,,,Utworzone przez osoby prawne 
794,Muzeum Komputerów I Konsol w Osielsku,86-031,"Osielsko, Myślęcinek",Osielsko,bydgoski,KUJAWSKO-POMORSKIE,ul. ,Bielska,1,,,,,,,,Fundacja Dookoła Świata,,,,,Utworzone przez osoby prawne
795,Muzeum Książąt Lubomirskich,50-139,Wrocław,Wrocław,Wrocław ,DOLNOŚLĄSKIE,ul.,Szewska,37,,,,,,,,Zakład Narodowy im. Ossolińskich,,,,,Utworzone przez osoby prawne 
796,Muzeum Kolejnictwa,00-811,Warszawa,m.st. Warszawa,m.st. Warszawa ,MAZOWIECKIE,ul.,Towarowa,3,,,,,,,,Stacja Muzeum,,,,,Utworzone przez osoby prawne 
797,Muzeum Kolejnictwa na Śląsku,58-140,Jaworzyna Śląska,Jaworzyna Śląska,świdnicki,DOLNOŚLĄSKIE,ul.,Towarowa,4,,,,,,,,Fundacja Ochrony Dziedzictwa Przemysłowego Śląska ,,,,,Utworzone przez osoby prawne
798,Muzeum Kolekcji im. Jana Pawła II Fundacji Carroll-Porczyńskich w Warszawie,00-139,Warszawa,Warszawa (Śródmieście),m. st. Warszawa,MAZOWIECKIE,Plac,Bankowy,1,,,,,,,,Fundacja Arteks i Konferencja Episkopatu Polski ,,,,,Utworzone przez osoby prawne
799,Muzeum Kolekcja Sztuki Współczesnej,26-600,Radom,Radom,m. Radom,MAZOWIECKIE,ul.,Kopernika,1,,,,,,,,"Samorządowa instytucja kultury - Mazowieckie Centrum Sztuki Współczesnej Elektrownia w Radomiu, dla której organizatorem jest Województwo Mazowieckie",,,,,Utworzone przez osoby prawne
800,Muzeum Komputerów i Gier w Warszawie,00-609,Warszawa,m.st. Warszawa,m. st. Warszawa,MAZOWIECKIE,al.,Niepodległości,208A,,,,,,,,Warszawskie Muzeum Komputerów i Gier sp. z o.o.,,,,,Utworzone przez osoby prawne
801,Muzeum Komunikacji w Warszawie ,03-309,Warszawa,Warszawa (Targówek),m. st. Warszawa,MAZOWIECKIE,ul.,Pożarowa,2,,,,,,,,Fundacja Heredis ,,,,,Utworzone przez osoby prawne
802,Muzeum Koronki Koniakowskiej w Koniakowie,43-474,Koniaków,Istebna,cieszyński,ŚLĄSKIE,,Koniaków,704,,,,,,,,Fundacja Koronki Koniakowskiej,,,,,Utworzone przez osoby prawne
803,Muzeum Książki Artystycznej w Łodzi,90-349,Łódź,Łódź (Łódź-Widzew),m. Łódź,ŁÓDZKIE,ul.,Tymienieckiego,24,,,,,,,,Fundacja Correspondance des Arts,,,,,Utworzone przez osoby prawne
804,Muzeum Kultury Łemkowskiej w Zyndranowej,38-454,Tylawa,Dukla,krośnieński,PODKARPACKIE,,Zyndranowa,1,,,,,,,,Towarzystwo na Rzecz Rozwoju Muzeum Kultury Łemkowskiej,,,,,Utworzone przez osoby prawne
805,Muzeum Lokalne Kolejki Szprotawskiej w Zielonej Górze,65-462,Zielona Góra,Zielona Góra,m. Zielona Góra,LUBUSKIE,ul.,Ogrodowa,3c,,,,,,,,Polskie Towarzystwo Krajoznawcze,,,,,Utworzone przez osoby prawne
806,Muzeum Lotnictwa i Techniki Militarnej w Rogowie,72-330,"Rogowo,",Mrzeżyno,gryficki,ZACHODNIOPOMORSKIE,,Rogowo,376,41,,,,,,,"Fundacja na rzecz Ochrony Zabytków militarnych i propagowania sportów lotniczych ,,Fort-Rogowo z siedzibą w Rogowie",,,,,Utworzone przez osoby prawne
807,Muzeum Lotnictwa Ziemi Świdwińskiej,78-300,Świdwin,Świdwin,świdwiński,ZACHODNIOPOMORSKIE,ul.,Niedziałkowskiego,17,,,,,,,,Stowarzyszenie Przyjaciół Lotniska Wojskowego Świdwin z siedzibą w Świdwinie,,,,,Utworzone przez osoby prawne
808,Muzeum Lotnicze w Góraszce,05-462,Góraszka Gm. Wiązowna ,Wiązowna,otwocki,MAZOWIECKIE,,Lotnisko Góraszka,,,,,,,,,Fundacja Polskie Orły,,,,,Utworzone przez osoby prawne
809,Muzeum Lwowa i Kresów Południowo-Wschodnich,96-325,Radziejowice,Radziejowice,żyrardowski,MAZOWIECKIE,,Kuklówka Radziejowicka,23A,,,,,,,,Fundacja Lwów i Kresy Południowo-Wschodnie,,,,,Utworzone przez osoby prawne
810,Muzeum Marcepanów w Piotrkowie Trybunalskim,97-300,Piotrków Trybunalski,Piotrków Trybunalski,Piotrków Trybunalski,ŁÓDZKIE,ul.,Słowackiego,116,,,,,,,,Piotrkowskie Bractwo Akademickie im. Zygmunta I Starego,,,,,Utworzone przez osoby prawne
811,Muzeum Miasta i Rzeki Warty przy Oddziale PTTK im. dr E. Kaleniewicz w Warcie,98-290,Warta,Warta,sieradzki,ŁÓDZKIE,ul.,20 stycznia ,26,,,,,,,,Oddział Polskiego Towarzystwa Turystyczno – Krajoznawczego im. dr Eugenii Kaleniewicz w Warcie,,,,,Utworzone przez osoby prawne
812,Muzeum Miasta Piastowa w Piastowie,05-820,Piastów,Piastów,pruszkowski,MAZOWIECKIE,ul.,11 Listopada,8,,,,,,,,Piastowskie Archiwum Miejskie,,,,,Utworzone przez osoby prawne
813,Muzeum Miejskie w Górowie Iławeckim ,11-220,Górowo Iławeckie,Górowo Iławeckie,bartoszycki,WARMIŃSKO-MAZURSKIE,ul.,Sikorskiego,19,3,,,,,,,"Stowarzyszenie Historyczno – Kolekcjonerskie Ziemi Górowskiej ,,DREYSE",,,,,Utworzone przez osoby prawne
814,Muzeum Militarnych Dziejów Śląska w Pszczynie,43-200,Pszczyna,Góra,pszczyński,ŚLĄSKIE,ul.,Katowicka,1,,,,,,,,",,PRO MEMORIA Stowarzyszenie Bitwy pod Pszczyną 1939",,,,,Utworzone przez osoby prawne
815,Muzeum Morskiego Dywizjonu Lotniczego w Pucku,84-100,Puck,Swarzewo,pucki,POMORSKIE,ul.,10 Lutego,36,,,,,,,,Stowarzyszenie Historyczne Morskiego Dywizjonu Lotniczego w Pucku,,,,,Utworzone przez osoby prawne
816,Muzeum Motoryzacji i techniki w Roczynach,34-120,Andrychów,Andrychów,wadowicki,MAŁOPOLSKIE,ul.,Sadowa (w miejscowości Roczyny),21,,,,,,,,STALVEN Spółka z ograniczoną odpowiedzialnością,,,,,Utworzone przez osoby prawne
817,Muzeum Motoryzacji w Lublinie ,20-704,Lublin,Lublin ,Lublin,LUBELSKIE,ul.,Skromna,5,,,,,,,,Fundacja Niepodległości,,,,,Utworzone przez osoby prawne
818,Muzeum Nauk Rolniczych im. Książąt Czartoryskich w Puławach,24-100,Puławy,Góra Puławska,puławski,LUBELSKIE,ul.,Czartoryskich,8,,,,,,,,Instytut Uprawy Nawożenia i Gleboznawstwa – Państwowy Instytut Badawczy w Puławach,,,,,Utworzone przez osoby prawne
819,Muzeum Nalewki Łódzkiej,,Łódź,Łódż,łódzki ,ŁÓDZKIE,ul.,Nowomiejska,14,,,,,,,,MRT Philosophy sp. z o.o. ,,,,,Utworzone przez osoby prawne
820,Muzeum Obrony Wybrzeża,84-150,Hel,Hel,pucki,POMORSKIE,ul.,Helska,16,,,,,,,,"Stowarzyszenie ,,Przyjaciele Helu, Sekcja Zabytków Militarnych",,,,,Utworzone przez osoby prawne
821,Muzeum Oręża i Techniki Użytkowej,05-230,Kobyłka,Kobyłka,wołomiński,MAZOWIECKIE,ul.,Leszka,23,,,,,,,,Fundacja EKSPONAT,,,,,Utworzone przez osoby prawne
822,Muzeum Oręża Polskiego im. 1. Brygady Pancernej im. Bohaterów Westerplatte,26-903,Głowaczów,Brzóza,kozienicki,MAZOWIECKIE,,Studzianki Pancerne,14,,,,,,,,"Fundacja Obrońców Ojczyzny ,,Pancerze i Skrzydła",,,,,Utworzone przez osoby prawne
823,Muzeum Otwarta Twierdza-Otwarte Rozproszone Ekomuzeum Cywilizacji i Wojny XIX i XX wieku,31-153,Kraków,Kraków (Kraków-Śródmieście),m. Kraków,MAŁOPOLSKIE,ul.,Szlak,26,,,,,,,,"Fundacja Aktywnej Ochrony Zabytków, Techniki i Dziedzictwa Kulturowego Janus",,,,,Utworzone przez osoby prawne
824,Muzeum Pałac Sulisław ,49-200,Sulisław,Grodków,brzeski,OPOLSKIE,,Sulisław,24,,,,,,,,BJ Sp. zo.o.,,,,,Utworzone przez osoby prawne
825,Muzeum Pamiątek Turystycznych PTTK w Radomiu,26-610,Radom,Radom,m. Radom,MAZOWIECKIE,ul.,Traugutta,46,48,,,,,,,Zarząd Oddziału Miejskiego PTTK w Radomiu,,,,,Utworzone przez osoby prawne
826,Muzeum Pamięci Narodowej Kobiet Polskich w Szczecinie,71-612,Szczecin,Szczecin,m. Szczecin,ZACHODNIOPOMORSKIE,ul.,Malczewskiego,35,LU1,,,,,,,Fundacja Oleander,,,,,Utworzone przez osoby prawne
827,Muzeum Pamięci Powstania Warszawskiego,00-084,Warszawa,Warszawa,m.st. Warszawa ,MAZOWIECKIE,ul. ,Daniłowiczowska,18b,,,,,,,,"Stowarzyszenie Grupa Historyczna Zgrupowanie Radosław",,,,,Utworzone przez osoby prawne
828,Muzeum Papiernictwa w Dawnej Królewskiej Fabryce Papieru w Konstancinie-Jeziornie,05-520,Konstancin -Jeziorna,Konstancin-Jeziorna,piaseczyński,MAZOWIECKIE,ul.,Mirkowska,45,,,,,,,,Konstans Sp. z o.o.,,,,,Utworzone przez osoby prawne
829,Muzeum Parowozownia Jarocin w Jarocinie,63-200,Jarocin,Jarocin,jarociński,WIELKOPOLSKIE,ul.,Parowozownia,1,,,,,,,,Towarzystwo Kolei Wielkopolskiej z siedzibą w Jarocinie,,,,,Utworzone przez osoby prawne
830,Muzeum Pod Kuźniczym Młotem ,34-500,Zakopane,Zakopane,tatrzański,MAŁOPOLSKIE,Plac,Niepodległości,6,,,,,,,,Zakopiańska Fundacja Narodowa Skansen,,,,,Utworzone przez osoby prawne
831,Muzeum Polskich Sił Zbrojnych w Lublinie,20-704,Lublin ,Lublin ,Lublin,LUBELSKIE,ul.,Skromna,5,,,,,,,,Fundacja Niepodległości,,,,,Utworzone przez osoby prawne
832,Muzeum Polskiego Czynu Zbrojnego w Armiach Sprzymierzonych,83-330 ,Borkowo,Żukowo,kartuski ,POMORSKIE,ul. ,Kartuska ,65,,,,,,,,"Fundacja Muzeum Polskiego Czynu Zbrojnego Armii Sprzymierzonych ,,ALLIANT",,,,,Utworzone przez osoby prawne 
833,Muzeum Pomorskich Kolei Wąskotorowych ,75-108,Koszalin (Centrum Pielgrzymkowo - Turystyczne przy Domu Zakonnym - Góra Chełmska),Koszalin ,koszaliński,ZACHODNIOPOMORSKIE,,ul. Kolejowa ,4,,,,,,,,Towarzystwo Koszalińskiej Kolei Wąskotorowej ,,,,,Utworzone przez osoby prawne 
834,Muzeum Poszukiwaczy Śladów Historii DENAR,62-811,Kościelna Wieś,Gołuchów,pleszewski,WIELKOPOLSKIE,ul.,Łęgowa,1g,,,,,,,,"Kaliskie Stowarzyszenie Poszukiwaczy Śladów Historii DENAR",,,,,Utworzone przez osoby prawne 
835,Muzeum Powozów Galowice,55-020,"Żórawina, Galowice",Brzeście,wrocławski,DOLNOŚLĄSKIE,ul.,Leśna,5,,,,,,,,"Fundacja ,,Gallen",,,,,Utworzone przez osoby prawne
836,Muzeum Pożarnictwa w Przodkowie,83-304,Przodkowo,Przodkowo,kartuski,POMORSKIE,ul.,Kartuska,23,,,,,,,,Stowarzyszenie Ochotnicza Straż Pożarna w Przodkowie,,,,,Utworzone przez osoby prawne
837,Muzeum PRL-u i Historii Miasta Nowy Dwór Mazowiecki,05-100,Nowy Dwór Mazowiecki,Kazuń Nowy,nowodworski,MAZOWIECKIE,ul.,Nowołęczna,2,,,,,,,,Fundacja dla Muzeum PRL-u i Historii Miasta Nowy Dwór Mazowiecki,,,,,Utworzone przez osoby prawne
838,Muzeum PRL-u w Rudzie Śląskiej,41-711,Ruda Śląska,Ruda Śląska,Ruda Śląska,ŚLĄSKIE,ul.,Zajęcza,42,,,,,,,,Fundacja Minionej Epoki,,,,,Utworzone przez osoby prawne
839,Muzeum Przemysłu i Techniki w Wałbrzychu ,58-304,Wałbrzych,Wałbrzych,wałbrzyski,DOLNOŚLĄSKIE,ul.,Piotra Wysockiego,29,,,,,,,,"Samorządowa instytucja kultury pn. Park Wielokulturowy – Stara Kopalnia w Wałbrzychu, dla której organizatorem jest Gmina Wałbrzych",,,,,Utworzone przez osoby prawne
840,Muzeum Przemysłu Skórzanego w Wielopolu Skrzyńskim,39-110,Wielopole Skrzyńskie,Wielopole Skrzyńskie,ropczycko-sędziszowski,PODKARPACKIE,,Wielopole Skrzyńskie,642,,,,,,,,"Zakład Produkcji Obuwia ASKO Spółka z ograniczoną odpowiedzialnością",,,,,Utworzone przez osoby prawne
841,Muzeum Przemysłu Zapałczanego w Częstochowie,42-200,Częstochowa,Nowa Wieś,częstochowski,ŚLĄSKIE,ul.,Ogrodowa,68,,,,,,,,Spółka Akcyjna Częstochowskie Zakłady Przemysłu Zapałczanego ,,,,,Utworzone przez osoby prawne
843,Muzeum Ratownictwa w Krakowie ,30-363,Kraków,Kraków (Kraków-Podgórze),m. Kraków,MAŁOPOLSKIE,ul.,Rzemieślnicza,10,,,,,,,,"Stowarzyszenie Ochotnicza Straż Pożarna ,,Muzeum Ratownictwa w Krakowie ",,,,,Utworzone przez osoby prawne
844,Muzeum Regionalne im. Seweryna Udzieli w Starym Sączu,33-340,Stary Sącz,Stary Sącz,nowosądecki,MAŁOPOLSKIE,ul.,Rynek,6,,,,,,,,Towarzystwo Miłośników Starego Sącza ,,,,,Utworzone przez osoby prawne
845,Muzeum Regionalne PTTK im. Antoniego Minkiewicza w Olkuszu,32-300,Olkusz,Olkusz,olkuski,MAŁOPOLSKIE,ul.,Rynek,20,,,,,,,,Polskie Towarzystwo Turystyczno-Krajoznawcze im. Aleksandra Janowskiego Oddział w Olkuszu ,,,,,Utworzone przez osoby prawne
846,Muzeum Regionalne PTTK im. Ignacego Łukasiewicza w Gorlicach,38-300,Gorlice,Gorlice,gorlicki,MAŁOPOLSKIE,ul.,,,,,,,,,,Gorlicki Oddział Polskiego Towarzystwa Turystyczno-Krajoznawczego,,,,,Utworzone przez osoby prawne
848,Muzeum Regionalne PTTK im. Władysława Kowalskiego w Dobczycach,32-410,Dobczyce,Dobczyce,myślenicki,MAŁOPOLSKIE,ul.,Podgórska,1,,,,,,,,Oddział Polskiego Towarzystwa Turystyczno – Krajoznawczego w Dobczycach ,,,,,Utworzone przez osoby prawne
849,Muzeum Regionalne PTTK w Końskich,26-200,Końskie,Nieświń,konecki,ŚWIĘTOKRZYSKIE,ul.,Partyzantów,1,,,,,,,,Zarząd Oddziału Polskiego Towarzystwa Turystyczno - Krajoznawczego w Końskich,,,,,Utworzone przez osoby prawne
850,Muzeum Regionalne w Brzesku,32-800,Brzesko,Brzesko,brzeski,MAŁOPOLSKIE,ul.,Kościuszki,2,,,,,,,,wewnętrzna jednostka organizacyjna Miejskiego Ośrodka Kultury w Brzesku ,,,,,Utworzone przez osoby prawne
851,Muzeum Regionalne w Dobrodzieniu ,46-380,Dobrodzień,Dobrodzień,Olesno,OPOLSKIE,Plac,Wolności,24,,,,,,,,"wewnętrzna jednostka organizacyjna Dobrodzieńskiego Ośrodka Kultury i Sportu z siedzibą w Dobrodzieniu, dla którego Organizatorem jest Gmina Dobrodzień",,,,,Utworzone przez osoby prawne
852,Muzeum Regionalne w Goczałkowicach-Zdroju,43-230,Goczałkowice-Zdrój,Goczałkowice-Zdrój,pszczyński,ŚLĄSKIE,ul.,Główna,46A,,,,,,,,Stowarzyszenie Przyjaciół Goczałkowic-Zdroju,,,,,Utworzone przez osoby prawne
853,Muzeum Regionalne w Handzlówce,37-123,Handzlówka,Handzlówka,łańcucki,PODKARPACKIE,ul.,Handzlówka,107,,,,,,,,Stowarzyszenie Promocji i Rozwoju Wsi Handzlówka ,,,,,Utworzone przez osoby prawne
854,Muzeum Regionalne w Krokowej,84-100,Krokowa,Swarzewo,pucki,POMORSKIE,ul.,Zamkowa,1,,,,,,,,Fundacja Europejskie Spotkania Kaszubskie Centrum Kultury Krokowa,,,,,Utworzone przez osoby prawne
855,Muzeum Regionalne w Pilźnie,39-220,Pilzno,Pilzno,dębicki,PODKARPACKIE,ul.,Petrycego,8,,,,,,,,Dom Kultury w Pilźnie ,,,,,Utworzone przez osoby prawne
856,Muzeum Regionalne w Suszu,14-240,Susz,Susz,iławski,WARMIŃSKO-MAZURSKIE,ul.,M. Kopernika,15,,,,,,,,"Stowarzyszenie Historyczno-Badawcze Galea",,,,,Utworzone przez osoby prawne
857,Muzeum Rodziny Dohnów w Gładyszach,00-895,Warszawa,Warszawa,m.st. Warszawa ,MAZOWIECKIE,ul.,Biała,4,,,,,,,,Fundacja Odbudowy Zabytków Warmii,,,,,Utworzone przez osoby prawne
858,Muzeum Romanowscy z siedzibą w Poznaniu ,61-407,Poznań,Poznań (Poznań-Wilda),m. Poznań,WIELKOPOLSKIE,ul.,Franciszka Witaszka,4,,,,,,,,Fundacja Romanowscy ,,,,,Utworzone przez osoby prawne
859,Muzeum Sali BHP Stoczni Gdańskiej,80-864,Gdańsk,Gdańsk,m. Gdańsk,POMORSKIE,ul.,Ks. Jerzego Popiełuszki,6,,,,,,,,Fundacja Promocji Solidarności z siedzibą w Gdańsku,,,,,Utworzone przez osoby prawne
860,Muzeum Spraw Wojskowych w Krakowie ,30-698,Kraków,Kraków (Kraków-Podgórze),m. Kraków,MAŁOPOLSKIE,ul.,Sawiczewskich,46,,,,,,,,"Fundacja ,,Gloria Fortibus",,,,,Utworzone przez osoby prawne
861,Muzeum Sprzętu Militarnego w Strzegomiu,58-150,Strzegom,Strzegom,świdnicki,DOLNOŚLĄSKIE,ul. ,Tadeusza Kościuszki,2,113,,,,,,,Grupa Rekonstrukcji Historycznej Muzeum Sprzętu Militarnego Strzegom,,,,,Utworzone przez osoby prawne
862,Muzeum Sue Ryder ,00-588,Warszawa (Rogatka Mokotowska),Warszawa (Śródmieście),m. st. Warszawa,MAZOWIECKIE,Plac,Uni Lubelskiej,3,,,,,,,,Fundacja Sue Ryder ,,,,,Utworzone przez osoby prawne
863,Muzeum Sztuki Drukarskiej i Papiernictwa im. Fiola i Fiodorowa w Supraślu,16-030,Supraśl,Supraśl,białostocki,PODLASKIE,ul.,Klasztorna,1,,,,,,,,Muzeum Sztuki Drukarskiej i Papiernictwa im. Fiola i Fiodorowa sp. z o.o.,,,,,Utworzone przez osoby prawne
864,Muzeum Sztuki Jana Wałacha,43-470,Istebna,Istebna,cieszyński,ŚLĄSKIE,,,,,,,,,,,Muzeum i Stowarzyszenie im. Artysty Jana Wałacha w Istebnej,,,,,Utworzone przez osoby prawne
865,Muzeum Sztuki Książki,75-120,Koszalin,Koszalin,m. Koszalin,ZACHODNIOPOMORSKIE,ul.,Szczecińska,1,,,,,,,,wewnętrzna jednostka organizacyjna Wydawnictwa Artystycznego Kurtiak i Ley,,,,,Utworzone przez osoby prawne
866,Muzeum Sztuki Reduktywnej,59-850,Świeradów Zdrój,Świeradów-Zdrój,lubański,DOLNOŚLĄSKIE,ul.,Piłsudskiego,29,,,,,,,,Fundacja Gerarda na Rzecz Sztuki Współczesnej,,,,,Utworzone przez osoby prawne
867,Muzeum Śląskiej Bitwy o Paliwo Blechhammer 1944 w Kędzierzynie-Koźlu,47-225,Kędzierzyn-Koźle,Kędzierzyn-Koźle,kędzierzyńsko-kozielski ,OPOLSKIE,ul.,Wyzwolenia,7,,,,,,,,Stowarzyszenie Blechhammer-1944,,,,,Utworzone przez osoby prawne
868,Muzeum Tadeusza Kantora w Krakowie ,30-527,Kraków,Kraków,Kraków,MAŁOPOLSKIE,ul.,Nadwiślańska,44231,,,,,,,,Ośrodek Dokumnetacji Sztuki Tadeusza Kantora CRICOTEKA,,,,,Utworzone przez osoby prawne
869,Muzeum Techniki i Sztuki Wojennej,87-400,Golub-Dobrzyń Ostrowite,Golub-Dobrzyń,golubsko-dobrzyński,KUJAWSKO-POMORSKIE,,,,,,,,,,,Stowarzyszenie na Rzecz Rekonstrukcji Chorągwi Kujawskiej,,,,,Utworzone przez osoby prawne
870,Muzeum Techniki i Uzbrojenia Stowarzyszenia Strzelecko Kolekcjonerskiego Olimp w Olimpinie,86-061,Olimpin,Brzoza,bydgoski,KUJAWSKO-POMORSKIE,ul.,Łąkowa,11,,,,,,,,Stowarzyszenie Strzelecko - Kolekcjonerskie Olimp ,,,,,Utworzone przez osoby prawne
871,"Muzeum Techniki i Uzbrojenia Wojskowego w Kaliszu przy Stowarzyszeniu Strzeleckim Bellona",62-800,Kalisz,Kalisz,m. Kalisz,WIELKOPOLSKIE,ul.,Konopnickiej,2-,4,,,,,,,"Stowarzyszenie Strzeleckie ,,Bellona",,,,,Utworzone przez osoby prawne
872,Muzeum Techniki Militarnej i Historii Pomorza w Kłaninie,84-107,Kłanino,Kłanino,pucki,POMORSKIE,,Kłanino,2,,,,,,,,"Fundacja EXERCITUS",,,,,Utworzone przez osoby prawne
873,Muzeum Techniki Militarnej Riese,57-450,Ludwikowice,Ludwikowice Kłodzkie,kłodzki,DOLNOŚLĄSKIE,ul.,Fabryczna,37d,,,,,,,,Stowarzyszenie Riese,,,,,Utworzone przez osoby prawne
874,Muzeum Techniki Militarnej w Warszawie,02-484,Warszawa,Warszawa (Włochy),m. st. Warszawa,MAZOWIECKIE,ul.,Na Krańcu,107,,,,,,,,Fundacja Ochrony Zabytków Techniki Wojskowej ,,,,,Utworzone przez osoby prawne
875,Muzeum Techniki Rolniczej w Bierkowie,76-206,Bierkowo,Słupsk,m. Słupsk,POMORSKIE,ul.,Grodzka,168,,,,,,,,Fundacja Techniki Rolniczej,,,,,Utworzone przez osoby prawne
876,Muzeum Techniki Wojskowej w Szczecinie ,71-806,Szczecin,Szczecin,Szczecin,ZACHODNIOPOMORSKIE,ul.,Strzelców Karpackich,15,,,,,,,,"Fundacja Edukacji Strzeleckiej i Historycznej Semper Parati",,,,,Utworzone przez osoby prawne
877,Muzeum Techniki Wojskowej GRYF,84-242,Dąbrówka,Luzino,wejherowski,POMORSKIE,ul.,ppłk. Ryszarda Lubowiedzkiego,2,,,,,,,,"Fundacja Historyczna ,,Gryf",,,,,Utworzone przez osoby prawne
878,Muzeum Techniki Wojskowej i Tradycji Jednostki Strzeleckiej 4008 Łódź,91-735,Łódź,Łódź (Łódź-Bałuty),m. Łódź,ŁÓDZKIE,ul.,Źródłowa,52,,,,,,,,Stowarzyszenie Jednostka Strzelecka 4008 Łódź,,,,,Utworzone przez osoby prawne
879,Muzeum Techniki Wojskowej przy Stowarzyszeniu Miłośników Sprzętu Pancernego SKOT w Środzie Wielkopolskiej ,63-000,Środa Wielkopolska,Dominowo,średzki,WIELKOPOLSKIE,ul.,Marcinkowskiego,17,,,,,,,,Stowarzyszenie Miłośników Sprzętu Pancernego SKOT w Środzie Wielkopolskiej ,,,,,Utworzone przez osoby prawne
880,Muzeum Tercetu Egzotycznego w Lubiniu,64-010,Krzywiń,Jerka,kościański,WIELKOPOLSKIE,ul.,Mickiewicza,3,,,,,,,,Stowarzyszenie Oliwskie Słoneczko z siedzibą w Lubiniu,,,,,Utworzone przez osoby prawne
881,Muzeum Tradycji i Techniki ,86-260,Unisław ,Unisław ,chełmiński,KUJAWSKO-POMORSKIE,ul. ,Ogrodowa ,6,,,,,,,,"Stowarzyszenie ,,Towarzystwo Sportowo- Kolekcjonerskie z siedzibą w miejscowości Unisław ",,,,,Utworzone przez osoby prawne 
882,Muzeum Tradycji Kolejowej w Węgorzewie ,11-600,Węgorzewo,Węgorzewo,węgorzewski,WARMIŃSKO-MAZURSKIE,ul.,Jaracza,4,,,,,,,,"Fundacja ,,Dziedzictwo Nasze",,,,,Utworzone przez osoby prawne
883,Muzeum Tradycji Rybactwa Stawów Milickich i Doliny Baryczy,56-300,Milicz,Cieszków,milicki,DOLNOŚLĄSKIE,,Ruda Sułowska,20,,,,,,,,Spółka Akcyjna Stawy Milickie z siedzibą w Rudzie Sułowskiej ,,,,,Utworzone przez osoby prawne
884,Muzeum Transportu Kolejowego Bocznicy Pastuchów,58-140,Jaworzyna Śląska,Jaworzyna Śląska,świdnicki ,DOLNOŚLĄSKIE,ul. ,Kościelna,4,2,,,,,,,Stowarzyszenie Miłośników Kolei w Jaworzynie Śląskiej ,,,,,Utworzone przez osoby prawne 
885,Muzeum Twierdzy Modlin w Nowym Dworze Mazowieckim,05-160,Nowy Dwór Mazowiecki,Nowy Dwór Mazowiecki (Modlin-Twierdza),nowodworski,MAZOWIECKIE,ul.,Bema,200C,,,,,,,,Fundacja Nasza Historia ,,,,,Utworzone przez osoby prawne
886,Muzeum Twierdzy Przemyśl,37-700,Przemyśl,Przemyśl,m. Przemyśl,PODKARPACKIE,ul.,Katedralna,6,,,,,,,,Stowarzyszenie 3 Historycznego Galicyjskiego Pułku Artylerii Fortecznej im. Księcia Kinsky’ego z siedzibą w Przemyślu,,,,,Utworzone przez osoby prawne
887,Muzeum Uniwersytetu Jagiellońskiego,31-010,Kraków,Kraków (Kraków-Śródmieście),m. Kraków,MAŁOPOLSKIE,ul.,Jagiellońska,15,,,,,,,,Uniwersytet Jagielloński,,,,2011-07-15,Utworzone przez osoby prawne
888,Muzeum Uzbrojenia w Stanisławowie,59-424,Stanisławów nr 41,Jawor,jaworski,DOLNOŚLĄSKIE,,"Baza Lotnicza ,,Baryt",,,,,,,,,Jednostka Poszukiwawczo-Ratownicza w Złotoryi,,,,,Utworzone przez osoby prawne
889,Muzeum Wału Pomorskiego i Militarnej Historii Pomorza w Szczecinku ,78-400,Szczecinek,Żółtnica,szczecinecki,ZACHODNIOPOMORSKIE,ul.,Kościuszki,93,,,,,,,,Ogólnopolskie Stowarzyszenie Turystyczno Historyczne Jazda 4x4,,,,,Utworzone przez osoby prawne
890,Muzeum Wału Pomorskiego w Wałczu ,78-600,Wałcz,Mirosławiec,wałecki,ZACHODNIOPOMORSKIE,ul.,Wojska Polskiego,99,19,,,,,,,Stowarzyszenie Grup Warownych Pojezierza Wałeckiego ,,,,,Utworzone przez osoby prawne
891,Muzeum Witrażu,31-111,Kraków,Kraków (Kraków-Śródmieście),m. Kraków,MAŁOPOLSKIE,Aleja,Krasińskiego,23,,,,,,,,Krakowski zakład Witrażów S.G. Żeleński Sp. z o.o.,,,,,Utworzone przez osoby prawne
892,Muzeum Wydziału Nauk o Ziemi Uniwersytetu Śląskiego w Katowicach,41-200,Sosnowiec,Sosnowiec,m. Sosnowiec,ŚLĄSKIE,ul.,Będzińska,60,,,,,,,,Uniwersytet Śląski w Katowicach ,,,,,Utworzone przez osoby prawne
893,Muzeum Zamek Roztoka w Roztoce ,58-173,Roztoka,Dobromierz,świdnicki,DOLNOŚLĄSKIE,ul.,Zamkowa,3,,,,,,,,Fundacja Zamek Roztoka-Ocalic od Zapomnienia,,,,,Utworzone przez osoby prawne
894,Muzeum Zamek w Rydzynie,64-130,Rydzyna,Rydzyna,leszczyński,WIELKOPOLSKIE,pl.,Zamkowy,1,,,,,,,,Stowarzyszenie Inżynierów i Techników Mechaników Polskich z siedzibą w Warszawie ,,,,,Utworzone przez osoby prawne
895,Muzeum-Zamek w Baranowie Sandomierskim,39-450,Baranów Sandomierski,Baranów Sandomierski,tarnobrzeski,PODKARPACKIE,ul.,Zamkowa,20,,,,,,,,Agencja Rozwoju Przemysłu S.A. w Warszawie,,,,,Utworzone przez osoby prawne
896,Muzeum Zamku w Chudowie,44-177,Paniówki,Gierałtowice,gliwicki,ŚLĄSKIE,ul.,Podzamcze,6 (Chudów),,,,,,,,"Fundacja ,,Zamek Chudów",,,,,Utworzone przez osoby prawne
897,Muzeum Zespołu Budownictwa Drewnianego im. Józefa Żaka w Zawoi - Markowe Rówienki,34-222,Markowe Rówienki,Zawoja,suski,MAŁOPOLSKIE,,Zawoja,76,,,,,,,,"Oddział Polskiego Towarzystawa Turystyczno-Krajoznawczego Ziemia Babiogórska im. Prof.. Dr. Walerego Goetla w Suchej Beskidzkiej",,,,,Utworzone przez osoby prawne
898,Muzeum-Zespół Zamkowy w Niedzicy,34-441,Niedzica,Niedzica,nowotarski,MAŁOPOLSKIE,ul.,Niedzica-Zamek,1,,,,,,,,Stowarzyszenie Historyków Sztuki,,,,,Utworzone przez osoby prawne
899,Muzeum Ziemi Braniewskiej,15-500,Braniewo,Braniewo,braniewski,WARMIŃSKO-MAZURSKIE,ul.,Gdańska,19,,,,,,,,Towarzysto Miłośników Braniewa,,,,,Utworzone przez osoby prawne
900,Muzeum Ziemi Pomorskiej w Siemczynie ,78-551,Siemczyno,Czaplinek,drawski,ZACHODNIOPOMORSKIE,,Siemczyno,82,,,,,,,,Henrykowskie Stowarzyszenie w Siemczynie,,,,,Utworzone przez osoby prawne
901,Muzeum Ziemi Reskiej w Resku ,72-315,Resko,Resko,łobeski,ZACHODNIOPOMORSKIE,ul.,Wojska Polskiego,16,,,,,,,,Centrum Kultury w Resku,,,,,Utworzone przez osoby prawne
902,Muzeum Ziem Nadbużańskich – Zespół Pałacowy Ossolińskich Sterdyń,08-320,Sterdyń,Sterdyń,sokołowski,MAZOWIECKIE,ul.,Kościelna,43,,,,,,,,Fundacja Patriotyzm i Niepodległość Naszych Ziem ,,,,,Utworzone przez osoby prawne
903,Muzeum Żołnierzy Wyklętych i Więźniów Politycznych PRL,02-521,Warszawa,Warszawa (Mokotów),m. st. Warszawa,MAZOWIECKIE,ul.,Rakowiecka,37a,,,,,,,,Muzeum działa w strukturze organizacyjnej Centralnego Zarządu Służby Więziennej ,,,,,Utworzone przez osoby prawne
904,Muzeum Żywej Historii,72-010,Police,Police,policki,ZACHODNIOPOMORSKIE,ul.,Usługowa,1a,,,,,,,,"Stowarzyszenie Historyczne 549",,,,,Utworzone przez osoby prawne
905,Ośrodek Dokumentacji i Historii Ziemi Żmigrodzkiej - Muzeum im. Leona Karcińskiego w Nowym Żmigrodzie,38-230,Nowy Żmigród,Nowy Żmigród,jasielski,PODKARPACKIE,ul.,Dukielska,1,,,,,,,,Towarzystwo Miłośników Nowego Żmigrodu,,,,,Utworzone przez osoby prawne
906,Pałuckie Muzeum Techniki Wojskowej i Uzbrojenia w Kowalewku,89-240,Kcynia Kowalewko,Kcynia,nakielski,KUJAWSKO-POMORSKIE,,,28,,,,,,,,Jednostka Ratownictwa Medycznego w Kowalewku ,,,,,Utworzone przez osoby prawne
907,Pilskie Muzeum Wojskowe,64-920,Piła,Piła,pilski,WIELKOPOLSKIE,ul.,Chojnicka,1,6,,,,,,,Pilskie Stowarzyszenie Historyczno-Militarne,,,,,Utworzone przez osoby prawne
908,Podkarpackie Muzeum Konia imieniem BASK,37-122,Albigowa ,Łańcut ,łańcucki,PODKARPACKIE,,,300,,,,,,,,Fundacja BASK,,,,,Utworzone przez osoby prawne 
909,Podlaskie Muzeum Militariów w Białymstoku,15-740,Białystok,Białystok,m. Białystok,PODLASKIE,ul.,Antoniukowska,11,,,,,,,,"Stowarzyszenie Pasjonatów Historii Ziemi Podlaskiej oraz Kolekcjonerów Militariów Grupa Wschód",,,,,Utworzone przez osoby prawne
910,Żywe Muzeum Piernika,87-100,Toruń,Toruń,Toruń,KUJAWSKO-POMORSKIE,ul.,Rabiańska,9,,,,,,,,TO-TUR Toruńska Turystyka Elżbieta Olszewska; DOM LEGEND,,,,,Utworzone przez osoby prawne
911,Muzeum Obywatela XX wieku w Elblągu,82-300,Elbląg,Elbląg,elbląski,WARMIŃSKO-MAZURSKIE,ul.,Giermków,28,15,,,,,,,Piotr Kukliński,,,,,Utworzone przez osoby fizyczne
912,Muzeum Motoryzacji PRL w Łomnicy,58-340,Łomnica,Głuszyca,wałbrzyski,DOLNOŚLĄSKIE,ul.,Sudecka,9,,,,,,,,Łukasz Pawlik,,,,,Utworzone przez osoby fizyczne
913,Muzeum Motoryzacji I Techniki w Krakowie,31-271,Kraków,Kraków,m. Kraków,MAŁOPOLSKIE,ul.,Krowoderskich Zuchów,26,75,,,,,,,Olgierd Ziębliński,,,,,Utworzone przez osoby fizyczne
914,Muzeum Politechniki Łódzkiej w Łodzi,90-924,Łódź,Łódź,m. Łódź,ŁÓDZKIE,ul.,Żeromskiego,116,A19,,,,,,,Politechnika Łódzka,,,,,Utworzone przez osoby prawne
915,Muzeum Motoryzacji i Techniki Rolniczej w Pruszkowie ,05-800,Pruszków,Pruszków,pruszkowski,MAZOWIECKIE,ul.,Duchnicka ,14,,,,,,,,Piotr Prędkiewicz,,,,,Utworzone przez osoby fizyczne
916,Muzeum Motoryzacji i Techniki Militarnej w Katowicach,41-500,Chorzów,Katowice,Katowice,ŚLĄSKIE,ul.,Dąbrowskiego,60,8,,,,,,,Grzegorz Murak,,,,,Utworzone przez osoby fizyczne
917,Muzeum Stalowa Historia w Rzeszowie ,35-083,Rzeszów,Rzeszów,rzeszowski,PODKARPACKIE,ul.,Kresowa,31D,,,,,,,,Fundacja Stalowa Historia,,,,,Utworzone przez osoby prawne
918,Muzeum Techniki Militarnej w Tarnowskich Górach,42-603,Tarnowskie Góry,Tarnowskie Góry,Tarnowskie Góry,ŚLĄSKIE,ul.,Jaworowa,58,,,,,,,,Marek Pilarek,,,,,Utworzone przez osoby fizyczne
919,Muzeum Fabryki Norblina w Warszawie,00-841,Warszawa,Warszawa,warszawski,MAZOWIECKIE,ul.,Żelazna,51,53,,,,,,,ARTN Spółka sp. z o.o.z siedzibą w Warszawie,,,,,Utworzone przez osoby prawne
920,Muzeum – Miejsce Pamięci KL Plaszow w Krakowie. Niemiecki nazistowski obóz pracy i obóz koncentracyjny (1942 - 1945),31-011,Kraków,Kraków,m. Kraków,MAŁOPOLSKIE,ul.,Rynek Główny,35,,,,,,,,Minister Kultury i Dziedzictwa Narodowego,Gmina Miejska Kraków,,,,Współprowadzone wpisane do rejestru prowadzonego przez jednostkę samorządu terytorialnego
921,Muzeum Tradycji i Oręża Jednostki Strzeleckiej w Bełchatowie,97-400,Bełchatów,Gmina Miasto Bełchatów,bełchatowski,ŁÓDZKIE,ul.,dr. Włodzimierza Rodziewicza,10,,,,,,,,"Związek Strzelecki Strzelec Józefa Piłsudskiego Jednostka Strzelecka 1001 w Bełchatowie im. gen. dyw. Janusza Głuchowskiego",,,,,utworzone przez osoby prawne
922,Muzeum Motoryzacji i Elektroniki w Pruszkowie ,05-800,Pruszków,Pruszków,pruszkowski,MAZOWIECKIE,ul.,Inżynierska,27,,,,,,,,Marek Gawryszewski,,,,,Utworzone przez osoby fizyczne
923,Muzeum Samochodów Sportowych w Warszawie,02-820,Warszawa,gmina m. Ursynów,m. st. Warszawa,MAZOWIECKIE,ul.,Gawota,13A,,,,,,,,Rafał Winiarski,,,,,Utworzone przez osoby fizyczne
924,Muzeum Fort Prusy w Nysie,48-300,Nysa,Nysa,nyski,OPOLSKIE,ul.,Obrońców Tobruku,1,,,,,,,,Stowarzyszenie Przyjaciół Młodzieży Harmonia w Chaosie,,,,,Utworzone przez osoby prawne
925,Muzeum Pojazdów i Przedmiotów Zabytkowych w Zabrzu,41-803,Zabrze,Zabrze,Zabrze,ŚLĄSKIE,ul.,B. Głowackiego ,5,1,,,,,,,Krzysztof Jentrzczok,,,,,Utworzone przez osoby fizyczne
926,Muzeum Wojska w Białymstoku,15-089,Białystok,Białystok,m.Białystok,PODLASKIE,ul.,Jana Kilińskiego,7,,,,,,,,Miasto Białystok ,,,,2016-07-26,Samorządowe
927,"Muzeum Skansenowskie Gottwaldówka w Kątach Bystrzyckich",57-540,Lądek Zdrój,Lądek Zdrój,kłodzki,DOLNOŚLĄSKIE,,Kąty Bystrzyckie,23,,,,,,,,Renata Czaplińska,Karina Fuglińska,,,,Utworzone przez osoby fizyczne
928,Muzeum Ołowianych Żolnierzyków w Żerkowicach,59-600,Lwówek Śląski,Lwówek Śląski,lwówecki ,DOLNOŚLĄSKIE,,Żerkowice,30D,,,,,,,,Bogdan Rudawski,Patryk Rudawski,,,,Utworzone przez osoby fizyczne
929,Muzeum Regionalne w Wolsztynie,64-200,Wolsztyn,Wolsztyn,wolsztyński,WIELKOPOLSKIE,ul.,5 stycznia ,34,,,,,,,,Gmina Wolsztyn,,,,,Samorządowe
930,Muzeum Chata Kawuloka w Istebnej,43-470,Istebna,Istebna,cieszyński,ŚLĄSKIE,,Istebna,163,,,,,,,,Janusz Macoszek,,,,,Utworzone przez osoby fizyczne
931,"Muzeum Motoryzacji i Techniki Kiedyś to było w Solcu",05-532 ,Baniocha,Góra Kalwaria,piaseczyński,MAZOWIECKIE,,Solec,127E,,,,,,,,Kamil Wilk,,,,,Utworzone przez osoby fizyczne
932,Muzeum Księdza Jerzego Popiełuszki w Warszawie,01-565,Warszawa,Warszawa- Żoliborz,warszawski,MAZOWIECKIE,ul.,Hozjusza,2,,,,,,,,Parafia Rzymskokatolicka Świętego Stanisława Kostki w Warszawie,,,,,Utworzone przez osoby prawne
933,"Muzeum Pól Bitewnych Przyczółek Serocki w Zalesiu Borowym",05-140 ,Serock,Serock,legionowski,MAZOWIECKIE,,Zalesie Borowe,11a,,,,,,,,Sebastian Stępkowski,,,,,Utworzone przez osoby fizyczne
934,Muzeum Starożytnego Hutnictwa Świętokrzyskiego im. Mieczysława Radwana w Nowej Słupi ,26-006,Nowa Słupia,Nowa Słupia,kielecki,ŚWIĘTOKRZYSKIE,ul.,Świętokrzyska,59,,,,,,,,Miasto i Gmina Nowa Słupia,Województwo Świętokrzyskie,,,,Samorządowe
935,Muzeum Techniki Wojskowej w Borkowie,05-192,Cieksyn,Nasielsk,nowodworski,MAZOWIECKIE,ul.,Rzeczna,36,,,,,,,,Krzysztof Gawęda,,,,,Utworzone przez osoby fizyczne
936,Muzeum Historii Najnowszej Radomia w Radomiu,26-600,Radom, Radom,grodzki Radom,MAZOWIECKIE,ul.,Rwańska 2/ Rynek 15 oraz Rwańska 4/ Rynek 14/Grodzka 1,,,,,,,,,"Ośrodek Kultury i Sztuki Resursa Obywatelska",,,,,Utworzone przez osoby prawne
937,Roztoczańskie Muzeum PRL w Zamościu,22-400,Zamość,Zamość,Zamość,LUBELSKIE,ul.,Weteranów,6,,,,,,,,Tomasz Pakuła,,,,,Utworzone przez osoby fizyczne
938,"Muzeum WYSPA KLASYKÓW w Świnoujściu",72-600,Świnoujście,Świnoujście,Świnoujście,ZACHODNIOPOMORSKIE,ul.,Krzywa,7a,3,,,,,,,Jacek Kimel,,,,,Utworzone przez osoby fizyczne
939,Wilekopolskie Muzeum Motoryzacji i Dawnej Techniki w Nowej Wsi Królewskiej,62-204,Września,Poznań Nowe Miasto,Poznań,WIELKOPOLSKIE,,Nowa Wieś Królewska,24,,,,,,,,Sławomir Kośmicki,,,,,Utworzone przez osoby fizyczne
940,Muzeum Iluzji w Warszawie,03-736,Warszawa,Warszawa,Warszawa,MAZOWIECKIE,,Plac Konesera,1,,,,,,,,Museum of Illusion sp. z o.o.,,,,,Utworzone przez osoby prawne
941,"Muzeum Motoryzacji Titek w Tarnowskich Górach",42-600,Tarnowskie Góry,Tarnowskie Góry,Tarnowskie Góry,ŚLĄSKIE,ul.,Świdra,12,,,,,,,,Tomasz Wilczek,,,,,Utworzone przez osoby fizyczne
942,Muzeum Uniwersytetu Wrocławskiego we Wrocławiu,50-137,Wrocław,Wrocław,Wrocław,DOLNOŚLĄSKIE,,Plac Uniwersytecki,1,,,,,,,,Uniwersytet Wrocławski,,,,,Utworzone przez osoby prawne
943,Muzeum Dzieci Polskich - ofiar totalitaryzmu. Niemiecki nazistowski obóz dla polskich dzieci w Łodzi (1942-1945),90-103,Łodź,Łódź,m. Łódź,ŁÓDZKIE,ul.,Piotrkowska,90,,,,,,,,Minister Kultury i Dziedzictwa Narodowego,,,,,Państwowe
944,"Muzeum Militarne Pogranicze w Szczytnej",57-330,Szczytna,Szczytna,kłodzki,DOLNOŚLĄSKIE,ul.,Zamkowa,12,,,,,,,,Andrzej Wasielewski,,,,,Utworzone przez osoby fizyczne
945,Muzeum Historyczno-Regionalne im. Biskupa Hugona Kołłątaja w Grzymałkowie,26-080,Grzymałków,Mniów,kielecki,ŚWIĘTOKRZYSKIE,ul. ,Kościelna,6,,,,,,,,Fundacja im. Stefana Żerowskiego ,,,,,Utworzone przez osoby prawne
946,Muzeum w Zagrodzie Młyńskiej Ptaki,05-332,Siennica,Siennica,miński,MAZOWIECKIE,wieś,Ptaki,11,,,,,,,,Zbigniew Nowosielski,,,,,Utworzone przez osoby fizyczne
947,Gminne Muzeum Ziemi Trzebnickiej w Trzebnicy,55-100,Trzebnica,Trzebnica,trzebnicki,DOLNOŚLĄSKIE,,Rynek,25,,,,,,,,Gmina Trzebnica,,,,,Samorządowe
948,Muzeum Wyposażenia Wojskowego 1939-1945/ Military Equipment Muzeum 1939-1945 w Kielcach,25-430,Kielce,Kielce,kielecki,ŚWIĘTOKRZYSKIE,ul.,Jana Nowaka Jeziorańskiego,89,15,,,,,,,Mateusz Kwiatek,,,,,Utworzone przez osoby fizyczne
949,"Muzeum Motoryzacji i Techniki Automania w Izabelinie",05-080,Izabelin,Izabelin,warszawski zachodni,MAZOWIECKIE,ul.,Sienkiewicza ,53,,,,,,,,Łukasz Wasilczuk,,,,,Utworzone przez osoby fizyczne
950,Muzeum Cypriana Norwida w Dębinkach,07-230 ,Dębinki,Zabrodzie,wyszkowski,MAZOWIECKIE,ul.,Pałacowa,7,,,,,,,,"Powiat Wyszkowski, Gminba Zabrodzie, Fundacja Museion Norwid, Ministerstwo Kultury i Dziedzictwa Narodowego",,,,,Współprowadzone wpisane do rejestru prowadzonego przez jednostkę samorządu terytorialnego
951,Kaszubskie Muzeum Motoryzacji i Techniki w Chmielnie,83-333,Chmielno,Chmielno,kartuski,POMORSKIE,ul.,Raduńska,32B,,,,,,,,Włodzimierz Jank,,,,,Utworzone przez osoby fizyczne
952,Muzeum Ziemi Chełmińskiej w Chełmnie,86-200,Chełmno,Chełmno,chełmiński,KUJAWSKO-POMORSKIE,,Rynek-Ratusz,28,,,,,,,,Gmina Miasto Chełmno,,,,,Samorządowe
953,Legionowskie Muzeum Wojskowe,05-120,Legionowo,Legionowo,legionowski,MAZOWIECKIE,ul.,Topolowa,26c,,,,,,,,Łukasz Suska,,,,,Utworzone przez osoby fizyczne
954,Muzeum Ziemi Zakrzowieckiej w Bystrzycy,23-213,Zakrzówek,Bystrzyca,kraśnicki,LUBELSKIE,,Bystrzyca,152,,,,,,,,Fundacja Semper Adiuvent,,,,,Utworzone przez osoby prawne
955,Muzeum Motoryzacji i Techniki w Mszanie,44-325,Mszana,Mszana,wodzisławski,ŚLĄSKIE,ul.,Ładna,2,,,,,,,,Jarosław Konieczny,,,,,Utworzone przez osoby fizyczne
956,"Muzeum Japońskiej Motoryzacji SAKURA w Ksawerowie",95-054,Ksawerów,Ksawerów,pabianicki,ŁÓDZKIE,ul.,Pomorska,33,,,,,,,,Damian Żaczek prowadzący działalność gospodarczą pod firmą SAKURA CARS DAMIAN ŻACZEK,,,,,Utworzone przez osoby fizyczne
957,Muzeum Regionalne w Jarocinie,63-200,Jarocin,Jarocin,jarociński,WIELKOPOLSKIE,,Rynek-Ratusz,,,,,,,,,Gmina Jarocin,,,,,Samorządowe
958,"Muzeum Motoryzacji i Techniki LANDKLASYK w Nowym Polichnie",66-431,Sanok,Sanok,gorzowski,LUBUSKIE,,Nowe Polichno,15A,,,,,,,,Karol Dzwonkowski,,,,,Utworzone przez osoby fizyczne
959,Muzeum Pamiątek z Okresu PRL w Turzych Rogach,21-400,Łuków/ Turze Rogi,Łuków,łukowski,LUBELSKIE,ul. ,Nowa Droga,55,,,,,,,,Łukasz Celiński,,,,,Utworzone przez osoby fizyczne
960,"Pomorskie Muzeum Motoryzacji MOTOLANDIA w Otominie",80-174,Otomin,Kolbudy,gdański,POMORSKIE,ul.,Słoneczna,22,,,,,,,,Piotr Kozłowski,,,,,Utworzone przez osoby fizyczne
961,Muzeum Kultury Wojennej i Technologii Uzbrojenia w Lipce,77-320,Lipka,Lipka,złotowski,WIELKOPOLSKIE,ul.,Osiedle Rajdowe,5,,,,,,,,Józef Cieszkowski,,,,,Utworzone przez osoby fizyczne
962,Muzeum Motoryzacji Klasycznej w Woli Zgłobieńskiej,36-046,Zgłobień,Boguchwała,rzeszowski,PODKARPACKIE,,Wola Zgłobieńska,259,,,,,,,,Michał Witalec,,,,,Utworzone przez osoby fizyczne
963,Muzeum Zakladów Zbożowych w Kozłowie,32-241,Kozłów,Kozłów,miechowski,MAŁOPOLSKIE,,Kozłów,19,,,,,,,,"Stowarzyszenie- Muzeum Przedsiębiorstwo Zbożowo Młynarskie Polskie Zakłady Zbożowe PZM-PZZ Kozłów",,,,,Utworzone przez osoby prawne
964,Muzeum Motoryzacji Amerykańskiej w Turku,62-700 ,Turek,Turek,turecki,WIELKOPOLSKIE,ul.,Milewskiego,21,,,,,,,,Kamil Farbicki,,,,,Utworzone przez osoby fizyczne
965,"Muzeum Historyczne w Grajewie (Grajewska Izba Historyczna)",19-200,Grajewo,Miasto Grajewo,grajewski,PODLASKIE,ul.,Legionistów,9,,,,,,,,Grajewskie Centrum Kultury,,,,,Utworzone przez osoby prawne
966,Prywatne Muzeum Motoryzacji Współczesnej w Stargardzie,73-110,Stargard,Stargard,stargardzki,ZACHODNIOPOMORSKIE,ul.,Piłsudskiego,28,1A,,,,,,,Piotr Bartosiak,,,,,Utworzone przez osoby fizyczne
967,"Muzeum Motoryzacji Wena w Oławie",55-200,Oława,Oława,Oława,DOLNOŚLĄSKIE,ul.,Zielna,1,,,,,,,,Tomasz Jurczak,,,,,Utworzone przez osoby fizyczne
968,Muzeum Ziemi Koźmińskiej w Koźminie Wielkopolskim,63-720 ,Koźmin Wielkopolski,Koźmin Wielkopolski,krotoszyński,WIELKOPOLSKIE,ul. ,Zamkowa,1,,,,,,,,Gminny Zespół Instytucji Kultury w Koźminie Wielkopolskim,,,,,Utworzone przez osoby prawne
969,Muzeum Militarne w Baruchowie,87-821,Baruchowo,Baruchowo,Włocławek,KUJAWSKO-POMORSKIE,,Baruchowo,8a,,,,,,,,Jacek Jabłoński,,,,,Utworzone przez osoby fizyczne
970,Muzeum Motoryzacji i Techniki w Bodzanowie,09-470,Bodzanów,Bodzanów,płocki,MAZOWIECKIE,ul.,Ks. J. Poniatowskiego,7,,,,,,,,Maciej Szelągowski,,,,,Utworzone przez osoby fizyczne
971,Muzeum Motoryzacji i Techniki w Warszawie,04-849,Warszawa,Warszawa,Warszawa,MAZOWIECKIE,ul.,Żwanowiecka,26,,,,,,,,Jacek Budkowski,,,,,Utworzone przez osoby fizyczne
972,Muzeum Motoryzacji i Sprzętu Przeciwpożarowego w Gryficach,72-300,Gryfice,Gryfice,gryficki,ZACHODNIOPOMORSKIE,ul.,Szmaragdowa,19,,,,,,,,Krzysztof Wrzesiński,,,,,Utworzone przez osoby fizyczne
973,Muzeum - Skansen Kurpiowski im. Adama Chętnika w Nowogrodzie,18-414,Nowogród,Nowogród,łomżyński,PODLASKIE,ul.,Zamkowa,25,,,,,,,,Samorząd Województwa Podlaskiego,,,,,Samorządowe
974,Muzeum Oręża i Techniki Wojskowej- SJS2019 w Tomaszowie Lubelskim,22-600,Tomaszów Lubelski,Tomaszów Lubelski,Tomaszów Lubelski,LUBELSKIE,ul.,Lwowska,63,,,,,,,,Stowarzyszenie Jednostka Strzelecka 2019,,,,,Utworzone przez osoby prawne
975,Muzeum Korba w Dargobądzu,72-510,Wolin,Wolin,kamieński,ZACHODNIOPOMORSKIE,ul.,Dargobądz,25,,,,,,,,Andrzej Andrzejewski,,,,,Utworzone przez osoby fizyczne
976,Pomorskie Muzeum Motoryzacji i Techniki w Rakowcu,82-500,Rakowiec,Kwidzyn,Kwidzyn,POMORSKIE,ul.,Piękna,11,,,,,,,,Agnieszka Wiercińska i Marek Wierciński,,,,,Utworzone przez osoby fizyczne
977,Muzeum Pojazdów Specjalistycznych w Nowym Stawie,82-230,Nowy Staw,Nowy Staw,Malbork,POMORSKIE,,Chlebówka,20,,,,,,,,Anna Szafran,,,,,Utworzone przez osoby fizyczne
978,Śląskie Muzeum Motoryzacji w Szałszy,42-677,Szałsza,Zbrosławice,gliwicki,ŚLĄSKIE,ul.,Cisowa,12a,,,,,,,,Szymon Andrzej Pudlik,,,,,Utworzoneprzez osoby fizyczne
979,Muzeum Motoryzacji Użytkowej i Techniki Specjalnej w Luboniu,62-030,Luboń,Luboń,poznański,WIELKOPOLSKIE,ul.,Łąkowa,9,,,,,,,,Joanna Goraj-Chytry,,,,,Utworzone przez osoby fizyczne
980,Muzeum Historyczno- Kulturalne w Pyrzycach,74-200,Pyrzyce,Pyrzyce,pyrzycki,ZACHODNIOPOMORSKIE,ul.,Lipiańska,2,,,,,,,,Stowarzyszenie Inicjatywa Ziemia Pyrzycka ,,,,,Utworzone przez osoby prawne
981,Muzeum Zabytków Ziemi Śląskiej w Knurowie,44-196,Knurów,Knurów,gliwicki,ŚLĄSKIE,ul.,26 Stycznia,40,,,,,,,,Arkadiusz Szołtysek,,,,,Utworzone przez osoby fizyczne
982,Muzeum Szlachty Łęczyckiej w Kozankach Podleśnych,99-140,Świnice Warckie,Świnice Warckie,łęczycki,ŁÓDZKIE,,Kozanki Podleśne,22,,,,,,,,Andrzej Więckowski,,,,,Utworzone przez osoby fizyczne
983,Muzeum Pojazdów i Pamiątek Motoryzacyjnych w Nadarzynie,05-830,Nadarzyn,Nadarzyn,pruszkowski,MAZOWIECKIE,ul.,Pogodna,2,,,,,,,,Paweł Nowak,,,,,Utworzone przez osoby fizyczne
984,"Muzeum Historii i Techniki Baza Maszynowa w Kuszynie",86-014,Kruszyn,Sicienko ,bydgoski,KUJAWSKO-POMORSKIE,ul.,Bydgoska ,12,,,,,,,,Mateusz Niedzwiecki,,,,,Utworzone przez osoby fizyczne
985,Muzeum Sztuki Zagrabionej w Sulisławicach,57-212,Ząbkowice Śląskie,Zabkowice Śląskie,ząbkowicki ,DOLNOŚLĄSKIE,,Sulisławice,6,,,,,,,,Polish Lost Art Foundation,,,,,Utworzone przez osoby prawne
986,"Muzeum Techniki i Motoryzacji Motoweteran w Dąbrowie Chotomowskiej",05-123,Dąbrowa Chotomowska,Chotomów,logionowski,MAZOWIECKIE,ul.,Lipowa,45,,,,,,,,Jan Bogacki,,,,,Utworzone przez osoby fizyczne
987,Muzeum Elementarza im. prof. Mariana Falskiego w Kuźnicy Grabowskiej,63-522,Kuźnica Grabowska,Kraszewice,ostrzeszowski,WIELKOPOLSKIE,,Kuźnica Grabowska,105,,,,,,,,Gmina Kraszewice,,,,,Samorządowe
988,"Muzeum Motoryzacji Caffe Garage w Poznaniu",60-012,Poznań,Poznań,poznański,WIELKOPOLSKIE,ul.,Ustronna ,27,,,,,,,,Mateusz Mazur,,,,,Utworzone przez osoby fizyczne
989,Muzeum Motoryzacji w Pomiechowie,05-180,Pomiechowo,Pomiechowówek,nowodworski,MAZOWIECKIE,ul.,Kościelna,22C,,,,,,,,Dariusz Bielecki,,,,,Utworzone przez osoby fizyczne
990,Muzeum Techniki Motoryzacyjnej i pojazdów Specjalistycznych w Ossówce,21-542,Leśna Podlaska,Leśna Podlaska,bialski,LUBELSKIE,,Ossówka,25c,,,,,,,,Radosław Tur,,,,,Utworzone przez osoby fizyczne
991,Muzeum Polskie Drogi w Modliszewicach,26-200,Modliszewice,Końskie,konecki,ŚWIĘTOKRZYSKIE,ul.,Zielona,42,,,,,,,,Piomar Końskie sp. z o.o.,,,,,Utworzone przez osoby prawne
992,"Muzeum Leśnictwa i Gospodarstwa Domowego DRZEWIEJ BYWAŁO w Santoku",66-431,Santok,Santok,Gorzów Wielkopolski,LUBUSKIE,ul.,Gorzowska,67,,,,,,,,Roch Kaczorowski,,,,,Utworzone przez osoby fizyczne
993,Muzeum Szybownictwa Polskiego we Wrocławiu,54-054,Wrocław,Wrocław,Wrocław,DOLNOŚLĄSKIE,ul. ,Oliwkowa ,11,19,,,,,,,Bartłomiej Kot,,,,,Utworzone przez osoby fizyczne
994,"Muzeum Samochodów Historycznych Nostalgia w Mrągowie",11-700,Mrągowo,Mrągowo,mrągowski,WARMIŃSKO-MAZURSKIE,ul.,Młodkowskiego,40,,,,,,,,Business Investment & Counseling Sp. z o.o.,,,,,Utworzone przez osoby prawne
995,Muzeum Kina Amatorskiego w Poznaniu ( W organizacji),61-702,Poznań,Poznań,Poznań,WIELKOPOLSKIE,ul.,Gwarna,9,15,,,,,,,"Fundacja Obywatelska Czas Jaszczurów ",,,,,Utworzone przez osoby prawne
996,Muzeum Twierdzy Srebrna Góra  w Srebrnej Górze,57-215,Srebrna Góra,Stoszowice,ząbkowicki,DOLNOŚLĄSKIE,ul.,Kręta,4,,,,,,,,Twierdza Srebrna Góra sp. z o.o.,,,,,Utworzone przez osoby prawne
997,Muzeum I Dywizji Pancernej im. Generała Stanisława Maczka w Czosnowie,05-152,Czosnów,Czosnów,nowodworski,MAZOWIECKIE,ul. ,Holenderska,4C,,,,,,,,Artur Rytel,,,,,Utworzone przez osoby fizyczne
998,Muzeum Motoryzacji im. Tadeusza Marka w Łomiankach,05-092,Łomianki,Łomianki,warszawski-zachodni,MAZOWIECKIE,ul.,Przełajowa,5A,,,,,,,,Fundacja im. Tadeusza Marka,,,,,Utworzone przez osobę prawną
999,Bałtyckie Muzeum Osadnictwa w Krągu,76-010,Polanów,Polanów,koszaliński,ZACHODNIOPOMORSKIE,,Krąg,16,,,,,,,,Fundacja Kochajmy Zabytki,,,,,Utworzone przez osoby prawne
1000,Muzeum Miniatur i Tradycji Ewangelickiej w Wejsunach,12-220,Ruciane Nida,Wejsuny,piski,WARMIŃSKO-MAZURSKIE,,Wejsuny,39,,,,,,,,Parafia Ewangelicko- Augsburska w Piszu,,,,,Utworzone prze osoby prawne
1001,Muzeum Historii Wojskowości w Konstancinie-Jeziornie,05-510,Konstancin -Jeziorna,Konstancin-Jeziorna,piaseczyński,MAZOWIECKIE,ul.,Ciechanowska,17A,,,,,,,,Mikołaj Kosarewicz,,,,,Utworzone przez osoby fizyczne
1002,Muzeum Motoryzacji i Zabytków Techniki MKT w Warszawie,02-378,Warszawa,Warszawa,Warszawa,MAZOWIECKIE,ul.,Stefana Bobrowskiego,9,10,,,,,,,Maciej Bień,,,,,Utworzone przez osoby fizyczne
1003,Muzeum Dawnej Motoryzacji w Warszawie,01-794,Warszawa,Warszawa,Warszawa,MAZOWIECKIE,ul.,Anny German,15,,,,,,,,Marek Gładyszczak,,,,,Utworzone przez osoby fizyczne
1004,Muzeum Inżynierii i Techniki Motoryzacji w Głuszycy,58-340,Głuszyca,Głuszyca,wałbrzyski,DOLNOŚLĄSKIE,ul. ,Leśna,3,,,,,,,,Krzysztof Mężyk,,,,,Utworzone przez osoby fizyczne
1005,Kaszubskie Muzeum Motoryzacji i Techniki w Mezowie,83-332,Mezowo,Kartuzy,kartuski,POMORSKIE,ul.,Wiosenna,5,,,,,,,,Artur Młodawski,,,,,Utworzone przez osoby fizyczne
1006,Prywatne Muzeum Pożarnictwa i Transportu w Czersku,89-650,Czersk,Czersk,chojnicki,POMORSKIE,ul.,Tucholska,100,,,,,,,,Katarzyna Elak,,,,,Utworzone przez osoby fizyczne
1007,Muzeum Broni w Świdnicy,58-100,Świdnica,Świdnica,Świdnica,DOLNOŚLĄSKIE,ul.,Łączna,4,,,,,,,,Stowarzyszenie Klub Sportów Obronnych Świdnica,,,,,Utworzone przez osoby prawne
1008,Muzeum Książki Artystycznej w Łodzi,90-349,Łódź,Łódź (Łódź-Widzew),m. Łódź,ŁÓDZKIE,ul,Tymienieckiego,24,,,,,,,,Minister Kultury i Dziedzictwa Narodowego,,,,,Państwowe
1009,"Muzeum Motoryzacji Szope Klasyki w Warszawie",00-992,Warszawa,Warszawa,Warszawa,MAZOWIECKIE,ul.,Jagiellońska,88,,,,,,,,Andrzej Szope,,,,,Utworzone przez osoby fizyczne
1010,Muzeum Techniki Wojskowej nad Piławą w Szwecji,78-611,Szwecja,Wałcz,wałecki,ZACHODNIOPOMORSKIE,ul.,Szkolna,17,,,,,,,,Adam Mędryk,,,,,Utworzone przez osoby fizyczne
1011,Muzeum Sprzętu Wojskowego im. Franciszka Biegańskiego w Choroszczy,16-070,Choroszcz,Choroszcz,białostocki,PODLASKIE,ul.,Wiatrakowa,3,,,,,,,,Fundacja Rodziny Herników,,,,,Utworzone przez osoby prawne
1012,"Muzeum Uzbrojenia SAPER w Brzezinach",26-026,Morawica,Brzeziny,kielecki,ŚWIĘTOKRZYSKIE,ul.,Dolomitowa ,26,,,,,,,,Grzegorz Kierczyński,,,,,Utworzone przez osoby fizyczne
1013,Muzeum Techniki Motoryzacyjnej w Krzęcinie,32-051 ,Krzęcin,Skawina,m. krakowski,MAŁOPOLSKIE,ul.,Akacjowa ,11,,,,,,,,Wojciech Głuszczak,,,,,Utworzone przez osoby fizyczne
1014,"Muzeum Motoryzacji Historia kołem się toczy w Jeleniej Górze ",58-500,Jelenia Góra,Jelenia Góra,karkonowski,DOLNOŚLĄSKIE,ul.,Podwale,15,,,,,,,,Bianka Naciążek,,,,,Utworzone przez osoby fizyczne
1015,Muzeum Transportu i Taktyki Wojskowej w Gdańsku,80-298,Gdańsk,Gdańsk,gdański,POMORSKIE,ul.,Rakietowa,20,,,,,,,,Provenum Sp. z o.o.,,,,,Utworzone przez osoby prawne
1016,Muzeum Jednorożców Doktora Kossakowskiego w Warszawie,04-857,Warszawa,Warszawa,Warszawa,MAZOWIECKIE,ul.,Mrówcza,3A,,,,,,,,Fundacja Kossakowskiego,,,,,Utworzone przez osoby prawne
1017,Muzeum Bunkier V-3 w Zalesiu,72-500,Międzyzdroje ,Zalesie,Kamień Pomorski,ZACHODNIOPOMORSKIE,ul.,Nadbrzeżna-Bunkier,,,,,,,,,Piotr Nogala,,,,,Utworzone przez osoby fizyczne
1018,"Muzeum Motoryzacji Moto Wagabunda w Pruszkowie",05-800,Pruszków,Pruszków,pruszkowski,MAZOWIECKIE,ul.,Dolna,24,,,,,,,,Michał Skrobot,,,,,Utworzone przez osoby fizyczne
1019,"Muzeum Motoryzacji i Techniki Kolekcji Jana Kasprzyckiego MOTORETRO w Komorowie",05-806,Komorów,Michałowice,pruszkowski,MAZOWIECKIE,ul.,Słowackiego,1,,,,,,,,Jan Kasprzycki,,,,,Utworzone przez osoby fizyczne
1020,Uznamskie Muzeum Techniki w Świnoujściu,72-600,Świnoujście,Świnoujście,Świnoujście,ZACHODNIOPOMORSKIE,ul.,Śląska,44,,,,,,,,Andrzej Kimel,,,,,Utworzone przez osoby fizyczne
1021,Muzeum w Mikołowie,43-190,Mikołów,Mikołów,mikołowski,ŚLĄSKIE,ul.,Karola Miarki,15,,,,,,,,Gmina Mikołów,,,,,Samorządowe
1022,Krajeńskie Muzeum Rolnictwa i Motoryzacji w Siedlisku,89-400,Siedlisko,Sępólno Krajeńskie,sępoleński,KUJAWSKO-POMORSKIE,,Siedlisko ,5a,,,,,,,,Mariusz Spica,,,,,Utworzone przez osoby fizyczne
1023,Łukowskie Muzeum Techniki Wojskowej i Użytkowej w Jonniku,21-421,Tuchowicz,Stanin,łukowski,LUBELSKIE,,Jonnik,58,,,,,,,,Bożena i Robert Gomółka,,,,,Utworzone przez osoby fizyczne
1024,"Muzeum Motoryzacji Srebrnogórskie Klasyki w Srebrnej Górze",57-215,Srebrna Góra,Stoszowice,Ząbkowice Śląskie,DOLNOŚLĄSKIE,ul.,Widokowa,1,,,,,,,,Sławomir Jopa,,,,,Utworzone przez osoby fizyczne
1025,"Muzeum Motoryzacji Brytyjskiej Avalon w Będzinie",42-500,Będzin,Będzin,Będzin,ŚLĄSKIE,ul.,Teatralna,29,,,,,,,,Michał Buczyński,,,,,Utworzone przez osoby fizyczne
1026,Muzeum Motoryzacji i Techniki w Trąbkach Wielkich,83-034,Trąbki Wielkie,Trąbki Wielkie,gdański,POMORSKIE,ul.,Jaworowa,10,,,,,,,,Michał Trzciński,,,,,Utworzone przez osoby fizyczne
1027,Muzeum Śliwki w Szydłowie,28-225,Szydłów,Szydłów,staszowski,ŚWIĘTOKRZYSKIE,,Rynek,21,,,,,,,,Business Republic Agnieszka Wierzbicka- Baxter,,,,,Utworzone przez osoby prawne
1028,Muzeum Kuchni Regionalnej w Wiśle,43-460,Wisła,Wisła,cieszyński,ŚLĄSKIE,al.,ks. bp. J. Bursche,33,,,,,,,,Helena Legierska,,,,,Utworzone przez osoby fizyczne
1029,Muzeum Lotnictwa i Techniki w Warszawie,02-997,Warszawa,Warszawa,Warszawa,MAZOWIECKIE,ul.,Ruczaj,88H,,,,,,,,Maciej Dominiak,,,,,Utworzone przez osoby fizyczne
1030,Muzeum Samochodów Zabytkowych w Koszwałach,83-011,Koszwały,Cedry Wielkie,gdański,POMORSKIE,ul.,Świerkowa,8A,,,,,,,,Maciej Piotr Tomkowicz,,,,,Utworzone przez osoby fizyczne
1031,Muzeum Pojazdów Spalinowych w Krakowie,30-614,Kraków,Kraków,Kraków,MAŁOPOLSKIE,ul.,Cechowa,44B,,,,,,,,"Jarosław Socharczenko SOMASTER ",,,,,Utworzone przez osoby prawne
1032,Muzeum Motoryzacji Stary Garaż w Zalesiu Borowym,05-140,Serock,Serock,legionowski,MAZOWIECKIE,,Zalesie Borowe,16,,,,,,,,Bogumił Hajdacki,,,,,Utworzone przez osoby fizyczne
1033,Muzeum Księży Młyn w Łodzi,90-345,Łódź,Łódź,m. Łódź,ŁÓDZKIE,ul.,Księży Młyn,2,,,,,,,,Stowarzyszenie Tylko Księży Młyn,,,,,Utworzone przez osoby prawne
1034,Muzeum Miasta Malborka,82-200,Malbork,Malbork,malborski,POMORSKIE,ul.,Kościuszki,54,,,,,,,,Miasto Malbork,,,,,Samorządowe
1035,Muzeum Służb Mundurowych w Świdnicy,58-100,Świdnica,Świdnica,świdnicki,DOLNOŚLĄSKIE,ul.,Zacisze,6,,,,,,,,Stowarzyszenie Sympatyków Śłużb Mundurowych,,,,,Utworzone przez osoby prawne
1036,Muzeum Nasze Młynarstwo w Gołubiu,83-316,Gołubie,Stężyca,Kartuzy,POMORSKIE,ul.,Młyńska,7,,,,,,,,Młynapiek sp. z o.o.,,,,,Utworzone przez osoby prawne
1037,Muzeum Techniki i Motoryzacji w Miedźnie ,42-120,Miedźno,Miedźno,kłobucki,ŚLĄSKIE,ul.,Częstochowska,12,,,,,,,,"Paweł Kopera, Bogdan Kopera",,,,,Utworzone przez osoby fizyczne
1038,Muzeum Pereł Motoryzacji w Brzeziu,32-014,Brzezie,Kłaj,wielicki,MAŁOPOLSKIE,,Brzezie,446,,,,,,,,Michał Gliński,,,,,Utworzone przez osoby fizyczne
1039,Prywatne Muzeum Pojazdów i Techniki w Łodzi,90-644,Łódź,Łódź,m. Łódź,ŁÓDZKIE,ul.,Żeligowskiego,58,,,,,,,,Michał Mamos,,,,,Utworzone przez osoby fizyczne
1040,Muzeum Motoryzacji i Techniki w Pawłowicach,43-250,Pawłowice,Pawłowice,pszczyński,ŚLĄSKIE,ul.,Nowa,2f,,,,,,,,Tomasz Schmidt,,,,,Utworzone przez osoby fizyczne
1041,PEROWOZOWNIA Muzeum Techniki XX wieku w Rybiu,05-090,Raszyn,Rybie,Pruszków,MAZOWIECKIE,ul.,Spokojna,12,,,,,,,,Konrad Góra,,,,,Utworzone przez osoby fizyczne
1042,"Muzeum Motoryzacji i Techniki Fiatem przez Tatrę  im. Rudolfa Waloszka i Franciszka Kastelika w Żywcu",34-300,Żywiec,Żywiec,żywiecki,ŚLĄSKIE,ul.,Kopernika ,96,,,,,,,,"Marcin Waloszek, Joanna Kastelik-Waloszek",,,,,Utworzone przez osoby prawne
1043,Muzeum Dziedzictwa Golfa w Murowanej Goślinie ,62-095,Murowana Goślina,Murowana Goślina,poznański,WIELKOPOLSKIE,ul.,Długa,32,,,,,,,,Waldemar Zawadka,,,,,Utworzone przez osoby fizyczne
1044,Muzeum PRLauto Perły Motoryzacji w  Łodzi,92-103,Łódź,Łódź,m. Łódź,ŁÓDZKIE,ul.,Brzezińska,5,15,,,,,,,Mariusz Augustyniak,,,,,Utworzone przez osoby fizyczne
1045,Muzeum Pamięci Ofiar Rzezi Wołyńskiej oraz Centrum Prawdy i Pojednania im. Prezydenta Lecha Kaczyńskiego w Chełmie,22-100,Chełm,Chełm,chełmski,LUBELSKIE,ul.,Chrubieszowska,102,,,,,,,,Miasto Chełm,,,,,Samorządowe
1046,Muzeum Motoryzacji w Turowicach,05-604,Turowice,Jasieniec,grójecki,MAZOWIECKIE,ul.,Świerkowa,8,,,,,,,,"Krystian Bielecki, Patrycja Bielecka",,,,,Utworzone przez osoby fizyczne
1047,Muzeum Historii Znalezionej Relikt w Kołobrzegu,78-100,Kołobrzeg,Kołobrzeg,kołobrzeski,ZACHODNIOPOMORSKIE,ul.,Dubois,16c,4,,,,,,,Fundacja Skryptorium,,,,,Utworzone przez osoby prawne
1048,Hase Moto Muzeum w Warszawie,02-846,Warszawa,Warszawa,Warszawa,MAZOWIECKIE,ul. ,Sporna,23a,,,,,,,,Hase Corporation Spółka z o.o.,,,,,Utworzone przez osoby prawne
1049,Muzeum Radiowozów w Gdyni,81-591,Gdynia,Gdynia,m. Gdynia,POMORSKIE,ul. ,Szafranowa,41,,,,,,,,Jakub Kwiatkowski,,,,,Utworzone przez osoby fizyczne
1050,Pomorskie Muzeum Techniki Użytkowej w Gdańsku,80-312,Gdańsk,Gdańsk,m. Gdańsk,POMORSKIE,ul.,Wita Stwosza,3,2,,,,,,,Łukasz Sławiński,,,,,Utworzone przez osoby fizyczne
1051,Muzeum z Klasą w Warszawie,04-506,Warszawa,Warszawa,Warszawa,MAZOWIECKIE,ul.,Płowiecka,77,,,,,,,,Fundacja na rzecz Wielkich Historii,,,,,Utworzone przez osoby prawne
1052,Muzeum Kultury Wilamowskiej w Wilamowicach,43-330,Wilamowice,Wilamowice,bielski,ŚLĄSKIE,ul.,Więźniów Oświęcimia,19,,,,,,,,Gmina Wilamowice,,,,,Samorządowe
1053,Muzeum Motoryzacji i Polskiego Motorsportu w Łosiu,05-505,Łoś,Łoś,piaseczyński,MAZOWIECKIE,ul.,Meliorantów,17,,,,,,,,Stowarzyszenie M FOR SPORT,,,,,Utworzone przez osoby prawne
1054,Muzeum Regionalne Ziemi Pyzdrskiej w Pyzdrach,62-310,Pyzdry,Pyzdry,wrzesiński,WIELKOPOLSKIE,ul.,Kaliska,25a,,,,,,,,Gmina Pyzdry,,,,,Samorządowe
1055,"Muzeum Przyrody, Motoryzacji i Mechanizacji w Polednie",86-122,Bukowiec,Bukowiec,świecki,KUJAWSKO-POMORSKIE,,Poledno,2,,,,,,,,Fundacja Muzeum w Polednie,,,,,Utworzone przez osoby prawne
1056,Muzeum Północnokaszubskie we Władysławowie ,84-120,Władysławowo,Władysławowo,pucki,POMORSKIE,ul.,Gen. J. Hallera,19,,,,,,,,Gmina Władysławowo,,,,,Samorządowe
1057,Muzeum Motoryzacji Nienowoczesnej w Warszawie,04-768,Warszawa,Warszawa,Warszawa,MAZOWIECKIE,ul.,Mrówcza,105,,,,,,,,Daniel Sztyber,,,,,Utworzone przez osoby fizyczne
1058,Muzeum Dolnośląskie Duchy w Karczmie Rzym we Wrocławiu,54-530,Wrocław,Wrocław,Wrocław,DOLNOŚLĄSKIE,ul.,Jarnołtowska,85b,,,,,,,,Andrzej Dworak,,,,,Utworzone przez osoby fizyczne
1059,Muzeum Ludowe im. Tadeusza Michalskiego w Przedborzu,97-570,Przedbórz,Przedbórz,radomszczański,ŁÓDZKIE,ul.,Kielecka,9,,,,,,,,Gmina Przedbórz,,,,,Samorządowe
1060,Muzeum Karawaningu im. Tadeusza Sakowskiego w Sadówce,95-011,Bratoszewice,Stryków,zgierski,ŁÓDZKIE,,Sadówka,39,,,,,,,,Michał Nalepa,,,,,Utworzone przez osoby fizyczne
1061,Muzeum Motoryzacji i Techniki Estradowej w Głuchołazach,48-340,Głuchołazy,Głuchołazy,nyski,OPOLSKIE,al.,Jana Pawła II,13,13,,,,,,,Stowarzyszenie Przyjaciół Młodzieży i Dzieci Miasta Głuchołazy,,,,,Utworzone przez osoby prawne
1062,"Muzeum Motoryzacji Klasycznej Mazowiecki Garaż w Płocku",09-410,Płock,Płock,płocki,MAZOWIECKIE,ul.,Kasztanowa,6,,,,,,,,Dariusz Gruszczyński,,,,,Utworzone przez osoby fizyczne
1063,Muzeum Polskiej Motoryzacji w Puszczykowie,62-040,Puszczykowo,Puszczykowo,poznański,WIELKOPOLSKIE,ul.,Klasztorna,1,,,,,,,,Fundacja Romanowscy ,,,,,Utworzone przez osoby prawne
1064,Interaktywne Muzeum Polskiego Lotnictwa Wojskowego w Mścicach,76-031,Mścice,Będzino,koszaliński,ZACHODNIOPOMORSKIE,ul.,Klonowa,12,,,,,,,,Andrzej Milart,,,,,Utworzone przez osoby fizyczne
1065,Muzeum Motoryzacji u Maxa w Głowience,38-455,Głowienka,Miejsce Piastowe,krośnieński,PODKARPACKIE,ul.,Młynarska,27,,,,,,,,Maksymilian Czech,,,,,Utworzone przez osoby fizyczne
1066,Muzeum Ziemi Goleniowskiej w Goleniowie,72-100,Goleniów,Goleniów,goleniowski,ZACHODNIOPOMORSKIE,ul.,Barnima I,1,,,,,,,,Jarosław Jancelewicz,,,,,Utworzone przez osoby fizyczne
1067,Muzeum Kresów Rzeczypospolitej Obojga Narodów w Sejnach,16-500,Sejny,Miasto Sejny,sejneński,PODLASKIE,,Plac św. Agaty,1,,,,,,,,Parafia Rzymskokatolicka p.w. Nawiedzenia Najświętrzej Maryi Panny w Sejnach,,,,,Kościelne
1068,Muzeum Żołnierzy Wyklętych i Więźniów Politycznych PRL,02-521,Warszawa,Warszawa (Mokotów),m. st. Warszawa,MAZOWIECKIE,ul.,Rakowiecka,37,,,,,,,,Prezes Instytutu Pamięci Narodowej- Komisja Ścigania Zbrodni przeciwko Narodowi Polskiemu,,,,,Państwowe
1069,Muzeum Diecezjalne Diecezji Bydgoskiej,85-104,Bydgoszcz,Bygdoszcz,bydgoski,KUJAWSKO-POMORSKIE,ul.,Farna,10,,,,,,,,Diecezja Bydgoska,,,,,Kościelne
1070,Muzeum Sztuki Współczesnej Józefa Wilkonia w Piasecznie,05-500,Piaseczno,Piaseczno,piaseczyński,MAZOWIECKIE,ul.,Puławska,3,,,,,,,,Gmina Piaseczno,,,,,Samorządowe
