{"type":"FeatureCollection","features":[{"type":"Feature","properties":{"addr:city":"Pruszków","addr:city:simc":"921510","addr:housenumber":"8A","addr:postcode":"05-800","addr:street":"3 Maja","contact:email":"dulag@dulag121.pl","contact:fax":"+48 227588663","contact:phone":"+48 227588663","contact:website":"http://www.dulag121.pl","museum":"history","name":"Muzeum Dulag 121","opening_hours":"Tu, We 09:00-17:00; Th 12:00-19:00; Fr 09:00-16:00; Sa 12:00-17:00; Su 11:00-16:00","operator":"Powiat Pruszkowski","operator:type":"government","tourism":"museum","wikidata":"Q15073640","wikipedia":"pl:Muzeum Dulag 121","source:tourism":"Wykaz Muzeów, wypis na dzień 2026-04-09","@id":"node/1774628180"},"geometry":{"type":"Point","coordinates":[20.8075932,52.1730618]}}],"cooperativeWork":{"meta":{"version":2,"type":1},"operations":[{"operationType":"modifyElement","data":{"id":"node/1774628180","operations":[{"operation":"setTags","data":{"name":"Muzeum Dulag 121","operator:type":"government","source:tourism":"Wykaz Muzeów, wypis na dzień 2026-04-09"}}]}}]}}
{"type":"FeatureCollection","features":[{"type":"Feature","properties":{"contact:email":"biuro@muzeumemigracji.pl","contact:phone":"+48 58 670 41 61","contact:website":"http://www.polska1.pl","fee":"yes","museum":"history","name":"Muzeum Emigracji w Gdyni","official_name":"Muzeum Emigracji w Gdyni","opening_hours":"Tu 12:00-20:00; We 10:00-18:00; Th-Su 10:00-18:00","start_date":"2012-02","toilets":"yes","toilets:access":"customers","toilets:wheelchair":"designated","tourism":"museum","wheelchair":"yes","wikidata":"Q15966273","wikipedia":"pl:Muzeum Emigracji w Gdyni","addr:postcode":"81-372","addr:city":"Gdynia","addr:street":"Armii Krajowej","addr:housenumber":"24","operator":"Gmina Miasta Gdyni","operator:type":"government","source:tourism":"Wykaz Muzeów, wypis na dzień 2026-04-09","@id":"node/4166264453"},"geometry":{"type":"Point","coordinates":[18.5483911,54.5330528]}}],"cooperativeWork":{"meta":{"version":2,"type":1},"operations":[{"operationType":"modifyElement","data":{"id":"node/4166264453","operations":[{"operation":"setTags","data":{"name":"Muzeum Emigracji w Gdyni","addr:postcode":"81-372","addr:city":"Gdynia","addr:street":"Armii Krajowej","addr:housenumber":"24","operator":"Gmina Miasta Gdyni","operator:type":"government","source:tourism":"Wykaz Muzeów, wypis na dzień 2026-04-09"}}]}}]}}
{"type":"FeatureCollection","features":[{"type":"Feature","properties":{"addr:city":"Kielce","addr:housenumber":"4","addr:street":"Świętego Leonarda","name":"Muzeum Historii Kielc","opening_hours":"Tu-Fr 08:00-16:00; We 08:00-17:00; Sa,Su 09:00-16:00","phone":"+48 41 340 55 20","tourism":"museum","website":"http://www.muzeumhistoriikielc.pl/","wikidata":"Q11786995","wikipedia":"pl:Muzeum Historii Kielc","addr:postcode":"25-303","operator":"Miasto Kielce","operator:type":"government","source:tourism":"Wykaz Muzeów, wypis na dzień 2026-04-09","@id":"node/1904638169"},"geometry":{"type":"Point","coordinates":[20.6346534,50.8697353]}}],"cooperativeWork":{"meta":{"version":2,"type":1},"operations":[{"operationType":"modifyElement","data":{"id":"node/1904638169","operations":[{"operation":"setTags","data":{"addr:postcode":"25-303","operator":"Miasto Kielce","operator:type":"government","source:tourism":"Wykaz Muzeów, wypis na dzień 2026-04-09"}}]}}]}}
{"type":"FeatureCollection","features":[{"type":"Feature","properties":{"name":"Muzeum Historii Ziemi Kamieńskiej","tourism":"museum","addr:postcode":"72-400","addr:city":"Kamień Pomorski","addr:street":"Katedralny","addr:housenumber":"7","operator":"Gmina Kamień Pomorski","operator:type":"government","source:tourism":"Wykaz Muzeów, wypis na dzień 2026-04-09","@id":"node/5136193762"},"geometry":{"type":"Point","coordinates":[14.7737679,53.9724721]}}],"cooperativeWork":{"meta":{"version":2,"type":1},"operations":[{"operationType":"modifyElement","data":{"id":"node/5136193762","operations":[{"operation":"setTags","data":{"addr:postcode":"72-400","addr:city":"Kamień Pomorski","addr:street":"Katedralny","addr:housenumber":"7","operator":"Gmina Kamień Pomorski","operator:type":"government","source:tourism":"Wykaz Muzeów, wypis na dzień 2026-04-09"}}]}}]}}
{"type":"FeatureCollection","features":[{"type":"Feature","properties":{"check_date":"2025-04-21","description":"W muzeum znajduje się defibrylator.","museum":"history","name":"Muzeum Historyczne w Lubinie","opening_hours":"Mo-Fr 09:00-17:00; Sa-Su 10:00-18:00","source":"survey","tourism":"museum","wheelchair":"yes","addr:postcode":"59-300","addr:city":"Lubin","addr:street":"Pruzi","addr:housenumber":"7","operator":"Gmina Miejska Lubin","operator:type":"government","source:tourism":"Wykaz Muzeów, wypis na dzień 2026-04-09","@id":"node/12771486060"},"geometry":{"type":"Point","coordinates":[16.2054986,51.3972359]}}],"cooperativeWork":{"meta":{"version":2,"type":1},"operations":[{"operationType":"modifyElement","data":{"id":"node/12771486060","operations":[{"operation":"setTags","data":{"name":"Muzeum Historyczne w Lubinie","addr:postcode":"59-300","addr:city":"Lubin","addr:street":"Pruzi","addr:housenumber":"7","operator":"Gmina Miejska Lubin","operator:type":"government","source:tourism":"Wykaz Muzeów, wypis na dzień 2026-04-09"}}]}}]}}
{"type":"FeatureCollection","features":[{"type":"Feature","properties":{"contact:phone":"+48 134630609","fee":"yes","museum":"history","name":"Muzeum Historyczne w Sanoku","opening_hours":"Mo 08:00-12:00; Tu-We 09:00-17:00; Apr-Oct Th-Su 09:00-17:00; Nov-Mar Th-Su 09:00-15:00; Nov 01 off","start_date":"1934","toilets":"yes","toilets:charge":"2 PLN","toilets:fee":"yes","toilets:fee:conditional":"no @ customers","tourism":"museum","website":"https://www.muzeum.sanok.pl/pl/","wikidata":"Q6393841","wikipedia":"pl:Muzeum Historyczne w Sanoku","addr:postcode":"38-500","addr:city":"Sanok","addr:street":"Zamkowa","addr:housenumber":"2","operator":"Powiat Sanocki","operator:type":"government","source:tourism":"Wykaz Muzeów, wypis na dzień 2026-04-09","@id":"node/4534855737"},"geometry":{"type":"Point","coordinates":[22.2092927,49.5623431]}}],"cooperativeWork":{"meta":{"version":2,"type":1},"operations":[{"operationType":"modifyElement","data":{"id":"node/4534855737","operations":[{"operation":"setTags","data":{"addr:postcode":"38-500","addr:city":"Sanok","addr:street":"Zamkowa","addr:housenumber":"2","operator":"Powiat Sanocki","operator:type":"government","source:tourism":"Wykaz Muzeów, wypis na dzień 2026-04-09"}}]}}]}}
{"type":"FeatureCollection","features":[{"type":"Feature","properties":{"name":"Muzeum Miasta Jaworzna","tourism":"museum","website":"https://www.muzeum.jaw.pl/mmj/","addr:postcode":"43-600","addr:city":"Jaworzno","addr:street":"Pocztowa","addr:housenumber":"5","operator":"Gmina Jaworzno - miasto na prawach powiatu","operator:type":"government","source:tourism":"Wykaz Muzeów, wypis na dzień 2026-04-09","@id":"node/1298279828"},"geometry":{"type":"Point","coordinates":[19.2759329,50.2023219]}}],"cooperativeWork":{"meta":{"version":2,"type":1},"operations":[{"operationType":"modifyElement","data":{"id":"node/1298279828","operations":[{"operation":"setTags","data":{"addr:postcode":"43-600","addr:city":"Jaworzno","addr:street":"Pocztowa","addr:housenumber":"5","operator":"Gmina Jaworzno - miasto na prawach powiatu","operator:type":"government","source:tourism":"Wykaz Muzeów, wypis na dzień 2026-04-09"}}]}}]}}
{"type":"FeatureCollection","features":[{"type":"Feature","properties":{"addr:city":"Łódź","addr:housenumber":"15","addr:postcode":"91-065","addr:street":"Ogrodowa","email":"muzeum@muzeum-lodz.pl","fee":"yes","name":"Muzeum Miasta Łodzi","name:en":"Museum of the City of Lodz","phone":"+48 254 90 00","ref:ckkp":"LD00356","tourism":"museum","website":"https://muzeum-lodz.pl/","wikidata":"Q11787070","wikipedia":"pl:Muzeum Miasta Łodzi","operator":"Miasto Łódź","operator:type":"government","source:tourism":"Wykaz Muzeów, wypis na dzień 2026-04-09","@id":"node/432504799"},"geometry":{"type":"Point","coordinates":[19.4510486,51.7787211]}}],"cooperativeWork":{"meta":{"version":2,"type":1},"operations":[{"operationType":"modifyElement","data":{"id":"node/432504799","operations":[{"operation":"setTags","data":{"operator":"Miasto Łódź","operator:type":"government","source:tourism":"Wykaz Muzeów, wypis na dzień 2026-04-09"}}]}}]}}
{"type":"FeatureCollection","features":[{"type":"Feature","properties":{"addr:city":"Ostrów Wielkopolski","addr:housenumber":"1","addr:postcode":"63-400","addr:street":"Rynek","museum":"history","name":"Muzeum Miasta Ostrowa Wielkopolskiego","short_name":"MMOW","start_date":"1988","tourism":"museum","website":"https://www.mmow.pl/","operator":"Gmina Miasto Ostrów Wielkopolski","operator:type":"government","source:tourism":"Wykaz Muzeów, wypis na dzień 2026-04-09","@id":"node/9057062688"},"geometry":{"type":"Point","coordinates":[17.8166799,51.6494448]}}],"cooperativeWork":{"meta":{"version":2,"type":1},"operations":[{"operationType":"modifyElement","data":{"id":"node/9057062688","operations":[{"operation":"setTags","data":{"operator":"Gmina Miasto Ostrów Wielkopolski","operator:type":"government","source:tourism":"Wykaz Muzeów, wypis na dzień 2026-04-09"}}]}}]}}
{"type":"FeatureCollection","features":[{"type":"Feature","properties":{"name":"Muzeum Miasta Pabianic","source":"muzeum.pabianice.prv.pl","tourism":"museum","addr:postcode":"95-200","addr:city":"Pabianice","addr:street":"Stary Rynek","addr:housenumber":"1","operator":"Miasto Pabianice","operator:type":"government","source:tourism":"Wykaz Muzeów, wypis na dzień 2026-04-09","@id":"node/1627031220"},"geometry":{"type":"Point","coordinates":[19.3612649,51.664177]}}],"cooperativeWork":{"meta":{"version":2,"type":1},"operations":[{"operationType":"modifyElement","data":{"id":"node/1627031220","operations":[{"operation":"setTags","data":{"name":"Muzeum Miasta Pabianic","addr:postcode":"95-200","addr:city":"Pabianice","addr:street":"Stary Rynek","addr:housenumber":"1","operator":"Miasto Pabianice","operator:type":"government","source:tourism":"Wykaz Muzeów, wypis na dzień 2026-04-09"}}]}}]}}
{"type":"FeatureCollection","features":[{"type":"Feature","properties":{"email":"dyrektor@muzeum.turek.pl","facebook":"https://www.facebook.com/Turek.muzeum","fee":"no","internet_access":"wlan","name":"Muzeum Miasta Turku im. Józefa Mehoffera","old_name":"Muzeum Rzemiosła Tkackiego","opening_hours":"Sep-Jun Mo,Th-Fr 08:00-15:30; Tu-We 10:00-18:00; Sa-Su 10:00-14:00; Jul-Aug Mo off; Tu-Fr 08:00-18:30; Sa-Su 10:00-14:00","operator:type":"government","phone":"+48 63 222 30 86","tourism":"museum","website":"http://muzeum.turek.pl/","wikidata":"Q18170894","wikipedia":"pl:Muzeum Miasta Turku im. Józefa Mehoffera","addr:postcode":"62-700","addr:city":"Turek","addr:street":"Wojska Polskiego","addr:housenumber":"1","operator":"Gmina Miejska Turek","source:tourism":"Wykaz Muzeów, wypis na dzień 2026-04-09","@id":"node/2425471062"},"geometry":{"type":"Point","coordinates":[18.5006452,52.01627]}}],"cooperativeWork":{"meta":{"version":2,"type":1},"operations":[{"operationType":"modifyElement","data":{"id":"node/2425471062","operations":[{"operation":"setTags","data":{"addr:postcode":"62-700","addr:city":"Turek","addr:street":"Wojska Polskiego","addr:housenumber":"1","operator":"Gmina Miejska Turek","source:tourism":"Wykaz Muzeów, wypis na dzień 2026-04-09"}}]}}]}}
{"type":"FeatureCollection","features":[{"type":"Feature","properties":{"name":"Muzeum Miasta Zgierza","tourism":"museum","addr:postcode":"95-100","addr:city":"Zgierz","addr:street":"gen. Jana Henryka Dąbrowskiego","addr:housenumber":"21","operator":"Gmina Miasto Zgierz","operator:type":"government","source:tourism":"Wykaz Muzeów, wypis na dzień 2026-04-09","@id":"node/2314804451"},"geometry":{"type":"Point","coordinates":[19.4140812,51.8578501]}}],"cooperativeWork":{"meta":{"version":2,"type":1},"operations":[{"operationType":"modifyElement","data":{"id":"node/2314804451","operations":[{"operation":"setTags","data":{"addr:postcode":"95-100","addr:city":"Zgierz","addr:street":"gen. Jana Henryka Dąbrowskiego","addr:housenumber":"21","operator":"Gmina Miasto Zgierz","operator:type":"government","source:tourism":"Wykaz Muzeów, wypis na dzień 2026-04-09"}}]}}]}}
{"type":"FeatureCollection","features":[{"type":"Feature","properties":{"addr:city":"Żory","addr:housenumber":"1","addr:postcode":"44-240","addr:street":"Muzealna","fee":"no","name":"Muzeum Miejskie w Żorach","tourism":"museum","website":"http://www.muzeum.zory.pl/","operator":"Gmina Miejska Żory","operator:type":"government","source:tourism":"Wykaz Muzeów, wypis na dzień 2026-04-09","@id":"node/3286644609"},"geometry":{"type":"Point","coordinates":[18.6909247,50.0462435]}}],"cooperativeWork":{"meta":{"version":2,"type":1},"operations":[{"operationType":"modifyElement","data":{"id":"node/3286644609","operations":[{"operation":"setTags","data":{"operator":"Gmina Miejska Żory","operator:type":"government","source:tourism":"Wykaz Muzeów, wypis na dzień 2026-04-09"}}]}}]}}
{"type":"FeatureCollection","features":[{"type":"Feature","properties":{"email":"kasagg@muzeum.sacz.pl","name":"Muzeum Ziemi Sądeckiej","phone":"+48 18 443 77 08","tourism":"museum","website":"https://muzeum.sacz.pl/","addr:postcode":"33-300","addr:city":"Nowy Sącz","addr:street":"Jagiellońska","addr:housenumber":"56","operator":"Województwo Małopolskie","operator:type":"government","source:tourism":"Wykaz Muzeów, wypis na dzień 2026-04-09","@id":"node/12741244050"},"geometry":{"type":"Point","coordinates":[20.694809,49.6177014]}}],"cooperativeWork":{"meta":{"version":2,"type":1},"operations":[{"operationType":"modifyElement","data":{"id":"node/12741244050","operations":[{"operation":"setTags","data":{"addr:postcode":"33-300","addr:city":"Nowy Sącz","addr:street":"Jagiellońska","addr:housenumber":"56","operator":"Województwo Małopolskie","operator:type":"government","source:tourism":"Wykaz Muzeów, wypis na dzień 2026-04-09"}}]}}]}}
{"type":"FeatureCollection","features":[{"type":"Feature","properties":{"addr:city":"Tarnów","addr:housenumber":"20-21","addr:street":"Rynek","email":"rynek@muzeum.tarnow.pl","name":"Muzeum Ziemi Tarnowskiej","note":"Siedziba główna muzeum","old_name":"Muzeum Okręgowe w Tarnowie","phone":"+48 14 639 08 64","source":"http://ump.waw.pl/ retrieved 11:18:52 11/17/09 (UMP-Tarnow/src/POI-inne.pnt-converted.txt)","tourism":"museum","website":"https://muzeum.tarnow.pl/","wikidata":"Q30172787","wikipedia":"pl:Muzeum Ziemi Tarnowskiej w Tarnowie","addr:postcode":"33-100","operator":"Województwo Małopolskie","operator:type":"government","source:tourism":"Wykaz Muzeów, wypis na dzień 2026-04-09","@id":"node/11359827152"},"geometry":{"type":"Point","coordinates":[20.9877014,50.0124459]}}],"cooperativeWork":{"meta":{"version":2,"type":1},"operations":[{"operationType":"modifyElement","data":{"id":"node/11359827152","operations":[{"operation":"setTags","data":{"addr:postcode":"33-100","operator":"Województwo Małopolskie","operator:type":"government","source:tourism":"Wykaz Muzeów, wypis na dzień 2026-04-09"}}]}}]}}
{"type":"FeatureCollection","features":[{"type":"Feature","properties":{"fee":"yes","museum":"history","museum_type":"national","name":"Muzeum Okręgowe w Toruniu","tourism":"museum","addr:postcode":"87-100","addr:city":"Toruń","addr:street":"Rynek Staromiejski","addr:housenumber":"1","operator":"Gmina Miasta Toruń","operator:type":"government","source:tourism":"Wykaz Muzeów, wypis na dzień 2026-04-09","@id":"node/2322339873"},"geometry":{"type":"Point","coordinates":[18.6042196,53.0106828]}}],"cooperativeWork":{"meta":{"version":2,"type":1},"operations":[{"operationType":"modifyElement","data":{"id":"node/2322339873","operations":[{"operation":"setTags","data":{"addr:postcode":"87-100","addr:city":"Toruń","addr:street":"Rynek Staromiejski","addr:housenumber":"1","operator":"Gmina Miasta Toruń","operator:type":"government","source:tourism":"Wykaz Muzeów, wypis na dzień 2026-04-09"}}]}}]}}
{"type":"FeatureCollection","features":[{"type":"Feature","properties":{"name":"Muzeum Pierwszych Piastów na Lednicy","phone":"+48 61 427 50 10","tourism":"museum","url":"https://www.youtube.com/watch?v=t-V4BEJJYKs","website":"https://www.lednicamuzeum.pl/","wikidata":"Q11787124","wikipedia":"pl:Muzeum Pierwszych Piastów na Lednicy","addr:postcode":"62-261","addr:city":"Lednogóra","addr:street":"Dziekanowice","addr:housenumber":"32","operator":"Województwo Wielkopolskie","operator:type":"government","source:tourism":"Wykaz Muzeów, wypis na dzień 2026-04-09","@id":"node/2082753545"},"geometry":{"type":"Point","coordinates":[17.3776259,52.5270105]}}],"cooperativeWork":{"meta":{"version":2,"type":1},"operations":[{"operationType":"modifyElement","data":{"id":"node/2082753545","operations":[{"operation":"setTags","data":{"addr:postcode":"62-261","addr:city":"Lednogóra","addr:street":"Dziekanowice","addr:housenumber":"32","operator":"Województwo Wielkopolskie","operator:type":"government","source:tourism":"Wykaz Muzeów, wypis na dzień 2026-04-09"}}]}}]}}
{"type":"FeatureCollection","features":[{"type":"Feature","properties":{"addr:city":"Wejherowo","addr:housenumber":"14A","addr:postcode":"84-200","addr:street":"Wałowa","check_date":"2026-04-04","name":"Muzeum Piśmiennictwa i Muzyki Kaszubsko-Pomorskiej w Wejherowie","operator":"Powiat Wejherowski","source:addr":"mwejherowo.punktyadresowe.pl","tourism":"museum","operator:type":"government","source:tourism":"Wykaz Muzeów, wypis na dzień 2026-04-09","@id":"node/2471714870"},"geometry":{"type":"Point","coordinates":[18.2385315,54.6026459]}}],"cooperativeWork":{"meta":{"version":2,"type":1},"operations":[{"operationType":"modifyElement","data":{"id":"node/2471714870","operations":[{"operation":"setTags","data":{"operator":"Powiat Wejherowski","operator:type":"government","source:tourism":"Wykaz Muzeów, wypis na dzień 2026-04-09"}}]}}]}}
{"type":"FeatureCollection","features":[{"type":"Feature","properties":{"description":"działy: archeologiczny, historyczny, artystyczny, historii oświetlenia, szkła i przemysłu szklarskiego, oświatowo-promocyjny, administracyjno-gospodarczy, finansowo-księgowy,biblioteka","email":"muzeum@muzeum.krosno.pl","fax":"+ 48 13 43 243 01","fee":"yes","image":"http://www.muzeum.krosno.pl/img/galerie/widoki/_big/muzeum_podkarpackie_-_foto_1.07.2014_002.jpg","name":"Muzeum Podkarpackie w Krośnie","official_name":"Muzeum Podkarpackie w Krośnie","opening_hours":"Tu-Fr 09:00-17:00; Sa-Su 10:00-17:00","operator":"Województwo Podkarpackie","phone":"+ 48 13 43 213 76","ref:ckkp":"PK00315","start_date":"1954","tourism":"museum","website":"https://www.muzeum.krosno.pl/","wikidata":"Q11787132","wikipedia":"pl:Muzeum Podkarpackie w Krośnie","addr:postcode":"38-400","addr:city":"Krosno","addr:street":"Piłsudskiego","addr:housenumber":"16","operator:type":"government","source:tourism":"Wykaz Muzeów, wypis na dzień 2026-04-09","@id":"node/1838542714"},"geometry":{"type":"Point","coordinates":[21.7635574,49.6956408]}}],"cooperativeWork":{"meta":{"version":2,"type":1},"operations":[{"operationType":"modifyElement","data":{"id":"node/1838542714","operations":[{"operation":"setTags","data":{"name":"Muzeum Podkarpackie w Krośnie","operator":"Województwo Podkarpackie","addr:postcode":"38-400","addr:city":"Krosno","addr:street":"Piłsudskiego","addr:housenumber":"16","operator:type":"government","source:tourism":"Wykaz Muzeów, wypis na dzień 2026-04-09"}}]}}]}}
{"type":"FeatureCollection","features":[{"type":"Feature","properties":{"name":"Muzeum Pożarnictwa w Oseredku","opening_hours":"May-Sep: Mo-Su 09:00-17:00;Oct-Apr: Mo-Fr 08:00-16:00","tourism":"museum","addr:postcode":"22-672","addr:city":"Susiec","addr:street":"Oseredek","addr:housenumber":"123","operator":"Gmina Susiec","operator:type":"government","source:tourism":"Wykaz Muzeów, wypis na dzień 2026-04-09","@id":"node/4039019489"},"geometry":{"type":"Point","coordinates":[23.1778752,50.4253747]}}],"cooperativeWork":{"meta":{"version":2,"type":1},"operations":[{"operationType":"modifyElement","data":{"id":"node/4039019489","operations":[{"operation":"setTags","data":{"addr:postcode":"22-672","addr:city":"Susiec","addr:street":"Oseredek","addr:housenumber":"123","operator":"Gmina Susiec","operator:type":"government","source:tourism":"Wykaz Muzeów, wypis na dzień 2026-04-09"}}]}}]}}
{"type":"FeatureCollection","features":[{"type":"Feature","properties":{"contact:website":"http://www.muzeumjawor.pl","name":"Muzeum Regionalne w Jaworze","name:de":"Regionalmuseum","name:pl":"Muzeum Regionalne w Jaworze","opening_hours":"Apr-Sep: We-Su 10:00-17:00; Oct-Mar: We-Su 10:00-16:00","tourism":"museum","wikidata":"Q16978752","wikipedia":"pl:Muzeum Regionalne w Jaworze","addr:postcode":"59-400","addr:city":"Jawor","addr:street":"Klasztorna","addr:housenumber":"6","operator":"Gmina Jawor","operator:type":"government","source:tourism":"Wykaz Muzeów, wypis na dzień 2026-04-09","@id":"node/2006305962"},"geometry":{"type":"Point","coordinates":[16.1938451,51.0488808]}}],"cooperativeWork":{"meta":{"version":2,"type":1},"operations":[{"operationType":"modifyElement","data":{"id":"node/2006305962","operations":[{"operation":"setTags","data":{"addr:postcode":"59-400","addr:city":"Jawor","addr:street":"Klasztorna","addr:housenumber":"6","operator":"Gmina Jawor","operator:type":"government","source:tourism":"Wykaz Muzeów, wypis na dzień 2026-04-09"}}]}}]}}
{"type":"FeatureCollection","features":[{"type":"Feature","properties":{"museum":"local","name":"Muzeum Regionalne w Kluczkowicach","tourism":"museum","addr:postcode":"24-300","addr:city":"Kluczkowice","addr:street":"Kluczkowice","addr:housenumber":"7","operator":"Powiat Opolski","operator:type":"government","source:tourism":"Wykaz Muzeów, wypis na dzień 2026-04-09","@id":"node/9905558911"},"geometry":{"type":"Point","coordinates":[21.8969132,51.0814761]}}],"cooperativeWork":{"meta":{"version":2,"type":1},"operations":[{"operationType":"modifyElement","data":{"id":"node/9905558911","operations":[{"operation":"setTags","data":{"addr:postcode":"24-300","addr:city":"Kluczkowice","addr:street":"Kluczkowice","addr:housenumber":"7","operator":"Powiat Opolski","operator:type":"government","source:tourism":"Wykaz Muzeów, wypis na dzień 2026-04-09"}}]}}]}}
{"type":"FeatureCollection","features":[{"type":"Feature","properties":{"addr:city":"Opoczno","addr:housenumber":"1","addr:postcode":"26-300","addr:street":"Plac Zamkowy","name":"Muzeum Regionalne w Opocznie","tourism":"museum","website":"http://www.muzeumopoczno.pl/","wikidata":"Q16580139","wikipedia":"pl:Muzeum Regionalne w Opocznie","operator":"Gmina Opoczno","operator:type":"government","source:tourism":"Wykaz Muzeów, wypis na dzień 2026-04-09","@id":"node/6942356040"},"geometry":{"type":"Point","coordinates":[20.2893514,51.375335]}}],"cooperativeWork":{"meta":{"version":2,"type":1},"operations":[{"operationType":"modifyElement","data":{"id":"node/6942356040","operations":[{"operation":"setTags","data":{"operator":"Gmina Opoczno","operator:type":"government","source:tourism":"Wykaz Muzeów, wypis na dzień 2026-04-09"}}]}}]}}
{"type":"FeatureCollection","features":[{"type":"Feature","properties":{"addr:city":"Pułtusk","addr:housenumber":"43","addr:postcode":"06-100","addr:street":"Rynek","name":"Muzeum Regionalne w Pułtusku","opening_hours":"Mo off; Tu-Su 10:00-16:30","phone":"+48 23 692 51 32","tourism":"museum","website":"https://muzeum.pultusk.pl/","operator":"Gmina Pułtusk","operator:type":"government","source:tourism":"Wykaz Muzeów, wypis na dzień 2026-04-09","@id":"node/6985095773"},"geometry":{"type":"Point","coordinates":[21.091481,52.7056001]}}],"cooperativeWork":{"meta":{"version":2,"type":1},"operations":[{"operationType":"modifyElement","data":{"id":"node/6985095773","operations":[{"operation":"setTags","data":{"operator":"Gmina Pułtusk","operator:type":"government","source:tourism":"Wykaz Muzeów, wypis na dzień 2026-04-09"}}]}}]}}
{"type":"FeatureCollection","features":[{"type":"Feature","properties":{"addr:city":"Skawina","addr:housenumber":"26","addr:postcode":"32-050","addr:street":"Adama Mickiewicza","email":"muzeum@muzeum-skawina.pl","name":"Muzeum Regionalne w Skawinie","opening_hours":"Mo-Fr 09:00-16:00","phone":"+48 12 256 05 72; +48 535 605 700","tourism":"museum","website":"https://muzeum-skawina.pl","wikidata":"Q15919531","wikipedia":"pl:Muzeum Regionalne w Skawinie","operator":"Miasto i Gmina Skawina","operator:type":"government","source:tourism":"Wykaz Muzeów, wypis na dzień 2026-04-09","@id":"node/9799411184"},"geometry":{"type":"Point","coordinates":[19.822485,49.9759798]}}],"cooperativeWork":{"meta":{"version":2,"type":1},"operations":[{"operationType":"modifyElement","data":{"id":"node/9799411184","operations":[{"operation":"setTags","data":{"operator":"Miasto i Gmina Skawina","operator:type":"government","source:tourism":"Wykaz Muzeów, wypis na dzień 2026-04-09"}}]}}]}}
{"type":"FeatureCollection","features":[{"type":"Feature","properties":{"addr:city":"Limanowa","addr:housenumber":"13","addr:postcode":"34-600","addr:street":"Józefa Marka","name":"Muzeum Regionalne Ziemi Limanowskiej","opening_hours":"May-Sep Tu-Su 09:00-17:00; Oct-Apr Tu-Sa 08:00-16:00","tourism":"museum","operator":"Gmina Miasto Limanowa","operator:type":"government","source:tourism":"Wykaz Muzeów, wypis na dzień 2026-04-09","@id":"node/1875329539"},"geometry":{"type":"Point","coordinates":[20.4191774,49.704034]}}],"cooperativeWork":{"meta":{"version":2,"type":1},"operations":[{"operationType":"modifyElement","data":{"id":"node/1875329539","operations":[{"operation":"setTags","data":{"operator":"Gmina Miasto Limanowa","operator:type":"government","source:tourism":"Wykaz Muzeów, wypis na dzień 2026-04-09"}}]}}]}}
{"type":"FeatureCollection","features":[{"type":"Feature","properties":{"addr:city":"Sobótka","addr:housenumber":"18","addr:postcode":"55-050","addr:street":"Świętego Jakuba","email":"muzeum@sobotka.pl","name":"Muzeum Ślężańskie im. Stanisława Dunajewskiego w Sobótce","phone":"+48 71 316 26 22","tourism":"museum","website":"https://muzeum.sobotka.pl/","operator":"Gmina Sobótka","operator:type":"government","source:tourism":"Wykaz Muzeów, wypis na dzień 2026-04-09","@id":"node/11802832319"},"geometry":{"type":"Point","coordinates":[16.744511,50.8961403]}}],"cooperativeWork":{"meta":{"version":2,"type":1},"operations":[{"operationType":"modifyElement","data":{"id":"node/11802832319","operations":[{"operation":"setTags","data":{"operator":"Gmina Sobótka","operator:type":"government","source:tourism":"Wykaz Muzeów, wypis na dzień 2026-04-09"}}]}}]}}
{"type":"FeatureCollection","features":[{"type":"Feature","properties":{"image":"https://commons.wikimedia.org/wiki/File:Kamienna_G%C3%B3ra_-_Muzeum_Tkactwa.jpg","museum":"history","museum_type":"municipal","name":"Muzeum Tkactwa w Kamiennej Górze","opening_hours":"Mo-Fr 08:30-15:30; Sa 09:40-15:00","source":"survey","tourism":"museum","website":"https://www.muzeumtkactwa.pl/","wheelchair":"no","wikidata":"Q16580194","wikipedia":"pl:Muzeum Tkactwa w Kamiennej Górze","addr:postcode":"58-400","addr:city":"Kamienna Góra","addr:street":"Wolności","addr:housenumber":"11","operator":"Gmina Miejska Kamienna Góra","operator:type":"government","source:tourism":"Wykaz Muzeów, wypis na dzień 2026-04-09","@id":"node/3326678038"},"geometry":{"type":"Point","coordinates":[16.0332326,50.7840501]}}],"cooperativeWork":{"meta":{"version":2,"type":1},"operations":[{"operationType":"modifyElement","data":{"id":"node/3326678038","operations":[{"operation":"setTags","data":{"addr:postcode":"58-400","addr:city":"Kamienna Góra","addr:street":"Wolności","addr:housenumber":"11","operator":"Gmina Miejska Kamienna Góra","operator:type":"government","source:tourism":"Wykaz Muzeów, wypis na dzień 2026-04-09"}}]}}]}}
{"type":"FeatureCollection","features":[{"type":"Feature","properties":{"addr:city":"Brodnica","addr:housenumber":"1","addr:postcode":"87-300","addr:street":"Świętego Jakuba","museum":"history","name":"Muzeum w Brodnicy","operator":"Miasto Brodnica","tourism":"museum","operator:type":"government","source:tourism":"Wykaz Muzeów, wypis na dzień 2026-04-09","@id":"node/2063574578"},"geometry":{"type":"Point","coordinates":[19.400951,53.256063]}}],"cooperativeWork":{"meta":{"version":2,"type":1},"operations":[{"operationType":"modifyElement","data":{"id":"node/2063574578","operations":[{"operation":"setTags","data":{"operator":"Miasto Brodnica","operator:type":"government","source:tourism":"Wykaz Muzeów, wypis na dzień 2026-04-09"}}]}}]}}
{"type":"FeatureCollection","features":[{"type":"Feature","properties":{"fee":"yes","name":"Muzeum w Łęczycy","phone":"+48 24 721 89 97","tourism":"museum","addr:postcode":"99-100","addr:city":"Łęczyca","addr:street":"Zamkowa","addr:housenumber":"1","operator":"Gmina Miasto Łęczyca","operator:type":"government","source:tourism":"Wykaz Muzeów, wypis na dzień 2026-04-09","@id":"node/8435729615"},"geometry":{"type":"Point","coordinates":[19.2035321,52.0591096]}}],"cooperativeWork":{"meta":{"version":2,"type":1},"operations":[{"operationType":"modifyElement","data":{"id":"node/8435729615","operations":[{"operation":"setTags","data":{"addr:postcode":"99-100","addr:city":"Łęczyca","addr:street":"Zamkowa","addr:housenumber":"1","operator":"Gmina Miasto Łęczyca","operator:type":"government","source:tourism":"Wykaz Muzeów, wypis na dzień 2026-04-09"}}]}}]}}
{"type":"FeatureCollection","features":[{"type":"Feature","properties":{"addr:city":"Ostróda","addr:housenumber":"22","addr:street":"Adama Mickiewicza","name":"Muzeum w Ostródzie","tourism":"museum","addr:postcode":"14-100","operator":"Gmina Miejska Ostróda","operator:type":"government","source:tourism":"Wykaz Muzeów, wypis na dzień 2026-04-09","@id":"node/1827379115"},"geometry":{"type":"Point","coordinates":[19.9608679,53.7034145]}}],"cooperativeWork":{"meta":{"version":2,"type":1},"operations":[{"operationType":"modifyElement","data":{"id":"node/1827379115","operations":[{"operation":"setTags","data":{"addr:postcode":"14-100","operator":"Gmina Miejska Ostróda","operator:type":"government","source:tourism":"Wykaz Muzeów, wypis na dzień 2026-04-09"}}]}}]}}
{"type":"FeatureCollection","features":[{"type":"Feature","properties":{"addr:city":"Piotrków Trybunalski","addr:housenumber":"4","addr:postcode":"97-300","addr:street":"Plac Zamkowy","email":"sekretariat@muzeumpiotrkow.pl","fee":"yes","name":"Muzeum w Piotrkowie Trybunalskim","opening_hours":"We-Fr 10:00-15:00; Su 10:00-15:00; Tu 10:00-16:00; Sa 10:00-16:00","phone":"48446465272","source":"http://mpiotrkowtrybunalski.e-mapa.net/","tourism":"museum","website":"https://muzeumpiotrkow.pl/","operator":"Miasto Piotrków Trybunalski","operator:type":"government","source:tourism":"Wykaz Muzeów, wypis na dzień 2026-04-09","@id":"node/5223671203"},"geometry":{"type":"Point","coordinates":[19.7007742,51.4090709]}}],"cooperativeWork":{"meta":{"version":2,"type":1},"operations":[{"operationType":"modifyElement","data":{"id":"node/5223671203","operations":[{"operation":"setTags","data":{"operator":"Miasto Piotrków Trybunalski","operator:type":"government","source:tourism":"Wykaz Muzeów, wypis na dzień 2026-04-09"}}]}}]}}
{"type":"FeatureCollection","features":[{"type":"Feature","properties":{"addr:city":"Wodzisław Śląski","addr:housenumber":"2","addr:postcode":"44-300","addr:street":"Księdza Pułkownika Wilhelma Kubsza","air_conditioning":"no","fee":"no","museum":"history","name":"Muzeum w Wodzisławiu Śląskim","opening_hours":"tu-fr 8:00-14:00, sa 9:00-14:30, su 14:00-19:30","start_date":"1971","tourism":"museum","wheelchair":"yes","wikidata":"Q9386762","wikipedia":"pl:Pałac w Wodzisławiu Śląskim","operator":"Miasto Wodzisław Śląski","operator:type":"government","source:tourism":"Wykaz Muzeów, wypis na dzień 2026-04-09","@id":"node/1808060653"},"geometry":{"type":"Point","coordinates":[18.4650279,50.0023613]}}],"cooperativeWork":{"meta":{"version":2,"type":1},"operations":[{"operationType":"modifyElement","data":{"id":"node/1808060653","operations":[{"operation":"setTags","data":{"operator":"Miasto Wodzisław Śląski","operator:type":"government","source:tourism":"Wykaz Muzeów, wypis na dzień 2026-04-09"}}]}}]}}
{"type":"FeatureCollection","features":[{"type":"Feature","properties":{"addr:city":"Warszawa","addr:housenumber":"42","addr:street":"Rynek Starego Miasta","check_date":"2024-05-21","fee":"yes","name":"Muzeum Warszawy","name:pl":"Muzeum Warszawy","name:ru":"Исторический музей Варшавы","name:uk":"Музей Варшави","old_name":"Muzeum Historyczne m.st.Warszawy","opening_hours":"Mo,We,Fr 09:00-17:00; Th 09:00-19:00; Sa-Su 11:00-18:00","ref:ckkp":"MZ00396","toilets:wheelchair":"yes","tourism":"museum","website":"https://muzeumwarszawy.pl","wheelchair":"limited","wikidata":"Q202277","wikipedia":"pl:Muzeum Warszawy","addr:postcode":"00-272","operator":"Miasto Stołeczne Warszawa","operator:type":"government","source:tourism":"Wykaz Muzeów, wypis na dzień 2026-04-09","@id":"node/338509179"},"geometry":{"type":"Point","coordinates":[21.0113893,52.2499728]}}],"cooperativeWork":{"meta":{"version":2,"type":1},"operations":[{"operationType":"modifyElement","data":{"id":"node/338509179","operations":[{"operation":"setTags","data":{"addr:postcode":"00-272","operator":"Miasto Stołeczne Warszawa","operator:type":"government","source:tourism":"Wykaz Muzeów, wypis na dzień 2026-04-09"}}]}}]}}
{"type":"FeatureCollection","features":[{"type":"Feature","properties":{"addr:city":"Białystok","addr:country":"PL","addr:housenumber":"7","addr:postcode":"15-089","addr:street":"Jana Kilińskiego","contact:email":"biuro@mwb.com.pl","contact:facebook":"https://www.facebook.com/muzeumwojska","contact:instagram":"https://www.instagram.com/muzeumwojskabialystok/","contact:website":"https://www.mwb.com.pl/","contact:youtube":"https://www.youtube.com/user/MuzeumWojska","email":"biuro@mwb.com.pl","fax":"+48 85 741 54 48","image":"File:Muzeum Wojska 01.JPG","name":"Muzeum Wojska","phone":"+48 85 741 64 49","source:addr":"EMUiA (emuia.gugik.gov.pl)","tourism":"museum","website":"https://www.mwb.com.pl/","wikidata":"Q11787250","wikipedia":"pl:Muzeum Wojska w Białymstoku","source:tourism":"Wykaz Muzeów, wypis na dzień 2026-04-09","@id":"node/9341475660"},"geometry":{"type":"Point","coordinates":[23.1665229,53.1321387]}}],"cooperativeWork":{"meta":{"version":2,"type":1},"operations":[{"operationType":"modifyElement","data":{"id":"node/9341475660","operations":[{"operation":"setTags","data":{"source:tourism":"Wykaz Muzeów, wypis na dzień 2026-04-09"}}]}}]}}
{"type":"FeatureCollection","features":[{"type":"Feature","properties":{"addr:housenumber":"20","addr:street":"Warszawska","name":"Muzeum Ziemi Dobrzyńskiej w Rypinie","phone":"+48 54 280 25 14","tourism":"museum","website":"https://muzeum.rypin.eu/","addr:postcode":"87-500","addr:city":"Rypin","operator":"Miasto Rypin","operator:type":"government","source:tourism":"Wykaz Muzeów, wypis na dzień 2026-04-09","@id":"node/8936518201"},"geometry":{"type":"Point","coordinates":[19.4099284,53.0640422]}}],"cooperativeWork":{"meta":{"version":2,"type":1},"operations":[{"operationType":"modifyElement","data":{"id":"node/8936518201","operations":[{"operation":"setTags","data":{"addr:postcode":"87-500","addr:city":"Rypin","operator":"Miasto Rypin","operator:type":"government","source:tourism":"Wykaz Muzeów, wypis na dzień 2026-04-09"}}]}}]}}
{"type":"FeatureCollection","features":[{"type":"Feature","properties":{"charge":"25 PLN","contact:email":"biuro@muzeumjp2.pl","contact:fax":"+48 222019721","contact:phone":"+48 222019714","contact:website":"https://mt514.pl/","fee":"yes","name":"Muzeum Jana Pawła II i Prymasa Wyszyńskiego","tourism":"museum","wheelchair":"yes","wikidata":"Q15197218","wikipedia":"pl:Muzeum Jana Pawła II i Prymasa Wyszyńskiego","addr:postcode":"02-972","addr:city":"Warszawa","addr:street":"Księdza Prymasa Augusta Hlonda","addr:housenumber":"1","operator":"Archidiecezja Warszawska","operator:type":"government","source:tourism":"Wykaz Muzeów, wypis na dzień 2026-04-09","@id":"node/2975521950"},"geometry":{"type":"Point","coordinates":[21.0718394,52.1585582]}}],"cooperativeWork":{"meta":{"version":2,"type":1},"operations":[{"operationType":"modifyElement","data":{"id":"node/2975521950","operations":[{"operation":"setTags","data":{"addr:postcode":"02-972","addr:city":"Warszawa","addr:street":"Księdza Prymasa Augusta Hlonda","addr:housenumber":"1","operator":"Archidiecezja Warszawska","operator:type":"government","source:tourism":"Wykaz Muzeów, wypis na dzień 2026-04-09"}}]}}]}}
{"type":"FeatureCollection","features":[{"type":"Feature","properties":{"name":"Muzeum Narodowe w Kielcach","opening_hours":"Tu 10:00-18:00; We-Su 09:00-16:00","phone":"+48 41 344 23 18","tourism":"museum","website":"http://www.mnki.pl/","wikidata":"Q11787092","wikipedia":"pl:Muzeum Narodowe w Kielcach","addr:postcode":"25-010","addr:city":"Kielce","addr:street":"Zamkowy","addr:housenumber":"1","operator":"Minister Kultury i Dziedzictwa Narodowego","operator:type":"government","source:tourism":"Wykaz Muzeów, wypis na dzień 2026-04-09","@id":"node/2350022809"},"geometry":{"type":"Point","coordinates":[20.6276159,50.8690446]}}],"cooperativeWork":{"meta":{"version":2,"type":1},"operations":[{"operationType":"modifyElement","data":{"id":"node/2350022809","operations":[{"operation":"setTags","data":{"addr:postcode":"25-010","addr:city":"Kielce","addr:street":"Zamkowy","addr:housenumber":"1","operator":"Minister Kultury i Dziedzictwa Narodowego","operator:type":"government","source:tourism":"Wykaz Muzeów, wypis na dzień 2026-04-09"}}]}}]}}
{"type":"FeatureCollection","features":[{"type":"Feature","properties":{"addr:city":"Lublin","addr:housenumber":"9","addr:postcode":"20-117","addr:street":"Zamkowa","charge":"20.00 PLN","fee":"yes","museum":"history","museum_type":"national","name":"Muzeum Narodowe w Lublinie","name:pl":"Muzeum Narodowe w Lublinie","opening_hours":"Su-Th 09:00-18:00; Fr,Sa 09:00-19:00","operator":"Minister Kultury i Dziedzictwa Narodowego","owner":"Muzeum Narodowe w Lublinie","payment:cards":"yes","payment:cash":"yes","payment:contactless":"yes","tourism":"museum","url":"https://zamek-lublin.pl/","wheelchair":"limited","wikidata":"Q6695405","wikipedia":"pl:Muzeum Narodowe w Lublinie","operator:type":"government","source:tourism":"Wykaz Muzeów, wypis na dzień 2026-04-09","@id":"node/2525928235"},"geometry":{"type":"Point","coordinates":[22.5717298,51.2504791]}}],"cooperativeWork":{"meta":{"version":2,"type":1},"operations":[{"operationType":"modifyElement","data":{"id":"node/2525928235","operations":[{"operation":"setTags","data":{"operator":"Minister Kultury i Dziedzictwa Narodowego","operator:type":"government","source:tourism":"Wykaz Muzeów, wypis na dzień 2026-04-09"}}]}}]}}
{"type":"FeatureCollection","features":[{"type":"Feature","properties":{"check_date":"2026-02-27","fee":"yes","fee:conditional":"no @ (Tu)","int_name":"National Museum in Warsaw","museum":"art","name":"Muzeum Narodowe w Warszawie","name:ar":"المتحف الوطني في وارسو","name:az":"Varşava Milli Muzeyi","name:be":"Нацыянальны музей у Варшаве","name:bg":"Национален музей във Варшава","name:cs":"Národní muzeum ve Varšavě","name:de":"Nationalmuseum in Warschau","name:el":"Εθνικό Μουσείο της Βαρσοβίας","name:en":"National Museum in Warsaw","name:eo":"Nacia Muzeo en Varsovio","name:es":"Museo Nacional en Varsovia","name:fr":"Musée national de Varsovie","name:hu":"Varsói Nemzeti Múzeum","name:hy":"Վարշավայի ազգային թանգարան","name:id":"Museum Nasional di Warsawa","name:it":"Museo nazionale di Varsavia","name:ja":"ワルシャワ国立美術館","name:ka":"ეროვნული მუზეუმი","name:ko":"바르샤바 국립미술관","name:lt":"Varšuvos nacionalinis muziejus","name:nl":"Nationaal Museum van Warschau","name:pl":"Muzeum Narodowe w Warszawie","name:pt":"Museu Nacional de Varsóvia","name:ro":"Muzeul Național din Varșovia","name:ru":"Национальный музей","name:tr":"Varşova Ulusal Müzesi","name:uk":"Національний музей у Варшаві","name:uz":"Varshava milliy muzeyi","name:vi":"Bảo tàng quốc gia tại Warszawa","name:zh":"华沙国家博物馆","name:zh-Hant":"華沙國家博物館","opening_hours":"Tu-Th 10:00-18:00; Fr 10:00-20:00; Sa-Su 10:00-18:00","operator":"Minister Kultury i Dziedzictwa Narodowego","operator:type":"government","payment:contactless":"yes","payment:maestro":"yes","payment:mastercard":"yes","payment:v_pay":"yes","payment:visa":"yes","payment:visa_electron":"yes","tourism":"museum","website":"https://www.mnw.art.pl/","wheelchair":"limited","wikidata":"Q153306","wikipedia":"pl:Muzeum Narodowe w Warszawie","addr:postcode":"00-495","addr:city":"Warszawa","addr:street":"Jerozolimsie","addr:housenumber":"3","source:tourism":"Wykaz Muzeów, wypis na dzień 2026-04-09","@id":"node/9984134345"},"geometry":{"type":"Point","coordinates":[21.0247708,52.2316938]}}],"cooperativeWork":{"meta":{"version":2,"type":1},"operations":[{"operationType":"modifyElement","data":{"id":"node/9984134345","operations":[{"operation":"setTags","data":{"operator":"Minister Kultury i Dziedzictwa Narodowego","addr:postcode":"00-495","addr:city":"Warszawa","addr:street":"Jerozolimsie","addr:housenumber":"3","source:tourism":"Wykaz Muzeów, wypis na dzień 2026-04-09"}}]}}]}}
{"type":"FeatureCollection","features":[{"type":"Feature","properties":{"check_date":"2025-07-27","fee":"yes","name":"Muzeum Zamkowe w Malborku","name:de":"Schloßmuseum","name:pl":"Muzeum Zamkowe w Malborku","tourism":"museum","addr:postcode":"82-200","addr:city":"Malbork","addr:street":"Starościńska","addr:housenumber":"1","operator":"Minister Kultury i Dziedzictwa Narodowego","operator:type":"government","source:tourism":"Wykaz Muzeów, wypis na dzień 2026-04-09","@id":"node/1304613073"},"geometry":{"type":"Point","coordinates":[19.0287745,54.0402555]}}],"cooperativeWork":{"meta":{"version":2,"type":1},"operations":[{"operationType":"modifyElement","data":{"id":"node/1304613073","operations":[{"operation":"setTags","data":{"addr:postcode":"82-200","addr:city":"Malbork","addr:street":"Starościńska","addr:housenumber":"1","operator":"Minister Kultury i Dziedzictwa Narodowego","operator:type":"government","source:tourism":"Wykaz Muzeów, wypis na dzień 2026-04-09"}}]}}]}}
{"type":"FeatureCollection","features":[{"type":"Feature","properties":{"addr:city":"Siedlce","addr:city:simc":"975173","addr:housenumber":"56","addr:postcode":"08-110","addr:street":"Biskupa Ignacego Świrskiego","name":"Muzeum Diecezjalne w Siedlcach","opening_hours":"Tu-Fr 10:00-15:00; Sa 10:00-17:00; Su 12:00-16:00","source":"http://muzeum.siedlce.pl/pl/kontakt","tourism":"museum","website":"https://muzeum.siedlce.pl/","wikidata":"Q11786951","wikipedia":"pl:Muzeum Diecezjalne w Siedlcach","operator":"Diecezja Siedlecka","operator:type":"religious","source:tourism":"Wykaz Muzeów, wypis na dzień 2026-04-09","@id":"node/2460414630"},"geometry":{"type":"Point","coordinates":[22.2746892,52.1699121]}}],"cooperativeWork":{"meta":{"version":2,"type":1},"operations":[{"operationType":"modifyElement","data":{"id":"node/2460414630","operations":[{"operation":"setTags","data":{"operator":"Diecezja Siedlecka","operator:type":"religious","source:tourism":"Wykaz Muzeów, wypis na dzień 2026-04-09"}}]}}]}}
{"type":"FeatureCollection","features":[{"type":"Feature","properties":{"museum":"history","name":"Kolbuszowskie Muzeum Techniki Militarnej i Użytkowej","tourism":"museum","addr:postcode":"36-100","addr:city":"Kolbuszowa","addr:street":"P. Por. Sawy","addr:housenumber":"76","operator":"Zdzisław Smyrski","operator:type":"private","source:tourism":"Wykaz Muzeów, wypis na dzień 2026-04-09","@id":"node/13248824320"},"geometry":{"type":"Point","coordinates":[21.7766965,50.2505387]}}],"cooperativeWork":{"meta":{"version":2,"type":1},"operations":[{"operationType":"modifyElement","data":{"id":"node/13248824320","operations":[{"operation":"setTags","data":{"addr:postcode":"36-100","addr:city":"Kolbuszowa","addr:street":"P. Por. Sawy","addr:housenumber":"76","operator":"Zdzisław Smyrski","operator:type":"private","source:tourism":"Wykaz Muzeów, wypis na dzień 2026-04-09"}}]}}]}}
{"type":"FeatureCollection","features":[{"type":"Feature","properties":{"addr:housenumber":"2","addr:place":"Marcinowo","addr:postcode":"55-100","name":"Małe Muzeum Ludowe u Kowalskich","phone":"+48 606467843","source:position":"geoportal.gov.pl:ortofoto","tourism":"museum","website":"http://www.krainawzgorz.pl/marian-kowalski","addr:city":"Trzebnica","addr:street":"Marcinowo","operator":"Marian Kowalski","operator:type":"private","source:tourism":"Wykaz Muzeów, wypis na dzień 2026-04-09","@id":"node/2771955077"},"geometry":{"type":"Point","coordinates":[17.0257836,51.3217714]}}],"cooperativeWork":{"meta":{"version":2,"type":1},"operations":[{"operationType":"modifyElement","data":{"id":"node/2771955077","operations":[{"operation":"setTags","data":{"addr:city":"Trzebnica","addr:street":"Marcinowo","operator":"Marian Kowalski","operator:type":"private","source:tourism":"Wykaz Muzeów, wypis na dzień 2026-04-09"}}]}}]}}
{"type":"FeatureCollection","features":[{"type":"Feature","properties":{"name":"Muzeum 3 Dywizji Piechoty Legionów w Zamościu","phone":"+48 26 118 12 24","tourism":"museum","website":"https://www.facebook.com/3DPLeg/","addr:postcode":"22-400","addr:city":"Zamość","addr:street":"Ordynacka","addr:housenumber":"47","operator":"Maciej Podgórski","operator:type":"private","source:tourism":"Wykaz Muzeów, wypis na dzień 2026-04-09","@id":"node/7592399825"},"geometry":{"type":"Point","coordinates":[23.2520758,50.7289331]}}],"cooperativeWork":{"meta":{"version":2,"type":1},"operations":[{"operationType":"modifyElement","data":{"id":"node/7592399825","operations":[{"operation":"setTags","data":{"addr:postcode":"22-400","addr:city":"Zamość","addr:street":"Ordynacka","addr:housenumber":"47","operator":"Maciej Podgórski","operator:type":"private","source:tourism":"Wykaz Muzeów, wypis na dzień 2026-04-09"}}]}}]}}
{"type":"FeatureCollection","features":[{"type":"Feature","properties":{"name":"Muzeum Fiata 126p","phone":"48600152394","tourism":"museum","addr:postcode":"43-300","addr:city":"Bielsko - Biała","addr:street":"Karpacka","addr:housenumber":"44","operator":"Antoni Przychodzień","operator:type":"private","source:tourism":"Wykaz Muzeów, wypis na dzień 2026-04-09","@id":"node/12539768584"},"geometry":{"type":"Point","coordinates":[19.0358023,49.8075173]}}],"cooperativeWork":{"meta":{"version":2,"type":1},"operations":[{"operationType":"modifyElement","data":{"id":"node/12539768584","operations":[{"operation":"setTags","data":{"addr:postcode":"43-300","addr:city":"Bielsko - Biała","addr:street":"Karpacka","addr:housenumber":"44","operator":"Antoni Przychodzień","operator:type":"private","source:tourism":"Wykaz Muzeów, wypis na dzień 2026-04-09"}}]}}]}}
{"type":"FeatureCollection","features":[{"type":"Feature","properties":{"addr:city":"Poznań","addr:housenumber":"14/2","addr:postcode":"61-881","addr:street":"Kwiatowa","email":"muzeum@mundiplumarii.com","level":"1","museum":"art","name":"Muzeum Historii Ubioru","phone":"48794777243","tourism":"museum","website":"https://xixgallery.com/","operator":"Anna Moryto","operator:type":"private","source:tourism":"Wykaz Muzeów, wypis na dzień 2026-04-09","@id":"node/9509115000"},"geometry":{"type":"Point","coordinates":[16.9297798,52.4024239]}}],"cooperativeWork":{"meta":{"version":2,"type":1},"operations":[{"operationType":"modifyElement","data":{"id":"node/9509115000","operations":[{"operation":"setTags","data":{"operator":"Anna Moryto","operator:type":"private","source:tourism":"Wykaz Muzeów, wypis na dzień 2026-04-09"}}]}}]}}
{"type":"FeatureCollection","features":[{"type":"Feature","properties":{"addr:city":"Gdynia","addr:housenumber":"9","addr:postcode":"81-185","addr:street":"Gołębia","name":"Muzeum Kart do Gry","operator":"Andrzej Rzepkowski","tourism":"museum","website":"https://gca.edu.pl/muzeum-kart-do-gry/","operator:type":"private","source:tourism":"Wykaz Muzeów, wypis na dzień 2026-04-09","@id":"node/8568058769"},"geometry":{"type":"Point","coordinates":[18.5039031,54.5395666]}}],"cooperativeWork":{"meta":{"version":2,"type":1},"operations":[{"operationType":"modifyElement","data":{"id":"node/8568058769","operations":[{"operation":"setTags","data":{"operator":"Andrzej Rzepkowski","operator:type":"private","source:tourism":"Wykaz Muzeów, wypis na dzień 2026-04-09"}}]}}]}}
{"type":"FeatureCollection","features":[{"type":"Feature","properties":{"name":"Muzeum Militariów i Techniki w Woli Sękowej","tourism":"museum","addr:postcode":"28-505","addr:city":"Bukowsko","addr:street":"Wola Sękowa","addr:housenumber":"52","operator":"Krzysztof Mindur","operator:type":"private","source:tourism":"Wykaz Muzeów, wypis na dzień 2026-04-09","@id":"node/9864396056"},"geometry":{"type":"Point","coordinates":[22.0055467,49.5090089]}}],"cooperativeWork":{"meta":{"version":2,"type":1},"operations":[{"operationType":"modifyElement","data":{"id":"node/9864396056","operations":[{"operation":"setTags","data":{"addr:postcode":"28-505","addr:city":"Bukowsko","addr:street":"Wola Sękowa","addr:housenumber":"52","operator":"Krzysztof Mindur","operator:type":"private","source:tourism":"Wykaz Muzeów, wypis na dzień 2026-04-09"}}]}}]}}
{"type":"FeatureCollection","features":[{"type":"Feature","properties":{"name":"Muzeum Młynarstwa i Rolnictwa w Osiecznej","tourism":"museum","website":"https://www.facebook.com/pages/Muzeum-Młynarstwa-i-Rolnictwa-w-Osiecznej/430378337027305","wikidata":"Q16476036","wikipedia":"pl:Muzeum Młynarstwa i Rolnictwa w Osiecznej","addr:postcode":"64-100","addr:city":"Leszno","addr:street":"Dekana","addr:housenumber":"8","operator":"Jarosław Jankowski","operator:type":"private","source:tourism":"Wykaz Muzeów, wypis na dzień 2026-04-09","@id":"node/3703219548"},"geometry":{"type":"Point","coordinates":[16.6633013,51.8983012]}}],"cooperativeWork":{"meta":{"version":2,"type":1},"operations":[{"operationType":"modifyElement","data":{"id":"node/3703219548","operations":[{"operation":"setTags","data":{"addr:postcode":"64-100","addr:city":"Leszno","addr:street":"Dekana","addr:housenumber":"8","operator":"Jarosław Jankowski","operator:type":"private","source:tourism":"Wykaz Muzeów, wypis na dzień 2026-04-09"}}]}}]}}
{"type":"FeatureCollection","features":[{"type":"Feature","properties":{"name":"Muzeum Motoryzacji i Wojskowości w Tanowie","tourism":"museum","website":"https://www.facebook.com/mmiw.tanowo/","addr:postcode":"72-004","addr:city":"Tanowo","addr:street":"Szczecińska","addr:housenumber":"16A","operator":"Leszek Budyłowski","operator:type":"private","source:tourism":"Wykaz Muzeów, wypis na dzień 2026-04-09","@id":"node/6289586941"},"geometry":{"type":"Point","coordinates":[14.4658716,53.5387481]}}],"cooperativeWork":{"meta":{"version":2,"type":1},"operations":[{"operationType":"modifyElement","data":{"id":"node/6289586941","operations":[{"operation":"setTags","data":{"addr:postcode":"72-004","addr:city":"Tanowo","addr:street":"Szczecińska","addr:housenumber":"16A","operator":"Leszek Budyłowski","operator:type":"private","source:tourism":"Wykaz Muzeów, wypis na dzień 2026-04-09"}}]}}]}}
{"type":"FeatureCollection","features":[{"type":"Feature","properties":{"addr:housenumber":"2","addr:postcode":"84-242","addr:street":"Podpułkownika Ryszarda Lubowiedzkiego","email":"muzeum@explosive.pl","name":"Muzeum Saperskie Explosive","phone":"+48 606 257 067","tourism":"museum","website":"http://www.muzeumsaperskie.pl","addr:city":"Gdańsk","operator":"Piotr Bik","operator:type":"private","source:tourism":"Wykaz Muzeów, wypis na dzień 2026-04-09","@id":"node/4321332993"},"geometry":{"type":"Point","coordinates":[18.1713152,54.5516389]}}],"cooperativeWork":{"meta":{"version":2,"type":1},"operations":[{"operationType":"modifyElement","data":{"id":"node/4321332993","operations":[{"operation":"setTags","data":{"addr:city":"Gdańsk","operator":"Piotr Bik","operator:type":"private","source:tourism":"Wykaz Muzeów, wypis na dzień 2026-04-09"}}]}}]}}
{"type":"FeatureCollection","features":[{"type":"Feature","properties":{"mobile":"+48 731 201 555","name":"Muzeum Techniki Militarnej","opening_hours":"Sa[1] 10:00-14:00","tourism":"museum","website":"https://www.facebook.com/muzeumtechnikimilitarnejTG/","addr:postcode":"05-311","addr:city":"Dębe Wielkie","addr:street":"Polna","addr:housenumber":"15c","operator":"Bogdan Korziuk","operator:type":"private","source:tourism":"Wykaz Muzeów, wypis na dzień 2026-04-09","@id":"node/11209939683"},"geometry":{"type":"Point","coordinates":[18.768319,50.4173933]}}],"cooperativeWork":{"meta":{"version":2,"type":1},"operations":[{"operationType":"modifyElement","data":{"id":"node/11209939683","operations":[{"operation":"setTags","data":{"addr:postcode":"05-311","addr:city":"Dębe Wielkie","addr:street":"Polna","addr:housenumber":"15c","operator":"Bogdan Korziuk","operator:type":"private","source:tourism":"Wykaz Muzeów, wypis na dzień 2026-04-09"}}]}}]}}
{"type":"FeatureCollection","features":[{"type":"Feature","properties":{"addr:housenumber":"14","addr:place":"Bielany-Wąsy","addr:postcode":"08-311","museum":"history","name":"Muzeum Techniki Wojskowej i Użytkowej","tourism":"museum","addr:city":"Rzgów","addr:street":"Polna","operator":"Kordian Skalski","operator:type":"private","source:tourism":"Wykaz Muzeów, wypis na dzień 2026-04-09","@id":"node/7784972266"},"geometry":{"type":"Point","coordinates":[22.2468276,52.3481314]}}],"cooperativeWork":{"meta":{"version":2,"type":1},"operations":[{"operationType":"modifyElement","data":{"id":"node/7784972266","operations":[{"operation":"setTags","data":{"addr:city":"Rzgów","addr:street":"Polna","operator":"Kordian Skalski","operator:type":"private","source:tourism":"Wykaz Muzeów, wypis na dzień 2026-04-09"}}]}}]}}
{"type":"FeatureCollection","features":[{"type":"Feature","properties":{"museum":"history","museum_type":"municipal","name":"Muzeum Wielkiej Wojny w Kotani","tourism":"museum","wheelchair":"limited","addr:postcode":"38-232","addr:city":"Krempna","addr:street":"Kotań","addr:housenumber":"45C","operator":"Przemysław Wróbel","operator:type":"private","source:tourism":"Wykaz Muzeów, wypis na dzień 2026-04-09","@id":"node/11878706186"},"geometry":{"type":"Point","coordinates":[21.4793668,49.5202333]}}],"cooperativeWork":{"meta":{"version":2,"type":1},"operations":[{"operationType":"modifyElement","data":{"id":"node/11878706186","operations":[{"operation":"setTags","data":{"addr:postcode":"38-232","addr:city":"Krempna","addr:street":"Kotań","addr:housenumber":"45C","operator":"Przemysław Wróbel","operator:type":"private","source:tourism":"Wykaz Muzeów, wypis na dzień 2026-04-09"}}]}}]}}
{"type":"FeatureCollection","features":[{"type":"Feature","properties":{"name":"Muzeum W Starej Papierni w Łapinie","operator":"Paweł Jaworski","reservation":"required","tourism":"museum","website":"https://papiernia.eu","addr:postcode":"83-050","addr:city":"Łapino","addr:street":"Michała Wołodyjowskiego","addr:housenumber":"18","operator:type":"private","source:tourism":"Wykaz Muzeów, wypis na dzień 2026-04-09","@id":"node/7259543362"},"geometry":{"type":"Point","coordinates":[18.455115,54.2976665]}}],"cooperativeWork":{"meta":{"version":2,"type":1},"operations":[{"operationType":"modifyElement","data":{"id":"node/7259543362","operations":[{"operation":"setTags","data":{"name":"Muzeum W Starej Papierni w Łapinie","addr:postcode":"83-050","addr:city":"Łapino","addr:street":"Michała Wołodyjowskiego","addr:housenumber":"18","operator:type":"private","source:tourism":"Wykaz Muzeów, wypis na dzień 2026-04-09"}}]}}]}}
{"type":"FeatureCollection","features":[{"type":"Feature","properties":{"museum":"history","name":"Muzeum Życia Codziennego","phone":"+48 694 716 146","tourism":"museum","addr:postcode":"32-552","addr:city":"Płaza","addr:street":"Jana III Sobieskiego","addr:housenumber":"38","operator":"Stanisław Garlicki","operator:type":"private","source:tourism":"Wykaz Muzeów, wypis na dzień 2026-04-09","@id":"node/10744842397"},"geometry":{"type":"Point","coordinates":[19.4440096,50.1094371]}}],"cooperativeWork":{"meta":{"version":2,"type":1},"operations":[{"operationType":"modifyElement","data":{"id":"node/10744842397","operations":[{"operation":"setTags","data":{"addr:postcode":"32-552","addr:city":"Płaza","addr:street":"Jana III Sobieskiego","addr:housenumber":"38","operator":"Stanisław Garlicki","operator:type":"private","source:tourism":"Wykaz Muzeów, wypis na dzień 2026-04-09"}}]}}]}}
{"type":"FeatureCollection","features":[{"type":"Feature","properties":{"addr:city":"Toruń","addr:housenumber":"191–199","addr:postcode":"87-100","addr:street":"Poznańska","facebook":"https://www.facebook.com/MuzeumTwierdzyTorun","name":"Muzeum Fortyfikacji Pancernej Twierdzy Toruń","source":"survey","tourism":"museum","website":"http://www.torun.fortyfikacje.pl","operator":"Toruńskie Towarzystwo Fortyfikacyjne","operator:type":"ngo","source:tourism":"Wykaz Muzeów, wypis na dzień 2026-04-09","@id":"node/12848905551"},"geometry":{"type":"Point","coordinates":[18.5802551,52.9869093]}}],"cooperativeWork":{"meta":{"version":2,"type":1},"operations":[{"operationType":"modifyElement","data":{"id":"node/12848905551","operations":[{"operation":"setTags","data":{"operator":"Toruńskie Towarzystwo Fortyfikacyjne","operator:type":"ngo","source:tourism":"Wykaz Muzeów, wypis na dzień 2026-04-09"}}]}}]}}
{"type":"FeatureCollection","features":[{"type":"Feature","properties":{"check_date":"2024-08-17","museum":"history","name":"Muzeum Historii Kocka","tourism":"museum","addr:postcode":"21-150","addr:city":"Kock","addr:street":"Marcina Stępnia","addr:housenumber":"6","operator":"Miejsko-Gminna Biblioteka Publiczna z siedzibą w Kocku","operator:type":"ngo","source:tourism":"Wykaz Muzeów, wypis na dzień 2026-04-09","@id":"node/7955566477"},"geometry":{"type":"Point","coordinates":[22.4359976,51.6410728]}}],"cooperativeWork":{"meta":{"version":2,"type":1},"operations":[{"operationType":"modifyElement","data":{"id":"node/7955566477","operations":[{"operation":"setTags","data":{"addr:postcode":"21-150","addr:city":"Kock","addr:street":"Marcina Stępnia","addr:housenumber":"6","operator":"Miejsko-Gminna Biblioteka Publiczna z siedzibą w Kocku","operator:type":"ngo","source:tourism":"Wykaz Muzeów, wypis na dzień 2026-04-09"}}]}}]}}
{"type":"FeatureCollection","features":[{"type":"Feature","properties":{"fee":"no","name":"Muzeum Historii Medycyny Warszawskiego Uniwersytetu Medycznego","name:be":"Музей гісторыі медыцыны","official_name":"Muzeum Historii Medycyny Warszawskiego Uniwersytetu Medycznego","opening_hours":"Mo-Fr 09:30-15:30","operator":"Warszawski Uniwersytet Medyczny","tourism":"museum","website":"http://muzeum.wum.edu.pl/","addr:postcode":"02-091","addr:city":"Warszawa","addr:street":"Żwirki i Wigury","addr:housenumber":"63","operator:type":"ngo","source:tourism":"Wykaz Muzeów, wypis na dzień 2026-04-09","@id":"node/2975993772"},"geometry":{"type":"Point","coordinates":[20.9858781,52.2064824]}}],"cooperativeWork":{"meta":{"version":2,"type":1},"operations":[{"operationType":"modifyElement","data":{"id":"node/2975993772","operations":[{"operation":"setTags","data":{"name":"Muzeum Historii Medycyny Warszawskiego Uniwersytetu Medycznego","addr:postcode":"02-091","addr:city":"Warszawa","addr:street":"Żwirki i Wigury","addr:housenumber":"63","operator:type":"ngo","source:tourism":"Wykaz Muzeów, wypis na dzień 2026-04-09"}}]}}]}}
{"type":"FeatureCollection","features":[{"type":"Feature","properties":{"fee":"yes","museum":"military","name":"Muzeum Kampanii Wrześniowej i Twierdzy Modlin","tourism":"museum","wikidata":"Q112032044","addr:postcode":"05-100","addr:city":"Nowy Dwór Mazowiecki (Twierdza Modlin)","addr:street":"Baśki Murmańskiej","addr:housenumber":"164","operator":"Stowarzyszenie Przyjaciół Muzeum Kampanii Wrześniowej i Twierdzy Modlin","operator:type":"ngo","source:tourism":"Wykaz Muzeów, wypis na dzień 2026-04-09","@id":"node/13125763066"},"geometry":{"type":"Point","coordinates":[20.679216,52.4422415]}}],"cooperativeWork":{"meta":{"version":2,"type":1},"operations":[{"operationType":"modifyElement","data":{"id":"node/13125763066","operations":[{"operation":"setTags","data":{"name":"Muzeum Kampanii Wrześniowej i Twierdzy Modlin","addr:postcode":"05-100","addr:city":"Nowy Dwór Mazowiecki (Twierdza Modlin)","addr:street":"Baśki Murmańskiej","addr:housenumber":"164","operator":"Stowarzyszenie Przyjaciół Muzeum Kampanii Wrześniowej i Twierdzy Modlin","operator:type":"ngo","source:tourism":"Wykaz Muzeów, wypis na dzień 2026-04-09"}}]}}]}}
{"type":"FeatureCollection","features":[{"type":"Feature","properties":{"addr:city":"Brzesko","addr:housenumber":"2","addr:postcode":"32-800","addr:street":"Tadeusza Kościuszki","museum":"local","name":"Muzeum Regionalne w Brzesku","tourism":"museum","website":"https://mok-brzesko.pl/muzeum-regionalne-w-brzesku/","operator":"wewnętrzna jednostka organizacyjna Miejskiego Ośrodka Kultury w Brzesku","operator:type":"ngo","source:tourism":"Wykaz Muzeów, wypis na dzień 2026-04-09","@id":"node/11406365129"},"geometry":{"type":"Point","coordinates":[20.6060832,49.9681343]}}],"cooperativeWork":{"meta":{"version":2,"type":1},"operations":[{"operationType":"modifyElement","data":{"id":"node/11406365129","operations":[{"operation":"setTags","data":{"name":"Muzeum Regionalne w Brzesku","operator":"wewnętrzna jednostka organizacyjna Miejskiego Ośrodka Kultury w Brzesku","operator:type":"ngo","source:tourism":"Wykaz Muzeów, wypis na dzień 2026-04-09"}}]}}]}}
{"type":"FeatureCollection","features":[{"type":"Feature","properties":{"addr:city":"Dąbrówka","addr:housenumber":"2","addr:postcode":"84-242","addr:street":"Podpułkownika Ryszarda Lubowiedzkiego","museum":"military","name":"Muzeum Techniki Wojskowej GRYF","start_date":"2013","tourism":"museum","wikidata":"Q15714840","wikipedia":"pl:Muzeum Techniki Wojskowej Gryf","operator":"Fundacja Historyczna ,,Gryf","operator:type":"ngo","source:tourism":"Wykaz Muzeów, wypis na dzień 2026-04-09","@id":"node/4947145524"},"geometry":{"type":"Point","coordinates":[18.1703133,54.5513301]}}],"cooperativeWork":{"meta":{"version":2,"type":1},"operations":[{"operationType":"modifyElement","data":{"id":"node/4947145524","operations":[{"operation":"setTags","data":{"name":"Muzeum Techniki Wojskowej GRYF","operator":"Fundacja Historyczna ,,Gryf","operator:type":"ngo","source:tourism":"Wykaz Muzeów, wypis na dzień 2026-04-09"}}]}}]}}
{"type":"FeatureCollection","features":[{"type":"Feature","properties":{"addr:city":"Przemyśl","addr:housenumber":"6","addr:postcode":"37-700","addr:street":"Katedralna","description":"W ramach muzealnej wystawy prezentowane są eksponaty związane z powstaniem oraz historią Twierdzy Przemyśl. W zbiorach znajdują się militaria (broń, amunicja, wyposażenie żołnierskie), przedmioty codziennego użytku załogi twierdzy, zdjęcia oraz mapy","email":"muzeumtwierdzyprzemysl@wp.pl","image":"http://www.festung.vot.pl/data/images/plan.jpg","museum":"history","name":"Muzeum Twierdzy Przemyśl","opening_hours":"Mo, We-Su 10:00-15:00","phone":"+48 796 700 088","start_date":"2002","tourism":"museum","website":"http://www.festung.vot.pl/muzeum.php","wikidata":"Q24947813","wikipedia":"pl:Muzeum Twierdzy Przemyśl","operator":"Stowarzyszenie 3 Historycznego Galicyjskiego Pułku Artylerii Fortecznej im. Księcia Kinsky’ego z siedzibą w Przemyślu","operator:type":"ngo","source:tourism":"Wykaz Muzeów, wypis na dzień 2026-04-09","@id":"node/5115070766"},"geometry":{"type":"Point","coordinates":[22.769859,49.7813699]}}],"cooperativeWork":{"meta":{"version":2,"type":1},"operations":[{"operationType":"modifyElement","data":{"id":"node/5115070766","operations":[{"operation":"setTags","data":{"operator":"Stowarzyszenie 3 Historycznego Galicyjskiego Pułku Artylerii Fortecznej im. Księcia Kinsky’ego z siedzibą w Przemyślu","operator:type":"ngo","source:tourism":"Wykaz Muzeów, wypis na dzień 2026-04-09"}}]}}]}}
{"type":"FeatureCollection","features":[{"type":"Feature","properties":{"fee":"yes","name":"Muzeum Uniwersytetu Jagiellońskiego","name:de":"Museum des Jagiellonen-Universitäts","name:en":"University Museum","name:hu":"Jagelló Egyetem Múzeuma","opening_hours":"Mo-Fr 10:00-17:00","ref:ckkp":"MA00421","tourism":"museum","website":"https://maius.uj.edu.pl/","wikidata":"Q11787234","wikipedia":"pl:Muzeum Uniwersytetu Jagiellońskiego","addr:postcode":"31-010","addr:city":"Kraków","addr:street":"Jagiellońska","addr:housenumber":"15","operator":"Uniwersytet Jagielloński","operator:type":"ngo","source:tourism":"Wykaz Muzeów, wypis na dzień 2026-04-09","@id":"node/471557583"},"geometry":{"type":"Point","coordinates":[19.9337367,50.0615617]}}],"cooperativeWork":{"meta":{"version":2,"type":1},"operations":[{"operationType":"modifyElement","data":{"id":"node/471557583","operations":[{"operation":"setTags","data":{"addr:postcode":"31-010","addr:city":"Kraków","addr:street":"Jagiellońska","addr:housenumber":"15","operator":"Uniwersytet Jagielloński","operator:type":"ngo","source:tourism":"Wykaz Muzeów, wypis na dzień 2026-04-09"}}]}}]}}
{"type":"FeatureCollection","features":[{"type":"Feature","properties":{"name":"Muzeum Ziemi Braniewskiej","tourism":"museum","addr:postcode":"15-500","addr:city":"Braniewo","addr:street":"Gdańska","addr:housenumber":"19","operator":"Towarzysto Miłośników Braniewa","operator:type":"ngo","source:tourism":"Wykaz Muzeów, wypis na dzień 2026-04-09","@id":"node/9988423346"},"geometry":{"type":"Point","coordinates":[19.8217262,54.3818051]}}],"cooperativeWork":{"meta":{"version":2,"type":1},"operations":[{"operationType":"modifyElement","data":{"id":"node/9988423346","operations":[{"operation":"setTags","data":{"addr:postcode":"15-500","addr:city":"Braniewo","addr:street":"Gdańska","addr:housenumber":"19","operator":"Towarzysto Miłośników Braniewa","operator:type":"ngo","source:tourism":"Wykaz Muzeów, wypis na dzień 2026-04-09"}}]}}]}}
{"type":"FeatureCollection","features":[{"type":"Feature","properties":{"name":"Pilskie Muzeum Wojskowe","old_name":"Muzeum Przedmoście Piła","tourism":"museum","website":"http://pila.fortyfikacje.pl","addr:postcode":"64-920","addr:city":"Piła","addr:street":"Chojnicka","addr:housenumber":"1","operator":"Pilskie Stowarzyszenie Historyczno-Militarne","operator:type":"ngo","source:tourism":"Wykaz Muzeów, wypis na dzień 2026-04-09","@id":"node/853171560"},"geometry":{"type":"Point","coordinates":[16.7250936,53.1772836]}}],"cooperativeWork":{"meta":{"version":2,"type":1},"operations":[{"operationType":"modifyElement","data":{"id":"node/853171560","operations":[{"operation":"setTags","data":{"addr:postcode":"64-920","addr:city":"Piła","addr:street":"Chojnicka","addr:housenumber":"1","operator":"Pilskie Stowarzyszenie Historyczno-Militarne","operator:type":"ngo","source:tourism":"Wykaz Muzeów, wypis na dzień 2026-04-09"}}]}}]}}
{"type":"FeatureCollection","features":[{"type":"Feature","properties":{"addr:city":"Toruń","addr:country":"PL","addr:housenumber":"9","addr:postcode":"87-100","addr:street":"Rabiańska","email":"muzeumpiernika@muzeumpiernika.pl","name":"Żywe Muzeum Piernika","name:be":"Музей перніка","phone":"+48 56 663 66 17","tourism":"museum","website":"https://muzeumpiernika.pl/","operator":"TO-TUR Toruńska Turystyka Elżbieta Olszewska; DOM LEGEND","operator:type":"ngo","source:tourism":"Wykaz Muzeów, wypis na dzień 2026-04-09","@id":"node/4081926666"},"geometry":{"type":"Point","coordinates":[18.6048735,53.0086526]}}],"cooperativeWork":{"meta":{"version":2,"type":1},"operations":[{"operationType":"modifyElement","data":{"id":"node/4081926666","operations":[{"operation":"setTags","data":{"operator":"TO-TUR Toruńska Turystyka Elżbieta Olszewska; DOM LEGEND","operator:type":"ngo","source:tourism":"Wykaz Muzeów, wypis na dzień 2026-04-09"}}]}}]}}
{"type":"FeatureCollection","features":[{"type":"Feature","properties":{"addr:city":"Mikołów","addr:housenumber":"18","addr:postcode":"43-190","addr:street":"Konstytucji 3 Maja","email":"wojciech.szwiec@muzeum.mikolow.eu","facebook":"https://www.facebook.com/muzeum.mikolow?locale=pl_PL","name":"Muzeum w Mikołowie","opening_hours":"Mo off; Tu-We 09:00-15:30; Th 09:00-18:00; Fr 09:00-14:00; Sa 11:00-16:00","phone":"48570360927","tourism":"museum","website":"https://muzeum.mikolow.eu/","operator":"Gmina Mikołów","operator:type":"government","source:tourism":"Wykaz Muzeów, wypis na dzień 2026-04-09","@id":"node/12539077870"},"geometry":{"type":"Point","coordinates":[18.9007297,50.1672628]}}],"cooperativeWork":{"meta":{"version":2,"type":1},"operations":[{"operationType":"modifyElement","data":{"id":"node/12539077870","operations":[{"operation":"setTags","data":{"operator":"Gmina Mikołów","operator:type":"government","source:tourism":"Wykaz Muzeów, wypis na dzień 2026-04-09"}}]}}]}}
{"type":"FeatureCollection","features":[{"type":"Feature","properties":{"addr:city":"Malbork","addr:housenumber":"54","addr:street":"Tadeusza Kościuszki","fee":"yes","name":"Muzeum Miasta Malborka","phone":"+48 884 994 005","tourism":"museum","website":"https://muzeum.malbork.pl/","addr:postcode":"82-200","operator":"Miasto Malbork","operator:type":"government","source:tourism":"Wykaz Muzeów, wypis na dzień 2026-04-09","@id":"node/6815183915"},"geometry":{"type":"Point","coordinates":[19.0339057,54.0370062]}}],"cooperativeWork":{"meta":{"version":2,"type":1},"operations":[{"operationType":"modifyElement","data":{"id":"node/6815183915","operations":[{"operation":"setTags","data":{"addr:postcode":"82-200","operator":"Miasto Malbork","operator:type":"government","source:tourism":"Wykaz Muzeów, wypis na dzień 2026-04-09"}}]}}]}}
{"type":"FeatureCollection","features":[{"type":"Feature","properties":{"addr:city":"Kraków","addr:housenumber":"3","addr:postcode":"31-042","addr:street":"Rynek Główny","fee":"yes","fee:conditional":"no @ Sunday for unchanging expositions","name":"Muzeum Archeologiczne w Krakowie","name:en":"National Museum The Nineteenth Century Polish Art Gallery at the Sukiennice","name:hu":"XIX. századi lengyel művészeti galéria","name:ja":"織物会館","name:pl":"Galeria Sztuki Polskiej XIX wieku","opening_hours":"Su 10:00-16:00; Th 10:00-20:00; Tu, We, Fr, Sa 10:00-18:00","operator":"Województwo Małopolskie","phone":"+48 12 433 54 00","tourism":"museum","website":"https://mnk.pl/oddzial/galeria-sztuki-polskiej/o-oddziale","wheelchair":"yes","wikidata":"Q7635861","wikipedia":"pl:Galeria Sztuki Polskiej XIX wieku w Sukiennicach","operator:type":"government","source:tourism":"Wykaz Muzeów, wypis na dzień 2026-04-09","@id":"node/4031826801"},"geometry":{"type":"Point","coordinates":[19.9375879,50.061742]}}],"cooperativeWork":{"meta":{"version":2,"type":1},"operations":[{"operationType":"modifyElement","data":{"id":"node/4031826801","operations":[{"operation":"setTags","data":{"name":"Muzeum Archeologiczne w Krakowie","operator":"Województwo Małopolskie","operator:type":"government","source:tourism":"Wykaz Muzeów, wypis na dzień 2026-04-09"}}]}}]}}
{"type":"FeatureCollection","features":[{"type":"Feature","properties":{"addr:city":"Świdnica","addr:city:simc":"914881","addr:housenumber":"27","addr:postcode":"66-008","addr:street":"Długa","addr:street:sym_ul":"3839","contact:facebook":"https://pl-pl.facebook.com/pages/category/Civilization-Museum/Muzeum-Archeologiczne-%C5%9Arodkowego-Nadodrza-150599061699023/","description":"https://fotopolska.eu/43343,obiekt.html?map_z=18 https://dolny-slask.org.pl/517738,Swidnica,Muzeum_Archeologiczne_Srodkowego_Nadodrza_d_palac_I.html","fax":"+48 68 327 31 13","image":"https://photos.app.goo.gl/SSRbZ83a3QqNmPwv6","museum":"archaeological","name":"Muzeum Archeologiczne Środkowego Nadodrza w Zielonej Górze z siedzibą w Świdnicy","operator":"Miasto Zielona Góra","operator:type":"government","phone":"+48 68 321 54 78","source:addr":"swidnica.e-mapa.net","tourism":"museum","url":"https://www.youtube.com/channel/UCMP8cgONBjDptOOxeOClYWQ","website":"http://www.muzeum-swidnica.org/","wikidata":"Q11786907","wikipedia":"pl:Muzeum Archeologiczne Środkowego Nadodrza w Świdnicy","source:tourism":"Wykaz Muzeów, wypis na dzień 2026-04-09","@id":"node/8151085121"},"geometry":{"type":"Point","coordinates":[15.398046,51.8906671]}}],"cooperativeWork":{"meta":{"version":2,"type":1},"operations":[{"operationType":"modifyElement","data":{"id":"node/8151085121","operations":[{"operation":"setTags","data":{"name":"Muzeum Archeologiczne Środkowego Nadodrza w Zielonej Górze z siedzibą w Świdnicy","operator:type":"government","source:tourism":"Wykaz Muzeów, wypis na dzień 2026-04-09"}}]}}]}}
{"type":"FeatureCollection","features":[{"type":"Feature","properties":{"addr:city":"Głogów","addr:housenumber":"1","addr:postcode":"67-200","addr:street":"Brama Brzostowska","check_date:opening_hours":"2024-12-24","contact:email":"muzeum@muzeum.glogow.pl","contact:phone":"+48 76 8333038","contact:website":"http://www.muzeum.glogow.pl/","fee":"yes","image":"https://photos.app.goo.gl/ziXrKa4jBU3E4zPz7","museum":"archaeological","name":"Muzeum Archeologiczno-Historyczne w Głogowie","opening_hours":"We-Su 10:00-17:00","operator":"Gmina Miejska Głogów","operator:type":"government","tourism":"museum","url":"https://polska-org.pl/546199,Glogow,Zamek_Ksiazat_Glogowskich_Muzeum.html?photoOffset=200","wikidata":"Q9386534","wikipedia":"pl:Zamek Książąt Głogowskich","source:tourism":"Wykaz Muzeów, wypis na dzień 2026-04-09","@id":"node/1722297624"},"geometry":{"type":"Point","coordinates":[16.0905066,51.6672398]}}],"cooperativeWork":{"meta":{"version":2,"type":1},"operations":[{"operationType":"modifyElement","data":{"id":"node/1722297624","operations":[{"operation":"setTags","data":{"operator:type":"government","source:tourism":"Wykaz Muzeów, wypis na dzień 2026-04-09"}}]}}]}}
{"type":"FeatureCollection","features":[{"type":"Feature","properties":{"addr:city":"Kraków","addr:country":"PL","addr:housenumber":"12","addr:postcode":"31-043","addr:street":"Stolarska","email":"kontakt@muzeumdominikanow.pl","fee":"no","mobile":"+48 694 480 689","museum":"art","name":"Muzeum Armii Krajowej im. gen. Emila Fieldorfa Nila w Krakowie","opening_hours":"Th 10:00-16:00; Fr 10:00-18:00; Sa 10:00-16:00","operator":"Gmina Miejska Kraków i Województwo Małopolskie","operator:type":"government","reservation":"required","start_date":"2022","subject":"arts;history","tourism":"museum","website":"https://muzeumdominikanow.pl/","wheelchair":"no","source:tourism":"Wykaz Muzeów, wypis na dzień 2026-04-09","@id":"node/10573734931"},"geometry":{"type":"Point","coordinates":[19.939917,50.0601301]}}],"cooperativeWork":{"meta":{"version":2,"type":1},"operations":[{"operationType":"modifyElement","data":{"id":"node/10573734931","operations":[{"operation":"setTags","data":{"name":"Muzeum Armii Krajowej im. gen. Emila Fieldorfa Nila w Krakowie","operator":"Gmina Miejska Kraków i Województwo Małopolskie","operator:type":"government","source:tourism":"Wykaz Muzeów, wypis na dzień 2026-04-09"}}]}}]}}
{"type":"FeatureCollection","features":[{"type":"Feature","properties":{"addr:city":"Zabrze","addr:housename":"Pałac pod orłem","addr:housenumber":"19","addr:postcode":"41-800","addr:street":"3 Maja","name":"Muzeum Górnictwa Węglowego w Zabrzu","tourism":"museum","website":"https://muzeumgornictwa.pl/","wikidata":"Q11786985","wikipedia":"pl:Muzeum Górnictwa Węglowego w Zabrzu","operator":"Miasto Zabrze i Województwo Śląskie","operator:type":"government","source:tourism":"Wykaz Muzeów, wypis na dzień 2026-04-09","@id":"node/2127459002"},"geometry":{"type":"Point","coordinates":[18.7860707,50.3006128]}}],"cooperativeWork":{"meta":{"version":2,"type":1},"operations":[{"operationType":"modifyElement","data":{"id":"node/2127459002","operations":[{"operation":"setTags","data":{"name":"Muzeum Górnictwa Węglowego w Zabrzu","operator":"Miasto Zabrze i Województwo Śląskie","operator:type":"government","source:tourism":"Wykaz Muzeów, wypis na dzień 2026-04-09"}}]}}]}}
{"type":"FeatureCollection","features":[{"type":"Feature","properties":{"addr:city":"Warszawa","addr:housenumber":"204","addr:postcode":"02-765","addr:street":"Aleja Wilanowska","check_date":"2026-01-02","fee":"yes","name":"Muzeum Historii Polskiego Ruchu Ludowego w Warszawie","opening_hours":"Mo-Fr 08:30-15:30","operator":"Samorząd Województwa Mazowieckiego","phone":"+48 22 8433876","source:addr":"gugik.gov.pl","tourism":"museum","website":"https://mhprl.pl/","wikidata":"Q1590554","wikipedia":"pl:Muzeum Historii Polskiego Ruchu Ludowego","operator:type":"government","source:tourism":"Wykaz Muzeów, wypis na dzień 2026-04-09","@id":"node/8825451130"},"geometry":{"type":"Point","coordinates":[21.0339805,52.1775191]}}],"cooperativeWork":{"meta":{"version":2,"type":1},"operations":[{"operationType":"modifyElement","data":{"id":"node/8825451130","operations":[{"operation":"setTags","data":{"name":"Muzeum Historii Polskiego Ruchu Ludowego w Warszawie","operator:type":"government","source:tourism":"Wykaz Muzeów, wypis na dzień 2026-04-09"}}]}}]}}
{"type":"FeatureCollection","features":[{"type":"Feature","properties":{"addr:city":"Kęty","addr:housenumber":"16","addr:postcode":"32-650","addr:street":"Rynek","museum":"history","name":"Muzeum im. Aleksandra Kłosińskiego w Kętach","opening_hours":"Tu-We 10:00-15:00; Th 12:00-17:00; Fr 10:00-15:00; Su 12:00-16:00","phone":"+48 33 845 31 07","tourism":"museum","website":"https://www.muzeum.kety.pl/","operator":"Gmina Kęty","operator:type":"government","source:tourism":"Wykaz Muzeów, wypis na dzień 2026-04-09","@id":"node/558869021"},"geometry":{"type":"Point","coordinates":[19.2215217,49.8829179]}}],"cooperativeWork":{"meta":{"version":2,"type":1},"operations":[{"operationType":"modifyElement","data":{"id":"node/558869021","operations":[{"operation":"setTags","data":{"name":"Muzeum im. Aleksandra Kłosińskiego w Kętach","operator":"Gmina Kęty","operator:type":"government","source:tourism":"Wykaz Muzeów, wypis na dzień 2026-04-09"}}]}}]}}
{"type":"FeatureCollection","features":[{"type":"Feature","properties":{"addr:city":"Kartuzy","addr:city:simc":"934547","addr:housenumber":"1","addr:postcode":"83-300","addr:street":"Kościerska","addr:street:sym_ul":"9556","contact:email":"muzeum@muzeum-kaszubskie.com.pl","contact:fax":"+48 58 681 03 78","contact:phone":"+48 58 681 03 78","contact:website":"https://www.muzeum-kaszubskie.pl","name":"Muzeum Kaszubskie im. Franciszka Tredera w Kartuzach","opening_hours":"Mo off; Tu-Fr 08:00-16:00; Sa 08:00-15:00; Su off; May, Jun, Sep: Su 10:00-14:00; Jul, Aug: Tu-Fr 09:00-18:00; Jul, Aug: Sa, Su 09:00-17:00","source:addr":"kartuzy.e-mapa.net","tourism":"museum","wikidata":"Q10981619","wikipedia":"pl:Muzeum Kaszubskie im. Franciszka Tredera w Kartuzach","operator":"Gmina Kartuzy","operator:type":"government","source:tourism":"Wykaz Muzeów, wypis na dzień 2026-04-09","@id":"node/9323553309"},"geometry":{"type":"Point","coordinates":[18.20412,54.3293615]}}],"cooperativeWork":{"meta":{"version":2,"type":1},"operations":[{"operationType":"modifyElement","data":{"id":"node/9323553309","operations":[{"operation":"setTags","data":{"name":"Muzeum Kaszubskie im. Franciszka Tredera w Kartuzach","operator":"Gmina Kartuzy","operator:type":"government","source:tourism":"Wykaz Muzeów, wypis na dzień 2026-04-09"}}]}}]}}
{"type":"FeatureCollection","features":[{"type":"Feature","properties":{"addr:city":"Węgorzewo","addr:housenumber":"1","addr:postcode":"11-600","addr:street":"Portowa","contact:facebook":"https://www.facebook.com/MuzeumKulturyLudowejwWegorzewie/?locale=pl_PL","email":"sekretariat@muzeum-wegorzewo.pl","museum":"local","name":"Muzeum Kultury Ludowej w Węgorzewie","phone":"+48 87 427 52 78; +48 87 427 32 42","start_date":"1991","tourism":"museum","website":"https://www.muzeum-wegorzewo.pl/","operator":"Województwo Warmińsko – Mazurskie","operator:type":"government","source:tourism":"Wykaz Muzeów, wypis na dzień 2026-04-09","@id":"node/1954878863"},"geometry":{"type":"Point","coordinates":[21.7375101,54.2109047]}}],"cooperativeWork":{"meta":{"version":2,"type":1},"operations":[{"operationType":"modifyElement","data":{"id":"node/1954878863","operations":[{"operation":"setTags","data":{"name":"Muzeum Kultury Ludowej w Węgorzewie","operator":"Województwo Warmińsko – Mazurskie","operator:type":"government","source:tourism":"Wykaz Muzeów, wypis na dzień 2026-04-09"}}]}}]}}
{"type":"FeatureCollection","features":[{"type":"Feature","properties":{"addr:city":"Zgorzelec","addr:housenumber":"15","addr:postcode":"59-900","addr:street":"Ignacego Daszyńskiego","name":"Muzeum Łużyckie w Zgorzelcu","operator":"Gmina Zgorzelec","tourism":"museum","operator:type":"government","source:tourism":"Wykaz Muzeów, wypis na dzień 2026-04-09","@id":"node/5757184804"},"geometry":{"type":"Point","coordinates":[14.9963989,51.1565522]}}],"cooperativeWork":{"meta":{"version":2,"type":1},"operations":[{"operationType":"modifyElement","data":{"id":"node/5757184804","operations":[{"operation":"setTags","data":{"name":"Muzeum Łużyckie w Zgorzelcu","operator":"Gmina Zgorzelec","operator:type":"government","source:tourism":"Wykaz Muzeów, wypis na dzień 2026-04-09"}}]}}]}}
{"type":"FeatureCollection","features":[{"type":"Feature","properties":{"addr:city":"Warszawa","addr:housenumber":"16","addr:street":"Freta","check_date":"2026-03-03","contact:facebook":"https://www.facebook.com/mmscwarszawa","contact:instagram":"https://www.instagram.com/maria_sklodowska_curie_museum","contact:website":"https://www.mmsc.waw.pl/","email":"kontakt@mmsc.waw.pl; edukacja@mmsc.waw.pl","fax":"+48 22 831 13 04","fee":"yes","level":"1","museum":"person","name":"Muzeum Marii Skłodowskiej - Curie w Warszawie","name:be":"Музей Марыі Складоўскай-Кюры","name:en":"Maria Skłodowska-Curie Museum","name:pl":"Muzeum Marii Skłodowskiej-Curie","name:ru":"Музей Марии Склодовской-Кюри","opening_hours":"Tu-Sa 12:00-18:00","operator":"Miasto Stołeczne Warszawa","payment:cash":"yes","payment:coins":"yes","payment:mastercard":"yes","payment:visa":"yes","phone":"+48 22 831 80 92; +48 513 814 963; +48 508 131 210","subject:wikidata":"Q7186","subject:wikipedia":"pl:Marie_Curie","tourism":"museum","wheelchair":"yes","wikidata":"Q3559646","wikipedia":"pl:Muzeum Marii Skłodowskiej-Curie w Warszawie","addr:postcode":"00-227","operator:type":"government","source:tourism":"Wykaz Muzeów, wypis na dzień 2026-04-09","@id":"node/338509175"},"geometry":{"type":"Point","coordinates":[21.0085201,52.2515313]}}],"cooperativeWork":{"meta":{"version":2,"type":1},"operations":[{"operationType":"modifyElement","data":{"id":"node/338509175","operations":[{"operation":"setTags","data":{"name":"Muzeum Marii Skłodowskiej - Curie w Warszawie","operator":"Miasto Stołeczne Warszawa","addr:postcode":"00-227","operator:type":"government","source:tourism":"Wykaz Muzeów, wypis na dzień 2026-04-09"}}]}}]}}
{"type":"FeatureCollection","features":[{"type":"Feature","properties":{"addr:city":"Lusowo","addr:city:simc":"597357","addr:housenumber":"3a","addr:postcode":"62-080","addr:street":"Ogrodowa","name":"Muzeum Powstańców Wielkopolskich im. Generała Józefa Dowbora Muśnickiego w Lusowie","phone":"+48 61 814 69 52","tourism":"museum","website":"http://muzeumlusowo.pl","operator":"Gmina Tarnowo Podgórne","operator:type":"government","source:tourism":"Wykaz Muzeów, wypis na dzień 2026-04-09","@id":"node/1055417673"},"geometry":{"type":"Point","coordinates":[16.694348,52.4336851]}}],"cooperativeWork":{"meta":{"version":2,"type":1},"operations":[{"operationType":"modifyElement","data":{"id":"node/1055417673","operations":[{"operation":"setTags","data":{"name":"Muzeum Powstańców Wielkopolskich im. Generała Józefa Dowbora Muśnickiego w Lusowie","operator":"Gmina Tarnowo Podgórne","operator:type":"government","source:tourism":"Wykaz Muzeów, wypis na dzień 2026-04-09"}}]}}]}}
{"type":"FeatureCollection","features":[{"type":"Feature","properties":{"addr:city":"Pińczów","addr:housenumber":"2a","addr:postcode":"28-400","addr:street":"Marszałka Józefa Piłsudskiego","name":"Muzeum Regionalne w Pińczowie","tourism":"museum","operator":"Gmina Pińczów","operator:type":"government","source:tourism":"Wykaz Muzeów, wypis na dzień 2026-04-09","@id":"node/5368380372"},"geometry":{"type":"Point","coordinates":[20.5279262,50.5206357]}}],"cooperativeWork":{"meta":{"version":2,"type":1},"operations":[{"operationType":"modifyElement","data":{"id":"node/5368380372","operations":[{"operation":"setTags","data":{"name":"Muzeum Regionalne w Pińczowie","operator":"Gmina Pińczów","operator:type":"government","source:tourism":"Wykaz Muzeów, wypis na dzień 2026-04-09"}}]}}]}}
{"type":"FeatureCollection","features":[{"type":"Feature","properties":{"addr:city":"Środa Śląska","addr:housenumber":"3","addr:postcode":"55-300","addr:street":"Plac Wolności","fee":"yes","name":"Muzeum Regionalne w Środzie Śląskiej","tourism":"museum","operator":"Powiat Średzki","operator:type":"government","source:tourism":"Wykaz Muzeów, wypis na dzień 2026-04-09","@id":"node/2657687917"},"geometry":{"type":"Point","coordinates":[16.5952122,51.1636495]}}],"cooperativeWork":{"meta":{"version":2,"type":1},"operations":[{"operationType":"modifyElement","data":{"id":"node/2657687917","operations":[{"operation":"setTags","data":{"name":"Muzeum Regionalne w Środzie Śląskiej","operator":"Powiat Średzki","operator:type":"government","source:tourism":"Wykaz Muzeów, wypis na dzień 2026-04-09"}}]}}]}}
{"type":"FeatureCollection","features":[{"type":"Feature","properties":{"addr:city":"Rybnik","addr:housenumber":"18","addr:postcode":"44-200","addr:street":"Rynek","fee":"yes","heritage":"2","heritage:operator":"nid","historic":"yes","name":"Muzeum w Rybniku","ref:nid":"A/549/66","tourism":"museum","website":"https://www.muzeum.rybnik.pl/","operator":"Miasto Rybnik","operator:type":"government","source:tourism":"Wykaz Muzeów, wypis na dzień 2026-04-09","@id":"node/423200594"},"geometry":{"type":"Point","coordinates":[18.5415527,50.0959137]}}],"cooperativeWork":{"meta":{"version":2,"type":1},"operations":[{"operationType":"modifyElement","data":{"id":"node/423200594","operations":[{"operation":"setTags","data":{"name":"Muzeum w Rybniku","operator":"Miasto Rybnik","operator:type":"government","source:tourism":"Wykaz Muzeów, wypis na dzień 2026-04-09"}}]}}]}}
{"type":"FeatureCollection","features":[{"type":"Feature","properties":{"addr:city":"Kielce","addr:housenumber":"2","addr:postcode":"25-367","addr:street":"Plac Wolności","email":"poczta@muzeumzabawek.eu","fax":"+48 41 344 48 19","fee":"yes","name":"Muzeum Zabawek i Zabawy w Kielcach","opening_hours":"Tu-Su 09:00-17:00","phone":"+48 41 344 40 78","tourism":"museum","website":"http://www.muzeumzabawek.eu/","wikidata":"Q11787262","wikipedia":"pl:Muzeum Zabawek i Zabawy w Kielcach","operator":"Miasto Kielce","operator:type":"government","source:tourism":"Wykaz Muzeów, wypis na dzień 2026-04-09","@id":"node/1904638174"},"geometry":{"type":"Point","coordinates":[20.6348209,50.8681237]}}],"cooperativeWork":{"meta":{"version":2,"type":1},"operations":[{"operationType":"modifyElement","data":{"id":"node/1904638174","operations":[{"operation":"setTags","data":{"name":"Muzeum Zabawek i Zabawy w Kielcach","operator":"Miasto Kielce","operator:type":"government","source:tourism":"Wykaz Muzeów, wypis na dzień 2026-04-09"}}]}}]}}
{"type":"FeatureCollection","features":[{"type":"Feature","properties":{"addr:city":"Pisz","addr:housenumber":"7","addr:postcode":"12-200","addr:street":"Plac Ignacego Daszyńskiego","name":"Muzeum Ziemi Piskiej w Piszu","tourism":"museum","operator":"Gmina Pisz","operator:type":"government","source:tourism":"Wykaz Muzeów, wypis na dzień 2026-04-09","@id":"node/1856915759"},"geometry":{"type":"Point","coordinates":[21.8077986,53.6279406]}}],"cooperativeWork":{"meta":{"version":2,"type":1},"operations":[{"operationType":"modifyElement","data":{"id":"node/1856915759","operations":[{"operation":"setTags","data":{"name":"Muzeum Ziemi Piskiej w Piszu","operator":"Gmina Pisz","operator:type":"government","source:tourism":"Wykaz Muzeów, wypis na dzień 2026-04-09"}}]}}]}}
{"type":"FeatureCollection","features":[{"type":"Feature","properties":{"addr:city":"Mława","addr:city:simc":"930696","addr:housenumber":"5","addr:postcode":"06-500","addr:street":"3 Maja","name":"Muzeum Ziemi Zawkrzeńskiej w Mławie","opening_hours":"Tu, Th 08:00-17:00; We, Fr-Sa 08:00-15:00; Su 10:00-13:00","tourism":"museum","operator":"Miasto Mława","operator:type":"government","source:tourism":"Wykaz Muzeów, wypis na dzień 2026-04-09","@id":"node/3049651293"},"geometry":{"type":"Point","coordinates":[20.380133,53.1121865]}}],"cooperativeWork":{"meta":{"version":2,"type":1},"operations":[{"operationType":"modifyElement","data":{"id":"node/3049651293","operations":[{"operation":"setTags","data":{"name":"Muzeum Ziemi Zawkrzeńskiej w Mławie","operator":"Miasto Mława","operator:type":"government","source:tourism":"Wykaz Muzeów, wypis na dzień 2026-04-09"}}]}}]}}
{"type":"FeatureCollection","features":[{"type":"Feature","properties":{"addr:city":"Wadowice","addr:housenumber":"7","addr:postcode":"34-100","addr:street":"Kościelna","contact:phone":"+48 33 823 35 55","name":"Muzeum Dom Rodzinny Ojca Świętego Jana Pawła II w Wadowicach","name:eo":"Muzeo Hejmdomo de sankta Patro Johano Paŭlo la 2-a","name:hu":"Szent II. János Pál pápa szülőháza","name:pl":"Muzeum Dom Rodzinny Ojca Świętego Jana Pawła II","opening_hours":"May-Sep Mo-Su 09:00-17:40; Nov-Mar Mo-Su 09:00-14:40; Apr,Oct Mo-Su 09:00-16:40","ref:ckkp":"MA00702","tourism":"museum","website":"https://domjp2.pl/","wikidata":"Q5885537","wikipedia":"pl:Dom Rodzinny Ojca Świętego Jana Pawła II w Wadowicach","operator":"Minister Kultury i Dziedzictwa Narodowego","operator:type":"government","source:tourism":"Wykaz Muzeów, wypis na dzień 2026-04-09","@id":"node/3997820176"},"geometry":{"type":"Point","coordinates":[19.4939096,49.8833683]}}],"cooperativeWork":{"meta":{"version":2,"type":1},"operations":[{"operationType":"modifyElement","data":{"id":"node/3997820176","operations":[{"operation":"setTags","data":{"name":"Muzeum Dom Rodzinny Ojca Świętego Jana Pawła II w Wadowicach","operator":"Minister Kultury i Dziedzictwa Narodowego","operator:type":"government","source:tourism":"Wykaz Muzeów, wypis na dzień 2026-04-09"}}]}}]}}
{"type":"FeatureCollection","features":[{"type":"Feature","properties":{"addr:city":"Białystok","addr:housename":"Ratusz","addr:housenumber":"10","addr:street":"Rynek Kościuszki","contact:email":"muzeum@muzeum.bialystok.pl","contact:facebook":"https://www.facebook.com/MuzeumPodlaskie","contact:instagram":"https://www.instagram.com/muzeumpodlaskie/","contact:twitter":"https://twitter.com/muzeumpodlaskie","contact:website":"http://www.muzeum.bialystok.pl/","contact:youtube":"https://www.youtube.com/user/PodlaskieMuzeum","email":"muzeum@muzeum.bialystok.pl","fax":"+48 85 740 77 39","fee":"yes","image":"File:Bialystok_-_ratusz_miejski_fc05.jpg","mobile":"+48 509 336 930","name":"Muzeum Podlaskie w Białymstoku","name:be":"Падляшскі музей у Беластоку - Ратуша","name:be-tarask":"Падляшскі музэй у Беластоку - Ратуша","opening_hours":"Tu-Th 10:00-17:00; Fr 10:00-18:00; Sa-Su 10:00-17:00","phone":"+48 85 740 77 31","source:addr":"EMUiA (emuia.gugik.gov.pl)","tourism":"museum","website":"http://www.muzeum.bialystok.pl/","wheelchair":"yes","wikidata":"Q11787133","wikipedia":"pl:Muzeum Podlaskie w Białymstoku","addr:postcode":"15-426","operator":"Minister Kultury i Dziedzictwa Narodowego","operator:type":"government","source:tourism":"Wykaz Muzeów, wypis na dzień 2026-04-09","@id":"node/841774137"},"geometry":{"type":"Point","coordinates":[23.1587714,53.1323898]}}],"cooperativeWork":{"meta":{"version":2,"type":1},"operations":[{"operationType":"modifyElement","data":{"id":"node/841774137","operations":[{"operation":"setTags","data":{"name":"Muzeum Podlaskie w Białymstoku","addr:postcode":"15-426","operator":"Minister Kultury i Dziedzictwa Narodowego","operator:type":"government","source:tourism":"Wykaz Muzeów, wypis na dzień 2026-04-09"}}]}}]}}
{"type":"FeatureCollection","features":[{"type":"Feature","properties":{"addr:city":"Lublin","addr:housenumber":"67","addr:postcode":"20-325","addr:street":"Droga Męczenników Majdanka","fee":"no","name":"Państwowe Muzeum na Majdanku. Niemiecki nazistowski obóz koncentracyjny i zagłady (1941-1944)","name:en":"Majdanek State Museum","phone":"48817102833","tourism":"museum","website":"https://www.majdanek.eu/","wikidata":"Q13060293","wikipedia":"en:Majdanek State Museum","operator":"Minister Kultury i Dziedzictwa Narodowego","operator:type":"government","source:tourism":"Wykaz Muzeów, wypis na dzień 2026-04-09","@id":"node/457391498"},"geometry":{"type":"Point","coordinates":[22.6062576,51.2253195]}}],"cooperativeWork":{"meta":{"version":2,"type":1},"operations":[{"operationType":"modifyElement","data":{"id":"node/457391498","operations":[{"operation":"setTags","data":{"name":"Państwowe Muzeum na Majdanku. Niemiecki nazistowski obóz koncentracyjny i zagłady (1941-1944)","operator":"Minister Kultury i Dziedzictwa Narodowego","operator:type":"government","source:tourism":"Wykaz Muzeów, wypis na dzień 2026-04-09"}}]}}]}}
{"type":"FeatureCollection","features":[{"type":"Feature","properties":{"addr:city":"Krosno","addr:housenumber":"62","addr:street":"Ignacego Łukasiewicza","image":"http://www.krosno.pl/gfx/krosnoum/pl/defaultopisy/203/1/1/1229883011.jpg","name":"Muzeum Misyjne Sióstr Klawerianek w Krośnie","official_name":"Muzeum Misyjne Sióstr Misjonarek św. Piotra Klawera w Krośnie","opening_hours":"Mo-Sa 09:00-17:00","phone":"48134321676","source":"http://ump.waw.pl/ retrieved 01:32:52 09/02/09 (UMP-Przemysl/src/POI-Przemysl.pnt-converted.txt)","tourism":"museum","website":"https://www.krosno.pl/pl/dla-turystow/muzea/muzeum-misyjne/","wikidata":"Q17619120","wikipedia":"pl:Muzeum Misyjne w Krośnie","addr:postcode":"38-400","operator":"Zgromadzenie Sióstr Misjonarek Św. Piotra Klawera w Krośnie","operator:type":"religious","source:tourism":"Wykaz Muzeów, wypis na dzień 2026-04-09","@id":"node/562752395"},"geometry":{"type":"Point","coordinates":[21.7611328,49.6922473]}}],"cooperativeWork":{"meta":{"version":2,"type":1},"operations":[{"operationType":"modifyElement","data":{"id":"node/562752395","operations":[{"operation":"setTags","data":{"name":"Muzeum Misyjne Sióstr Klawerianek w Krośnie","addr:postcode":"38-400","operator":"Zgromadzenie Sióstr Misjonarek Św. Piotra Klawera w Krośnie","operator:type":"religious","source:tourism":"Wykaz Muzeów, wypis na dzień 2026-04-09"}}]}}]}}
{"type":"FeatureCollection","features":[{"type":"Feature","properties":{"addr:city":"Janów Lubelski","addr:housenumber":"20","addr:postcode":"23-300","addr:street":"Jana Zamoyskiego","email":"muzeum-fotografii@wp.pl","image":"https://photos.app.goo.gl/VcSQdGEm36HMEKH78","museum":"art","name":"Muzeum Fotografii w Janowie Lubelskim","opening_hours":"Mo-We 09:00-18:00, Th 09:00-17:00, Fr 09:00-18:00","phone":"+48 602 74 61 66","tourism":"museum","url":"https://youtu.be/x56CoWYmXz4?si=FvCCDit3-L_mjz12","website":"http://muzeum-fotografii.pl/","wikidata":"Q48850322","wikipedia":"pl:Muzeum Fotografii w Janowie Lubelskim","operator":"Antoni Florczak","operator:type":"private","source:tourism":"Wykaz Muzeów, wypis na dzień 2026-04-09","@id":"node/10777626162"},"geometry":{"type":"Point","coordinates":[22.4121898,50.7056984]}}],"cooperativeWork":{"meta":{"version":2,"type":1},"operations":[{"operationType":"modifyElement","data":{"id":"node/10777626162","operations":[{"operation":"setTags","data":{"name":"Muzeum Fotografii w Janowie Lubelskim","operator":"Antoni Florczak","operator:type":"private","source:tourism":"Wykaz Muzeów, wypis na dzień 2026-04-09"}}]}}]}}
{"type":"FeatureCollection","features":[{"type":"Feature","properties":{"addr:city":"Lwówek Śląski","addr:housenumber":"22","addr:postcode":"59-602","addr:street":"Plac Wolności","construction":"yes","email":"muzeumlwoweckie@op.pl","name":"Muzeum Lwóweckie w Lwówku Śląskim","tourism":"museum","website":"muzeumlwoweckie.pl","operator":"Dorota Zawadzka","operator:type":"private","source:tourism":"Wykaz Muzeów, wypis na dzień 2026-04-09","@id":"node/6003217182"},"geometry":{"type":"Point","coordinates":[15.586274,51.1109042]}}],"cooperativeWork":{"meta":{"version":2,"type":1},"operations":[{"operationType":"modifyElement","data":{"id":"node/6003217182","operations":[{"operation":"setTags","data":{"name":"Muzeum Lwóweckie w Lwówku Śląskim","operator":"Dorota Zawadzka","operator:type":"private","source:tourism":"Wykaz Muzeów, wypis na dzień 2026-04-09"}}]}}]}}
{"type":"FeatureCollection","features":[{"type":"Feature","properties":{"addr:city":"Słupsk","addr:housenumber":"14","addr:postcode":"76-200","addr:street":"Jana Bauera","name":"Muzeum Miasta Słupska","phone":"48598448933","tourism":"museum","website":"http://www.lesnykot.pl/","operator":"Grzegorz Rataj","operator:type":"private","source:tourism":"Wykaz Muzeów, wypis na dzień 2026-04-09","@id":"node/4119419889"},"geometry":{"type":"Point","coordinates":[17.0536477,54.4784448]}}],"cooperativeWork":{"meta":{"version":2,"type":1},"operations":[{"operationType":"modifyElement","data":{"id":"node/4119419889","operations":[{"operation":"setTags","data":{"name":"Muzeum Miasta Słupska","operator":"Grzegorz Rataj","operator:type":"private","source:tourism":"Wykaz Muzeów, wypis na dzień 2026-04-09"}}]}}]}}
{"type":"FeatureCollection","features":[{"type":"Feature","properties":{"addr:city":"Tychy","addr:housenumber":"8","addr:postcode":"43-100","addr:street":"Żwakowska","email":"arhen-dominiak@hotmail.com","name":"Muzeum Miniaturowej Sztuki Profesjonalnej Henryk Jan Dominiak w Tychach","phone":"+48 32 2181524","tourism":"museum","website":"http://muzeumminiaturowejsztukiprofesjonalnejhenrykjandominiak.eu","wikidata":"Q48851673","wikimedia_commons":"File:Muzeum Miniaturowej Sztuki Profesjonalnej Henryk Jan Dominiak in Tychy. Ulica Żwakowska 8 mieszkania 66, Tychy - najmniejsze Muzeum świata.jpg","wikipedia":"pl:Muzeum Miniaturowej Sztuki Profesjonalnej Henryk Jan Dominiak w Tychach","operator":"Henryk Jan Dominiak","operator:type":"private","source:tourism":"Wykaz Muzeów, wypis na dzień 2026-04-09","@id":"node/5422071403"},"geometry":{"type":"Point","coordinates":[18.9779849,50.1167832]}}],"cooperativeWork":{"meta":{"version":2,"type":1},"operations":[{"operationType":"modifyElement","data":{"id":"node/5422071403","operations":[{"operation":"setTags","data":{"name":"Muzeum Miniaturowej Sztuki Profesjonalnej Henryk Jan Dominiak w Tychach","operator":"Henryk Jan Dominiak","operator:type":"private","source:tourism":"Wykaz Muzeów, wypis na dzień 2026-04-09"}}]}}]}}
{"type":"FeatureCollection","features":[{"type":"Feature","properties":{"addr:city":"Mrągowo","addr:housenumber":"11C","addr:postcode":"11-700","addr:street":"Przemysłowa","name":"Muzeum Sprzętu Wojskowego w Mrągowie","tourism":"museum","operator":"Sławomir Trzeciakiewicz","operator:type":"private","source:tourism":"Wykaz Muzeów, wypis na dzień 2026-04-09","@id":"node/3863280078"},"geometry":{"type":"Point","coordinates":[21.2946324,53.8506528]}}],"cooperativeWork":{"meta":{"version":2,"type":1},"operations":[{"operationType":"modifyElement","data":{"id":"node/3863280078","operations":[{"operation":"setTags","data":{"name":"Muzeum Sprzętu Wojskowego w Mrągowie","operator":"Sławomir Trzeciakiewicz","operator:type":"private","source:tourism":"Wykaz Muzeów, wypis na dzień 2026-04-09"}}]}}]}}
{"type":"FeatureCollection","features":[{"type":"Feature","properties":{"addr:city":"Zabrze","addr:housenumber":"6","addr:postcode":"41-800","addr:street":"3 Maja","name":"Muzeum Techniki Militarnej i Użytkowej w Zabrzu","tourism":"museum","operator":"Rafał Siech","operator:type":"private","source:tourism":"Wykaz Muzeów, wypis na dzień 2026-04-09","@id":"node/2085249672"},"geometry":{"type":"Point","coordinates":[18.7860506,50.3033679]}}],"cooperativeWork":{"meta":{"version":2,"type":1},"operations":[{"operationType":"modifyElement","data":{"id":"node/2085249672","operations":[{"operation":"setTags","data":{"name":"Muzeum Techniki Militarnej i Użytkowej w Zabrzu","operator":"Rafał Siech","operator:type":"private","source:tourism":"Wykaz Muzeów, wypis na dzień 2026-04-09"}}]}}]}}
{"type":"FeatureCollection","features":[{"type":"Feature","properties":{"addr:city":"Kamienna Góra","addr:housenumber":"1a","addr:postcode":"58-400","addr:street":"Parkowa","email":"projekt@projektarado.pl","museum":"history","name":"Muzeum Techniki Uzbrojenia w Kamiennej Górze","opening_hours":"10:00-18:00","operator":"Maciej Wyszkowski","operator:type":"private","phone":"48512561292","tourism":"museum","website":"projektarado.pl","source:tourism":"Wykaz Muzeów, wypis na dzień 2026-04-09","@id":"node/7638604059"},"geometry":{"type":"Point","coordinates":[16.0298151,50.7799044]}}],"cooperativeWork":{"meta":{"version":2,"type":1},"operations":[{"operationType":"modifyElement","data":{"id":"node/7638604059","operations":[{"operation":"setTags","data":{"name":"Muzeum Techniki Uzbrojenia w Kamiennej Górze","operator":"Maciej Wyszkowski","source:tourism":"Wykaz Muzeów, wypis na dzień 2026-04-09"}}]}}]}}
{"type":"FeatureCollection","features":[{"type":"Feature","properties":{"addr:city":"Warszawa","addr:housenumber":"8","addr:postcode":"03-433","addr:street":"Strzelecka","museum":"history","name":"Prywatne Muzeum Artylerii i Broni Pancernej 1939-1945 w Warszawie","opening_hours":"Mo-Fr 09:00-17:00","operator":"Jan Olszański","operator:type":"private","phone":"+48 22 270 15 41","tourism":"museum","website":"https://ipn.gov.pl/pl","source:tourism":"Wykaz Muzeów, wypis na dzień 2026-04-09","@id":"node/12182287080"},"geometry":{"type":"Point","coordinates":[21.0392895,52.2609952]}}],"cooperativeWork":{"meta":{"version":2,"type":1},"operations":[{"operationType":"modifyElement","data":{"id":"node/12182287080","operations":[{"operation":"setTags","data":{"name":"Prywatne Muzeum Artylerii i Broni Pancernej 1939-1945 w Warszawie","operator":"Jan Olszański","operator:type":"private","source:tourism":"Wykaz Muzeów, wypis na dzień 2026-04-09"}}]}}]}}
{"type":"FeatureCollection","features":[{"type":"Feature","properties":{"addr:city":"Wrocław","addr:housenumber":"33","addr:postcode":"51-180","addr:street":"Pełczyńska","addr:street:sym_ul":"15922","email":"fortwroclaw9@gmail.com","facebook":"https://www.facebook.com/FORT-Wroc%C5%82aw-Nr-9-Muzeum-Militarne-1634778163474816","museum":"military","name":"Mobilne Muzeum Militarne we Wrocławiu","phone":"+48 603 634 446","source:addr":"WroclawGIS","start_date":"2015-02-17","tourism":"museum","operator":"Fundacja Inicjatyw Społecznych i Kulturalnych JEDYNKA","operator:type":"ngo","source:tourism":"Wykaz Muzeów, wypis na dzień 2026-04-09","@id":"node/1201315460"},"geometry":{"type":"Point","coordinates":[17.0002766,51.1644095]}}],"cooperativeWork":{"meta":{"version":2,"type":1},"operations":[{"operationType":"modifyElement","data":{"id":"node/1201315460","operations":[{"operation":"setTags","data":{"name":"Mobilne Muzeum Militarne we Wrocławiu","operator":"Fundacja Inicjatyw Społecznych i Kulturalnych JEDYNKA","operator:type":"ngo","source:tourism":"Wykaz Muzeów, wypis na dzień 2026-04-09"}}]}}]}}
{"type":"FeatureCollection","features":[{"type":"Feature","properties":{"addr:city":"Warszawa","addr:housenumber":"5","addr:postcode":"03-736","addr:street":"Plac Konesera","check_date":"2025-12-27","email":"info@gamaconcept.co","name":"Muzeum Akademii Sztuk Pięknych w Warszawie","opening_hours":"Mo-Fr 10:00-18:00","phone":"48793777177","tourism":"museum","website":"https://gamaconcept.co/","wheelchair":"yes","operator":"Akademia Sztuk Pięknych","operator:type":"ngo","source:tourism":"Wykaz Muzeów, wypis na dzień 2026-04-09","@id":"node/9937507485"},"geometry":{"type":"Point","coordinates":[21.0443763,52.2554921]}}],"cooperativeWork":{"meta":{"version":2,"type":1},"operations":[{"operationType":"modifyElement","data":{"id":"node/9937507485","operations":[{"operation":"setTags","data":{"name":"Muzeum Akademii Sztuk Pięknych w Warszawie","operator":"Akademia Sztuk Pięknych","operator:type":"ngo","source:tourism":"Wykaz Muzeów, wypis na dzień 2026-04-09"}}]}}]}}
{"type":"FeatureCollection","features":[{"type":"Feature","properties":{"addr:city":"Kalisz","addr:housenumber":"2","addr:postcode":"62-800","addr:street":"Garbarska","name":"Muzeum im. G. i. J. Osiakowskich","tourism":"museum","wikidata":"Q112036648","operator":"Fundacja ,,Króla Salomona","operator:type":"ngo","source:tourism":"Wykaz Muzeów, wypis na dzień 2026-04-09","@id":"node/4758640489"},"geometry":{"type":"Point","coordinates":[18.0888003,51.7634643]}}],"cooperativeWork":{"meta":{"version":2,"type":1},"operations":[{"operationType":"modifyElement","data":{"id":"node/4758640489","operations":[{"operation":"setTags","data":{"name":"Muzeum im. G. i. J. Osiakowskich","operator":"Fundacja ,,Króla Salomona","operator:type":"ngo","source:tourism":"Wykaz Muzeów, wypis na dzień 2026-04-09"}}]}}]}}
{"type":"FeatureCollection","features":[{"type":"Feature","properties":{"addr:city":"Warszawa","addr:housenumber":"3","addr:postcode":"00-449","addr:street":"Łazienkowska","check_date":"2024-08-14","museum":"history","name":"Muzeum Kolejnictwa","opening_hours":"closed","tourism":"museum","website":"https://legia.com/muzeum-legii","wheelchair":"yes","wikidata":"Q15709891","wikipedia":"pl:Muzeum Legii Warszawa im. Wiktora Bołby","operator":"Stacja Muzeum","operator:type":"ngo","source:tourism":"Wykaz Muzeów, wypis na dzień 2026-04-09","@id":"node/2980111364"},"geometry":{"type":"Point","coordinates":[21.0406926,52.2213603]}}],"cooperativeWork":{"meta":{"version":2,"type":1},"operations":[{"operationType":"modifyElement","data":{"id":"node/2980111364","operations":[{"operation":"setTags","data":{"name":"Muzeum Kolejnictwa","operator":"Stacja Muzeum","operator:type":"ngo","source:tourism":"Wykaz Muzeów, wypis na dzień 2026-04-09"}}]}}]}}
{"type":"FeatureCollection","features":[{"type":"Feature","properties":{"addr:city":"Radom","addr:housenumber":"1","addr:postcode":"26-600","addr:street":"Profesora Tadeusza Sołtyka","email":"recepcja@flyport.pl","museum":"technology","name":"Muzeum Kolekcja Sztuki Współczesnej","operator":"Samorządowa instytucja kultury - Mazowieckie Centrum Sztuki Współczesnej Elektrownia w Radomiu, dla której organizatorem jest Województwo Mazowieckie","tourism":"museum","website":"https://www.flyport.pl","operator:type":"ngo","source:tourism":"Wykaz Muzeów, wypis na dzień 2026-04-09","@id":"node/12993910783"},"geometry":{"type":"Point","coordinates":[21.201684,51.3934333]}}],"cooperativeWork":{"meta":{"version":2,"type":1},"operations":[{"operationType":"modifyElement","data":{"id":"node/12993910783","operations":[{"operation":"setTags","data":{"name":"Muzeum Kolekcja Sztuki Współczesnej","operator":"Samorządowa instytucja kultury - Mazowieckie Centrum Sztuki Współczesnej Elektrownia w Radomiu, dla której organizatorem jest Województwo Mazowieckie","operator:type":"ngo","source:tourism":"Wykaz Muzeów, wypis na dzień 2026-04-09"}}]}}]}}
{"type":"FeatureCollection","features":[{"type":"Feature","properties":{"addr:city":"Warszawa","addr:door":"1","addr:housenumber":"208A","addr:street":"Aleja Niepodległości","charge":"35 PLN","contact:facebook":"wmkig","contact:instagram":"wmkigpl","description":"Muzueum funkcjonuje w obrębie lokali 1-8 Warszawskiej Giełdy elektronicznej","email":"kontakt@wmkig.pl","fee":"yes","layer":"-1","leisure":"amusement_arcade","level":"-1","location":"underground","name":"Muzeum Komputerów i Gier w Warszawie","name:en":"Warsaw Museum of Computers and Games","opening_hours":"Su, Tu-Fr 12:00-18:00; Sa 10:00-20:00","phone":"+48 570 519 000;+48 515 663 386","short_name":"WMKiG","tourism":"museum","website":"http://wmkig.pl/","addr:postcode":"00-609","operator":"Warszawskie Muzeum Komputerów i Gier sp. z o.o.","operator:type":"ngo","source:tourism":"Wykaz Muzeów, wypis na dzień 2026-04-09","@id":"node/9993295947"},"geometry":{"type":"Point","coordinates":[21.0043681,52.2170113]}}],"cooperativeWork":{"meta":{"version":2,"type":1},"operations":[{"operationType":"modifyElement","data":{"id":"node/9993295947","operations":[{"operation":"setTags","data":{"name":"Muzeum Komputerów i Gier w Warszawie","addr:postcode":"00-609","operator":"Warszawskie Muzeum Komputerów i Gier sp. z o.o.","operator:type":"ngo","source:tourism":"Wykaz Muzeów, wypis na dzień 2026-04-09"}}]}}]}}
{"type":"FeatureCollection","features":[{"type":"Feature","properties":{"addr:city":"Przodkowo","addr:country":"PL","addr:housenumber":"23","addr:postcode":"83-304","addr:street":"Kartuska","image":"https://upload.wikimedia.org/wikipedia/commons/thumb/0/0c/Przodkowo_%28OSP%29.JPG/1280px-Przodkowo_%28OSP%29.JPG","name":"Muzeum Pożarnictwa w Przodkowie","official_name":"Muzeum Pożarnictwa im. Leona Deyka","operator":"Stowarzyszenie Ochotnicza Straż Pożarna w Przodkowie","short_name":"Muzeum","tourism":"museum","wheelchair":"no","wikidata":"Q17619161","wikipedia":"pl:Muzeum Pożarnictwa w Przodkowie","operator:type":"ngo","source:tourism":"Wykaz Muzeów, wypis na dzień 2026-04-09","@id":"node/4563414052"},"geometry":{"type":"Point","coordinates":[18.2875896,54.3766223]}}],"cooperativeWork":{"meta":{"version":2,"type":1},"operations":[{"operationType":"modifyElement","data":{"id":"node/4563414052","operations":[{"operation":"setTags","data":{"name":"Muzeum Pożarnictwa w Przodkowie","operator":"Stowarzyszenie Ochotnicza Straż Pożarna w Przodkowie","operator:type":"ngo","source:tourism":"Wykaz Muzeów, wypis na dzień 2026-04-09"}}]}}]}}
{"type":"FeatureCollection","features":[{"type":"Feature","properties":{"addr:city":"Ruda Śląska","addr:housenumber":"42","addr:postcode":"41-711","addr:street":"Zajęcza","loc_name":"Muzeum PRLu","museum":"history","name":"Muzeum PRL-u w Rudzie Śląskiej","name:en":"Museum of Communist Poland","operator":"Fundacja Minionej Epoki","operator:type":"ngo","tourism":"museum","website":"https://muzeumprl-u.pl/","wheelchair":"yes","wikidata":"Q16580010","wikipedia":"pl:Muzeum PRL-u w Rudzie Śląskiej","source:tourism":"Wykaz Muzeów, wypis na dzień 2026-04-09","@id":"node/1779004018"},"geometry":{"type":"Point","coordinates":[18.8329487,50.2872417]}}],"cooperativeWork":{"meta":{"version":2,"type":1},"operations":[{"operationType":"modifyElement","data":{"id":"node/1779004018","operations":[{"operation":"setTags","data":{"name":"Muzeum PRL-u w Rudzie Śląskiej","operator:type":"ngo","source:tourism":"Wykaz Muzeów, wypis na dzień 2026-04-09"}}]}}]}}
{"type":"FeatureCollection","features":[{"type":"Feature","properties":{"addr:city":"Olkusz","addr:housenumber":"20","addr:postcode":"32-300","addr:street":"Rynek","description":"W muzeum jest miecz z przełomu XIII i XIV wieku zwany „katowskim”, średniowieczne rzeźby, groty strzał z XV wieku, włócznia Longobardów, drewniane rury wodociągowe z XVI-XVII wieku, kolekcja archeologiczna, etnograficzna oraz górnictwa kruszcowego.","level":"1","name":"Muzeum Regionalne PTTK im. Antoniego Minkiewicza w Olkuszu","opening_hours":"Mo-Fr 09:00-16:00","operator":"Polskie Towarzystwo Turystyczno-Krajoznawcze im. Aleksandra Janowskiego Oddział w Olkuszu","payment:cash":"yes","phone":"+ 48 32 643 42 27","source":"local knowledge","start_date":"1911","tourism":"museum","website":"http://www.pttkolkusz.pl/","wheelchair":"no","operator:type":"ngo","source:tourism":"Wykaz Muzeów, wypis na dzień 2026-04-09","@id":"node/6505977917"},"geometry":{"type":"Point","coordinates":[19.5609731,50.2791064]}}],"cooperativeWork":{"meta":{"version":2,"type":1},"operations":[{"operationType":"modifyElement","data":{"id":"node/6505977917","operations":[{"operation":"setTags","data":{"name":"Muzeum Regionalne PTTK im. Antoniego Minkiewicza w Olkuszu","operator":"Polskie Towarzystwo Turystyczno-Krajoznawcze im. Aleksandra Janowskiego Oddział w Olkuszu","operator:type":"ngo","source:tourism":"Wykaz Muzeów, wypis na dzień 2026-04-09"}}]}}]}}
{"type":"FeatureCollection","features":[{"type":"Feature","properties":{"addr:city":"Pilzno","addr:housenumber":"8","addr:postcode":"39-220","addr:street":"Petrycego","museum":"history","name":"Muzeum Regionalne w Pilźnie","phone":"+48 14 672 11 90","tourism":"museum","website":"http://www.muzeumpilzno.pl/","wikidata":"Q112042320","operator":"Dom Kultury w Pilźnie","operator:type":"ngo","source:tourism":"Wykaz Muzeów, wypis na dzień 2026-04-09","@id":"node/9448089639"},"geometry":{"type":"Point","coordinates":[21.2910522,49.9796281]}}],"cooperativeWork":{"meta":{"version":2,"type":1},"operations":[{"operationType":"modifyElement","data":{"id":"node/9448089639","operations":[{"operation":"setTags","data":{"name":"Muzeum Regionalne w Pilźnie","phone":"+48 14 672 11 90","operator":"Dom Kultury w Pilźnie","operator:type":"ngo","source:tourism":"Wykaz Muzeów, wypis na dzień 2026-04-09"}}]}}]}}
{"type":"FeatureCollection","features":[{"type":"Feature","properties":{"addr:city":"Warszawa","addr:housenumber":"107","addr:postcode":"00-110","addr:street":"Marszałkowska","check_date":"2024-12-17","email":"przystanek.historia@ipn.gov.pl","museum":"history","name":"Muzeum Techniki Militarnej w Warszawie","official_name":"Centralny Przystanek Historia im. Prezydenta Lecha Kaczyńskiego","opening_hours":"Mo-Sa 10:00-18:00","operator":"Fundacja Ochrony Zabytków Techniki Wojskowej","operator:type":"ngo","phone":"+48 22 576 30 20","tourism":"museum","website":"https://cph.ipn.gov.pl/","source:tourism":"Wykaz Muzeów, wypis na dzień 2026-04-09","@id":"node/12425547068"},"geometry":{"type":"Point","coordinates":[21.0076505,52.2353751]}}],"cooperativeWork":{"meta":{"version":2,"type":1},"operations":[{"operationType":"modifyElement","data":{"id":"node/12425547068","operations":[{"operation":"setTags","data":{"name":"Muzeum Techniki Militarnej w Warszawie","operator":"Fundacja Ochrony Zabytków Techniki Wojskowej","operator:type":"ngo","source:tourism":"Wykaz Muzeów, wypis na dzień 2026-04-09"}}]}}]}}
{"type":"FeatureCollection","features":[{"type":"Feature","properties":{"addr:city":"Nowy Dwór Mazowiecki","addr:housenumber":"200C","addr:postcode":"05-160","addr:street":"Generała Józefa Bema","museum":"history","name":"Muzeum Twierdzy Modlin w Nowym Dworze Mazowieckim","opening_hours":"We-Th 12:00-17:00; Fr-Sa 11:00-18:00","start_date":"2020-09-12","tourism":"museum","website":"https://twierdzamodlin.com/","wheelchair":"yes","operator":"Fundacja Nasza Historia","operator:type":"ngo","source:tourism":"Wykaz Muzeów, wypis na dzień 2026-04-09","@id":"node/8599017270"},"geometry":{"type":"Point","coordinates":[20.6763523,52.4373911]}}],"cooperativeWork":{"meta":{"version":2,"type":1},"operations":[{"operationType":"modifyElement","data":{"id":"node/8599017270","operations":[{"operation":"setTags","data":{"name":"Muzeum Twierdzy Modlin w Nowym Dworze Mazowieckim","operator":"Fundacja Nasza Historia","operator:type":"ngo","source:tourism":"Wykaz Muzeów, wypis na dzień 2026-04-09"}}]}}]}}
{"type":"FeatureCollection","features":[{"type":"Feature","properties":{"addr:city":"Sosnowiec","addr:housenumber":"60","addr:postcode":"41-200","addr:street":"Będzińska","name":"Muzeum Wydziału Nauk o Ziemi Uniwersytetu Śląskiego w Katowicach","operator":"Uniwersytet Śląski w Katowicach","tourism":"museum","wikidata":"Q19401440","wikimedia_commons":"File:Ekspozycja Muzeum Gelolgicznego w Sosnowcu.jpg","wikipedia":"pl:Muzeum Nauk o Ziemi w Sosnowcu","operator:type":"ngo","source:tourism":"Wykaz Muzeów, wypis na dzień 2026-04-09","@id":"node/3107550049"},"geometry":{"type":"Point","coordinates":[19.1341281,50.2994395]}}],"cooperativeWork":{"meta":{"version":2,"type":1},"operations":[{"operationType":"modifyElement","data":{"id":"node/3107550049","operations":[{"operation":"setTags","data":{"name":"Muzeum Wydziału Nauk o Ziemi Uniwersytetu Śląskiego w Katowicach","operator":"Uniwersytet Śląski w Katowicach","operator:type":"ngo","source:tourism":"Wykaz Muzeów, wypis na dzień 2026-04-09"}}]}}]}}
{"type":"FeatureCollection","features":[{"type":"Feature","properties":{"addr:city":"Grajewo","addr:housenumber":"9","addr:postcode":"19-200","addr:street":"Legionistów","email":"poczta@gih.grajewo.pl","museum":"history","name":"Muzeum Historyczne w Grajewie (Grajewska Izba Historyczna)","opening_hours":"Mo 09:00-15:00; Tu 10:00-18:00; We-Th 09:00-15:00; Fr 10:00-18:00; Sa 10:00-15:00; Su off","operator":"Grajewskie Centrum Kultury","phone":"48862722004","tourism":"museum","website":"http://gih.grajewo.pl/","operator:type":"ngo","source:tourism":"Wykaz Muzeów, wypis na dzień 2026-04-09","@id":"node/9453511249"},"geometry":{"type":"Point","coordinates":[22.4690569,53.6366258]}}],"cooperativeWork":{"meta":{"version":2,"type":1},"operations":[{"operationType":"modifyElement","data":{"id":"node/9453511249","operations":[{"operation":"setTags","data":{"name":"Muzeum Historyczne w Grajewie (Grajewska Izba Historyczna)","operator:type":"ngo","source:tourism":"Wykaz Muzeów, wypis na dzień 2026-04-09"}}]}}]}}
{"type":"FeatureCollection","features":[{"type":"Feature","properties":{"addr:city":"Szydłów","addr:housenumber":"21","addr:postcode":"28-225","addr:street":"Rynek","email":"rezerwacje@muzeumsliwki.pl","name":"Muzeum Śliwki w Szydłowie","opening_hours":"Mo-Fr 09:00-16:00; Sa-Su 09:00-19:00","phone":"+48 518 921 980","tourism":"museum","website":"https://muzeumsliwki.pl/","operator":"Business Republic Agnieszka Wierzbicka- Baxter","operator:type":"ngo","source:tourism":"Wykaz Muzeów, wypis na dzień 2026-04-09","@id":"node/13661011920"},"geometry":{"type":"Point","coordinates":[21.0016308,50.5909541]}}],"cooperativeWork":{"meta":{"version":2,"type":1},"operations":[{"operationType":"modifyElement","data":{"id":"node/13661011920","operations":[{"operation":"setTags","data":{"name":"Muzeum Śliwki w Szydłowie","operator":"Business Republic Agnieszka Wierzbicka- Baxter","operator:type":"ngo","source:tourism":"Wykaz Muzeów, wypis na dzień 2026-04-09"}}]}}]}}
{"type":"FeatureCollection","features":[{"type":"Feature","properties":{"addr:city":"Łódź","addr:housenumber":"2","addr:postcode":"91-415","addr:street":"Plac Wolności","fee":"yes","name":"Muzeum Księży Młyn w Łodzi","opening_hours":"Tu, Th 9:00-16:00","phone":"+48 42 6321715","tourism":"museum","website":"http://www.muzeumfarmacji.eu","operator":"Stowarzyszenie Tylko Księży Młyn","operator:type":"ngo","source:tourism":"Wykaz Muzeów, wypis na dzień 2026-04-09","@id":"node/4450208060"},"geometry":{"type":"Point","coordinates":[19.4542896,51.7762288]}}],"cooperativeWork":{"meta":{"version":2,"type":1},"operations":[{"operationType":"modifyElement","data":{"id":"node/4450208060","operations":[{"operation":"setTags","data":{"name":"Muzeum Księży Młyn w Łodzi","operator":"Stowarzyszenie Tylko Księży Młyn","operator:type":"ngo","source:tourism":"Wykaz Muzeów, wypis na dzień 2026-04-09"}}]}}]}}
{"type":"FeatureCollection","features":[{"type":"Feature","properties":{"addr:city":"Gdańsk","addr:housenumber":"3","addr:postcode":"80-680","addr:street":"Turystyczna","name":"Pomorskie Muzeum Techniki Użytkowej w Gdańsku","phone":"+48 58 323 91 15","source":"Im working there","tourism":"museum","website":"http://wyspaskarbow.gak.gda.pl","operator":"Łukasz Sławiński","operator:type":"private","source:tourism":"Wykaz Muzeów, wypis na dzień 2026-04-09","@id":"node/1599381625"},"geometry":{"type":"Point","coordinates":[18.8289436,54.3444414]}}],"cooperativeWork":{"meta":{"version":2,"type":1},"operations":[{"operationType":"modifyElement","data":{"id":"node/1599381625","operations":[{"operation":"setTags","data":{"name":"Pomorskie Muzeum Techniki Użytkowej w Gdańsku","operator":"Łukasz Sławiński","operator:type":"private","source:tourism":"Wykaz Muzeów, wypis na dzień 2026-04-09"}}]}}]}}
{"type":"FeatureCollection","features":[{"type":"Feature","properties":{"addr:city":"Warszawa","addr:housenumber":"37","addr:postcode":"02-521","addr:street":"Rakowiecka","check_date":"2024-07-10","fee":"no","name":"Muzeum Żołnierzy Wyklętych i Więźniów Politycznych PRL","opening_hours":"Tu-Fr 10:00-16:00","tourism":"museum","website":"https://rakowiecka37.pl/","operator":"Prezes Instytutu Pamięci Narodowej- Komisja Ścigania Zbrodni przeciwko Narodowi Polskiemu","operator:type":"government","source:tourism":"Wykaz Muzeów, wypis na dzień 2026-04-09","@id":"node/8869757642"},"geometry":{"type":"Point","coordinates":[21.010965,52.2076601]}}],"cooperativeWork":{"meta":{"version":2,"type":1},"operations":[{"operationType":"modifyElement","data":{"id":"node/8869757642","operations":[{"operation":"setTags","data":{"opening_hours":"Tu-Fr 10:00-16:00","operator":"Prezes Instytutu Pamięci Narodowej- Komisja Ścigania Zbrodni przeciwko Narodowi Polskiemu","operator:type":"government","source:tourism":"Wykaz Muzeów, wypis na dzień 2026-04-09"}}]}}]}}
{"type":"FeatureCollection","features":[{"type":"Feature","properties":{"access":"yes","addr:city":"Bolesławiec","addr:housenumber":"28/29","addr:postcode":"59-700","addr:street":"Zgorzelecka","building":"museum","building:levels":"2","castle_type":"stately","changing_table":"yes","changing_table:fee":"no","changing_table:location":"dedicated_room","check_date":"2024-04-28","email":"poczta@muzeum.boleslawiec.net","fee":"yes","historic":"castle","museum":"local","name":"Muzeum Ceramiki w Bolesławcu","opening_hours":"Tu 11:00-19:00, We 9:00-17:00, Th 11:00-19:00, Fr-Su 9:00-17:00","phone":"48756121370","toilets":"yes","toilets:unisex":"no","toilets:wheelchair":"yes","tourism":"museum","website":"https://muzeum.boleslawiec.pl","wheelchair":"yes","operator":"Gmina Miejska Bolesławiec","operator:type":"government","source:tourism":"Wykaz Muzeów, wypis na dzień 2026-04-09","@id":"way/359178827"},"geometry":{"type":"Polygon","coordinates":[[[15.5555615,51.2651755],[15.5554945,51.2651853],[15.5555016,51.2652113],[15.555397,51.2652242],[15.5553877,51.2651953],[15.5553149,51.2652043],[15.5553005,51.2651533],[15.5552056,51.2651621],[15.5552019,51.2651499],[15.5551984,51.2651384],[15.5551075,51.2651481],[15.5550885,51.2650774],[15.5550702,51.2650792],[15.555036,51.2650825],[15.555,51.2649475],[15.5551782,51.2649265],[15.5551959,51.2649894],[15.5552033,51.265013],[15.5552197,51.2650753],[15.5552466,51.2650726],[15.5554052,51.265055],[15.5555904,51.2650349],[15.5555638,51.2648946],[15.555739,51.2648801],[15.5557718,51.2650594],[15.5557095,51.2650644],[15.555715,51.2651073],[15.5556328,51.2651134],[15.5556213,51.2651142],[15.5556248,51.2651218],[15.5555815,51.2651268],[15.5555509,51.2651303],[15.5555615,51.2651755]]]}}],"cooperativeWork":{"meta":{"version":2,"type":1},"operations":[{"operationType":"modifyElement","data":{"id":"way/359178827","operations":[{"operation":"setTags","data":{"operator":"Gmina Miejska Bolesławiec","operator:type":"government","source:tourism":"Wykaz Muzeów, wypis na dzień 2026-04-09"}}]}}]}}
{"type":"FeatureCollection","features":[{"type":"Feature","properties":{"addr:city":"Wola Okrzejska","addr:country":"PL","addr:postcode":"21-480","addr:street":"Wola Okrzejska","building":"yes","building:colour":"white","building:levels":"1","email":"muzeumhs@wp.pl","fax":"+48 25 755 90 00","name":"Muzeum Henryka Sienkiewicza w Woli Okrzejskiej","opening_hours":"Apr-Oct 09:00-17:00; Nov-Mar 08:00-16:00","phone":"+48 25 755 90 00","ref:ckkp":"LU00738","roof:colour":"grey","roof:levels":"1.5","roof:material":"wood","roof:shape":"hipped","short_name":"Muzeum Henryka Sienkiewicza","tourism":"museum","website":"https://muzeumhs.pl/","wikidata":"Q26256334","wikipedia":"pl:Muzeum Henryka Sienkiewicza w Woli Okrzejskiej","addr:housenumber":"109","operator":"Powiat Łukowski","operator:type":"government","source:tourism":"Wykaz Muzeów, wypis na dzień 2026-04-09","@id":"way/439064661"},"geometry":{"type":"Polygon","coordinates":[[[22.1285254,51.74567],[22.1282386,51.7455625],[22.1282163,51.7455863],[22.1281553,51.7456491],[22.1282967,51.7457022],[22.1284415,51.745756],[22.1284652,51.7457317],[22.1285254,51.74567]]]}}],"cooperativeWork":{"meta":{"version":2,"type":1},"operations":[{"operationType":"modifyElement","data":{"id":"way/439064661","operations":[{"operation":"setTags","data":{"addr:housenumber":"109","operator":"Powiat Łukowski","operator:type":"government","source:tourism":"Wykaz Muzeów, wypis na dzień 2026-04-09"}}]}}]}}
{"type":"FeatureCollection","features":[{"type":"Feature","properties":{"building":"yes","building:part":"yes","height":"16","museum":"history","name":"Muzeum Historii Miasta Zduńska Wola","roof:colour":"red","roof:shape":"gabled","tourism":"museum","website":"https://muzeumzdunskawola.pl/","addr:postcode":"98-220","addr:city":"Zduńska Wola","addr:street":"Złotnickiego","addr:housenumber":"7","operator":"Miasto Zduńska Wola","operator:type":"government","source:tourism":"Wykaz Muzeów, wypis na dzień 2026-04-09","@id":"way/166920357"},"geometry":{"type":"Polygon","coordinates":[[[18.9339856,51.6000882],[18.9338858,51.5999996],[18.9339975,51.5999527],[18.9341514,51.599888],[18.9342491,51.5999764],[18.9341535,51.6000167],[18.9341638,51.6000263],[18.934086,51.6000598],[18.9340752,51.6000501],[18.9339856,51.6000882]]]}}],"cooperativeWork":{"meta":{"version":2,"type":1},"operations":[{"operationType":"modifyElement","data":{"id":"way/166920357","operations":[{"operation":"setTags","data":{"addr:postcode":"98-220","addr:city":"Zduńska Wola","addr:street":"Złotnickiego","addr:housenumber":"7","operator":"Miasto Zduńska Wola","operator:type":"government","source:tourism":"Wykaz Muzeów, wypis na dzień 2026-04-09"}}]}}]}}
{"type":"FeatureCollection","features":[{"type":"Feature","properties":{"addr:city":"Dukla","addr:housenumber":"5","addr:postcode":"38-450","addr:street":"Trakt Węgierski","building":"palace","building:levels":"3","building:use":"museum","contact:phone":"+48 13 43 30 085","fee":"yes","heritage":"2","heritage:operator":"nid","historic":"manor","image":"https://photos.app.goo.gl/NDMQbW48hoEwQYqV8","museum":"military;history","name":"Muzeum Historyczne - Pałac w Dukli","opening_hours":"Oct-Apr Mo-Su 10:00-15:00; May-Sep Mo-Su 10:00-16:30; Jan 01,easter -1 day,easter,easter +1 day,Nov 01,Dec 24-Dec 26 off","ref:nid":"A-276;A-1164","roof:levels":"1","roof:shape":"mansard","source:addr":"UMiG Dukla","start_date":"1764;1972-03-01","tourism":"museum","url":"https://fotopolska.eu/30811,obiekt.html?map_z=18","url:0":"https://polska-org.pl/8146810,Dukla,Muzeum_Historyczne_Palac_Dukla.html","website":"https://www.muzeumdukla.pl/","website:0":"https://duklapalac.com/strona-glowna","wikidata":"Q30530422;Q11787006","wikipedia":"pl:Pałac w Dukli;pl:Muzeum Historyczne – Pałac w Dukli","operator":"Powiat Krośnieński","operator:type":"government","source:tourism":"Wykaz Muzeów, wypis na dzień 2026-04-09","@id":"way/231371670"},"geometry":{"type":"Polygon","coordinates":[[[21.6845925,49.5570655],[21.6846553,49.5569605],[21.6847165,49.5568584],[21.6850165,49.5569345],[21.6848926,49.5571415],[21.6845925,49.5570655]]]}}],"cooperativeWork":{"meta":{"version":2,"type":1},"operations":[{"operationType":"modifyElement","data":{"id":"way/231371670","operations":[{"operation":"setTags","data":{"operator":"Powiat Krośnieński","operator:type":"government","source:tourism":"Wykaz Muzeów, wypis na dzień 2026-04-09"}}]}}]}}
{"type":"FeatureCollection","features":[{"type":"Feature","properties":{"fee":"yes","name":"Muzeum Historyczne w Ełku","opening_hours":"Tu-Su 09:30-16:30","tourism":"museum","addr:postcode":"19-300","addr:city":"Ełk","addr:street":"Małeckich","addr:housenumber":"3","operator":"Miasto Ełk","operator:type":"government","source:tourism":"Wykaz Muzeów, wypis na dzień 2026-04-09","@id":"way/1245464993"},"geometry":{"type":"Polygon","coordinates":[[[22.3646866,53.8263526],[22.3647379,53.8262165],[22.3649577,53.8258199],[22.3650025,53.8257503],[22.3651195,53.8255685],[22.3652289,53.8253986],[22.3653744,53.8252157],[22.3654907,53.8250837],[22.3656206,53.8249488],[22.365975,53.8246143],[22.3660544,53.8245383],[22.3660235,53.8245283],[22.3659665,53.8245092],[22.3659264,53.8244949],[22.3657217,53.8246364],[22.3653861,53.8248289],[22.3653202,53.8248436],[22.3643512,53.8250593],[22.3641871,53.825134],[22.3638451,53.8253937],[22.3636658,53.8255212],[22.363383,53.8257222],[22.3634119,53.825792],[22.3633241,53.8258943],[22.3633709,53.8259547],[22.3633352,53.8259643],[22.3632582,53.8259836],[22.3629703,53.8263119],[22.362819,53.8264084],[22.3627543,53.8264854],[22.3626543,53.8265971],[22.3626707,53.8266063],[22.3627053,53.8266258],[22.3627269,53.8266381],[22.3625835,53.826731],[22.3624713,53.8269528],[22.3619467,53.8275015],[22.3622014,53.8275765],[22.3623263,53.8274761],[22.3624404,53.8275221],[22.3628833,53.82758],[22.3630106,53.8275967],[22.3630618,53.8276035],[22.3631137,53.8276103],[22.3638828,53.826899],[22.3645188,53.8263105],[22.3646866,53.8263526]]]}}],"cooperativeWork":{"meta":{"version":2,"type":1},"operations":[{"operationType":"modifyElement","data":{"id":"way/1245464993","operations":[{"operation":"setTags","data":{"addr:postcode":"19-300","addr:city":"Ełk","addr:street":"Małeckich","addr:housenumber":"3","operator":"Miasto Ełk","operator:type":"government","source:tourism":"Wykaz Muzeów, wypis na dzień 2026-04-09"}}]}}]}}
{"type":"FeatureCollection","features":[{"type":"Feature","properties":{"landuse":"commercial","name":"Muzeum Historyczne w Legionowie","phone":"48227742166","tourism":"museum","website":"https://muzeum.legionowo.pl/","wikidata":"Q17619122","wikipedia":"pl:Muzeum Historyczne w Legionowie","addr:postcode":"05-120","addr:city":"Legionowo","addr:street":"Adama Mickiewicza","addr:housenumber":"23","operator":"Gmina Legionowo","operator:type":"government","source:tourism":"Wykaz Muzeów, wypis na dzień 2026-04-09","@id":"way/975746174"},"geometry":{"type":"Polygon","coordinates":[[[20.9275104,52.4008186],[20.9277338,52.4009981],[20.9279381,52.4011674],[20.9276184,52.4013132],[20.9277637,52.4014239],[20.927451,52.4015794],[20.9272743,52.4014377],[20.927172,52.4013557],[20.9269178,52.4011519],[20.9269006,52.4011381],[20.9268928,52.4011318],[20.9275104,52.4008186]]]}}],"cooperativeWork":{"meta":{"version":2,"type":1},"operations":[{"operationType":"modifyElement","data":{"id":"way/975746174","operations":[{"operation":"setTags","data":{"addr:postcode":"05-120","addr:city":"Legionowo","addr:street":"Adama Mickiewicza","addr:housenumber":"23","operator":"Gmina Legionowo","operator:type":"government","source:tourism":"Wykaz Muzeów, wypis na dzień 2026-04-09"}}]}}]}}
{"type":"FeatureCollection","features":[{"type":"Feature","properties":{"addr:city":"Przasnysz","addr:city:simc":"966398","addr:housename":"Ratusz","addr:housenumber":"1","addr:postcode":"06-300","addr:street":"Rynek","building":"public","building:levels":"3","email":"muzeum@muzeumprzasnysz.pl","facebook":"https://www.facebook.com/muzeumprzasnysz","name":"Muzeum Historyczne w Przasnyszu","phone":"+48 29 752 28 66","source:addr":"mprzasnysz.e-mapa.net","tourism":"museum","website":"https://www.muzeumprzasnysz.pl/","wikidata":"Q11833877","wikipedia":"pl:Ratusz w Przasnyszu","operator":"Miasto Przasnysz","operator:type":"government","source:tourism":"Wykaz Muzeów, wypis na dzień 2026-04-09","@id":"way/175877688"},"geometry":{"type":"Polygon","coordinates":[[[20.8827127,53.0210017],[20.8829023,53.0209925],[20.882886,53.0208284],[20.8826954,53.020836],[20.8826957,53.0208408],[20.8827118,53.0209962],[20.8827127,53.0210017]]]}}],"cooperativeWork":{"meta":{"version":2,"type":1},"operations":[{"operationType":"modifyElement","data":{"id":"way/175877688","operations":[{"operation":"setTags","data":{"operator":"Miasto Przasnysz","operator:type":"government","source:tourism":"Wykaz Muzeów, wypis na dzień 2026-04-09"}}]}}]}}
{"type":"FeatureCollection","features":[{"type":"Feature","properties":{"addr:city":"Chojnice","addr:housenumber":"5","addr:postcode":"89-600","addr:street":"Michała Drzymały","building":"yes","name":"Muzeum Historyczno-Etnograficzne im. Juliana Rydzkowskiego w Chojnicach","ref:ckkp":"PM00083","source:addr":"mchojnice.e-mapa.net","tourism":"museum","wikidata":"Q11787013","wikipedia":"pl:Muzeum Historyczno-Etnograficzne im. Juliana Rydzkowskiego w Chojnicach","operator":"Powiat Chojnicki","operator:type":"government","source:tourism":"Wykaz Muzeów, wypis na dzień 2026-04-09","@id":"way/67983046"},"geometry":{"type":"Polygon","coordinates":[[[17.5736847,53.6904947],[17.5735258,53.6905324],[17.5735082,53.6905087],[17.5734902,53.6905132],[17.5734142,53.6904015],[17.5734334,53.6903966],[17.5734059,53.6903561],[17.5735648,53.6903227],[17.573624,53.6904076],[17.5736847,53.6904947]]]}}],"cooperativeWork":{"meta":{"version":2,"type":1},"operations":[{"operationType":"modifyElement","data":{"id":"way/67983046","operations":[{"operation":"setTags","data":{"operator":"Powiat Chojnicki","operator:type":"government","source:tourism":"Wykaz Muzeów, wypis na dzień 2026-04-09"}}]}}]}}
{"type":"FeatureCollection","features":[{"type":"Feature","properties":{"addr:city":"Chorzów","addr:housenumber":"4a","addr:postcode":"41-500","addr:street":"Metalowców","building":"public","fee":"yes","name":"Muzeum Hutnictwa w Chorzowie","opening_hours":"Tu,Sa 10:00-18:00; We-Fr 09:00-16:00; Su 13:00-18:00; Mo off","source:geometry":"Geoportal 2","tourism":"museum","wikidata":"Q95612522","wikimedia_commons":"Category:Muzeum Hutnictwa w Chorzowie","wikipedia":"pl:Muzeum Hutnictwa w Chorzowie","operator":"Miasto Chorzów","operator:type":"government","source:tourism":"Wykaz Muzeów, wypis na dzień 2026-04-09","@id":"way/178777655"},"geometry":{"type":"Polygon","coordinates":[[[18.9544062,50.3021382],[18.9543778,50.3022105],[18.9546615,50.3022563],[18.9546687,50.3022398],[18.9549604,50.3022873],[18.9549534,50.3023052],[18.9554957,50.3023947],[18.9555269,50.3023152],[18.9555101,50.3023126],[18.9555195,50.3022911],[18.9555381,50.3022942],[18.9555408,50.3022873],[18.9555372,50.3022867],[18.9555825,50.3021729],[18.9555867,50.3021736],[18.9555882,50.3021693],[18.9555838,50.3021652],[18.9555777,50.3021643],[18.9555768,50.3021661],[18.9550629,50.3020827],[18.9548977,50.3020558],[18.9547636,50.3020341],[18.9547641,50.3020327],[18.9547541,50.302031],[18.9547494,50.3020428],[18.9546507,50.3020266],[18.9546119,50.3020203],[18.9544408,50.3019922],[18.9543742,50.3019813],[18.954375,50.3019793],[18.9543666,50.301978],[18.9543669,50.3019755],[18.9543417,50.3019714],[18.9542892,50.301963],[18.9542356,50.3019544],[18.9542444,50.3019694],[18.9542002,50.301962],[18.9541821,50.301959],[18.954156,50.3019546],[18.9541458,50.3019398],[18.9541235,50.3019364],[18.9540816,50.3020416],[18.9540972,50.3020442],[18.9540915,50.302056],[18.9540951,50.3020566],[18.9540493,50.3021686],[18.9540461,50.3021681],[18.9540437,50.3021736],[18.9541714,50.302194],[18.9541739,50.3021886],[18.9541722,50.3021882],[18.9542165,50.3020787],[18.9542183,50.302079],[18.954219,50.3020773],[18.9542806,50.3020867],[18.954321,50.3021242],[18.9544062,50.3021382]]]}}],"cooperativeWork":{"meta":{"version":2,"type":1},"operations":[{"operationType":"modifyElement","data":{"id":"way/178777655","operations":[{"operation":"setTags","data":{"operator":"Miasto Chorzów","operator:type":"government","source:tourism":"Wykaz Muzeów, wypis na dzień 2026-04-09"}}]}}]}}
{"type":"FeatureCollection","features":[{"type":"Feature","properties":{"addr:city":"Podkowa Leśna","addr:city:simc":"921504","addr:housenumber":"1A","addr:postcode":"05-807","addr:street":"Gołębia","building":"yes","building:levels":"3","name":"Muzeum im. Anny i Jarosława Iwaszkiewiczów w Stawisku","source":"www.geoportal.gov.pl","source:addr":"podkowalesna.e-mapa.net","tourism":"museum","wikidata":"Q952766","wikipedia":"pl:Stawisko (Podkowa Leśna)","operator":"Powiat Grodziski","operator:type":"government","source:tourism":"Wykaz Muzeów, wypis na dzień 2026-04-09","@id":"way/176163325"},"geometry":{"type":"Polygon","coordinates":[[[20.7039006,52.1263204],[20.7038817,52.1262679],[20.7039023,52.1262651],[20.7038907,52.1262328],[20.7038719,52.1262353],[20.7038531,52.1261829],[20.7037343,52.1261991],[20.7037383,52.12621],[20.7037486,52.1262385],[20.7035701,52.1262628],[20.7035478,52.1262658],[20.7035814,52.1263593],[20.7036869,52.126345],[20.7036915,52.1263577],[20.7037956,52.1263436],[20.7037925,52.126335],[20.7039006,52.1263204]]]}}],"cooperativeWork":{"meta":{"version":2,"type":1},"operations":[{"operationType":"modifyElement","data":{"id":"way/176163325","operations":[{"operation":"setTags","data":{"operator":"Powiat Grodziski","operator:type":"government","source:tourism":"Wykaz Muzeów, wypis na dzień 2026-04-09"}}]}}]}}
{"type":"FeatureCollection","features":[{"type":"Feature","properties":{"addr:city:simc":"631829","addr:housenumber":"36","addr:place":"Czarnolas","addr:postcode":"26-720","building":"yes","castle_type":"manor","email":"sekretariat@muzeumkochanowski.pl","historic":"castle","name":"Muzeum Jana Kochanowskiego w Czarnolesie","phone":"+48 48 677 20 05","ref:ckkp":"MZ00104","source:addr":"policzna.e-mapa.net","tourism":"museum","website":"https://muzeumkochanowski.pl","wikidata":"Q11787021","wikipedia":"pl:Muzeum Jana Kochanowskiego w Czarnolesie","addr:city":"Policzna","operator":"Samorząd Województwa Mazowieckiego","operator:type":"government","source:tourism":"Wykaz Muzeów, wypis na dzień 2026-04-09","@id":"way/171604786"},"geometry":{"type":"Polygon","coordinates":[[[21.7103457,51.4305348],[21.7103984,51.4306199],[21.7103623,51.4306286],[21.7103796,51.4306565],[21.7103994,51.4306885],[21.7104333,51.4306804],[21.7104854,51.4307646],[21.7105608,51.4307465],[21.7105672,51.4307568],[21.710572,51.4307646],[21.7105948,51.4307592],[21.7106139,51.4307546],[21.7106031,51.4307371],[21.7106259,51.4307317],[21.7106799,51.4307187],[21.7106337,51.4306439],[21.7106509,51.4306233],[21.7106336,51.4305951],[21.71062,51.4305728],[21.7105842,51.4305639],[21.7105375,51.4304884],[21.7104661,51.4305056],[21.7104552,51.4304879],[21.7104326,51.4304934],[21.7104093,51.430499],[21.7104153,51.4305087],[21.7104203,51.4305168],[21.7103457,51.4305348]]]}}],"cooperativeWork":{"meta":{"version":2,"type":1},"operations":[{"operationType":"modifyElement","data":{"id":"way/171604786","operations":[{"operation":"setTags","data":{"addr:city":"Policzna","operator":"Samorząd Województwa Mazowieckiego","operator:type":"government","source:tourism":"Wykaz Muzeów, wypis na dzień 2026-04-09"}}]}}]}}
{"type":"FeatureCollection","features":[{"type":"Feature","properties":{"addr:city":"Luboń","addr:city:simc":"970974","addr:housenumber":"2","addr:postcode":"62-030","addr:street":"Niezłomnych","addr:street:sym_ul":"14250","building":"yes","email":"muzeum@zabikowo.eu","fee":"no","heritage":"2","heritage:operator":"nid","historic":"memorial","name":"Muzeum Martyrologiczne w Żabikowie","opening_hours":"Tu-Fr 09:00-15:00; Sa-Su 10:00-14:00","phone":"48618130681","ref:nid":"35/Wlkp/A z dn. 18-07-2000","source:addr":"EMUiA (lubon.e-mapa.net)","tourism":"museum","website":"https://www.zabikowo.eu/","operator":"Województwo Wielkopolskie","operator:type":"government","source:tourism":"Wykaz Muzeów, wypis na dzień 2026-04-09","@id":"way/28177064"},"geometry":{"type":"Polygon","coordinates":[[[16.865613,52.3536031],[16.8657202,52.3535158],[16.8659498,52.353621],[16.8659407,52.3536284],[16.8660632,52.3536845],[16.8661037,52.353703],[16.8661311,52.3536807],[16.8661774,52.3537019],[16.866147,52.3537267],[16.8662306,52.353765],[16.8661704,52.353814],[16.8661351,52.3538428],[16.8660043,52.3537829],[16.8660191,52.3537708],[16.8658553,52.3536958],[16.8658409,52.3537075],[16.865613,52.3536031]]]}}],"cooperativeWork":{"meta":{"version":2,"type":1},"operations":[{"operationType":"modifyElement","data":{"id":"way/28177064","operations":[{"operation":"setTags","data":{"operator":"Województwo Wielkopolskie","operator:type":"government","source:tourism":"Wykaz Muzeów, wypis na dzień 2026-04-09"}}]}}]}}
{"type":"FeatureCollection","features":[{"type":"Feature","properties":{"addr:city":"Gdynia","addr:housenumber":"1A","addr:postcode":"81-374","addr:street":"Zawiszy Czarnego","building":"civic","fee":"yes","name":"Muzeum Miasta Gdyni","opening_hours":"Tu-Su 10:00-17:00","tourism":"museum","website":"https://www.muzeumgdynia.pl/","wikidata":"Q11787068","wikipedia":"pl:Muzeum Miasta Gdyni","operator":"Gmina Miasta Gdyni","operator:type":"government","source:tourism":"Wykaz Muzeów, wypis na dzień 2026-04-09","@id":"way/230205417"},"geometry":{"type":"Polygon","coordinates":[[[18.5472391,54.5160024],[18.5472502,54.5159827],[18.5471727,54.5159685],[18.5470857,54.5159526],[18.547103,54.5159206],[18.5470976,54.515919],[18.5470998,54.515915],[18.5471049,54.5159159],[18.5471212,54.5158862],[18.5471161,54.5158852],[18.5471185,54.5158811],[18.5471235,54.5158822],[18.5471399,54.5158524],[18.5471347,54.5158514],[18.5471368,54.5158477],[18.5471421,54.5158483],[18.5471584,54.5158186],[18.5471532,54.5158176],[18.5471554,54.5158136],[18.5471693,54.5158161],[18.5472324,54.5158195],[18.5472892,54.5157739],[18.5472479,54.5157003],[18.547323,54.5157096],[18.5473888,54.5157177],[18.5473316,54.5157546],[18.5473412,54.5158053],[18.5474511,54.5157984],[18.547452,54.515808],[18.5474807,54.5159855],[18.5473752,54.5159928],[18.5474162,54.5162128],[18.547419,54.5162135],[18.54742,54.5162194],[18.5473271,54.5161835],[18.5472604,54.51613],[18.5472296,54.5160667],[18.5472391,54.5160024]]]}}],"cooperativeWork":{"meta":{"version":2,"type":1},"operations":[{"operationType":"modifyElement","data":{"id":"way/230205417","operations":[{"operation":"setTags","data":{"operator":"Gmina Miasta Gdyni","operator:type":"government","source:tourism":"Wykaz Muzeów, wypis na dzień 2026-04-09"}}]}}]}}
{"type":"FeatureCollection","features":[{"type":"Feature","properties":{"building":"yes","fee":"yes","name":"Muzeum Miasta Mysłowice","opening_hours":"Tu-Su 10:00-16:00","tourism":"museum","addr:postcode":"41-400","addr:city":"Mysłowice","addr:street":"Stadionowa","addr:housenumber":"7a","operator":"Miasto Mysłowice","operator:type":"government","source:tourism":"Wykaz Muzeów, wypis na dzień 2026-04-09","@id":"way/336686102"},"geometry":{"type":"Polygon","coordinates":[[[19.1446847,50.2276813],[19.1445435,50.2278296],[19.1446838,50.2278843],[19.1445412,50.2280342],[19.1449884,50.2282084],[19.1451194,50.2280708],[19.1449703,50.2280128],[19.1451102,50.2278658],[19.1449682,50.2278105],[19.1449812,50.2277968],[19.1446847,50.2276813]]]}}],"cooperativeWork":{"meta":{"version":2,"type":1},"operations":[{"operationType":"modifyElement","data":{"id":"way/336686102","operations":[{"operation":"setTags","data":{"addr:postcode":"41-400","addr:city":"Mysłowice","addr:street":"Stadionowa","addr:housenumber":"7a","operator":"Miasto Mysłowice","operator:type":"government","source:tourism":"Wykaz Muzeów, wypis na dzień 2026-04-09"}}]}}]}}
{"type":"FeatureCollection","features":[{"type":"Feature","properties":{"addr:city":"Dzierżoniów","addr:housenumber":"30","addr:postcode":"58-200","addr:street":"Świdnicka","building":"yes","museum":"history","name":"Muzeum Miejskie Dzierżoniowa","operator":"Gmina Miejska Dzierżoniów","operator:type":"government","source:addr":"emuia.gugik.gov.pl","tourism":"museum","url":"http://mmdz.pl/","wikidata":"Q16579962","wikipedia":"pl:Muzeum Miejskie Dzierżoniowa","source:tourism":"Wykaz Muzeów, wypis na dzień 2026-04-09","@id":"way/228956503"},"geometry":{"type":"Polygon","coordinates":[[[16.645664,50.7316178],[16.6455938,50.7315798],[16.6455694,50.7315973],[16.6455086,50.7315643],[16.6455401,50.7315423],[16.6455277,50.7315349],[16.6455285,50.7315257],[16.645539,50.7315168],[16.6455498,50.731515],[16.6455834,50.7314897],[16.6455775,50.7314859],[16.6455847,50.7314805],[16.6455709,50.731473],[16.6456163,50.7314406],[16.6456306,50.7314479],[16.6456366,50.7314429],[16.6456423,50.7314459],[16.6457045,50.7314011],[16.6458042,50.7314588],[16.6458074,50.7314634],[16.6458085,50.7314685],[16.6458048,50.7314757],[16.6458534,50.7315024],[16.6457615,50.7315676],[16.645748,50.7315603],[16.645664,50.7316178]]]}}],"cooperativeWork":{"meta":{"version":2,"type":1},"operations":[{"operationType":"modifyElement","data":{"id":"way/228956503","operations":[{"operation":"setTags","data":{"operator":"Gmina Miejska Dzierżoniów","operator:type":"government","source:tourism":"Wykaz Muzeów, wypis na dzień 2026-04-09"}}]}}]}}
{"type":"FeatureCollection","features":[{"type":"Feature","properties":{"addr:city":"Nowa Sól","addr:housenumber":"20","addr:postcode":"67-100","addr:street":"Muzealna","building":"yes","image":"https://photos.app.goo.gl/cWjE6Sj3H6745xLa9","name":"Muzeum Miejskie w Nowej Soli","opening_hours":"Tu-Sa 09:00-16:00; Su 11:00-15:00","source:addr":"emuia.gugik.gov.pl","tourism":"museum","url":"https://dolny-slask.org.pl/525142,Nowa_Sol,Muzeum_Miejskie.html","website":"https://muzeum-nowasol.pl/","wikidata":"Q11787075","wikipedia":"pl:Muzeum Miejskie w Nowej Soli","operator":"Gmina miejska Nowa Sól","operator:type":"government","source:tourism":"Wykaz Muzeów, wypis na dzień 2026-04-09","@id":"way/323121103"},"geometry":{"type":"Polygon","coordinates":[[[15.7154807,51.8001504],[15.7155296,51.7999247],[15.7158081,51.7999478],[15.7157897,51.8000332],[15.7158117,51.800035],[15.7157994,51.8000916],[15.715776,51.8000896],[15.7157576,51.8001749],[15.7156596,51.8001668],[15.7156622,51.800155],[15.7155743,51.8001477],[15.7155721,51.800158],[15.7154807,51.8001504]]]}}],"cooperativeWork":{"meta":{"version":2,"type":1},"operations":[{"operationType":"modifyElement","data":{"id":"way/323121103","operations":[{"operation":"setTags","data":{"operator":"Gmina miejska Nowa Sól","operator:type":"government","source:tourism":"Wykaz Muzeów, wypis na dzień 2026-04-09"}}]}}]}}
{"type":"FeatureCollection","features":[{"type":"Feature","properties":{"building":"yes","fee":"yes","name":"Muzeum Miejskie Suchej Beskidzkiej","tourism":"museum","addr:postcode":"34-200","addr:city":"Sucha Beskidzka","addr:street":"Zamkowa","addr:housenumber":"1","operator":"Gmina Sucha Beskidzka","operator:type":"government","source:tourism":"Wykaz Muzeów, wypis na dzień 2026-04-09","@id":"way/366038299"},"geometry":{"type":"Polygon","coordinates":[[[19.6015154,49.7462012],[19.6014677,49.7461082],[19.6016882,49.7460652],[19.602023,49.7459955],[19.6019914,49.7459372],[19.60212,49.7459085],[19.6021575,49.7459808],[19.60212,49.7459905],[19.6021491,49.7460488],[19.6022133,49.7460357],[19.6022203,49.7460508],[19.6022468,49.7461048],[19.6022201,49.7461101],[19.6022298,49.7461309],[19.6021998,49.7461368],[19.6021975,49.7461318],[19.6019865,49.746173],[19.6019546,49.746107],[19.6015154,49.7462012]]]}}],"cooperativeWork":{"meta":{"version":2,"type":1},"operations":[{"operationType":"modifyElement","data":{"id":"way/366038299","operations":[{"operation":"setTags","data":{"addr:postcode":"34-200","addr:city":"Sucha Beskidzka","addr:street":"Zamkowa","addr:housenumber":"1","operator":"Gmina Sucha Beskidzka","operator:type":"government","source:tourism":"Wykaz Muzeów, wypis na dzień 2026-04-09"}}]}}]}}
{"type":"FeatureCollection","features":[{"type":"Feature","properties":{"addr:housenumber":"6","addr:street":"Muzealna","barrier":"fence","name":"Muzeum Okręgowe w Koninie","ref:ckkp":"WP00270","tourism":"museum","website":"http://www.muzeum.com.pl/","wikidata":"Q28674652","wikipedia":"pl:Muzeum Okręgowe w Koninie","addr:postcode":"62-505","addr:city":"Konin","operator":"Województwo Wielkopolskie","operator:type":"government","source:tourism":"Wykaz Muzeów, wypis na dzień 2026-04-09","@id":"way/261510291"},"geometry":{"type":"Polygon","coordinates":[[[18.2599195,52.2921221],[18.2604032,52.29228],[18.2605381,52.2922141],[18.2606098,52.2919407],[18.2605793,52.2918545],[18.2605734,52.2918382],[18.2605666,52.2918184],[18.2605107,52.2916603],[18.2604266,52.291635],[18.2600814,52.2916822],[18.2600594,52.291711],[18.2600071,52.2917026],[18.259962,52.2916957],[18.2598984,52.2917636],[18.2596756,52.2917413],[18.2594092,52.2917184],[18.2589256,52.2916811],[18.2590693,52.2912412],[18.2591473,52.2912187],[18.2592092,52.2912],[18.2594203,52.2912196],[18.2594611,52.2910773],[18.2594633,52.2910696],[18.2595267,52.2908485],[18.2596263,52.2905489],[18.2594718,52.2905293],[18.2592749,52.2905043],[18.2592455,52.2905005],[18.2592183,52.2904971],[18.2592147,52.2904966],[18.2588698,52.2904524],[18.2587835,52.2906103],[18.2586341,52.2908774],[18.2581889,52.2908111],[18.2581508,52.2908056],[18.2580925,52.2908157],[18.2580425,52.2908256],[18.2577563,52.2902918],[18.2569113,52.290625],[18.2568602,52.2906447],[18.256843,52.2906621],[18.2568305,52.2906959],[18.2568703,52.2907282],[18.2569541,52.2907958],[18.2572167,52.2910436],[18.2574051,52.291237],[18.2575945,52.2914271],[18.2576543,52.2914876],[18.2577041,52.291538],[18.2577658,52.2915816],[18.2578392,52.2916142],[18.2578512,52.2916196],[18.2580859,52.2916886],[18.2595971,52.2921438],[18.2596714,52.2920671],[18.2597057,52.2920747],[18.2599195,52.2921221]]]}}],"cooperativeWork":{"meta":{"version":2,"type":1},"operations":[{"operationType":"modifyElement","data":{"id":"way/261510291","operations":[{"operation":"setTags","data":{"addr:postcode":"62-505","addr:city":"Konin","operator":"Województwo Wielkopolskie","operator:type":"government","source:tourism":"Wykaz Muzeów, wypis na dzień 2026-04-09"}}]}}]}}
{"type":"FeatureCollection","features":[{"type":"Feature","properties":{"addr:city":"Rzeszów","addr:housenumber":"19","addr:street":"3 Maja","building":"yes","building:levels":"2","check_date":"2026-04-14","email":"sekretariat@muzeum.rzeszow.pl","fee":"yes","heritage":"2","image":"https://photos.app.goo.gl/HKgD45tPaFniUKDV9","name":"Muzeum Okręgowe w Rzeszowie","name:en":"The Regional Museum in Rzeszów","opening_hours":"Mo,Sa off; Tu-Th 08:30-15:30; Fr 08:30-17:30","operator":"Województwo Podkarpackie","phone":"+48 17 853 52 78","ref:ckkp":"PK00589","ref:nid":"A-1027","source":"UM Rzeszów, wms.erzeszow.pl","start_date":"1642","tourism":"museum","url":"https://fotopolska.eu/85192,obiekt.html?map_z=19","url:0":"https://polska-org.pl/7228942,Rzeszow,Muzeum_Okregowe.html","website":"https://www.muzeum.rzeszow.pl/","wikidata":"Q11787110","wikipedia":"pl:Muzeum Okręgowe w Rzeszowie","addr:postcode":"35-030","operator:type":"government","source:tourism":"Wykaz Muzeów, wypis na dzień 2026-04-09","@id":"way/202161900"},"geometry":{"type":"Polygon","coordinates":[[[22.0011765,50.035491],[22.0011699,50.0353748],[22.0011687,50.0353531],[22.0011633,50.0353536],[22.0011586,50.0352813],[22.0011557,50.0352359],[22.00116,50.0352361],[22.0011503,50.0351009],[22.0011496,50.035091],[22.0012906,50.0350872],[22.0012938,50.0351489],[22.0015438,50.0351412],[22.0015412,50.0350823],[22.001682,50.0350797],[22.0016888,50.0351948],[22.0016912,50.0352301],[22.001699,50.0354003],[22.0019009,50.0353953],[22.0019041,50.0354646],[22.0018175,50.0354665],[22.0018153,50.0354416],[22.0017698,50.0354429],[22.0017665,50.035443],[22.0017022,50.0354447],[22.0015623,50.0354485],[22.0015498,50.0352349],[22.0013008,50.0352416],[22.001318,50.0354875],[22.0011765,50.035491]]]}}],"cooperativeWork":{"meta":{"version":2,"type":1},"operations":[{"operationType":"modifyElement","data":{"id":"way/202161900","operations":[{"operation":"setTags","data":{"operator":"Województwo Podkarpackie","addr:postcode":"35-030","operator:type":"government","source:tourism":"Wykaz Muzeów, wypis na dzień 2026-04-09"}}]}}]}}
{"type":"FeatureCollection","features":[{"type":"Feature","properties":{"addr:city":"Białystok","addr:housenumber":"1","addr:postcode":"15-121","addr:street":"Węglowa","building":"public","building:colour":"orangered","building:levels":"2","building:levels:underground":"1","building:material":"brick","contact:email":"sekretariat@sybir.bialystok.pl","contact:facebook":"https://www.facebook.com/muzeumpamiecisybiru","contact:instagram":"https://www.instagram.com/sybirmemorialmuseum/","contact:twitter":"https://twitter.com/Muzeum_Weglowa","contact:website":"https://sybir.bialystok.pl/","contact:youtube":"https://www.youtube.com/muzeumpamiecisybiru","email":"sekretariat@sybir.bialystok.pl","heritage":"7","heritage:operator":"Miasto Białystok","heritage:website":"https://zabytek.pl/pl/obiekty/zabytek?inspire_id=PL.1.9.ZIPOZ.NID_E_20_BK.153270&rejestr=ewidencja-zabytkow","mobile":"+48 795 650 800","museum":"history","name":"Muzeum Pamięci Sybiru","opening_hours":"Su-Fr 09:30-17:00; Sa 12:30-20:00","operator":"Miasto Białystok","operator:type":"government","payment:american_express":"yes","payment:cash":"yes","payment:contactless":"yes","payment:diners_club":"yes","payment:discover_card":"yes","payment:jcb":"yes","payment:maestro":"yes","payment:mastercard":"yes","payment:visa":"yes","payment:visa_debit":"yes","payment:visa_electron":"yes","phone":"+48 85 672 36 00; +48 85 672 36 01; +48 85 672 35 76","ref:inspire":"PL.1.9.ZIPOZ.NID_E_20_BK.153270","roof:colour":"lightgray","roof:material":"tar_paper","roof:shape":"flat","start_date":"2021-09-17","tourism":"museum","website":"https://sybir.bialystok.pl/","wheelchair":"yes","source:tourism":"Wykaz Muzeów, wypis na dzień 2026-04-09","@id":"way/241572173"},"geometry":{"type":"Polygon","coordinates":[[[23.1755488,53.1432605],[23.1755174,53.1432397],[23.1754443,53.1431912],[23.1751401,53.1433494],[23.1750854,53.1433052],[23.1742726,53.1436517],[23.1746722,53.1437062],[23.1747845,53.1437215],[23.1748933,53.1437929],[23.1749008,53.1437978],[23.1749075,53.1438021],[23.1749311,53.1437889],[23.1749685,53.143768],[23.1750393,53.1438121],[23.1761856,53.1432163],[23.1761312,53.1431812],[23.1762073,53.1431384],[23.1761799,53.1431227],[23.1761538,53.1431042],[23.1760777,53.1431427],[23.1759829,53.143083],[23.1752527,53.1434864],[23.17521,53.1434561],[23.1751945,53.1434451],[23.1755488,53.1432605]]]}}],"cooperativeWork":{"meta":{"version":2,"type":1},"operations":[{"operationType":"modifyElement","data":{"id":"way/241572173","operations":[{"operation":"setTags","data":{"operator":"Miasto Białystok","operator:type":"government","source:tourism":"Wykaz Muzeów, wypis na dzień 2026-04-09"}}]}}]}}
{"type":"FeatureCollection","features":[{"type":"Feature","properties":{"addr:city":"Warszawa","addr:housenumber":"79","addr:postcode":"00-844","addr:street":"Grzybowska","check_date":"2026-03-27","email":"biuro@1944.pl","fax":"48225397924","fee":"yes","landuse":"commercial","museum":"history","name":"Muzeum Powstania Warszawskiego","name:be":"Музей Варшаўскага паўстання","name:de":"Museum des Warschauer Aufstandes","name:en":"Warsaw Rising Museum","name:es":"Museo del Alzamiento de Varsovia","name:fr":"Musée de l'Insurrection de Varsovie","name:lt":"Varšuvos sukilimo muziejus","name:pl":"Muzeum Powstania Warszawskiego","name:pt":"Museu da Insurreição de Varsóvia","name:ro":"Muzeul Insurecției din Varșovia","name:ru":"Музей Варшавского восстания","name:uk":"Музей Варшавського повстання","name:zh":"華沙起義博物館","opening_hours":"Mo,We-Fr 08:00-18:00; Tu off; Sa-Su 10:00-18:00","phone":"+48 22 539 79 05","ref:ckkp":"MZ00416","toilets:wheelchair":"yes","tourism":"museum","website":"https://1944.pl/","wheelchair":"yes","wikidata":"Q574328","wikipedia":"pl:Muzeum Powstania Warszawskiego","operator":"Miasto Stołeczne Warszawa","operator:type":"government","source:tourism":"Wykaz Muzeów, wypis na dzień 2026-04-09","@id":"way/167109428"},"geometry":{"type":"Polygon","coordinates":[[[20.9805912,52.2329203],[20.9811486,52.2330095],[20.98118,52.2330145],[20.9812012,52.2330179],[20.981306,52.2330347],[20.9813373,52.2329988],[20.9815064,52.2328048],[20.981994,52.2322397],[20.9822344,52.231965],[20.9823427,52.2316411],[20.9823465,52.2316303],[20.9823593,52.2316068],[20.9823969,52.2315446],[20.9815097,52.2314326],[20.9814746,52.2314773],[20.9806896,52.2313779],[20.9806675,52.2317325],[20.9806663,52.2317486],[20.9806623,52.2318005],[20.9806034,52.2326273],[20.9805985,52.2326865],[20.9805968,52.2327094],[20.9805809,52.2328726],[20.980577,52.2329058],[20.9805912,52.2329203]]]}}],"cooperativeWork":{"meta":{"version":2,"type":1},"operations":[{"operationType":"modifyElement","data":{"id":"way/167109428","operations":[{"operation":"setTags","data":{"operator":"Miasto Stołeczne Warszawa","operator:type":"government","source:tourism":"Wykaz Muzeów, wypis na dzień 2026-04-09"}}]}}]}}
{"type":"FeatureCollection","features":[{"type":"Feature","properties":{"addr:city":"Dębica","addr:housenumber":"4","addr:postcode":"39-200","addr:street":"Ratuszowa","barrier":"fence","building":"yes","email":"sekretariat@muzeumwdebicy.pl","museum":"history","name":"Muzeum Regionalne w Dębicy","official_name":"Muzeum Regionalne w Dębicy","opening_hours":"Mo-Fr 08:30-15:30; Sa 10:00-12:00; Su 15:00-17:00","phone":"+48 14 683 74 28","start_date":"2003","tourism":"museum","website":"https://muzeumwdebicy.pl/","wikidata":"Q11787172","wikipedia":"pl:Muzeum Regionalne w Dębicy","operator":"Gmina Miasta Dębica","operator:type":"government","source:tourism":"Wykaz Muzeów, wypis na dzień 2026-04-09","@id":"way/437843150"},"geometry":{"type":"Polygon","coordinates":[[[21.4087264,50.0590513],[21.4089331,50.059105],[21.4089456,50.0590882],[21.4089843,50.0590977],[21.4090174,50.0591059],[21.409008,50.0591222],[21.4091863,50.0591699],[21.4092231,50.0591397],[21.4093176,50.0591645],[21.4093649,50.0591771],[21.4095238,50.0589388],[21.4099518,50.0590391],[21.4100812,50.0588273],[21.4103224,50.0584326],[21.4101226,50.058364],[21.4100723,50.0583666],[21.410011,50.0583492],[21.4099838,50.0583137],[21.4099487,50.0583027],[21.4099245,50.0583015],[21.4099054,50.058304],[21.4098736,50.0583166],[21.409848,50.0583099],[21.4098223,50.0583031],[21.409829,50.0582788],[21.40982,50.0582653],[21.4098049,50.0582524],[21.4097758,50.058242],[21.4095394,50.0581768],[21.4095003,50.0581652],[21.4093039,50.0581091],[21.4087264,50.0590513]]]}}],"cooperativeWork":{"meta":{"version":2,"type":1},"operations":[{"operationType":"modifyElement","data":{"id":"way/437843150","operations":[{"operation":"setTags","data":{"name":"Muzeum Regionalne w Dębicy","operator":"Gmina Miasta Dębica","operator:type":"government","source:tourism":"Wykaz Muzeów, wypis na dzień 2026-04-09"}}]}}]}}
{"type":"FeatureCollection","features":[{"type":"Feature","properties":{"addr:city":"Kutno","addr:housenumber":"20","addr:place":"Plac Marszałka Józefa Piłsudskiego","addr:postcode":"99-300","landuse":"yes","name":"Muzeum Pałac Saski w Kutnie","opening_hours":"Tu-Su 10:00-18:00","tourism":"museum","website":"https://muzeumkutno.com","addr:street":"Józefa Piłsudskiego","operator":"Miasto Kutno","operator:type":"government","source:tourism":"Wykaz Muzeów, wypis na dzień 2026-04-09","@id":"way/1219345903"},"geometry":{"type":"Polygon","coordinates":[[[19.3559018,52.2328578],[19.3560115,52.2330451],[19.3559656,52.2330549],[19.3560365,52.2331711],[19.3560507,52.2331969],[19.3562139,52.2331555],[19.3562532,52.2332237],[19.3562826,52.2332775],[19.3562886,52.2332763],[19.3563783,52.2332569],[19.3565976,52.2332094],[19.3566437,52.2332073],[19.3566475,52.2332062],[19.3568252,52.2331657],[19.356785,52.2330962],[19.3567873,52.2330957],[19.3567593,52.2330475],[19.356757,52.233048],[19.3567169,52.2329766],[19.3566902,52.2329291],[19.3565654,52.2327134],[19.356435,52.2327409],[19.3564315,52.2327414],[19.356435,52.2327493],[19.3563297,52.2327723],[19.3563247,52.232764],[19.3561958,52.232793],[19.3561993,52.2327998],[19.3560939,52.2328231],[19.3560903,52.2328165],[19.355957,52.2328455],[19.3559018,52.2328578]]]}}],"cooperativeWork":{"meta":{"version":2,"type":1},"operations":[{"operationType":"modifyElement","data":{"id":"way/1219345903","operations":[{"operation":"setTags","data":{"addr:street":"Józefa Piłsudskiego","operator":"Miasto Kutno","operator:type":"government","source:tourism":"Wykaz Muzeów, wypis na dzień 2026-04-09"}}]}}]}}
{"type":"FeatureCollection","features":[{"type":"Feature","properties":{"addr:city":"Łuków","addr:city:simc":"975530","addr:housenumber":"19","addr:postcode":"21-400","addr:street":"Józefa Piłsudskiego","addr:street:sym_ul":"16264","building":"public","charge":"yes","contact:email":"biuro@muzeum.lukow.pl","fee":"4zł","historic":"building","name":"Muzeum Regionalne w Łukowie","opening_hours":"Mo-Fr 08:00-16:00; Su 11:00-15:00","phone":"+4825 798 27 16","source:addr":"emuia.gugik.gov.pl","tourism":"museum","website":"http://muzeum.lukow.pl","operator":"Powiat Łukowski","operator:type":"government","source:tourism":"Wykaz Muzeów, wypis na dzień 2026-04-09","@id":"way/170977540"},"geometry":{"type":"Polygon","coordinates":[[[22.3780085,51.9305142],[22.3780589,51.9304023],[22.3780253,51.9303965],[22.3780438,51.9303558],[22.3780774,51.9303615],[22.3781282,51.9302495],[22.3783116,51.9302812],[22.3782647,51.9303885],[22.3783018,51.9303937],[22.3782788,51.930445],[22.3782417,51.9304384],[22.3781912,51.9305474],[22.3780085,51.9305142]]]}}],"cooperativeWork":{"meta":{"version":2,"type":1},"operations":[{"operationType":"modifyElement","data":{"id":"way/170977540","operations":[{"operation":"setTags","data":{"operator":"Powiat Łukowski","operator:type":"government","source:tourism":"Wykaz Muzeów, wypis na dzień 2026-04-09"}}]}}]}}
{"type":"FeatureCollection","features":[{"type":"Feature","properties":{"addr:city":"Pleszew","addr:housenumber":"34","addr:postcode":"63-300","addr:street":"Poznańska","building":"yes","contact:facebook":"https://www.facebook.com/muzeum.pleszew","email":"muzeum@pleszew.pl","name":"Muzeum Regionalne w Pleszewie","opening_hours":"Tu,We 09:00-17:00; Th,Fr 08:00-16:00; Sa 09:00-13:00","phone":"48627428359","tourism":"museum","website":"http://muzeum.holdicom.pl/","wikidata":"Q18432493","wikipedia":"pl:Muzeum Regionalne w Pleszewie","operator":"Miasto i Gmina Pleszew","operator:type":"government","source:tourism":"Wykaz Muzeów, wypis na dzień 2026-04-09","@id":"way/278041365"},"geometry":{"type":"Polygon","coordinates":[[[17.7812407,51.8968883],[17.7812136,51.8967742],[17.7815559,51.8967432],[17.781567,51.8967899],[17.7815578,51.8967907],[17.7815652,51.8968217],[17.7815333,51.8968245],[17.781542,51.8968611],[17.7812407,51.8968883]]]}}],"cooperativeWork":{"meta":{"version":2,"type":1},"operations":[{"operationType":"modifyElement","data":{"id":"way/278041365","operations":[{"operation":"setTags","data":{"operator":"Miasto i Gmina Pleszew","operator:type":"government","source:tourism":"Wykaz Muzeów, wypis na dzień 2026-04-09"}}]}}]}}
{"type":"FeatureCollection","features":[{"type":"Feature","properties":{"email":"muzeum@muzeum.stalowawola.pl","fax":"+48 15 844 85 57","image":"http://www.muzeum.stalowawola.pl/media/k2/items/cache/78a38d90a5f5af5857b8e93fa4dd5a84_XL.jpg","name":"Muzeum Regionalne w Stalowej Woli","official_name":"Muzeum Regionalne w Stalowej Woli","opening_hours":"Mo 08:00-15:00, Tu-Th 08:00-18:00; Fr 08:00-15:00; Su 14:00-18:00","operator":"Gmina Stalowa Wola","phone":"+48 15 844 85 56","start_date":"1999","tourism":"museum","website":"http://www.muzeum.stalowawola.pl/","wikidata":"Q11787182","wikipedia":"pl:Muzeum Regionalne w Stalowej Woli","addr:postcode":"37-464","addr:city":"Stalowa Wola","addr:street":"Sandomierska","addr:housenumber":"1","operator:type":"government","source:tourism":"Wykaz Muzeów, wypis na dzień 2026-04-09","@id":"way/500390095"},"geometry":{"type":"Polygon","coordinates":[[[22.0425663,50.5940265],[22.0416976,50.5934611],[22.0410479,50.5931007],[22.040551,50.593428],[22.0411596,50.5937995],[22.0420266,50.5943287],[22.0425663,50.5940265]]]}}],"cooperativeWork":{"meta":{"version":2,"type":1},"operations":[{"operationType":"modifyElement","data":{"id":"way/500390095","operations":[{"operation":"setTags","data":{"name":"Muzeum Regionalne w Stalowej Woli","operator":"Gmina Stalowa Wola","addr:postcode":"37-464","addr:city":"Stalowa Wola","addr:street":"Sandomierska","addr:housenumber":"1","operator:type":"government","source:tourism":"Wykaz Muzeów, wypis na dzień 2026-04-09"}}]}}]}}
{"type":"FeatureCollection","features":[{"type":"Feature","properties":{"addr:city":"Zwoleń","addr:city:simc":"974096","addr:housenumber":"30","addr:postcode":"26-700","addr:street":"Kardynała Stefana Wyszyńskiego","alt_name":"Muzeum Regionalne w Zwoleniu","building":"presbytery","building:colour":"#FFFFF0","building:levels":"1","building:material":"plaster","check_date":"2026-03-21","museum":"local","name":"Muzeum Regionalne w Zwoleniu","official_name":"Centrum Regionalne przy Nekropolii Jana Kochanowskiego w Zwoleniu","roof:levels":"1","roof:material":"copper","roof:shape":"gabled","source:addr":"gugik.gov.pl","tourism":"museum","website":"https://muzeum.zwolen.pl/","wikidata":"Q20032310","wikipedia":"pl:Centrum Regionalne w Zwoleniu","operator":"Gmina Zwoleń","operator:type":"government","source:tourism":"Wykaz Muzeów, wypis na dzień 2026-04-09","@id":"way/315626202"},"geometry":{"type":"Polygon","coordinates":[[[21.5858794,51.358141],[21.5859368,51.3582024],[21.5859807,51.3582093],[21.586006,51.3582001],[21.5860223,51.3581942],[21.5860348,51.3582075],[21.5860534,51.3582007],[21.586072,51.3581939],[21.5860598,51.3581809],[21.5860702,51.3581771],[21.5860952,51.3582038],[21.5862052,51.3581637],[21.5861803,51.3581371],[21.5862581,51.3581087],[21.5862789,51.3581309],[21.5862974,51.3581241],[21.5863158,51.3581174],[21.5862951,51.3580953],[21.5863517,51.3580746],[21.5862781,51.357996],[21.5861717,51.3580348],[21.5861184,51.3580542],[21.5861027,51.35806],[21.586093,51.3580496],[21.5860433,51.3580677],[21.5859937,51.3580858],[21.5860031,51.3580959],[21.5859877,51.3581015],[21.5859695,51.3581081],[21.5858794,51.358141]]]}}],"cooperativeWork":{"meta":{"version":2,"type":1},"operations":[{"operationType":"modifyElement","data":{"id":"way/315626202","operations":[{"operation":"setTags","data":{"operator":"Gmina Zwoleń","operator:type":"government","source:tourism":"Wykaz Muzeów, wypis na dzień 2026-04-09"}}]}}]}}
{"type":"FeatureCollection","features":[{"type":"Feature","properties":{"email":"muzeum@sopot.pl","fee":"yes","landuse":"commercial","name":"Muzeum Sopotu","phone":"+48 58 551 22 66","tourism":"museum","website":"https://www.muzeumsopotu.pl/","addr:postcode":"81-724","addr:city":"Sopot","addr:street":"Poniatowskiego","addr:housenumber":"8","operator":"Gmina Miasta Sopotu","operator:type":"government","source:tourism":"Wykaz Muzeów, wypis na dzień 2026-04-09","@id":"way/1378897862"},"geometry":{"type":"Polygon","coordinates":[[[18.5767709,54.4398837],[18.5763276,54.4402738],[18.5762854,54.4402796],[18.5753721,54.4400429],[18.57545,54.439946],[18.575543,54.439826],[18.5755868,54.4397709],[18.5756119,54.4397775],[18.5758092,54.4395964],[18.5767709,54.4398837]]]}}],"cooperativeWork":{"meta":{"version":2,"type":1},"operations":[{"operationType":"modifyElement","data":{"id":"way/1378897862","operations":[{"operation":"setTags","data":{"addr:postcode":"81-724","addr:city":"Sopot","addr:street":"Poniatowskiego","addr:housenumber":"8","operator":"Gmina Miasta Sopotu","operator:type":"government","source:tourism":"Wykaz Muzeów, wypis na dzień 2026-04-09"}}]}}]}}
{"type":"FeatureCollection","features":[{"type":"Feature","properties":{"addr:city":"Łódź","addr:housenumber":"13","addr:postcode":"90-706","addr:street":"Gdańska","building":"yes","building:levels":"3","fee":"yes","heritage":"2","heritage:operator":"nid","historic":"prison","museum":"history","name":"Muzeum Tradycji Niepodległościowych w Łodzi","old_name":"Więzienie Carskie","ref:nid":"A/20","tourism":"museum","wikidata":"Q11787231","operator":"Miasto Łódź","operator:type":"government","source:tourism":"Wykaz Muzeów, wypis na dzień 2026-04-09","@id":"way/175716830"},"geometry":{"type":"Polygon","coordinates":[[[19.4471959,51.7757758],[19.4472157,51.7756914],[19.4472613,51.7754923],[19.4472745,51.7754343],[19.4473762,51.7754613],[19.4473835,51.7754633],[19.447338,51.7756567],[19.4473487,51.77567],[19.4474766,51.7756794],[19.4474918,51.7756716],[19.4475293,51.7754996],[19.4476598,51.7755326],[19.4476643,51.7755345],[19.4476648,51.7755381],[19.4476623,51.7755403],[19.4476572,51.7755424],[19.4476537,51.7755602],[19.4476233,51.7757158],[19.4476014,51.7758048],[19.4473047,51.7757836],[19.4472832,51.7757831],[19.4472813,51.7757919],[19.4472438,51.7759635],[19.4471566,51.7759562],[19.4471624,51.7759297],[19.4471959,51.7757758]]]}}],"cooperativeWork":{"meta":{"version":2,"type":1},"operations":[{"operationType":"modifyElement","data":{"id":"way/175716830","operations":[{"operation":"setTags","data":{"operator":"Miasto Łódź","operator:type":"government","source:tourism":"Wykaz Muzeów, wypis na dzień 2026-04-09"}}]}}]}}
{"type":"FeatureCollection","features":[{"type":"Feature","properties":{"addr:city":"Gliwice","addr:housename":"Willa Caro","addr:housenumber":"8a","addr:postcode":"44-100","addr:street":"Dolnych Wałów","building":"yes","fee":"yes","heritage":"2","heritage:operator":"nid","historic":"yes","image":"https://commons.wikimedia.org/wiki/File:Gliwice,_Willa_Caro.jpg","museum":"history","name":"Muzeum w Gliwicach","ref:nid":"A/1309/83","source:addr":"EMUiA (emuia.gugik.gov.pl)","start_date":"1885","tourism":"museum","wikidata":"Q122740","wikimedia_commons":"File:Gliwice, Willa Caro.jpg","wikipedia":"pl:Willa Caro","operator":"Miasto Gliwice","operator:type":"government","source:tourism":"Wykaz Muzeów, wypis na dzień 2026-04-09","@id":"way/184414688"},"geometry":{"type":"Polygon","coordinates":[[[18.6672605,50.2953503],[18.6672792,50.2953349],[18.6672861,50.2953382],[18.6673323,50.2953021],[18.667337,50.2953039],[18.6673628,50.2952836],[18.6674323,50.2953202],[18.6674378,50.2953164],[18.6674522,50.2953238],[18.6674586,50.295319],[18.6674833,50.2953168],[18.6675085,50.2953306],[18.6675106,50.2953457],[18.6675039,50.2953513],[18.6675191,50.2953592],[18.6673891,50.2954616],[18.6674896,50.2955121],[18.6674236,50.2955624],[18.66742,50.2955605],[18.6673701,50.2956007],[18.6673205,50.2955766],[18.6673175,50.2955785],[18.6672948,50.2955667],[18.6672025,50.2955208],[18.6672247,50.2955042],[18.6672564,50.2954813],[18.667163,50.2954346],[18.6672096,50.2953984],[18.6672034,50.2953954],[18.6672229,50.2953797],[18.6672087,50.2953717],[18.6672455,50.2953427],[18.6672605,50.2953503]]]}}],"cooperativeWork":{"meta":{"version":2,"type":1},"operations":[{"operationType":"modifyElement","data":{"id":"way/184414688","operations":[{"operation":"setTags","data":{"operator":"Miasto Gliwice","operator:type":"government","source:tourism":"Wykaz Muzeów, wypis na dzień 2026-04-09"}}]}}]}}
{"type":"FeatureCollection","features":[{"type":"Feature","properties":{"landuse":"commercial","name":"Muzeum w Koszalinie","tourism":"museum","addr:postcode":"75-420","addr:city":"Koszalin","addr:street":"Młyńska","addr:housenumber":"37-","operator":"Miasto Koszalin","operator:type":"government","source:tourism":"Wykaz Muzeów, wypis na dzień 2026-04-09","@id":"way/1021316803"},"geometry":{"type":"Polygon","coordinates":[[[16.1817198,54.1930969],[16.1815118,54.1931232],[16.181041,54.193153],[16.1810154,54.1931487],[16.1810076,54.1931582],[16.1809949,54.193174],[16.1809814,54.1931907],[16.1809744,54.1931992],[16.1809227,54.1931857],[16.1807985,54.1934009],[16.1812382,54.193704],[16.1814973,54.1937186],[16.182242,54.1934263],[16.1822947,54.1934614],[16.1825372,54.193316],[16.1824915,54.1932732],[16.1823417,54.1931938],[16.1819668,54.1929122],[16.1817317,54.1929389],[16.1816642,54.1929466],[16.1817198,54.1930969]]]}}],"cooperativeWork":{"meta":{"version":2,"type":1},"operations":[{"operationType":"modifyElement","data":{"id":"way/1021316803","operations":[{"operation":"setTags","data":{"addr:postcode":"75-420","addr:city":"Koszalin","addr:street":"Młyńska","addr:housenumber":"37-","operator":"Miasto Koszalin","operator:type":"government","source:tourism":"Wykaz Muzeów, wypis na dzień 2026-04-09"}}]}}]}}
{"type":"FeatureCollection","features":[{"type":"Feature","properties":{"building":"yes","museum":"history","name":"Muzeum w Lęborku","tourism":"museum","addr:postcode":"84-300","addr:city":"Lębork","addr:street":"Młynarska","addr:housenumber":"14-","operator":"Gmina Miasto Lębork","operator:type":"government","source:tourism":"Wykaz Muzeów, wypis na dzień 2026-04-09","@id":"way/302962645"},"geometry":{"type":"Polygon","coordinates":[[[17.7521408,54.5440937],[17.7522023,54.5440434],[17.7520476,54.5439828],[17.7520261,54.5439746],[17.7521845,54.5438531],[17.7522158,54.543866],[17.7523462,54.5439196],[17.752327,54.543937],[17.7523548,54.5439486],[17.7522973,54.5439988],[17.7522964,54.5440099],[17.7523036,54.5440202],[17.7523007,54.5440303],[17.7524012,54.5440735],[17.7523562,54.54411],[17.7522967,54.5440803],[17.7522356,54.5441306],[17.7521408,54.5440937]]]}}],"cooperativeWork":{"meta":{"version":2,"type":1},"operations":[{"operationType":"modifyElement","data":{"id":"way/302962645","operations":[{"operation":"setTags","data":{"addr:postcode":"84-300","addr:city":"Lębork","addr:street":"Młynarska","addr:housenumber":"14-","operator":"Gmina Miasto Lębork","operator:type":"government","source:tourism":"Wykaz Muzeów, wypis na dzień 2026-04-09"}}]}}]}}
{"type":"FeatureCollection","features":[{"type":"Feature","properties":{"addr:city":"Łowicz","addr:housenumber":"5/7","addr:postcode":"99-400","addr:street":"Plac Stary Rynek","building":"yes","building:levels":"3","name":"Muzeum w Łowiczu","opening_hours":"Tu-Su 10:00-16:00","phone":"48468373928","ref:ckkp":"LD00353","tourism":"museum","website":"http://www.muzeumlowicz.pl/","wikidata":"Q11787326","wikipedia":"pl:Muzeum w Łowiczu","operator":"Powiat Łowicki","operator:type":"government","source:tourism":"Wykaz Muzeów, wypis na dzień 2026-04-09","@id":"way/318827668"},"geometry":{"type":"Polygon","coordinates":[[[19.946821,52.1076609],[19.9461806,52.1077182],[19.9462026,52.107826],[19.9462254,52.1079337],[19.9464411,52.1079166],[19.9464371,52.1080077],[19.9464352,52.1080522],[19.9460616,52.1080358],[19.9460433,52.1079482],[19.9460785,52.1079453],[19.9460593,52.1078596],[19.9460381,52.1078588],[19.9460387,52.1078618],[19.9460259,52.1078628],[19.94602,52.1078521],[19.9460258,52.1078518],[19.946024,52.1078414],[19.9460216,52.1078307],[19.9460156,52.1078312],[19.9460171,52.1078207],[19.9460291,52.107819],[19.9460302,52.1078219],[19.9460504,52.107818],[19.9460479,52.1078058],[19.9460446,52.1077903],[19.9460372,52.1077554],[19.9460318,52.10773],[19.9459977,52.1077339],[19.9459765,52.1076304],[19.9460523,52.1076253],[19.9461043,52.1076185],[19.9467439,52.1075618],[19.9467989,52.1075569],[19.9468156,52.1075543],[19.9468424,52.1076592],[19.946821,52.1076609]]]}}],"cooperativeWork":{"meta":{"version":2,"type":1},"operations":[{"operationType":"modifyElement","data":{"id":"way/318827668","operations":[{"operation":"setTags","data":{"operator":"Powiat Łowicki","operator:type":"government","source:tourism":"Wykaz Muzeów, wypis na dzień 2026-04-09"}}]}}]}}
{"type":"FeatureCollection","features":[{"type":"Feature","properties":{"name":"Muzeum Powiatowe w Nysie","tourism":"museum","website":"http://www.muzeum.nysa.pl/","wikidata":"Q11814730","wikipedia":"pl:Muzeum Powiatowe w Nysie","addr:postcode":"48-300","addr:city":"Nysa","addr:street":"Biskupa Jarosława","addr:housenumber":"11","operator":"Powiat Nyski","operator:type":"government","source:tourism":"Wykaz Muzeów, wypis na dzień 2026-04-09","@id":"way/333365998"},"geometry":{"type":"Polygon","coordinates":[[[17.3375134,50.4736307],[17.3375101,50.4736324],[17.3372243,50.4737807],[17.3369688,50.4739134],[17.3369759,50.4739181],[17.3369706,50.4739207],[17.3370478,50.4739847],[17.3371236,50.4740593],[17.337272,50.4742149],[17.3373429,50.4742831],[17.3376471,50.4741274],[17.3379366,50.4739839],[17.3375159,50.4736328],[17.3375134,50.4736307]]]}}],"cooperativeWork":{"meta":{"version":2,"type":1},"operations":[{"operationType":"modifyElement","data":{"id":"way/333365998","operations":[{"operation":"setTags","data":{"addr:postcode":"48-300","addr:city":"Nysa","addr:street":"Biskupa Jarosława","addr:housenumber":"11","operator":"Powiat Nyski","operator:type":"government","source:tourism":"Wykaz Muzeów, wypis na dzień 2026-04-09"}}]}}]}}
{"type":"FeatureCollection","features":[{"type":"Feature","properties":{"addr:city":"Praszka","addr:housenumber":"15","addr:postcode":"46-320","addr:street":"Plac Grunwaldzki","building":"yes","fee":"yes","name":"Muzeum w Praszce","source:geometry":"geoportal.gov.pl;GPS/RTK","tourism":"museum","operator":"Gmina Praszka","operator:type":"government","source:tourism":"Wykaz Muzeów, wypis na dzień 2026-04-09","@id":"way/283068153"},"geometry":{"type":"Polygon","coordinates":[[[18.4503443,51.0557144],[18.4502784,51.0556292],[18.4502762,51.0556263],[18.4502206,51.0555577],[18.4501352,51.0555847],[18.4501123,51.0555556],[18.4502463,51.0555101],[18.4502918,51.055569],[18.4504303,51.0555263],[18.4503868,51.055462],[18.4504395,51.0554464],[18.4504486,51.0554597],[18.450574,51.0556306],[18.4503443,51.0557144]]]}}],"cooperativeWork":{"meta":{"version":2,"type":1},"operations":[{"operationType":"modifyElement","data":{"id":"way/283068153","operations":[{"operation":"setTags","data":{"operator":"Gmina Praszka","operator:type":"government","source:tourism":"Wykaz Muzeów, wypis na dzień 2026-04-09"}}]}}]}}
{"type":"FeatureCollection","features":[{"type":"Feature","properties":{"addr:city":"Wałbrzych","addr:housenumber":"9","addr:postcode":"58-300","addr:street":"1 Maja","building":"yes","email":"muzeum@muzeum.walbrzych.pl","facebook":"https://www.facebook.com/MuzeumPorcelanyWalbrzych","fee":"yes","name":"Muzeum Porcelany w Wałbrzychu","phone":"48746646030","ref:ckkp":"DS00704","source:addr":"EMUiA (emuia.gugik.gov.pl)","tourism":"museum","website":"https://muzeum.walbrzych.pl/","wikidata":"Q11787324","wikipedia":"pl:Muzeum Porcelany w Wałbrzychu","operator":"Gmina Wałbrzych","operator:type":"government","source:tourism":"Wykaz Muzeów, wypis na dzień 2026-04-09","@id":"way/396216689"},"geometry":{"type":"Polygon","coordinates":[[[16.2800097,50.7654658],[16.2799013,50.7654258],[16.2799304,50.7653942],[16.2799788,50.7653415],[16.2799933,50.7653258],[16.2800089,50.7653088],[16.2799142,50.7652743],[16.2799067,50.7652822],[16.2798863,50.7652749],[16.2798906,50.7652697],[16.2798781,50.7652651],[16.2798616,50.7652595],[16.2798574,50.7652641],[16.2798362,50.7652561],[16.2798436,50.7652481],[16.2797547,50.7652153],[16.2797405,50.7652308],[16.2797257,50.7652475],[16.2796473,50.7653321],[16.2795344,50.7652904],[16.2796645,50.7651489],[16.2797328,50.7651741],[16.2797954,50.7651059],[16.2799317,50.765156],[16.2799447,50.7651419],[16.2799779,50.7651551],[16.2800091,50.7651659],[16.279997,50.76518],[16.280104,50.7652194],[16.2800428,50.7652859],[16.2801417,50.7653222],[16.2800922,50.7653761],[16.2800097,50.7654658]]]}}],"cooperativeWork":{"meta":{"version":2,"type":1},"operations":[{"operationType":"modifyElement","data":{"id":"way/396216689","operations":[{"operation":"setTags","data":{"operator":"Gmina Wałbrzych","operator:type":"government","source:tourism":"Wykaz Muzeów, wypis na dzień 2026-04-09"}}]}}]}}
{"type":"FeatureCollection","features":[{"type":"Feature","properties":{"access":"yes","addr:city":"Liw","addr:city:simc":"677926","addr:housenumber":"2","addr:postcode":"07-100","addr:street":"Stefana Batorego","addr:street:sym_ul":"891","building":"castle","building:colour":"#ffffff","building:levels":"1","building:material":"plaster","castle_type":"manor","historic":"manor","name":"Muzeum Zbrojownia na Zamku w Liwie","ref:ckkp":"MZ00341","roof:colour":"#E96B39","roof:levels":"1","roof:material":"roof_tiles","roof:orientation":"along","roof:shape":"mansard","source:addr":"liw.e-mapa.net","tourism":"museum","website":"https://liw-zamek.pl/","wikidata":"Q1013004","wikimedia_commons":"Category:Liw Castle","wikipedia":"pl:Zamek w Liwie","operator":"Samorząd Województwa Mazowieckiego","operator:type":"government","source:tourism":"Wykaz Muzeów, wypis na dzień 2026-04-09","@id":"way/238946048"},"geometry":{"type":"Polygon","coordinates":[[[21.9699507,52.3735962],[21.9699377,52.3735809],[21.9699209,52.3735857],[21.9698378,52.3734978],[21.9699883,52.3734487],[21.9700041,52.3734436],[21.9701484,52.3733965],[21.9702435,52.3735002],[21.9699507,52.3735962]]]}}],"cooperativeWork":{"meta":{"version":2,"type":1},"operations":[{"operationType":"modifyElement","data":{"id":"way/238946048","operations":[{"operation":"setTags","data":{"operator":"Samorząd Województwa Mazowieckiego","operator:type":"government","source:tourism":"Wykaz Muzeów, wypis na dzień 2026-04-09"}}]}}]}}
{"type":"FeatureCollection","features":[{"type":"Feature","properties":{"addr:city":"Błonie","addr:city:simc":"920249","addr:housenumber":"1","addr:postcode":"05-870","addr:street":"Cypriana Kamila Norwida","building":"public","building:levels":"2","email":"sekretariat@muzeumblonie.pl","historic":"yes","mobile":"+48 506 381 768","name":"Muzeum Ziemi Błońskiej","opening_hours":"Tu,Th,Fr 10:00-16:00; We 10:00-17:00; Sa 14:00-18:00","phone":"+48 22 770 70 30","source:addr":"blonie.e-mapa.net","source:building":"BDOT","source:geometry":"EGiB","tourism":"museum","website":"https://muzeumblonie.pl/","operator":"Gmina Błonie","operator:type":"government","source:tourism":"Wykaz Muzeów, wypis na dzień 2026-04-09","@id":"way/290466264"},"geometry":{"type":"Polygon","coordinates":[[[20.617046,52.192876],[20.616996,52.192882],[20.616982,52.192835],[20.617032,52.192829],[20.617011,52.192763],[20.617073,52.192755],[20.617061,52.192718],[20.617134,52.19271],[20.617139,52.192724],[20.617155,52.192729],[20.617159,52.192743],[20.617148,52.192752],[20.617206,52.192938],[20.617071,52.192954],[20.617046,52.192876]]]}}],"cooperativeWork":{"meta":{"version":2,"type":1},"operations":[{"operationType":"modifyElement","data":{"id":"way/290466264","operations":[{"operation":"setTags","data":{"operator":"Gmina Błonie","operator:type":"government","source:tourism":"Wykaz Muzeów, wypis na dzień 2026-04-09"}}]}}]}}
{"type":"FeatureCollection","features":[{"type":"Feature","properties":{"addr:city":"Kościerzyna","addr:city:simc":"934553","addr:housenumber":"9","addr:postcode":"83-400","addr:street":"Rynek","addr:street:sym_ul":"19253","building":"yes","fee":"yes","name":"Muzeum Ziemi Kościerskiej im. dra Jerzego Knyby w Kościerzynie","opening_hours":"Oct-Apr Mo-Fr 08:00-16:00; May-Aug Mo 10:00-16:00; May-Aug Tu-Sa 10:00-18:00; May-Aug Su 12:00-18:00; Sep Mo-Fr 08:00-16:00; Sep Sa 10:00-18:00; Sep Su 12:00-18:00","source:addr":"mkoscierzyna.e-mapa.net","tourism":"museum","website":"https://muzeumziemikoscierskiej.com.pl/muzeum/","operator":"Gmina Miejska Kościerzyna","operator:type":"government","source:tourism":"Wykaz Muzeów, wypis na dzień 2026-04-09","@id":"way/226079134"},"geometry":{"type":"Polygon","coordinates":[[[17.9786613,54.1223363],[17.9786041,54.1223657],[17.9785592,54.1223925],[17.9787391,54.1225046],[17.9788441,54.1224484],[17.9786613,54.1223363]]]}}],"cooperativeWork":{"meta":{"version":2,"type":1},"operations":[{"operationType":"modifyElement","data":{"id":"way/226079134","operations":[{"operation":"setTags","data":{"operator":"Gmina Miejska Kościerzyna","operator:type":"government","source:tourism":"Wykaz Muzeów, wypis na dzień 2026-04-09"}}]}}]}}
{"type":"FeatureCollection","features":[{"type":"Feature","properties":{"addr:city":"Leżajsk","addr:housenumber":"20a","addr:postcode":"37-300","addr:street":"Adama Mickiewicza","building":"yes","description":"Muzeum regionalne obejmujące kilka obiektów na terenie miasta Leżajska, z siedzibą w XVIII-wiecznym Dworze Starościńskim. Ekspozycja historyczna miasta i regionu, Ekspozycja Etnograficzno-Zabawkarska, Ekspozycja Browarnicza.","email":"informacja@muzeum-lezajsk.pl","fax":"+48 17 240 22 35","image":"https://upload.wikimedia.org/wikipedia/commons/6/6e/Lezajsk%2C_muzeum.jpg","name":"Muzeum Ziemi Leżajskiej","phone":"+48 17 240 22 35","source:addr":"UM Leżajsk (emuia.gugik.gov.pl)","start_date":"2008-01-01","tourism":"museum","website":"http://www.muzeum-lezajsk.pl","wikidata":"Q11787276","wikipedia":"pl:Muzeum Ziemi Leżajskiej","operator":"Powiat Leżajski","operator:type":"government","source:tourism":"Wykaz Muzeów, wypis na dzień 2026-04-09","@id":"way/117730135"},"geometry":{"type":"Polygon","coordinates":[[[22.4228257,50.2552495],[22.4229343,50.2552622],[22.4229519,50.2552159],[22.4230636,50.2552306],[22.4230678,50.2552147],[22.4230577,50.2552119],[22.4231383,50.2549269],[22.4231284,50.2549249],[22.4231355,50.2549066],[22.4230426,50.2548951],[22.423047,50.2548846],[22.4230084,50.2548814],[22.4230112,50.2548653],[22.4229335,50.2548551],[22.4228939,50.2550135],[22.4228216,50.2550042],[22.4228121,50.2550404],[22.4228008,50.2550824],[22.4228716,50.2550889],[22.4228257,50.2552495]]]}}],"cooperativeWork":{"meta":{"version":2,"type":1},"operations":[{"operationType":"modifyElement","data":{"id":"way/117730135","operations":[{"operation":"setTags","data":{"operator":"Powiat Leżajski","operator:type":"government","source:tourism":"Wykaz Muzeów, wypis na dzień 2026-04-09"}}]}}]}}
{"type":"FeatureCollection","features":[{"type":"Feature","properties":{"addr:city":"Wschowa","addr:housenumber":"2","addr:postcode":"67-400","addr:street":"Plac Zamkowy","building":"yes","image":"https://photos.app.goo.gl/txG6ix4h9t2fCYVSA","mapillary":"396932384688091","museum":"local","name":"Muzeum Ziemi Wschowskiej","source:addr":"wschowa.e-mapa.net","tourism":"museum","url":"https://fotopolska.eu/32430,obiekt.html?map_z=19","url:0":"https://polska-org.pl/4922726,Wschowa,Kamienica_nr_2_Muzeum_Ziemi_Wschowskiej.html","website":"https://muzeum.wschowa.pl/","wikidata":"Q11787286","wikipedia":"pl:Muzeum Ziemi Wschowskiej","operator":"Gmina Wschowa","operator:type":"government","source:tourism":"Wykaz Muzeów, wypis na dzień 2026-04-09","@id":"way/326376336"},"geometry":{"type":"Polygon","coordinates":[[[16.3178464,51.8033796],[16.3179597,51.8033514],[16.3178434,51.8031751],[16.3177318,51.8032054],[16.3177462,51.8032272],[16.3178464,51.8033796]]]}}],"cooperativeWork":{"meta":{"version":2,"type":1},"operations":[{"operationType":"modifyElement","data":{"id":"way/326376336","operations":[{"operation":"setTags","data":{"operator":"Gmina Wschowa","operator:type":"government","source:tourism":"Wykaz Muzeów, wypis na dzień 2026-04-09"}}]}}]}}
{"type":"FeatureCollection","features":[{"type":"Feature","properties":{"museum":"open_air","name":"Podlaskie Muzeum Kultury Ludowej","tourism":"museum","addr:postcode":"16-010","addr:city":"Wasilków","addr:street":"Leśna","addr:housenumber":"7","operator":"Województwo Podlaskie","operator:type":"government","source:tourism":"Wykaz Muzeów, wypis na dzień 2026-04-09","@id":"way/1150819830"},"geometry":{"type":"Polygon","coordinates":[[[23.1483466,53.1762784],[23.1483288,53.1763768],[23.1481518,53.1764871],[23.1478545,53.1765402],[23.1477625,53.1765168],[23.1476846,53.1761011],[23.1477196,53.1760927],[23.1482051,53.1761317],[23.1483466,53.1762784]]]}}],"cooperativeWork":{"meta":{"version":2,"type":1},"operations":[{"operationType":"modifyElement","data":{"id":"way/1150819830","operations":[{"operation":"setTags","data":{"addr:postcode":"16-010","addr:city":"Wasilków","addr:street":"Leśna","addr:housenumber":"7","operator":"Województwo Podlaskie","operator:type":"government","source:tourism":"Wykaz Muzeów, wypis na dzień 2026-04-09"}}]}}]}}
{"type":"FeatureCollection","features":[{"type":"Feature","properties":{"addr:city":"Warszawa","addr:city:simc":"918123","addr:housenumber":"6","addr:postcode":"00-157","addr:street":"Mordechaja Anielewicza","building":"public","building:levels":"4","contact:phone":"+48 224710300","contact:website":"http://www.polin.pl","fee":"yes","internet_access":"wlan","name":"Muzeum Historii Żydów Polskich Polin","name:de":"Museum der Geschichte der polnischen Juden","name:en":"Polin Museum of the History of Polish Jews","name:fr":"Musée de l'Histoire des Juifs polonais","name:it":"POLIN Museo della storia degli ebrei polacchi","name:nl":"Museum voor de Geschiedenis van de Poolse Joden (POLIN)","name:pl":"Muzeum Historii Żydów Polskich Polin","opening_hours":"Mo, We-Fr, Su 10:00-18:00; Sa 10:00-20:00; Tu off","source":"www.geoportal.gov.pl","source:addr":"gugik.gov.pl","toilets:wheelchair":"yes","tourism":"museum","wheelchair":"yes","wikidata":"Q429069","wikipedia":"pl:Muzeum Historii Żydów Polskich Polin","operator":"Minister Kultury i Dziedzictwa Narodowego","operator:type":"government","source:tourism":"Wykaz Muzeów, wypis na dzień 2026-04-09","@id":"way/186141946"},"geometry":{"type":"Polygon","coordinates":[[[20.9937443,52.2493501],[20.9937475,52.2493471],[20.9937295,52.2493445],[20.993777,52.2492955],[20.993812,52.2492593],[20.993652,52.2492017],[20.9934384,52.2491249],[20.993362,52.2490972],[20.9932977,52.249074],[20.9929895,52.2489627],[20.992851,52.2491074],[20.9926361,52.2493318],[20.9925276,52.249445],[20.9925147,52.2494404],[20.9924955,52.2494605],[20.9925083,52.2494651],[20.9925029,52.2494709],[20.9925023,52.2494713],[20.9924977,52.2494708],[20.9924391,52.2495328],[20.9927402,52.2495509],[20.9928093,52.249576],[20.9927946,52.2495916],[20.9927823,52.2496047],[20.9929012,52.2496474],[20.9929137,52.2496343],[20.9929285,52.2496189],[20.9930981,52.2496801],[20.9933296,52.2497636],[20.9934515,52.2496361],[20.9934982,52.2495874],[20.9935694,52.2495129],[20.9936008,52.2494801],[20.9936169,52.2494633],[20.9936315,52.2494686],[20.9936341,52.2494656],[20.9937033,52.2493931],[20.9937443,52.2493501]]]}}],"cooperativeWork":{"meta":{"version":2,"type":1},"operations":[{"operationType":"modifyElement","data":{"id":"way/186141946","operations":[{"operation":"setTags","data":{"operator":"Minister Kultury i Dziedzictwa Narodowego","operator:type":"government","source:tourism":"Wykaz Muzeów, wypis na dzień 2026-04-09"}}]}}]}}
{"type":"FeatureCollection","features":[{"type":"Feature","properties":{"addr:city":"Warka","addr:housenumber":"24","addr:postcode":"05-660","addr:street":"Kazimierza Pułaskiego","building":"yes","building:levels":"2","fee":"yes","historic":"yes","name":"Muzeum im. Kazimierza Pułaskiego w Warce","opening_hours":"May-Sep We-Fr 10:00-17:00; Oct-Apr We-Fr 09:00-16:00; May-Sep Sa-Su 10:00-18:00; Oct-Apr Sa-Su 10:00-17:00","phone":"+48 48 667 22 67","ref:ckkp":"MZ00709","source:building":"BDOT","tourism":"museum","wikidata":"Q11787030","wikipedia":"pl:Muzeum Kazimierza Pułaskiego w Warce","operator":"Minister Kultury i Dziedzictwa Narodowego","operator:type":"government","source:tourism":"Wykaz Muzeów, wypis na dzień 2026-04-09","@id":"way/372081183"},"geometry":{"type":"Polygon","coordinates":[[[21.2046582,51.7885031],[21.2046833,51.7884682],[21.2044806,51.7884103],[21.2044895,51.7883984],[21.2043472,51.788357],[21.2043104,51.788408],[21.2043045,51.7884062],[21.2042782,51.7884404],[21.2042851,51.7884417],[21.2042467,51.7884935],[21.2043095,51.7885113],[21.2043063,51.7885154],[21.2043856,51.7885382],[21.2043889,51.7885337],[21.2045953,51.7885904],[21.2045931,51.7885934],[21.2047095,51.7886272],[21.2047742,51.7885371],[21.2046582,51.7885031]]]}}],"cooperativeWork":{"meta":{"version":2,"type":1},"operations":[{"operationType":"modifyElement","data":{"id":"way/372081183","operations":[{"operation":"setTags","data":{"operator":"Minister Kultury i Dziedzictwa Narodowego","operator:type":"government","source:tourism":"Wykaz Muzeów, wypis na dzień 2026-04-09"}}]}}]}}
{"type":"FeatureCollection","features":[{"type":"Feature","properties":{"addr:city":"Sulejówek","addr:housename":"Milusin","addr:housenumber":"5","addr:postcode":"05-070","addr:street":"Oleandrów","contact:email":"muzeum@muzeumpilsudski.pl","contact:fax":"+48 22 842 04 25","contact:phone":"+48 22 783 02 30","contact:website":"www.muzeumpilsudski.pl","landuse":"commercial","name":"Muzeum Józefa Piłsudskiego w Sulejówku","name:be":"Музей Юзэфа Пілсудскага","name:en":"Józef Piłsudski museum","name:fr":"Musée de Józef Piłsudski","name:lt":"Juzefo Pilsudskio muziejus","name:pl":"Muzeum Józefa Piłsudskiego w Sulejówku","name:ru":"Музей Юзефа Пилсудского","note":"Muzeum Józefa Piłsudskiego w Sulejówku, otwarte śr - niedz 9 - 16","opening_hours":"We-Su 10:00-16:00","ref:ckkp":"MZ00634","tourism":"museum","website":"https://muzeumpilsudski.pl","wheelchair":"limited","wikidata":"Q11787023","wikipedia":"pl:Muzeum Józefa Piłsudskiego w Sulejówku","operator":"Minister Kultury i Dziedzictwa Narodowego","operator:type":"government","source:tourism":"Wykaz Muzeów, wypis na dzień 2026-04-09","@id":"way/355803408"},"geometry":{"type":"Polygon","coordinates":[[[21.2675103,52.2480849],[21.2697386,52.247332],[21.2697417,52.2473075],[21.2688591,52.2463126],[21.2686132,52.2463049],[21.2685344,52.2463025],[21.2676166,52.2462741],[21.2672671,52.2462599],[21.2669467,52.246248],[21.2666645,52.246237],[21.266311,52.2462255],[21.26625,52.2462236],[21.2655752,52.2462022],[21.2655756,52.246211],[21.2653967,52.2463399],[21.2653324,52.2463863],[21.2652144,52.2464713],[21.2654202,52.2466173],[21.2655568,52.2467142],[21.2662611,52.247214],[21.2675103,52.2480849]]]}}],"cooperativeWork":{"meta":{"version":2,"type":1},"operations":[{"operationType":"modifyElement","data":{"id":"way/355803408","operations":[{"operation":"setTags","data":{"operator":"Minister Kultury i Dziedzictwa Narodowego","operator:type":"government","source:tourism":"Wykaz Muzeów, wypis na dzień 2026-04-09"}}]}}]}}
{"type":"FeatureCollection","features":[{"type":"Feature","properties":{"addr:city":"Gdańsk","addr:housenumber":"1","addr:postcode":"80-822","addr:street":"Toruńska","building":"yes","check_date":"2024-11-05","fee":"yes","heritage":"2","heritage:operator":"nid","historic":"building","name":"Muzeum Narodowe w Gdańsku","name:de":"Nationalmuseum in Danzig","name:en":"National Museum in Gdańsk","name:pl":"Muzeum Narodowe w Gdańsku","opening_hours":"Mo off; Tu-Su 11:00-18:00","payment:cash":"yes","payment:credit_cards":"yes","payment:debit_cards":"yes","ref:ckkp":"PM00404","ref:nid":"367 z 21.04.1971","source:addr":"Urząd Miasta Gdańsk","tourism":"museum","url":"https://culture.pl/pl/culture/artykuly/in_mu_narodowe_gdansk","website":"https://www.mng.gda.pl/","wikidata":"Q1968661","wikipedia":"pl:Muzeum Narodowe w Gdańsku","operator":"Minister Kultury i Dziedzictwa Narodowego","operator:type":"government","source:tourism":"Wykaz Muzeów, wypis na dzień 2026-04-09","@id":"way/60064063"},"geometry":{"type":"Polygon","coordinates":[[[18.6469756,54.3454386],[18.6470914,54.3456686],[18.6471133,54.3457124],[18.6468963,54.3457732],[18.6466684,54.3453661],[18.6466399,54.3453599],[18.6466479,54.3453492],[18.6466784,54.3453541],[18.6472476,54.3452251],[18.6473298,54.3453642],[18.6469756,54.3454386]]]}}],"cooperativeWork":{"meta":{"version":2,"type":1},"operations":[{"operationType":"modifyElement","data":{"id":"way/60064063","operations":[{"operation":"setTags","data":{"operator":"Minister Kultury i Dziedzictwa Narodowego","operator:type":"government","source:tourism":"Wykaz Muzeów, wypis na dzień 2026-04-09"}}]}}]}}
{"type":"FeatureCollection","features":[{"type":"Feature","properties":{"addr:housenumber":"3","addr:street":"Wały Chrobrego","architect":"Wilhelm Meyer-Schwartau","building":"education","building:colour":"#FFFACD","building:levels":"3","building:material":"brick","building:usage:pl":"Oświaty, nauki, kultury lub budynek sportowy","fee":"yes","heritage":"2","heritage:operator":"nid","image":"https://photos.app.goo.gl/xBPcu5JSy2iVgK6w8","name":"Muzeum Narodowe w Szczecinie","name:de":"Nationalmuseum Stettin","nid:inscription_date":"1993-01-31","old_name:de":"Stadtmuseum","ref:ckkp":"ZP00910","ref:nid":"A-856","roof:levels":"1","roof:material":"metal","source":"gis.um.szczecin.pl","start_date":"1908..1913-06-23","tourism":"museum","url":"https://polska-org.pl/7117173,Szczecin,Teatr_Wspolczesny.html","url:0":"https://fotopolska.eu/Muzeum_Narodowe_Szczecin?map_z=18","website":"https://muzeum.szczecin.pl/","wheelchair":"yes","wikidata":"Q2802195","wikipedia":"pl:Muzeum Narodowe w Szczecinie","addr:postcode":"70-561","addr:city":"Szczecin","operator":"Minister Kultury i Dziedzictwa Narodowego","operator:type":"government","source:tourism":"Wykaz Muzeów, wypis na dzień 2026-04-09","@id":"way/53425150"},"geometry":{"type":"Polygon","coordinates":[[[14.5647404,53.430569],[14.5646602,53.4304837],[14.5646287,53.4304501],[14.5649197,53.4303497],[14.5647744,53.4301947],[14.5647517,53.4302022],[14.5647413,53.4301918],[14.5646915,53.4302093],[14.5646677,53.4301855],[14.5645109,53.4302404],[14.5644166,53.4301426],[14.5645749,53.4300882],[14.5645529,53.4300644],[14.5646027,53.4300472],[14.5645925,53.430037],[14.5646148,53.4300299],[14.5644685,53.4298784],[14.5642136,53.4299641],[14.5640955,53.4298429],[14.5643394,53.4297587],[14.5643305,53.4297492],[14.5643372,53.4297461],[14.5643327,53.4297414],[14.5645724,53.4296597],[14.5645776,53.4296644],[14.5645834,53.4296621],[14.564589,53.4296673],[14.5645921,53.4296658],[14.5645974,53.4296694],[14.5646039,53.4296712],[14.5646172,53.4296712],[14.564675,53.4297317],[14.5646755,53.4297322],[14.5646669,53.429736],[14.5646646,53.4297388],[14.5646646,53.4297408],[14.564664,53.429743],[14.5646664,53.4297458],[14.5646602,53.4297475],[14.5646652,53.4297522],[14.564659,53.4297549],[14.5648415,53.4299436],[14.5648719,53.4299338],[14.5648758,53.42994],[14.5649343,53.4299199],[14.5649405,53.4299251],[14.5649422,53.4299246],[14.5649481,53.4299273],[14.5649585,53.4299244],[14.5650981,53.4300704],[14.5650932,53.4300774],[14.5650932,53.4300846],[14.5650366,53.4301042],[14.5650418,53.4301104],[14.5650135,53.4301191],[14.565196,53.4303088],[14.5652012,53.430307],[14.5652037,53.4303105],[14.5652106,53.4303094],[14.5652164,53.4303127],[14.5652246,53.4303134],[14.5652328,53.4303126],[14.5652933,53.4303766],[14.565289,53.43038],[14.5652854,53.4303842],[14.5652875,53.4303915],[14.5652828,53.4303929],[14.5652885,53.430398],[14.565281,53.4304005],[14.5652851,53.4304041],[14.5650459,53.4304855],[14.565042,53.43048],[14.565034,53.4304826],[14.5650248,53.4304726],[14.5647404,53.430569]]]}}],"cooperativeWork":{"meta":{"version":2,"type":1},"operations":[{"operationType":"modifyElement","data":{"id":"way/53425150","operations":[{"operation":"setTags","data":{"addr:postcode":"70-561","addr:city":"Szczecin","operator":"Minister Kultury i Dziedzictwa Narodowego","operator:type":"government","source:tourism":"Wykaz Muzeów, wypis na dzień 2026-04-09"}}]}}]}}
{"type":"FeatureCollection","features":[{"type":"Feature","properties":{"fee":"yes","historic":"castle","name":"Muzeum Zamkowe w Sandomierzu","opening_hours":"Mo 11:00-14:00; Tu-Su 11:00-18:00","ref:ckkp":"SK00409","tourism":"museum","website":"http://www.zamek-sandomierz.pl/","wikidata":"Q7416441","wikipedia":"pl:Zamek w Sandomierzu","addr:postcode":"27-600","addr:city":"Sandomierz","addr:street":"Zamkowa","addr:housenumber":"12","operator":"Minister Kultury i Dziedzictwa Narodowego","operator:type":"government","source:tourism":"Wykaz Muzeów, wypis na dzień 2026-04-09","@id":"way/588169025"},"geometry":{"type":"Polygon","coordinates":[[[21.748095,50.6758313],[21.7481034,50.6758305],[21.748097,50.6758146],[21.7480921,50.6758151],[21.7480647,50.6757526],[21.7480709,50.6757484],[21.7480598,50.6757358],[21.7480545,50.6757375],[21.7480018,50.6756734],[21.7480079,50.6756683],[21.7479944,50.675657],[21.7479886,50.675659],[21.7479107,50.6755943],[21.7479179,50.67559],[21.7478981,50.6755805],[21.7478914,50.6755847],[21.7478121,50.675547],[21.7478163,50.6755425],[21.7477971,50.6755342],[21.7477895,50.6755403],[21.7477313,50.6755244],[21.7477349,50.6755181],[21.7477112,50.6755098],[21.7477071,50.6755159],[21.7476265,50.6754974],[21.7476286,50.6754914],[21.7475862,50.6754842],[21.7475876,50.6754917],[21.7475348,50.6754845],[21.7475334,50.6754773],[21.7475112,50.6754782],[21.7475106,50.6754841],[21.7474558,50.6754851],[21.7474541,50.6754808],[21.7474323,50.675481],[21.7474367,50.6754881],[21.7473741,50.6754911],[21.7473713,50.675484],[21.7473489,50.6754895],[21.7473516,50.6754945],[21.7472958,50.6755024],[21.7472934,50.6754962],[21.7472699,50.6754999],[21.7472728,50.675507],[21.7472185,50.6755158],[21.7472152,50.6755102],[21.7471906,50.6755124],[21.747195,50.6755189],[21.7471387,50.6755281],[21.7471344,50.6755228],[21.7471134,50.6755268],[21.7471178,50.6755339],[21.7470616,50.6755437],[21.7470576,50.6755353],[21.7470336,50.675539],[21.7470392,50.6755502],[21.7469912,50.6755563],[21.7469848,50.6755483],[21.7469583,50.6755521],[21.7469587,50.6755612],[21.7469118,50.6755712],[21.7469042,50.6755616],[21.7468849,50.6755656],[21.74687,50.67555],[21.7467502,50.6756043],[21.7468234,50.675638],[21.7469088,50.6757625],[21.7468832,50.6758039],[21.7470357,50.6760041],[21.747174,50.6762652],[21.7473426,50.6762448],[21.7474111,50.6762491],[21.7475735,50.6763182],[21.7476793,50.6764117],[21.7477382,50.6764281],[21.747776,50.6764548],[21.7478054,50.6764277],[21.7479254,50.6763561],[21.7479756,50.6762959],[21.7480861,50.67605],[21.7480949,50.6759986],[21.7481127,50.6759985],[21.7481143,50.6759925],[21.7480978,50.6759888],[21.7481108,50.675916],[21.748095,50.6758313]]]}}],"cooperativeWork":{"meta":{"version":2,"type":1},"operations":[{"operationType":"modifyElement","data":{"id":"way/588169025","operations":[{"operation":"setTags","data":{"addr:postcode":"27-600","addr:city":"Sandomierz","addr:street":"Zamkowa","addr:housenumber":"12","operator":"Minister Kultury i Dziedzictwa Narodowego","operator:type":"government","source:tourism":"Wykaz Muzeów, wypis na dzień 2026-04-09"}}]}}]}}
{"type":"FeatureCollection","features":[{"type":"Feature","properties":{"addr:city":"Oświęcim","addr:housenumber":"2a","addr:postcode":"32-600","addr:street":"Maksymiliana Marii Kolbego","building":"yes","museum":"history","name":"Muzeum Pamięci Mieszkańców Ziemi Oświęcimskiej","opening_hours":"Tu-Su 10:00-18:00","operator":"Minister Kultury i Dziedzictwa Narodowego","operator:type":"government","tourism":"museum","website":"https://www.muzeumpamieci.pl/","source:tourism":"Wykaz Muzeów, wypis na dzień 2026-04-09","@id":"way/202523594"},"geometry":{"type":"Polygon","coordinates":[[[19.2006337,50.0238109],[19.2005829,50.0237806],[19.2005732,50.0237873],[19.2005339,50.0237641],[19.2005434,50.0237574],[19.2004917,50.0237267],[19.2008679,50.023462],[19.201006,50.0235475],[19.2006337,50.0238109]]]}}],"cooperativeWork":{"meta":{"version":2,"type":1},"operations":[{"operationType":"modifyElement","data":{"id":"way/202523594","operations":[{"operation":"setTags","data":{"operator":"Minister Kultury i Dziedzictwa Narodowego","operator:type":"government","source:tourism":"Wykaz Muzeów, wypis na dzień 2026-04-09"}}]}}]}}
{"type":"FeatureCollection","features":[{"type":"Feature","properties":{"description":"Upamiętnia Polaków ratujących Żydów skazanych na zagładę.","email":"sekretariat@muzeumulmow.pl","fee":"yes","image":"http://culture.pl/sites/default/files/styles/galeria_style/public/images/culture.pl/mu-cult_003.jpg","landuse":"commercial","name":"Muzeum Polaków Ratujących Żydów podczas II wojny światowej im. Rodziny Ulmów w Markowej","name:en":"The Ulma Family Museum of Poles Saving Jews in World War II","official_name":"Muzeum Polaków Ratujących Żydów podczas II wojny światowej im. Rodziny Ulmów w Markowej","opening_hours":"Jan-Mar;Nov-Dec Tu-Su 10:00-16:00; Apr-Oct Tu-Su 10:00-18:00; Nov 1 off; Nov 11 off","operator":"Minister Kultury i Dziedzictwa Narodowego","phone":"+48 17 224 10 15","start_date":"2016-03-17","tourism":"museum","website":"https://muzeumulmow.pl/pl/","wheelchair":"yes","wikidata":"Q11787138","wikipedia":"pl:Muzeum Polaków Ratujących Żydów podczas II wojny światowej im. Rodziny Ulmów w Markowej","addr:postcode":"37-120","addr:city":"Markowa","addr:housenumber":"1487","operator:type":"government","source:tourism":"Wykaz Muzeów, wypis na dzień 2026-04-09","@id":"way/500086074"},"geometry":{"type":"Polygon","coordinates":[[[22.3167934,50.0223821],[22.31676,50.0223775],[22.3166438,50.0229232],[22.3165651,50.0232696],[22.316502,50.0235472],[22.3174944,50.0236558],[22.3174991,50.0236365],[22.3177809,50.0224629],[22.3176282,50.0224493],[22.3167934,50.0223821]]]}}],"cooperativeWork":{"meta":{"version":2,"type":1},"operations":[{"operationType":"modifyElement","data":{"id":"way/500086074","operations":[{"operation":"setTags","data":{"name":"Muzeum Polaków Ratujących Żydów podczas II wojny światowej im. Rodziny Ulmów w Markowej","operator":"Minister Kultury i Dziedzictwa Narodowego","addr:postcode":"37-120","addr:city":"Markowa","addr:housenumber":"1487","operator:type":"government","source:tourism":"Wykaz Muzeów, wypis na dzień 2026-04-09"}}]}}]}}
{"type":"FeatureCollection","features":[{"type":"Feature","properties":{"contact:facebook":"https://www.facebook.com/people/Muzeum-Ziemi-Mi%C4%99dzyrzeckiej-im-Alfa-Kowalskiego/100064419560424/","email":"sekretariat@muzeum.miedzyrzecz.pl","fax":"+48 95 741 25 67","name":"Muzeum Ziemi Międzyrzeckiej im. Alfa Kowalskiego","phone":"+48 95 742 18 50","ref:ckkp":"LB00377","tourism":"museum","website":"https://muzeum.miedzyrzecz.pl/","addr:postcode":"66-300","addr:city":"Międzyrzec","addr:street":"Podzamcze","addr:housenumber":"2","operator":"Minister Kultury i Dziedzictwa Narodowego","operator:type":"government","source:tourism":"Wykaz Muzeów, wypis na dzień 2026-04-09","@id":"way/1334909347"},"geometry":{"type":"Polygon","coordinates":[[[15.5731201,52.4436217],[15.5722498,52.4434165],[15.57228,52.4433506],[15.5720834,52.4433159],[15.5720687,52.4433474],[15.5720506,52.443386],[15.571929,52.4433591],[15.5718674,52.4433455],[15.5715018,52.4432571],[15.5712094,52.4432904],[15.5708684,52.4434295],[15.5708285,52.4435143],[15.5708123,52.4435225],[15.5707703,52.4435553],[15.5707261,52.4435764],[15.5705802,52.4436206],[15.5702895,52.4438065],[15.5701569,52.4438682],[15.5700343,52.4438838],[15.5699587,52.4438874],[15.5693357,52.4439731],[15.5692212,52.4440013],[15.569114,52.4440409],[15.5690189,52.4441085],[15.5681633,52.4447747],[15.5684323,52.4449896],[15.5686787,52.4449142],[15.5688377,52.4448788],[15.5689629,52.4448605],[15.5691053,52.4448502],[15.5692379,52.4448474],[15.5693899,52.4448525],[15.5695466,52.4448598],[15.5697347,52.4448883],[15.5699204,52.444924],[15.5700845,52.4449621],[15.570327,52.4450183],[15.5704111,52.4450411],[15.570629,52.4451133],[15.5707746,52.4451693],[15.5708625,52.4452017],[15.5709983,52.4452434],[15.5712387,52.4453563],[15.5715944,52.4456109],[15.5716225,52.4456308],[15.5716733,52.4456608],[15.5717878,52.4457237],[15.5720164,52.4457879],[15.5722537,52.4458754],[15.5724668,52.4459104],[15.5726775,52.4459303],[15.5728418,52.4459361],[15.5730203,52.4459419],[15.5731431,52.4459348],[15.5731969,52.445861],[15.5732504,52.4457876],[15.5733477,52.4456539],[15.5734365,52.4455225],[15.5735382,52.4453476],[15.573575,52.4452778],[15.5735807,52.4451784],[15.5734787,52.445193],[15.5734542,52.4451232],[15.5734481,52.4451057],[15.5734237,52.445036],[15.5735314,52.4450135],[15.5734549,52.4448507],[15.5734361,52.4447203],[15.5734356,52.4446436],[15.5734447,52.4445674],[15.5734793,52.4444268],[15.5735094,52.4443041],[15.5731537,52.4441269],[15.5727263,52.4439291],[15.5731201,52.4436217]]]}}],"cooperativeWork":{"meta":{"version":2,"type":1},"operations":[{"operationType":"modifyElement","data":{"id":"way/1334909347","operations":[{"operation":"setTags","data":{"name":"Muzeum Ziemi Międzyrzeckiej im. Alfa Kowalskiego","addr:postcode":"66-300","addr:city":"Międzyrzec","addr:street":"Podzamcze","addr:housenumber":"2","operator":"Minister Kultury i Dziedzictwa Narodowego","operator:type":"government","source:tourism":"Wykaz Muzeów, wypis na dzień 2026-04-09"}}]}}]}}
{"type":"FeatureCollection","features":[{"type":"Feature","properties":{"addr:city":"Kraków","addr:country":"PL","addr:housenumber":"1","addr:postcode":"30-062","addr:street":"Aleja 3 Maja","building":"yes","fee":"yes","fee:conditional":"no @ Tu; yes @ (temporary_exhibition)","fixme":"wysokość 0.1, żeby 3d nie renderowało jednej kondygnacji z całego obrysu budynku","height":"0.1","name":"Muzeum Narodowe w Krakowie","name:de":"Nationalmuseum in Krakau","name:en":"National Museum in Kraków","name:hu":"Krakkói Nemzeti Múzeum","name:pl":"Muzeum Narodowe w Krakowie","opening_hours":"Tu,Fr,Sa 10:00-19:00; Mo off; We,Th,Su 10:00-18:00","tourism":"museum","wheelchair":"yes","wikidata":"Q195311","wikimedia_commons":"Category:Building of the National Museum in Kraków","wikipedia":"pl:Muzeum Narodowe w Krakowie","operator":"Minister Kultury i Dziedzictwa Narodowego","operator:type":"government","source:tourism":"Wykaz Muzeów, wypis na dzień 2026-04-09","@id":"way/1284375894"},"geometry":{"type":"Polygon","coordinates":[[[19.9233662,50.0599863],[19.9234073,50.0599949],[19.9234287,50.0599532],[19.9235376,50.0599761],[19.9235474,50.0599569],[19.9235681,50.0599613],[19.9235686,50.0599604],[19.9235816,50.059935],[19.9238447,50.0599902],[19.9241092,50.0600452],[19.9240942,50.0600728],[19.9241144,50.0600771],[19.9241043,50.0600955],[19.9242026,50.0601161],[19.9241806,50.0601594],[19.9242216,50.060168],[19.9238367,50.060926],[19.9237807,50.0609143],[19.9237778,50.0609199],[19.9230323,50.0607631],[19.9230359,50.0607559],[19.9229786,50.0607438],[19.9233662,50.0599863]]]}}],"cooperativeWork":{"meta":{"version":2,"type":1},"operations":[{"operationType":"modifyElement","data":{"id":"way/1284375894","operations":[{"operation":"setTags","data":{"operator":"Minister Kultury i Dziedzictwa Narodowego","operator:type":"government","source:tourism":"Wykaz Muzeów, wypis na dzień 2026-04-09"}}]}}]}}
{"type":"FeatureCollection","features":[{"type":"Feature","properties":{"addr:city":"Warszawa","addr:housenumber":"10/16","addr:postcode":"02-958","addr:street":"Stanisława Kostki Potockiego","building":"castle","castle_type":"palace","email":"muzeum@muzeum-wilanow.pl","end_date":"1679","fee":"yes","heritage":"2","heritage:operator":"nid","heritage:website":"https://zabytek.pl/pl/obiekty/zabytek?inspire_id=PL.1.9.ZIPOZ.NID_N_14_BK.202470&rejestr=rejestr-zabytkow","historic":"castle","name":"Muzeum Pałacu Króla Jana III w Wilanowie","name:ca":"Palau de Wilanów","name:cs":"Wilanowský palác","name:de":"Wilanów-Palast","name:el":"Παλάτι του Βιλάνουφ","name:en":"Wilanow Palace","name:es":"Palacio de Wilanów","name:eu":"Wilanów jauregia","name:fi":"Wilanówin palatsi","name:fr":"Palais de Wilanów","name:he":"ארמון וילאנוב","name:hr":"Palača u Wilanówu","name:hy":"Վիլանովի պալատ","name:id":"Istana Wilanów","name:it":"Palazzo di Wilanów","name:ja":"ヴィラヌフ宮殿","name:jv":"Istana Wilanów","name:ka":"ვილანუვის სასახლე","name:ko":"빌라누프궁","name:nl":"Wilanówpaleis","name:no":"Wilanów-palasset","name:pl":"Pałac w Wilanowie","name:pt":"Palácio Wilanów","name:ro":"Palatul Wilanów","name:ru":"Вилянувский дворец","name:tr":"Wilanów Sarayı","name:uk":"Вілянівський палац","name:vi":"Cung điện Wilanów","name:zh":"维拉诺宫","name:zh-Hant":"維拉諾宮","official_name":"Muzeum Pałacu Króla Jana III w Wilanowie","opening_hours":"Mo-Su 10:00-16:00","phone":"+48 22 544 27 00","source":"landsat","start_date":"1677","toilets:wheelchair":"yes","tourism":"museum","website":"https://www.wilanow-palac.pl/","wheelchair":"limited","wikidata":"Q47473","wikipedia":"pl:Pałac w Wilanowie","operator":"Minister Kultury i Dziedzictwa Narodowego","operator:type":"government","source:tourism":"Wykaz Muzeów, wypis na dzień 2026-04-09","@id":"way/8106732"},"geometry":{"type":"Polygon","coordinates":[[[21.0899885,52.1648555],[21.0899882,52.1648592],[21.0899843,52.164859],[21.089984,52.1648628],[21.0899577,52.164862],[21.0899574,52.164865],[21.0898803,52.1648625],[21.0898806,52.1648595],[21.0898536,52.1648586],[21.0898539,52.1648548],[21.0898497,52.1648547],[21.0898502,52.1648494],[21.0898072,52.164848],[21.0898067,52.1648534],[21.0897635,52.164852],[21.0897639,52.1648466],[21.0897208,52.1648452],[21.0897203,52.1648508],[21.089677,52.1648494],[21.0896774,52.1648441],[21.0896345,52.1648427],[21.089634,52.1648481],[21.0895922,52.1648467],[21.0895937,52.1648298],[21.0895948,52.1648166],[21.0895972,52.1647891],[21.0895981,52.1647787],[21.0894195,52.1647728],[21.089419,52.1647778],[21.0893253,52.1647747],[21.0893394,52.1646117],[21.089579,52.1646194],[21.0895727,52.1646922],[21.0896159,52.1646936],[21.0896121,52.1647374],[21.0898031,52.1647437],[21.0898034,52.1647408],[21.0898089,52.164741],[21.0898189,52.1647413],[21.0898187,52.1647443],[21.0898496,52.1647453],[21.0898498,52.1647428],[21.0898655,52.1647433],[21.0898653,52.1647459],[21.0898955,52.1647469],[21.0898957,52.1647442],[21.0899115,52.1647447],[21.0899113,52.1647474],[21.0899417,52.1647484],[21.0899419,52.1647456],[21.0899574,52.1647461],[21.0899571,52.1647489],[21.089988,52.1647499],[21.0899882,52.1647469],[21.0900035,52.1647474],[21.0900032,52.1647505],[21.0900335,52.1647515],[21.0900338,52.1647482],[21.0900442,52.1647486],[21.0900507,52.1647488],[21.0900505,52.1647512],[21.0902383,52.1647573],[21.0902386,52.1647545],[21.0902608,52.1647552],[21.0902713,52.1647556],[21.0902711,52.1647579],[21.0903298,52.1647598],[21.09033,52.1647578],[21.0903618,52.1647589],[21.0903616,52.1647609],[21.0904204,52.1647629],[21.0904206,52.1647603],[21.0904375,52.1647609],[21.0904366,52.1647715],[21.0904316,52.1647713],[21.0904293,52.164798],[21.0904331,52.1647981],[21.0904308,52.1648242],[21.0904261,52.164824],[21.0904238,52.1648509],[21.0904277,52.164851],[21.0904254,52.1648768],[21.0904204,52.1648766],[21.0904181,52.164903],[21.0904216,52.1649031],[21.0904148,52.1649821],[21.0904101,52.164982],[21.0904078,52.165009],[21.0904114,52.1650091],[21.090411,52.1650138],[21.090417,52.165014],[21.0904167,52.1650174],[21.0904705,52.1650191],[21.0904669,52.1650605],[21.0905494,52.1650632],[21.0905531,52.1650207],[21.0906974,52.1650254],[21.0906932,52.1650738],[21.0906254,52.1650716],[21.0906068,52.1652873],[21.0906771,52.1652896],[21.0906729,52.1653386],[21.0905286,52.1653339],[21.0905322,52.1652926],[21.0904503,52.16529],[21.0904467,52.1653318],[21.0903909,52.16533],[21.0903907,52.165333],[21.0903877,52.1653329],[21.0903872,52.1653382],[21.090381,52.165338],[21.0903787,52.165364],[21.090387,52.1653643],[21.0903802,52.165443],[21.0903753,52.1654428],[21.0903729,52.1654701],[21.0903803,52.1654704],[21.090378,52.1654964],[21.0903724,52.1654963],[21.09037,52.1655233],[21.0903773,52.1655235],[21.090375,52.1655498],[21.0903582,52.1655493],[21.0903583,52.1655477],[21.0903032,52.1655459],[21.0903029,52.1655491],[21.090287,52.1655486],[21.0902875,52.1655432],[21.0902809,52.165543],[21.090281,52.165541],[21.0901946,52.1655382],[21.0901944,52.1655408],[21.0901873,52.1655405],[21.0901829,52.1655918],[21.0900538,52.1655876],[21.0900545,52.1655801],[21.0896719,52.1655677],[21.0896713,52.1655746],[21.0895418,52.1655704],[21.0895457,52.1655246],[21.0895464,52.1655166],[21.0895406,52.1655164],[21.0895463,52.1654503],[21.0895898,52.1654517],[21.0895894,52.1654553],[21.0896322,52.1654567],[21.0896325,52.1654532],[21.0896757,52.1654546],[21.0896753,52.1654582],[21.0897185,52.1654596],[21.0897188,52.1654563],[21.0897618,52.1654577],[21.0897614,52.1654614],[21.0898043,52.1654627],[21.0898047,52.1654591],[21.0898092,52.1654592],[21.0898095,52.1654554],[21.0898416,52.1654564],[21.0898419,52.1654535],[21.0899076,52.1654556],[21.0899073,52.1654586],[21.0899394,52.1654596],[21.089939,52.1654636],[21.0899434,52.1654637],[21.0899431,52.1654673],[21.089986,52.1654687],[21.0899863,52.1654652],[21.0900293,52.1654666],[21.090029,52.1654702],[21.0900721,52.1654716],[21.0900724,52.1654681],[21.0901159,52.1654695],[21.0901156,52.1654733],[21.0901585,52.1654747],[21.0901588,52.1654711],[21.0902019,52.1654725],[21.0902016,52.165476],[21.0902861,52.1654787],[21.0902863,52.1654758],[21.0902915,52.165476],[21.0902918,52.1654725],[21.0902975,52.1654727],[21.0903,52.1654441],[21.0902941,52.1654439],[21.0902943,52.1654422],[21.0902873,52.1654419],[21.0902941,52.165363],[21.0902972,52.1653631],[21.0902975,52.1653604],[21.0903013,52.1653605],[21.0903035,52.1653342],[21.0902981,52.165334],[21.0902993,52.1653201],[21.0903048,52.1653203],[21.0903075,52.1652889],[21.0903015,52.1652887],[21.0903024,52.1652782],[21.0903078,52.1652784],[21.0903105,52.1652476],[21.0903042,52.1652474],[21.0903051,52.165237],[21.0903221,52.1652375],[21.0903219,52.1652399],[21.0903684,52.1652414],[21.0903686,52.1652392],[21.0903752,52.1652395],[21.0903756,52.1652355],[21.0903784,52.1652356],[21.09038,52.1652168],[21.0903716,52.1652165],[21.0903725,52.1652066],[21.0903803,52.1652069],[21.0903817,52.1651908],[21.0903731,52.1651905],[21.0903739,52.1651809],[21.0903824,52.1651811],[21.0903832,52.1651722],[21.0903838,52.165165],[21.0903754,52.1651647],[21.0903762,52.165155],[21.0903844,52.1651553],[21.0903858,52.1651391],[21.0903775,52.1651388],[21.0903783,52.1651292],[21.0903858,52.1651295],[21.0903874,52.1651111],[21.0903842,52.165111],[21.0903846,52.1651069],[21.0903781,52.1651067],[21.0903784,52.1651033],[21.090332,52.1651018],[21.0903317,52.1651059],[21.0903144,52.1651053],[21.0903153,52.1650952],[21.0903211,52.1650954],[21.0903238,52.165064],[21.0903178,52.1650638],[21.0903187,52.1650534],[21.0903244,52.1650536],[21.090327,52.1650238],[21.0903211,52.1650236],[21.0903223,52.1650103],[21.0903288,52.1650106],[21.0903311,52.1649838],[21.0903261,52.1649837],[21.0903264,52.1649808],[21.0903212,52.1649806],[21.090328,52.1649021],[21.0903341,52.1649023],[21.0903343,52.1648996],[21.0903392,52.1648998],[21.0903415,52.1648738],[21.0903376,52.1648737],[21.0903379,52.1648699],[21.0903324,52.1648697],[21.0903327,52.1648667],[21.0902482,52.1648639],[21.0902479,52.1648672],[21.0902048,52.1648658],[21.0902051,52.1648622],[21.0901614,52.1648607],[21.0901611,52.1648645],[21.0901182,52.1648631],[21.0901185,52.1648596],[21.0900751,52.1648582],[21.0900748,52.1648618],[21.0900313,52.1648604],[21.0900316,52.1648569],[21.0899885,52.1648555]]]}}],"cooperativeWork":{"meta":{"version":2,"type":1},"operations":[{"operationType":"modifyElement","data":{"id":"way/8106732","operations":[{"operation":"setTags","data":{"name":"Muzeum Pałacu Króla Jana III w Wilanowie","operator":"Minister Kultury i Dziedzictwa Narodowego","operator:type":"government","source:tourism":"Wykaz Muzeów, wypis na dzień 2026-04-09"}}]}}]}}
{"type":"FeatureCollection","features":[{"type":"Feature","properties":{"addr:city":"Kraków","addr:country":"PL","addr:housenumber":"26","addr:postcode":"30-302","addr:street":"Marii Konopnickiej","building":"civic","building:levels":"1.5","building:part":"yes","contact:website":"https://manggha.pl","fee":"yes","fee:conditional":"no @ Tu","name":"Muzeum Sztuki i Techniki Japońskiej MANGGHA","name:hu":"Manggha Japán Művészeti és Technológiai Múzeum","source:fee":"https://manggha.pl/informacje-praktyczne","tourism":"museum","wikidata":"Q572206","wikipedia":"pl:Muzeum Sztuki i Techniki Japońskiej „Manggha”","operator":"Minister Kultury i Dziedzictwa Narodowego","operator:type":"government","source:tourism":"Wykaz Muzeów, wypis na dzień 2026-04-09","@id":"way/233371578"},"geometry":{"type":"Polygon","coordinates":[[[19.9314127,50.0511884],[19.9314822,50.0510753],[19.931503,50.0510408],[19.931516,50.0510158],[19.9315233,50.0509953],[19.931527,50.050975],[19.9315278,50.0509569],[19.931527,50.0509363],[19.931523,50.0509128],[19.9314994,50.0509057],[19.9315114,50.0508862],[19.9314608,50.0507799],[19.9314543,50.0507629],[19.9314513,50.0507491],[19.9314493,50.0507309],[19.9314496,50.050713],[19.9314518,50.0506953],[19.9314561,50.0506775],[19.9314624,50.0506599],[19.9314717,50.050641],[19.9315213,50.0505628],[19.9315484,50.05052],[19.9315733,50.0504807],[19.9316862,50.050525],[19.9316873,50.0505277],[19.9316987,50.0505565],[19.931865,50.0509758],[19.9318902,50.0509829],[19.9319034,50.0509866],[19.9317316,50.0512689],[19.9315802,50.0512307],[19.9314127,50.0511884]]]}}],"cooperativeWork":{"meta":{"version":2,"type":1},"operations":[{"operationType":"modifyElement","data":{"id":"way/233371578","operations":[{"operation":"setTags","data":{"name":"Muzeum Sztuki i Techniki Japońskiej MANGGHA","operator":"Minister Kultury i Dziedzictwa Narodowego","operator:type":"government","source:tourism":"Wykaz Muzeów, wypis na dzień 2026-04-09"}}]}}]}}
{"type":"FeatureCollection","features":[{"type":"Feature","properties":{"addr:city":"Bydgoszcz","barrier":"fence","name":"Muzeum Wojsk Lądowych w Bydgoszczy","name:de":"Heeresmuseum Bromberg","tourism":"museum","website":"https://muzeumwl.pl/","addr:postcode":"85-641","addr:street":"Czerkaska","addr:housenumber":"2","operator":"Minister Obrony Narodowej","operator:type":"government","source:tourism":"Wykaz Muzeów, wypis na dzień 2026-04-09","@id":"way/333551524"},"geometry":{"type":"Polygon","coordinates":[[[18.0199478,53.1417513],[18.0203062,53.1416239],[18.020423,53.1417429],[18.0211351,53.1414733],[18.0215566,53.1418599],[18.020469,53.1422633],[18.0199478,53.1417513]]]}}],"cooperativeWork":{"meta":{"version":2,"type":1},"operations":[{"operationType":"modifyElement","data":{"id":"way/333551524","operations":[{"operation":"setTags","data":{"addr:postcode":"85-641","addr:street":"Czerkaska","addr:housenumber":"2","operator":"Minister Obrony Narodowej","operator:type":"government","source:tourism":"Wykaz Muzeów, wypis na dzień 2026-04-09"}}]}}]}}
{"type":"FeatureCollection","features":[{"type":"Feature","properties":{"addr:city":"Gdynia","addr:housenumber":"2C","addr:street":"Żwirowa","building":"warehouse","contact:email":"muzeum@gdynskie-muzeum-motoryzacji.pl","contact:phone":"+48 58 663 87 40","fee":"yes","name":"Gdyńskie Muzeum Motoryzacji","opening_hours":"Mo-Su 09:00-17:00","tourism":"museum","website":"http://www.gdynskie-muzeum-motoryzacji.pl/","wikidata":"Q9266616","wikipedia":"pl:Gdyńskie Muzeum Motoryzacji","addr:postcode":"81-010","operator":"Witold Ciążkowski","operator:type":"private","source:tourism":"Wykaz Muzeów, wypis na dzień 2026-04-09","@id":"way/135185576"},"geometry":{"type":"Polygon","coordinates":[[[18.4571237,54.5472021],[18.4570521,54.5471106],[18.4574822,54.5469969],[18.4575538,54.5470884],[18.4571237,54.5472021]]]}}],"cooperativeWork":{"meta":{"version":2,"type":1},"operations":[{"operationType":"modifyElement","data":{"id":"way/135185576","operations":[{"operation":"setTags","data":{"addr:postcode":"81-010","operator":"Witold Ciążkowski","operator:type":"private","source:tourism":"Wykaz Muzeów, wypis na dzień 2026-04-09"}}]}}]}}
{"type":"FeatureCollection","features":[{"type":"Feature","properties":{"addr:city":"Lubiszyn","addr:housenumber":"6","addr:postcode":"66-433","addr:street":"Polna","building":"yes","building:fireproof":"yes","building:levels":"2","building:type:pl":"Przyziemie budynku ognioodpornego","building:use:pl":"Oświaty, nauki, sportowy lub kultury, kultu religijnego","ewmapa:warstwa":"Przyziemie lub obrys budynku","name":"Muzeum II Wojny Światowej w Lubiszynie","source":"PODGIK Gorzów","tourism":"museum","operator":"Jan Lewek","operator:type":"private","source:tourism":"Wykaz Muzeów, wypis na dzień 2026-04-09","@id":"way/272680117"},"geometry":{"type":"Polygon","coordinates":[[[14.9484306,52.7775167],[14.9482533,52.7775697],[14.9482636,52.7775827],[14.9482731,52.777595],[14.9480246,52.77767],[14.9479432,52.7775658],[14.9483696,52.7774393],[14.9484306,52.7775167]]]}}],"cooperativeWork":{"meta":{"version":2,"type":1},"operations":[{"operationType":"modifyElement","data":{"id":"way/272680117","operations":[{"operation":"setTags","data":{"operator":"Jan Lewek","operator:type":"private","source:tourism":"Wykaz Muzeów, wypis na dzień 2026-04-09"}}]}}]}}
{"type":"FeatureCollection","features":[{"type":"Feature","properties":{"landuse":"industrial","mobile":"+48 608 733 030","name":"Muzeum Militarnej Historii w Bornem Sulinowie","tourism":"museum","website":"https://muzeum-borne.pl/","addr:postcode":"78-449","addr:city":"Borne Sulinowo","addr:street":"Wojska Polskiego","addr:housenumber":"1","operator":"Wiesław Bartoszek","operator:type":"private","source:tourism":"Wykaz Muzeów, wypis na dzień 2026-04-09","@id":"way/958972484"},"geometry":{"type":"Polygon","coordinates":[[[16.5293016,53.5761845],[16.52957,53.5770777],[16.5288293,53.5771511],[16.5285257,53.5764197],[16.5285083,53.5763711],[16.528915,53.5762394],[16.5293016,53.5761845]]]}}],"cooperativeWork":{"meta":{"version":2,"type":1},"operations":[{"operationType":"modifyElement","data":{"id":"way/958972484","operations":[{"operation":"setTags","data":{"addr:postcode":"78-449","addr:city":"Borne Sulinowo","addr:street":"Wojska Polskiego","addr:housenumber":"1","operator":"Wiesław Bartoszek","operator:type":"private","source:tourism":"Wykaz Muzeów, wypis na dzień 2026-04-09"}}]}}]}}
{"type":"FeatureCollection","features":[{"type":"Feature","properties":{"addr:housenumber":"38","addr:place":"Bychowo","addr:postcode":"84-250","building":"yes","building:levels":"2","name":"Muzeum Przedmiotów Historycznych i Zapomnianych","source":"www.geoportal.gov.pl","tourism":"museum","wikidata":"Q112042306","addr:city":"Gniewino Bychowo","operator":"Jacek Bagnecki","operator:type":"private","source:tourism":"Wykaz Muzeów, wypis na dzień 2026-04-09","@id":"way/956001714"},"geometry":{"type":"Polygon","coordinates":[[[18.0055147,54.741611],[18.0053874,54.7416169],[18.0054026,54.7417266],[18.0055299,54.7417206],[18.0055147,54.741611]]]}}],"cooperativeWork":{"meta":{"version":2,"type":1},"operations":[{"operationType":"modifyElement","data":{"id":"way/956001714","operations":[{"operation":"setTags","data":{"addr:city":"Gniewino Bychowo","operator":"Jacek Bagnecki","operator:type":"private","source:tourism":"Wykaz Muzeów, wypis na dzień 2026-04-09"}}]}}]}}
{"type":"FeatureCollection","features":[{"type":"Feature","properties":{"area":"yes","contact:facebook":"https://www.facebook.com/muzeumuzbrojenia/?locale=pl_PL","contact:instagram":"https://www.instagram.com/muzeum_uzbrojenia","email":"cytadela@wmn.poznan.pl","image":"https://photos.app.goo.gl/kwsvtFjrPeeZz4Wx8","name":"Muzeum Uzbrojenia","operator":"Wojciech Goryca","phone":"+48 61 851 72 89","tourism":"museum","url":"https://youtu.be/9sZBiJUib4Y?si=ljDxG1IxhHJTNbuk","url:0":"https://polska-org.pl/9436680,Poznan,Muzeum_Uzbrojenia.html","url:1":"https://fotopolska.eu/Fort_Winiary_-_Cytadela_Ekspozycja?map_z=17","url:2":"https://youtu.be/Vb_PT39ygJc?si=oE6Ql2wo7DlvyimW","website":"https://www.wmn.poznan.pl/oddzialy/muzeum-uzbrojenia/","wikidata":"Q4306244","wikipedia":"pl:Muzeum Uzbrojenia w Poznaniu","addr:postcode":"05-220","addr:city":"Zielonka","addr:street":"Sprinterska","addr:housenumber":"5","operator:type":"private","source:tourism":"Wykaz Muzeów, wypis na dzień 2026-04-09","@id":"way/37059276"},"geometry":{"type":"Polygon","coordinates":[[[16.9322782,52.4212083],[16.9321102,52.4210841],[16.932095,52.4210568],[16.9321199,52.4206303],[16.9321285,52.4206166],[16.9321455,52.420607],[16.9321661,52.4206003],[16.9321634,52.420595],[16.932155,52.4205771],[16.932146,52.4205579],[16.9321432,52.4205524],[16.9321222,52.4205451],[16.9321242,52.4205289],[16.9321492,52.4203308],[16.9321817,52.4200724],[16.9321891,52.4200668],[16.9321946,52.4200624],[16.9322245,52.4200398],[16.9323719,52.4200168],[16.9325186,52.4199939],[16.9325314,52.4200058],[16.9325513,52.4200145],[16.9325761,52.4200192],[16.9330257,52.4200682],[16.9330461,52.4200682],[16.9330678,52.4200648],[16.9330868,52.4200566],[16.933136,52.4200748],[16.9331472,52.4200694],[16.9331568,52.4200649],[16.933165,52.4200607],[16.9333035,52.4201056],[16.9333218,52.4201135],[16.9333253,52.4201249],[16.9330973,52.4204778],[16.9330647,52.4205283],[16.9330524,52.4205473],[16.9330341,52.4205541],[16.9330087,52.4205636],[16.9328938,52.4205781],[16.9328084,52.4207445],[16.9330951,52.4212391],[16.9330633,52.4212693],[16.9330248,52.4212883],[16.9322782,52.4212083]]]}}],"cooperativeWork":{"meta":{"version":2,"type":1},"operations":[{"operationType":"modifyElement","data":{"id":"way/37059276","operations":[{"operation":"setTags","data":{"operator":"Wojciech Goryca","addr:postcode":"05-220","addr:city":"Zielonka","addr:street":"Sprinterska","addr:housenumber":"5","operator:type":"private","source:tourism":"Wykaz Muzeów, wypis na dzień 2026-04-09"}}]}}]}}
{"type":"FeatureCollection","features":[{"type":"Feature","properties":{"addr:city":"Pępowo","addr:housenumber":"50","addr:postcode":"83-330","addr:street":"Armii Krajowej","building":"yes","email":"info@vwmuzeum.pl","mobile":"+48 604 704 050","name":"Muzeum Volkswagena","phone":"+48 58 681 82 05","source:addr":"UG Żukowo","tourism":"museum","website":"http://vwmuseum.pl/","operator":"Ewa Suchecka","operator:type":"private","source:tourism":"Wykaz Muzeów, wypis na dzień 2026-04-09","@id":"way/518406466"},"geometry":{"type":"Polygon","coordinates":[[[18.3889998,54.361225],[18.3888585,54.3612438],[18.388831,54.3611709],[18.3889241,54.3611588],[18.38898,54.3611138],[18.3889537,54.3611025],[18.3889805,54.361081],[18.3889547,54.3610701],[18.3890046,54.3610298],[18.38903,54.3610409],[18.3890753,54.3610042],[18.3891372,54.3610302],[18.389155,54.3610157],[18.3892243,54.3610449],[18.3889998,54.361225]]]}}],"cooperativeWork":{"meta":{"version":2,"type":1},"operations":[{"operationType":"modifyElement","data":{"id":"way/518406466","operations":[{"operation":"setTags","data":{"operator":"Ewa Suchecka","operator:type":"private","source:tourism":"Wykaz Muzeów, wypis na dzień 2026-04-09"}}]}}]}}
{"type":"FeatureCollection","features":[{"type":"Feature","properties":{"addr:city":"Poznań","addr:city:simc":"969400","addr:housenumber":"9","addr:postcode":"61-854","addr:street":"Mostowa","building":"yes","building:levels":"1","name":"Muzeum Bambrów Poznańskich","source:addr":"www.poznan.pl/api","tourism":"museum","website":"http://www.bambrzy.poznan.pl/","wikidata":"Q11786918","wikipedia":"pl:Muzeum Bambrów Poznańskich","operator":"Towarzystwo Bambrów Poznańskich w Poznaniu","operator:type":"ngo","source:tourism":"Wykaz Muzeów, wypis na dzień 2026-04-09","@id":"way/440458476"},"geometry":{"type":"Polygon","coordinates":[[[16.940008,52.4048533],[16.9399226,52.4049338],[16.9399467,52.4049473],[16.9400149,52.4049855],[16.940007,52.4049911],[16.940052,52.4050159],[16.9401407,52.4050646],[16.9402559,52.4049844],[16.9401834,52.404946],[16.9401527,52.4049297],[16.940008,52.4048533]]]}}],"cooperativeWork":{"meta":{"version":2,"type":1},"operations":[{"operationType":"modifyElement","data":{"id":"way/440458476","operations":[{"operation":"setTags","data":{"operator":"Towarzystwo Bambrów Poznańskich w Poznaniu","operator:type":"ngo","source:tourism":"Wykaz Muzeów, wypis na dzień 2026-04-09"}}]}}]}}
{"type":"FeatureCollection","features":[{"type":"Feature","properties":{"email":"biuro@muzeumgazownictwa.pl","fee":"yes","name":"Muzeum Gazownictwa w Paczkowie","opening_hours":"Tu-Sa 09:00-17:00","operator":"Górnośląska Spółka Gazownictwa Sp. z o.o.","phone":"+48 77 431 68 34","tourism":"museum","website":"https://muzeumgazownictwa.pl/","wikidata":"Q11786976","wikipedia":"pl:Muzeum Gazownictwa w Paczkowie","addr:postcode":"48-370","addr:city":"Paczków","addr:street":"Pocztowa","addr:housenumber":"6","operator:type":"ngo","source:tourism":"Wykaz Muzeów, wypis na dzień 2026-04-09","@id":"way/712683527"},"geometry":{"type":"Polygon","coordinates":[[[17.004262,50.4665446],[17.0043209,50.4665805],[17.0044681,50.466669],[17.0048668,50.4664161],[17.0050735,50.4662878],[17.0046977,50.4661131],[17.0045898,50.4660616],[17.0044766,50.4660094],[17.0043708,50.4659585],[17.0042936,50.4659215],[17.0042896,50.4659194],[17.0041383,50.4658418],[17.0040782,50.4658829],[17.0039489,50.4659693],[17.0037829,50.4660789],[17.0038446,50.4661197],[17.0038755,50.4661416],[17.0042801,50.4663835],[17.0043017,50.4663945],[17.0043967,50.4664519],[17.0043989,50.4664542],[17.004262,50.4665446]]]}}],"cooperativeWork":{"meta":{"version":2,"type":1},"operations":[{"operationType":"modifyElement","data":{"id":"way/712683527","operations":[{"operation":"setTags","data":{"operator":"Górnośląska Spółka Gazownictwa Sp. z o.o.","addr:postcode":"48-370","addr:city":"Paczków","addr:street":"Pocztowa","addr:housenumber":"6","operator:type":"ngo","source:tourism":"Wykaz Muzeów, wypis na dzień 2026-04-09"}}]}}]}}
{"type":"FeatureCollection","features":[{"type":"Feature","properties":{"addr:city":"Kalisz","addr:housenumber":"189","addr:postcode":"62-800","addr:street":"Wrocławska","building":"yes","name":"Muzeum Historii Szczypiorna","tourism":"museum","operator":"Stowarzyszenie Szczypiorniak z siedzibą w Kaliszu","operator:type":"ngo","source:tourism":"Wykaz Muzeów, wypis na dzień 2026-04-09","@id":"way/283477347"},"geometry":{"type":"Polygon","coordinates":[[[18.0253174,51.7272815],[18.0253083,51.7272905],[18.0252493,51.7272676],[18.0251611,51.7273548],[18.0252191,51.7273773],[18.0252105,51.7273858],[18.0253301,51.7274322],[18.025436,51.7273275],[18.0253174,51.7272815]]]}}],"cooperativeWork":{"meta":{"version":2,"type":1},"operations":[{"operationType":"modifyElement","data":{"id":"way/283477347","operations":[{"operation":"setTags","data":{"operator":"Stowarzyszenie Szczypiorniak z siedzibą w Kaliszu","operator:type":"ngo","source:tourism":"Wykaz Muzeów, wypis na dzień 2026-04-09"}}]}}]}}
{"type":"FeatureCollection","features":[{"type":"Feature","properties":{"addr:city":"Kobyłka","addr:housenumber":"23","addr:postcode":"05-230","addr:street":"Leszka","building":"yes","name":"Muzeum Oręża i Techniki Użytkowej","tourism":"museum","operator":"Fundacja EKSPONAT","operator:type":"ngo","source:tourism":"Wykaz Muzeów, wypis na dzień 2026-04-09","@id":"way/430178538"},"geometry":{"type":"Polygon","coordinates":[[[21.1945876,52.350087],[21.1945796,52.3500229],[21.1945443,52.3500245],[21.1945367,52.349966],[21.1946907,52.3499589],[21.194697,52.350012],[21.1947046,52.3500123],[21.1947127,52.3500818],[21.1945876,52.350087]]]}}],"cooperativeWork":{"meta":{"version":2,"type":1},"operations":[{"operationType":"modifyElement","data":{"id":"way/430178538","operations":[{"operation":"setTags","data":{"operator":"Fundacja EKSPONAT","operator:type":"ngo","source:tourism":"Wykaz Muzeów, wypis na dzień 2026-04-09"}}]}}]}}
{"type":"FeatureCollection","features":[{"type":"Feature","properties":{"addr:city":"Warszawa","addr:city:simc":"918123","addr:housenumber":"2","addr:postcode":"00-588","addr:street":"Plac Unii Lubelskiej","building":"yes","building:levels":"1","check_date":"2022-08-15","contact:phone":"+48 22 646 58 55","fee":"yes","historic":"yes","name":"Muzeum Sue Ryder","opening_hours":"closed","roof:shape":"flat","source:addr":"gugik.gov.pl","source:building":"BDOT","source:geometry":"EGiB","tourism":"museum","website":"https://muzeumsueryder.pl/","wheelchair":"no","operator":"Fundacja Sue Ryder","operator:type":"ngo","source:tourism":"Wykaz Muzeów, wypis na dzień 2026-04-09","@id":"way/30108431"},"geometry":{"type":"Polygon","coordinates":[[[21.0217236,52.2131892],[21.0217569,52.2131949],[21.0217704,52.2131792],[21.0218378,52.2132024],[21.021825,52.2132173],[21.0218566,52.2132326],[21.0219158,52.2131764],[21.0218696,52.2131574],[21.0218714,52.2131558],[21.0218635,52.2131525],[21.0218611,52.2131544],[21.0218287,52.2131432],[21.0218306,52.213141],[21.0218212,52.2131378],[21.021819,52.21314],[21.0217684,52.2131257],[21.0217638,52.2131322],[21.0217236,52.2131892]]]}}],"cooperativeWork":{"meta":{"version":2,"type":1},"operations":[{"operationType":"modifyElement","data":{"id":"way/30108431","operations":[{"operation":"setTags","data":{"operator":"Fundacja Sue Ryder","operator:type":"ngo","source:tourism":"Wykaz Muzeów, wypis na dzień 2026-04-09"}}]}}]}}
{"type":"FeatureCollection","features":[{"type":"Feature","properties":{"addr:city":"Oława","addr:housenumber":"1D","addr:postcode":"55-200","addr:street":"Zielna","building":"yes","building:levels":"1","fee":"yes","museum":"transport","name":"Muzeum Motoryzacji Wena w Oławie","opening_hours":"Mo-Su 09:00-18:00","operator":"Tomasz Jurczak","operator:type":"private","source:building":"EGiB","start_date":"2024-02","toilets":"yes","toilets:wheelchair":"yes","tourism":"museum","url":"https://tymrazem.pl/muzeum-motoryzacji-wena-w-olawie/","website":"https://muzeummotoryzacjiwena.pl/","wheelchair":"yes","source:tourism":"Wykaz Muzeów, wypis na dzień 2026-04-09","@id":"way/1220017200"},"geometry":{"type":"Polygon","coordinates":[[[17.318464,50.932693],[17.317161,50.933303],[17.316755,50.932956],[17.317711,50.932509],[17.317542,50.932365],[17.317823,50.932233],[17.317992,50.932377],[17.318058,50.932346],[17.318464,50.932693]]]}}],"cooperativeWork":{"meta":{"version":2,"type":1},"operations":[{"operationType":"modifyElement","data":{"id":"way/1220017200","operations":[{"operation":"setTags","data":{"name":"Muzeum Motoryzacji Wena w Oławie","operator":"Tomasz Jurczak","source:tourism":"Wykaz Muzeów, wypis na dzień 2026-04-09"}}]}}]}}
{"type":"FeatureCollection","features":[{"type":"Feature","properties":{"addr:city":"Przedbórz","addr:housenumber":"9","addr:postcode":"97-570","addr:street":"Kielecka","building":"yes","name":"Muzeum Ludowe im. Tadeusza Michalskiego w Przedborzu","opening_hours":"Tu-Fr 08:00-13:00; Su 10:00-13:00; PH off","source:addr":"przedborz.e-mapa.net","tourism":"museum","operator":"Gmina Przedbórz","operator:type":"government","source:tourism":"Wykaz Muzeów, wypis na dzień 2026-04-09","@id":"way/506577074"},"geometry":{"type":"Polygon","coordinates":[[[19.8755363,51.0858936],[19.8754842,51.0858553],[19.8756336,51.0857746],[19.8756858,51.0858129],[19.8755363,51.0858936]]]}}],"cooperativeWork":{"meta":{"version":2,"type":1},"operations":[{"operationType":"modifyElement","data":{"id":"way/506577074","operations":[{"operation":"setTags","data":{"operator":"Gmina Przedbórz","operator:type":"government","source:tourism":"Wykaz Muzeów, wypis na dzień 2026-04-09"}}]}}]}}
{"type":"FeatureCollection","features":[{"type":"Feature","properties":{"addr:city":"Mysłowice","addr:housenumber":"7A","addr:postcode":"41-400","addr:street":"Stadionowa","building":"museum","contact:phone":"+48 32 222 37 33; +48 32 222 36 12","fee":"yes","name":"Centralne Muzeum Pożarnictwa w Mysłowicach","opening_hours":"Tu-Su 10:00-16:00","operator":"Komenda Główna Państwowej Straży Pożarnej","operator:type":"government","ref:ckkp":"SL00432","tourism":"museum","wikidata":"Q11689573","wikipedia":"pl:Centralne Muzeum Pożarnictwa w Mysłowicach","source:tourism":"Wykaz Muzeów, wypis na dzień 2026-04-09","@id":"way/336686023"},"geometry":{"type":"Polygon","coordinates":[[[19.1445492,50.2276252],[19.1446847,50.2276813],[19.1449812,50.2277968],[19.1451151,50.227665],[19.145266,50.2277189],[19.1454058,50.2275755],[19.1452616,50.2275131],[19.1453902,50.2273759],[19.1449618,50.2272041],[19.1448266,50.2273413],[19.1449731,50.2274009],[19.1449031,50.22747],[19.1448221,50.22755],[19.1446868,50.2274918],[19.1445492,50.2276252]]]}}],"cooperativeWork":{"meta":{"version":2,"type":1},"operations":[{"operationType":"modifyElement","data":{"id":"way/336686023","operations":[{"operation":"setTags","data":{"name":"Centralne Muzeum Pożarnictwa w Mysłowicach","operator:type":"government","source:tourism":"Wykaz Muzeów, wypis na dzień 2026-04-09"}}]}}]}}
{"type":"FeatureCollection","features":[{"type":"Feature","properties":{"addr:city":"Chorzów","addr:housenumber":"25","addr:postcode":"41-500","addr:street":"Powstańców","building":"yes","name":"Muzeum Górnośląski Park Etnograficzny w Chorzowie","tourism":"museum","wikidata":"Q11787313","wikimedia_commons":"File:Chorzów - Muzeum.jpg","wikipedia":"pl:Muzeum w Chorzowie","operator":"Województwo Śląskie","operator:type":"government","source:tourism":"Wykaz Muzeów, wypis na dzień 2026-04-09","@id":"way/179130300"},"geometry":{"type":"Polygon","coordinates":[[[18.9503587,50.2938096],[18.9505193,50.2937518],[18.9504425,50.2936618],[18.9503668,50.2935737],[18.9502069,50.2936298],[18.9502628,50.2936962],[18.9502426,50.2937034],[18.950261,50.2937254],[18.9502819,50.2937497],[18.9503025,50.2937426],[18.9503587,50.2938096]]]}}],"cooperativeWork":{"meta":{"version":2,"type":1},"operations":[{"operationType":"modifyElement","data":{"id":"way/179130300","operations":[{"operation":"setTags","data":{"name":"Muzeum Górnośląski Park Etnograficzny w Chorzowie","operator":"Województwo Śląskie","operator:type":"government","source:tourism":"Wykaz Muzeów, wypis na dzień 2026-04-09"}}]}}]}}
{"type":"FeatureCollection","features":[{"type":"Feature","properties":{"addr:city":"Elbląg","addr:country":"PL","addr:housenumber":"11","addr:postcode":"82-300","addr:street":"Bulwar Zygmunta Augusta","building":"yes","check_date":"2025-11-22","contact:facebook":"https://www.facebook.com/muzeumwelblagu/","contact:instagram":"https://www.instagram.com/muzeumelblag/","contact:youtube":"https://www.youtube.com/c/muzeumelbl%C4%85g","email":"muzeumel@elblag.com.pl","museum":"history;archaeological","name":"Muzeum Archeologiczno-Historyczne w Elblągu","official_name":"Muzeum Archeologiczno-Historyczne w Elblągu","operator":"Gmina Miasto Elbląg","operator:type":"government","payment:cards":"yes","payment:cash":"yes","phone":"+48 55 232 72 73","short_name":"Muzeum w Elblągu","toilets":"customers","tourism":"museum","website":"https://muzeum.elblag.pl/","wikidata":"Q15284137","wikipedia":"pl:Muzeum Archeologiczno-Historyczne w Elblągu","source:tourism":"Wykaz Muzeów, wypis na dzień 2026-04-09","@id":"way/261771182"},"geometry":{"type":"Polygon","coordinates":[[[19.3935187,54.1563707],[19.3935208,54.1563658],[19.3934977,54.1563629],[19.3934938,54.1563717],[19.3934305,54.1563626],[19.3933819,54.1565489],[19.3933541,54.1566651],[19.3933231,54.156799],[19.3935279,54.1568129],[19.3935472,54.1567281],[19.3935486,54.1566627],[19.3935796,54.1565378],[19.3935936,54.1565392],[19.3935972,54.1565271],[19.393583,54.1565256],[19.3936006,54.1564654],[19.3936148,54.1564668],[19.3936184,54.1564543],[19.3936042,54.1564528],[19.3936201,54.1563986],[19.3936346,54.1563996],[19.393638,54.1563821],[19.3936097,54.1563775],[19.3936043,54.156386],[19.3935187,54.1563707]]]}}],"cooperativeWork":{"meta":{"version":2,"type":1},"operations":[{"operationType":"modifyElement","data":{"id":"way/261771182","operations":[{"operation":"setTags","data":{"name":"Muzeum Archeologiczno-Historyczne w Elblągu","operator:type":"government","source:tourism":"Wykaz Muzeów, wypis na dzień 2026-04-09"}}]}}]}}
{"type":"FeatureCollection","features":[{"type":"Feature","properties":{"addr:city":"Jabłoń","addr:city:simc":"12799","addr:housenumber":"9A","addr:postcode":"21-205","addr:street":"Augusta Zamoyskiego","addr:street:sym_ul":"39762","building":"yes","museum":"history","name":"Muzeum Augusta Zamoyskiego w Jabłoniu","operator":"Gmina Jabłoń","operator:type":"government","source:addr":"jablon.e-mapa.net","tourism":"museum","source:tourism":"Wykaz Muzeów, wypis na dzień 2026-04-09","@id":"way/494004264"},"geometry":{"type":"Polygon","coordinates":[[[23.0920502,51.7235722],[23.0919959,51.7234921],[23.0922069,51.7234373],[23.0922612,51.7235174],[23.0920502,51.7235722]]]}}],"cooperativeWork":{"meta":{"version":2,"type":1},"operations":[{"operationType":"modifyElement","data":{"id":"way/494004264","operations":[{"operation":"setTags","data":{"name":"Muzeum Augusta Zamoyskiego w Jabłoniu","operator:type":"government","source:tourism":"Wykaz Muzeów, wypis na dzień 2026-04-09"}}]}}]}}
{"type":"FeatureCollection","features":[{"type":"Feature","properties":{"addr:city":"Warszawa","addr:housenumber":"24","addr:postcode":"00-665","addr:street":"Nowowiejska","building":"university","building:levels":"2","email":"muzeumpw@meil.pw.edu.pl;mpw@muzeumpw.com.pl","fee":"no","name":"Muzeum Azji i Pacyfiku w Warszawie","opening_hours":"Mo-Fr 08:30-15:30","operator":"Województwo Mazowieckie","phone":"+48 22 234 74 93","roof:levels":"1","roof:shape":"flat","source:addr":"mapa.um.warszawa.pl","tourism":"museum","website":"https://www.muzeum.pw.edu.pl/","wikidata":"Q11787141","wikipedia":"pl:Muzeum Politechniki Warszawskiej","operator:type":"government","source:tourism":"Wykaz Muzeów, wypis na dzień 2026-04-09","@id":"way/972583670"},"geometry":{"type":"Polygon","coordinates":[[[21.0061476,52.2204889],[21.0061468,52.2204768],[21.0061486,52.2204767],[21.0061422,52.2203729],[21.0060743,52.2203745],[21.0060735,52.220362],[21.0060606,52.2203537],[21.0060088,52.2203549],[21.0059967,52.2203633],[21.0059975,52.220377],[21.0059314,52.2203785],[21.0059386,52.2204938],[21.0061476,52.2204889]]]}}],"cooperativeWork":{"meta":{"version":2,"type":1},"operations":[{"operationType":"modifyElement","data":{"id":"way/972583670","operations":[{"operation":"setTags","data":{"name":"Muzeum Azji i Pacyfiku w Warszawie","operator":"Województwo Mazowieckie","operator:type":"government","source:tourism":"Wykaz Muzeów, wypis na dzień 2026-04-09"}}]}}]}}
{"type":"FeatureCollection","features":[{"type":"Feature","properties":{"addr:city":"Gorlice","addr:housenumber":"10A","addr:postcode":"38-300","addr:street":"Wróblewskiego","alt_name":"Muzeum Dwór Karwacjanów i Gładyszów","building":"yes","historic":"heritage","museum":"art","name":"Muzeum - Dwory Karwacjanów i Gładyszów w Gorlicach","opening_hours":"Mo-Su 08:00-18:00","operator":"Województwo Małopolskie","operator:type":"government","phone":"+48 18 353 56 18","source:addr":"EMUiA (emuia.gugik.gov.pl)","source:geometry":"geoportal.gov.pl- GPS/RTK","tourism":"museum","source:tourism":"Wykaz Muzeów, wypis na dzień 2026-04-09","@id":"way/283396853"},"geometry":{"type":"Polygon","coordinates":[[[21.1589951,49.6587058],[21.1589846,49.6586622],[21.158967,49.658664],[21.1589646,49.6586545],[21.1589668,49.6586541],[21.1589461,49.6585696],[21.1592381,49.6585398],[21.1592422,49.6585568],[21.1592633,49.6586437],[21.1592385,49.6586462],[21.1592465,49.6586796],[21.1589951,49.6587058]]]}}],"cooperativeWork":{"meta":{"version":2,"type":1},"operations":[{"operationType":"modifyElement","data":{"id":"way/283396853","operations":[{"operation":"setTags","data":{"name":"Muzeum - Dwory Karwacjanów i Gładyszów w Gorlicach","operator:type":"government","source:tourism":"Wykaz Muzeów, wypis na dzień 2026-04-09"}}]}}]}}
{"type":"FeatureCollection","features":[{"type":"Feature","properties":{"addr:city":"Kraków","addr:housenumber":"16","addr:postcode":"31-504","addr:street":"Lubicz","building":"museum","building:levels":"2","description:hu":"A várostörténeti múzeum kiállítóhelye","museum":"history","name":"Muzeum Historii Fotografii im. Walerego Rzewuskiego w Krakowie","opening_hours":"We-Su 10:00-17:00","operator":"Gmina Miejska Kraków","operator:type":"government","reservation":"required","tourism":"museum","website":"https://muzeumkrakowa.pl/oddzialy/celestat","wikidata":"Q9185653","wikipedia":"pl:Celestat","source:tourism":"Wykaz Muzeów, wypis na dzień 2026-04-09","@id":"way/30807865"},"geometry":{"type":"Polygon","coordinates":[[[19.9492882,50.0655476],[19.9492467,50.0654183],[19.9492225,50.0653183],[19.9492281,50.0652351],[19.9493732,50.0652179],[19.9493899,50.0652768],[19.9494024,50.065323],[19.9494243,50.0654007],[19.9494206,50.0654012],[19.9494535,50.0655198],[19.9494575,50.0655191],[19.9494765,50.0655601],[19.9494787,50.0655598],[19.9495017,50.0656084],[19.9494997,50.0656089],[19.9495184,50.0656502],[19.9493486,50.0656789],[19.9492882,50.0655476]]]}}],"cooperativeWork":{"meta":{"version":2,"type":1},"operations":[{"operationType":"modifyElement","data":{"id":"way/30807865","operations":[{"operation":"setTags","data":{"name":"Muzeum Historii Fotografii im. Walerego Rzewuskiego w Krakowie","operator":"Gmina Miejska Kraków","operator:type":"government","source:tourism":"Wykaz Muzeów, wypis na dzień 2026-04-09"}}]}}]}}
{"type":"FeatureCollection","features":[{"type":"Feature","properties":{"addr:city":"Katowice","addr:housenumber":"9","addr:postcode":"40-025","addr:street":"Księdza Józefa Szafranka","building":"apartments","email":"mhk@mhk.katowice.pl","museum":"history","museum_type":"municipal","name":"Muzeum Historii Katowic w Katowicach","name:de":"Museum für Geschichte der Stadt Kattowitz","name:en":"Museum of Katowice History","name:hu":"Katowicei Történeti Múzeum","name:uk":"Музей історії Катовіце","opening_hours":"Mo off; Tu-Fr 10:00-18:00; Sa 10:00-16:00; Su 11:00-15:00","phone":"48322561810","source":"UM Katowice","tourism":"museum","website":"https://www.mhk.katowice.pl/","wikidata":"Q11786994","wikipedia":"pl:Muzeum Historii Katowic","operator":"Miasto Katowice","operator:type":"government","source:tourism":"Wykaz Muzeów, wypis na dzień 2026-04-09","@id":"way/202159016"},"geometry":{"type":"Polygon","coordinates":[[[19.0286311,50.255445],[19.0286905,50.2554396],[19.0286763,50.2553556],[19.0286665,50.2553563],[19.028656,50.2552942],[19.0286745,50.2552929],[19.0286757,50.2552999],[19.0287367,50.2552957],[19.028738,50.2553035],[19.0288466,50.255296],[19.0288179,50.2551576],[19.0284242,50.2551877],[19.0284186,50.2551881],[19.0284642,50.2554602],[19.0284861,50.2554582],[19.0286311,50.255445]]]}}],"cooperativeWork":{"meta":{"version":2,"type":1},"operations":[{"operationType":"modifyElement","data":{"id":"way/202159016","operations":[{"operation":"setTags","data":{"name":"Muzeum Historii Katowic w Katowicach","operator":"Miasto Katowice","operator:type":"government","source:tourism":"Wykaz Muzeów, wypis na dzień 2026-04-09"}}]}}]}}
{"type":"FeatureCollection","features":[{"type":"Feature","properties":{"addr:city":"Opatówek","addr:city:simc":"205386","addr:housenumber":"1","addr:postcode":"62-860","addr:street":"Kościelna","addr:street:sym_ul":"9546","building":"yes","heritage":"2","heritage:operator":"nid","name":"Muzeum Historii Przemysłu w Opatówku","ref:nid":"96/35/A","source:addr":"emuia.gugik.gov.pl","tourism":"museum","website":"https://www.muzeum.opatowek.pl/","wikidata":"Q11787001","wikipedia":"pl:Muzeum Historii Przemysłu w Opatówku","operator":"Powiat Kaliski","operator:type":"government","source:tourism":"Wykaz Muzeów, wypis na dzień 2026-04-09","@id":"way/229823387"},"geometry":{"type":"Polygon","coordinates":[[[18.2140208,51.7385561],[18.2138331,51.7384997],[18.2139092,51.7383962],[18.2139166,51.7383867],[18.2142923,51.7384975],[18.2143944,51.7383636],[18.2144718,51.7382623],[18.2144586,51.7382584],[18.2144746,51.7382362],[18.2144844,51.7382231],[18.2146804,51.7382823],[18.2145549,51.7384478],[18.2145589,51.738449],[18.2144942,51.7385344],[18.2144902,51.7385333],[18.214391,51.7386643],[18.2140208,51.7385561]]]}}],"cooperativeWork":{"meta":{"version":2,"type":1},"operations":[{"operationType":"modifyElement","data":{"id":"way/229823387","operations":[{"operation":"setTags","data":{"name":"Muzeum Historii Przemysłu w Opatówku","operator":"Powiat Kaliski","operator:type":"government","source:tourism":"Wykaz Muzeów, wypis na dzień 2026-04-09"}}]}}]}}
{"type":"FeatureCollection","features":[{"type":"Feature","properties":{"addr:city":"Bielsko-Biała","addr:housename":"Muzeum w Bielsku-Białej","addr:housenumber":"16","addr:postcode":"43-300","addr:street":"Wzgórze","email":"info@muzeum.bielsko.pl","fax":"+48 33 811 10 35","fee":"yes","heritage":"2","heritage:operator":"nid","historic":"castle","image":"https://commons.wikimedia.org/wiki/File:Su%C5%82kowski_Castle,_Bielsko-Bia%C5%82a_3.jpg","name":"Muzeum Historyczne w Bielsku-Białej","phone":"+48 33 822 06 56","ref:ckkp":"SL00034","ref:nid":"A/133/76","tourism":"museum","website":"http://www.muzeum.bielsko.pl/","wikidata":"Q1667897","wikipedia":"pl:Muzeum Historyczne w Bielsku-Białej – Zamek książąt Sułkowskich","operator":"Województwo Śląskie","operator:type":"government","source:tourism":"Wykaz Muzeów, wypis na dzień 2026-04-09","@id":"way/661339521"},"geometry":{"type":"Polygon","coordinates":[[[19.0442247,49.8216455],[19.0442922,49.821722],[19.0442553,49.8217287],[19.0442852,49.821809],[19.0442589,49.8218134],[19.0442733,49.8218514],[19.0442989,49.8218471],[19.0443402,49.8219589],[19.0443336,49.82196],[19.044373,49.8220381],[19.0444966,49.822013],[19.0444942,49.8220076],[19.0445108,49.8220049],[19.0445056,49.821988],[19.0445315,49.8219853],[19.0445366,49.8220016],[19.0445519,49.8219997],[19.0445476,49.8219836],[19.0445829,49.8219799],[19.0445883,49.8219954],[19.0446048,49.821993],[19.0446012,49.821978],[19.0446348,49.8219745],[19.0446397,49.8219885],[19.0446554,49.8219859],[19.0446518,49.8219728],[19.0446887,49.8219689],[19.0446934,49.8219816],[19.0447675,49.8219725],[19.0447675,49.8219667],[19.0447929,49.8219647],[19.0447937,49.821968],[19.0448002,49.8219671],[19.0448005,49.821973],[19.0448387,49.8219784],[19.0448666,49.8219597],[19.0448601,49.8219324],[19.0448276,49.821927],[19.0448086,49.8218456],[19.0448904,49.821833],[19.0448655,49.8217664],[19.0447837,49.8216085],[19.0447969,49.8216045],[19.0447837,49.8215832],[19.0448064,49.8215753],[19.0447818,49.8215342],[19.04476,49.8215413],[19.0447463,49.8215216],[19.0446819,49.8214477],[19.044556,49.8213111],[19.0445463,49.8213149],[19.0445484,49.8213174],[19.0445,49.8213363],[19.0444753,49.8213461],[19.0444728,49.8213436],[19.0444629,49.8213475],[19.0444798,49.8213675],[19.044483,49.8213667],[19.0445086,49.8213959],[19.0445065,49.8213968],[19.044516,49.8214075],[19.0445183,49.8214067],[19.0445445,49.8214357],[19.0445424,49.8214366],[19.0445526,49.821448],[19.044555,49.8214472],[19.0445856,49.8214809],[19.0445814,49.8214835],[19.0445749,49.8214767],[19.0444969,49.8215071],[19.0444987,49.8215092],[19.0443501,49.8215725],[19.0443468,49.8215703],[19.0442818,49.8216044],[19.0442886,49.8216095],[19.0442247,49.8216455]]]}}],"cooperativeWork":{"meta":{"version":2,"type":1},"operations":[{"operationType":"modifyElement","data":{"id":"way/661339521","operations":[{"operation":"setTags","data":{"name":"Muzeum Historyczne w Bielsku-Białej","operator":"Województwo Śląskie","operator:type":"government","source:tourism":"Wykaz Muzeów, wypis na dzień 2026-04-09"}}]}}]}}
{"type":"FeatureCollection","features":[{"type":"Feature","properties":{"addr:city":"Kluczbork","addr:housenumber":"10","addr:postcode":"46-200","addr:street":"Zamkowa","barrier":"city_wall","building":"yes","building:levels":"4","historic":"building","image":"https://photos.app.goo.gl/zUbTYSX4otecUo3L9","name":"Muzeum im. Jana Dzierżona w Kluczborku","phone":"+48 77 418 27 07","source":"http://sdi.opolskie.pl/mapa_bazowa/request.aspx","tourism":"museum","url":"https://fotopolska.eu/13814,obiekt.html?map_z=18","url:0":"https://polska-org.pl/511358,Kluczbork,Muzeum_im_Jana_Dzierzona_dawny_Zamek.html","website":"https://www.muzeum.kluczbork.pl/","wikidata":"Q16580252","wikipedia":"pl:Muzeum im. Jana Dzierżona w Kluczborku","operator":"Gmina Kluczbork","operator:type":"government","source:tourism":"Wykaz Muzeów, wypis na dzień 2026-04-09","@id":"way/262732316"},"geometry":{"type":"Polygon","coordinates":[[[18.217706,50.9729389],[18.217627,50.972938],[18.2176316,50.9730055],[18.2176328,50.9730657],[18.2176335,50.973082],[18.2176242,50.9731223],[18.2176051,50.9732221],[18.2177589,50.973234],[18.2177884,50.9731168],[18.2177881,50.9730681],[18.2177872,50.9730501],[18.2177845,50.9729894],[18.2177828,50.9729696],[18.2177808,50.9729469],[18.2177084,50.9729548],[18.217706,50.9729389]]]}}],"cooperativeWork":{"meta":{"version":2,"type":1},"operations":[{"operationType":"modifyElement","data":{"id":"way/262732316","operations":[{"operation":"setTags","data":{"name":"Muzeum im. Jana Dzierżona w Kluczborku","operator":"Gmina Kluczbork","operator:type":"government","source:tourism":"Wykaz Muzeów, wypis na dzień 2026-04-09"}}]}}]}}
{"type":"FeatureCollection","features":[{"type":"Feature","properties":{"addr:city":"Inowrocław","addr:housenumber":"33","addr:street":"Solankowa","building":"yes","building:levels":"2","fee":"yes","historic":"yes","name":"Muzeum im. Jana Kasprowicza w Inowrocławiu","opening_hours":"Tu-Fr 10:00-17:00; Sa,Su 10:00-16:00; Mo off","ref:ckkp":"KP00200","source:building":"BDOT","tourism":"museum","wikidata":"Q17619113","wikipedia":"pl:Muzeum im. Jana Kasprowicza w Inowrocławiu","addr:postcode":"88-100","operator":"Powiat Inowrocławski","operator:type":"government","source:tourism":"Wykaz Muzeów, wypis na dzień 2026-04-09","@id":"way/684465948"},"geometry":{"type":"Polygon","coordinates":[[[18.251274,52.79503],[18.251171,52.795161],[18.251178,52.79518],[18.251194,52.795184],[18.251149,52.795246],[18.251322,52.7953],[18.251317,52.795307],[18.251379,52.795327],[18.251426,52.795274],[18.251451,52.795283],[18.251458,52.795275],[18.251472,52.795279],[18.251493,52.795255],[18.251478,52.795251],[18.251484,52.795243],[18.251458,52.795236],[18.251494,52.795191],[18.251356,52.795148],[18.251417,52.795074],[18.251274,52.79503]]]}}],"cooperativeWork":{"meta":{"version":2,"type":1},"operations":[{"operationType":"modifyElement","data":{"id":"way/684465948","operations":[{"operation":"setTags","data":{"name":"Muzeum im. Jana Kasprowicza w Inowrocławiu","addr:postcode":"88-100","operator":"Powiat Inowrocławski","operator:type":"government","source:tourism":"Wykaz Muzeów, wypis na dzień 2026-04-09"}}]}}]}}
{"type":"FeatureCollection","features":[{"type":"Feature","properties":{"addr:city":"Krośniewice","addr:housenumber":"1","addr:postcode":"99-340","addr:street":"Plac Wolności","building":"yes","museum":"history","name":"Muzeum im. Jerzego Dunin-Borkowskiego w Krośniewicach","opening_hours":"Mo off; Tu-Fr 09:00-16:00; Sa-Su 10:00-15:00","phone":"+48 24 252 33 47","source":"geoportal.gov.pl:ortofoto","tourism":"museum","website":"http://www.muzeumkrosniewice.pl/","wikidata":"Q11787301","wikipedia":"pl:Muzeum im. Jerzego Dunin-Borkowskiego w Krośniewicach","operator":"Powiat Kutnowski","operator:type":"government","source:tourism":"Wykaz Muzeów, wypis na dzień 2026-04-09","@id":"way/397165284"},"geometry":{"type":"Polygon","coordinates":[[[19.1697476,52.2558283],[19.1697563,52.2557559],[19.1697617,52.2557561],[19.169763,52.2557448],[19.1697593,52.2557446],[19.1697609,52.25573],[19.1697652,52.2557302],[19.1697665,52.2557188],[19.1697626,52.2557187],[19.1697643,52.2557035],[19.1697689,52.2557037],[19.1697701,52.2556928],[19.1697663,52.2556927],[19.169768,52.2556776],[19.1697725,52.2556778],[19.1697737,52.255667],[19.16977,52.2556669],[19.1697784,52.255592],[19.1695746,52.2555827],[19.1695544,52.2557381],[19.1695428,52.2558273],[19.1697476,52.2558283]]]}}],"cooperativeWork":{"meta":{"version":2,"type":1},"operations":[{"operationType":"modifyElement","data":{"id":"way/397165284","operations":[{"operation":"setTags","data":{"name":"Muzeum im. Jerzego Dunin-Borkowskiego w Krośniewicach","operator":"Powiat Kutnowski","operator:type":"government","source:tourism":"Wykaz Muzeów, wypis na dzień 2026-04-09"}}]}}]}}
{"type":"FeatureCollection","features":[{"type":"Feature","properties":{"addr:city":"Jelenia Góra","addr:housenumber":"28","addr:street":"Jana Matejki","building":"yes","building:levels":"3","fee":"yes","historic":"yes","internet_access":"wlan","name":"Muzeum Karkonoskie w Jeleniej Górze","opening_hours":"Tu-Su 09:00-17:00","phone":"48757523465","ref:ckkp":"DS00212","source:building":"BDOT","source:geometry":"geoportal.gov.pl, GPS","tourism":"museum","website":"https://muzeumkarkonoskie.pl/","wikidata":"Q61857976","wikipedia":"pl:Muzeum Karkonoskie w Jeleniej Górze","addr:postcode":"58-500","operator":"Województwo Dolnośląskie","operator:type":"government","source:tourism":"Wykaz Muzeów, wypis na dzień 2026-04-09","@id":"way/203781162"},"geometry":{"type":"Polygon","coordinates":[[[15.738358,50.89753],[15.73842,50.897462],[15.738448,50.897472],[15.738509,50.897405],[15.738482,50.897395],[15.7385457,50.8973247],[15.7383765,50.8972634],[15.7384017,50.897236],[15.7382485,50.8971841],[15.7381941,50.8972094],[15.738043,50.897159],[15.737894,50.897108],[15.7378316,50.8970878],[15.737703,50.897239],[15.737876,50.897297],[15.737852,50.897325],[15.737949,50.897358],[15.738015,50.897279],[15.738279,50.897368],[15.738224,50.897429],[15.738197,50.897419],[15.738202,50.897413],[15.73819,50.897409],[15.738166,50.897438],[15.738093,50.897409],[15.738053,50.897454],[15.738135,50.897484],[15.738158,50.897458],[15.738358,50.89753]]]}}],"cooperativeWork":{"meta":{"version":2,"type":1},"operations":[{"operationType":"modifyElement","data":{"id":"way/203781162","operations":[{"operation":"setTags","data":{"name":"Muzeum Karkonoskie w Jeleniej Górze","addr:postcode":"58-500","operator":"Województwo Dolnośląskie","operator:type":"government","source:tourism":"Wykaz Muzeów, wypis na dzień 2026-04-09"}}]}}]}}
{"type":"FeatureCollection","features":[{"type":"Feature","properties":{"addr:city":"Łódź","addr:housenumber":"1","addr:postcode":"90-312","addr:street":"Plac Zwycięstwa","building":"yes","name":"Muzeum Kinematografii w Łodzi","tourism":"museum","wikidata":"Q4572696","wikipedia":"pl:Pałac Karola Scheiblera","operator":"Miasto Łódź","operator:type":"government","source:tourism":"Wykaz Muzeów, wypis na dzień 2026-04-09","@id":"way/174195288"},"geometry":{"type":"Polygon","coordinates":[[[19.4739372,51.7595181],[19.474312,51.7595494],[19.4743179,51.7595562],[19.4743375,51.7595589],[19.4743415,51.7595364],[19.4743629,51.759538],[19.4743686,51.7595152],[19.4746388,51.7595389],[19.4746424,51.7595305],[19.4747353,51.7595382],[19.4747336,51.7595456],[19.4748288,51.7595535],[19.4748296,51.7595518],[19.4748236,51.7595513],[19.4748215,51.7595494],[19.4748209,51.7595473],[19.4748256,51.7595237],[19.4748299,51.7595211],[19.4748355,51.7595206],[19.4748378,51.7595118],[19.4749054,51.7595176],[19.4749065,51.7595148],[19.4749486,51.7595181],[19.4749478,51.7595212],[19.4750144,51.7595269],[19.4750129,51.7595354],[19.475018,51.7595363],[19.47502,51.7595377],[19.4750205,51.7595398],[19.4750148,51.7595633],[19.475013,51.7595651],[19.4750101,51.7595664],[19.4750066,51.7595669],[19.4750036,51.7595668],[19.475003,51.7595688],[19.4751086,51.7595774],[19.4751087,51.7595801],[19.4751178,51.7595817],[19.4751349,51.7595849],[19.4751517,51.7595951],[19.4751616,51.7596028],[19.4751677,51.7596167],[19.4751486,51.7596981],[19.4739255,51.7595978],[19.4739372,51.7595181]]]}}],"cooperativeWork":{"meta":{"version":2,"type":1},"operations":[{"operationType":"modifyElement","data":{"id":"way/174195288","operations":[{"operation":"setTags","data":{"name":"Muzeum Kinematografii w Łodzi","operator":"Miasto Łódź","operator:type":"government","source:tourism":"Wykaz Muzeów, wypis na dzień 2026-04-09"}}]}}]}}
{"type":"FeatureCollection","features":[{"type":"Feature","properties":{"addr:city":"Lubaczów","addr:housenumber":"4","addr:postcode":"37-600","addr:street":"Jana III Sobieskiego","building":"yes","description":"Ponad 8000 zbiorów historycznych, etnograficznych oraz sztuki","email":"biuro@muzeumkresow.eu","fee":"yes","heritage":"2","heritage:operator":"nid","image":"https://pl.wikipedia.org/wiki/Muzeum_Kres%C3%B3w_w_Lubaczowie#/media/File:Muzeum_Kres%C3%B3w.JPG","name":"Muzeum Kresów w Lubaczowie","opening_hours":"Tu-Fr 9:00-15:00; Sa-Su 10:30-17:30","phone":"+48 16 632 18 02","ref:nid":"A-708 z 1984-01-16","source:addr":"EMUiA (emuia.geoportal.gov.pl)","start_date":"1958","tourism":"museum","website":"https://www.muzeumkresow.eu/","wikidata":"Q16913424","wikipedia":"pl:Muzeum Kresów w Lubaczowie","operator":"Powiat Lubaczowski","operator:type":"government","source:tourism":"Wykaz Muzeów, wypis na dzień 2026-04-09","@id":"way/244036571"},"geometry":{"type":"Polygon","coordinates":[[[23.1280628,50.1535387],[23.1282661,50.1532372],[23.1284393,50.1532855],[23.1283294,50.1534521],[23.1282359,50.1535873],[23.1280628,50.1535387]]]}}],"cooperativeWork":{"meta":{"version":2,"type":1},"operations":[{"operationType":"modifyElement","data":{"id":"way/244036571","operations":[{"operation":"setTags","data":{"name":"Muzeum Kresów w Lubaczowie","operator":"Powiat Lubaczowski","operator:type":"government","source:tourism":"Wykaz Muzeów, wypis na dzień 2026-04-09"}}]}}]}}
{"type":"FeatureCollection","features":[{"type":"Feature","properties":{"addr:city":"Żyrardów","addr:city:simc":"977210","addr:housenumber":"18","addr:postcode":"96-300","addr:street":"Karola Dittricha","building":"industrial","building:levels":"1","name":"Muzeum Lniarstwa im. Filipa De Girarda w Żyrardowie","opening_hours":"Tu-Fr 10:00-15:00; Sa, Su 11:00-18:00","phone":"+48 793 134 703","source:addr":"zyrardow.e-mapa.net","source:building":"BDOT","source:geometry":"EGiB","tourism":"museum","website":"https://www.muzeumlniarstwa.pl/","operator":"Miasto Żyrardów","operator:type":"government","source:tourism":"Wykaz Muzeów, wypis na dzień 2026-04-09","@id":"way/719685818"},"geometry":{"type":"Polygon","coordinates":[[[20.430586,52.060799],[20.430235,52.060637],[20.429446,52.060275],[20.429434,52.06027],[20.429072,52.060566],[20.429542,52.060783],[20.429408,52.060894],[20.430039,52.061184],[20.430104,52.06113],[20.430098,52.061127],[20.430344,52.060926],[20.4304,52.060952],[20.430586,52.060799]]]}}],"cooperativeWork":{"meta":{"version":2,"type":1},"operations":[{"operationType":"modifyElement","data":{"id":"way/719685818","operations":[{"operation":"setTags","data":{"name":"Muzeum Lniarstwa im. Filipa De Girarda w Żyrardowie","operator":"Miasto Żyrardów","operator:type":"government","source:tourism":"Wykaz Muzeów, wypis na dzień 2026-04-09"}}]}}]}}
{"type":"FeatureCollection","features":[{"type":"Feature","properties":{"addr:city":"Gorzów Wielkopolski","addr:housenumber":"35","addr:postcode":"66-400","addr:street":"Warszawska","building":"yes","building:levels":"3","building:usage:pl":"Kultury, oświaty, kultu religijnego","name":"Muzeum Lubuskie im. Jana Dekerta w Gorzowie Wielkopolskim","source":"UM Gorzów","tourism":"museum","operator":"Województwo Lubuskie","operator:type":"government","source:tourism":"Wykaz Muzeów, wypis na dzień 2026-04-09","@id":"way/193932728"},"geometry":{"type":"Polygon","coordinates":[[[15.2498762,52.7342437],[15.2499133,52.7342457],[15.2498974,52.7343465],[15.2495989,52.7343333],[15.2496066,52.7342693],[15.249473,52.7342634],[15.2494824,52.7341878],[15.249471,52.7341805],[15.2494736,52.7341604],[15.2494972,52.7341472],[15.2495295,52.7341486],[15.2495427,52.7341553],[15.2496232,52.7341569],[15.2496251,52.7341435],[15.2497941,52.7341523],[15.2497922,52.7341658],[15.2498867,52.7341708],[15.2498762,52.7342437]]]}}],"cooperativeWork":{"meta":{"version":2,"type":1},"operations":[{"operationType":"modifyElement","data":{"id":"way/193932728","operations":[{"operation":"setTags","data":{"name":"Muzeum Lubuskie im. Jana Dekerta w Gorzowie Wielkopolskim","operator":"Województwo Lubuskie","operator:type":"government","source:tourism":"Wykaz Muzeów, wypis na dzień 2026-04-09"}}]}}]}}
{"type":"FeatureCollection","features":[{"type":"Feature","properties":{"addr:city":"Żyrardów","addr:housenumber":"1","addr:postcode":"96-300","addr:street":"Karola Dittricha","building":"yes","building:levels":"2","heritage":"2","heritage:operator":"nid","historic":"palace","name":"Muzeum Mazowsza Zachodniego w Żyrardowie","opening_hours":"Tu-Fr 08:00-16:00; Sa-Su 11:00-17:00","source:building":"BDOT","source:geometry":"EGiB","tourism":"museum","website":"http://www.muzeumzyrardow.pl/","wikidata":"Q11787062","wikipedia":"pl:Muzeum Mazowsza Zachodniego w Żyrardowie","operator":"Powiat Żyrardowski","operator:type":"government","source:tourism":"Wykaz Muzeów, wypis na dzień 2026-04-09","@id":"way/196601097"},"geometry":{"type":"Polygon","coordinates":[[[20.433205,52.056929],[20.433195,52.056925],[20.433233,52.056888],[20.433178,52.056866],[20.43319,52.056854],[20.433152,52.056839],[20.433143,52.056848],[20.433089,52.056827],[20.433087,52.056829],[20.433032,52.056807],[20.432994,52.056844],[20.43301,52.05685],[20.43299,52.05687],[20.432985,52.056868],[20.43297,52.056873],[20.432958,52.056884],[20.432955,52.056897],[20.43296,52.056899],[20.432944,52.056914],[20.432975,52.056926],[20.432971,52.05693],[20.432959,52.056925],[20.432936,52.056948],[20.432951,52.056953],[20.432941,52.056964],[20.433083,52.057026],[20.433121,52.056987],[20.433135,52.056992],[20.433153,52.056973],[20.433161,52.056976],[20.4331735,52.056964],[20.433186,52.056952],[20.433182,52.05695],[20.433205,52.056929]]]}}],"cooperativeWork":{"meta":{"version":2,"type":1},"operations":[{"operationType":"modifyElement","data":{"id":"way/196601097","operations":[{"operation":"setTags","data":{"name":"Muzeum Mazowsza Zachodniego w Żyrardowie","operator":"Powiat Żyrardowski","operator:type":"government","source:tourism":"Wykaz Muzeów, wypis na dzień 2026-04-09"}}]}}]}}
{"type":"FeatureCollection","features":[{"type":"Feature","properties":{"addr:city":"Legnica","addr:housenumber":"3","addr:postcode":"59-220","addr:street":"Partyzantów","museum":"local","name":"Muzeum Miedzi w Legnicy","ref:ckkp":"DS00333","tourism":"museum","website":"http://muzeum-miedzi.art.pl/","wikidata":"Q1330379","wikipedia":"pl:Muzeum Miedzi w Legnicy","operator":"Gmina Legnica","operator:type":"government","source:tourism":"Wykaz Muzeów, wypis na dzień 2026-04-09","@id":"way/892383655"},"geometry":{"type":"Polygon","coordinates":[[[16.1593726,51.208952],[16.1594686,51.2090014],[16.1594951,51.2089823],[16.1595631,51.2090134],[16.1595871,51.2089918],[16.159654,51.2090207],[16.1596192,51.20905],[16.1596976,51.2090891],[16.159709,51.2090788],[16.1597341,51.2090559],[16.1599218,51.208885],[16.159901,51.2088765],[16.1599439,51.2088381],[16.1599682,51.2088164],[16.1599882,51.2087985],[16.1598738,51.2087456],[16.1598529,51.2087634],[16.1597857,51.2087353],[16.1597641,51.2087579],[16.1594581,51.2086301],[16.1594151,51.2086122],[16.1593156,51.2085695],[16.1593361,51.2085513],[16.1592447,51.2085119],[16.1592958,51.208464],[16.1593758,51.2083893],[16.1592459,51.2083335],[16.1592421,51.2083356],[16.1592444,51.208337],[16.1591201,51.2084554],[16.1589425,51.2086244],[16.1589373,51.2086231],[16.1589328,51.2086252],[16.158922,51.2086337],[16.1589245,51.2086353],[16.1589152,51.208643],[16.1589122,51.2086412],[16.1589016,51.2086495],[16.1589051,51.2086513],[16.1588849,51.2086658],[16.1588825,51.2086643],[16.1588717,51.2086727],[16.1588743,51.2086747],[16.1588653,51.2086812],[16.1588622,51.20868],[16.1588515,51.2086885],[16.1588519,51.2086925],[16.1588649,51.2086997],[16.1588678,51.2086976],[16.1588965,51.208713],[16.1588935,51.2087153],[16.1589067,51.2087225],[16.1589093,51.2087205],[16.1589382,51.2087362],[16.1589351,51.2087381],[16.1589483,51.2087453],[16.1589507,51.2087434],[16.1589791,51.2087592],[16.158977,51.208761],[16.1589901,51.208768],[16.158993,51.2087662],[16.1590203,51.208782],[16.1590181,51.2087842],[16.1590455,51.2087993],[16.1590483,51.2087971],[16.1590669,51.2088081],[16.1590644,51.2088095],[16.1590785,51.2088179],[16.1590785,51.2088223],[16.159111,51.2088399],[16.1591184,51.2088399],[16.1591332,51.2088472],[16.1591365,51.2088453],[16.159155,51.2088556],[16.1591522,51.2088573],[16.1591801,51.2088724],[16.1591834,51.2088707],[16.1592112,51.2088859],[16.1592089,51.2088876],[16.1592221,51.2088948],[16.1592295,51.2088946],[16.1592542,51.2089089],[16.159251,51.2089103],[16.1592637,51.2089175],[16.159267,51.2089157],[16.1592954,51.2089315],[16.1592932,51.2089331],[16.159306,51.2089404],[16.1593091,51.2089385],[16.1593369,51.2089541],[16.1593346,51.2089561],[16.1593474,51.2089632],[16.1593501,51.2089622],[16.1593568,51.2089652],[16.1593726,51.208952]]]}}],"cooperativeWork":{"meta":{"version":2,"type":1},"operations":[{"operationType":"modifyElement","data":{"id":"way/892383655","operations":[{"operation":"setTags","data":{"name":"Muzeum Miedzi w Legnicy","operator":"Gmina Legnica","operator:type":"government","source:tourism":"Wykaz Muzeów, wypis na dzień 2026-04-09"}}]}}]}}
{"type":"FeatureCollection","features":[{"type":"Feature","properties":{"addr:city":"Żywiec","addr:housenumber":"2","addr:postcode":"34-300","addr:street":"Zamkowa","building":"yes","heritage":"2","heritage:operator":"nid","historic":"castle","name":"Muzeum Miejskie w Żywcu","phone":"+48 33 861 21 24","ref:ckkp":"SL00837","ref:nid":"A-488/86","tourism":"museum","website":"http://www.muzeum-zywiec.pl/","wikidata":"Q9344377","wikipedia":"pl:Stary Zamek w Żywcu","operator":"Miasto Żywiec","operator:type":"government","source:tourism":"Wykaz Muzeów, wypis na dzień 2026-04-09","@id":"way/240434076"},"geometry":{"type":"Polygon","coordinates":[[[19.2001847,49.688344],[19.2001932,49.6883329],[19.2001657,49.6882979],[19.1999023,49.6883762],[19.199915,49.6884022],[19.1998516,49.6883983],[19.199871,49.6883724],[19.1997768,49.6882672],[19.1997321,49.6882809],[19.1997167,49.6882599],[19.1997591,49.688245],[19.1997442,49.6882233],[19.1997018,49.688236],[19.1996868,49.6882157],[19.199729,49.6882011],[19.1996069,49.6880061],[19.1997432,49.6879578],[19.1997879,49.6880061],[19.1999313,49.6879571],[19.1998849,49.6879054],[19.2000089,49.6878529],[19.2000138,49.687857],[19.2000172,49.687856],[19.2000301,49.6878678],[19.2000261,49.6878692],[19.2000383,49.6878814],[19.2000511,49.6878933],[19.200055,49.6878921],[19.2000696,49.6879057],[19.2000656,49.6879081],[19.2001073,49.6879476],[19.2001035,49.6879499],[19.2001523,49.6879999],[19.2001524,49.6879999],[19.2001795,49.6880277],[19.2002459,49.6881165],[19.2002566,49.6881138],[19.2002693,49.6881158],[19.2002823,49.6881194],[19.200242,49.6881376],[19.2002389,49.6881356],[19.2001278,49.6881657],[19.2000432,49.6880515],[19.1998673,49.6881063],[19.199971,49.6882465],[19.2002904,49.688147],[19.2003089,49.6881611],[19.2003031,49.6881696],[19.2002689,49.6881759],[19.2003187,49.6883189],[19.2003574,49.6883372],[19.2004044,49.6883288],[19.2004111,49.6883477],[19.2004054,49.6883548],[19.2003638,49.6883653],[19.2003384,49.6883979],[19.2003568,49.6884302],[19.2003153,49.6884389],[19.2002896,49.6884018],[19.2002303,49.6883724],[19.2002386,49.6883636],[19.2001847,49.688344]]]}}],"cooperativeWork":{"meta":{"version":2,"type":1},"operations":[{"operationType":"modifyElement","data":{"id":"way/240434076","operations":[{"operation":"setTags","data":{"name":"Muzeum Miejskie w Żywcu","operator":"Miasto Żywiec","operator:type":"government","source:tourism":"Wykaz Muzeów, wypis na dzień 2026-04-09"}}]}}]}}
{"type":"FeatureCollection","features":[{"type":"Feature","properties":{"addr:city":"Jelenia Góra","addr:housenumber":"32","addr:postcode":"58-570","addr:street":"Michałowicka","air_conditioning":"no","architect":"Hans Grisebach","architect:wikidata":"Q98559","architect:wikipedia":"pl:Hans Grisebach","building":"yes","historic":"villa","museum":"person","museum_type":"municipal","name":"Muzeum Miejskie Dom Gerharta Hauptmanna w Jeleniej Górze","name:de":"Gerhart-Hauptmann-Haus","official_name":"Muzeum Miejskie Dom Gerharta Hauptmanna","payment:apple_pay":"yes","payment:cards":"yes","payment:cash":"yes","payment:contactless":"yes","payment:credit_cards":"yes","payment:debit_cards":"yes","payment:google_pay":"yes","payment:mastercard":"yes","payment:visa":"yes","payment:visa_debit":"yes","short_name":"Dom Hauptmanna","source:addr":"gugik.gov.pl","tourism":"museum","website":"http://www.muzeum-dgh.pl/","wikidata":"Q11787071","wikipedia":"pl:Muzeum Miejskie „Dom Gerharta Hauptmanna”","operator":"Miasto Jelenia Góra","operator:type":"government","source:tourism":"Wykaz Muzeów, wypis na dzień 2026-04-09","@id":"way/144723180"},"geometry":{"type":"Polygon","coordinates":[[[15.608064,50.8168136],[15.6080793,50.8168231],[15.6080873,50.816835],[15.6080915,50.8169044],[15.6080464,50.8169051],[15.6080491,50.8169708],[15.6079641,50.8169723],[15.6079647,50.8169855],[15.6079652,50.8169987],[15.6078944,50.8169999],[15.6078963,50.8170014],[15.6078983,50.8170062],[15.6078972,50.8170111],[15.6078933,50.8170153],[15.6078871,50.8170183],[15.6078795,50.8170196],[15.6078718,50.8170189],[15.607865,50.8170165],[15.6078602,50.8170125],[15.6078582,50.8170077],[15.6078593,50.8170028],[15.6078615,50.8170004],[15.6077574,50.8170021],[15.6077507,50.8168406],[15.6079799,50.8168362],[15.6079879,50.8168237],[15.6080029,50.816814],[15.6080227,50.8168087],[15.6080441,50.8168086],[15.608064,50.8168136]]]}}],"cooperativeWork":{"meta":{"version":2,"type":1},"operations":[{"operationType":"modifyElement","data":{"id":"way/144723180","operations":[{"operation":"setTags","data":{"name":"Muzeum Miejskie Dom Gerharta Hauptmanna w Jeleniej Górze","operator":"Miasto Jelenia Góra","operator:type":"government","source:tourism":"Wykaz Muzeów, wypis na dzień 2026-04-09"}}]}}]}}
{"type":"FeatureCollection","features":[{"type":"Feature","properties":{"addr:city":"Piła","addr:city:simc":"966530","addr:housenumber":"7","addr:postcode":"64-920","addr:street":"Browarna","addr:street:sym_ul":"2148","building":"yes","building:levels":"3","name":"Muzeum Okręgowe im. Stanisława Staszica w Pile","opening_hours":"Mo-Fr 10:00-16:00; Sa 11:00-16:00; Su 11:00-16:00","source:addr":"pila.e-mapa.net","tourism":"museum","website":"https://www.muzeum.pila.pl/","operator":"Województwo Wielkopolskie","operator:type":"government","source:tourism":"Wykaz Muzeów, wypis na dzień 2026-04-09","@id":"way/61845560"},"geometry":{"type":"Polygon","coordinates":[[[16.7437049,53.1517131],[16.7437028,53.1517156],[16.7436429,53.1516975],[16.7436445,53.1516956],[16.7436052,53.1516837],[16.7435915,53.1517001],[16.7435214,53.151679],[16.7435766,53.1516133],[16.7436141,53.1516246],[16.7437122,53.1515078],[16.7437218,53.1515107],[16.7437457,53.1514822],[16.7438936,53.1515269],[16.7438696,53.1515554],[16.7438803,53.1515586],[16.74384,53.1516067],[16.7438684,53.1516153],[16.7438339,53.1516564],[16.743805,53.1516477],[16.7437683,53.1516914],[16.7437968,53.1517],[16.7437677,53.1517346],[16.7437592,53.151732],[16.7437608,53.15173],[16.7437049,53.1517131]]]}}],"cooperativeWork":{"meta":{"version":2,"type":1},"operations":[{"operationType":"modifyElement","data":{"id":"way/61845560","operations":[{"operation":"setTags","data":{"name":"Muzeum Okręgowe im. Stanisława Staszica w Pile","operator":"Województwo Wielkopolskie","operator:type":"government","source:tourism":"Wykaz Muzeów, wypis na dzień 2026-04-09"}}]}}]}}
{"type":"FeatureCollection","features":[{"type":"Feature","properties":{"addr:city":"Sieradz","addr:country":"PL","addr:housenumber":"2","addr:postcode":"98-200","addr:street":"Dominikańska","building":"yes","contact:email":"mos@pro.onet.pl","contact:fax":"+48 43 822 30 20","contact:phone":"+48 43 827 16 39","contact:website":"http://www.muzeum-sieradz.com.pl/","name":"Muzeum Okręgowe w Sieradzu","tourism":"museum","operator":"Powiat Sieradzki","operator:type":"government","source:tourism":"Wykaz Muzeów, wypis na dzień 2026-04-09","@id":"way/178396191"},"geometry":{"type":"Polygon","coordinates":[[[18.73893,51.5949425],[18.7393142,51.594867],[18.7392523,51.5947349],[18.7388724,51.59481],[18.73893,51.5949425]]]}}],"cooperativeWork":{"meta":{"version":2,"type":1},"operations":[{"operationType":"modifyElement","data":{"id":"way/178396191","operations":[{"operation":"setTags","data":{"operator":"Powiat Sieradzki","operator:type":"government","source:tourism":"Wykaz Muzeów, wypis na dzień 2026-04-09"}}]}}]}}
{"type":"FeatureCollection","features":[{"type":"Feature","properties":{"addr:city":"Suwałki","addr:city:simc":"977456","addr:housenumber":"81","addr:postcode":"16-400","addr:street":"Tadeusza Kościuszki","building":"yes","name":"Muzeum Okręgowe w Suwałkach","source:addr":"EMUiA (emuia.gugik.gov.pl)","tourism":"museum","website":"https://muzeum.suwalki.pl","operator":"Miasto Suwałki","operator:type":"government","source:tourism":"Wykaz Muzeów, wypis na dzień 2026-04-09","@id":"way/224085211"},"geometry":{"type":"Polygon","coordinates":[[[22.9269268,54.1041982],[22.927098,54.1042017],[22.9270957,54.1042407],[22.9271877,54.1042426],[22.9272839,54.1042446],[22.9272859,54.1042096],[22.9274321,54.1042126],[22.9274305,54.1042396],[22.9276012,54.1042431],[22.9276051,54.1041777],[22.9276251,54.1041708],[22.9276915,54.1041748],[22.9276861,54.1042476],[22.9277504,54.1042489],[22.9277428,54.1043766],[22.9275271,54.1043723],[22.9275258,54.1043947],[22.9274259,54.1043927],[22.9274273,54.1043692],[22.9269174,54.1043588],[22.9269268,54.1041982]]]}}],"cooperativeWork":{"meta":{"version":2,"type":1},"operations":[{"operationType":"modifyElement","data":{"id":"way/224085211","operations":[{"operation":"setTags","data":{"name":"Muzeum Okręgowe w Suwałkach","operator":"Miasto Suwałki","operator:type":"government","source:tourism":"Wykaz Muzeów, wypis na dzień 2026-04-09"}}]}}]}}
{"type":"FeatureCollection","features":[{"type":"Feature","properties":{"addr:city":"Kalisz","addr:housenumber":"12","addr:postcode":"62-800","addr:street":"Tadeusza Kościuszki","building":"public","building:levels":"3","heritage":"2","heritage:operator":"nid","name":"Muzeum Okręgowe Ziemi Kaliskiej w Kaliszu","opening_hours":"Tu 10:00-15:30; We 10:00-18:00; Th-Fr 10:00-15:30; Sa-Su 10:00-17:00","ref:ckkp":"WP00224","ref:nid":"682/A","tourism":"museum","website":"https://www.muzeumwkaliszu.pl/","wikidata":"Q11787107","wikipedia":"pl:Muzeum Okręgowe Ziemi Kaliskiej w Kaliszu","operator":"Województwo Wielkopolskie","operator:type":"government","source:tourism":"Wykaz Muzeów, wypis na dzień 2026-04-09","@id":"way/167821345"},"geometry":{"type":"Polygon","coordinates":[[[18.082453,51.7607346],[18.0822771,51.7606075],[18.0822103,51.7606429],[18.0821773,51.7606191],[18.0822432,51.7605841],[18.0821563,51.7605213],[18.0818209,51.7606991],[18.0819311,51.7607788],[18.0820801,51.7608864],[18.0821113,51.7608698],[18.0821295,51.760883],[18.0821748,51.760859],[18.0821932,51.7608723],[18.082453,51.7607346]]]}}],"cooperativeWork":{"meta":{"version":2,"type":1},"operations":[{"operationType":"modifyElement","data":{"id":"way/167821345","operations":[{"operation":"setTags","data":{"name":"Muzeum Okręgowe Ziemi Kaliskiej w Kaliszu","operator":"Województwo Wielkopolskie","operator:type":"government","source:tourism":"Wykaz Muzeów, wypis na dzień 2026-04-09"}}]}}]}}
{"type":"FeatureCollection","features":[{"type":"Feature","properties":{"addr:city":"Kołobrzeg","addr:housenumber":"13","addr:postcode":"78-100","addr:street":"Armii Krajowej","building":"public","building:levels":"3","contact:facebook":"https://www.facebook.com/muzeumorezapolskiegokolobrzeg","email":"muzeum@muzeum.kolobrzeg.pl","fee":"yes","name":"Muzeum Oręża Polskiego w Kołobrzegu","opening_hours":"Mo 08:00-12:00; Tu-Fr 08:00-16:00","phone":"+48 94 352 12 88","roof:colour":"darksalmon","roof:height":"4","roof:levels":"1","roof:shape":"gabled","source":"local knowledge","tourism":"museum","website":"http://www.muzeum.kolobrzeg.pl/pl/","wheelchair":"yes","wikidata":"Q6940993","wikipedia":"pl:Muzeum Oręża Polskiego w Kołobrzegu","operator":"Powiat Kołobrzeski","operator:type":"government","source:tourism":"Wykaz Muzeów, wypis na dzień 2026-04-09","@id":"way/124439109"},"geometry":{"type":"Polygon","coordinates":[[[15.5738928,54.1770804],[15.5740299,54.1771806],[15.5741493,54.1771179],[15.5741597,54.1771251],[15.5742035,54.1771552],[15.5742285,54.1771434],[15.5742535,54.1771315],[15.5741997,54.177092],[15.5742522,54.1770686],[15.574322,54.1771197],[15.5743935,54.177084],[15.5743702,54.1770653],[15.5743245,54.177034],[15.5743302,54.1770312],[15.5743223,54.1770257],[15.5741855,54.1769319],[15.5740908,54.1769816],[15.574088,54.1769799],[15.5740372,54.1770053],[15.5739863,54.1770306],[15.5739889,54.1770324],[15.5738928,54.1770804]]]}}],"cooperativeWork":{"meta":{"version":2,"type":1},"operations":[{"operationType":"modifyElement","data":{"id":"way/124439109","operations":[{"operation":"setTags","data":{"name":"Muzeum Oręża Polskiego w Kołobrzegu","operator":"Powiat Kołobrzeski","operator:type":"government","source:tourism":"Wykaz Muzeów, wypis na dzień 2026-04-09"}}]}}]}}
{"type":"FeatureCollection","features":[{"type":"Feature","properties":{"addr:city":"Piaseczno","addr:city:simc":"921438","addr:housenumber":"10","addr:postcode":"05-500","addr:street":"Plac Józefa Piłsudskiego","building":"public","building:levels":"1","name":"Muzeum Piaseczna","source:addr":"gugik.gov.pl","tourism":"museum","wikidata":"Q17619156","wikipedia":"pl:Muzeum Regionalne w Piasecznie","operator":"Gmina Piaseczno","operator:type":"government","source:tourism":"Wykaz Muzeów, wypis na dzień 2026-04-09","@id":"way/235878700"},"geometry":{"type":"Polygon","coordinates":[[[21.0266209,52.0749428],[21.026691,52.0747561],[21.0268707,52.0747816],[21.0268005,52.0749683],[21.0266209,52.0749428]]]}}],"cooperativeWork":{"meta":{"version":2,"type":1},"operations":[{"operationType":"modifyElement","data":{"id":"way/235878700","operations":[{"operation":"setTags","data":{"name":"Muzeum Piaseczna","operator":"Gmina Piaseczno","operator:type":"government","source:tourism":"Wykaz Muzeów, wypis na dzień 2026-04-09"}}]}}]}}
{"type":"FeatureCollection","features":[{"type":"Feature","properties":{"addr:city":"Żary","addr:city:simc":"988684","addr:housenumber":"2","addr:postcode":"68-200","addr:street":"Plac Kardynała Stefana Wyszyńskiego","addr:street:sym_ul":"25106","building":"yes","email":"muzeum@muzeumzary.pl","name":"Muzeum Pogranicza Śląsko – Łużyckiego w Żarach","phone":"+48 68 3638370","source:addr":"mzary.e-mapa.net","tourism":"museum","url":"https://polska-org.pl/539514,Zary,Muzeum_Pogranicza_Slasko_Luzyckiego.html","website":"https://www.muzeumzary.pl/","wikidata":"Q96249023","wikivoyage":"de:Żary#vCard_Museum_des_Schlesisch-Lausitzer_Grenzlandes","operator":"Gmina Żary o statusie miejskim","operator:type":"government","source:tourism":"Wykaz Muzeów, wypis na dzień 2026-04-09","@id":"way/234859031"},"geometry":{"type":"Polygon","coordinates":[[[15.1461123,51.6379937],[15.1460511,51.6379645],[15.1460223,51.6379877],[15.1459546,51.6379554],[15.1459822,51.6379331],[15.1458792,51.6378839],[15.1459431,51.6378324],[15.1460489,51.6377471],[15.1460575,51.6377401],[15.1460663,51.637733],[15.1460741,51.6377267],[15.146306,51.6378374],[15.1461123,51.6379937]]]}}],"cooperativeWork":{"meta":{"version":2,"type":1},"operations":[{"operationType":"modifyElement","data":{"id":"way/234859031","operations":[{"operation":"setTags","data":{"name":"Muzeum Pogranicza Śląsko – Łużyckiego w Żarach","operator":"Gmina Żary o statusie miejskim","operator:type":"government","source:tourism":"Wykaz Muzeów, wypis na dzień 2026-04-09"}}]}}]}}
{"type":"FeatureCollection","features":[{"type":"Feature","properties":{"addr:city":"Myślibórz","addr:city:simc":"935558","addr:housenumber":"74","addr:postcode":"74-300","addr:street":"Bohaterów Warszawy","addr:street:sym_ul":"1679","building":"commercial","building:levels":"3","historic":"building","name":"Muzeum Pojezierza Myśliborskiego w Myśliborzu","source:addr":"mysliborz.e-mapa.net","tourism":"museum","website":"https://muzeum.mysliborz.pl","operator":"Gmina Myślibórz","operator:type":"government","source:tourism":"Wykaz Muzeów, wypis na dzień 2026-04-09","@id":"way/403071605"},"geometry":{"type":"Polygon","coordinates":[[[14.8642614,52.9228051],[14.8642526,52.9228051],[14.8641413,52.9227694],[14.8642079,52.9226927],[14.8644992,52.9227843],[14.8644332,52.9228595],[14.8642614,52.9228051]]]}}],"cooperativeWork":{"meta":{"version":2,"type":1},"operations":[{"operationType":"modifyElement","data":{"id":"way/403071605","operations":[{"operation":"setTags","data":{"name":"Muzeum Pojezierza Myśliborskiego w Myśliborzu","operator":"Gmina Myślibórz","operator:type":"government","source:tourism":"Wykaz Muzeów, wypis na dzień 2026-04-09"}}]}}]}}
{"type":"FeatureCollection","features":[{"type":"Feature","properties":{"addr:city":"Biała Podlaska","addr:city:simc":"922018","addr:country":"PL","addr:housenumber":"12","addr:postcode":"21-500","addr:street":"Warszawska","addr:street:sym_ul":"23682","building":"chapel","church:type":"castle","deanery":"Dekanat bialski północ","denomination":"roman_catholic","description":"na terenie Zespołu pałacowo-parkowego Radziwiłłów","diocese":"Diecezja siedlecka","name":"Muzeum Południowego Podlasia w Białej Podlaskiej","parish":"Parafia św. Anny w Białej Podlaskiej","parish:wikidata":"Q3956360","parish:wikipedia":"pl:Parafia św. Anny w Białej Podlaskiej","religion":"christian","tourism":"museum","wikimedia_commons":"File:Zespół_zamku_Radziwiłłów_(XVIIw.,XIXw.)_(kaplica_XVIIw.)_-_Biała_Podlaska_ul._Warszawska_woj._lubelskie_ArPiCh_A-134.JPG","operator":"Gmina Miejska Biała Podlaska","operator:type":"government","source:tourism":"Wykaz Muzeów, wypis na dzień 2026-04-09","@id":"way/400981579"},"geometry":{"type":"Polygon","coordinates":[[[23.1151691,52.0303388],[23.1151861,52.0303426],[23.1151879,52.0303403],[23.1152249,52.0303487],[23.1152236,52.0303514],[23.1152354,52.030354],[23.115237,52.0303515],[23.1152767,52.0303607],[23.1152752,52.0303633],[23.1152893,52.0303665],[23.1152952,52.0303568],[23.1152913,52.0303557],[23.1153152,52.0303177],[23.1153192,52.0303187],[23.1153252,52.0303089],[23.1153094,52.0303052],[23.1153077,52.0303076],[23.1152704,52.0302992],[23.1152717,52.0302966],[23.1152597,52.0302939],[23.1152581,52.0302963],[23.1152211,52.0302881],[23.1152227,52.0302855],[23.1152063,52.0302816],[23.1152018,52.0302891],[23.1152058,52.0302901],[23.1151784,52.0303325],[23.1151744,52.0303315],[23.1151691,52.0303388]]]}}],"cooperativeWork":{"meta":{"version":2,"type":1},"operations":[{"operationType":"modifyElement","data":{"id":"way/400981579","operations":[{"operation":"setTags","data":{"name":"Muzeum Południowego Podlasia w Białej Podlaskiej","operator":"Gmina Miejska Biała Podlaska","operator:type":"government","source:tourism":"Wykaz Muzeów, wypis na dzień 2026-04-09"}},{"operation":"unsetTags","data":["amenity"]}]}}]}}
{"type":"FeatureCollection","features":[{"type":"Feature","properties":{"addr:city":"Łomża","addr:housenumber":"22C","addr:postcode":"18-400","addr:street":"Dworna","building":"yes","name":"Muzeum Północno – Mazowieckie w Łomży","tourism":"museum","wikidata":"Q11787164","wikipedia":"pl:Muzeum Północno-Mazowieckie w Łomży","operator":"Miasto Łomża","operator:type":"government","source:tourism":"Wykaz Muzeów, wypis na dzień 2026-04-09","@id":"way/164859420"},"geometry":{"type":"Polygon","coordinates":[[[22.0808998,53.1773542],[22.0811328,53.1776234],[22.0812112,53.1776388],[22.0815526,53.1775243],[22.0815408,53.1775121],[22.0812612,53.1772152],[22.0811418,53.1772539],[22.0812221,53.1773428],[22.0812358,53.1773369],[22.0813227,53.1774331],[22.0813051,53.1774386],[22.0813162,53.1774527],[22.0812522,53.1774732],[22.0812381,53.1774716],[22.0812043,53.1774842],[22.0812012,53.1774925],[22.0811881,53.1774968],[22.0811781,53.1774846],[22.0811824,53.1774778],[22.0811624,53.1774541],[22.0811484,53.1774509],[22.08113,53.1774289],[22.0811192,53.1774318],[22.0810978,53.1774074],[22.0811392,53.1773946],[22.0810629,53.177304],[22.0808998,53.1773542]]]}}],"cooperativeWork":{"meta":{"version":2,"type":1},"operations":[{"operationType":"modifyElement","data":{"id":"way/164859420","operations":[{"operation":"setTags","data":{"name":"Muzeum Północno – Mazowieckie w Łomży","operator":"Miasto Łomża","operator:type":"government","source:tourism":"Wykaz Muzeów, wypis na dzień 2026-04-09"}}]}}]}}
{"type":"FeatureCollection","features":[{"type":"Feature","properties":{"addr:city":"Września","addr:city:simc":"971637","addr:housenumber":"13","addr:postcode":"62-300","addr:street":"Dzieci Wrzesińskich","building":"yes","fee":"yes","heritage":"2","heritage:operator":"nid","name":"Muzeum Regionalne im. Dzieci Wrzesińskich we Wrześni","opening_hours":"Tu,Fr 09:00-17:00; We,Th 09:00-15:00; Sa 12:00-14:00; Su,Mo off","ref:nid":"1596/A","source:addr":"EMUiA (wrzesnia.e-mapa.net)","tourism":"museum","website":"https://www.muzeum.wrzesnia.pl/","wikidata":"Q11787169","wikipedia":"pl:Muzeum Regionalne im. Dzieci Wrzesińskich we Wrześni","operator":"Miasto i Gmina Września","operator:type":"government","source:tourism":"Wykaz Muzeów, wypis na dzień 2026-04-09","@id":"way/255864308"},"geometry":{"type":"Polygon","coordinates":[[[17.564495,52.3258726],[17.5645439,52.3256824],[17.564842,52.3257109],[17.5648292,52.325754],[17.5647056,52.3257424],[17.5646704,52.3258888],[17.564495,52.3258726]]]}}],"cooperativeWork":{"meta":{"version":2,"type":1},"operations":[{"operationType":"modifyElement","data":{"id":"way/255864308","operations":[{"operation":"setTags","data":{"name":"Muzeum Regionalne im. Dzieci Wrzesińskich we Wrześni","operator":"Miasto i Gmina Września","operator:type":"government","source:tourism":"Wykaz Muzeów, wypis na dzień 2026-04-09"}}]}}]}}
{"type":"FeatureCollection","features":[{"type":"Feature","properties":{"addr:city":"Krotoszyn","addr:city:simc":"936931","addr:housenumber":"1","addr:postcode":"63-700","addr:street":"Mały Rynek","addr:street:sym_ul":"12209","building":"yes","name":"Muzeum Regionalne im. Hieronima Ławniczaka w Krotoszynie","source:addr":"krotoszyn.e-mapa.net","tourism":"museum","operator":"Miasto i Gmina Krotoszyn","operator:type":"government","source:tourism":"Wykaz Muzeów, wypis na dzień 2026-04-09","@id":"way/273773197"},"geometry":{"type":"Polygon","coordinates":[[[17.4347853,51.695897],[17.4347452,51.6957358],[17.4352964,51.695683],[17.4353167,51.6957643],[17.435345,51.6957616],[17.4353649,51.6958415],[17.4347853,51.695897]]]}}],"cooperativeWork":{"meta":{"version":2,"type":1},"operations":[{"operationType":"modifyElement","data":{"id":"way/273773197","operations":[{"operation":"setTags","data":{"name":"Muzeum Regionalne im. Hieronima Ławniczaka w Krotoszynie","operator":"Miasto i Gmina Krotoszyn","operator:type":"government","source:tourism":"Wykaz Muzeów, wypis na dzień 2026-04-09"}}]}}]}}
{"type":"FeatureCollection","features":[{"type":"Feature","properties":{"addr:city":"Kozienice","addr:city:simc":"973524","addr:housenumber":"5b","addr:postcode":"26-900","addr:street":"Parkowa","addr:street:sym_ul":"15710","building":"yes","historic":"building","name":"Muzeum Regionalne im. prof. Tomasza Mikockiego w Kozienicach","opening_hours":"Tu-Fr 09:00-15:30","phone":"+48 48 614 35 75","source:addr":"emuia.gugik.gov.pl","tourism":"museum","website":"https://www.muzeum-kozienice.pl/","wikidata":"Q30072685","operator":"Gmina Kozienice","operator:type":"government","source:tourism":"Wykaz Muzeów, wypis na dzień 2026-04-09","@id":"way/138412161"},"geometry":{"type":"Polygon","coordinates":[[[21.5535289,51.5884584],[21.5536611,51.5885417],[21.553842,51.5884309],[21.5537043,51.5883441],[21.5538182,51.5882744],[21.5539107,51.5883327],[21.5539723,51.5883715],[21.5539879,51.5883813],[21.5540695,51.5884328],[21.5537793,51.5886105],[21.5537547,51.5886256],[21.5537774,51.5886399],[21.5539291,51.5887356],[21.5539518,51.5887217],[21.5540426,51.588666],[21.5541088,51.5887077],[21.5541025,51.5887115],[21.554118,51.5887212],[21.5541324,51.5887304],[21.5542722,51.5888185],[21.5542784,51.5888147],[21.5543103,51.5888348],[21.5543162,51.5888312],[21.5543284,51.5888389],[21.5543395,51.5888458],[21.5543664,51.5888628],[21.5543601,51.5888666],[21.5543927,51.5888872],[21.5543859,51.5888913],[21.5545267,51.5889801],[21.5545543,51.5889975],[21.5545622,51.5889927],[21.554631,51.5890361],[21.5544252,51.5891621],[21.5543274,51.5891005],[21.5543746,51.5890716],[21.5542336,51.5889828],[21.5542262,51.5889873],[21.5541139,51.5889165],[21.554122,51.5889116],[21.5539849,51.5888252],[21.5539343,51.5888562],[21.5538371,51.588795],[21.5538409,51.5887926],[21.5534182,51.5885262],[21.5535289,51.5884584]]]}}],"cooperativeWork":{"meta":{"version":2,"type":1},"operations":[{"operationType":"modifyElement","data":{"id":"way/138412161","operations":[{"operation":"setTags","data":{"name":"Muzeum Regionalne im. prof. Tomasza Mikockiego w Kozienicach","operator":"Gmina Kozienice","operator:type":"government","source:tourism":"Wykaz Muzeów, wypis na dzień 2026-04-09"}}]}}]}}
{"type":"FeatureCollection","features":[{"type":"Feature","properties":{"addr:city":"Radomsko","addr:housenumber":"1","addr:postcode":"97-500","addr:street":"Gabriela Narutowicza","building":"public","building:levels":"2","email":"muzeum@radomsko.pl","name":"Muzeum Regionalne im. Stanisława Sankowskiego w Radomsku","phone":"+48 44 6850076","tourism":"museum","website":"https://muzeum.radomsko.pl/","operator":"Miasto Radomsko","operator:type":"government","source:tourism":"Wykaz Muzeów, wypis na dzień 2026-04-09","@id":"way/242404482"},"geometry":{"type":"Polygon","coordinates":[[[19.444785,51.0684431],[19.4447717,51.0684437],[19.4447575,51.0682287],[19.4447542,51.0682289],[19.4447474,51.0681375],[19.4447517,51.0681373],[19.4447479,51.0680911],[19.4447447,51.0680912],[19.4447382,51.0680044],[19.4447414,51.0680042],[19.444732,51.0678855],[19.4447274,51.0678838],[19.4447395,51.0678637],[19.4447234,51.0678521],[19.4447061,51.0678396],[19.4446738,51.0678437],[19.4446739,51.0678408],[19.4444826,51.067822],[19.44446,51.0679369],[19.4445496,51.0679443],[19.4445572,51.0679456],[19.4445908,51.067961],[19.4446225,51.0684452],[19.444574,51.0684465],[19.4445784,51.068496],[19.4445784,51.0684981],[19.4447231,51.0684921],[19.4447235,51.0684956],[19.4447924,51.0684927],[19.444785,51.0684431]]]}}],"cooperativeWork":{"meta":{"version":2,"type":1},"operations":[{"operationType":"modifyElement","data":{"id":"way/242404482","operations":[{"operation":"setTags","data":{"name":"Muzeum Regionalne im. Stanisława Sankowskiego w Radomsku","operator":"Miasto Radomsko","operator:type":"government","source:tourism":"Wykaz Muzeów, wypis na dzień 2026-04-09"}}]}}]}}
{"type":"FeatureCollection","features":[{"type":"Feature","properties":{"addr:city":"Lipce Reymontowskie","addr:city:simc":"729882","addr:housenumber":"10","addr:postcode":"96-127","addr:street":"Wiatraczna","addr:street:sym_ul":"23972","building":"yes","source:addr":"lipcereymontowskie.e-mapa.net","tourism":"museum","name":"Muzeum Regionalne im. Wł. St. Reymonta w Lipcach Reymontowskich","operator":"Powiat Skierniewicki","operator:type":"government","source:tourism":"Wykaz Muzeów, wypis na dzień 2026-04-09","@id":"way/491308270"},"geometry":{"type":"Polygon","coordinates":[[[19.9394709,51.8965616],[19.9394942,51.8964762],[19.9396398,51.8964916],[19.9396163,51.8965769],[19.9394709,51.8965616]]]}}],"cooperativeWork":{"meta":{"version":2,"type":1},"operations":[{"operationType":"modifyElement","data":{"id":"way/491308270","operations":[{"operation":"setTags","data":{"name":"Muzeum Regionalne im. Wł. St. Reymonta w Lipcach Reymontowskich","operator":"Powiat Skierniewicki","operator:type":"government","source:tourism":"Wykaz Muzeów, wypis na dzień 2026-04-09"}}]}}]}}
{"type":"FeatureCollection","features":[{"type":"Feature","properties":{"addr:city":"Bełchatów","addr:housenumber":"11","addr:postcode":"97-400","addr:street":"Rodziny Hellwigów","building":"yes","email":"muzeum@muzeum-belchatow.pl","fax":"+48 44 633 06 67","heritage":"2","heritage:operator":"nid","historic":"manor","name":"Muzeum Regionalne w Bełchatowie","nid:inscription_date":"1967-05-26","old_name":"Dwór Olszewskich","opening_hours":"Mo 09:00-15:00; Tu-Fr 09:00-18:00; Su 11:00-17:00","phone":"+48 44 633 11 33","ref:nid":"167","source:addr":"EMUiA (emuia.geoportal.gov.pl)","start_date":"early C18","tourism":"museum","website":"http://muzeum.belchatow.pl/","wikidata":"Q9213374","wikipedia":"pl:Dwór Olszewskich w Bełchatowie","operator":"Miasto Bełchatów","operator:type":"government","source:tourism":"Wykaz Muzeów, wypis na dzień 2026-04-09","@id":"way/169712651"},"geometry":{"type":"Polygon","coordinates":[[[19.3677002,51.3644929],[19.3677083,51.3644671],[19.3676965,51.3644658],[19.3676973,51.3644642],[19.3675399,51.3644447],[19.367586,51.3642929],[19.367577,51.3642704],[19.3675839,51.3642561],[19.3675902,51.3642468],[19.3676036,51.3642362],[19.3676526,51.3640752],[19.3679055,51.3641093],[19.3678875,51.3641675],[19.367846,51.3641651],[19.367821,51.3642582],[19.3678754,51.3642653],[19.3678652,51.3642969],[19.3678542,51.3643307],[19.3678013,51.3643245],[19.3677736,51.3644141],[19.3678094,51.3644181],[19.3677914,51.3644772],[19.3677413,51.3644719],[19.3677346,51.364497],[19.3677002,51.3644929]]]}}],"cooperativeWork":{"meta":{"version":2,"type":1},"operations":[{"operationType":"modifyElement","data":{"id":"way/169712651","operations":[{"operation":"setTags","data":{"name":"Muzeum Regionalne w Bełchatowie","operator":"Miasto Bełchatów","operator:type":"government","source:tourism":"Wykaz Muzeów, wypis na dzień 2026-04-09"}}]}}]}}
{"type":"FeatureCollection","features":[{"type":"Feature","properties":{"addr:city":"Brzeziny","addr:city:simc":"977025","addr:housenumber":"49","addr:postcode":"95-060","addr:street":"Józefa Piłsudskiego","addr:street:sym_ul":"16264","building":"yes","heritage":"2","heritage:operator":"nid","historic":"yes","name":"Muzeum Regionalne w Brzezinach","ref:nid":"430 z 30.09.1976","source:addr":"emuia.gugik.gov.pl","tourism":"museum","operator":"Gmina Miasto Brzeziny","operator:type":"government","source:tourism":"Wykaz Muzeów, wypis na dzień 2026-04-09","@id":"way/176543415"},"geometry":{"type":"Polygon","coordinates":[[[19.744607,51.799147],[19.7446078,51.7991502],[19.7445258,51.799158],[19.7445196,51.7991316],[19.7445022,51.799133],[19.7444937,51.799094],[19.7445113,51.7990925],[19.744504,51.7990589],[19.7445928,51.7990515],[19.744594,51.7990569],[19.744694,51.7990489],[19.744693,51.7990435],[19.7447606,51.7990381],[19.7447617,51.7990435],[19.7448583,51.7990358],[19.7448766,51.7991318],[19.7447961,51.7991365],[19.7447966,51.7991523],[19.7447227,51.7991586],[19.7447164,51.7991399],[19.744607,51.799147]]]}}],"cooperativeWork":{"meta":{"version":2,"type":1},"operations":[{"operationType":"modifyElement","data":{"id":"way/176543415","operations":[{"operation":"setTags","data":{"name":"Muzeum Regionalne w Brzezinach","operator":"Gmina Miasto Brzeziny","operator:type":"government","source:tourism":"Wykaz Muzeów, wypis na dzień 2026-04-09"}}]}}]}}
{"type":"FeatureCollection","features":[{"type":"Feature","properties":{"addr:city":"Cedynia","addr:city:simc":"978734","addr:housenumber":"4","addr:postcode":"74-520","addr:street":"Plac Wolności","addr:street:sym_ul":"24685","building":"residential","building:levels":"2","name":"Muzeum Regionalne w Cedyni","source:addr":"cedynia.e-mapa.net","tourism":"museum","wheelchair":"no","wikidata":"Q18432489","wikipedia":"pl:Muzeum Regionalne w Cedyni","operator":"Gmina Cedynia","operator:type":"government","source:tourism":"Wykaz Muzeów, wypis na dzień 2026-04-09","@id":"way/361278695"},"geometry":{"type":"Polygon","coordinates":[[[14.2025947,52.8776458],[14.2025338,52.8775655],[14.2025153,52.877568],[14.2023639,52.8776097],[14.2023902,52.8776504],[14.2023649,52.8776595],[14.2023802,52.8776785],[14.2024025,52.8777063],[14.2025838,52.877662],[14.2025947,52.8776458]]]}}],"cooperativeWork":{"meta":{"version":2,"type":1},"operations":[{"operationType":"modifyElement","data":{"id":"way/361278695","operations":[{"operation":"setTags","data":{"name":"Muzeum Regionalne w Cedyni","operator":"Gmina Cedynia","operator:type":"government","source:tourism":"Wykaz Muzeów, wypis na dzień 2026-04-09"}}]}}]}}
{"type":"FeatureCollection","features":[{"type":"Feature","properties":{"addr:city":"Janów Lubelski","addr:housenumber":"3A","addr:postcode":"23-300","addr:street":"Ogrodowa","building":"commercial","image":"https://photos.app.goo.gl/o8XDVZ44h6v3KVWk8","name":"Muzeum Regionalne w Janowie Lubelskim","source:addr":"EMUiA (emuia.geoportal.gov.pl)","tourism":"museum","url":"https://fotopolska.eu/300506,obiekt.html?map_z=18","operator":"Gmina Janów Lubelski","operator:type":"government","source:tourism":"Wykaz Muzeów, wypis na dzień 2026-04-09","@id":"way/283614400"},"geometry":{"type":"Polygon","coordinates":[[[22.4179757,50.7052241],[22.4180376,50.705268],[22.4179812,50.7053002],[22.4179193,50.7052563],[22.4177761,50.7053379],[22.4174409,50.7051006],[22.41748,50.7050784],[22.4175118,50.7051009],[22.4175754,50.7050648],[22.4177856,50.7052137],[22.4179279,50.7051326],[22.4177139,50.7049811],[22.4178107,50.704926],[22.4178575,50.7049591],[22.4178749,50.7049719],[22.4180187,50.7050733],[22.4181176,50.7051433],[22.4179757,50.7052241]]]}}],"cooperativeWork":{"meta":{"version":2,"type":1},"operations":[{"operationType":"modifyElement","data":{"id":"way/283614400","operations":[{"operation":"setTags","data":{"name":"Muzeum Regionalne w Janowie Lubelskim","operator":"Gmina Janów Lubelski","operator:type":"government","source:tourism":"Wykaz Muzeów, wypis na dzień 2026-04-09"}}]}}]}}
{"type":"FeatureCollection","features":[{"type":"Feature","properties":{"addr:city":"Jasło","addr:housenumber":"11","addr:postcode":"38-200","addr:street":"Stanisława Kadyiego","building":"yes","email":"muzeumjaslo@neostrada.pl","fax":"+48 13 446 35 98","name":"Muzeum Regionalne w Jaśle im. dr. Stanisława Kadyiego","official_name":"Muzeum Regionalne w Jaśle","opening_hours":"Mo-Fr 08:00-14:30; Sa-Su 10:00-14:00","operator":"Miasto Jasło","phone":"+48 13 446 23 59","start_date":"1970","tourism":"museum","website":"https://muzeumjaslo.pl/","wikidata":"Q11787176","wikipedia":"pl:Muzeum Regionalne w Jaśle","operator:type":"government","source:tourism":"Wykaz Muzeów, wypis na dzień 2026-04-09","@id":"way/354076310"},"geometry":{"type":"Polygon","coordinates":[[[21.4741652,49.7456736],[21.4740999,49.7456749],[21.4740961,49.7455847],[21.4741051,49.7455845],[21.4740968,49.7453275],[21.4742069,49.7453264],[21.4742146,49.7455308],[21.4742146,49.7455325],[21.4741948,49.7455325],[21.4741969,49.7455834],[21.4742616,49.7455828],[21.4742616,49.7455845],[21.474263,49.7456851],[21.4741656,49.7456862],[21.4741652,49.7456736]]]}}],"cooperativeWork":{"meta":{"version":2,"type":1},"operations":[{"operationType":"modifyElement","data":{"id":"way/354076310","operations":[{"operation":"setTags","data":{"name":"Muzeum Regionalne w Jaśle im. dr. Stanisława Kadyiego","operator":"Miasto Jasło","operator:type":"government","source:tourism":"Wykaz Muzeów, wypis na dzień 2026-04-09"}}]}}]}}
{"type":"FeatureCollection","features":[{"type":"Feature","properties":{"addr:city":"Słupca","addr:city:simc":"949247","addr:housenumber":"53","addr:postcode":"62-400","addr:street":"Warszawska","building":"yes","name":"Muzeum Regionalne w Słupcy","source:addr":"mslupca.e-mapa.net","tourism":"museum","website":"http://www.muzeumslupca.pl/","wikidata":"Q16580159","wikipedia":"pl:Muzeum Regionalne w Słupcy","operator":"Gmina Miejska Słupca","operator:type":"government","source:tourism":"Wykaz Muzeów, wypis na dzień 2026-04-09","@id":"way/264902084"},"geometry":{"type":"Polygon","coordinates":[[[17.8792944,52.2863676],[17.8792743,52.2863211],[17.8792401,52.2863263],[17.8792267,52.286293],[17.8792616,52.2862877],[17.8792441,52.2862442],[17.8793341,52.2862304],[17.8793508,52.2862369],[17.8794161,52.2862269],[17.8794245,52.2862166],[17.8795138,52.2862028],[17.8795624,52.2863283],[17.8792944,52.2863676]]]}}],"cooperativeWork":{"meta":{"version":2,"type":1},"operations":[{"operationType":"modifyElement","data":{"id":"way/264902084","operations":[{"operation":"setTags","data":{"name":"Muzeum Regionalne w Słupcy","operator":"Gmina Miejska Słupca","operator:type":"government","source:tourism":"Wykaz Muzeów, wypis na dzień 2026-04-09"}}]}}]}}
{"type":"FeatureCollection","features":[{"type":"Feature","properties":{"addr:city":"Stęszew","addr:housenumber":"8","addr:postcode":"62-060","addr:street":"Rynek","building":"yes","email":"muzeumsteszew@wp.pl","name":"Muzeum Regionalne w Stęszewie","opening_hours":"Mo off; Tu-Su 10:00-14:00","phone":"+48618134012;+48511946000","tourism":"museum","website":"https://muzeumregionalnesteszew.naszastrona.net/","operator":"Gmina Stęszew","operator:type":"government","source:tourism":"Wykaz Muzeów, wypis na dzień 2026-04-09","@id":"way/299709377"},"geometry":{"type":"Polygon","coordinates":[[[16.7003761,52.2785734],[16.7000178,52.2788534],[16.6999224,52.2788078],[16.7002808,52.2785277],[16.7003761,52.2785734]]]}}],"cooperativeWork":{"meta":{"version":2,"type":1},"operations":[{"operationType":"modifyElement","data":{"id":"way/299709377","operations":[{"operation":"setTags","data":{"name":"Muzeum Regionalne w Stęszewie","operator":"Gmina Stęszew","operator:type":"government","source:tourism":"Wykaz Muzeów, wypis na dzień 2026-04-09"}}]}}]}}
{"type":"FeatureCollection","features":[{"type":"Feature","properties":{"addr:city":"Szczecinek","addr:city:simc":"950262","addr:housenumber":"1","addr:postcode":"78-400","addr:street":"Szkolna","addr:street:sym_ul":"21970","building":"yes","name":"Muzeum Regionalne w Szczecinku","note":"Otwarte od wtorku do niedzieli od 10:00 do 16:00. Do 1996 roku w budynku mieściła się Szkoła Podstawowa nr 2 w Szczecinku. Dniem wolnym od opłat za bilety wstępu jest piątek.","phone":"+ 48 94 374 09 77","source":"UM Szczecinek","tourism":"museum","website":"https://muzeum.szczecinek.pl/","wheelchair":"yes","wikidata":"Q11787183","wikipedia":"pl:Muzeum Regionalne w Szczecinku","operator":"Miasto Szczecinek","operator:type":"government","source:tourism":"Wykaz Muzeów, wypis na dzień 2026-04-09","@id":"way/272714113"},"geometry":{"type":"Polygon","coordinates":[[[16.6924185,53.711319],[16.6924114,53.7114287],[16.6924121,53.7114302],[16.6923896,53.7114346],[16.6923886,53.7114338],[16.692285,53.7114316],[16.6922843,53.7114532],[16.6922195,53.7114517],[16.6922214,53.7114299],[16.6920998,53.7114271],[16.6921049,53.7113115],[16.6922314,53.7113149],[16.6922311,53.7113124],[16.6922383,53.7113123],[16.6922385,53.7113147],[16.6922847,53.7113158],[16.692285,53.7113133],[16.692292,53.7113135],[16.6922919,53.7113157],[16.6924185,53.711319]]]}}],"cooperativeWork":{"meta":{"version":2,"type":1},"operations":[{"operationType":"modifyElement","data":{"id":"way/272714113","operations":[{"operation":"setTags","data":{"name":"Muzeum Regionalne w Szczecinku","operator":"Miasto Szczecinek","operator:type":"government","source:tourism":"Wykaz Muzeów, wypis na dzień 2026-04-09"}}]}}]}}
{"type":"FeatureCollection","features":[{"type":"Feature","properties":{"addr:city":"Niechorze","addr:housenumber":"28","addr:postcode":"72-350","addr:street":"Aleja Bursztynowa","name":"Muzeum Rybołówstwa Morskiego w Niechorzu","opening_hours":"Mo-Su 10:00-18:00","phone":"+48 91 38 63 250","tourism":"museum","website":"http://muzeumniechorze.pl","wikidata":"Q11787199","wikipedia":"pl:Muzeum Rybołówstwa Morskiego w Niechorzu","operator":"Gmina Rewal","operator:type":"government","source:tourism":"Wykaz Muzeów, wypis na dzień 2026-04-09","@id":"way/686357548"},"geometry":{"type":"Polygon","coordinates":[[[15.0857245,54.0951491],[15.0861175,54.095166],[15.0865752,54.0951872],[15.0865073,54.0956447],[15.0864694,54.0956386],[15.0864662,54.0956539],[15.0856835,54.095521],[15.0856862,54.0955087],[15.0856538,54.0955029],[15.0857245,54.0951491]]]}}],"cooperativeWork":{"meta":{"version":2,"type":1},"operations":[{"operationType":"modifyElement","data":{"id":"way/686357548","operations":[{"operation":"setTags","data":{"name":"Muzeum Rybołówstwa Morskiego w Niechorzu","operator":"Gmina Rewal","operator:type":"government","source:tourism":"Wykaz Muzeów, wypis na dzień 2026-04-09"}}]}}]}}
{"type":"FeatureCollection","features":[{"type":"Feature","properties":{"addr:city":"Krosno","addr:housenumber":"19","addr:postcode":"38-400","addr:street":"Józefa Piłsudskiego","building":"yes","email":"krosno@muzeumrzemiosla.pl","fee":"yes","name":"Muzeum Rzemiosła w Krośnie","opening_hours":"Oct-Apr Mo-Fr 08:00-15:30; Oct-Apr Sa 10:00-14:00; May-Sep Mo-Fr 08:00-18:00; May-Sep Sa-Su 10:00-16:00","phone":"+48 134324188","source":"http://ump.waw.pl/ retrieved 01:32:52 09/02/09 (UMP-Przemysl/src/POI-Przemysl.pnt-converted.txt)","source:addr":"EMUiA (emuia.geoportal.gov.pl)","tourism":"museum","website":"https://muzeumrzemiosla.pl/","wikidata":"Q17619121","wikipedia":"pl:Muzeum Rzemiosła w Krośnie","operator":"Gmina Krosno","operator:type":"government","source:tourism":"Wykaz Muzeów, wypis na dzień 2026-04-09","@id":"way/500174056"},"geometry":{"type":"Polygon","coordinates":[[[21.7630769,49.6952858],[21.7630711,49.6953028],[21.7630489,49.6952998],[21.7630465,49.6953063],[21.7629687,49.6952954],[21.7630073,49.6952016],[21.7629306,49.6951936],[21.7629383,49.6951561],[21.7630238,49.6951669],[21.7630265,49.6951599],[21.7630474,49.6951645],[21.763177,49.6951958],[21.763165,49.6952253],[21.7631944,49.6952303],[21.7631675,49.6952962],[21.7631591,49.6952979],[21.7630769,49.6952858]]]}}],"cooperativeWork":{"meta":{"version":2,"type":1},"operations":[{"operationType":"modifyElement","data":{"id":"way/500174056","operations":[{"operation":"setTags","data":{"name":"Muzeum Rzemiosła w Krośnie","operator":"Gmina Krosno","operator:type":"government","source:tourism":"Wykaz Muzeów, wypis na dzień 2026-04-09"}}]}}]}}
{"type":"FeatureCollection","features":[{"type":"Feature","properties":{"addr:city":"Strzyżów","addr:housenumber":"10","addr:postcode":"38-100","addr:street":"Ignacego Łukasiewicza","building":"yes","construction_date":"1900","description":"Historia Strzyżowa (dokumenty, militaria, numizmaty, pamiątki z okresu II wojny światowej) oraz etnografia i kultura materialna regionu (meble, bibliofilia, wyroby rzemiosła, narzędzia rolnicze, sprzęty domowe oraz obrazy i rzeźby miejscowych twórców).","email":"muzeum.samorzadowe.strzyzow@gmail.com","heritage":"2","image":"http://www.muzeum-strzyzow.pl/uploads/4/9/1/9/49192843/4589216_orig.jpg","name":"Muzeum Samorządowe Ziemi Strzyżowskiej im. Zygmunta Leśniaka w Strzyżowie","official_name":"Muzeum Samorządowe Ziemi Strzyżowskiej w Strzyżowie","opening_hours":"Tu-Fr,Su 10:00-16:00","operator":"Gmina Strzyżów","phone":"+48 889 839 031","ref:nid":"A-1374","start_date":"2011","tourism":"museum","website":"https://www.muzeum-strzyzow.pl/","wikidata":"Q16913356","wikipedia":"pl:Muzeum Samorządowe Ziemi Strzyżowskiej w Strzyżowie","operator:type":"government","source:tourism":"Wykaz Muzeów, wypis na dzień 2026-04-09","@id":"way/179565455"},"geometry":{"type":"Polygon","coordinates":[[[21.7848626,49.8689556],[21.7850713,49.8689338],[21.7851051,49.8691962],[21.7850127,49.8692012],[21.7849998,49.8691016],[21.784882,49.8691085],[21.7848626,49.8689556]]]}}],"cooperativeWork":{"meta":{"version":2,"type":1},"operations":[{"operationType":"modifyElement","data":{"id":"way/179565455","operations":[{"operation":"setTags","data":{"name":"Muzeum Samorządowe Ziemi Strzyżowskiej im. Zygmunta Leśniaka w Strzyżowie","operator:type":"government","source:tourism":"Wykaz Muzeów, wypis na dzień 2026-04-09"}}]}}]}}
{"type":"FeatureCollection","features":[{"type":"Feature","properties":{"addr:city":"Pruszków","addr:city:simc":"921510","addr:housenumber":"2","addr:postcode":"05-800","addr:street":"Plac Jana Pawła II","building":"yes","building:levels":"2","charge":"20 PLN","check_date":"2024-07-14","fee":"yes","fee:conditional":"no @ Su","historic":"yes","name":"Muzeum Starożytnego Hutnictwa Mazowieckiego im. Stefana Woydy w Pruszkowie","ref:ckkp":"MZ00545","source":"www.geoportal.gov.pl","tourism":"museum","wikidata":"Q11787217","wikipedia":"pl:Muzeum Starożytnego Hutnictwa Mazowieckiego w Pruszkowie","operator":"Miasto Pruszków","operator:type":"government","source:tourism":"Wykaz Muzeów, wypis na dzień 2026-04-09","@id":"way/218856444"},"geometry":{"type":"Polygon","coordinates":[[[20.8089961,52.1648715],[20.8088783,52.1647458],[20.808865,52.1647504],[20.8087592,52.1646374],[20.8087717,52.1646328],[20.8086886,52.1645441],[20.8084966,52.1646128],[20.8085783,52.1647007],[20.8085919,52.164696],[20.8087007,52.1648115],[20.8086883,52.1648158],[20.8088036,52.1649397],[20.8088277,52.1649312],[20.8088553,52.16496],[20.8089114,52.1649401],[20.8089053,52.1649337],[20.8089314,52.1649245],[20.8089369,52.1649304],[20.8089987,52.1649085],[20.8089716,52.1648801],[20.8089961,52.1648715]]]}}],"cooperativeWork":{"meta":{"version":2,"type":1},"operations":[{"operationType":"modifyElement","data":{"id":"way/218856444","operations":[{"operation":"setTags","data":{"name":"Muzeum Starożytnego Hutnictwa Mazowieckiego im. Stefana Woydy w Pruszkowie","operator":"Miasto Pruszków","operator:type":"government","source:tourism":"Wykaz Muzeów, wypis na dzień 2026-04-09"}}]}}]}}
{"type":"FeatureCollection","features":[{"type":"Feature","properties":{"addr:city":"Piła","addr:housenumber":"18","addr:postcode":"64-920","addr:street":"Browarna","building":"yes","building:levels":"2","heritage":"2","heritage:operator":"nid","name":"Muzeum Stanisława Staszica w Pile","ref:nid":"A-121","tourism":"museum","website":"https://www.muzeumstaszica.pl/","wikidata":"Q9209409","wikimedia_commons":"File:PL Piła Dom.JPG","wikipedia":"pl:Dom Stanisława Staszica w Pile","operator":"Gmina Piła","operator:type":"government","source:tourism":"Wykaz Muzeów, wypis na dzień 2026-04-09","@id":"way/261569617"},"geometry":{"type":"Polygon","coordinates":[[[16.744784,53.1512329],[16.7448728,53.1512909],[16.7450134,53.1512132],[16.7449246,53.1511552],[16.744784,53.1512329]]]}}],"cooperativeWork":{"meta":{"version":2,"type":1},"operations":[{"operationType":"modifyElement","data":{"id":"way/261569617","operations":[{"operation":"setTags","data":{"name":"Muzeum Stanisława Staszica w Pile","operator":"Gmina Piła","operator:type":"government","source:tourism":"Wykaz Muzeów, wypis na dzień 2026-04-09"}}]}}]}}
{"type":"FeatureCollection","features":[{"type":"Feature","properties":{"addr:city":"Cieszyn","addr:housenumber":"6","addr:street":"Tadeusza Regera","building":"yes","heritage":"2","heritage:operator":"nid","name":"Muzeum Śląska Cieszyńskiego w Cieszynie","ref:nid":"A-245/77","tourism":"museum","website":"https://www.muzeumcieszyn.pl/","wikidata":"Q6944434","wikipedia":"pl:Muzeum Śląska Cieszyńskiego","addr:postcode":"43-400","operator":"Powiat Cieszyński","operator:type":"government","source:tourism":"Wykaz Muzeów, wypis na dzień 2026-04-09","@id":"way/129769859"},"geometry":{"type":"Polygon","coordinates":[[[18.6336752,49.7478866],[18.6337629,49.747858],[18.633775,49.7478766],[18.6338704,49.7478416],[18.6338929,49.7478333],[18.633782,49.7477109],[18.6337647,49.7476948],[18.6335887,49.7477854],[18.6335528,49.7477427],[18.633488,49.7476656],[18.6337835,49.7475133],[18.63391,49.7476509],[18.6341577,49.7479203],[18.6339957,49.7479706],[18.633788,49.7480351],[18.6336752,49.7478866]]]}}],"cooperativeWork":{"meta":{"version":2,"type":1},"operations":[{"operationType":"modifyElement","data":{"id":"way/129769859","operations":[{"operation":"setTags","data":{"name":"Muzeum Śląska Cieszyńskiego w Cieszynie","addr:postcode":"43-400","operator":"Powiat Cieszyński","operator:type":"government","source:tourism":"Wykaz Muzeów, wypis na dzień 2026-04-09"}}]}}]}}
{"type":"FeatureCollection","features":[{"type":"Feature","properties":{"addr:city":"Śrem","addr:city:simc":"971560","addr:housenumber":"89","addr:postcode":"63-100","addr:street":"Adama Mickiewicza","building":"yes","name":"Muzeum Śremskie w Śremie","source:addr":"EMUiA (srem.e-mapa.net)","tourism":"museum","website":"http://www.muzeum.srem.pl/","wikidata":"Q11787328","wikipedia":"pl:Muzeum Śremskie","operator":"Miasto i Gmina Śrem","operator:type":"government","source:tourism":"Wykaz Muzeów, wypis na dzień 2026-04-09","@id":"way/264903621"},"geometry":{"type":"Polygon","coordinates":[[[17.0236196,52.0858601],[17.0236279,52.0858558],[17.023629,52.0858404],[17.0236548,52.0858268],[17.0236783,52.085829],[17.0236905,52.0858226],[17.0237055,52.0858147],[17.0236902,52.0858038],[17.0238271,52.0857313],[17.0239231,52.0858],[17.0239199,52.0858023],[17.0239434,52.0858186],[17.0239019,52.0858413],[17.0238785,52.085825],[17.0238231,52.0858544],[17.023855,52.0858772],[17.0238622,52.0858748],[17.0238823,52.0858827],[17.0238883,52.0858902],[17.0238862,52.085899],[17.0238736,52.0859073],[17.0239828,52.0859847],[17.0239154,52.0860208],[17.0237993,52.0859386],[17.0237594,52.0859594],[17.0236196,52.0858601]]]}}],"cooperativeWork":{"meta":{"version":2,"type":1},"operations":[{"operationType":"modifyElement","data":{"id":"way/264903621","operations":[{"operation":"setTags","data":{"name":"Muzeum Śremskie w Śremie","operator":"Miasto i Gmina Śrem","operator:type":"government","source:tourism":"Wykaz Muzeów, wypis na dzień 2026-04-09"}}]}}]}}
{"type":"FeatureCollection","features":[{"type":"Feature","properties":{"addr:city":"Chrzanów","addr:city:simc":"938982","addr:housenumber":"13","addr:postcode":"32-500","addr:street":"Adama Mickiewicza","addr:street:sym_ul":"12734","building":"yes","fee":"yes","name":"Muzeum w Chrzanowie im. Ireny i Mieczysława Mazarakich","source:addr":"emuia.gugik.gov.pl","tourism":"museum","operator":"Gmina Chrzanów","operator:type":"government","source:tourism":"Wykaz Muzeów, wypis na dzień 2026-04-09","@id":"way/136778728"},"geometry":{"type":"Polygon","coordinates":[[[19.4019377,50.1435292],[19.4018741,50.1434105],[19.4019846,50.143384],[19.402066,50.1433676],[19.4021307,50.1434862],[19.4020623,50.1435004],[19.4020116,50.1435109],[19.4019923,50.1435157],[19.4019377,50.1435292]]]}}],"cooperativeWork":{"meta":{"version":2,"type":1},"operations":[{"operationType":"modifyElement","data":{"id":"way/136778728","operations":[{"operation":"setTags","data":{"name":"Muzeum w Chrzanowie im. Ireny i Mieczysława Mazarakich","operator":"Gmina Chrzanów","operator:type":"government","source:tourism":"Wykaz Muzeów, wypis na dzień 2026-04-09"}}]}}]}}
{"type":"FeatureCollection","features":[{"type":"Feature","properties":{"addr:city":"Jarosław","addr:housename":"Kamienica Orsettich","addr:housenumber":"4","addr:postcode":"37-500","addr:street":"Rynek","building":"apartments","contact:email":"sekretariat@muzeum-jaroslaw.pl","fax":"+48 16 621 54 37","heritage":"2","heritage:operator":"nid","historic":"building","name":"Muzeum w Jarosławiu Kamienica Orsettich","opening_hours":"Oct-Apr: Tu-Sa 09:00-16:00; Su 11:00-16:00; May-Sep: Tu-Sa 09:00-17:00; Su 11:00-17:00; Ph off","phone":"+48 16 621 54 37","ref:ckkp":"PK00206","ref:nid":"46;A-298","source:opening_hours":"https://www.muzeum-jaroslaw.pl/cenybiletow.php","start_date":"before 1600","tourism":"museum","website":"http://www.muzeum-jaroslaw.pl/","wikidata":"Q11787024","wikimedia_commons":"File:Jaroslaw rynek kamienica orsettich.jpg","wikipedia":"pl:Muzeum w Jarosławiu Kamienica Orsettich","operator":"Powiat Jarosławski","operator:type":"government","source:tourism":"Wykaz Muzeów, wypis na dzień 2026-04-09","@id":"way/275452144"},"geometry":{"type":"Polygon","coordinates":[[[22.683796,50.0183449],[22.6836279,50.0182323],[22.6836582,50.0182029],[22.6837771,50.0180876],[22.6838918,50.0181284],[22.683945,50.0180676],[22.6839146,50.0180546],[22.683999,50.0179607],[22.6841064,50.0180028],[22.6840231,50.0180951],[22.6838348,50.0182967],[22.683796,50.0183449]]]}}],"cooperativeWork":{"meta":{"version":2,"type":1},"operations":[{"operationType":"modifyElement","data":{"id":"way/275452144","operations":[{"operation":"setTags","data":{"name":"Muzeum w Jarosławiu Kamienica Orsettich","operator":"Powiat Jarosławski","operator:type":"government","source:tourism":"Wykaz Muzeów, wypis na dzień 2026-04-09"}}]}}]}}
{"type":"FeatureCollection","features":[{"type":"Feature","properties":{"addr:city":"Wągrowiec","addr:city:simc":"967297","addr:housenumber":"15","addr:postcode":"62-100","addr:street":"Opacka","addr:street:sym_ul":"15055","building":"yes","source:addr":"mwagrowiec.e-mapa.net","tourism":"museum","name":"Muzeum Regionalne w Wągrowcu","operator":"Gmina Miejska Wągrowiec","operator:type":"government","source:tourism":"Wykaz Muzeów, wypis na dzień 2026-04-09","@id":"way/337053694"},"geometry":{"type":"Polygon","coordinates":[[[17.1925947,52.8060139],[17.1925899,52.8059376],[17.193225,52.8059231],[17.1932304,52.8059947],[17.1931431,52.806057],[17.1930908,52.8060316],[17.1931321,52.8060021],[17.1925947,52.8060139]]]}}],"cooperativeWork":{"meta":{"version":2,"type":1},"operations":[{"operationType":"modifyElement","data":{"id":"way/337053694","operations":[{"operation":"setTags","data":{"name":"Muzeum Regionalne w Wągrowcu","operator":"Gmina Miejska Wągrowiec","operator:type":"government","source:tourism":"Wykaz Muzeów, wypis na dzień 2026-04-09"}}]}}]}}
{"type":"FeatureCollection","features":[{"type":"Feature","properties":{"addr:city":"Radom","addr:housenumber":"30","addr:postcode":"26-600","addr:street":"Szydłowiecka","barrier":"fence","email":"muzeumwsi@muzeum-radom.pl","fee":"yes","historic":"farm","museum":"open_air","name":"Muzeum Wsi Radomskiej w Radomiu","opening_hours":"Mo-Fr 09:00-17:00; Sa-Su 10:00-18:00","phone":"+48 48 332 92 81","ref:ckkp":"MZ00559","tourism":"museum","website":"https://www.muzeum-radom.pl/","wikidata":"Q11787255","wikipedia":"pl:Muzeum Wsi Radomskiej w Radomiu","operator":"Samorząd Województwa Mazowieckiego","operator:type":"government","source:tourism":"Wykaz Muzeów, wypis na dzień 2026-04-09","@id":"way/446919408"},"geometry":{"type":"Polygon","coordinates":[[[21.0826331,51.3677093],[21.082353,51.367769],[21.0822619,51.3677051],[21.0822433,51.3677099],[21.0821776,51.3677268],[21.0821362,51.3677361],[21.0820671,51.3677511],[21.0820505,51.3678535],[21.0815704,51.3679477],[21.0813814,51.3679848],[21.0813571,51.367931],[21.0812232,51.3679571],[21.0811967,51.367961],[21.0810333,51.3679851],[21.0810174,51.3680292],[21.0805947,51.3681155],[21.0791202,51.3684377],[21.0791085,51.368441],[21.0790397,51.3684573],[21.0780855,51.3674804],[21.0780547,51.3674485],[21.0776969,51.3670998],[21.0775665,51.3670574],[21.077344,51.3669863],[21.077445,51.3665544],[21.0776702,51.3655016],[21.0777444,51.365206],[21.0791109,51.3643247],[21.0785414,51.3632014],[21.078111,51.3623707],[21.0767152,51.3613775],[21.0781858,51.3612715],[21.0789825,51.3612141],[21.0795265,51.3612149],[21.0799434,51.361128],[21.0799624,51.3611472],[21.0801008,51.3612128],[21.0801263,51.3612006],[21.0801483,51.3611907],[21.0802221,51.3611574],[21.0804593,51.3610513],[21.0804741,51.3610457],[21.0804872,51.3610408],[21.0805164,51.3610251],[21.0805603,51.3609942],[21.0805947,51.360968],[21.0811499,51.3607189],[21.0813486,51.3607378],[21.0814122,51.3607187],[21.0814497,51.3607059],[21.0814687,51.360699],[21.0815358,51.3606746],[21.0816497,51.3608185],[21.0818317,51.3610437],[21.0818394,51.3610547],[21.0818854,51.3611082],[21.082086,51.3613529],[21.0821572,51.3614408],[21.0822871,51.3616009],[21.08253,51.3620697],[21.0826719,51.3623453],[21.0827854,51.3625658],[21.0832194,51.3624527],[21.0841374,51.3622946],[21.0843058,51.3626882],[21.084337,51.3627612],[21.0844543,51.3629375],[21.08387,51.3630982],[21.0841383,51.3638084],[21.084396,51.3638271],[21.0844073,51.3645977],[21.08444,51.3646974],[21.08459,51.3651542],[21.0843745,51.3651827],[21.0843529,51.36543],[21.0843154,51.3654966],[21.08425,51.3655269],[21.0840344,51.365575],[21.0840547,51.365706],[21.0841277,51.3661854],[21.083654,51.3662095],[21.0837002,51.3665598],[21.0837312,51.3667689],[21.0837767,51.3670748],[21.0837957,51.3671849],[21.0838397,51.3674393],[21.0830714,51.3675917],[21.0829484,51.3676172],[21.0826511,51.3676785],[21.0826331,51.3677093]]]}}],"cooperativeWork":{"meta":{"version":2,"type":1},"operations":[{"operationType":"modifyElement","data":{"id":"way/446919408","operations":[{"operation":"setTags","data":{"name":"Muzeum Wsi Radomskiej w Radomiu","operator":"Samorząd Województwa Mazowieckiego","operator:type":"government","source:tourism":"Wykaz Muzeów, wypis na dzień 2026-04-09"}}]}}]}}
{"type":"FeatureCollection","features":[{"type":"Feature","properties":{"addr:city":"Szamotuły","addr:city:simc":"971531","addr:housenumber":"30","addr:postcode":"64-500","addr:street":"Wroniecka","building":"yes","building:levels":"2","email":"zamek@zamek.org.pl","fax":"+48 61 29 226 29","heritage":"2","heritage:operator":"nid","historic":"castle","name":"Muzeum - Zamek Górków w Szamotułach","operator":"Powiat Szamotulski","phone":"+48 61 29 218 13","ref:ckkp":"WP00639","ref:nid":"109/A","roof:colour":"red","roof:shape":"mansard","source:addr":"szamotuly.e-mapa.net","source:building":"BDOT","tourism":"museum","url":"https://youtu.be/x1B2u8BY2O4","website":"https://www.zamek.org.pl/","wikidata":"Q16619092","wikipedia":"pl:Zamek w Szamotułach","operator:type":"government","source:tourism":"Wykaz Muzeów, wypis na dzień 2026-04-09","@id":"way/260179737"},"geometry":{"type":"Polygon","coordinates":[[[16.577466,52.615217],[16.577469,52.615216],[16.577463,52.615211],[16.577467,52.615188],[16.577654,52.615197],[16.577668,52.615122],[16.577683,52.615124],[16.577686,52.615111],[16.577666,52.61511],[16.577676,52.615072],[16.577695,52.615073],[16.577698,52.61506],[16.577679,52.615059],[16.577688,52.61502],[16.577735,52.615001],[16.57771,52.61498],[16.577667,52.615002],[16.577672,52.614972],[16.577637,52.614969],[16.577646,52.614929],[16.577593,52.614924],[16.577585,52.614965],[16.577549,52.614962],[16.577543,52.614993],[16.577538,52.614993],[16.577509,52.614968],[16.577482,52.614981],[16.577517,52.615005],[16.577502,52.615093],[16.577493,52.615104],[16.577416,52.615096],[16.577416,52.615098],[16.577398,52.615096],[16.5774,52.61509],[16.577381,52.615088],[16.57738,52.615094],[16.577338,52.615091],[16.57734,52.615079],[16.577323,52.615078],[16.577321,52.615089],[16.57729,52.615086],[16.577293,52.615075],[16.577276,52.615074],[16.577273,52.615084],[16.577217,52.615079],[16.577195,52.615042],[16.57718,52.615044],[16.577199,52.615082],[16.577204,52.615083],[16.577188,52.615166],[16.57736,52.615179],[16.577359,52.615187],[16.57737,52.615188],[16.577367,52.615204],[16.577359,52.615208],[16.577362,52.615211],[16.5774161,52.6152141],[16.577466,52.615217]]]}}],"cooperativeWork":{"meta":{"version":2,"type":1},"operations":[{"operationType":"modifyElement","data":{"id":"way/260179737","operations":[{"operation":"setTags","data":{"name":"Muzeum - Zamek Górków w Szamotułach","operator":"Powiat Szamotulski","operator:type":"government","source:tourism":"Wykaz Muzeów, wypis na dzień 2026-04-09"}}]}}]}}
{"type":"FeatureCollection","features":[{"type":"Feature","properties":{"addr:city":"Sochaczew","addr:housenumber":"12","addr:postcode":"96-500","addr:street":"Plac Tadeusza Kościuszki","building":"public","building:levels":"3","email":"kontakt@muzeumsochaczew.pl","fax":"+48 46 862 33 09","name":"Muzeum Ziemi Sochaczewskiej w Pola Bitwy nad Bzurą w Sochaczewie","opening_hours":"Mo off; Tu-Su 10:00-16:00","phone":"+48 46 862 33 09","ref:ckkp":"MZ00613","source":"Starostwo Powiatowe w Sochaczewie","source:addr":"EMUiA (msochaczew.e-mapa.net)","tourism":"museum","website":"https://www.muzeumsochaczew.pl/pl/","wikidata":"Q11787284","wikipedia":"pl:Muzeum Ziemi Sochaczewskiej i Pola Bitwy nad Bzurą","operator":"Gmina Sochaczew","operator:type":"government","source:tourism":"Wykaz Muzeów, wypis na dzień 2026-04-09","@id":"way/425621504"},"geometry":{"type":"Polygon","coordinates":[[[20.2372688,52.2299715],[20.2371344,52.2299875],[20.237133,52.2299829],[20.2371161,52.2299849],[20.2371177,52.2299898],[20.2370965,52.2299924],[20.2370949,52.2299876],[20.237078,52.2299896],[20.2370796,52.2299945],[20.2370544,52.2299975],[20.2370529,52.2299928],[20.2370361,52.2299948],[20.2370376,52.2299996],[20.2370167,52.2300021],[20.2370152,52.2299974],[20.2369984,52.2299994],[20.237,52.2300044],[20.2368662,52.2300204],[20.2368955,52.2301129],[20.2371926,52.2300775],[20.2372984,52.2300648],[20.2372688,52.2299715]]]}}],"cooperativeWork":{"meta":{"version":2,"type":1},"operations":[{"operationType":"modifyElement","data":{"id":"way/425621504","operations":[{"operation":"setTags","data":{"name":"Muzeum Ziemi Sochaczewskiej w Pola Bitwy nad Bzurą w Sochaczewie","operator":"Gmina Sochaczew","operator:type":"government","source:tourism":"Wykaz Muzeów, wypis na dzień 2026-04-09"}}]}}]}}
{"type":"FeatureCollection","features":[{"type":"Feature","properties":{"addr:city":"Sieraków","addr:city:simc":"971436","addr:housenumber":"3a","addr:postcode":"64-410","addr:street":"Stadnina","building":"yes","building:levels":"3","heritage":"2","heritage:operator":"nid","historic":"castle","name":"Muzeum Zamek Opalińskich w Sierakowie","ref:ckkp":"WP00604","ref:nid":"302/A","source":"https://sierakow.e-mapa.net","source:building":"BDOT","source:geometry":"EGiB","tourism":"museum","website":"https://www.muzeum-sierakow.pl/","wikidata":"Q11787267","wikipedia":"pl:Muzeum Zamek Opalińskich","operator":"Powiat Międzychodzki","operator:type":"government","source:tourism":"Wykaz Muzeów, wypis na dzień 2026-04-09","@id":"way/264900248"},"geometry":{"type":"Polygon","coordinates":[[[16.084724,52.651403],[16.084715,52.651417],[16.0847,52.6515],[16.084682,52.651499],[16.084682,52.651493],[16.084368,52.651476],[16.084365,52.651484],[16.084342,52.651481],[16.084364,52.651388],[16.084365,52.65138],[16.084399,52.651382],[16.084398,52.65139],[16.084703,52.651407],[16.084708,52.651395],[16.084724,52.651403]]]}}],"cooperativeWork":{"meta":{"version":2,"type":1},"operations":[{"operationType":"modifyElement","data":{"id":"way/264900248","operations":[{"operation":"setTags","data":{"name":"Muzeum Zamek Opalińskich w Sierakowie","operator":"Powiat Międzychodzki","operator:type":"government","source:tourism":"Wykaz Muzeów, wypis na dzień 2026-04-09"}}]}}]}}
{"type":"FeatureCollection","features":[{"type":"Feature","properties":{"addr:city":"Oświęcim","addr:city:simc":"924997","addr:housenumber":"1","addr:postcode":"32-600","addr:street":"Zamkowa","building":"yes","historic":"castle","name":"Muzeum Zamek w Oświęcimiu","source:addr":"gugik.gov.pl","tourism":"museum","wikidata":"Q9386704","wikipedia":"pl:Zamek w Oświęcimiu","operator":"Gmina Miasto Oświęcim","operator:type":"government","source:tourism":"Wykaz Muzeów, wypis na dzień 2026-04-09","@id":"way/187528811"},"geometry":{"type":"Polygon","coordinates":[[[19.2194319,50.0400924],[19.2194229,50.040072],[19.219379,50.0400786],[19.2193705,50.0400519],[19.219354,50.0400545],[19.2193087,50.0399377],[19.2192824,50.0399419],[19.2192547,50.0398704],[19.2192951,50.0398644],[19.2192755,50.0398339],[19.219206,50.0397768],[19.2192538,50.0397491],[19.2193272,50.0397067],[19.2193615,50.0397342],[19.2193842,50.0397225],[19.2194044,50.0397388],[19.2193838,50.0397495],[19.2194369,50.0397922],[19.2194459,50.0397878],[19.2194558,50.039796],[19.2194455,50.0398012],[19.2194616,50.0398391],[19.2194792,50.0398367],[19.2194828,50.0398474],[19.2194675,50.0398495],[19.2194801,50.0398727],[19.2194928,50.039871],[19.2194964,50.0398819],[19.2194879,50.0398831],[19.2194902,50.0398898],[19.2194814,50.039891],[19.2194844,50.0398996],[19.2195185,50.0398949],[19.2195216,50.0399038],[19.2194886,50.0399083],[19.2195155,50.0399889],[19.2195348,50.0399863],[19.219539,50.0399988],[19.2195206,50.0400015],[19.2195363,50.0400479],[19.2195233,50.0400504],[19.2195117,50.0400797],[19.2194319,50.0400924]]]}}],"cooperativeWork":{"meta":{"version":2,"type":1},"operations":[{"operationType":"modifyElement","data":{"id":"way/187528811","operations":[{"operation":"setTags","data":{"name":"Muzeum Zamek w Oświęcimiu","operator":"Gmina Miasto Oświęcim","operator:type":"government","source:tourism":"Wykaz Muzeów, wypis na dzień 2026-04-09"}}]}}]}}
{"type":"FeatureCollection","features":[{"type":"Feature","properties":{"addr:city":"Biecz","addr:city:simc":"952752","addr:housenumber":"1","addr:postcode":"38-340","addr:street":"Marcina Kromera","addr:street:sym_ul":"9952","building":"yes","building:levels":"1","historic":"yes","name":"Muzeum Ziemi Bieckiej","opening_hours":"May,Jun,Sep: Tu-Fr 08:00-17:00; Sa,Su 09:00-17:00; Jul,Aug: Tu-Fr 08:00-19:00; Sa,Su 10:00-19:00; Jan,Feb,Mar,Apr,Oct,Nov,Dec: Tu-Sa 08:00-16:00","source:addr":"biecz.e-mapa.net","source:building":"BDOT","source:geometry":"EGiB","tourism":"museum","operator":"Gmina Biecz","operator:type":"government","source:tourism":"Wykaz Muzeów, wypis na dzień 2026-04-09","@id":"way/325284835"},"geometry":{"type":"Polygon","coordinates":[[[21.2479729,49.7304051],[21.2479591,49.7304978],[21.247823,49.7304857],[21.2478406,49.7303981],[21.2479729,49.7304051]]]}}],"cooperativeWork":{"meta":{"version":2,"type":1},"operations":[{"operationType":"modifyElement","data":{"id":"way/325284835","operations":[{"operation":"setTags","data":{"name":"Muzeum Ziemi Bieckiej","operator":"Gmina Biecz","operator:type":"government","source:tourism":"Wykaz Muzeów, wypis na dzień 2026-04-09"}}]}}]}}
{"type":"FeatureCollection","features":[{"type":"Feature","properties":{"addr:city":"Chełm","addr:housenumber":"55","addr:postcode":"22-100","addr:street":"Lubelska","building":"yes","name":"Muzeum Ziemi Chełmskiej im. Wiktora Ambroziewicza w Chełmie","phone":"48855652693","tourism":"museum","operator":"Miasto Chełm","operator:type":"government","source:tourism":"Wykaz Muzeów, wypis na dzień 2026-04-09","@id":"way/299133098"},"geometry":{"type":"Polygon","coordinates":[[[23.4700191,51.134756],[23.469946,51.1347027],[23.4700963,51.1346159],[23.4701644,51.1346642],[23.4700191,51.134756]]]}}],"cooperativeWork":{"meta":{"version":2,"type":1},"operations":[{"operationType":"modifyElement","data":{"id":"way/299133098","operations":[{"operation":"setTags","data":{"name":"Muzeum Ziemi Chełmskiej im. Wiktora Ambroziewicza w Chełmie","operator":"Miasto Chełm","operator:type":"government","source:tourism":"Wykaz Muzeów, wypis na dzień 2026-04-09"}}]}}]}}
{"type":"FeatureCollection","features":[{"type":"Feature","properties":{"addr:city":"Kłodzko","addr:housenumber":"4","addr:postcode":"57-300","addr:street":"Ignacego Łukasiewicza","building":"public","email":"sekretariat@muzeum.klodzko.pl","heritage":"2","heritage:operator":"nid","historic":"building","image":"File:Kłodzko, Łukasiewicza 4, muzeum, 02.JPG","name":"Muzeum Ziemi Kłodzkiej w Kłodzku","opening_hours":"Tu-Su 10:00-16:00; PH open","ref:ckkp":"DS00256","ref:nid":"A/4323/994/WŁ","source":"mklodzko.e-mapa.net","tourism":"museum","website":"http://www.muzeum.klodzko.pl/","wheelchair":"yes","wikidata":"Q11787277","wikipedia":"pl:Muzeum Ziemi Kłodzkiej w Kłodzku","operator":"Gmina Miasto Kłodzko","operator:type":"government","source:tourism":"Wykaz Muzeów, wypis na dzień 2026-04-09","@id":"way/221552425"},"geometry":{"type":"Polygon","coordinates":[[[16.6515735,50.4383333],[16.6515581,50.4383148],[16.6514666,50.4382054],[16.6513935,50.4382257],[16.6513584,50.4381717],[16.6513553,50.438173],[16.6513517,50.4381685],[16.6513177,50.4381781],[16.65132,50.4381822],[16.6512426,50.4382032],[16.6512383,50.4381979],[16.6512039,50.4382074],[16.6512068,50.4382117],[16.6511852,50.4382184],[16.6511808,50.4382131],[16.6511453,50.4382229],[16.6511488,50.4382275],[16.6511281,50.4382338],[16.6511248,50.438231],[16.6510906,50.4382402],[16.6510918,50.438242],[16.6510869,50.4382443],[16.6511997,50.4384139],[16.6511533,50.4384245],[16.651151,50.4384226],[16.6510479,50.4382626],[16.651009,50.4382021],[16.6509978,50.4381847],[16.651582,50.4380383],[16.6518596,50.4382505],[16.6515735,50.4383333]]]}}],"cooperativeWork":{"meta":{"version":2,"type":1},"operations":[{"operationType":"modifyElement","data":{"id":"way/221552425","operations":[{"operation":"setTags","data":{"name":"Muzeum Ziemi Kłodzkiej w Kłodzku","operator":"Gmina Miasto Kłodzko","operator:type":"government","source:tourism":"Wykaz Muzeów, wypis na dzień 2026-04-09"}}]}}]}}
{"type":"FeatureCollection","features":[{"type":"Feature","properties":{"addr:city":"Koszyce","addr:city:simc":"244630","addr:housenumber":"11","addr:postcode":"32-130","addr:street":"Wspólna","addr:street:sym_ul":"24885","building":"yes","name":"Muzeum Ziemi Koszyckiej im. Stanisława Boducha w Koszycach","source:addr":"koszyce.e-mapa.net","tourism":"museum","wikidata":"Q11787273","wikipedia":"pl:Muzeum Ziemi Koszyckiej","operator":"Gmina Koszyce","operator:type":"government","source:tourism":"Wykaz Muzeów, wypis na dzień 2026-04-09","@id":"way/404489162"},"geometry":{"type":"Polygon","coordinates":[[[20.577483,50.1669185],[20.577594,50.166867],[20.5777514,50.1670004],[20.5776403,50.1670519],[20.577483,50.1669185]]]}}],"cooperativeWork":{"meta":{"version":2,"type":1},"operations":[{"operationType":"modifyElement","data":{"id":"way/404489162","operations":[{"operation":"setTags","data":{"name":"Muzeum Ziemi Koszyckiej im. Stanisława Boducha w Koszycach","operator":"Gmina Koszyce","operator:type":"government","source:tourism":"Wykaz Muzeów, wypis na dzień 2026-04-09"}}]}}]}}
{"type":"FeatureCollection","features":[{"type":"Feature","properties":{"addr:city":"Kędzierzyn-Koźle","addr:housenumber":"5b","addr:postcode":"47-200","addr:street":"Józefa Ignacego Kraszewskiego","building":"museum","check_date":"2025-12-25","name":"Muzeum Ziemi Kozielskiej w Kędzierzynie Koźlu","opening_hours":"Tu-Fr 9:00-13:00; Sa-Su 13.00-17.00","tourism":"museum","operator":"Gmina Kędzierzyn-Koźle","operator:type":"government","source:tourism":"Wykaz Muzeów, wypis na dzień 2026-04-09","@id":"way/1206722260"},"geometry":{"type":"Polygon","coordinates":[[[18.1422545,50.3347506],[18.1424195,50.334797],[18.1425027,50.3346131],[18.1424739,50.3345096],[18.1423941,50.3344928],[18.1423654,50.3345409],[18.1423478,50.3345704],[18.1422545,50.3347506]]]}}],"cooperativeWork":{"meta":{"version":2,"type":1},"operations":[{"operationType":"modifyElement","data":{"id":"way/1206722260","operations":[{"operation":"setTags","data":{"name":"Muzeum Ziemi Kozielskiej w Kędzierzynie Koźlu","operator":"Gmina Kędzierzyn-Koźle","operator:type":"government","source:tourism":"Wykaz Muzeów, wypis na dzień 2026-04-09"}}]}}]}}
{"type":"FeatureCollection","features":[{"type":"Feature","properties":{"addr:city":"Włocławek","addr:housenumber":"1A","addr:postcode":"87-800","addr:street":"Juliusza Słowackiego","building":"yes","building:levels":"3","historic":"yes","name":"Muzeum Ziemi Kujawskiej i Dobrzyńskiej we Włocławku","opening_hours":"Tu-Su 08:00-15:00; Sa 08:00-12:00","ref:ckkp":"KP00731","source:building":"BDOT","tourism":"museum","website":"https://muzeum.wloclawek.pl/","wikidata":"Q11787275","wikipedia":"pl:Muzeum Ziemi Kujawskiej i Dobrzyńskiej we Włocławku","operator":"Województwo Kujawsko-Pomorskie","operator:type":"government","source:tourism":"Wykaz Muzeów, wypis na dzień 2026-04-09","@id":"way/254915691"},"geometry":{"type":"Polygon","coordinates":[[[19.064588,52.657111],[19.064522,52.657135],[19.064592,52.657182],[19.06459,52.657183],[19.064624,52.657206],[19.064627,52.657204],[19.064712,52.657253],[19.064758,52.657226],[19.06476,52.657228],[19.06493,52.657127],[19.064929,52.657125],[19.064973,52.657099],[19.064893,52.657048],[19.064897,52.657044],[19.064847,52.657012],[19.064776,52.657039],[19.064796,52.657061],[19.064747,52.65708],[19.064725,52.657058],[19.064638,52.657092],[19.064678,52.657131],[19.064628,52.65715],[19.064588,52.657111]]]}}],"cooperativeWork":{"meta":{"version":2,"type":1},"operations":[{"operationType":"modifyElement","data":{"id":"way/254915691","operations":[{"operation":"setTags","data":{"name":"Muzeum Ziemi Kujawskiej i Dobrzyńskiej we Włocławku","operator":"Województwo Kujawsko-Pomorskie","operator:type":"government","source:tourism":"Wykaz Muzeów, wypis na dzień 2026-04-09"}}]}}]}}
{"type":"FeatureCollection","features":[{"type":"Feature","properties":{"addr:city":"Lubartów","addr:housenumber":"28","addr:postcode":"21-100","addr:street":"Tadeusza Kościuszki","building":"yes","museum":"history","name":"Muzeum Ziemi Lubartowskiej w Lubartowie","source:addr":"mlubartow.e-mapa.net","tourism":"museum","operator":"Miasto Lubartów","operator:type":"government","source:tourism":"Wykaz Muzeów, wypis na dzień 2026-04-09","@id":"way/359323629"},"geometry":{"type":"Polygon","coordinates":[[[22.6100421,51.4643041],[22.6100874,51.4641102],[22.6102526,51.4641271],[22.6102379,51.4641891],[22.6102392,51.4641894],[22.6102241,51.4642536],[22.6102226,51.4642536],[22.6102071,51.4643181],[22.6100421,51.4643041]]]}}],"cooperativeWork":{"meta":{"version":2,"type":1},"operations":[{"operationType":"modifyElement","data":{"id":"way/359323629","operations":[{"operation":"setTags","data":{"name":"Muzeum Ziemi Lubartowskiej w Lubartowie","operator":"Miasto Lubartów","operator:type":"government","source:tourism":"Wykaz Muzeów, wypis na dzień 2026-04-09"}}]}}]}}
{"type":"FeatureCollection","features":[{"type":"Feature","properties":{"addr:city":"Zielona Góra","addr:housenumber":"15","addr:postcode":"65-048","addr:street":"Aleja Niepodległości","building":"yes","building:levels":"3","contact:facebook":"https://www.facebook.com/muzeumziemilubuskiej","image":"https://photos.app.goo.gl/6zrQYJUNug1zBF9S6","mapillary":"1134607557047802","name":"Muzeum Ziemi Lubuskiej w Zielonej Górze","old_name":"Kreishaus","phone":"+48 68 327 23 45","ref:ckkp":"LB00801","toilets:wheelchair":"no","tourism":"museum","url":"https://youtu.be/5WeTiYaGY5g","url:0":"https://lubuskie.fotopolska.eu/7719,obiekt.html?map_z=19","url:1":"https://dolny-slask.org.pl/537096,Zielona_Gora,Muzeum_Ziemi_Lubuskiej.html","website":"http://www.mzl.zgora.pl/","wheelchair":"yes","wikidata":"Q11787278","wikipedia":"pl:Muzeum Ziemi Lubuskiej w Zielonej Górze","operator":"Województwo Lubuskie","operator:type":"government","source:tourism":"Wykaz Muzeów, wypis na dzień 2026-04-09","@id":"way/220600349"},"geometry":{"type":"Polygon","coordinates":[[[15.5084868,51.9416674],[15.5084895,51.941665],[15.5083673,51.9416115],[15.5083613,51.9416167],[15.5083382,51.9416067],[15.5083353,51.9416092],[15.5082874,51.9415882],[15.5082905,51.9415855],[15.5082682,51.9415757],[15.5082806,51.9415649],[15.5082772,51.9415634],[15.5083112,51.9415339],[15.5083151,51.9415356],[15.5083272,51.9415251],[15.5083317,51.9415257],[15.5085205,51.9413611],[15.5085303,51.9413654],[15.5090566,51.9415949],[15.5090805,51.9416053],[15.5090838,51.9416068],[15.509009,51.9416726],[15.5091991,51.941751],[15.5091311,51.9418102],[15.5091515,51.9418191],[15.5091201,51.9418465],[15.5091027,51.9418389],[15.5090311,51.9419013],[15.5085601,51.9416957],[15.5085573,51.9416982],[15.5085409,51.9416911],[15.5084868,51.9416674]]]}}],"cooperativeWork":{"meta":{"version":2,"type":1},"operations":[{"operationType":"modifyElement","data":{"id":"way/220600349","operations":[{"operation":"setTags","data":{"name":"Muzeum Ziemi Lubuskiej w Zielonej Górze","operator":"Województwo Lubuskie","operator:type":"government","source:tourism":"Wykaz Muzeów, wypis na dzień 2026-04-09"}}]}}]}}
{"type":"FeatureCollection","features":[{"type":"Feature","properties":{"addr:city":"Mińsk Mazowiecki","addr:housenumber":"16","addr:postcode":"05-300","addr:street":"Stefana Okrzei","building":"yes","name":"Muzeum Ziemi Mińskiej w Mińsku Mazowieckim","phone":"+48 25 759 67 15","tourism":"museum","website":"https://plus.google.com/105382402409555238848/about","wikidata":"Q17619134","wikipedia":"pl:Muzeum Ziemi Mińskiej w Mińsku Mazowieckim","operator":"Miasto Mińsk Mazowiecki","operator:type":"government","source:tourism":"Wykaz Muzeów, wypis na dzień 2026-04-09","@id":"way/199495391"},"geometry":{"type":"Polygon","coordinates":[[[21.5554456,52.1807439],[21.5555242,52.1808683],[21.5558161,52.1807989],[21.5557375,52.1806746],[21.5554456,52.1807439]]]}}],"cooperativeWork":{"meta":{"version":2,"type":1},"operations":[{"operationType":"modifyElement","data":{"id":"way/199495391","operations":[{"operation":"setTags","data":{"name":"Muzeum Ziemi Mińskiej w Mińsku Mazowieckim","operator":"Miasto Mińsk Mazowiecki","operator:type":"government","source:tourism":"Wykaz Muzeów, wypis na dzień 2026-04-09"}}]}}]}}
{"type":"FeatureCollection","features":[{"type":"Feature","properties":{"addr:city":"Żnin","addr:housenumber":"1","addr:postcode":"88-400","addr:street":"Plac Wolności","building":"yes","fee":"yes","name":"Muzeum Ziemi Pałuckiej w Żninie","source:addr":"znin.e-mapa.net","tourism":"museum","operator":"Gmina Żnin","operator:type":"government","source:tourism":"Wykaz Muzeów, wypis na dzień 2026-04-09","@id":"way/299321173"},"geometry":{"type":"Polygon","coordinates":[[[17.7229769,52.8462618],[17.7231652,52.8464873],[17.7229183,52.8465513],[17.7228793,52.8464974],[17.7229645,52.8464749],[17.7229158,52.8464138],[17.7228903,52.8464213],[17.722779,52.8462836],[17.7229769,52.8462618]]]}}],"cooperativeWork":{"meta":{"version":2,"type":1},"operations":[{"operationType":"modifyElement","data":{"id":"way/299321173","operations":[{"operation":"setTags","data":{"name":"Muzeum Ziemi Pałuckiej w Żninie","operator":"Gmina Żnin","operator:type":"government","source:tourism":"Wykaz Muzeów, wypis na dzień 2026-04-09"}}]}}]}}
{"type":"FeatureCollection","features":[{"type":"Feature","properties":{"addr:city":"Rawicz","addr:city:simc":"954604","addr:housenumber":"1","addr:postcode":"63-900","addr:street":"Rynek","building":"yes","heritage":"2","heritage:operator":"nid","name":"Muzeum Ziemi Rawickiej w Rawiczu","ref:nid":"329/Wlkp/A","source:addr":"emuia.gugik.gov.pl","tourism":"museum","wikidata":"Q9304533","wikipedia":"pl:Ratusz w Rawiczu","operator":"Gmina Rawicz","operator:type":"government","source:tourism":"Wykaz Muzeów, wypis na dzień 2026-04-09","@id":"way/234802710"},"geometry":{"type":"Polygon","coordinates":[[[16.8577399,51.608878],[16.8580036,51.6088601],[16.858063,51.6091975],[16.8577992,51.6092154],[16.8577694,51.6090459],[16.8577399,51.608878]]]}}],"cooperativeWork":{"meta":{"version":2,"type":1},"operations":[{"operationType":"modifyElement","data":{"id":"way/234802710","operations":[{"operation":"setTags","data":{"name":"Muzeum Ziemi Rawickiej w Rawiczu","operator":"Gmina Rawicz","operator:type":"government","source:tourism":"Wykaz Muzeów, wypis na dzień 2026-04-09"}},{"operation":"unsetTags","data":["amenity"]}]}}]}}
{"type":"FeatureCollection","features":[{"type":"Feature","properties":{"addr:city":"Rawa Mazowiecka","addr:city:simc":"977077","addr:housenumber":"26","addr:postcode":"96-200","addr:street":"Łowicka","addr:street:sym_ul":"11694","building":"yes","check_date:opening_hours":"2024-08-22","fee":"yes","name":"Muzeum Ziemi Rawskiej w Rawie Mazowieckiej","opening_hours":"Mo-Fr 09:00-16:00; Sa 10:00-14:00","source:addr":"mrawamazowiecka.e-mapa.net","tourism":"museum","operator":"Miasto Rawa Mazowiecka","operator:type":"government","source:tourism":"Wykaz Muzeów, wypis na dzień 2026-04-09","@id":"way/448314447"},"geometry":{"type":"Polygon","coordinates":[[[20.249787,51.7684205],[20.2496977,51.7683261],[20.2499281,51.7682426],[20.2500175,51.768337],[20.249787,51.7684205]]]}}],"cooperativeWork":{"meta":{"version":2,"type":1},"operations":[{"operationType":"modifyElement","data":{"id":"way/448314447","operations":[{"operation":"setTags","data":{"name":"Muzeum Ziemi Rawskiej w Rawie Mazowieckiej","operator":"Miasto Rawa Mazowiecka","operator:type":"government","source:tourism":"Wykaz Muzeów, wypis na dzień 2026-04-09"}}]}}]}}
{"type":"FeatureCollection","features":[{"type":"Feature","properties":{"addr:city":"Szubin","addr:housenumber":"2","addr:postcode":"89-200","addr:street":"Szkolna","building":"yes","museum":"local","name":"Muzeum Ziemi Szubińskiej im. Zenona Erdmanna w Szubinie","operator":"Gmina Szubin","operator:type":"government","source:addr":"EMUiA (emuia.gugik.gov.pl)","tourism":"museum","source:tourism":"Wykaz Muzeów, wypis na dzień 2026-04-09","@id":"way/358666782"},"geometry":{"type":"Polygon","coordinates":[[[17.7435046,53.0079389],[17.7435461,53.0078406],[17.7435997,53.0077162],[17.7437976,53.0077482],[17.7437027,53.0079702],[17.7435046,53.0079389]]]}}],"cooperativeWork":{"meta":{"version":2,"type":1},"operations":[{"operationType":"modifyElement","data":{"id":"way/358666782","operations":[{"operation":"setTags","data":{"name":"Muzeum Ziemi Szubińskiej im. Zenona Erdmanna w Szubinie","operator:type":"government","source:tourism":"Wykaz Muzeów, wypis na dzień 2026-04-09"}}]}}]}}
{"type":"FeatureCollection","features":[{"type":"Feature","properties":{"addr:city":"Wieluń","addr:housenumber":"13","addr:postcode":"98-300","addr:street":"Gabriela Narutowicza","building":"yes","building:colour":"white","building:levels":"2","description":"Klasztor, ob. Muzeum Ziemi Wieluńskiej, w zespole klasztornym bernardynek, mur., XVII, XX","height":"15","heritage":"2","heritage:operator":"nid","name":"Muzeum Ziemi Wieluńskiej w Wieluniu","note":"wysokoscnaoko,do poprawki","ref:nid":"182/970 z 30.12.1967","roof:colour":"red","roof:height":"6","roof:shape":"gabled","source":"Bing","source:addr":"EMUiA (emuia.geoportal.gov.pl)","tourism":"museum","operator":"Gmina Wieluń","operator:type":"government","source:tourism":"Wykaz Muzeów, wypis na dzień 2026-04-09","@id":"way/148875018"},"geometry":{"type":"Polygon","coordinates":[[[18.567388,51.2201795],[18.5672613,51.220108],[18.5672708,51.2201014],[18.5675847,51.2198819],[18.5676579,51.2199209],[18.5677134,51.2199521],[18.567388,51.2201795]]]}}],"cooperativeWork":{"meta":{"version":2,"type":1},"operations":[{"operationType":"modifyElement","data":{"id":"way/148875018","operations":[{"operation":"setTags","data":{"name":"Muzeum Ziemi Wieluńskiej w Wieluniu","operator":"Gmina Wieluń","operator:type":"government","source:tourism":"Wykaz Muzeów, wypis na dzień 2026-04-09"}}]}}]}}
{"type":"FeatureCollection","features":[{"type":"Feature","properties":{"addr:city":"Złotów","addr:city:simc":"967423","addr:housenumber":"2a","addr:postcode":"77-400","addr:street":"Wojska Polskiego","addr:street:sym_ul":"24628","building":"yes","building:levels":"2","heritage":"2","heritage:operator":"nid","historic":"yes","image":"File:Muzeum_Ziemi_Złotowskiej.JPG","name":"Muzeum Ziemi Złotowskiej w Złotowie","ref:nid":"657461","source:addr":"emuia.gugik.gov.pl","source:building":"BDOT","tourism":"museum","website":"https://www.muzeum-zlotow.pl/","operator":"Gmina Miasto Złotów","operator:type":"government","source:tourism":"Wykaz Muzeów, wypis na dzień 2026-04-09","@id":"way/264931327"},"geometry":{"type":"Polygon","coordinates":[[[17.0364754,53.363391],[17.0363236,53.3633931],[17.0363197,53.3635702],[17.0363816,53.3635706],[17.0363791,53.3634928],[17.0364347,53.3634914],[17.0364767,53.3634899],[17.0364754,53.363391]]]}}],"cooperativeWork":{"meta":{"version":2,"type":1},"operations":[{"operationType":"modifyElement","data":{"id":"way/264931327","operations":[{"operation":"setTags","data":{"name":"Muzeum Ziemi Złotowskiej w Złotowie","operator":"Gmina Miasto Złotów","operator:type":"government","source:tourism":"Wykaz Muzeów, wypis na dzień 2026-04-09"}}]}}]}}
{"type":"FeatureCollection","features":[{"type":"Feature","properties":{"addr:city":"Olesno","addr:housenumber":"7","addr:postcode":"46-300","addr:street":"Jana Nikodema Jaronia","building":"yes","email":"oleskiemuzeum@op.pl","historic":"building","image":"http://www.olesno.pl/images/objects/61/1273054404_0.jpg","name":"Oleskie Muzeum Regionalne w Oleśnie","opening_hours":"Mo-Fr 09:00-14:00; Tu 09:00-15:00; We 09:00-17:00","phone":"+48 34 358 24 38","source":"http://sdi.opolskie.pl/mapa_bazowa/request.aspx","tourism":"museum","website":"https://www.oleskiemuzeum.pl/","operator":"Gmina Olesno","operator:type":"government","source:tourism":"Wykaz Muzeów, wypis na dzień 2026-04-09","@id":"way/302134636"},"geometry":{"type":"Polygon","coordinates":[[[18.4228036,50.876236],[18.4228023,50.8761319],[18.4227963,50.8761314],[18.4227506,50.8761324],[18.4226694,50.8761336],[18.4226705,50.8761527],[18.4226735,50.8762396],[18.4228036,50.876236]]]}}],"cooperativeWork":{"meta":{"version":2,"type":1},"operations":[{"operationType":"modifyElement","data":{"id":"way/302134636","operations":[{"operation":"setTags","data":{"name":"Oleskie Muzeum Regionalne w Oleśnie","operator":"Gmina Olesno","operator:type":"government","source:tourism":"Wykaz Muzeów, wypis na dzień 2026-04-09"}}]}}]}}
{"type":"FeatureCollection","features":[{"type":"Feature","properties":{"addr:city":"Poznań","addr:housenumber":"3","addr:postcode":"61-772","addr:street":"Stary Rynek","building":"civic","building:levels":"1","contact:facebook":"https://www.facebook.com/MuzeumPowstaniaWielkopolskiego","contact:phone":"+48 61 853 19 93","fee":"yes","heritage":"2","heritage:operator":"nid","layer":"2","name":"Wielkopolskie Muzeum Niepodległości","name:en":"Museum of the Wielkopolska Uprising of 1918-1919","note":"MUZEUM POWSTANIA WIELKOPOLSKIEGO 1918-1919 | Museum of the Wielkopolska Uprising of 1918-1919. Wystawa stała Muzeum jest nowoczesną i atrakcyjną dla widza formą przekazu historycznego, i muzealnego o Powstaniu Wielkopolskim. Wystawę uzupełniają multimedia","operator":"Minister Kultury i Dziedzictwa Narodowego","ref:nid":"A-8, 246","source":"http://www.muzeumniepodleglosci.poznan.pl/","source:addr":"EMUiA (emuia.geoportal.gov.pl)","tourism":"museum","website":"http://www.muzeumniepodleglosci.poznan.pl/index.php?module=htmlpages&func=display&pid=49","wheelchair":"limited","wikidata":"Q11787146","wikipedia":"pl:Muzeum Powstania Wielkopolskiego 1918–1919","operator:type":"government","source:tourism":"Wykaz Muzeów, wypis na dzień 2026-04-09","@id":"way/262848267"},"geometry":{"type":"Polygon","coordinates":[[[16.9330853,52.4083954],[16.9330849,52.4083947],[16.9330439,52.4083995],[16.9330444,52.4084002],[16.9330354,52.4084011],[16.9330354,52.4084004],[16.9330055,52.4084039],[16.9330055,52.4084047],[16.9329944,52.4084062],[16.9329924,52.4083994],[16.9329946,52.4083991],[16.9329876,52.4083755],[16.9329856,52.4083757],[16.9329835,52.4083691],[16.9329878,52.4083686],[16.9329873,52.4083671],[16.9329983,52.4083659],[16.9329988,52.4083673],[16.933032,52.4083637],[16.9330315,52.4083623],[16.9330343,52.4083619],[16.9329996,52.4082456],[16.9329972,52.4082459],[16.9329965,52.4082445],[16.9329637,52.4082482],[16.9329637,52.4082495],[16.9329531,52.4082508],[16.9329525,52.4082495],[16.9329481,52.4082499],[16.932946,52.4082432],[16.9329484,52.4082429],[16.9329414,52.4082194],[16.9329392,52.4082197],[16.9329372,52.4082127],[16.9329481,52.4082116],[16.9329487,52.4082129],[16.9329631,52.4082117],[16.9329761,52.4082107],[16.9329756,52.4082093],[16.9329926,52.4082076],[16.9329931,52.4082089],[16.9330191,52.4082061],[16.9330191,52.4082048],[16.9330374,52.4082029],[16.9330378,52.4082042],[16.9330636,52.4082015],[16.9330631,52.4082002],[16.9330778,52.4081986],[16.9330783,52.4081999],[16.9330812,52.4081996],[16.9330362,52.4080423],[16.9330641,52.4080393],[16.9331717,52.4080276],[16.9331869,52.4080769],[16.9331297,52.408083],[16.9332497,52.4084808],[16.9331673,52.4084902],[16.9331437,52.4084137],[16.9331343,52.408389],[16.9331332,52.408389],[16.9331335,52.4083897],[16.9331248,52.4083908],[16.9331248,52.40839],[16.9330935,52.4083937],[16.9330939,52.4083944],[16.9330853,52.4083954]]]}}],"cooperativeWork":{"meta":{"version":2,"type":1},"operations":[{"operationType":"modifyElement","data":{"id":"way/262848267","operations":[{"operation":"setTags","data":{"name":"Wielkopolskie Muzeum Niepodległości","operator":"Minister Kultury i Dziedzictwa Narodowego","operator:type":"government","source:tourism":"Wykaz Muzeów, wypis na dzień 2026-04-09"}}]}}]}}
{"type":"FeatureCollection","features":[{"type":"Feature","properties":{"addr:city":"Opole","addr:housenumber":"3","addr:postcode":"45-017","addr:street":"Minorytów","building":"office","building:levels":"2","building:usage:pl":"biurowy","name":"Centralne Muzeum Jeńców Wojennych","source":"UM Opole","tourism":"museum","website":"https://www.cmjw.pl/","wikidata":"Q9186030","wikipedia":"pl:Centralne Muzeum Jeńców Wojennych","operator":"Minister Kultury i Dziedzictwa Narodowego","operator:type":"government","source:tourism":"Wykaz Muzeów, wypis na dzień 2026-04-09","@id":"way/207048130"},"geometry":{"type":"Polygon","coordinates":[[[17.9220221,50.6668238],[17.9220001,50.6668169],[17.9218758,50.6667779],[17.9217884,50.6669075],[17.921917,50.6669383],[17.9219464,50.6669453],[17.9220221,50.6668238]]]}}],"cooperativeWork":{"meta":{"version":2,"type":1},"operations":[{"operationType":"modifyElement","data":{"id":"way/207048130","operations":[{"operation":"setTags","data":{"operator":"Minister Kultury i Dziedzictwa Narodowego","operator:type":"government","source:tourism":"Wykaz Muzeów, wypis na dzień 2026-04-09"}}]}}]}}
{"type":"FeatureCollection","features":[{"type":"Feature","properties":{"addr:city":"Ostrów Mazowiecka","addr:housenumber":"4","addr:postcode":"07-300","addr:street":"Warszawska","air_conditioning":"yes","building":"yes","contact:facebook":"https://www.facebook.com/muzeum.pileckich/","museum":"history","name":"Muzeum - Dom Rodziny Pileckich w Ostrowi Mazowieckiej","opening_hours":"We-Fr 10:00-18:00; Sa,Su 10:00-17:00","source:addr":"EMUiA (mostrowmazowiecka.e-mapa.net)","toilets":"yes","tourism":"museum","website":"https://muzeumpileckich.pl","wheelchair":"yes","operator":"Minister Kultury i Dziedzictwa Narodowego","operator:type":"government","source:tourism":"Wykaz Muzeów, wypis na dzień 2026-04-09","@id":"way/331985671"},"geometry":{"type":"Polygon","coordinates":[[[21.8836647,52.7958311],[21.883689,52.795848],[21.8835203,52.7959363],[21.8833221,52.7957978],[21.8834951,52.7957073],[21.8836259,52.7957987],[21.8836847,52.7957679],[21.8836787,52.7957637],[21.883666,52.7957549],[21.8838393,52.7956642],[21.8839002,52.7957067],[21.8838326,52.7957421],[21.8838471,52.7957523],[21.8838173,52.7957679],[21.8838037,52.7957584],[21.8836647,52.7958311]]]}}],"cooperativeWork":{"meta":{"version":2,"type":1},"operations":[{"operationType":"modifyElement","data":{"id":"way/331985671","operations":[{"operation":"setTags","data":{"name":"Muzeum - Dom Rodziny Pileckich w Ostrowi Mazowieckiej","operator":"Minister Kultury i Dziedzictwa Narodowego","operator:type":"government","source:tourism":"Wykaz Muzeów, wypis na dzień 2026-04-09"}}]}}]}}
{"type":"FeatureCollection","features":[{"type":"Feature","properties":{"addr:city":"Wałbrzych","addr:city:simc":"983681","addr:housenumber":"9","addr:postcode":"58-304","addr:street":"Szarych Szeregów","building":"public","name":"Muzeum Gross-Rosen w Rogoźnicy. Niemiecki nazistowski obóz koncentracyjny i zagłady (1940 - 1945)","source":"geoportal.gov.pl:ortofotomapa","tourism":"museum","operator":"Minister Kultury i Dziedzictwa Narodowego","operator:type":"government","source:tourism":"Wykaz Muzeów, wypis na dzień 2026-04-09","@id":"way/243270514"},"geometry":{"type":"Polygon","coordinates":[[[16.2344098,50.7970916],[16.2343289,50.7970774],[16.2342934,50.7971578],[16.2345199,50.7971978],[16.2346053,50.7970044],[16.2344596,50.7969787],[16.2344098,50.7970916]]]}}],"cooperativeWork":{"meta":{"version":2,"type":1},"operations":[{"operationType":"modifyElement","data":{"id":"way/243270514","operations":[{"operation":"setTags","data":{"name":"Muzeum Gross-Rosen w Rogoźnicy. Niemiecki nazistowski obóz koncentracyjny i zagłady (1940 - 1945)","operator":"Minister Kultury i Dziedzictwa Narodowego","operator:type":"government","source:tourism":"Wykaz Muzeów, wypis na dzień 2026-04-09"}}]}}]}}
{"type":"FeatureCollection","features":[{"type":"Feature","properties":{"addr:city":"Brzeg","addr:housenumber":"1","addr:postcode":"49-306","addr:street":"Plac Zamkowy","building":"yes","building:colour":"white","building:levels":"3","check_date":"2024-04-06","check_date:opening_hours":"2024-04-06","fee":"yes","fee:conditional":"no @ We 10:00-17:00","heritage":"2","heritage:operator":"nid","historic":"castle","name":"Muzeum Piastów Śląskich w Brzegu","name:en":"Brzeg Silesian Piasts' Castle","name:pl":"Zamek Piastów Śląskich","opening_hours":"Tu-Su 10:00-17:00; Mo off","owner":"Muzeum Piastów Śląskich","phone":"+48 77 401 91 05","ref:ckkp":"OP00056","roof:colour":"#E96B39","roof:levels":"1","roof:shape":"hipped","source":"http://sdi.opolskie.pl/mapa_bazowa/request.aspx;https://pl.wikipedia.org/wiki/Zamek_Piast%C3%B3w_%C5%9Al%C4%85skich_w_Brzegu","start_date":"1235","toilets":"yes","toilets:access":"customers","toilets:unisex":"yes","toilets:wheelchair":"no","tourism":"museum","website":"https://www.zamek.brzeg.pl/","wikidata":"Q9386548","wikipedia":"pl:Zamek Piastów Śląskich w Brzegu","operator":"Minister Kultury i Dziedzictwa Narodowego","operator:type":"government","source:tourism":"Wykaz Muzeów, wypis na dzień 2026-04-09","@id":"way/230535120"},"geometry":{"type":"Polygon","coordinates":[[[17.4665711,50.8635032],[17.4665749,50.8635034],[17.4665768,50.8635003],[17.466586,50.8635023],[17.4665847,50.8635052],[17.4665893,50.8635059],[17.4665883,50.8635081],[17.4666124,50.8635127],[17.4666133,50.8635106],[17.466618,50.8635113],[17.4666195,50.8635083],[17.466629,50.8635102],[17.4666276,50.8635132],[17.4666322,50.8635141],[17.4666313,50.863516],[17.4666574,50.8635234],[17.4666841,50.863531],[17.4666857,50.863529],[17.4666897,50.8635302],[17.4666918,50.8635274],[17.4667006,50.8635301],[17.4666985,50.8635327],[17.4667026,50.8635341],[17.4667014,50.8635358],[17.4667143,50.8635395],[17.4666669,50.8636114],[17.4672457,50.8637698],[17.4667711,50.8642328],[17.4666123,50.8641676],[17.4666359,50.8641487],[17.4665697,50.8641193],[17.4666213,50.8640697],[17.4666879,50.8640978],[17.4669391,50.8638535],[17.4668974,50.8638377],[17.4669001,50.8638344],[17.4668698,50.8638225],[17.4668984,50.8637949],[17.466584,50.8637061],[17.4665626,50.8637345],[17.4665187,50.8637212],[17.4664328,50.8636951],[17.4664587,50.8636692],[17.4663198,50.8636284],[17.4660969,50.8638752],[17.4661347,50.8638884],[17.4660889,50.8639384],[17.466077,50.8639491],[17.4659765,50.8639102],[17.4660197,50.8638628],[17.4659363,50.8638314],[17.4660748,50.8636819],[17.4660786,50.8636778],[17.4661085,50.8636889],[17.4661316,50.8636618],[17.4661726,50.8636197],[17.4662344,50.863551],[17.4662367,50.8635485],[17.4663969,50.8636061],[17.4664429,50.8635621],[17.4665711,50.8635032]]]}}],"cooperativeWork":{"meta":{"version":2,"type":1},"operations":[{"operationType":"modifyElement","data":{"id":"way/230535120","operations":[{"operation":"setTags","data":{"name":"Muzeum Piastów Śląskich w Brzegu","operator":"Minister Kultury i Dziedzictwa Narodowego","operator:type":"government","source:tourism":"Wykaz Muzeów, wypis na dzień 2026-04-09"}}]}}]}}
{"type":"FeatureCollection","features":[{"type":"Feature","properties":{"addr:city":"Łódź","addr:housenumber":"36","addr:postcode":"90-734","addr:street":"Pułkownika Doktora Stanisława Więckowskiego","building":"yes","building:levels":"4","name":"Muzeum Sztuki w Łodzi","ref:ckkp":"LD00823","source:addr":"EMUiA (emuia.geoportal.gov.pl)","tourism":"museum","website":"https://msl.org.pl/","wikidata":"Q1141934","wikipedia":"pl:Muzeum Sztuki w Łodzi","operator":"Minister Kultury i Dziedzictwa Narodowego","operator:type":"government","source:tourism":"Wykaz Muzeów, wypis na dzień 2026-04-09","@id":"way/104292250"},"geometry":{"type":"Polygon","coordinates":[[[19.4479044,51.7716393],[19.4478117,51.771617],[19.4475961,51.7715661],[19.4475012,51.7715434],[19.4473722,51.7715135],[19.447273,51.771491],[19.4472703,51.7714904],[19.4472837,51.7714661],[19.4473055,51.7714261],[19.4473148,51.7714283],[19.4473154,51.7714293],[19.4473202,51.7714303],[19.4473215,51.7714282],[19.4473281,51.7714299],[19.4473268,51.7714319],[19.4473455,51.7714365],[19.4473468,51.7714343],[19.4473536,51.771436],[19.4473526,51.771438],[19.4473578,51.7714392],[19.4473582,51.7714387],[19.4473672,51.7714407],[19.4473646,51.7714451],[19.447457,51.7714666],[19.4474591,51.7714619],[19.447511,51.7714745],[19.4475161,51.7714656],[19.4475247,51.7714679],[19.4475227,51.7714716],[19.4475452,51.7714765],[19.4475541,51.771462],[19.4475494,51.7714608],[19.4475506,51.7714564],[19.4475586,51.7714537],[19.4475608,51.7714563],[19.4475797,51.7714509],[19.4475768,51.7714488],[19.4475848,51.7714463],[19.4475937,51.7714484],[19.4475918,51.7714509],[19.4476113,51.7714556],[19.4476132,51.7714532],[19.447621,51.7714551],[19.4476248,51.7714596],[19.4476211,51.7714611],[19.4476285,51.7714731],[19.4476332,51.7714714],[19.4476357,51.7714762],[19.4476331,51.7714799],[19.447629,51.7714786],[19.4476196,51.7714936],[19.4476401,51.7714987],[19.4476426,51.771495],[19.4479599,51.7715692],[19.4479703,51.7715744],[19.4479678,51.771586],[19.4480275,51.7715906],[19.4480285,51.7715939],[19.4480369,51.7715992],[19.4480419,51.7715988],[19.4480345,51.7716209],[19.4480299,51.7716202],[19.4480176,51.7716279],[19.4480031,51.7716254],[19.447989,51.771675],[19.4479761,51.7716771],[19.4479704,51.7716886],[19.447968,51.7717013],[19.4479841,51.7717214],[19.4480779,51.7717308],[19.4480786,51.7717204],[19.4480892,51.7717156],[19.4481329,51.7717181],[19.448147,51.771725],[19.4481386,51.771768],[19.4482018,51.7717715],[19.4482079,51.7717303],[19.4482196,51.7717253],[19.4482419,51.7717254],[19.4484496,51.7717405],[19.4484154,51.7719219],[19.4478499,51.7718678],[19.44785,51.7718664],[19.4478824,51.7717318],[19.4479044,51.7716393]]]}}],"cooperativeWork":{"meta":{"version":2,"type":1},"operations":[{"operationType":"modifyElement","data":{"id":"way/104292250","operations":[{"operation":"setTags","data":{"name":"Muzeum Sztuki w Łodzi","operator":"Minister Kultury i Dziedzictwa Narodowego","operator:type":"government","source:tourism":"Wykaz Muzeów, wypis na dzień 2026-04-09"}}]}}]}}
{"type":"FeatureCollection","features":[{"type":"Feature","properties":{"addr:city":"Zakopane","addr:housenumber":"10","addr:postcode":"34-500","addr:street":"Krupówki","building":"public","building:levels":"3","fee":"yes","fee:conditional":"no @ Th","heritage":"2","heritage:operator":"nid","historic":"yes","image":"https://commons.wikimedia.org/wiki/File:Muzeum_Tatrza%C5%84skie%E2%80%9D,_Zakopane,_A-1130_M_05.jpg","name":"Muzeum Tatrzańskie im. dra Tytusa Chałubińskiego w Zakopanem","name:uk":"Музей Татр","opening_hours":"We-Su 10:00-18:00","operator":"Minister Kultury i Dziedzictwa Narodowego","operator:type":"government","ref:ckkp":"MA00757","ref:nid":"A-693","source":"emuia.gugik.gov.pl","tourism":"museum","website":"https://muzeumtatrzanskie.pl/filie/gmach-glowny-muzeum-tatrzanskiego/","wheelchair":"no","wikidata":"Q6619380","wikipedia":"pl:Muzeum Tatrzańskie im. dra Tytusa Chałubińskiego w Zakopanem","source:tourism":"Wykaz Muzeów, wypis na dzień 2026-04-09","@id":"way/263930273"},"geometry":{"type":"Polygon","coordinates":[[[19.9498413,49.2948975],[19.9498754,49.2949153],[19.9498689,49.2949206],[19.9498941,49.2949337],[19.9499005,49.2949284],[19.949935,49.2949464],[19.9499288,49.2949514],[19.9499458,49.2949603],[19.949952,49.2949553],[19.9499746,49.2949671],[19.9499684,49.2949721],[19.9499852,49.2949809],[19.9499914,49.2949758],[19.9500266,49.2949942],[19.95002,49.2949996],[19.9500426,49.2950114],[19.9500492,49.295006],[19.9500579,49.2950105],[19.9500653,49.2950045],[19.9500966,49.2950208],[19.9500909,49.2950255],[19.9501096,49.2950352],[19.9501153,49.2950306],[19.9501474,49.2950473],[19.9501094,49.2950783],[19.9501374,49.295093],[19.9501,49.2951236],[19.9500718,49.2951465],[19.9500428,49.2951313],[19.9500033,49.2951635],[19.9499248,49.2951226],[19.9499319,49.2951168],[19.9497126,49.2950024],[19.9498413,49.2948975]]]}}],"cooperativeWork":{"meta":{"version":2,"type":1},"operations":[{"operationType":"modifyElement","data":{"id":"way/263930273","operations":[{"operation":"setTags","data":{"name":"Muzeum Tatrzańskie im. dra Tytusa Chałubińskiego w Zakopanem","operator":"Minister Kultury i Dziedzictwa Narodowego","operator:type":"government","source:tourism":"Wykaz Muzeów, wypis na dzień 2026-04-09"}}]}}]}}
{"type":"FeatureCollection","features":[{"type":"Feature","properties":{"addr:city":"Dęblin","addr:housenumber":"12","addr:postcode":"08-530","addr:street":"Lotników Polskich","building":"yes","fee":"yes","museum":"aerospace","name":"Muzeum Sił Powietrznych w Dęblinie","name:en":"Air Forces Museum","name:hr":"Muzej Zračnih Snaga","opening_hours":"Sep-Mar Tu-Su 09:00-16:00; Apr-Aug Tu-Th 09:00-17:00; Sa-Su 10:00-18:00","operator":"Minister Obrony Narodowej","operator:type":"government","phone":"48261519462","toilets":"yes","tourism":"museum","website":"https://www.muzeumsp.pl/","wikidata":"Q11787205","wikipedia":"pl:Muzeum Sił Powietrznych w Dęblinie","source:tourism":"Wykaz Muzeów, wypis na dzień 2026-04-09","@id":"way/354859750"},"geometry":{"type":"Polygon","coordinates":[[[21.863052,51.5593779],[21.8631813,51.5594217],[21.8636772,51.5595895],[21.8637591,51.5596169],[21.8637846,51.5596254],[21.8638152,51.5596308],[21.8638484,51.5596312],[21.8638851,51.559625],[21.8639117,51.559615],[21.8639329,51.559602],[21.8639534,51.5595845],[21.8639932,51.5595445],[21.8642079,51.559296],[21.8640665,51.5592478],[21.863848,51.559499],[21.8631514,51.5592636],[21.8631062,51.5593156],[21.86306,51.5593687],[21.863052,51.5593779]]]}}],"cooperativeWork":{"meta":{"version":2,"type":1},"operations":[{"operationType":"modifyElement","data":{"id":"way/354859750","operations":[{"operation":"setTags","data":{"name":"Muzeum Sił Powietrznych w Dęblinie","operator":"Minister Obrony Narodowej","source:tourism":"Wykaz Muzeów, wypis na dzień 2026-04-09"}}]}}]}}
{"type":"FeatureCollection","features":[{"type":"Feature","properties":{"addr:city":"Sztutowo","addr:housenumber":"6","addr:postcode":"82-110","addr:street":"Muzealna","barrier":"fence","contact:facebook":"https://www.facebook.com/Stutthof/","email":"sekretariat@stutthof.org","fee":"no","historic":"yes","mobile":"+48 798 418 024","museum":"history","name":"Muzeum Stutthof w Sztutowie. Niemiecki nazistowski obóz koncentracyjny i zagłady (1939-1945)","name:da":"Stutthof","name:de":"Museum Stutthof","name:en":"Stutthof Museum","opening_hours":"Jul-Aug: 09:00-17:00; 08:00-15:00","source:addr":"sztutowo.e-mapa.net","start_date":"1962-03-12","toilets":"yes","tourism":"museum","website":"https://stutthof.org/","wikidata":"Q326193","wikipedia":"en:Stutthof concentration camp","operator":"Minister Kultury i Dziedzictwa Narodowego","operator:type":"government","source:tourism":"Wykaz Muzeów, wypis na dzień 2026-04-09","@id":"way/143872002"},"geometry":{"type":"Polygon","coordinates":[[[19.1531437,54.3271276],[19.1541052,54.326964],[19.1568736,54.326756],[19.1575871,54.3276743],[19.1576569,54.3278848],[19.1576648,54.3279085],[19.1617681,54.3283762],[19.1613837,54.3295779],[19.1611887,54.3301431],[19.1606653,54.3317946],[19.1595014,54.3316851],[19.1592537,54.332465],[19.1579963,54.3323433],[19.1582534,54.3313716],[19.1571276,54.3312576],[19.1538847,54.3309305],[19.1537059,54.3309125],[19.1535944,54.3313241],[19.1512826,54.3312483],[19.1512038,54.3304999],[19.1539733,54.330508],[19.1544105,54.3289582],[19.1544256,54.3289014],[19.1542821,54.328885],[19.1538228,54.3281869],[19.153774,54.3281128],[19.1532163,54.3272893],[19.1531437,54.3271276]]]}}],"cooperativeWork":{"meta":{"version":2,"type":1},"operations":[{"operationType":"modifyElement","data":{"id":"way/143872002","operations":[{"operation":"setTags","data":{"name":"Muzeum Stutthof w Sztutowie. Niemiecki nazistowski obóz koncentracyjny i zagłady (1939-1945)","operator":"Minister Kultury i Dziedzictwa Narodowego","operator:type":"government","source:tourism":"Wykaz Muzeów, wypis na dzień 2026-04-09"}}]}}]}}
{"type":"FeatureCollection","features":[{"type":"Feature","properties":{"addr:city":"Starogard Gdański","addr:housenumber":"2","addr:postcode":"83-200","addr:street":"Boczna","building":"yes","check_date":"2024-05-31","fee":"yes","name":"Kociewskie Muzeum Motoryzacji i Przemysłu w Starogardzie Gdańskim","source:addr":"SIP Staarogardu Gdańskiego, stg.procad.pl","source:geometry":"webewid.powiatstarogard.pl","tourism":"museum","operator":"Zbigniew Pielecki, Michał Pielecki, Paweł Pielecki","operator:type":"private","source:tourism":"Wykaz Muzeów, wypis na dzień 2026-04-09","@id":"way/312333124"},"geometry":{"type":"Polygon","coordinates":[[[18.530866,53.9685144],[18.5308407,53.9684667],[18.5310216,53.9684416],[18.5311826,53.9684293],[18.5311886,53.9684806],[18.5310444,53.968493],[18.530866,53.9685144]]]}}],"cooperativeWork":{"meta":{"version":2,"type":1},"operations":[{"operationType":"modifyElement","data":{"id":"way/312333124","operations":[{"operation":"setTags","data":{"name":"Kociewskie Muzeum Motoryzacji i Przemysłu w Starogardzie Gdańskim","operator":"Zbigniew Pielecki, Michał Pielecki, Paweł Pielecki","operator:type":"private","source:tourism":"Wykaz Muzeów, wypis na dzień 2026-04-09"}}]}}]}}
{"type":"FeatureCollection","features":[{"type":"Feature","properties":{"addr:city":"Nowa Dęba","addr:housenumber":"1C","addr:postcode":"39-460","addr:street":"Wojska Polskiego","building":"yes","name":"Muzeum Bombek Choinkowych w Nowej Dębie","source:addr":"EMUiA (emuia.geoportal.gov.pl)","tourism":"museum","operator":"Janusz Biliński","operator:type":"private","source:tourism":"Wykaz Muzeów, wypis na dzień 2026-04-09","@id":"way/360867327"},"geometry":{"type":"Polygon","coordinates":[[[21.7522369,50.430329],[21.7522042,50.4302129],[21.7521447,50.4300018],[21.7522512,50.4299901],[21.7524949,50.4299632],[21.752504,50.4299994],[21.7526409,50.4299877],[21.7527055,50.4302317],[21.7526373,50.4302391],[21.7526507,50.4302829],[21.7522369,50.430329]]]}}],"cooperativeWork":{"meta":{"version":2,"type":1},"operations":[{"operationType":"modifyElement","data":{"id":"way/360867327","operations":[{"operation":"setTags","data":{"name":"Muzeum Bombek Choinkowych w Nowej Dębie","operator":"Janusz Biliński","operator:type":"private","source:tourism":"Wykaz Muzeów, wypis na dzień 2026-04-09"}}]}}]}}
{"type":"FeatureCollection","features":[{"type":"Feature","properties":{"addr:city":"Lipce Reymontowskie","addr:housenumber":"22","addr:postcode":"96-127","addr:street":"Władysława Reymonta","name":"Muzeum Czynu Zbrojnego w Lipcach Reymontowskich","tourism":"museum","operator":"Jerzy Murgrabia","operator:type":"private","source:tourism":"Wykaz Muzeów, wypis na dzień 2026-04-09","@id":"way/1408451732"},"geometry":{"type":"Polygon","coordinates":[[[19.9418616,51.8985652],[19.941884,51.8986846],[19.9419239,51.8987502],[19.9421999,51.8987319],[19.9428374,51.8986897],[19.9428488,51.898689],[19.9428141,51.8984962],[19.9428018,51.8984971],[19.9419981,51.8985553],[19.9418822,51.8985637],[19.9418616,51.8985652]]]}}],"cooperativeWork":{"meta":{"version":2,"type":1},"operations":[{"operationType":"modifyElement","data":{"id":"way/1408451732","operations":[{"operation":"setTags","data":{"name":"Muzeum Czynu Zbrojnego w Lipcach Reymontowskich","operator":"Jerzy Murgrabia","operator:type":"private","source:tourism":"Wykaz Muzeów, wypis na dzień 2026-04-09"}}]}}]}}
{"type":"FeatureCollection","features":[{"type":"Feature","properties":{"addr:city":"Żywiec","addr:housenumber":"4","addr:postcode":"34-300","addr:street":"Zamkowa","building":"yes","heritage":"2","heritage:operator":"nid","historic":"castle","name":"Muzeum Czynu Zbrojnego Żywiecczyzny w Żywcu","ref:nid":"A-486/86","tourism":"museum","wikidata":"Q11793951","wikipedia":"pl:Nowy Zamek w Żywcu","operator":"Artur Caputa","operator:type":"private","source:tourism":"Wykaz Muzeów, wypis na dzień 2026-04-09","@id":"way/240437724"},"geometry":{"type":"Polygon","coordinates":[[[19.2007783,49.6877497],[19.2006848,49.687768],[19.2006223,49.6876378],[19.2007161,49.6876191],[19.2006514,49.6874837],[19.2006436,49.6874854],[19.2006219,49.6874392],[19.2006299,49.6874376],[19.2005909,49.6873551],[19.1999471,49.6875638],[19.1998746,49.6874649],[19.2002928,49.6873294],[19.2002788,49.6873146],[19.2002884,49.6873112],[19.200268,49.6872855],[19.2004128,49.6872382],[19.2004346,49.687264],[19.2004437,49.6872615],[19.2004558,49.6872773],[19.200739,49.6871857],[19.2007463,49.6871949],[19.2008122,49.6871724],[19.2008042,49.6871646],[19.2009042,49.687132],[19.2011305,49.6870587],[19.2011439,49.6870777],[19.2011751,49.6870683],[19.2011836,49.6870673],[19.2011961,49.687071],[19.2012264,49.6871088],[19.2012253,49.6871169],[19.201217,49.6871223],[19.2011856,49.6871319],[19.2012047,49.6871566],[19.2009341,49.6872448],[19.2009374,49.6872489],[19.2009172,49.6872559],[19.2009135,49.6872514],[19.2007741,49.6872968],[19.2007745,49.6873054],[19.2008194,49.6873949],[19.200835,49.6874266],[19.2009324,49.6876332],[19.2011278,49.6880399],[19.2010782,49.6880495],[19.2009305,49.6880778],[19.2008641,49.6879313],[19.2008561,49.6879329],[19.2008341,49.6878877],[19.200842,49.6878858],[19.2007783,49.6877497]]]}}],"cooperativeWork":{"meta":{"version":2,"type":1},"operations":[{"operationType":"modifyElement","data":{"id":"way/240437724","operations":[{"operation":"setTags","data":{"name":"Muzeum Czynu Zbrojnego Żywiecczyzny w Żywcu","operator":"Artur Caputa","operator:type":"private","source:tourism":"Wykaz Muzeów, wypis na dzień 2026-04-09"}}]}}]}}
{"type":"FeatureCollection","features":[{"type":"Feature","properties":{"addr:city":"Szczecin","addr:city:simc":"977976","addr:housenumber":"1","addr:postcode":"70-655","addr:street":"Nad Duńczycą","building":"public","building:levels":"4","building:usage:pl":"budynek muzeum i biblioteki","email":"info@centrumnauki.eu","fee":"yes","height":"18","name":"Muzeum Dziedzictwa Kulturowego","opening_hours":"Tu-Fr 09:00-17:00; Sa,Su 10:00-18:00; Mo off","operator":"Wojciech Lizak","phone":"+48 574 980 190","ref:ckkp":"ZP00403","source":"MODGiK Szczecin","source:addr":"gugik.gov.pl","tourism":"museum","website":"https://centrumnauki.eu/","wikidata":"Q97276903","wikipedia":"pl:Morskie Centrum Nauki im. prof. Jerzego Stelmacha w Szczecinie","operator:type":"private","source:tourism":"Wykaz Muzeów, wypis na dzień 2026-04-09","@id":"way/752670236"},"geometry":{"type":"Polygon","coordinates":[[[14.5677727,53.4259331],[14.5677918,53.4259116],[14.5683528,53.4261094],[14.5684304,53.4260223],[14.5685189,53.4260246],[14.5685225,53.4260204],[14.5685522,53.4260297],[14.5686347,53.4259363],[14.5686036,53.4259266],[14.5686096,53.4259197],[14.5683735,53.4258457],[14.5683677,53.4258522],[14.5680752,53.4257601],[14.5680634,53.4257734],[14.5679621,53.4257217],[14.5679658,53.4257175],[14.5673016,53.4255074],[14.5672257,53.4255639],[14.5671445,53.4256242],[14.5672452,53.425711],[14.5677727,53.4259331]]]}}],"cooperativeWork":{"meta":{"version":2,"type":1},"operations":[{"operationType":"modifyElement","data":{"id":"way/752670236","operations":[{"operation":"setTags","data":{"name":"Muzeum Dziedzictwa Kulturowego","operator":"Wojciech Lizak","operator:type":"private","source:tourism":"Wykaz Muzeów, wypis na dzień 2026-04-09"}}]}}]}}
{"type":"FeatureCollection","features":[{"type":"Feature","properties":{"addr:city":"Poznań","addr:city:simc":"969400","addr:housenumber":"11","addr:postcode":"60-603","addr:street":"Aleja Wielkopolska","building":"yes","building:levels":"2","name":"Muzeum Humoru i Absurdu w Poznaniu","source:addr":"EMUiA (emuia.geoportal.gov.pl)","tourism":"museum","website":"http://www.nowowiejski.pl/","wikidata":"Q9332988","wikipedia":"pl:Salon Muzyczny-Muzeum Feliksa Nowowiejskiego w Poznaniu","operator":"Malwina Łukowska","operator:type":"private","source:tourism":"Wykaz Muzeów, wypis na dzień 2026-04-09","@id":"way/244668634"},"geometry":{"type":"Polygon","coordinates":[[[16.9173411,52.416487],[16.9173377,52.416482],[16.9172887,52.4164945],[16.9173206,52.4165409],[16.9173684,52.4165287],[16.9174051,52.416582],[16.9174746,52.4165642],[16.9174783,52.4165695],[16.9174892,52.4165667],[16.9175301,52.4165562],[16.9175263,52.4165507],[16.9175963,52.4165328],[16.9175313,52.4164384],[16.9174674,52.4164548],[16.9174435,52.4164485],[16.9174122,52.4164564],[16.9174028,52.4164715],[16.9173411,52.416487]]]}}],"cooperativeWork":{"meta":{"version":2,"type":1},"operations":[{"operationType":"modifyElement","data":{"id":"way/244668634","operations":[{"operation":"setTags","data":{"name":"Muzeum Humoru i Absurdu w Poznaniu","operator":"Malwina Łukowska","operator:type":"private","source:tourism":"Wykaz Muzeów, wypis na dzień 2026-04-09"}}]}}]}}
{"type":"FeatureCollection","features":[{"type":"Feature","properties":{"addr:city":"Pilzno","addr:city:simc":"982345","addr:housenumber":"24","addr:postcode":"39-220","addr:street":"Grodzka","alt_name":"Muzeum Lalek w Pilźnie","building":"yes","email":"info@muzeumlalek.pl","image":"http://www.muzeumlalek.pl/pilzno/zdjecia/mona.jpg","name":"Muzeum Lalek w Pilźnie","opening_hours":"Mo-Fr 08:00-16:00","phone":"+48 14 672 13 21","source:addr":"emuia.gugik.gov.pl","start_date":"1981","tourism":"museum","website":"http://www.muzeumlalek.pl/","wikidata":"Q16474421","wikipedia":"pl:Muzeum Lalek w Pilźnie","operator":"Zofia Gągała-Bohaczyk","operator:type":"private","source:tourism":"Wykaz Muzeów, wypis na dzień 2026-04-09","@id":"way/268380521"},"geometry":{"type":"Polygon","coordinates":[[[21.291652,49.976823],[21.291595,49.9767291],[21.291644,49.9767168],[21.291635,49.976702],[21.2916792,49.9766909],[21.2916884,49.976706],[21.2917142,49.9766995],[21.291771,49.9767931],[21.291652,49.976823]]]}}],"cooperativeWork":{"meta":{"version":2,"type":1},"operations":[{"operationType":"modifyElement","data":{"id":"way/268380521","operations":[{"operation":"setTags","data":{"name":"Muzeum Lalek w Pilźnie","operator":"Zofia Gągała-Bohaczyk","operator:type":"private","source:tourism":"Wykaz Muzeów, wypis na dzień 2026-04-09"}}]}}]}}
{"type":"FeatureCollection","features":[{"type":"Feature","properties":{"addr:city":"Szklarska Poręba","addr:housenumber":"20","addr:postcode":"58-580","addr:street":"Jana Kilińskiego","building":"yes","building:levels":"2","historic":"yes","name":"Muzeum Mineralogiczne ze zbiorów Renaty Sokołowskiej w Szklarskiej Porębie","opening_hours":"Jan-Feb: Mo-Su 10:00-18:00; Mar-May: Mo off, Tu-Su 10:00-18:00; Jun-Aug: Mo-Su 10:00-18:00; Aug-Dec: Mo off, Tu-Su 10:00-18:00","source:addr":"szklarskaporeba.e-mapa.net","source:building":"BDOT","tourism":"museum","website":"http://www.sokolowski-muzea.pl/","wikidata":"Q17155408","wikipedia":"pl:Muzeum Mineralogiczne w Szklarskiej Porębie","operator":"Renata Sokołowska","operator:type":"private","source:tourism":"Wykaz Muzeów, wypis na dzień 2026-04-09","@id":"way/298827238"},"geometry":{"type":"Polygon","coordinates":[[[15.5259582,50.8171358],[15.5259837,50.8171634],[15.5259527,50.8171743],[15.5260158,50.8172412],[15.5260581,50.8172259],[15.5260739,50.8172431],[15.5261461,50.8172152],[15.526147,50.817217],[15.526168,50.8172205],[15.5261864,50.8172139],[15.5261917,50.8172003],[15.5261808,50.8171892],[15.526159,50.8171851],[15.5261152,50.8171392],[15.5261264,50.8171345],[15.5260861,50.817088],[15.5260202,50.8171128],[15.5260102,50.8171036],[15.525977,50.8171162],[15.5259846,50.8171257],[15.5259582,50.8171358]]]}}],"cooperativeWork":{"meta":{"version":2,"type":1},"operations":[{"operationType":"modifyElement","data":{"id":"way/298827238","operations":[{"operation":"setTags","data":{"name":"Muzeum Mineralogiczne ze zbiorów Renaty Sokołowskiej w Szklarskiej Porębie","operator":"Renata Sokołowska","operator:type":"private","source:tourism":"Wykaz Muzeów, wypis na dzień 2026-04-09"}}]}}]}}
{"type":"FeatureCollection","features":[{"type":"Feature","properties":{"addr:city":"Wschowa","addr:housenumber":"3","addr:postcode":"67-400","addr:street":"Plac Farny","building":"yes","image":"https://photos.app.goo.gl/5WuN3BjQNZamtxnV8","museum":"local","name":"Muzeum Operacji i Działań Specjalnych","name:en":"The Wschowa Land Museum in Jesuit Residence","tourism":"museum","url":"https://fotopolska.eu/Plac_Farny_3_Wschowa?map_z=19","url:0":"https://polska-org.pl/4934659,Wschowa,Muzeum_Ziemi_Wschowskiej_i_Biblioteka_Miejska.html","website":"https://muzeum.wschowa.pl/siedziby/kolegium-jezuickie/","operator":"Piotr Makała","operator:type":"private","source:tourism":"Wykaz Muzeów, wypis na dzień 2026-04-09","@id":"way/1311757881"},"geometry":{"type":"Polygon","coordinates":[[[16.3151984,51.8048614],[16.3152863,51.8048053],[16.3154658,51.8048991],[16.3153247,51.8050604],[16.3151935,51.8050015],[16.3152957,51.8049162],[16.3151984,51.8048614]]]}}],"cooperativeWork":{"meta":{"version":2,"type":1},"operations":[{"operationType":"modifyElement","data":{"id":"way/1311757881","operations":[{"operation":"setTags","data":{"name":"Muzeum Operacji i Działań Specjalnych","operator":"Piotr Makała","operator:type":"private","source:tourism":"Wykaz Muzeów, wypis na dzień 2026-04-09"}}]}}]}}
{"type":"FeatureCollection","features":[{"type":"Feature","properties":{"addr:city":"Busko-Zdrój","addr:city:simc":"946651","addr:housenumber":"24","addr:postcode":"28-100","addr:street":"Stefana Żeromskiego","addr:street:sym_ul":"26469","building":"yes","museum":"military","name":"Muzeum Techniki Wojskowej i Obrony Przeciwlotniczej w Busku - Zdroju","opening_hours":"Mo-Sa 09:00-17:00","source:addr":"buskozdroj.e-mapa.net","tourism":"museum","operator":"Zbigniew Wach","operator:type":"private","source:tourism":"Wykaz Muzeów, wypis na dzień 2026-04-09","@id":"way/354659116"},"geometry":{"type":"Polygon","coordinates":[[[20.7125397,50.4749822],[20.7125435,50.4748868],[20.7127805,50.4748929],[20.7127768,50.4749861],[20.7125397,50.4749822]]]}}],"cooperativeWork":{"meta":{"version":2,"type":1},"operations":[{"operationType":"modifyElement","data":{"id":"way/354659116","operations":[{"operation":"setTags","data":{"name":"Muzeum Techniki Wojskowej i Obrony Przeciwlotniczej w Busku - Zdroju","operator":"Zbigniew Wach","operator:type":"private","source:tourism":"Wykaz Muzeów, wypis na dzień 2026-04-09"}}]}}]}}
{"type":"FeatureCollection","features":[{"type":"Feature","properties":{"addr:city":"Kępno","addr:city:simc":"936871","addr:housenumber":"2","addr:postcode":"63-600","addr:street":"Ratuszowa","addr:street:sym_ul":"18489","building":"yes","contact:facebook":"https://www.facebook.com/muzeumziemikepinskiej","email":"muzeum@muzeumkepno.pl","mobile":"+48 791 329 646","museum":"history","name":"Muzeum Wiosna 1812 w Olszowej","opening_hours":"Tu-Fr 10:00-16:00","source":"https://zabytek.pl/pl/obiekty/zabytek?rejestr=rejestr-zabytkow&inspire_id=PL.1.9.ZIPOZ.NID_N_30_BK.157148;https://pl.wikipedia.org/wiki/Muzeum_Ziemi_K%C4%99pi%C5%84skiej","source:addr":"kepno.e-mapa.net","start_date":"1846","tourism":"museum","website":"https://www.muzeumkepno.pl/","wikidata":"Q32981498","operator":"Piotr Kowalewski","operator:type":"private","source:tourism":"Wykaz Muzeów, wypis na dzień 2026-04-09","@id":"way/160269048"},"geometry":{"type":"Polygon","coordinates":[[[17.9874251,51.2789511],[17.9873633,51.2788097],[17.9876292,51.2787642],[17.9876911,51.2789056],[17.9874251,51.2789511]]]}}],"cooperativeWork":{"meta":{"version":2,"type":1},"operations":[{"operationType":"modifyElement","data":{"id":"way/160269048","operations":[{"operation":"setTags","data":{"name":"Muzeum Wiosna 1812 w Olszowej","operator":"Piotr Kowalewski","operator:type":"private","source:tourism":"Wykaz Muzeów, wypis na dzień 2026-04-09"}}]}}]}}
{"type":"FeatureCollection","features":[{"type":"Feature","properties":{"addr:city":"Warszawa","addr:housenumber":"84","addr:postcode":"02-749","addr:street":"Przy Grobli","building":"commercial","building:levels":"1","fee":"no","height":"6","name":"Prywatne Muzeum Kowalstwa w Warszawie","tourism":"museum","website":"https://www.muzeumkowalstwa.pl/","wikidata":"Q1425940","wikipedia":"pl:Muzeum Kowalstwa w Warszawie","operator":"Kamil Gałecki","operator:type":"private","source:tourism":"Wykaz Muzeów, wypis na dzień 2026-04-09","@id":"way/125826754"},"geometry":{"type":"Polygon","coordinates":[[[21.0462911,52.1742626],[21.0463363,52.1742191],[21.0462645,52.174191],[21.0462193,52.1742345],[21.0462911,52.1742626]]]}}],"cooperativeWork":{"meta":{"version":2,"type":1},"operations":[{"operationType":"modifyElement","data":{"id":"way/125826754","operations":[{"operation":"setTags","data":{"name":"Prywatne Muzeum Kowalstwa w Warszawie","operator":"Kamil Gałecki","operator:type":"private","source:tourism":"Wykaz Muzeów, wypis na dzień 2026-04-09"}}]}}]}}
{"type":"FeatureCollection","features":[{"type":"Feature","properties":{"addr:city":"Alwernia","addr:housenumber":"10","addr:postcode":"32-566","addr:street":"Krzysztofa Korycińskiego","building":"yes","museum":"history","name":"Małopolskie Muzeum Pożarnictwa im. Z. Gęsikowskiego w Alwerni","opening_hours":"Mo-Sa 09:00-15:00","operator":"Ochotnicza Straż Pożarna w Alwerni","tourism":"museum","operator:type":"ngo","source:tourism":"Wykaz Muzeów, wypis na dzień 2026-04-09","@id":"way/1161742332"},"geometry":{"type":"Polygon","coordinates":[[[19.5364952,50.069285],[19.5365028,50.0692227],[19.5366089,50.069228],[19.5366014,50.0692903],[19.5364952,50.069285]]]}}],"cooperativeWork":{"meta":{"version":2,"type":1},"operations":[{"operationType":"modifyElement","data":{"id":"way/1161742332","operations":[{"operation":"setTags","data":{"name":"Małopolskie Muzeum Pożarnictwa im. Z. Gęsikowskiego w Alwerni","operator":"Ochotnicza Straż Pożarna w Alwerni","operator:type":"ngo","source:tourism":"Wykaz Muzeów, wypis na dzień 2026-04-09"}}]}}]}}
{"type":"FeatureCollection","features":[{"type":"Feature","properties":{"addr:city":"Świnoujście","addr:city:simc":"979722","addr:housenumber":"1","addr:postcode":"72-600","addr:street":"plac Rybaka","addr:street:sym_ul":"19147","alt_name":"Muzeum Rybołówstwa Morskiego w Świnoujściu","building":"public","building:fireproof":"yes","building:levels":"2","building:levels:underground":"0","building:usage:pl":"budynek muzeum i biblioteki","email":"muzeum@fornet.com.pl","fee":"yes","name":"Muzeum Historii Twierdzy Świnoujście","name:de":"Fischereimuseum Swinemünde","opening_hours":"Jan-May: Tu-Su 09:00-17:00; Jun: Mo-Su 09:00-17:00; Jul-Aug: Mo-Fr 09:00-20:00; Sa-Su 09:00-17:00; Sep: Mo-Su 09:00-17:00; Oct-Dec Tu-Su 09:00-17:00","phone":"+48 91 321 24 26","roof:levels":"1","roof:shape":"gabled","source":"UM Świnoujście","tourism":"museum","website":"https://muzeum.swi.pl/","wheelchair":"no","operator":"Stowarzyszenie Miłośników Fortów w Świnoujściu Reduta","operator:type":"ngo","source:tourism":"Wykaz Muzeów, wypis na dzień 2026-04-09","@id":"way/293800754"},"geometry":{"type":"Polygon","coordinates":[[[14.2521457,53.9078545],[14.2517457,53.9079554],[14.2518244,53.9080648],[14.2518427,53.9080602],[14.2519802,53.9080255],[14.2519829,53.908029],[14.2520269,53.9080178],[14.252071,53.9080065],[14.2520699,53.9080026],[14.2522236,53.9079641],[14.2521457,53.9078545]]]}}],"cooperativeWork":{"meta":{"version":2,"type":1},"operations":[{"operationType":"modifyElement","data":{"id":"way/293800754","operations":[{"operation":"setTags","data":{"name":"Muzeum Historii Twierdzy Świnoujście","operator":"Stowarzyszenie Miłośników Fortów w Świnoujściu Reduta","operator:type":"ngo","source:tourism":"Wykaz Muzeów, wypis na dzień 2026-04-09"}}]}}]}}
{"type":"FeatureCollection","features":[{"type":"Feature","properties":{"addr:city":"Police","addr:housenumber":"31","addr:last_update":"2010-12-03 14:33:31","addr:street":"Spółdzielcza","building":"bunker","building:levels":"1","name":"Muzeum Historyczne Skarb w Policach","source":"Gmina Police","tourism":"museum","website":"https://skarbpolice.pl/","wikidata":"Q19401267","wikipedia":"pl:Muzeum Historyczne „Skarb” w Policach","addr:postcode":"72-010","operator":"Stowarzyszenie Przyjaciół Ziemi Polickiej Skarb z siedzibą w Policach","operator:type":"ngo","source:tourism":"Wykaz Muzeów, wypis na dzień 2026-04-09","@id":"way/181601280"},"geometry":{"type":"Polygon","coordinates":[[[14.541809,53.5535627],[14.5418437,53.5535892],[14.5417606,53.5536274],[14.5416082,53.5535118],[14.541691,53.5534733],[14.5417259,53.5534998],[14.5422929,53.5532347],[14.5422591,53.5532089],[14.5423425,53.5531701],[14.5424946,53.553286],[14.5424116,53.5533248],[14.5423773,53.5532986],[14.541809,53.5535627]]]}}],"cooperativeWork":{"meta":{"version":2,"type":1},"operations":[{"operationType":"modifyElement","data":{"id":"way/181601280","operations":[{"operation":"setTags","data":{"name":"Muzeum Historyczne Skarb w Policach","addr:postcode":"72-010","operator":"Stowarzyszenie Przyjaciół Ziemi Polickiej Skarb z siedzibą w Policach","operator:type":"ngo","source:tourism":"Wykaz Muzeów, wypis na dzień 2026-04-09"}}]}}]}}
{"type":"FeatureCollection","features":[{"type":"Feature","properties":{"addr:city":"Jarocin","addr:city:simc":"936776","addr:housenumber":"1","addr:postcode":"63-200","addr:street":"Rynek","building":"office","heritage":"2","heritage:operator":"nid","name":"Muzeum Parowozownia Jarocin w Jarocinie","name:de":"Rathaus","name:pl":"Ratusz","ref:nid":"10/64","source":"zVID & Bing","source:addr":"EMUiA@iMPA (jarocin.e-mapa.net)","tourism":"museum","website":"https://www.muzeumjarocin.pl/","wikidata":"Q11833856","wikipedia":"pl:Ratusz w Jarocinie","operator":"Towarzystwo Kolei Wielkopolskiej z siedzibą w Jarocinie","operator:type":"ngo","source:tourism":"Wykaz Muzeów, wypis na dzień 2026-04-09","@id":"way/236556469"},"geometry":{"type":"Polygon","coordinates":[[[17.50153,51.9725002],[17.5017892,51.9723051],[17.5014742,51.9721467],[17.5012118,51.9723386],[17.50153,51.9725002]]]}}],"cooperativeWork":{"meta":{"version":2,"type":1},"operations":[{"operationType":"modifyElement","data":{"id":"way/236556469","operations":[{"operation":"setTags","data":{"name":"Muzeum Parowozownia Jarocin w Jarocinie","operator":"Towarzystwo Kolei Wielkopolskiej z siedzibą w Jarocinie","operator:type":"ngo","source:tourism":"Wykaz Muzeów, wypis na dzień 2026-04-09"}},{"operation":"unsetTags","data":["amenity"]}]}}]}}
{"type":"FeatureCollection","features":[{"type":"Feature","properties":{"addr:city":"Zakopane","addr:housenumber":"6","addr:street":"Droga do Rojów","alt_name":"Chałupa Łukaszczyka","building":"public","fee":"yes","fee:conditional":"no @ Th","heritage":"2","heritage:operator":"nid","historic":"yes","image":"https://commons.wikimedia.org/wiki/File:Zakopane_Droga-do_Rojow_6_dom_drewniany_02_A-1100_M.JPG","name":"Muzeum Pod Kuźniczym Młotem","opening_hours":"Mo-Su 09:00-17:00; Fr-Sa 11:00-19:00; Tu off","operator":"Zakopiańska Fundacja Narodowa Skansen","operator:type":"ngo","ref:nid":"137/V-114/13/57","source":"emuia.gugik.gov.pl","start_date":"~1830","tourism":"museum","website":"https://muzeumtatrzanskie.pl/filie/chalupa-gasienicow-sobczakow/","addr:postcode":"34-500","source:tourism":"Wykaz Muzeów, wypis na dzień 2026-04-09","@id":"way/291814334"},"geometry":{"type":"Polygon","coordinates":[[[19.9368824,49.2919192],[19.936868,49.2919915],[19.9370405,49.2920062],[19.9370549,49.2919338],[19.9369891,49.2919282],[19.9369919,49.2919142],[19.9369534,49.2919109],[19.9369506,49.291925],[19.9368824,49.2919192]]]}}],"cooperativeWork":{"meta":{"version":2,"type":1},"operations":[{"operationType":"modifyElement","data":{"id":"way/291814334","operations":[{"operation":"setTags","data":{"name":"Muzeum Pod Kuźniczym Młotem","operator":"Zakopiańska Fundacja Narodowa Skansen","operator:type":"ngo","addr:postcode":"34-500","source:tourism":"Wykaz Muzeów, wypis na dzień 2026-04-09"}}]}}]}}
{"type":"FeatureCollection","features":[{"type":"Feature","properties":{"addr:city":"Wałbrzych","addr:housenumber":"29","addr:postcode":"58-304","addr:street":"Piotra Wysockiego","building":"yes","contact:facebook":"https://www.facebook.com/starakopalnia/","description":"http://openpoimap.org/?map=various&zoom=18&lat=50.77194&lon=16.26086&layers=B00FFFFFFFFFFFFFTFFFFFF","image":"https://photos.app.goo.gl/2s79JQZQHJ3pEqxa6","name":"Muzeum Przemysłu i Techniki w Wałbrzychu","phone":"+48 74 667 09 70","source:addr":"EMUiA (emuia.gugik.gov.pl)","tourism":"museum","url":"https://youtu.be/oCzARb6nx9s","url:0":"https://polska-org.pl/3209177,Walbrzych,Walbrzyski_Osrodek_Kultury_Stara_Kopalnia.html","url:1":"https://fotopolska.eu/Park_Wielokulturowy_Stara_Kopalnia_Walbrzyski_Osrodek_Kultury?map_z=18","website":"https://starakopalnia.pl/","wheelchair":"yes","operator":"Samorządowa instytucja kultury pn. Park Wielokulturowy – Stara Kopalnia w Wałbrzychu, dla której organizatorem jest Gmina Wałbrzych","operator:type":"ngo","source:tourism":"Wykaz Muzeów, wypis na dzień 2026-04-09","@id":"way/405633904"},"geometry":{"type":"Polygon","coordinates":[[[16.2613918,50.7721672],[16.2614592,50.7722005],[16.2614597,50.772204],[16.2616357,50.7722852],[16.2616415,50.7722882],[16.2616491,50.7722881],[16.2617514,50.7723359],[16.2617744,50.7723174],[16.2617626,50.7723115],[16.2617794,50.7722984],[16.2617824,50.7722993],[16.2617884,50.7722946],[16.2618099,50.772305],[16.2618078,50.7723068],[16.2618367,50.7723207],[16.2618396,50.7723183],[16.2618783,50.7723386],[16.2618805,50.7723367],[16.2618876,50.7723399],[16.2618065,50.7724107],[16.2618115,50.7724136],[16.261743,50.772475],[16.261748,50.7724779],[16.2616154,50.7725912],[16.2616112,50.7725898],[16.2616048,50.7725951],[16.2616116,50.7725978],[16.2616086,50.7726005],[16.261602,50.7725978],[16.2615849,50.7726115],[16.261593,50.7726151],[16.2615896,50.7726179],[16.2615822,50.772614],[16.2615688,50.7726246],[16.2614984,50.7725929],[16.2615031,50.7725888],[16.2611818,50.7724457],[16.2611858,50.7724425],[16.2610172,50.7723702],[16.2610602,50.7723319],[16.2612553,50.772158],[16.2613534,50.7722018],[16.2613918,50.7721672]]]}}],"cooperativeWork":{"meta":{"version":2,"type":1},"operations":[{"operationType":"modifyElement","data":{"id":"way/405633904","operations":[{"operation":"setTags","data":{"name":"Muzeum Przemysłu i Techniki w Wałbrzychu","operator":"Samorządowa instytucja kultury pn. Park Wielokulturowy – Stara Kopalnia w Wałbrzychu, dla której organizatorem jest Gmina Wałbrzych","operator:type":"ngo","source:tourism":"Wykaz Muzeów, wypis na dzień 2026-04-09"}}]}}]}}
{"type":"FeatureCollection","features":[{"type":"Feature","properties":{"addr:city":"Krokowa","addr:housenumber":"1","addr:postcode":"84-110","addr:street":"Zamkowa","building":"yes","email":"muzeum@zamekkrokowa.pl","fax":"+48 58 774 21 11 x117","name":"Muzeum Regionalne w Krokowej","phone":"+48 58 774 21 11 x115; +48 669 790 700","tourism":"museum","website":"http://zamekkrokowa.pl/pl/muzeum/","operator":"Fundacja Europejskie Spotkania Kaszubskie Centrum Kultury Krokowa","operator:type":"ngo","source:tourism":"Wykaz Muzeów, wypis na dzień 2026-04-09","@id":"way/633974278"},"geometry":{"type":"Polygon","coordinates":[[[18.1646031,54.7781437],[18.1646633,54.7781261],[18.1648426,54.7780729],[18.1648954,54.7780576],[18.1648145,54.7779656],[18.1645218,54.7780512],[18.1646031,54.7781437]]]}}],"cooperativeWork":{"meta":{"version":2,"type":1},"operations":[{"operationType":"modifyElement","data":{"id":"way/633974278","operations":[{"operation":"setTags","data":{"name":"Muzeum Regionalne w Krokowej","operator":"Fundacja Europejskie Spotkania Kaszubskie Centrum Kultury Krokowa","operator:type":"ngo","source:tourism":"Wykaz Muzeów, wypis na dzień 2026-04-09"}}]}}]}}
{"type":"FeatureCollection","features":[{"type":"Feature","properties":{"addr:city":"Gdańsk","addr:housenumber":"6","addr:postcode":"80-864","addr:street":"Księdza Jerzego Popiełuszki","building":"yes","email":"salabhp@solidarnosc.org.pl","name":"Muzeum Sali BHP Stoczni Gdańskiej","name:de":"Arbeits- und Gesundheitsschutzhalle","name:pl":"Sala BHP","old_name:de":"Torpedohalle","opening_hours":"10:00-18:00","phone":"48583084210","ref:ckkp":"PM00847","tourism":"museum","website":"http://www.salabhp.pl/","wikidata":"Q16019849","wikipedia":"pl:Sala BHP","operator":"Fundacja Promocji Solidarności z siedzibą w Gdańsku","operator:type":"ngo","source:tourism":"Wykaz Muzeów, wypis na dzień 2026-04-09","@id":"way/124812372"},"geometry":{"type":"Polygon","coordinates":[[[18.6516914,54.361671],[18.6515227,54.3615503],[18.6519298,54.361357],[18.6518969,54.3613334],[18.6520653,54.3612534],[18.6521101,54.3612855],[18.652164,54.3612598],[18.6523851,54.3614216],[18.6523373,54.3614448],[18.6523859,54.3614795],[18.6522153,54.3615605],[18.6520991,54.3614774],[18.6520689,54.3614918],[18.6516914,54.361671]]]}}],"cooperativeWork":{"meta":{"version":2,"type":1},"operations":[{"operationType":"modifyElement","data":{"id":"way/124812372","operations":[{"operation":"setTags","data":{"name":"Muzeum Sali BHP Stoczni Gdańskiej","operator":"Fundacja Promocji Solidarności z siedzibą w Gdańsku","operator:type":"ngo","source:tourism":"Wykaz Muzeów, wypis na dzień 2026-04-09"}}]}}]}}
{"type":"FeatureCollection","features":[{"type":"Feature","properties":{"addr:city":"Wolsztyn","addr:city:simc":"988632","addr:housenumber":"34","addr:postcode":"64-200","addr:street":"5 Stycznia","building":"yes","contact:facebook":"https://www.facebook.com/MuzeumRegionalneWolsztyn/?locale=pl_PL","email":"rozek@muzea-wolsztyn.com.pl","image":"https://photos.app.goo.gl/GezfGncgJ3amPrQk6","name":"Muzeum Regionalne w Wolsztynie","opening_hours":"Tu-Sa 10:00-16:00 Su 10:00-15:00","phone":"+48 68 384 26 48","source":"www.geoportal.gov.pl","source:addr":"EMUiA (wolsztyn.e-mapa.net)","tourism":"museum","url":"https://polska-org.pl/8414131,Wolsztyn,Muzeum_im_Marcina_Rozka.html","url:0":"https://fotopolska.eu/33663,obiekt.html?map_z=19","website":"https://muzea-wolsztyn.com.pl/muzeum-marcina-rozka/","operator":"Gmina Wolsztyn","operator:type":"government","source:tourism":"Wykaz Muzeów, wypis na dzień 2026-04-09","@id":"way/883024899"},"geometry":{"type":"Polygon","coordinates":[[[16.110595,52.1174949],[16.110662,52.1175915],[16.1107928,52.117555],[16.1107685,52.1175207],[16.1107739,52.1175194],[16.1107558,52.1174937],[16.1107506,52.1174951],[16.1107277,52.1174612],[16.110595,52.1174949]]]}}],"cooperativeWork":{"meta":{"version":2,"type":1},"operations":[{"operationType":"modifyElement","data":{"id":"way/883024899","operations":[{"operation":"setTags","data":{"name":"Muzeum Regionalne w Wolsztynie","operator":"Gmina Wolsztyn","operator:type":"government","source:tourism":"Wykaz Muzeów, wypis na dzień 2026-04-09"}}]}}]}}
{"type":"FeatureCollection","features":[{"type":"Feature","properties":{"addr:city":"Zamość","addr:city:simc":"987510","addr:housenumber":"6","addr:postcode":"22-400","addr:street":"Weteranów","addr:street:sym_ul":"23901","building":"yes","facebook":"https://www.facebook.com/roztoczanskiemuzeumprl/","museum":"history","name":"Roztoczańskie Muzeum PRL w Zamościu","phone":"+48 517 787 627","source:addr":"mzamosc.e-mapa.net","start_date":"2020-07-18","tourism":"museum","operator":"Tomasz Pakuła","operator:type":"private","source:tourism":"Wykaz Muzeów, wypis na dzień 2026-04-09","@id":"way/168320423"},"geometry":{"type":"Polygon","coordinates":[[[23.2692924,50.7071466],[23.2693943,50.7071195],[23.2693247,50.7070148],[23.2692228,50.7070419],[23.2692924,50.7071466]]]}}],"cooperativeWork":{"meta":{"version":2,"type":1},"operations":[{"operationType":"modifyElement","data":{"id":"way/168320423","operations":[{"operation":"setTags","data":{"name":"Roztoczańskie Muzeum PRL w Zamościu","operator":"Tomasz Pakuła","operator:type":"private","source:tourism":"Wykaz Muzeów, wypis na dzień 2026-04-09"}}]}}]}}
{"type":"FeatureCollection","features":[{"type":"Feature","properties":{"addr:city":"Nowogród","addr:housenumber":"25","addr:postcode":"18-414","addr:street":"Zamkowa","barrier":"fence","fee":"yes","historic":"farm","museum":"open_air","name":"Muzeum - Skansen Kurpiowski im. Adama Chętnika w Nowogrodzie","ref:ckkp":"PD00441","start_date":"1927-06-19","tourism":"museum","wikidata":"Q9337622","wikipedia":"pl:Skansen Kurpiowski im. Adama Chętnika w Nowogrodzie","operator":"Samorząd Województwa Podlaskiego","operator:type":"government","source:tourism":"Wykaz Muzeów, wypis na dzień 2026-04-09","@id":"way/145639762"},"geometry":{"type":"Polygon","coordinates":[[[21.8737279,53.2289728],[21.8735501,53.228838],[21.8732965,53.2286579],[21.8730122,53.2284624],[21.8727086,53.2282547],[21.8726986,53.2282479],[21.8724576,53.228083],[21.8719703,53.2276873],[21.8716864,53.2274711],[21.8715274,53.2273346],[21.8717131,53.2270684],[21.8719046,53.2267938],[21.8722156,53.2268595],[21.8722551,53.2268834],[21.8723601,53.2269583],[21.8724655,53.2270327],[21.872524,53.2270739],[21.8725153,53.2271044],[21.8730408,53.2276282],[21.8733125,53.2273598],[21.8735564,53.2272707],[21.8739948,53.2271084],[21.8747778,53.2268625],[21.8751743,53.2271375],[21.8752629,53.2271988],[21.8754188,53.2273073],[21.8755524,53.2274002],[21.8755227,53.2274159],[21.8755147,53.227456],[21.8759044,53.2277299],[21.8756924,53.2278485],[21.8756126,53.227894],[21.8754899,53.227964],[21.8746919,53.2278138],[21.8746698,53.2278679],[21.8742013,53.2281651],[21.8737396,53.2284579],[21.8742016,53.2286623],[21.8739463,53.2288831],[21.8738198,53.228935],[21.8737279,53.2289728]]]}}],"cooperativeWork":{"meta":{"version":2,"type":1},"operations":[{"operationType":"modifyElement","data":{"id":"way/145639762","operations":[{"operation":"setTags","data":{"name":"Muzeum - Skansen Kurpiowski im. Adama Chętnika w Nowogrodzie","operator":"Samorząd Województwa Podlaskiego","operator:type":"government","source:tourism":"Wykaz Muzeów, wypis na dzień 2026-04-09"}}]}}]}}
{"type":"FeatureCollection","features":[{"type":"Feature","properties":{"addr:city":"Wilamowice","addr:city:simc":"926996","addr:housenumber":"19","addr:postcode":"43-330","addr:street":"Więźniów Oświęcimia","building":"yes","name":"Muzeum Kultury Wilamowskiej w Wilamowicach","source:addr":"gugik.gov.pl","tourism":"museum","operator":"Gmina Wilamowice","operator:type":"government","source:tourism":"Wykaz Muzeów, wypis na dzień 2026-04-09","@id":"way/1210945487"},"geometry":{"type":"Polygon","coordinates":[[[19.1491952,49.9205888],[19.1492856,49.9205606],[19.1493434,49.9206375],[19.1493978,49.9207098],[19.1494625,49.9206896],[19.1495226,49.9206709],[19.1494801,49.9206143],[19.1495615,49.9205889],[19.1496166,49.9206621],[19.149668,49.9207305],[19.149649,49.9207364],[19.1497474,49.9208671],[19.1495729,49.9209216],[19.1495278,49.9208617],[19.1494247,49.9208938],[19.1491952,49.9205888]]]}}],"cooperativeWork":{"meta":{"version":2,"type":1},"operations":[{"operationType":"modifyElement","data":{"id":"way/1210945487","operations":[{"operation":"setTags","data":{"name":"Muzeum Kultury Wilamowskiej w Wilamowicach","operator":"Gmina Wilamowice","operator:type":"government","source:tourism":"Wykaz Muzeów, wypis na dzień 2026-04-09"}}]}}]}}
{"type":"FeatureCollection","features":[{"type":"Feature","properties":{"addr:city":"Puszczykowo","addr:city:simc":"971376","addr:housenumber":"1","addr:postcode":"62-040","addr:street":"Juliusza Słowackiego","barrier":"fence","name":"Muzeum Polskiej Motoryzacji w Puszczykowie","phone":"48601688196","ref:ckkp":"WP00556","source:addr":"EMUiA (puszczykowo.e-mapa.net)","tourism":"museum","website":"http://www.fiedler.pl/","wikidata":"Q11786892","wikipedia":"pl:Muzeum – Pracownia Literacka Arkadego Fiedlera w Puszczykowie","operator":"Fundacja Romanowscy","operator:type":"ngo","source:tourism":"Wykaz Muzeów, wypis na dzień 2026-04-09","@id":"way/264867022"},"geometry":{"type":"Polygon","coordinates":[[[16.8668706,52.2751133],[16.8671133,52.275523],[16.8673733,52.2760074],[16.8678818,52.2755662],[16.8677205,52.2749394],[16.8668706,52.2751133]]]}}],"cooperativeWork":{"meta":{"version":2,"type":1},"operations":[{"operationType":"modifyElement","data":{"id":"way/264867022","operations":[{"operation":"setTags","data":{"name":"Muzeum Polskiej Motoryzacji w Puszczykowie","operator":"Fundacja Romanowscy","operator:type":"ngo","source:tourism":"Wykaz Muzeów, wypis na dzień 2026-04-09"}}]}}]}}
{"type":"FeatureCollection","features":[{"type":"Feature","properties":{"addr:city":"Bydgoszcz","addr:housenumber":"10","addr:postcode":"85-209","addr:street":"Staroszkolna","building":"yes","museum":"history","name":"Muzeum Diecezjalne Diecezji Bydgoskiej","name:de":"Museum des Bromberger Kanals","tourism":"museum","website":"https://kanalbydgoski.pl/","operator":"Diecezja Bydgoska","operator:type":"religious","source:tourism":"Wykaz Muzeów, wypis na dzień 2026-04-09","@id":"way/190001732"},"geometry":{"type":"Polygon","coordinates":[[[17.9749827,53.1291787],[17.9751231,53.129317],[17.9749906,53.1293622],[17.9748555,53.1292223],[17.9749827,53.1291787]]]}}],"cooperativeWork":{"meta":{"version":2,"type":1},"operations":[{"operationType":"modifyElement","data":{"id":"way/190001732","operations":[{"operation":"setTags","data":{"name":"Muzeum Diecezjalne Diecezji Bydgoskiej","operator":"Diecezja Bydgoska","operator:type":"religious","source:tourism":"Wykaz Muzeów, wypis na dzień 2026-04-09"}}]}}]}}
