<?xml version="1.0" encoding="UTF-8"?>
<osm version="0.6" generator="Overpass API 0.7.61.5 4133829e">
<note>The data included in this document is from www.openstreetmap.org. The data is made available under ODbL.</note>
<meta osm_base="2026-04-19T20:00:16.557126Z" areas="datetime.utcnow().isoformat() + 'Z'"/>
<node id="-1046000476" lat="51.7455561" lon="19.4618523" version="1" timestamp="2026-04-19T19:46:10.725980Z" action="modify"   >
	<tag k="name" v="Centralne Muzeum Włókiennictwa w Łodzi"/>
	<tag k="addr:postcode" v="93-034"/>
	<tag k="addr:city" v="Łódź"/>
	<tag k="addr:street" v="Piotrkowska"/>
	<tag k="addr:housenumber" v="282"/>
	<tag k="operator" v="Miasto Łódź"/>
	<tag k="operator:type" v="government"/>
	<tag k="tourism" v="museum"/>
	<tag k="source:tourism" v="Wykaz Muzeów, wypis na dzień 2026-04-09"/>
</node>
<node id="-360842724" lat="53.2330195" lon="20.1789897" version="1" timestamp="2026-04-19T19:46:10.725980Z" action="modify"   >
	<tag k="name" v="Muzeum Pogranicza w Działdowie"/>
	<tag k="addr:postcode" v="13-200"/>
	<tag k="addr:city" v="Działdowo"/>
	<tag k="addr:street" v="Mickiewicza"/>
	<tag k="addr:housenumber" v="43"/>
	<tag k="operator" v="Gmina – Miasto Działdowo"/>
	<tag k="operator:type" v="government"/>
	<tag k="tourism" v="museum"/>
	<tag k="source:tourism" v="Wykaz Muzeów, wypis na dzień 2026-04-09"/>
</node>
<node id="-422093732" lat="51.9446154" lon="15.3184429" version="1" timestamp="2026-04-19T19:46:10.725980Z" action="modify"   >
	<tag k="name" v="Lubuskie Muzeum Wojskowe w Zielonej Górze z siedzibą w Drzonowie"/>
	<tag k="addr:postcode" v="66-008"/>
	<tag k="addr:city" v="Świdnica"/>
	<tag k="addr:street" v="Drzonów"/>
	<tag k="addr:housenumber" v="54"/>
	<tag k="operator" v="Miasto Zielona Góra"/>
	<tag k="operator:type" v="government"/>
	<tag k="tourism" v="museum"/>
	<tag k="source:tourism" v="Wykaz Muzeów, wypis na dzień 2026-04-09"/>
</node>
<node id="-552145993" lat="50.7823958" lon="15.7617977" version="1" timestamp="2026-04-19T19:46:10.725980Z" action="modify"   >
	<tag k="name" v="Miejskie Muzeum Zabawek ze zbiorów Henryka Tomaszewskiego"/>
	<tag k="addr:postcode" v="58-540"/>
	<tag k="addr:city" v="Karpacz"/>
	<tag k="addr:street" v="Kolejowa"/>
	<tag k="addr:housenumber" v="3"/>
	<tag k="operator" v="Gmina Karpacz"/>
	<tag k="operator:type" v="government"/>
	<tag k="tourism" v="museum"/>
	<tag k="source:tourism" v="Wykaz Muzeów, wypis na dzień 2026-04-09"/>
</node>
<node id="-190626180" lat="52.373983" lon="15.5112274" version="1" timestamp="2026-04-19T19:46:10.725980Z" action="modify"   >
	<tag k="name" v="Międzyrzecki Rejon Umocniony - Muzeum Fortyfikacji i Nietoperzy w Pniewie"/>
	<tag k="addr:postcode" v="66-300"/>
	<tag k="addr:city" v="Międzyrzecz"/>
	<tag k="addr:street" v="Pniewo"/>
	<tag k="addr:housenumber" v="1"/>
	<tag k="operator" v="Gmina Międzyrzecz"/>
	<tag k="operator:type" v="government"/>
	<tag k="tourism" v="museum"/>
	<tag k="source:tourism" v="Wykaz Muzeów, wypis na dzień 2026-04-09"/>
</node>
<node id="-590126584" lat="51.4122597" lon="21.9591391" version="1" timestamp="2026-04-19T19:46:10.725980Z" action="modify"   >
	<tag k="name" v="Muzeum Czartoryskich w Puławach"/>
	<tag k="addr:postcode" v="24-100"/>
	<tag k="addr:city" v="Puławy"/>
	<tag k="addr:street" v="Czartoryskich"/>
	<tag k="addr:housenumber" v="8"/>
	<tag k="operator" v="Miasto Puławy"/>
	<tag k="operator:type" v="government"/>
	<tag k="tourism" v="museum"/>
	<tag k="source:tourism" v="Wykaz Muzeów, wypis na dzień 2026-04-09"/>
</node>
<node id="-382577073" lat="52.78904" lon="17.73111" version="1" timestamp="2026-04-19T19:46:10.725980Z" action="modify"   >
	<tag k="name" v="Muzeum Archeologiczne w Biskupinie"/>
	<tag k="addr:postcode" v="88-410"/>
	<tag k="addr:city" v="Gąsawa"/>
	<tag k="addr:street" v="Biskupin"/>
	<tag k="addr:housenumber" v="17"/>
	<tag k="operator" v="Województwo Kujawsko – Pomorskie"/>
	<tag k="operator:type" v="government"/>
	<tag k="tourism" v="museum"/>
	<tag k="source:tourism" v="Wykaz Muzeów, wypis na dzień 2026-04-09"/>
</node>
<node id="-281735217" lat="54.3493108" lon="18.6563895" version="1" timestamp="2026-04-19T19:46:10.725980Z" action="modify"   >
	<tag k="name" v="Muzeum Archeologiczne w Gdańsku"/>
	<tag k="addr:postcode" v="80-833"/>
	<tag k="addr:city" v="Gdańsk"/>
	<tag k="addr:street" v="Mariacka"/>
	<tag k="addr:housenumber" v="25"/>
	<tag k="operator" v="Województwo Pomorskie"/>
	<tag k="operator:type" v="government"/>
	<tag k="tourism" v="museum"/>
	<tag k="source:tourism" v="Wykaz Muzeów, wypis na dzień 2026-04-09"/>
</node>
<node id="-407973662" lat="52.4072865" lon="16.9346527" version="1" timestamp="2026-04-19T19:46:10.725980Z" action="modify"   >
	<tag k="name" v="Muzeum Archeologiczne w Poznaniu"/>
	<tag k="addr:postcode" v="61-781"/>
	<tag k="addr:city" v="Poznań"/>
	<tag k="addr:street" v="Wodna"/>
	<tag k="addr:housenumber" v="27"/>
	<tag k="operator" v="Województwo Wielkopolskie"/>
	<tag k="operator:type" v="government"/>
	<tag k="tourism" v="museum"/>
	<tag k="source:tourism" v="Wykaz Muzeów, wypis na dzień 2026-04-09"/>
</node>
<node id="-315936099" lat="51.776416" lon="19.455577" version="1" timestamp="2026-04-19T19:46:10.725980Z" action="modify"   >
	<tag k="name" v="Muzeum Archeologiczne i Etnograficzne w Łodzi"/>
	<tag k="addr:postcode" v="91-415"/>
	<tag k="addr:city" v="Łódź"/>
	<tag k="addr:street" v="Wolności"/>
	<tag k="addr:housenumber" v="14"/>
	<tag k="operator" v="Województwo Łódzkie"/>
	<tag k="operator:type" v="government"/>
	<tag k="tourism" v="museum"/>
	<tag k="source:tourism" v="Wykaz Muzeów, wypis na dzień 2026-04-09"/>
</node>
<node id="-667626513" lat="53.3369697" lon="15.0456469" version="1" timestamp="2026-04-19T19:46:10.725980Z" action="modify"   >
	<tag k="name" v="Muzeum Archeologiczno – Historyczne w Stargardzie"/>
	<tag k="addr:postcode" v="73-110"/>
	<tag k="addr:city" v="Stargard"/>
	<tag k="addr:street" v="Rynek Staromiejski"/>
	<tag k="addr:housenumber" v="2-"/>
	<tag k="operator" v="Gmina Miasto Stargard"/>
	<tag k="operator:type" v="government"/>
	<tag k="tourism" v="museum"/>
	<tag k="source:tourism" v="Wykaz Muzeów, wypis na dzień 2026-04-09"/>
</node>
<node id="-712190437" lat="51.1093451" lon="17.0424516" version="1" timestamp="2026-04-19T19:46:10.725980Z" action="modify"   >
	<tag k="name" v="Muzeum Architektury we Wrocławiu"/>
	<tag k="addr:postcode" v="50-156"/>
	<tag k="addr:city" v="Wrocław"/>
	<tag k="addr:street" v="Bernardyńska"/>
	<tag k="addr:housenumber" v="7"/>
	<tag k="operator" v="Gmina Wrocław"/>
	<tag k="operator:type" v="government"/>
	<tag k="tourism" v="museum"/>
	<tag k="source:tourism" v="Wykaz Muzeów, wypis na dzień 2026-04-09"/>
</node>
<node id="-337983166" lat="51.4126696" lon="21.9554843" version="1" timestamp="2026-04-19T19:46:10.725980Z" action="modify"   >
	<tag k="name" v="Muzeum Badań Polarnych w Puławach"/>
	<tag k="addr:postcode" v="24-100"/>
	<tag k="addr:city" v="Puławy"/>
	<tag k="addr:street" v="4 Pułku Piechoty Wojska Polskiego"/>
	<tag k="addr:housenumber" v="18"/>
	<tag k="operator" v="Minister Kultury i Dziedzictwa Narodowego"/>
	<tag k="operator:type" v="government"/>
	<tag k="tourism" v="museum"/>
	<tag k="source:tourism" v="Wykaz Muzeów, wypis na dzień 2026-04-09"/>
</node>
<node id="-549742584" lat="53.7479907" lon="20.2344346" version="1" timestamp="2026-04-19T19:46:10.725980Z" action="modify"   >
	<tag k="name" v="Muzeum Bitwy pod Grunwaldem w Stębarku"/>
	<tag k="addr:postcode" v="14-107"/>
	<tag k="addr:city" v="Gietrzwałd"/>
	<tag k="addr:street" v="Stębark"/>
	<tag k="addr:housenumber" v="1"/>
	<tag k="operator" v="Województwo Warmińsko- Mazurskie"/>
	<tag k="operator:type" v="government"/>
	<tag k="tourism" v="museum"/>
	<tag k="source:tourism" v="Wykaz Muzeów, wypis na dzień 2026-04-09"/>
</node>
<node id="-1036621305" lat="53.5903513" lon="20.2894532" version="1" timestamp="2026-04-19T19:46:10.725980Z" action="modify"   >
	<tag k="name" v="Muzeum Budownictwa Ludowego – Park Etnograficzny w Olsztynku"/>
	<tag k="addr:postcode" v="11-015"/>
	<tag k="addr:city" v="Olsztynek"/>
	<tag k="addr:street" v="Leśna"/>
	<tag k="addr:housenumber" v="23"/>
	<tag k="operator" v="Województwo Warmińsko – Mazurskie"/>
	<tag k="operator:type" v="government"/>
	<tag k="tourism" v="museum"/>
	<tag k="source:tourism" v="Wykaz Muzeów, wypis na dzień 2026-04-09"/>
</node>
<node id="-436680332" lat="49.5659583" lon="22.2010849" version="1" timestamp="2026-04-19T19:46:10.725980Z" action="modify"   >
	<tag k="name" v="Muzeum Budownictwa Ludowego w Sanoku"/>
	<tag k="addr:postcode" v="38-500"/>
	<tag k="addr:city" v="Sanok"/>
	<tag k="addr:street" v="Traugutta"/>
	<tag k="addr:housenumber" v="3"/>
	<tag k="operator" v="Województwo Podkarpackie"/>
	<tag k="operator:type" v="government"/>
	<tag k="tourism" v="museum"/>
	<tag k="source:tourism" v="Wykaz Muzeów, wypis na dzień 2026-04-09"/>
</node>
<node id="-1660534" lat="50.8120466" lon="19.113213" version="1" timestamp="2026-04-19T19:46:10.725980Z" action="modify"   >
	<tag k="name" v="Muzeum Częstochowskie"/>
	<tag k="addr:postcode" v="42-217"/>
	<tag k="addr:city" v="Częstochowa"/>
	<tag k="addr:street" v="Najświętszej Marii Panny"/>
	<tag k="addr:housenumber" v="47"/>
	<tag k="operator" v="Gmina Częstochowa"/>
	<tag k="operator:type" v="government"/>
	<tag k="tourism" v="museum"/>
	<tag k="source:tourism" v="Wykaz Muzeów, wypis na dzień 2026-04-09"/>
</node>
<node id="-296070975" lat="50.842842" lon="16.4868181" version="1" timestamp="2026-04-19T19:46:10.725980Z" action="modify"   >
	<tag k="name" v="Muzeum Dawnego Kupiectwa w Świdnicy"/>
	<tag k="addr:postcode" v="58-100"/>
	<tag k="addr:city" v="Świdnica"/>
	<tag k="addr:street" v="Rynek"/>
	<tag k="addr:housenumber" v="37"/>
	<tag k="operator" v="Gmina Miasto Świdnica"/>
	<tag k="operator:type" v="government"/>
	<tag k="tourism" v="museum"/>
	<tag k="source:tourism" v="Wykaz Muzeów, wypis na dzień 2026-04-09"/>
</node>
<node id="-887415567" lat="50.037761" lon="22.0066732" version="1" timestamp="2026-04-19T19:46:10.725980Z" action="modify"   >
	<tag k="name" v="Muzeum Dobranocek ze Zbiorów Wojciecha Jamy w Rzeszowie"/>
	<tag k="addr:postcode" v="35-064"/>
	<tag k="addr:city" v="Rzeszów"/>
	<tag k="addr:street" v="Mickiewicza"/>
	<tag k="addr:housenumber" v="13"/>
	<tag k="operator" v="Gmina Miasto Rzeszów"/>
	<tag k="operator:type" v="government"/>
	<tag k="tourism" v="museum"/>
	<tag k="source:tourism" v="Wykaz Muzeów, wypis na dzień 2026-04-09"/>
</node>
<node id="-1069391992" lat="51.8919728" lon="15.4705972" version="1" timestamp="2026-04-19T19:46:10.725980Z" action="modify"   >
	<tag k="name" v="Muzeum Etnograficzne w Zielonej Górze - Ochli"/>
	<tag k="addr:postcode" v="66-006"/>
	<tag k="addr:city" v="Ochla"/>
	<tag k="addr:street" v="Muzealna"/>
	<tag k="addr:housenumber" v="5"/>
	<tag k="operator" v="Województwo Lubuskie"/>
	<tag k="operator:type" v="government"/>
	<tag k="tourism" v="museum"/>
	<tag k="source:tourism" v="Wykaz Muzeów, wypis na dzień 2026-04-09"/>
</node>
<node id="-831256268" lat="53.0133645" lon="18.6033794" version="1" timestamp="2026-04-19T19:46:10.725980Z" action="modify"   >
	<tag k="name" v="Muzeum Etnograficzne im. Marii Znamierowskiej - Prüfferowej w Toruniu"/>
	<tag k="addr:postcode" v="87-100"/>
	<tag k="addr:city" v="Toruń"/>
	<tag k="addr:street" v="Wały gen. Sikorskiego"/>
	<tag k="addr:housenumber" v="19"/>
	<tag k="operator" v="Województwo Kujawsko-Pomorskie"/>
	<tag k="operator:type" v="government"/>
	<tag k="tourism" v="museum"/>
	<tag k="source:tourism" v="Wykaz Muzeów, wypis na dzień 2026-04-09"/>
</node>
<node id="-472847596" lat="50.0477445" lon="19.9437528" version="1" timestamp="2026-04-19T19:46:10.725980Z" action="modify"   >
	<tag k="name" v="Muzeum Etnograficzne im. Seweryna Udzieli w Krakowie"/>
	<tag k="addr:postcode" v="31-066"/>
	<tag k="addr:city" v="Kraków"/>
	<tag k="addr:street" v="Krakowska"/>
	<tag k="addr:housenumber" v="46"/>
	<tag k="operator" v="Województwo Małopolskie"/>
	<tag k="operator:type" v="government"/>
	<tag k="tourism" v="museum"/>
	<tag k="source:tourism" v="Wykaz Muzeów, wypis na dzień 2026-04-09"/>
</node>
<node id="-345613705" lat="49.7931286" lon="18.9705363" version="1" timestamp="2026-04-19T19:46:10.725980Z" action="modify"   >
	<tag k="name" v="Muzeum Fauny i Flory Morskiej i Śródlądowej w Jaworzu"/>
	<tag k="addr:postcode" v="43-384"/>
	<tag k="addr:city" v="Jaworze"/>
	<tag k="addr:street" v="Wapienicka"/>
	<tag k="addr:housenumber" v="10"/>
	<tag k="operator" v="Gmina Jaworze"/>
	<tag k="operator:type" v="government"/>
	<tag k="tourism" v="museum"/>
	<tag k="source:tourism" v="Wykaz Muzeów, wypis na dzień 2026-04-09"/>
</node>
<node id="-35313355" lat="50.2972328" lon="16.6537429" version="1" timestamp="2026-04-19T19:46:10.725980Z" action="modify"   >
	<tag k="name" v="Muzeum Filumenistyczne w Bystrzycy Kłodzkiej"/>
	<tag k="addr:postcode" v="57-500"/>
	<tag k="addr:city" v="Bystrzyca Kłodzka"/>
	<tag k="addr:street" v="Mały Rynek"/>
	<tag k="addr:housenumber" v="1"/>
	<tag k="operator" v="Gmina Bystrzyca Kłodzka"/>
	<tag k="operator:type" v="government"/>
	<tag k="tourism" v="museum"/>
	<tag k="source:tourism" v="Wykaz Muzeów, wypis na dzień 2026-04-09"/>
</node>
<node id="-690850232" lat="50.3995644" lon="22.6513394" version="1" timestamp="2026-04-19T19:46:10.725980Z" action="modify"   >
	<tag k="name" v="Muzeum Gminne w Biszczy"/>
	<tag k="addr:postcode" v="23-425"/>
	<tag k="addr:city" v="Biszcza"/>
	<tag k="addr:street" v="Biszcza"/>
	<tag k="addr:housenumber" v="50"/>
	<tag k="operator" v="Gmina Biszcza"/>
	<tag k="operator:type" v="government"/>
	<tag k="tourism" v="museum"/>
	<tag k="source:tourism" v="Wykaz Muzeów, wypis na dzień 2026-04-09"/>
</node>
<node id="-827557144" lat="50.3495143" lon="18.9256014" version="1" timestamp="2026-04-19T19:46:10.725980Z" action="modify"   >
	<tag k="name" v="Muzeum Górnośląskie w Bytomiu"/>
	<tag k="addr:postcode" v="40-902"/>
	<tag k="addr:city" v="Bytom"/>
	<tag k="addr:street" v="Jana III Sobieskiego"/>
	<tag k="addr:housenumber" v="2"/>
	<tag k="operator" v="Województwo Śląskie"/>
	<tag k="operator:type" v="government"/>
	<tag k="tourism" v="museum"/>
	<tag k="source:tourism" v="Wykaz Muzeów, wypis na dzień 2026-04-09"/>
</node>
<node id="-224533926" lat="54.3488947" lon="18.6526425" version="1" timestamp="2026-04-19T19:46:10.725980Z" action="modify"   >
	<tag k="name" v="Muzeum Gdańska"/>
	<tag k="addr:postcode" v="80-831"/>
	<tag k="addr:city" v="Gdańsk"/>
	<tag k="addr:street" v="Długa"/>
	<tag k="addr:housenumber" v="46"/>
	<tag k="operator" v="Gmina Miasta Gdańska"/>
	<tag k="operator:type" v="government"/>
	<tag k="tourism" v="museum"/>
	<tag k="source:tourism" v="Wykaz Muzeów, wypis na dzień 2026-04-09"/>
</node>
<node id="-935588441" lat="50.0628889" lon="19.936369" version="1" timestamp="2026-04-19T19:46:10.725980Z" action="modify"   >
	<tag k="name" v="Muzeum Historyczne Miasta Krakowa"/>
	<tag k="addr:postcode" v="31-011"/>
	<tag k="addr:city" v="Kraków"/>
	<tag k="addr:street" v="Rynek Główny"/>
	<tag k="addr:housenumber" v="35"/>
	<tag k="operator" v="Gmina Miejska Kraków"/>
	<tag k="operator:type" v="government"/>
	<tag k="tourism" v="museum"/>
	<tag k="source:tourism" v="Wykaz Muzeów, wypis na dzień 2026-04-09"/>
</node>
<node id="-680594596" lat="50.5795239" lon="21.6767856" version="1" timestamp="2026-04-19T19:46:10.725980Z" action="modify"   >
	<tag k="name" v="Muzeum- Zamek Tarnowskich w Tarnobrzegu"/>
	<tag k="addr:postcode" v="39-400"/>
	<tag k="addr:city" v="Tarnobrzeg"/>
	<tag k="addr:street" v="Sandomierska"/>
	<tag k="addr:housenumber" v="27"/>
	<tag k="operator" v="Miasto Tarnobrzeg"/>
	<tag k="operator:type" v="government"/>
	<tag k="tourism" v="museum"/>
	<tag k="source:tourism" v="Wykaz Muzeów, wypis na dzień 2026-04-09"/>
</node>
<node id="-339615894" lat="51.9567202" lon="20.1415892" version="1" timestamp="2026-04-19T19:46:10.725980Z" action="modify"   >
	<tag k="name" v="Muzeum Historyczne Skierniewic w Skierniewicach"/>
	<tag k="addr:postcode" v="96-100"/>
	<tag k="addr:city" v="Skierniewice"/>
	<tag k="addr:street" v="Rynek"/>
	<tag k="addr:housenumber" v="1"/>
	<tag k="operator" v="Miasto Skierniewice"/>
	<tag k="operator:type" v="government"/>
	<tag k="tourism" v="museum"/>
	<tag k="source:tourism" v="Wykaz Muzeów, wypis na dzień 2026-04-09"/>
</node>
<node id="-1060689963" lat="50.9658856" lon="21.4590144" version="1" timestamp="2026-04-19T19:46:10.725980Z" action="modify"   >
	<tag k="name" v="Muzeum Historyczno-Archeologiczne w Ostrowcu Świętokrzyskim"/>
	<tag k="addr:postcode" v="27-400"/>
	<tag k="addr:city" v="Sudół"/>
	<tag k="addr:street" v="Sudół"/>
	<tag k="addr:housenumber" v="135A"/>
	<tag k="operator" v="Minister Kultury i Dziedzictwa Narodowego"/>
	<tag k="operator:type" v="government"/>
	<tag k="tourism" v="museum"/>
	<tag k="source:tourism" v="Wykaz Muzeów, wypis na dzień 2026-04-09"/>
</node>
<node id="-790405036" lat="51.4026169" lon="21.1421469" version="1" timestamp="2026-04-19T19:46:10.725980Z" action="modify"   >
	<tag k="name" v="Muzeum im. Jacka Malczewskiego w Radomiu"/>
	<tag k="addr:postcode" v="26-600"/>
	<tag k="addr:city" v="Radom"/>
	<tag k="addr:street" v="Rynek"/>
	<tag k="addr:housenumber" v="11"/>
	<tag k="operator" v="Województwo Mazowieckie"/>
	<tag k="operator:type" v="government"/>
	<tag k="tourism" v="museum"/>
	<tag k="source:tourism" v="Wykaz Muzeów, wypis na dzień 2026-04-09"/>
</node>
<node id="-102090130" lat="53.4911923" lon="18.7469372" version="1" timestamp="2026-04-19T19:46:10.725980Z" action="modify"   >
	<tag k="name" v="Muzeum im. ks. dr. Władysława Łęgi w Grudziądzu"/>
	<tag k="addr:postcode" v="86-300"/>
	<tag k="addr:city" v="Grudziądz"/>
	<tag k="addr:street" v="Wodna"/>
	<tag k="addr:housenumber" v="3"/>
	<tag k="operator" v="Gmina - Miasto Grudziądz"/>
	<tag k="operator:type" v="government"/>
	<tag k="tourism" v="museum"/>
	<tag k="source:tourism" v="Wykaz Muzeów, wypis na dzień 2026-04-09"/>
</node>
<node id="-735469462" lat="50.8041838" lon="23.8876562" version="1" timestamp="2026-04-19T19:46:10.725980Z" action="modify"   >
	<tag k="name" v="Muzeum im. ks. Stanisława Staszica w Hrubieszowie"/>
	<tag k="addr:postcode" v="22-500"/>
	<tag k="addr:city" v="Hrubieszów"/>
	<tag k="addr:street" v="3 Maja"/>
	<tag k="addr:housenumber" v="11"/>
	<tag k="operator" v="Powiat Hrubieszowski"/>
	<tag k="operator:type" v="government"/>
	<tag k="tourism" v="museum"/>
	<tag k="source:tourism" v="Wykaz Muzeów, wypis na dzień 2026-04-09"/>
</node>
<node id="-898573491" lat="51.0878083" lon="20.8502056" version="1" timestamp="2026-04-19T19:46:10.725980Z" action="modify"   >
	<tag k="name" v="Muzeum im. Orła Białego w Skarżysku - Kamiennej"/>
	<tag k="addr:postcode" v="26-110"/>
	<tag k="addr:city" v="Skarżysko - Kamienna"/>
	<tag k="addr:street" v="Słoneczna"/>
	<tag k="addr:housenumber" v="90"/>
	<tag k="operator" v="Gmina Skarżysko - Kamienna"/>
	<tag k="operator:type" v="government"/>
	<tag k="tourism" v="museum"/>
	<tag k="source:tourism" v="Wykaz Muzeów, wypis na dzień 2026-04-09"/>
</node>
<node id="-170352881" lat="49.9692845" lon="20.4311679" version="1" timestamp="2026-04-19T19:46:10.725980Z" action="modify"   >
	<tag k="name" v="Muzeum im. prof. Stanisława Fischera w Bochni"/>
	<tag k="addr:postcode" v="32-700"/>
	<tag k="addr:city" v="Bochnia"/>
	<tag k="addr:street" v="Rynek"/>
	<tag k="addr:housenumber" v="20"/>
	<tag k="operator" v="Gmina Miasta Bochnia"/>
	<tag k="operator:type" v="government"/>
	<tag k="tourism" v="museum"/>
	<tag k="source:tourism" v="Wykaz Muzeów, wypis na dzień 2026-04-09"/>
</node>
<node id="-58014719" lat="50.638729" lon="20.304287" version="1" timestamp="2026-04-19T19:46:10.725980Z" action="modify"   >
	<tag k="name" v="Muzeum im. Przypkowskich w Jędrzejowie"/>
	<tag k="addr:postcode" v="28-300"/>
	<tag k="addr:city" v="Jędrzejów"/>
	<tag k="addr:street" v="Tadeusza Kościuszki"/>
	<tag k="addr:housenumber" v="7-"/>
	<tag k="operator" v="Powiat Jędrzejowski"/>
	<tag k="operator:type" v="government"/>
	<tag k="tourism" v="museum"/>
	<tag k="source:tourism" v="Wykaz Muzeów, wypis na dzień 2026-04-09"/>
</node>
<node id="-200262601" lat="49.6127664" lon="19.9479775" version="1" timestamp="2026-04-19T19:46:10.725980Z" action="modify"   >
	<tag k="name" v="Muzeum im. Władysława Orkana w Rabce - Zdroju"/>
	<tag k="addr:postcode" v="34-700"/>
	<tag k="addr:city" v="Rabka-Zdrój"/>
	<tag k="addr:street" v="Sądecka"/>
	<tag k="addr:housenumber" v="6"/>
	<tag k="operator" v="Powiat Nowotarski"/>
	<tag k="operator:type" v="government"/>
	<tag k="tourism" v="museum"/>
	<tag k="source:tourism" v="Wykaz Muzeów, wypis na dzień 2026-04-09"/>
</node>
<node id="-1027900477" lat="54.074223" lon="21.3771047" version="1" timestamp="2026-04-19T19:46:10.725980Z" action="modify"   >
	<tag k="name" v="Muzeum im. Wojciecha Kętrzyńskiego w Kętrzynie"/>
	<tag k="addr:postcode" v="11-400"/>
	<tag k="addr:city" v="Kętrzyn"/>
	<tag k="addr:street" v="Zamkowy"/>
	<tag k="addr:housenumber" v="1"/>
	<tag k="operator" v="Gmina Miejska Kętrzyn"/>
	<tag k="operator:type" v="government"/>
	<tag k="tourism" v="museum"/>
	<tag k="source:tourism" v="Wykaz Muzeów, wypis na dzień 2026-04-09"/>
</node>
<node id="-933967718" lat="52.3372539" lon="21.2222631" version="1" timestamp="2026-04-19T19:46:10.725980Z" action="modify"   >
	<tag k="name" v="Muzeum im. Zofii i Wacława Nałkowskich w Wołominie"/>
	<tag k="addr:postcode" v="05-200"/>
	<tag k="addr:city" v="Wołomin"/>
	<tag k="addr:street" v="Wacława Nałkowskiego"/>
	<tag k="addr:housenumber" v="17"/>
	<tag k="operator" v="Gmina Wołomin"/>
	<tag k="operator:type" v="government"/>
	<tag k="tourism" v="museum"/>
	<tag k="source:tourism" v="Wykaz Muzeów, wypis na dzień 2026-04-09"/>
</node>
<node id="-487480215" lat="50.0496645" lon="19.9464679" version="1" timestamp="2026-04-19T19:46:10.725980Z" action="modify"   >
	<tag k="name" v="Muzeum Inżynierii i Techniki w Krakowie"/>
	<tag k="addr:postcode" v="31-060"/>
	<tag k="addr:city" v="Kraków"/>
	<tag k="addr:street" v="Św. Wawrzyńca"/>
	<tag k="addr:housenumber" v="13"/>
	<tag k="operator" v="Gmina Miejska Kraków"/>
	<tag k="operator:type" v="government"/>
	<tag k="tourism" v="museum"/>
	<tag k="source:tourism" v="Wykaz Muzeów, wypis na dzień 2026-04-09"/>
</node>
<node id="-892540889" lat="51.7401609" lon="23.3896856" version="1" timestamp="2026-04-19T19:46:10.725980Z" action="modify"   >
	<tag k="name" v="Muzeum Józefa Ignacego Kraszewskiego w Romanowie"/>
	<tag k="addr:postcode" v="21-518"/>
	<tag k="addr:city" v="Sosnówka"/>
	<tag k="addr:street" v="Romanów"/>
	<tag k="addr:housenumber" v="25"/>
	<tag k="operator" v="Powiat Bialski"/>
	<tag k="operator:type" v="government"/>
	<tag k="tourism" v="museum"/>
	<tag k="source:tourism" v="Wykaz Muzeów, wypis na dzień 2026-04-09"/>
</node>
<node id="-701306531" lat="52.2449891" lon="21.0131779" version="1" timestamp="2026-04-19T19:46:10.725980Z" action="modify"   >
	<tag k="name" v="Muzeum Karykatury im. Eryka Lipińskiego w Warszawie"/>
	<tag k="addr:postcode" v="00-070"/>
	<tag k="addr:city" v="Warszawa"/>
	<tag k="addr:street" v="Kozia"/>
	<tag k="addr:housenumber" v="11"/>
	<tag k="operator" v="Miasto Stołeczne Warszawa"/>
	<tag k="operator:type" v="government"/>
	<tag k="tourism" v="museum"/>
	<tag k="source:tourism" v="Wykaz Muzeów, wypis na dzień 2026-04-09"/>
</node>
<node id="-927519878" lat="54.0472067" lon="17.9181022" version="1" timestamp="2026-04-19T19:46:10.725980Z" action="modify"   >
	<tag k="name" v="Muzeum - Kaszubski Park Etnograficzny im. Teodory i Izydora Gulgowskich we Wdzydzach Kiszewskich"/>
	<tag k="addr:postcode" v="83-406"/>
	<tag k="addr:city" v="Wąglikowice"/>
	<tag k="addr:street" v="Teodora i Izydora Gulgowskich"/>
	<tag k="addr:housenumber" v="68"/>
	<tag k="operator" v="Województwo Pomorskie"/>
	<tag k="operator:type" v="government"/>
	<tag k="tourism" v="museum"/>
	<tag k="source:tourism" v="Wykaz Muzeów, wypis na dzień 2026-04-09"/>
</node>
<node id="-205654438" lat="53.6105466" lon="21.5026577" version="1" timestamp="2026-04-19T19:46:10.725980Z" action="modify"   >
	<tag k="name" v="Muzeum Konstantego Ildefonsa Gałczyńskiego w Praniu z Oddziałem Muzeum Michała Kajki w Ogródku"/>
	<tag k="addr:postcode" v="12-220"/>
	<tag k="addr:city" v="Ruciane Nida"/>
	<tag k="addr:street" v="Pranie"/>
	<tag k="addr:housenumber" v="1"/>
	<tag k="operator" v="Powiat Piski"/>
	<tag k="operator:type" v="government"/>
	<tag k="tourism" v="museum"/>
	<tag k="source:tourism" v="Wykaz Muzeów, wypis na dzień 2026-04-09"/>
</node>
<node id="-530818215" lat="53.0846093" lon="21.5665545" version="1" timestamp="2026-04-19T19:46:10.725980Z" action="modify"   >
	<tag k="name" v="Muzeum Kultury Kurpiowskiej w Ostrołęce"/>
	<tag k="addr:postcode" v="07-410"/>
	<tag k="addr:city" v="Ostrołęka"/>
	<tag k="addr:street" v="gen. Józefa Bema"/>
	<tag k="addr:housenumber" v="8"/>
	<tag k="operator" v="Województwo Mazowieckie"/>
	<tag k="operator:type" v="government"/>
	<tag k="tourism" v="museum"/>
	<tag k="source:tourism" v="Wykaz Muzeów, wypis na dzień 2026-04-09"/>
</node>
<node id="-713364958" lat="50.4745604" lon="16.259462" version="1" timestamp="2026-04-19T19:46:10.725980Z" action="modify"   >
	<tag k="name" v="Muzeum Kultury Ludowej Pogórza Sudeckiego w Kudowie - Zdroju"/>
	<tag k="addr:postcode" v="57-350"/>
	<tag k="addr:city" v="Kudowa-Zdrój"/>
	<tag k="addr:street" v="Pstrążna"/>
	<tag k="addr:housenumber" v="14"/>
	<tag k="operator" v="Gmina Kudowa-Zdrój"/>
	<tag k="operator:type" v="government"/>
	<tag k="tourism" v="museum"/>
	<tag k="source:tourism" v="Wykaz Muzeów, wypis na dzień 2026-04-09"/>
</node>
<node id="-464820144" lat="50.2448782" lon="21.7786402" version="1" timestamp="2026-04-19T19:46:10.725980Z" action="modify"   >
	<tag k="name" v="Muzeum Kultury Ludowej w Kolbuszowej"/>
	<tag k="addr:postcode" v="36-100"/>
	<tag k="addr:city" v="Kolbuszowa"/>
	<tag k="addr:street" v="Tadeusza Kościuszki"/>
	<tag k="addr:housenumber" v="6"/>
	<tag k="operator" v="Województwo Podkarpackie"/>
	<tag k="operator:type" v="government"/>
	<tag k="tourism" v="museum"/>
	<tag k="source:tourism" v="Wykaz Muzeów, wypis na dzień 2026-04-09"/>
</node>
<node id="-153993763" lat="50.1577143" lon="19.9738075" version="1" timestamp="2026-04-19T19:46:10.725980Z" action="modify"   >
	<tag k="name" v="Muzeum Lotnictwa Polskiego w Krakowie"/>
	<tag k="addr:postcode" v="31-864"/>
	<tag k="addr:city" v="Kraków"/>
	<tag k="addr:street" v="Jana Pawła II"/>
	<tag k="addr:housenumber" v="39"/>
	<tag k="operator" v="Województwo Małopolskie"/>
	<tag k="operator:type" v="government"/>
	<tag k="tourism" v="museum"/>
	<tag k="source:tourism" v="Wykaz Muzeów, wypis na dzień 2026-04-09"/>
</node>
<node id="-921483615" lat="51.2238922" lon="20.8575141" version="1" timestamp="2026-04-19T19:46:10.725980Z" action="modify"   >
	<tag k="name" v="Muzeum Ludowych Instrumentów Muzycznych w Szydłowcu"/>
	<tag k="addr:postcode" v="26-500"/>
	<tag k="addr:city" v="Szydłowiec"/>
	<tag k="addr:street" v="gen. J.Sowińskiego"/>
	<tag k="addr:housenumber" v="2"/>
	<tag k="operator" v="Województwo Mazowieckie"/>
	<tag k="operator:type" v="government"/>
	<tag k="tourism" v="museum"/>
	<tag k="source:tourism" v="Wykaz Muzeów, wypis na dzień 2026-04-09"/>
</node>
<node id="-592355492" lat="49.6951822" lon="21.6554932" version="1" timestamp="2026-04-19T19:46:10.725980Z" action="modify"   >
	<tag k="name" v="Muzeum Marii Konopnickiej w Żarnowcu"/>
	<tag k="addr:postcode" v="38-460"/>
	<tag k="addr:city" v="Jedlicze"/>
	<tag k="addr:street" v="Żarnowiec"/>
	<tag k="addr:housenumber" v="133"/>
	<tag k="operator" v="Samorząd Województwo Podkarpackie"/>
	<tag k="operator:type" v="government"/>
	<tag k="tourism" v="museum"/>
	<tag k="source:tourism" v="Wykaz Muzeów, wypis na dzień 2026-04-09"/>
</node>
<node id="-798588393" lat="52.5433817" lon="19.6902707" version="1" timestamp="2026-04-19T19:46:10.725980Z" action="modify"   >
	<tag k="name" v="Muzeum Mazowieckie w Płocku"/>
	<tag k="addr:postcode" v="09-402"/>
	<tag k="addr:city" v="Płock"/>
	<tag k="addr:street" v="Tumska"/>
	<tag k="addr:housenumber" v="8"/>
	<tag k="operator" v="Województwo Mazowieckie"/>
	<tag k="operator:type" v="government"/>
	<tag k="tourism" v="museum"/>
	<tag k="source:tourism" v="Wykaz Muzeów, wypis na dzień 2026-04-09"/>
</node>
<node id="-107435139" lat="50.0933183" lon="19.0910792" version="1" timestamp="2026-04-19T19:46:10.725980Z" action="modify"   >
	<tag k="name" v="Muzeum Miejskie w Bieruniu"/>
	<tag k="addr:postcode" v="43-150"/>
	<tag k="addr:city" v="Bieruń"/>
	<tag k="addr:street" v="Rynek"/>
	<tag k="addr:housenumber" v="14"/>
	<tag k="operator" v="Gmina Bieruń"/>
	<tag k="operator:type" v="government"/>
	<tag k="tourism" v="museum"/>
	<tag k="source:tourism" v="Wykaz Muzeów, wypis na dzień 2026-04-09"/>
</node>
<node id="-137971044" lat="50.3106765" lon="19.0301415" version="1" timestamp="2026-04-19T19:46:10.725980Z" action="modify"   >
	<tag k="name" v="Muzeum Miejskie w Siemianowicach Śląskich"/>
	<tag k="addr:postcode" v="41-100"/>
	<tag k="addr:city" v="Siemianowice Śląskie"/>
	<tag k="addr:street" v="Chopina"/>
	<tag k="addr:housenumber" v="6"/>
	<tag k="operator" v="Miasto na prawach powiatu Siemianowice Śląskie"/>
	<tag k="operator:type" v="government"/>
	<tag k="tourism" v="museum"/>
	<tag k="source:tourism" v="Wykaz Muzeów, wypis na dzień 2026-04-09"/>
</node>
<node id="-499536240" lat="50.1291845" lon="18.9896069" version="1" timestamp="2026-04-19T19:46:10.725980Z" action="modify"   >
	<tag k="name" v="Muzeum Miejskie w Tychach"/>
	<tag k="addr:postcode" v="43-100"/>
	<tag k="addr:city" v="Tychy"/>
	<tag k="addr:street" v="Katowicka"/>
	<tag k="addr:housenumber" v="9"/>
	<tag k="operator" v="Miasto Tychy"/>
	<tag k="operator:type" v="government"/>
	<tag k="tourism" v="museum"/>
	<tag k="source:tourism" v="Wykaz Muzeów, wypis na dzień 2026-04-09"/>
</node>
<node id="-785471311" lat="50.2892536" lon="18.7918825" version="1" timestamp="2026-04-19T19:46:10.725980Z" action="modify"   >
	<tag k="name" v="Muzeum Miejskie w Zabrzu"/>
	<tag k="addr:postcode" v="41-800"/>
	<tag k="addr:city" v="Zabrze"/>
	<tag k="addr:street" v="3 Maja"/>
	<tag k="addr:housenumber" v="91"/>
	<tag k="operator" v="Miasto Zabrze"/>
	<tag k="operator:type" v="government"/>
	<tag k="tourism" v="museum"/>
	<tag k="source:tourism" v="Wykaz Muzeów, wypis na dzień 2026-04-09"/>
</node>
<node id="-649668338" lat="50.3184569" lon="19.1837233" version="1" timestamp="2026-04-19T19:46:10.725980Z" action="modify"   >
	<tag k="name" v="Muzeum Miejskie Sztygarka w Dąbrowie Górniczej"/>
	<tag k="addr:postcode" v="41-300"/>
	<tag k="addr:city" v="Dąbrowa Górnicza"/>
	<tag k="addr:street" v="Legionów Polskich"/>
	<tag k="addr:housenumber" v="69"/>
	<tag k="operator" v="Miasto Dąbrowa Górnicza"/>
	<tag k="operator:type" v="government"/>
	<tag k="tourism" v="museum"/>
	<tag k="source:tourism" v="Wykaz Muzeów, wypis na dzień 2026-04-09"/>
</node>
<node id="-481393479" lat="50.3103686" lon="18.8524009" version="1" timestamp="2026-04-19T19:46:10.725980Z" action="modify"   >
	<tag k="name" v="Muzeum Miejskie im. Maksymiliana Chroboka w Rudzie Śląskiej"/>
	<tag k="addr:postcode" v="41-700"/>
	<tag k="addr:city" v="Ruda Śląska"/>
	<tag k="addr:street" v="Wolności"/>
	<tag k="addr:housenumber" v="26"/>
	<tag k="operator" v="Miasto Ruda Śląska"/>
	<tag k="operator:type" v="government"/>
	<tag k="tourism" v="museum"/>
	<tag k="source:tourism" v="Wykaz Muzeów, wypis na dzień 2026-04-09"/>
</node>
<node id="-170545578" lat="51.1096932" lon="17.0325215" version="1" timestamp="2026-04-19T19:46:10.725980Z" action="modify"   >
	<tag k="name" v="Muzeum Miejskie Wrocławia"/>
	<tag k="addr:postcode" v="50-107"/>
	<tag k="addr:city" v="Wrocław"/>
	<tag k="addr:street" v="Sukiennice"/>
	<tag k="addr:housenumber" v="14"/>
	<tag k="operator" v="Gmina Wrocław"/>
	<tag k="operator:type" v="government"/>
	<tag k="tourism" v="museum"/>
	<tag k="source:tourism" v="Wykaz Muzeów, wypis na dzień 2026-04-09"/>
</node>
<node id="-21987408" lat="54.356998" lon="19.6821438" version="1" timestamp="2026-04-19T19:46:10.725980Z" action="modify"   >
	<tag k="name" v="Muzeum Mikołaja Kopernika we Fromborku"/>
	<tag k="addr:postcode" v="14-530"/>
	<tag k="addr:city" v="Frombork"/>
	<tag k="addr:street" v="Katedralna"/>
	<tag k="addr:housenumber" v="8"/>
	<tag k="operator" v="Województwo Warmińsko – Mazurskie"/>
	<tag k="operator:type" v="government"/>
	<tag k="tourism" v="museum"/>
	<tag k="source:tourism" v="Wykaz Muzeów, wypis na dzień 2026-04-09"/>
</node>
<node id="-356572076" lat="50.0755565" lon="19.4397891" version="1" timestamp="2026-04-19T19:46:10.725980Z" action="modify"   >
	<tag k="name" v="Muzeum Małopolski Zachodniej w Wygiełzowie"/>
	<tag k="addr:postcode" v="32-551"/>
	<tag k="addr:city" v="Babice Wygiełzów"/>
	<tag k="addr:street" v="Podzamcze"/>
	<tag k="addr:housenumber" v="1"/>
	<tag k="operator" v="Województwo Małopolskie"/>
	<tag k="operator:type" v="government"/>
	<tag k="tourism" v="museum"/>
	<tag k="source:tourism" v="Wykaz Muzeów, wypis na dzień 2026-04-09"/>
</node>
<node id="-1002465544" lat="51.32188" lon="21.94638" version="1" timestamp="2026-04-19T19:46:10.725980Z" action="modify"   >
	<tag k="name" v="Muzeum Nadwiślańskie w Kazimierzu Dolnym"/>
	<tag k="addr:postcode" v="24-120"/>
	<tag k="addr:city" v="Kazimierz Dolny"/>
	<tag k="addr:street" v="Rynek"/>
	<tag k="addr:housenumber" v="19"/>
	<tag k="operator" v="Województwo Lubelskie"/>
	<tag k="operator:type" v="government"/>
	<tag k="tourism" v="museum"/>
	<tag k="source:tourism" v="Wykaz Muzeów, wypis na dzień 2026-04-09"/>
</node>
<node id="-29572611" lat="52.3141019" lon="16.7961515" version="1" timestamp="2026-04-19T19:46:10.725980Z" action="modify"   >
	<tag k="name" v="Muzeum Narodowe Rolnictwa i Przemysłu Rolno-Spożywczego w Szreniawie"/>
	<tag k="addr:postcode" v="62-052"/>
	<tag k="addr:city" v="Komorniki"/>
	<tag k="addr:street" v="Dworcowa"/>
	<tag k="addr:housenumber" v="5"/>
	<tag k="operator" v="Województwo Wielkopolskie"/>
	<tag k="operator:type" v="government"/>
	<tag k="tourism" v="museum"/>
	<tag k="source:tourism" v="Wykaz Muzeów, wypis na dzień 2026-04-09"/>
</node>
<node id="-652244774" lat="52.2453889" lon="21.0042645" version="1" timestamp="2026-04-19T19:46:10.725980Z" action="modify"   >
	<tag k="name" v="Muzeum Niepodległości w Warszawie"/>
	<tag k="addr:postcode" v="00-240"/>
	<tag k="addr:city" v="Warszawa"/>
	<tag k="addr:street" v="Solidarności"/>
	<tag k="addr:housenumber" v="62"/>
	<tag k="operator" v="Województwo Mazowieckie"/>
	<tag k="operator:type" v="government"/>
	<tag k="tourism" v="museum"/>
	<tag k="source:tourism" v="Wykaz Muzeów, wypis na dzień 2026-04-09"/>
</node>
<node id="-362013544" lat="50.0343178" lon="20.2181751" version="1" timestamp="2026-04-19T19:46:10.725980Z" action="modify"   >
	<tag k="name" v="Muzeum Niepołomickie w Niepołomicach"/>
	<tag k="addr:postcode" v="32-005"/>
	<tag k="addr:city" v="Niepołomice"/>
	<tag k="addr:street" v="Zamkowa"/>
	<tag k="addr:housenumber" v="2"/>
	<tag k="operator" v="Gmina Niepołomice"/>
	<tag k="operator:type" v="government"/>
	<tag k="tourism" v="museum"/>
	<tag k="source:tourism" v="Wykaz Muzeów, wypis na dzień 2026-04-09"/>
</node>
<node id="-498731203" lat="51.5966498" lon="15.2922393" version="1" timestamp="2026-04-19T19:46:10.725980Z" action="modify"   >
	<tag k="name" v="Muzeum Obozów Jenieckich w Żaganiu"/>
	<tag k="addr:postcode" v="68-100"/>
	<tag k="addr:city" v="Żagań"/>
	<tag k="addr:street" v="Lotników Alianckich"/>
	<tag k="addr:housenumber" v="6"/>
	<tag k="operator" v="Miasto Żagań"/>
	<tag k="operator:type" v="government"/>
	<tag k="tourism" v="museum"/>
	<tag k="source:tourism" v="Wykaz Muzeów, wypis na dzień 2026-04-09"/>
</node>
<node id="-614268751" lat="53.1246261" lon="18.0031244" version="1" timestamp="2026-04-19T19:46:10.725980Z" action="modify"   >
	<tag k="name" v="Muzeum Okręgowe im. Leona Wyczółkowskiego w Bydgoszczy"/>
	<tag k="addr:postcode" v="85-006"/>
	<tag k="addr:city" v="Bydgoszcz"/>
	<tag k="addr:street" v="Gdańska"/>
	<tag k="addr:housenumber" v="4"/>
	<tag k="operator" v="Miasto Bydgoszcz"/>
	<tag k="operator:type" v="government"/>
	<tag k="tourism" v="museum"/>
	<tag k="source:tourism" v="Wykaz Muzeów, wypis na dzień 2026-04-09"/>
</node>
<node id="-393212066" lat="51.8413707" lon="16.5714711" version="1" timestamp="2026-04-19T19:46:10.725980Z" action="modify"   >
	<tag k="name" v="Muzeum Okręgowe w Lesznie"/>
	<tag k="addr:postcode" v="64-100"/>
	<tag k="addr:city" v="Leszno"/>
	<tag k="addr:street" v="Jana Metziga"/>
	<tag k="addr:housenumber" v="17"/>
	<tag k="operator" v="Województwo Wielkopolskie"/>
	<tag k="operator:type" v="government"/>
	<tag k="tourism" v="museum"/>
	<tag k="source:tourism" v="Wykaz Muzeów, wypis na dzień 2026-04-09"/>
</node>
<node id="-251164725" lat="49.56398" lon="19.64901" version="1" timestamp="2026-04-19T19:46:10.725980Z" action="modify"   >
	<tag k="name" v="Muzeum - Orawski Park Etnograficzny w Zubrzycy Górnej"/>
	<tag k="addr:postcode" v="34-484"/>
	<tag k="addr:city" v="Zubrzyca Górna"/>
	<tag k="addr:street" v="Zubrzyca Górna"/>
	<tag k="addr:housenumber" v="388"/>
	<tag k="operator" v="Województwo Małopolskie"/>
	<tag k="operator:type" v="government"/>
	<tag k="tourism" v="museum"/>
	<tag k="source:tourism" v="Wykaz Muzeów, wypis na dzień 2026-04-09"/>
</node>
<node id="-61142232" lat="49.5136679" lon="20.2492656" version="1" timestamp="2026-04-19T19:46:10.725980Z" action="modify"   >
	<tag k="name" v="Muzeum Pamięci Narodowej i Sztuki Ludowej w Ochotnicy Górnej"/>
	<tag k="addr:postcode" v="34-453"/>
	<tag k="addr:city" v="Ochotnica Dolna"/>
	<tag k="addr:street" v="Zawady"/>
	<tag k="addr:housenumber" v="205 B"/>
	<tag k="operator" v="Gmina Ochotnica Dolna"/>
	<tag k="operator:type" v="government"/>
	<tag k="tourism" v="museum"/>
	<tag k="source:tourism" v="Wykaz Muzeów, wypis na dzień 2026-04-09"/>
</node>
<node id="-157986045" lat="52.7850379" lon="14.494341" version="1" timestamp="2026-04-19T19:46:10.725980Z" action="modify"   >
	<tag k="name" v="Muzeum Pamiątek 1. Armii Wojska Polskiego oraz Dziejów Ziemi Mieszkowickiej w Mieszkowicach"/>
	<tag k="addr:postcode" v="74-505"/>
	<tag k="addr:city" v="Mieszkowice"/>
	<tag k="addr:street" v="Chopina"/>
	<tag k="addr:housenumber" v="1"/>
	<tag k="operator" v="Gmina Mieszkowice"/>
	<tag k="operator:type" v="government"/>
	<tag k="tourism" v="museum"/>
	<tag k="source:tourism" v="Wykaz Muzeów, wypis na dzień 2026-04-09"/>
</node>
<node id="-592089715" lat="50.4044418" lon="16.3959125" version="1" timestamp="2026-04-19T19:46:10.725980Z" action="modify"   >
	<tag k="name" v="Muzeum Papiernictwa w Dusznikach Zdroju"/>
	<tag k="addr:postcode" v="57-340"/>
	<tag k="addr:city" v="Duszniki Zdrój"/>
	<tag k="addr:street" v="Kłodzka"/>
	<tag k="addr:housenumber" v="42"/>
	<tag k="operator" v="Województwo Dolnośląskie"/>
	<tag k="operator:type" v="government"/>
	<tag k="tourism" v="museum"/>
	<tag k="source:tourism" v="Wykaz Muzeów, wypis na dzień 2026-04-09"/>
</node>
<node id="-704789748" lat="52.5338606" lon="17.5832097" version="1" timestamp="2026-04-19T19:46:10.725980Z" action="modify"   >
	<tag k="name" v="Muzeum Początków Państwa Polskiego w Gnieźnie"/>
	<tag k="addr:postcode" v="62-200"/>
	<tag k="addr:city" v="Gniezno"/>
	<tag k="addr:street" v="Kostrzewskiego"/>
	<tag k="addr:housenumber" v="1"/>
	<tag k="operator" v="Województwo Wielkopolskie"/>
	<tag k="operator:type" v="government"/>
	<tag k="tourism" v="museum"/>
	<tag k="source:tourism" v="Wykaz Muzeów, wypis na dzień 2026-04-09"/>
</node>
<node id="-307903885" lat="51.1089776" lon="17.0326689" version="1" timestamp="2026-04-19T19:46:10.725980Z" action="modify"   >
	<tag k="name" v="Muzeum Poczty i Telekomunikacji we Wrocławiu"/>
	<tag k="addr:postcode" v="50-954"/>
	<tag k="addr:city" v="Wrocław"/>
	<tag k="addr:street" v="Z. Krasińskiego"/>
	<tag k="addr:housenumber" v="1"/>
	<tag k="operator" v="Województwo Dolnośląskie"/>
	<tag k="operator:type" v="government"/>
	<tag k="tourism" v="museum"/>
	<tag k="source:tourism" v="Wykaz Muzeów, wypis na dzień 2026-04-09"/>
</node>
<node id="-858956782" lat="51.5447826" lon="23.5531594" version="1" timestamp="2026-04-19T19:46:10.725980Z" action="modify"   >
	<tag k="name" v="Muzeum - Zespół Synagogalny we Włodawie"/>
	<tag k="addr:postcode" v="22-200"/>
	<tag k="addr:city" v="Włodawa"/>
	<tag k="addr:street" v="Czerwonego Krzyża"/>
	<tag k="addr:housenumber" v="7"/>
	<tag k="operator" v="Powiat Włodawski"/>
	<tag k="operator:type" v="government"/>
	<tag k="tourism" v="museum"/>
	<tag k="source:tourism" v="Wykaz Muzeów, wypis na dzień 2026-04-09"/>
</node>
<node id="-241445727" lat="50.7269125" lon="17.901834" version="1" timestamp="2026-04-19T19:46:10.725980Z" action="modify"   >
	<tag k="name" v="Muzeum Polskiej Piosenki w Opolu"/>
	<tag k="addr:postcode" v="45–040"/>
	<tag k="addr:city" v="Opole"/>
	<tag k="addr:street" v="Mikołaja Kopernika"/>
	<tag k="addr:housenumber" v="1"/>
	<tag k="operator" v="Miasto Opole"/>
	<tag k="operator:type" v="government"/>
	<tag k="tourism" v="museum"/>
	<tag k="source:tourism" v="Wykaz Muzeów, wypis na dzień 2026-04-09"/>
</node>
<node id="-758947823" lat="54.4640136" lon="17.0345265" version="1" timestamp="2026-04-19T19:46:10.725980Z" action="modify"   >
	<tag k="name" v="Muzeum Pomorza Środkowego w Słupsku"/>
	<tag k="addr:postcode" v="76-200"/>
	<tag k="addr:city" v="Słupsk"/>
	<tag k="addr:street" v="Dominikańska"/>
	<tag k="addr:housenumber" v="5"/>
	<tag k="operator" v="Województwo Pomorskie"/>
	<tag k="operator:type" v="government"/>
	<tag k="tourism" v="museum"/>
	<tag k="source:tourism" v="Wykaz Muzeów, wypis na dzień 2026-04-09"/>
</node>
<node id="-178664503" lat="50.2887013" lon="18.9259249" version="1" timestamp="2026-04-19T19:46:10.725980Z" action="modify"   >
	<tag k="name" v="Muzeum Powstań Śląskich w Świętochłowicach"/>
	<tag k="addr:postcode" v="41-600"/>
	<tag k="addr:city" v="Świętochłowice"/>
	<tag k="addr:street" v="Szpitalna"/>
	<tag k="addr:housenumber" v="2"/>
	<tag k="operator" v="Gmina Świętochłowice"/>
	<tag k="operator:type" v="government"/>
	<tag k="tourism" v="museum"/>
	<tag k="source:tourism" v="Wykaz Muzeów, wypis na dzień 2026-04-09"/>
</node>
<node id="-885322153" lat="50.7498289" lon="23.3630749" version="1" timestamp="2026-04-19T19:46:10.725980Z" action="modify"   >
	<tag k="name" v="Muzeum Pożarnictwa w Cześnikach"/>
	<tag k="addr:postcode" v="22-424"/>
	<tag k="addr:city" v="Sitno"/>
	<tag k="addr:street" v="Sitno"/>
	<tag k="addr:housenumber" v="73"/>
	<tag k="operator" v="Gmina Sitno"/>
	<tag k="operator:type" v="government"/>
	<tag k="tourism" v="museum"/>
	<tag k="source:tourism" v="Wykaz Muzeów, wypis na dzień 2026-04-09"/>
</node>
<node id="-986826459" lat="50.8655361" lon="15.6778538" version="1" timestamp="2026-04-19T19:46:10.725980Z" action="modify"   >
	<tag k="name" v="Muzeum Przyrodnicze w Jeleniej Górze"/>
	<tag k="addr:postcode" v="58-560"/>
	<tag k="addr:city" v="Jelenia Góra"/>
	<tag k="addr:street" v="Cieplicka"/>
	<tag k="addr:housenumber" v="11A"/>
	<tag k="operator" v="Miasto Jelenia Góra"/>
	<tag k="operator:type" v="government"/>
	<tag k="tourism" v="museum"/>
	<tag k="source:tourism" v="Wykaz Muzeów, wypis na dzień 2026-04-09"/>
</node>
<node id="-431045628" lat="53.1519438" lon="22.1703443" version="1" timestamp="2026-04-19T19:46:10.725980Z" action="modify"   >
	<tag k="name" v="Muzeum Przyrody – Dwór Lutosławskich w Drozdowie"/>
	<tag k="addr:postcode" v="18-421"/>
	<tag k="addr:city" v="Piątnica"/>
	<tag k="addr:street" v="Główna"/>
	<tag k="addr:housenumber" v="38"/>
	<tag k="operator" v="Powiat Łomżyński"/>
	<tag k="operator:type" v="government"/>
	<tag k="tourism" v="museum"/>
	<tag k="source:tourism" v="Wykaz Muzeów, wypis na dzień 2026-04-09"/>
</node>
<node id="-651499917" lat="51.0478812" lon="21.0678912" version="1" timestamp="2026-04-19T19:46:10.725980Z" action="modify"   >
	<tag k="name" v="Muzeum Przyrody i Techniki Ekomuzeum im. Jana Pazdura w Starachowicach"/>
	<tag k="addr:postcode" v="27-200"/>
	<tag k="addr:city" v="Starachowice"/>
	<tag k="addr:street" v="Wielkopiecowa"/>
	<tag k="addr:housenumber" v="1"/>
	<tag k="operator" v="Powiat Starachowicki"/>
	<tag k="operator:type" v="government"/>
	<tag k="tourism" v="museum"/>
	<tag k="source:tourism" v="Wykaz Muzeów, wypis na dzień 2026-04-09"/>
</node>
<node id="-778814675" lat="52.8396398" lon="15.8381324" version="1" timestamp="2026-04-19T19:46:10.725980Z" action="modify"   >
	<tag k="name" v="Muzeum Puszczy Drawskiej i Noteckiej im. Franciszka Grasia w Drezdenku"/>
	<tag k="addr:postcode" v="66-530"/>
	<tag k="addr:city" v="Drezdenko"/>
	<tag k="addr:street" v="Wolności"/>
	<tag k="addr:housenumber" v="11"/>
	<tag k="operator" v="Gmina Drezdenko"/>
	<tag k="operator:type" v="government"/>
	<tag k="tourism" v="museum"/>
	<tag k="source:tourism" v="Wykaz Muzeów, wypis na dzień 2026-04-09"/>
</node>
<node id="-462519535" lat="49.697095" lon="22.0213893" version="1" timestamp="2026-04-19T19:46:10.725980Z" action="modify"   >
	<tag k="name" v="Muzeum Regionalne im. Adama Fastnachta w Brzozowie"/>
	<tag k="addr:postcode" v="36-200"/>
	<tag k="addr:city" v="Brzozów"/>
	<tag k="addr:street" v="Rynek"/>
	<tag k="addr:housenumber" v="10"/>
	<tag k="operator" v="Gmina Brzozów"/>
	<tag k="operator:type" v="government"/>
	<tag k="tourism" v="museum"/>
	<tag k="source:tourism" v="Wykaz Muzeów, wypis na dzień 2026-04-09"/>
</node>
<node id="-464204650" lat="52.0862706" lon="16.645239" version="1" timestamp="2026-04-19T19:46:10.725980Z" action="modify"   >
	<tag k="name" v="Muzeum Regionalne im. dr. Henryka Florkowskiego w Kościanie"/>
	<tag k="addr:postcode" v="64-000"/>
	<tag k="addr:city" v="Kościan"/>
	<tag k="addr:street" v="Rynek"/>
	<tag k="addr:housenumber" v="1"/>
	<tag k="operator" v="Gmina Miejska Kościan"/>
	<tag k="operator:type" v="government"/>
	<tag k="tourism" v="museum"/>
	<tag k="source:tourism" v="Wykaz Muzeów, wypis na dzień 2026-04-09"/>
</node>
<node id="-645116236" lat="50.4539616" lon="23.419911" version="1" timestamp="2026-04-19T19:46:10.725980Z" action="modify"   >
	<tag k="name" v="Muzeum Regionalne im. dr. Janusza Petera w Tomaszowie Lubelskim"/>
	<tag k="addr:postcode" v="22-600"/>
	<tag k="addr:city" v="Tomaszów Lubelski"/>
	<tag k="addr:street" v="Zamojska"/>
	<tag k="addr:housenumber" v="2"/>
	<tag k="operator" v="Powiat Tomaszowski (Tomaszów Lubelski)"/>
	<tag k="operator:type" v="government"/>
	<tag k="tourism" v="museum"/>
	<tag k="source:tourism" v="Wykaz Muzeów, wypis na dzień 2026-04-09"/>
</node>
<node id="-511979798" lat="53.7657805" lon="21.3379758" version="1" timestamp="2026-04-19T19:46:10.725980Z" action="modify"   >
	<tag k="name" v="Muzeum Regionalne im. Walentyny Dermackiej z Sapiehów w Pieckach"/>
	<tag k="addr:postcode" v="11-710"/>
	<tag k="addr:city" v="Piecki"/>
	<tag k="addr:street" v="Zwycięstwa"/>
	<tag k="addr:housenumber" v="48"/>
	<tag k="operator" v="Gmina Piecki"/>
	<tag k="operator:type" v="government"/>
	<tag k="tourism" v="museum"/>
	<tag k="source:tourism" v="Wykaz Muzeów, wypis na dzień 2026-04-09"/>
</node>

<node id="-1063746318" lat="51.2705427" lon="15.9292335" version="1" timestamp="2026-04-19T19:46:10.725980Z" action="modify"   >
	<tag k="name" v="Muzeum Regionalne w Chojnowie"/>
	<tag k="addr:postcode" v="59-225"/>
	<tag k="addr:city" v="Chojnów"/>
	<tag k="addr:street" v="Zamkowy"/>
	<tag k="addr:housenumber" v="3"/>
	<tag k="operator" v="Miasto Chojnów"/>
	<tag k="operator:type" v="government"/>
	<tag k="tourism" v="museum"/>
	<tag k="source:tourism" v="Wykaz Muzeów, wypis na dzień 2026-04-09"/>
</node>
<node id="-429940894" lat="53.6683758" lon="17.3602104" version="1" timestamp="2026-04-19T19:46:10.725980Z" action="modify"   >
	<tag k="name" v="Muzeum Regionalne w Człuchowie"/>
	<tag k="addr:postcode" v="77-300"/>
	<tag k="addr:city" v="Człuchów"/>
	<tag k="addr:street" v="Wojska Polskiego"/>
	<tag k="addr:housenumber" v="3"/>
	<tag k="operator" v="Gmina Miejska Człuchów"/>
	<tag k="operator:type" v="government"/>
	<tag k="tourism" v="museum"/>
	<tag k="source:tourism" v="Wykaz Muzeów, wypis na dzień 2026-04-09"/>
</node>
<node id="-17142454" lat="52.8938366" lon="18.4073238" version="1" timestamp="2026-04-19T19:46:10.725980Z" action="modify"   >
	<tag k="name" v="Muzeum Regionalne w Gniewkowie"/>
	<tag k="addr:postcode" v="88-140"/>
	<tag k="addr:city" v="Gniewkowo"/>
	<tag k="addr:street" v="Podgórna"/>
	<tag k="addr:housenumber" v="2"/>
	<tag k="operator" v="Gmina Gniewkowo"/>
	<tag k="operator:type" v="government"/>
	<tag k="tourism" v="museum"/>
	<tag k="source:tourism" v="Wykaz Muzeów, wypis na dzień 2026-04-09"/>
</node>
<node id="-153037828" lat="50.9822565" lon="23.171612" version="1" timestamp="2026-04-19T19:46:10.725980Z" action="modify"   >
	<tag k="name" v="Muzeum Regionalne w Krasnymstawie"/>
	<tag k="addr:postcode" v="22-300"/>
	<tag k="addr:city" v="Krasnystaw"/>
	<tag k="addr:street" v="Marszałka Józefa Piłsudskiego"/>
	<tag k="addr:housenumber" v="5A"/>
	<tag k="operator" v="Powiat Krasnostawski"/>
	<tag k="operator:type" v="government"/>
	<tag k="tourism" v="museum"/>
	<tag k="source:tourism" v="Wykaz Muzeów, wypis na dzień 2026-04-09"/>
</node>

<node id="-416594009" lat="52.1678491" lon="22.2728071" version="1" timestamp="2026-04-19T19:46:10.725980Z" action="modify"   >
	<tag k="name" v="Muzeum Regionalne im. Mieczysłwa Asłanowicza w Siedlcach"/>
	<tag k="addr:postcode" v="08-110"/>
	<tag k="addr:city" v="Siedlce"/>
	<tag k="addr:street" v="Piłsudskiego"/>
	<tag k="addr:housenumber" v="1"/>
	<tag k="operator" v="Województwo Mazowieckie"/>
	<tag k="operator:type" v="government"/>
	<tag k="tourism" v="museum"/>
	<tag k="source:tourism" v="Wykaz Muzeów, wypis na dzień 2026-04-09"/>
</node>
<node id="-1046878488" lat="52.2499543" lon="15.5328747" version="1" timestamp="2026-04-19T19:46:10.725980Z" action="modify"   >
	<tag k="name" v="Muzeum Regionalne w Świebodzinie"/>
	<tag k="addr:postcode" v="66-200"/>
	<tag k="addr:city" v="Świebodzin"/>
	<tag k="addr:street" v="Jana Pawła II"/>
	<tag k="addr:housenumber" v="1"/>
	<tag k="operator" v="Gmina Świebodzin"/>
	<tag k="operator:type" v="government"/>
	<tag k="tourism" v="museum"/>
	<tag k="source:tourism" v="Wykaz Muzeów, wypis na dzień 2026-04-09"/>
</node>
<node id="-735472904" lat="51.60634" lon="17.52786" version="1" timestamp="2026-04-19T19:46:10.725980Z" action="modify"   >
	<tag k="name" v="Muzeum Regionalne Ziemi Sulmierzyckiej im. Sebastiana Fabiana Klonowicza"/>
	<tag k="addr:postcode" v="63-750"/>
	<tag k="addr:city" v="Sulmierzyce"/>
	<tag k="addr:street" v="Rynek"/>
	<tag k="addr:housenumber" v="1"/>
	<tag k="operator" v="Miasto Sulmierzyce"/>
	<tag k="operator:type" v="government"/>
	<tag k="tourism" v="museum"/>
	<tag k="source:tourism" v="Wykaz Muzeów, wypis na dzień 2026-04-09"/>
</node>
<node id="-739292627" lat="52.68273" lon="22.4849" version="1" timestamp="2026-04-19T19:46:10.725980Z" action="modify"   >
	<tag k="name" v="Muzeum Rolnictwa im. ks. Krzysztofa Klukaw Ciechanowcu"/>
	<tag k="addr:postcode" v="18-230"/>
	<tag k="addr:city" v="Ciechanowiec"/>
	<tag k="addr:street" v="Pałacowa"/>
	<tag k="addr:housenumber" v="5"/>
	<tag k="operator" v="Województwo Podlaskie"/>
	<tag k="operator:type" v="government"/>
	<tag k="tourism" v="museum"/>
	<tag k="source:tourism" v="Wykaz Muzeów, wypis na dzień 2026-04-09"/>
</node>
<node id="-529658600" lat="52.9067647" lon="20.7163478" version="1" timestamp="2026-04-19T19:46:10.725980Z" action="modify"   >
	<tag k="name" v="Muzeum Romantyzmu w Opinogórze"/>
	<tag k="addr:postcode" v="06-406"/>
	<tag k="addr:city" v="Opinogóra"/>
	<tag k="addr:street" v="Zygmunta Krasińskiego"/>
	<tag k="addr:housenumber" v="9"/>
	<tag k="operator" v="Samorząd Województwa Mazowieckiego"/>
	<tag k="operator:type" v="government"/>
	<tag k="tourism" v="museum"/>
	<tag k="source:tourism" v="Wykaz Muzeów, wypis na dzień 2026-04-09"/>
</node>
<node id="-218189923" lat="50.3084928" lon="19.0634796" version="1" timestamp="2026-04-19T19:46:10.725980Z" action="modify"   >
	<tag k="name" v="Muzeum Saturn w Czeladzi"/>
	<tag k="addr:postcode" v="41-250"/>
	<tag k="addr:city" v="Czeladź"/>
	<tag k="addr:street" v="Dehnelów"/>
	<tag k="addr:housenumber" v="43"/>
	<tag k="operator" v="Gmina Miejska Czeladź"/>
	<tag k="operator:type" v="government"/>
	<tag k="tourism" v="museum"/>
	<tag k="source:tourism" v="Wykaz Muzeów, wypis na dzień 2026-04-09"/>
</node>
<node id="-957940871" lat="53.0830178" lon="18.2279133" version="1" timestamp="2026-04-19T19:46:10.725980Z" action="modify"   >
	<tag k="name" v="Muzeum Solca im. Księcia Przemysła w Solcu Kujawskim"/>
	<tag k="addr:postcode" v="86-050"/>
	<tag k="addr:city" v="Solec Kujawski"/>
	<tag k="addr:street" v="Toruńska"/>
	<tag k="addr:housenumber" v="8"/>
	<tag k="operator" v="Miasto i Gmina Solec Kujawski"/>
	<tag k="operator:type" v="government"/>
	<tag k="tourism" v="museum"/>
	<tag k="source:tourism" v="Wykaz Muzeów, wypis na dzień 2026-04-09"/>
</node>
<node id="-256501204" lat="50.774826" lon="15.7591256" version="1" timestamp="2026-04-19T19:46:10.725980Z" action="modify"   >
	<tag k="name" v="Muzeum Sportu i Turystyki w Karpaczu"/>
	<tag k="addr:postcode" v="58-540"/>
	<tag k="addr:city" v="Karpacz"/>
	<tag k="addr:street" v="Mikołaja Kopernika"/>
	<tag k="addr:housenumber" v="2"/>
	<tag k="operator" v="Województwo Dolnośląskie"/>
	<tag k="operator:type" v="government"/>
	<tag k="tourism" v="museum"/>
	<tag k="source:tourism" v="Wykaz Muzeów, wypis na dzień 2026-04-09"/>
</node>
<node id="-752648758" lat="52.2741762" lon="20.9969981" version="1" timestamp="2026-04-19T19:46:10.725980Z" action="modify"   >
	<tag k="name" v="Muzeum Sportu i Turystyki w Warszawie"/>
	<tag k="addr:postcode" v="01-531"/>
	<tag k="addr:city" v="Warszawa"/>
	<tag k="addr:street" v="Wybrzeże Gdyńskie"/>
	<tag k="addr:housenumber" v="4"/>
	<tag k="operator" v="Województwo Mazowieckie"/>
	<tag k="operator:type" v="government"/>
	<tag k="tourism" v="museum"/>
	<tag k="source:tourism" v="Wykaz Muzeów, wypis na dzień 2026-04-09"/>
</node>
<node id="-57976090" lat="50.6005474" lon="17.0408049" version="1" timestamp="2026-04-19T19:46:10.725980Z" action="modify"   >
	<tag k="name" v="Muzeum Domu Śląskiego w Ziebicach"/>
	<tag k="addr:postcode" v="57-220"/>
	<tag k="addr:city" v="Ziębice"/>
	<tag k="addr:street" v="Rynek"/>
	<tag k="addr:housenumber" v="44"/>
	<tag k="operator" v="Gmina Ziębice"/>
	<tag k="operator:type" v="government"/>
	<tag k="tourism" v="museum"/>
	<tag k="source:tourism" v="Wykaz Muzeów, wypis na dzień 2026-04-09"/>
</node>
<node id="-281448574" lat="52.8793204" lon="20.6178762" version="1" timestamp="2026-04-19T19:46:10.725980Z" action="modify"   >
	<tag k="name" v="Muzeum Szlachty Mazowieckiej w Ciechanowie"/>
	<tag k="addr:postcode" v="06-400"/>
	<tag k="addr:city" v="Ciechanów"/>
	<tag k="addr:street" v="Warszawska"/>
	<tag k="addr:housenumber" v="61"/>
	<tag k="operator" v="Województwo Mazowieckie"/>
	<tag k="operator:type" v="government"/>
	<tag k="tourism" v="museum"/>
	<tag k="source:tourism" v="Wykaz Muzeów, wypis na dzień 2026-04-09"/>
</node>
<node id="-170195218" lat="50.0478769" lon="19.9613687" version="1" timestamp="2026-04-19T19:46:10.725980Z" action="modify"   >
	<tag k="name" v="Muzeum Sztuki Współczesnej w Krakowie MOCAK"/>
	<tag k="addr:postcode" v="30-702"/>
	<tag k="addr:city" v="Kraków"/>
	<tag k="addr:street" v="Lipowa"/>
	<tag k="addr:housenumber" v="4"/>
	<tag k="operator" v="Gmina Miejska Kraków"/>
	<tag k="operator:type" v="government"/>
	<tag k="tourism" v="museum"/>
	<tag k="source:tourism" v="Wykaz Muzeów, wypis na dzień 2026-04-09"/>
</node>
<node id="-57721366" lat="50.6688468" lon="17.9242969" version="1" timestamp="2026-04-19T19:46:10.725980Z" action="modify"   >
	<tag k="name" v="Muzeum Śląska Opolskiego w Opolu"/>
	<tag k="addr:postcode" v="45-023"/>
	<tag k="addr:city" v="Opole"/>
	<tag k="addr:street" v="św. Wojciecha"/>
	<tag k="addr:housenumber" v="13"/>
	<tag k="operator" v="Województwo Opolskie"/>
	<tag k="operator:type" v="government"/>
	<tag k="tourism" v="museum"/>
	<tag k="source:tourism" v="Wykaz Muzeów, wypis na dzień 2026-04-09"/>
</node>
<node id="-575408733" lat="49.9340532" lon="19.9444653" version="1" timestamp="2026-04-19T19:46:10.725980Z" action="modify"   >
	<tag k="name" v="Muzeum Ślusarstwa im. Marcina Mikuły w Świątnikach Górnych"/>
	<tag k="addr:postcode" v="32-040"/>
	<tag k="addr:city" v="Świątniki Górne"/>
	<tag k="addr:street" v="Kazimierza Bruchnalskiego"/>
	<tag k="addr:housenumber" v="35"/>
	<tag k="operator" v="Miasto i Gmina Świątniki Górne"/>
	<tag k="operator:type" v="government"/>
	<tag k="tourism" v="museum"/>
	<tag k="source:tourism" v="Wykaz Muzeów, wypis na dzień 2026-04-09"/>
</node>
<node id="-581416440" lat="52.2109695" lon="18.6321466" version="1" timestamp="2026-04-19T19:46:10.725980Z" action="modify"   >
	<tag k="name" v="Muzeum Technik Ceramicznych w Kole"/>
	<tag k="addr:postcode" v="62-600"/>
	<tag k="addr:city" v="Koło"/>
	<tag k="addr:street" v="M. Kajki"/>
	<tag k="addr:housenumber" v="44"/>
	<tag k="operator" v="Gmina Miejska Koło"/>
	<tag k="operator:type" v="government"/>
	<tag k="tourism" v="museum"/>
	<tag k="source:tourism" v="Wykaz Muzeów, wypis na dzień 2026-04-09"/>
</node>
<node id="-308523462" lat="53.4479891" lon="14.540561" version="1" timestamp="2026-04-19T19:46:10.725980Z" action="modify"   >
	<tag k="name" v="Muzeum Techniki i Komunikacji - Zajezdnia Sztuki w Szczecinie"/>
	<tag k="addr:postcode" v="71-441"/>
	<tag k="addr:city" v="Szczecin"/>
	<tag k="addr:street" v="Niemierzyńska"/>
	<tag k="addr:housenumber" v="18A"/>
	<tag k="operator" v="Gmina Miasto Szczecin"/>
	<tag k="operator:type" v="government"/>
	<tag k="tourism" v="museum"/>
	<tag k="source:tourism" v="Wykaz Muzeów, wypis na dzień 2026-04-09"/>
</node>
<node id="-314118081" lat="52.5803952" lon="14.6393108" version="1" timestamp="2026-04-19T19:46:10.725980Z" action="modify"   >
	<tag k="name" v="Muzeum Twierdzy Kostrzyn nad Odrą"/>
	<tag k="addr:postcode" v="66-470"/>
	<tag k="addr:city" v="Kostrzyn nad Odrą"/>
	<tag k="addr:street" v="Graniczna"/>
	<tag k="addr:housenumber" v="1"/>
	<tag k="operator" v="Miasto Kostrzyn nad Odrą"/>
	<tag k="operator:type" v="government"/>
	<tag k="tourism" v="museum"/>
	<tag k="source:tourism" v="Wykaz Muzeów, wypis na dzień 2026-04-09"/>
</node>
<node id="-751874870" lat="49.7161244" lon="18.8173351" version="1" timestamp="2026-04-19T19:46:10.725980Z" action="modify"   >
	<tag k="name" v="Muzeum Ustrońskie im. Jana Jarockiego w Ustroniu"/>
	<tag k="addr:postcode" v="43-450"/>
	<tag k="addr:city" v="Ustroń"/>
	<tag k="addr:street" v="Hutnicza"/>
	<tag k="addr:housenumber" v="3"/>
	<tag k="operator" v="Miasto Ustroń"/>
	<tag k="operator:type" v="government"/>
	<tag k="tourism" v="museum"/>
	<tag k="source:tourism" v="Wykaz Muzeów, wypis na dzień 2026-04-09"/>
</node>
<node id="-684464740" lat="51.6948083" lon="17.8648606" version="1" timestamp="2026-04-19T19:46:10.725980Z" action="modify"   >
	<tag k="name" v="Muzeum w Lewkowie - Zespół Pałacowo - Parkowy"/>
	<tag k="addr:postcode" v="63-410"/>
	<tag k="addr:city" v="Lewków"/>
	<tag k="addr:street" v="Kwiatkowska"/>
	<tag k="addr:housenumber" v="6c"/>
	<tag k="operator" v="Województwo Wielkopolskie"/>
	<tag k="operator:type" v="government"/>
	<tag k="tourism" v="museum"/>
	<tag k="source:tourism" v="Wykaz Muzeów, wypis na dzień 2026-04-09"/>
</node>
<node id="-489473675" lat="50.0633432" lon="22.4882427" version="1" timestamp="2026-04-19T19:46:10.725980Z" action="modify"   >
	<tag k="name" v="Muzeum w Przeworsku - Zespół Pałacowo-Parkowy"/>
	<tag k="addr:postcode" v="37-200"/>
	<tag k="addr:city" v="Przeworsk"/>
	<tag k="addr:street" v="Park"/>
	<tag k="addr:housenumber" v="2"/>
	<tag k="operator" v="Powiat Przeworski"/>
	<tag k="operator:type" v="government"/>
	<tag k="tourism" v="museum"/>
	<tag k="source:tourism" v="Wykaz Muzeów, wypis na dzień 2026-04-09"/>
</node>
<node id="-889985941" lat="50.0928009" lon="18.2175343" version="1" timestamp="2026-04-19T19:46:10.725980Z" action="modify"   >
	<tag k="name" v="Muzeum w Raciborzu"/>
	<tag k="addr:postcode" v="47-400"/>
	<tag k="addr:city" v="Racibórz"/>
	<tag k="addr:street" v="Rzeźnicza"/>
	<tag k="addr:housenumber" v="15"/>
	<tag k="operator" v="Gmina Racibórz"/>
	<tag k="operator:type" v="government"/>
	<tag k="tourism" v="museum"/>
	<tag k="source:tourism" v="Wykaz Muzeów, wypis na dzień 2026-04-09"/>
</node>
<node id="-547628907" lat="50.4442168" lon="18.8548796" version="1" timestamp="2026-04-19T19:46:10.725980Z" action="modify"   >
	<tag k="name" v="Muzeum w Tarnowskich Górach"/>
	<tag k="addr:postcode" v="42-600"/>
	<tag k="addr:city" v="Tarnowskie Góry"/>
	<tag k="addr:street" v="Rynek"/>
	<tag k="addr:housenumber" v="1"/>
	<tag k="operator" v="Gmina Tarnowskie Góry"/>
	<tag k="operator:type" v="government"/>
	<tag k="tourism" v="museum"/>
	<tag k="source:tourism" v="Wykaz Muzeów, wypis na dzień 2026-04-09"/>
</node>
<node id="-711606489" lat="51.5314448" lon="20.0124509" version="1" timestamp="2026-04-19T19:46:10.725980Z" action="modify"   >
	<tag k="name" v="Muzeum w Tomaszowie Mazowieckim imienia Antoniego Hrabiego Ostrowskiego"/>
	<tag k="addr:postcode" v="97-200"/>
	<tag k="addr:city" v="Tomaszów Mazowiecki"/>
	<tag k="addr:street" v="Polskiej Organizacji Wojskowej"/>
	<tag k="addr:housenumber" v="11"/>
	<tag k="operator" v="Gmina - Miasto Tomaszów Mazowiecki"/>
	<tag k="operator:type" v="government"/>
	<tag k="tourism" v="museum"/>
	<tag k="source:tourism" v="Wykaz Muzeów, wypis na dzień 2026-04-09"/>
</node>
<node id="-566859578" lat="53.7777261" lon="20.4747107" version="1" timestamp="2026-04-19T19:46:10.725980Z" action="modify"   >
	<tag k="name" v="Muzeum Warmii i Mazur w Olsztynie"/>
	<tag k="addr:postcode" v="10-074"/>
	<tag k="addr:city" v="Olsztyn"/>
	<tag k="addr:street" v="Zamkowa"/>
	<tag k="addr:housenumber" v="2"/>
	<tag k="operator" v="Województwo Warmińsko – Mazurskie"/>
	<tag k="operator:type" v="government"/>
	<tag k="tourism" v="museum"/>
	<tag k="source:tourism" v="Wykaz Muzeów, wypis na dzień 2026-04-09"/>
</node>
<node id="-711351706" lat="52.3856151" lon="20.1920797" version="1" timestamp="2026-04-19T19:46:10.725980Z" action="modify"   >
	<tag k="name" v="Muzeum Wisły Środkowej i Ziemi Wyszogrodzkiej w Wyszogrodzie"/>
	<tag k="addr:postcode" v="09-450"/>
	<tag k="addr:city" v="Wyszogród"/>
	<tag k="addr:street" v="Rynek"/>
	<tag k="addr:housenumber" v="1"/>
	<tag k="operator" v="Gmina i Miasto Wyszogród"/>
	<tag k="operator:type" v="government"/>
	<tag k="tourism" v="museum"/>
	<tag k="source:tourism" v="Wykaz Muzeów, wypis na dzień 2026-04-09"/>
</node>
<node id="-381506115" lat="50.8678013" lon="20.628735" version="1" timestamp="2026-04-19T19:46:10.725980Z" action="modify"   >
	<tag k="name" v="Muzeum Wsi Kieleckiej w Kielcach"/>
	<tag k="addr:postcode" v="25-025"/>
	<tag k="addr:city" v="Kielce"/>
	<tag k="addr:street" v="Jana Pawła II"/>
	<tag k="addr:housenumber" v="6"/>
	<tag k="operator" v="Województwo Świętokrzyskie"/>
	<tag k="operator:type" v="government"/>
	<tag k="tourism" v="museum"/>
	<tag k="source:tourism" v="Wykaz Muzeów, wypis na dzień 2026-04-09"/>
</node>
<node id="-571241371" lat="51.2600155" lon="22.5060373" version="1" timestamp="2026-04-19T19:46:10.725980Z" action="modify"   >
	<tag k="name" v="Muzeum Wsi Lubelskiej w Lublinie"/>
	<tag k="addr:postcode" v="20-824"/>
	<tag k="addr:city" v="Lublin"/>
	<tag k="addr:street" v="Warszawska"/>
	<tag k="addr:housenumber" v="96"/>
	<tag k="operator" v="Województwo Lubelskie"/>
	<tag k="operator:type" v="government"/>
	<tag k="tourism" v="museum"/>
	<tag k="source:tourism" v="Wykaz Muzeów, wypis na dzień 2026-04-09"/>
</node>
<node id="-405007741" lat="52.8653548" lon="19.636218" version="1" timestamp="2026-04-19T19:46:10.725980Z" action="modify"   >
	<tag k="name" v="Muzeum Wsi Mazowieckiej w Sierpcu"/>
	<tag k="addr:postcode" v="09-200"/>
	<tag k="addr:city" v="Sierpc"/>
	<tag k="addr:street" v="Gabriela Narutowicza"/>
	<tag k="addr:housenumber" v="64"/>
	<tag k="operator" v="Samorząd Województwa Mazowieckiego"/>
	<tag k="operator:type" v="government"/>
	<tag k="tourism" v="museum"/>
	<tag k="source:tourism" v="Wykaz Muzeów, wypis na dzień 2026-04-09"/>
</node>
<node id="-914789082" lat="50.6842151" lon="17.8589835" version="1" timestamp="2026-04-19T19:46:10.725980Z" action="modify"   >
	<tag k="name" v="Muzeum Wsi Opolskiej w Opolu"/>
	<tag k="addr:postcode" v="45-835"/>
	<tag k="addr:city" v="Opole"/>
	<tag k="addr:street" v="Wrocławska"/>
	<tag k="addr:housenumber" v="174"/>
	<tag k="operator" v="Województwo Opolskie"/>
	<tag k="operator:type" v="government"/>
	<tag k="tourism" v="museum"/>
	<tag k="source:tourism" v="Wykaz Muzeów, wypis na dzień 2026-04-09"/>
</node>
<node id="-709270142" lat="51.113059" lon="17.0047051" version="1" timestamp="2026-04-19T19:46:10.725980Z" action="modify"   >
	<tag k="name" v="Muzeum Współczesne Wrocław"/>
	<tag k="addr:postcode" v="53-681"/>
	<tag k="addr:city" v="Wrocław"/>
	<tag k="addr:street" v="Strzegomski"/>
	<tag k="addr:housenumber" v="2a"/>
	<tag k="operator" v="Gmina Wrocław"/>
	<tag k="operator:type" v="government"/>
	<tag k="tourism" v="museum"/>
	<tag k="source:tourism" v="Wykaz Muzeów, wypis na dzień 2026-04-09"/>
</node>
<node id="-241893374" lat="54.1685512" lon="17.492036" version="1" timestamp="2026-04-19T19:46:10.725980Z" action="modify"   >
	<tag k="name" v="Muzeum Zachodniokaszubskie w Bytowie"/>
	<tag k="addr:postcode" v="77-100"/>
	<tag k="addr:city" v="Bytów"/>
	<tag k="addr:street" v="Zamkowa"/>
	<tag k="addr:housenumber" v="2"/>
	<tag k="operator" v="Województwo Pomorskie"/>
	<tag k="operator:type" v="government"/>
	<tag k="tourism" v="museum"/>
	<tag k="source:tourism" v="Wykaz Muzeów, wypis na dzień 2026-04-09"/>
</node>
<node id="-284166906" lat="50.328821" lon="19.1238724" version="1" timestamp="2026-04-19T19:46:10.725980Z" action="modify"   >
	<tag k="name" v="Muzeum Zagłębia w Będzinie"/>
	<tag k="addr:postcode" v="42-500"/>
	<tag k="addr:city" v="Będzin"/>
	<tag k="addr:street" v="Gzichowska"/>
	<tag k="addr:housenumber" v="15"/>
	<tag k="operator" v="Gmina Będzin"/>
	<tag k="operator:type" v="government"/>
	<tag k="tourism" v="museum"/>
	<tag k="source:tourism" v="Wykaz Muzeów, wypis na dzień 2026-04-09"/>
</node>
<node id="-663919636" lat="53.9673898" lon="18.5322091" version="1" timestamp="2026-04-19T19:46:10.725980Z" action="modify"   >
	<tag k="name" v="Muzeum Ziemi Kociewskiej w Starogardzie Gdańskim"/>
	<tag k="addr:postcode" v="83-200"/>
	<tag k="addr:city" v="Starogard Gdański"/>
	<tag k="addr:street" v="Rynek"/>
	<tag k="addr:housenumber" v="1"/>
	<tag k="operator" v="Gmina Miejska Starogard Gdański"/>
	<tag k="operator:type" v="government"/>
	<tag k="tourism" v="museum"/>
	<tag k="source:tourism" v="Wykaz Muzeów, wypis na dzień 2026-04-09"/>
</node>
<node id="-28376651" lat="54.4199605" lon="16.4124654" version="1" timestamp="2026-04-19T19:46:10.725980Z" action="modify"   >
	<tag k="name" v="Zamek Książąt Pomorskich - Muzeum w Darłowie"/>
	<tag k="addr:postcode" v="76-150"/>
	<tag k="addr:city" v="Darłowo"/>
	<tag k="addr:street" v="Zamkowy"/>
	<tag k="addr:housenumber" v="4"/>
	<tag k="operator" v="Powiat Sławieński"/>
	<tag k="operator:type" v="government"/>
	<tag k="tourism" v="museum"/>
	<tag k="source:tourism" v="Wykaz Muzeów, wypis na dzień 2026-04-09"/>
</node>
<node id="-476821973" lat="52.25447" lon="19.5792" version="1" timestamp="2026-04-19T19:46:10.725980Z" action="modify"   >
	<tag k="name" v="Muzeum - Zamek w Oporowie"/>
	<tag k="addr:postcode" v="99-322"/>
	<tag k="addr:city" v="Oporów"/>
	<tag k="addr:street" v="Oporów"/>
	<tag k="addr:housenumber" v="34"/>
	<tag k="operator" v="Powiat Kutnowski"/>
	<tag k="operator:type" v="government"/>
	<tag k="tourism" v="museum"/>
	<tag k="source:tourism" v="Wykaz Muzeów, wypis na dzień 2026-04-09"/>
</node>
<node id="-386004187" lat="49.9781583" lon="18.9404523" version="1" timestamp="2026-04-19T19:46:10.725980Z" action="modify"   >
	<tag k="name" v="Muzeum Zamkowe w Pszczynie"/>
	<tag k="addr:postcode" v="43-200"/>
	<tag k="addr:city" v="Pszczyna"/>
	<tag k="addr:street" v="Brama Wybrańców"/>
	<tag k="addr:housenumber" v="1"/>
	<tag k="operator" v="Województwo Śląskie"/>
	<tag k="operator:type" v="government"/>
	<tag k="tourism" v="museum"/>
	<tag k="source:tourism" v="Wykaz Muzeów, wypis na dzień 2026-04-09"/>
</node>
<node id="-770727653" lat="54.2189" lon="18.10255" version="1" timestamp="2026-04-19T19:46:10.725980Z" action="modify"   >
	<tag k="name" v="Muzeum Zamek Szymbark w Warszawie"/>
	<tag k="addr:postcode" v="14-200"/>
	<tag k="addr:city" v="Szymbark"/>
	<tag k="addr:street" v="Szymbark"/>
	<tag k="addr:housenumber" v="10A"/>
	<tag k="operator" v="Fundacja Zamek Szymbark"/>
	<tag k="operator:type" v="ngo"/>
	<tag k="tourism" v="museum"/>
	<tag k="source:tourism" v="Wykaz Muzeów, wypis na dzień 2026-04-09"/>
</node>
<node id="-152493242" lat="50.7175722" lon="23.2529298" version="1" timestamp="2026-04-19T19:46:10.725980Z" action="modify"   >
	<tag k="name" v="Muzeum Zamojskie w Zamościu"/>
	<tag k="addr:postcode" v="22-400"/>
	<tag k="addr:city" v="Zamość"/>
	<tag k="addr:street" v="Ormiańska"/>
	<tag k="addr:housenumber" v="30"/>
	<tag k="operator" v="Miasto Zamość"/>
	<tag k="operator:type" v="government"/>
	<tag k="tourism" v="museum"/>
	<tag k="source:tourism" v="Wykaz Muzeów, wypis na dzień 2026-04-09"/>
</node>
<node id="-51300710" lat="51.4595933" lon="22.4894984" version="1" timestamp="2026-04-19T19:46:10.725980Z" action="modify"   >
	<tag k="name" v="Muzeum Zamoyskich w Kozłówce"/>
	<tag k="addr:postcode" v="21-132"/>
	<tag k="addr:city" v="Kamionka"/>
	<tag k="addr:street" v="Kozłówka"/>
	<tag k="addr:housenumber" v="3"/>
	<tag k="operator" v="Województwo Lubelskie"/>
	<tag k="operator:type" v="government"/>
	<tag k="tourism" v="museum"/>
	<tag k="source:tourism" v="Wykaz Muzeów, wypis na dzień 2026-04-09"/>
</node>
<node id="-948164439" lat="50.5317152" lon="22.7180297" version="1" timestamp="2026-04-19T19:46:10.725980Z" action="modify"   >
	<tag k="name" v="Muzeum Ziemi Biłgorajskiej w Biłgoraju"/>
	<tag k="addr:postcode" v="23-400"/>
	<tag k="addr:city" v="Biłgoraj"/>
	<tag k="addr:street" v="Kościuszki"/>
	<tag k="addr:housenumber" v="87"/>
	<tag k="operator" v="Powiat Biłgorajski"/>
	<tag k="operator:type" v="government"/>
	<tag k="tourism" v="museum"/>
	<tag k="source:tourism" v="Wykaz Muzeów, wypis na dzień 2026-04-09"/>
</node>
<node id="-60625664" lat="51.2775503" lon="17.9904047" version="1" timestamp="2026-04-19T19:46:10.725980Z" action="modify"   >
	<tag k="name" v="Muzeum Ziemi Kępińskiej im. Tadeusza Piotra Potworowskiego w Kępnie"/>
	<tag k="addr:postcode" v="63-600"/>
	<tag k="addr:city" v="Kępno"/>
	<tag k="addr:street" v="Kwiatowa"/>
	<tag k="addr:housenumber" v="13"/>
	<tag k="operator" v="Gmina Kępno"/>
	<tag k="operator:type" v="government"/>
	<tag k="tourism" v="museum"/>
	<tag k="source:tourism" v="Wykaz Muzeów, wypis na dzień 2026-04-09"/>
</node>
<node id="-953956078" lat="53.1395818" lon="17.6027133" version="1" timestamp="2026-04-19T19:46:10.725980Z" action="modify"   >
	<tag k="name" v="Muzeum Ziemi Krajeńskiej w Nakle nad Notecią"/>
	<tag k="addr:postcode" v="89-100"/>
	<tag k="addr:city" v="Nakło nad Notecią"/>
	<tag k="addr:street" v="Pocztowa"/>
	<tag k="addr:housenumber" v="14"/>
	<tag k="operator" v="Gmina Nakło nad Notecią"/>
	<tag k="operator:type" v="government"/>
	<tag k="tourism" v="museum"/>
	<tag k="source:tourism" v="Wykaz Muzeów, wypis na dzień 2026-04-09"/>
</node>
<node id="-770463691" lat="50.3575282" lon="20.0267596" version="1" timestamp="2026-04-19T19:46:10.725980Z" action="modify"   >
	<tag k="name" v="Muzeum Ziemi Miechowskiej w Miechowie"/>
	<tag k="addr:postcode" v="32-200"/>
	<tag k="addr:city" v="Miechów"/>
	<tag k="addr:street" v="Warszawska"/>
	<tag k="addr:housenumber" v="1"/>
	<tag k="operator" v="Gmina Miechów"/>
	<tag k="operator:type" v="government"/>
	<tag k="tourism" v="museum"/>
	<tag k="source:tourism" v="Wykaz Muzeów, wypis na dzień 2026-04-09"/>
</node>

<node id="-382056710" lat="53.0413996" lon="16.458462" version="1" timestamp="2026-04-19T19:46:10.725980Z" action="modify"   >
	<tag k="name" v="Muzeum Ziemi Nadnoteckiej im. Wiktora Stachowiaka w Trzciance"/>
	<tag k="addr:postcode" v="64-980"/>
	<tag k="addr:city" v="Trzcianka"/>
	<tag k="addr:street" v="Żeromskiego"/>
	<tag k="addr:housenumber" v="36a"/>
	<tag k="operator" v="Gmina Trzcianka"/>
	<tag k="operator:type" v="government"/>
	<tag k="tourism" v="museum"/>
	<tag k="source:tourism" v="Wykaz Muzeów, wypis na dzień 2026-04-09"/>
</node>
<node id="-262126038" lat="50.3217308" lon="17.5831171" version="1" timestamp="2026-04-19T19:46:10.725980Z" action="modify"   >
	<tag k="name" v="Muzeum Ziemi Prudnickiej w Prudniku"/>
	<tag k="addr:postcode" v="48-200"/>
	<tag k="addr:city" v="Prudnik"/>
	<tag k="addr:street" v="Chrobrego"/>
	<tag k="addr:housenumber" v="5"/>
	<tag k="operator" v="Gmina Prudnik"/>
	<tag k="operator:type" v="government"/>
	<tag k="tourism" v="museum"/>
	<tag k="source:tourism" v="Wykaz Muzeów, wypis na dzień 2026-04-09"/>
</node>
<node id="-599270542" lat="54.6562931" lon="18.4205636" version="1" timestamp="2026-04-19T19:46:10.725980Z" action="modify"   >
	<tag k="name" v="Muzeum Ziemi Puckiej im. Floriana Ceynowy w Pucku"/>
	<tag k="addr:postcode" v="84-100"/>
	<tag k="addr:city" v="Puck"/>
	<tag k="addr:street" v="Wolności"/>
	<tag k="addr:housenumber" v="28"/>
	<tag k="operator" v="Powiat Pucki"/>
	<tag k="operator:type" v="government"/>
	<tag k="tourism" v="museum"/>
	<tag k="source:tourism" v="Wykaz Muzeów, wypis na dzień 2026-04-09"/>
</node>
<node id="-268472239" lat="52.63538" lon="21.85022" version="1" timestamp="2026-04-19T19:46:10.725980Z" action="modify"   >
	<tag k="name" v="Muzeum Ziemi Sadowieńskiej w Sadownem"/>
	<tag k="addr:postcode" v="07-140"/>
	<tag k="addr:city" v="Sadowne"/>
	<tag k="addr:street" v="Kościuszki"/>
	<tag k="addr:housenumber" v="74"/>
	<tag k="operator" v="Gmina Sadowne"/>
	<tag k="operator:type" v="government"/>
	<tag k="tourism" v="museum"/>
	<tag k="source:tourism" v="Wykaz Muzeów, wypis na dzień 2026-04-09"/>
</node>
<node id="-173820745" lat="52.2329905" lon="17.197826" version="1" timestamp="2026-04-19T19:46:10.725980Z" action="modify"   >
	<tag k="name" v="Muzeum Ziemi Średzkiej - Dwór w Koszutach"/>
	<tag k="addr:postcode" v="63-000"/>
	<tag k="addr:city" v="Środa Wielkopolska"/>
	<tag k="addr:street" v="Koszuty"/>
	<tag k="addr:housenumber" v="27"/>
	<tag k="operator" v="Gmina Środa Wielkopolska"/>
	<tag k="operator:type" v="government"/>
	<tag k="tourism" v="museum"/>
	<tag k="source:tourism" v="Wykaz Muzeów, wypis na dzień 2026-04-09"/>
</node>
<node id="-998405081" lat="53.2715388" lon="16.4719458" version="1" timestamp="2026-04-19T19:46:10.725980Z" action="modify"   >
	<tag k="name" v="Muzeum Ziemi Wałeckiej w Wałczu"/>
	<tag k="addr:postcode" v="78-600"/>
	<tag k="addr:city" v="Wałcz"/>
	<tag k="addr:street" v="Pocztowa"/>
	<tag k="addr:housenumber" v="14"/>
	<tag k="operator" v="Gmina Miejska Wałcz"/>
	<tag k="operator:type" v="government"/>
	<tag k="tourism" v="museum"/>
	<tag k="source:tourism" v="Wykaz Muzeów, wypis na dzień 2026-04-09"/>
</node>
<node id="-181796682" lat="49.9153019" lon="20.4655406" version="1" timestamp="2026-04-19T19:46:10.725980Z" action="modify"   >
	<tag k="name" v="Muzeum Ziemi Wiśnickiej w Nowym Wiśniczu"/>
	<tag k="addr:postcode" v="32-720"/>
	<tag k="addr:city" v="Nowy Wiśnicz"/>
	<tag k="addr:street" v="Zamkowa"/>
	<tag k="addr:housenumber" v="13"/>
	<tag k="operator" v="Gmina Nowy Wiśnicz"/>
	<tag k="operator:type" v="government"/>
	<tag k="tourism" v="museum"/>
	<tag k="source:tourism" v="Wykaz Muzeów, wypis na dzień 2026-04-09"/>
</node>
<node id="-800158549" lat="51.8650897" lon="17.6051115" version="1" timestamp="2026-04-19T19:46:10.725980Z" action="modify"   >
	<tag k="name" v="Muzeum Ziemiaństwa w Dobrzycy - Zespół Pałacowo-Parkowy"/>
	<tag k="addr:postcode" v="63-330"/>
	<tag k="addr:city" v="Dobrzyca"/>
	<tag k="addr:street" v="Pleszewska"/>
	<tag k="addr:housenumber" v="5a"/>
	<tag k="operator" v="Województwo Wielkopolskie"/>
	<tag k="operator:type" v="government"/>
	<tag k="tourism" v="museum"/>
	<tag k="source:tourism" v="Wykaz Muzeów, wypis na dzień 2026-04-09"/>
</node>
<node id="-1072032258" lat="50.2992287" lon="19.1432829" version="1" timestamp="2026-04-19T19:46:10.725980Z" action="modify"   >
	<tag k="name" v="Pałac Schoena Muzeum w Sosnowcu"/>
	<tag k="addr:postcode" v="41-205"/>
	<tag k="addr:city" v="Sosnowiec"/>
	<tag k="addr:street" v="Chemiczna"/>
	<tag k="addr:housenumber" v="12"/>
	<tag k="operator" v="Gmina Sosnowiec"/>
	<tag k="operator:type" v="government"/>
	<tag k="tourism" v="museum"/>
	<tag k="source:tourism" v="Wykaz Muzeów, wypis na dzień 2026-04-09"/>
</node>
<node id="-1040087476" lat="52.2459581" lon="21.0007764" version="1" timestamp="2026-04-19T19:46:10.725980Z" action="modify"   >
	<tag k="name" v="Państwowe Muzeum Archeologiczne w Warszawie"/>
	<tag k="addr:postcode" v="00-241"/>
	<tag k="addr:city" v="Warszawa"/>
	<tag k="addr:street" v="Długa"/>
	<tag k="addr:housenumber" v="52"/>
	<tag k="operator" v="Województwo Mazowieckie"/>
	<tag k="operator:type" v="government"/>
	<tag k="tourism" v="museum"/>
	<tag k="source:tourism" v="Wykaz Muzeów, wypis na dzień 2026-04-09"/>
</node>
<node id="-340919072" lat="52.2381491" lon="21.0121665" version="1" timestamp="2026-04-19T19:46:10.725980Z" action="modify"   >
	<tag k="name" v="Państwowe Muzeum Etnograficzne w Warszawie"/>
	<tag k="addr:postcode" v="00-056"/>
	<tag k="addr:city" v="Warszawa"/>
	<tag k="addr:street" v="Kredytowa"/>
	<tag k="addr:housenumber" v="1"/>
	<tag k="operator" v="Województwo Mazowieckie"/>
	<tag k="operator:type" v="government"/>
	<tag k="tourism" v="museum"/>
	<tag k="source:tourism" v="Wykaz Muzeów, wypis na dzień 2026-04-09"/>
</node>
<node id="-1020809955" lat="50.2001237" lon="17.8301681" version="1" timestamp="2026-04-19T19:46:10.725980Z" action="modify"   >
	<tag k="name" v="Powiatowe Muzeum Ziemi Głubczyckiej w Głubczycach"/>
	<tag k="addr:postcode" v="48-100"/>
	<tag k="addr:city" v="Głubczyce"/>
	<tag k="addr:street" v="Rynek"/>
	<tag k="addr:housenumber" v="1"/>
	<tag k="operator" v="Powiat Głubczycki"/>
	<tag k="operator:type" v="government"/>
	<tag k="tourism" v="museum"/>
	<tag k="source:tourism" v="Wykaz Muzeów, wypis na dzień 2026-04-09"/>
</node>

<node id="-272209200" lat="49.7231834" lon="19.3816936" version="1" timestamp="2026-04-19T19:46:10.725980Z" action="modify"   >
	<tag k="name" v="Muzeum Żywiecki Park Etnograficzny"/>
	<tag k="addr:postcode" v="34-323"/>
	<tag k="addr:city" v="Ślemień"/>
	<tag k="addr:street" v="Łączna"/>
	<tag k="addr:housenumber" v="2A"/>
	<tag k="operator" v="Gmina Ślemień"/>
	<tag k="operator:type" v="government"/>
	<tag k="tourism" v="museum"/>
	<tag k="source:tourism" v="Wykaz Muzeów, wypis na dzień 2026-04-09"/>
</node>
<node id="-632892937" lat="52.2502252" lon="21.0123863" version="1" timestamp="2026-04-19T19:46:10.725980Z" action="modify"   >
	<tag k="name" v="Muzeum Literatury im. Adama Mickiewicza w Warszawie"/>
	<tag k="addr:postcode" v="00-272"/>
	<tag k="addr:city" v="Warszawa"/>
	<tag k="addr:street" v="Rynek Starego Miasta"/>
	<tag k="addr:housenumber" v="20"/>
	<tag k="operator" v="Minister Kultury i Dziedzictwa Narodowego"/>
	<tag k="operator:type" v="government"/>
	<tag k="tourism" v="museum"/>
	<tag k="source:tourism" v="Wykaz Muzeów, wypis na dzień 2026-04-09"/>
</node>
<node id="-455371981" lat="51.1108793" lon="17.0476455" version="1" timestamp="2026-04-19T19:46:10.725980Z" action="modify"   >
	<tag k="name" v="Muzeum Narodowe we Wrocławiu"/>
	<tag k="addr:postcode" v="50-153"/>
	<tag k="addr:city" v="Wrocław"/>
	<tag k="addr:street" v="Powstańców Warszawy"/>
	<tag k="addr:housenumber" v="5"/>
	<tag k="operator" v="Minister Kultury i Dziedzictwa Narodowego"/>
	<tag k="operator:type" v="government"/>
	<tag k="tourism" v="museum"/>
	<tag k="source:tourism" v="Wykaz Muzeów, wypis na dzień 2026-04-09"/>
</node>
<node id="-536034272" lat="49.7832209" lon="22.7716714" version="1" timestamp="2026-04-19T19:46:10.725980Z" action="modify"   >
	<tag k="name" v="Muzeum Narodowe Ziemi Przemyskiej w Przemyślu"/>
	<tag k="addr:postcode" v="37-700"/>
	<tag k="addr:city" v="Przemyśl"/>
	<tag k="addr:street" v="Berka Joselewicza"/>
	<tag k="addr:housenumber" v="1"/>
	<tag k="operator" v="Minister Kultury i Dziedzictwa Narodowego"/>
	<tag k="operator:type" v="government"/>
	<tag k="tourism" v="museum"/>
	<tag k="source:tourism" v="Wykaz Muzeów, wypis na dzień 2026-04-09"/>
</node>
<node id="-264087971" lat="53.018504" lon="18.5134325" version="1" timestamp="2026-04-19T19:46:10.725980Z" action="modify"   >
	<tag k="name" v="Muzeum PAMIĘĆ I TOŻSAMOŚĆ św. Jana Pawła II"/>
	<tag k="addr:postcode" v="87-100"/>
	<tag k="addr:city" v="Toruń"/>
	<tag k="addr:street" v="Droga Starotoruńska"/>
	<tag k="addr:housenumber" v="3"/>
	<tag k="operator" v="Minister Kultury i Dziedzictwa Narodowego"/>
	<tag k="operator:type" v="government"/>
	<tag k="tourism" v="museum"/>
	<tag k="source:tourism" v="Wykaz Muzeów, wypis na dzień 2026-04-09"/>
</node>
<node id="-886839147" lat="52.2327651" lon="21.0019577" version="1" timestamp="2026-04-19T19:46:10.725980Z" action="modify"   >
	<tag k="name" v="Muzeum Sztuki Nowoczesnej w Warszawie"/>
	<tag k="addr:postcode" v="00-124"/>
	<tag k="addr:city" v="Warszawa"/>
	<tag k="addr:street" v="Pańska"/>
	<tag k="addr:housenumber" v="3"/>
	<tag k="operator" v="Minister Kultury i Dziedzictwa Narodowego"/>
	<tag k="operator:type" v="government"/>
	<tag k="tourism" v="museum"/>
	<tag k="source:tourism" v="Wykaz Muzeów, wypis na dzień 2026-04-09"/>
</node>
<node id="-893137756" lat="50.2598987" lon="19.0215852" version="1" timestamp="2026-04-19T19:46:10.725980Z" action="modify"   >
	<tag k="name" v="Muzeum Śląskie w Katowicach"/>
	<tag k="addr:postcode" v="40-205"/>
	<tag k="addr:city" v="Katowice"/>
	<tag k="addr:street" v="T. Dobrowolskiego"/>
	<tag k="addr:housenumber" v="1"/>
	<tag k="operator" v="Minister Kultury i Dziedzictwa Narodowego"/>
	<tag k="operator:type" v="government"/>
	<tag k="tourism" v="museum"/>
	<tag k="source:tourism" v="Wykaz Muzeów, wypis na dzień 2026-04-09"/>
</node>
<node id="-437061676" lat="52.635099" lon="22.0540696" version="1" timestamp="2026-04-19T19:46:10.725980Z" action="modify"   >
	<tag k="name" v="Muzeum Treblinka. Niemiecki nazistowski obóz zagłady i obóz pracy (1941-1944)"/>
	<tag k="addr:postcode" v="08-330"/>
	<tag k="addr:city" v="Kosów Lacki"/>
	<tag k="addr:street" v="Wólka Okrąglik"/>
	<tag k="addr:housenumber" v="115"/>
	<tag k="operator" v="Minister Kultury i Dziedzictwa Narodowego"/>
	<tag k="operator:type" v="government"/>
	<tag k="tourism" v="museum"/>
	<tag k="source:tourism" v="Wykaz Muzeów, wypis na dzień 2026-04-09"/>
</node>
<node id="-708307437" lat="50.0684665" lon="22.2343151" version="1" timestamp="2026-04-19T19:46:10.725980Z" action="modify"   >
	<tag k="name" v="Muzeum-Zamek w Łańcucie"/>
	<tag k="addr:postcode" v="37-100"/>
	<tag k="addr:city" v="Łańcut"/>
	<tag k="addr:street" v="Zamkowa"/>
	<tag k="addr:housenumber" v="1"/>
	<tag k="operator" v="Minister Kultury i Dziedzictwa Narodowego"/>
	<tag k="operator:type" v="government"/>
	<tag k="tourism" v="museum"/>
	<tag k="source:tourism" v="Wykaz Muzeów, wypis na dzień 2026-04-09"/>
</node>
<node id="-39498137" lat="53.0902389" lon="21.5792676" version="1" timestamp="2026-04-19T19:46:10.725980Z" action="modify"   >
	<tag k="name" v="Muzeum Żołnierzy Wyklętych"/>
	<tag k="addr:postcode" v="07-410"/>
	<tag k="addr:city" v="Ostrołęka"/>
	<tag k="addr:street" v="Traugutta"/>
	<tag k="addr:housenumber" v="19"/>
	<tag k="operator" v="Minister Kultury i Dziedzictwa Narodowego"/>
	<tag k="operator:type" v="government"/>
	<tag k="tourism" v="museum"/>
	<tag k="source:tourism" v="Wykaz Muzeów, wypis na dzień 2026-04-09"/>
</node>
<node id="-970353839" lat="52.2317657" lon="21.0057979" version="1" timestamp="2026-04-19T19:46:10.725980Z" action="modify"   >
	<tag k="name" v="Narodowe Muzeum Techniki w Warszawie"/>
	<tag k="addr:city" v="Warszawa"/>
	<tag k="addr:street" v="Defilad"/>
	<tag k="addr:housenumber" v="1"/>
	<tag k="operator" v="Minister Kultury i Dziedzictwa Narodowego"/>
	<tag k="operator:type" v="government"/>
	<tag k="tourism" v="museum"/>
	<tag k="source:tourism" v="Wykaz Muzeów, wypis na dzień 2026-04-09"/>
</node>
<node id="-805586048" lat="54.3559415" lon="18.6611212" version="1" timestamp="2026-04-19T19:46:10.725980Z" action="modify"   >
	<tag k="name" v="Muzeum II Wojny Światowej w Gdańsku"/>
	<tag k="addr:postcode" v="80-862"/>
	<tag k="addr:city" v="Gdańsk"/>
	<tag k="addr:street" v="Władysława Bartoszewskiego"/>
	<tag k="addr:housenumber" v="1"/>
	<tag k="operator" v="Minister Kultury i Dziedzictwa Narodowego"/>
	<tag k="operator:type" v="government"/>
	<tag k="tourism" v="museum"/>
	<tag k="source:tourism" v="Wykaz Muzeów, wypis na dzień 2026-04-09"/>
</node>
<node id="-619336954" lat="52.2363035" lon="21.0063122" version="1" timestamp="2026-04-19T19:46:10.725980Z" action="modify"   >
	<tag k="name" v="Muzeum Getta Warszawskiego"/>
	<tag k="addr:postcode" v="00-108"/>
	<tag k="addr:city" v="Warszawa"/>
	<tag k="addr:street" v="Zielna"/>
	<tag k="addr:housenumber" v="39"/>
	<tag k="operator" v="Minister Kultury i Dziedzictwa Narodowego"/>
	<tag k="operator:type" v="government"/>
	<tag k="tourism" v="museum"/>
	<tag k="source:tourism" v="Wykaz Muzeów, wypis na dzień 2026-04-09"/>
</node>
<node id="-235518292" lat="52.221299" lon="21.0185943" version="1" timestamp="2026-04-19T19:46:10.725980Z" action="modify"   >
	<tag k="name" v="Muzeum Historii Polski w Warszawie"/>
	<tag k="addr:postcode" v="00-560"/>
	<tag k="addr:city" v="Warszawa"/>
	<tag k="addr:street" v="Mokotowska (siedziba tymczasowa)"/>
	<tag k="addr:housenumber" v="33"/>
	<tag k="operator" v="Minister Kultury i Dziedzictwa Narodowego"/>
	<tag k="operator:type" v="government"/>
	<tag k="tourism" v="museum"/>
	<tag k="source:tourism" v="Wykaz Muzeów, wypis na dzień 2026-04-09"/>
</node>
<node id="-116491920" lat="52.2141249" lon="21.0364591" version="1" timestamp="2026-04-19T19:46:10.725980Z" action="modify"   >
	<tag k="name" v="Muzeum Łazienki Królewskie w Warszawie"/>
	<tag k="addr:postcode" v="00-460"/>
	<tag k="addr:city" v="Warszawa"/>
	<tag k="addr:street" v="Agrykoli"/>
	<tag k="addr:housenumber" v="1"/>
	<tag k="operator" v="Minister Kultury i Dziedzictwa Narodowego"/>
	<tag k="operator:type" v="government"/>
	<tag k="tourism" v="museum"/>
	<tag k="source:tourism" v="Wykaz Muzeów, wypis na dzień 2026-04-09"/>
</node>
<node id="-321497421" lat="54.5158176" lon="18.5478642" version="1" timestamp="2026-04-19T19:46:10.725980Z" action="modify"   >
	<tag k="name" v="Muzeum Marynarki Wojennej w Gdyni"/>
	<tag k="addr:postcode" v="81-374"/>
	<tag k="addr:city" v="Gdynia"/>
	<tag k="addr:street" v="Zawiszy Czarnego"/>
	<tag k="addr:housenumber" v="1b"/>
	<tag k="operator" v="Minister Obrony Narodowej"/>
	<tag k="operator:type" v="government"/>
	<tag k="tourism" v="museum"/>
	<tag k="source:tourism" v="Wykaz Muzeów, wypis na dzień 2026-04-09"/>
</node>
<node id="-640460909" lat="52.408614" lon="16.9299182" version="1" timestamp="2026-04-19T19:46:10.725980Z" action="modify"   >
	<tag k="name" v="Muzeum Narodowe w Poznaniu"/>
	<tag k="addr:postcode" v="61-745"/>
	<tag k="addr:city" v="Poznań"/>
	<tag k="addr:street" v="Karola Marcinkowskiego"/>
	<tag k="addr:housenumber" v="9"/>
	<tag k="operator" v="Minister Kultury i Dziedzictwa Narodowego"/>
	<tag k="operator:type" v="government"/>
	<tag k="tourism" v="museum"/>
	<tag k="source:tourism" v="Wykaz Muzeów, wypis na dzień 2026-04-09"/>
</node>
<node id="-767251983" lat="52.2316968" lon="21.0240904" version="1" timestamp="2026-04-19T19:46:10.725980Z" action="modify"   >
	<tag k="name" v="Muzeum Wojska Polskiego w Warszawie"/>
	<tag k="addr:postcode" v="00-495"/>
	<tag k="addr:city" v="Warszawa"/>
	<tag k="addr:street" v="Jerozolmskie"/>
	<tag k="addr:housenumber" v="3"/>
	<tag k="operator" v="Minister Obrony Narodowej"/>
	<tag k="operator:type" v="government"/>
	<tag k="tourism" v="museum"/>
	<tag k="source:tourism" v="Wykaz Muzeów, wypis na dzień 2026-04-09"/>
</node>
<node id="-201635518" lat="49.9839798" lon="20.0600381" version="1" timestamp="2026-04-19T19:46:10.725980Z" action="modify"   >
	<tag k="name" v="Muzeum Żup Krakowskich Wieliczka w Wieliczce"/>
	<tag k="addr:postcode" v="32-020"/>
	<tag k="addr:city" v="Wieliczka"/>
	<tag k="addr:street" v="Zamkowa"/>
	<tag k="addr:housenumber" v="8"/>
	<tag k="operator" v="Minister Kultury i Dziedzictwa Narodowego"/>
	<tag k="operator:type" v="government"/>
	<tag k="tourism" v="museum"/>
	<tag k="source:tourism" v="Wykaz Muzeów, wypis na dzień 2026-04-09"/>
</node>
<node id="-995709057" lat="54.356389" lon="18.6718748" version="1" timestamp="2026-04-19T19:46:10.725980Z" action="modify"   >
	<tag k="name" v="Narodowe Muzeum Morskie w Gdańsku"/>
	<tag k="addr:postcode" v="80-751"/>
	<tag k="addr:city" v="Gdańsk"/>
	<tag k="addr:street" v="Ołowianka"/>
	<tag k="addr:housenumber" v="9-"/>
	<tag k="operator" v="Minister Kultury i Dziedzictwa Narodowego"/>
	<tag k="operator:type" v="government"/>
	<tag k="tourism" v="museum"/>
	<tag k="source:tourism" v="Wykaz Muzeów, wypis na dzień 2026-04-09"/>
</node>
<node id="-713175572" lat="50.0268878" lon="19.2024384" version="1" timestamp="2026-04-19T19:46:10.725980Z" action="modify"   >
	<tag k="name" v="Państwowe Muzeum Auschwitz-Birkenau w Oświęcimiu"/>
	<tag k="addr:postcode" v="32-603"/>
	<tag k="addr:city" v="Oświęcim"/>
	<tag k="addr:street" v="Więźniów Oświęcimia"/>
	<tag k="addr:housenumber" v="20"/>
	<tag k="operator" v="Minister Kultury i Dziedzictwa Narodowego"/>
	<tag k="operator:type" v="government"/>
	<tag k="tourism" v="museum"/>
	<tag k="source:tourism" v="Wykaz Muzeów, wypis na dzień 2026-04-09"/>
</node>
<node id="-100844697" lat="50.0542052" lon="19.9361367" version="1" timestamp="2026-04-19T19:46:10.725980Z" action="modify"   >
	<tag k="name" v="Zamek Królewski na Wawelu – Państwowe Zbiory Sztuki"/>
	<tag k="addr:postcode" v="31-001"/>
	<tag k="addr:city" v="Kraków"/>
	<tag k="addr:street" v="Wawel"/>
	<tag k="addr:housenumber" v="5"/>
	<tag k="operator" v="Minister Kultury i Dziedzictwa Narodowego"/>
	<tag k="operator:type" v="government"/>
	<tag k="tourism" v="museum"/>
	<tag k="source:tourism" v="Wykaz Muzeów, wypis na dzień 2026-04-09"/>
</node>
<node id="-859424705" lat="52.2479003" lon="21.0152802" version="1" timestamp="2026-04-19T19:46:10.725980Z" action="modify"   >
	<tag k="name" v="Zamek Królewski w Warszawie – Muzeum. Rezydencja Królów i Rzeczypospolitej"/>
	<tag k="addr:postcode" v="00-277"/>
	<tag k="addr:city" v="Warszawa"/>
	<tag k="addr:street" v="Zamkowy"/>
	<tag k="addr:housenumber" v="4"/>
	<tag k="operator" v="Minister Kultury i Dziedzictwa Narodowego"/>
	<tag k="operator:type" v="government"/>
	<tag k="tourism" v="museum"/>
	<tag k="source:tourism" v="Wykaz Muzeów, wypis na dzień 2026-04-09"/>
</node>
<node id="-53657659" lat="50.0560694" lon="19.9371005" version="1" timestamp="2026-04-19T19:46:10.725980Z" action="modify"   >
	<tag k="name" v="Muzeum Archidiecezjalne Kardynała Karola Wojtyły"/>
	<tag k="addr:postcode" v="31-002"/>
	<tag k="addr:city" v="Kraków"/>
	<tag k="addr:street" v="Kanonicza"/>
	<tag k="addr:housenumber" v="19-"/>
	<tag k="operator" v="Archidiecezja Krakowska"/>
	<tag k="operator:type" v="religious"/>
	<tag k="tourism" v="museum"/>
	<tag k="source:tourism" v="Wykaz Muzeów, wypis na dzień 2026-04-09"/>
</node>

<node id="-896681287" lat="52.5411617" lon="19.6889372" version="1" timestamp="2026-04-19T19:46:10.725980Z" action="modify"   >
	<tag k="name" v="Muzeum Diecezjalne im. bł. Abpa. Antoniego Juliana Nowowiejskiego w Płocku"/>
	<tag k="addr:postcode" v="09-402"/>
	<tag k="addr:city" v="Płock"/>
	<tag k="addr:street" v="Tumska"/>
	<tag k="addr:housenumber" v="3"/>
	<tag k="operator" v="Diecezja Płocka"/>
	<tag k="operator:type" v="religious"/>
	<tag k="tourism" v="museum"/>
	<tag k="source:tourism" v="Wykaz Muzeów, wypis na dzień 2026-04-09"/>
</node>
<node id="-298142339" lat="52.3970937" lon="22.659929" version="1" timestamp="2026-04-19T19:46:10.725980Z" action="modify"   >
	<tag k="name" v="Muzeum Diecezjalne w Drohiczynie im. Jana Pawła II"/>
	<tag k="addr:postcode" v="17-312"/>
	<tag k="addr:city" v="Drohiczyn"/>
	<tag k="addr:street" v="Kraszewskiego"/>
	<tag k="addr:housenumber" v="4"/>
	<tag k="operator" v="Diecezja Drohiczyńska"/>
	<tag k="operator:type" v="religious"/>
	<tag k="tourism" v="museum"/>
	<tag k="source:tourism" v="Wykaz Muzeów, wypis na dzień 2026-04-09"/>
</node>
<node id="-497000467" lat="54.158129" lon="19.3945141" version="1" timestamp="2026-04-19T19:46:10.725980Z" action="modify"   >
	<tag k="name" v="Muzeum Diecezji Elbląskiej"/>
	<tag k="addr:postcode" v="82-300"/>
	<tag k="addr:city" v="Elbląg"/>
	<tag k="addr:street" v="Mostowa"/>
	<tag k="addr:housenumber" v="14-"/>
	<tag k="operator" v="Diecezja Elbląska"/>
	<tag k="operator:type" v="religious"/>
	<tag k="tourism" v="museum"/>
	<tag k="source:tourism" v="Wykaz Muzeów, wypis na dzień 2026-04-09"/>
</node>
<node id="-461746745" lat="51.0754181" lon="21.0157493" version="1" timestamp="2026-04-19T19:46:10.725980Z" action="modify"   >
	<tag k="name" v="Muzeum im. Księdza Walentego Ślusarczyka przy Opactwie O.O. Cysterów w Wąchocku"/>
	<tag k="addr:postcode" v="27-215"/>
	<tag k="addr:city" v="Wąchock"/>
	<tag k="addr:street" v="Kościelna"/>
	<tag k="addr:housenumber" v="14"/>
	<tag k="operator" v="Opactwo Ojców Cystersów w Wąchocku"/>
	<tag k="operator:type" v="religious"/>
	<tag k="tourism" v="museum"/>
	<tag k="source:tourism" v="Wykaz Muzeów, wypis na dzień 2026-04-09"/>
</node>

<node id="-771734069" lat="52.7061702" lon="18.2149302" version="1" timestamp="2026-04-19T19:46:10.725980Z" action="modify"   >
	<tag k="name" v="Muzeum Markowieckiego Sanktuarium"/>
	<tag k="addr:postcode" v="88-320"/>
	<tag k="addr:city" v="Strzelno"/>
	<tag k="addr:street" v="Markowice"/>
	<tag k="addr:housenumber" v="5"/>
	<tag k="operator" v="Parafia Rzymskokatolicka pw. Nawiedzenia Najświętszej Maryi Panny w Markowicach"/>
	<tag k="operator:type" v="religious"/>
	<tag k="tourism" v="museum"/>
	<tag k="source:tourism" v="Wykaz Muzeów, wypis na dzień 2026-04-09"/>
</node>
<node id="-513566593" lat="54.356998" lon="19.6821438" version="1" timestamp="2026-04-19T19:46:10.725980Z" action="modify"   >
	<tag k="name" v="Muzeum Pomnika Historii Frombork - zespół katedralny we Fromborku"/>
	<tag k="addr:postcode" v="14-530"/>
	<tag k="addr:city" v="Frombork"/>
	<tag k="addr:street" v="Katedralna"/>
	<tag k="addr:housenumber" v="8"/>
	<tag k="operator" v="Archidiecezja Warmińska"/>
	<tag k="operator:type" v="religious"/>
	<tag k="tourism" v="museum"/>
	<tag k="source:tourism" v="Wykaz Muzeów, wypis na dzień 2026-04-09"/>
</node>
<node id="-727487446" lat="51.8043706" lon="23.6018529" version="1" timestamp="2026-04-19T19:46:10.725980Z" action="modify"   >
	<tag k="name" v="Muzeum Prawosławnej Diecezji Lubelsko-Chełmskiej"/>
	<tag k="addr:postcode" v="21-526"/>
	<tag k="addr:city" v="Jabłeczna"/>
	<tag k="addr:street" v="Jabłeczna"/>
	<tag k="addr:housenumber" v="1"/>
	<tag k="operator" v="Prawosławna Diecezja Lubelsko-Chełmska"/>
	<tag k="operator:type" v="religious"/>
	<tag k="tourism" v="museum"/>
	<tag k="source:tourism" v="Wykaz Muzeów, wypis na dzień 2026-04-09"/>
</node>
<node id="-535465263" lat="53.8034933" lon="21.5690717" version="1" timestamp="2026-04-19T19:46:10.725980Z" action="modify"   >
	<tag k="name" v="Muzeum Reformacji Polskiej w Mikołajkach"/>
	<tag k="addr:postcode" v="11-730"/>
	<tag k="addr:city" v="Mikołajki"/>
	<tag k="addr:street" v="Plac Kościelny"/>
	<tag k="addr:housenumber" v="5"/>
	<tag k="operator" v="Zgromadzenie Parafialne Parafii Ewangelicko-Augsburskiej Św. Trójcy w Mikołajkach"/>
	<tag k="operator:type" v="religious"/>
	<tag k="tourism" v="museum"/>
	<tag k="source:tourism" v="Wykaz Muzeów, wypis na dzień 2026-04-09"/>
</node>
<node id="-994782283" lat="52.255005" lon="21.0327175" version="1" timestamp="2026-04-19T19:46:10.725980Z" action="modify"   >
	<tag k="name" v="Muzeum Warszawskiej Metropolii Prawosławnej w Warszawie"/>
	<tag k="addr:postcode" v="03-403"/>
	<tag k="addr:city" v="Warszawa"/>
	<tag k="addr:street" v="św. Cyryla i Metodego"/>
	<tag k="addr:housenumber" v="4"/>
	<tag k="operator" v="Warszawska Metropolia Prawosławna"/>
	<tag k="operator:type" v="religious"/>
	<tag k="tourism" v="museum"/>
	<tag k="source:tourism" v="Wykaz Muzeów, wypis na dzień 2026-04-09"/>
</node>
<node id="-956663646" lat="53.6942143" lon="17.5616639" version="1" timestamp="2026-04-19T19:46:10.725980Z" action="modify"   >
	<tag k="name" v="Chojnickie Muzeum Motoryzacji i Techniki"/>
	<tag k="addr:postcode" v="89-600"/>
	<tag k="addr:city" v="Chojnice"/>
	<tag k="addr:street" v="Stary Rynek"/>
	<tag k="addr:housenumber" v="12"/>
	<tag k="operator" v="Liliana Helta"/>
	<tag k="operator:type" v="private"/>
	<tag k="tourism" v="museum"/>
	<tag k="source:tourism" v="Wykaz Muzeów, wypis na dzień 2026-04-09"/>
</node>
<node id="-647939431" lat="52.4228206" lon="20.8992562" version="1" timestamp="2026-04-19T19:46:10.725980Z" action="modify"   >
	<tag k="name" v="Chotomowskie Muzeum Techniki Wojskowej w Chotomowie"/>
	<tag k="addr:postcode" v="05-123"/>
	<tag k="addr:city" v="Chotomów"/>
	<tag k="addr:street" v="Baśniowa"/>
	<tag k="addr:housenumber" v="1"/>
	<tag k="operator" v="Marcin Ptaszyński"/>
	<tag k="operator:type" v="private"/>
	<tag k="tourism" v="museum"/>
	<tag k="source:tourism" v="Wykaz Muzeów, wypis na dzień 2026-04-09"/>
</node>
<node id="-885175029" lat="50.5851904" lon="23.358841" version="1" timestamp="2026-04-19T19:46:10.725980Z" action="modify"   >
	<tag k="name" v="Ekomuzeum Olejarstwa w Zadnodze Olejarnia Staropolska na Roztoczu"/>
	<tag k="addr:postcode" v="22-610"/>
	<tag k="addr:city" v="Krynice"/>
	<tag k="addr:street" v="Zadnoga"/>
	<tag k="addr:housenumber" v="19"/>
	<tag k="operator" v="Anna Kołodziej"/>
	<tag k="operator:type" v="private"/>
	<tag k="tourism" v="museum"/>
	<tag k="source:tourism" v="Wykaz Muzeów, wypis na dzień 2026-04-09"/>
</node>
<node id="-63219039" lat="52.160607" lon="21.2184664" version="1" timestamp="2026-04-19T19:46:10.725980Z" action="modify"   >
	<tag k="name" v="Falenickie Muzeum Historyczne"/>
	<tag k="addr:postcode" v="04-921"/>
	<tag k="addr:city" v="Warszawa - Falenica"/>
	<tag k="addr:street" v="Biernacka"/>
	<tag k="addr:housenumber" v="12"/>
	<tag k="operator" v="Paweł Szewczak"/>
	<tag k="operator:type" v="private"/>
	<tag k="tourism" v="museum"/>
	<tag k="source:tourism" v="Wykaz Muzeów, wypis na dzień 2026-04-09"/>
</node>
<node id="-457614047" lat="53.7405813" lon="18.9353247" version="1" timestamp="2026-04-19T19:46:10.725980Z" action="modify"   >
	<tag k="name" v="Kwidzyńskie Muzeum Rodła"/>
	<tag k="addr:postcode" v="82-500"/>
	<tag k="addr:city" v="Kwidzyn"/>
	<tag k="addr:street" v="Graniczna"/>
	<tag k="addr:housenumber" v="36"/>
	<tag k="operator" v="Jacek Synakiewicz"/>
	<tag k="operator:type" v="private"/>
	<tag k="tourism" v="museum"/>
	<tag k="source:tourism" v="Wykaz Muzeów, wypis na dzień 2026-04-09"/>
</node>
<node id="-595397219" lat="52.3172279" lon="21.1124651" version="1" timestamp="2026-04-19T19:46:10.725980Z" action="modify"   >
	<tag k="name" v="Lokalne Muzeum Techniki Wojskowej i Cywilnej"/>
	<tag k="addr:postcode" v="05-270"/>
	<tag k="addr:city" v="Marki"/>
	<tag k="addr:street" v="Zieleniecka"/>
	<tag k="addr:housenumber" v="47"/>
	<tag k="operator" v="Krzysztof Gendek"/>
	<tag k="operator:type" v="private"/>
	<tag k="tourism" v="museum"/>
	<tag k="source:tourism" v="Wykaz Muzeów, wypis na dzień 2026-04-09"/>
</node>
<node id="-600525416" lat="51.2805223" lon="22.5463636" version="1" timestamp="2026-04-19T19:46:10.725980Z" action="modify"   >
	<tag k="name" v="Lubelskie Muzeum Historii Wojskowości – Ars Militaris"/>
	<tag k="addr:postcode" v="20-868"/>
	<tag k="addr:city" v="Lublin"/>
	<tag k="addr:street" v="Karpacka"/>
	<tag k="addr:housenumber" v="60"/>
	<tag k="operator" v="Paweł Wójcik"/>
	<tag k="operator:type" v="private"/>
	<tag k="tourism" v="museum"/>
	<tag k="source:tourism" v="Wykaz Muzeów, wypis na dzień 2026-04-09"/>
</node>
<node id="-568642432" lat="51.9703936" lon="22.7187947" version="1" timestamp="2026-04-19T19:46:10.725980Z" action="modify"   >
	<tag k="name" v="Lubelskie Muzeum Techniki Wojskowej i Użytkowej w Jelnicy"/>
	<tag k="addr:postcode" v="21-560"/>
	<tag k="addr:city" v="Miedzyrzec Podlaski"/>
	<tag k="addr:street" v="Jelnica"/>
	<tag k="addr:housenumber" v="166"/>
	<tag k="operator" v="Witold Witkowski"/>
	<tag k="operator:type" v="private"/>
	<tag k="tourism" v="museum"/>
	<tag k="source:tourism" v="Wykaz Muzeów, wypis na dzień 2026-04-09"/>
</node>
<node id="-485346335" lat="52.418662" lon="20.9070848" version="1" timestamp="2026-04-19T19:46:10.725980Z" action="modify"   >
	<tag k="name" v="Mazowieckie Muzeum Militarne"/>
	<tag k="addr:postcode" v="05-120"/>
	<tag k="addr:city" v="Legionowo"/>
	<tag k="addr:street" v="Dębowa"/>
	<tag k="addr:housenumber" v="11"/>
	<tag k="operator" v="Łukasz Walnik"/>
	<tag k="operator:type" v="private"/>
	<tag k="tourism" v="museum"/>
	<tag k="source:tourism" v="Wykaz Muzeów, wypis na dzień 2026-04-09"/>
</node>
<node id="-569303263" lat="51.0382699" lon="18.7728923" version="1" timestamp="2026-04-19T19:46:10.725980Z" action="modify"   >
	<tag k="name" v="Muzeum 303 im. ppłk. pil. Jana Zumbacha w Napoleonie"/>
	<tag k="addr:postcode" v="42-165"/>
	<tag k="addr:city" v="Lipie"/>
	<tag k="addr:street" v="Napoleon"/>
	<tag k="addr:housenumber" v="35A"/>
	<tag k="operator" v="Tomasz Kajkowski"/>
	<tag k="operator:type" v="private"/>
	<tag k="tourism" v="museum"/>
	<tag k="source:tourism" v="Wykaz Muzeów, wypis na dzień 2026-04-09"/>
</node>
<node id="-56497807" lat="52.5117667" lon="20.257818" version="1" timestamp="2026-04-19T19:46:10.725980Z" action="modify"   >
	<tag k="name" v="Muzeum Afryki w Sobanicach"/>
	<tag k="addr:postcode" v="09-162"/>
	<tag k="addr:city" v="Nacpolsk"/>
	<tag k="addr:street" v="Sobanice"/>
	<tag k="addr:housenumber" v="45A"/>
	<tag k="operator" v="Marta Kołodziej"/>
	<tag k="operator:type" v="private"/>
	<tag k="tourism" v="museum"/>
	<tag k="source:tourism" v="Wykaz Muzeów, wypis na dzień 2026-04-09"/>
</node>
<node id="-892907537" lat="49.781281" lon="22.8014824" version="1" timestamp="2026-04-19T19:46:10.725980Z" action="modify"   >
	<tag k="name" v="Muzeum Archeologii Pól Bitewnych Twierdzy Przemyśl w Przemyślu"/>
	<tag k="addr:postcode" v="37-700"/>
	<tag k="addr:city" v="Przemyśl"/>
	<tag k="addr:street" v="Zielińskiego"/>
	<tag k="addr:housenumber" v="14"/>
	<tag k="operator" v="Jacek Dzik"/>
	<tag k="operator:type" v="private"/>
	<tag k="tourism" v="museum"/>
	<tag k="source:tourism" v="Wykaz Muzeów, wypis na dzień 2026-04-09"/>
</node>
<node id="-318220311" lat="49.9112237" lon="18.7534444" version="1" timestamp="2026-04-19T19:46:10.725980Z" action="modify"   >
	<tag k="name" v="Muzeum – Archeoskansen grodu warownego z X w."/>
	<tag k="addr:postcode" v="43-246"/>
	<tag k="addr:city" v="Strumień"/>
	<tag k="addr:street" v="Graniczna dz."/>
	<tag k="addr:housenumber" v="1162"/>
	<tag k="operator" v="Sylwester Zalewski"/>
	<tag k="operator:type" v="private"/>
	<tag k="tourism" v="museum"/>
	<tag k="source:tourism" v="Wykaz Muzeów, wypis na dzień 2026-04-09"/>
</node>
<node id="-754049921" lat="49.7848902" lon="22.7102412" version="1" timestamp="2026-04-19T19:46:10.725980Z" action="modify"   >
	<tag k="name" v="Muzeum Artylerii Ziemi Przemyskiej"/>
	<tag k="addr:postcode" v="37-700"/>
	<tag k="addr:city" v="Przemyśl"/>
	<tag k="addr:street" v="Ostrów"/>
	<tag k="addr:housenumber" v="22"/>
	<tag k="operator" v="Andrzej Potoczny"/>
	<tag k="operator:type" v="private"/>
	<tag k="tourism" v="museum"/>
	<tag k="source:tourism" v="Wykaz Muzeów, wypis na dzień 2026-04-09"/>
</node>
<node id="-506639244" lat="52.2450113" lon="21.2738648" version="1" timestamp="2026-04-19T19:46:10.725980Z" action="modify"   >
	<tag k="name" v="Muzeum Artystów Polskich"/>
	<tag k="addr:postcode" v="05-071"/>
	<tag k="addr:city" v="Sulejówek"/>
	<tag k="addr:street" v="Stefana Żeromskiego"/>
	<tag k="addr:housenumber" v="19"/>
	<tag k="operator" v="Joanna Beata Wyrostkiewicz-Wasilka"/>
	<tag k="operator:type" v="private"/>
	<tag k="tourism" v="museum"/>
	<tag k="source:tourism" v="Wykaz Muzeów, wypis na dzień 2026-04-09"/>
</node>
<node id="-630582737" lat="49.9683551" lon="14.8778589" version="1" timestamp="2026-04-19T19:46:10.725980Z" action="modify"   >
	<tag k="name" v="Muzeum Arystokracji Śląskiej"/>
	<tag k="addr:postcode" v="55-110"/>
	<tag k="addr:city" v="Prusice"/>
	<tag k="addr:street" v="Piotrkowice Pałac"/>
	<tag k="addr:housenumber" v="74"/>
	<tag k="operator" v="Arkadiusz Michoński"/>
	<tag k="operator:type" v="private"/>
	<tag k="tourism" v="museum"/>
	<tag k="source:tourism" v="Wykaz Muzeów, wypis na dzień 2026-04-09"/>
</node>
<node id="-216380642" lat="53.6565889" lon="14.5049612" version="1" timestamp="2026-04-19T19:46:10.725980Z" action="modify"   >
	<tag k="name" v="Muzeum Automobilizmu, Techniki i Marynistyki w Trzebieży"/>
	<tag k="addr:postcode" v="72-020"/>
	<tag k="addr:city" v="Trzebież"/>
	<tag k="addr:street" v="Dolna"/>
	<tag k="addr:housenumber" v="21"/>
	<tag k="operator" v="Janusz Baczewicz"/>
	<tag k="operator:type" v="private"/>
	<tag k="tourism" v="museum"/>
	<tag k="source:tourism" v="Wykaz Muzeów, wypis na dzień 2026-04-09"/>
</node>
<node id="-5191773" lat="50.036017" lon="22.0100986" version="1" timestamp="2026-04-19T19:46:10.725980Z" action="modify"   >
	<tag k="name" v="Muzeum Betonowego Schronu Bojowego JS 1941 w Medyce"/>
	<tag k="addr:postcode" v="35-055"/>
	<tag k="addr:city" v="Rzeszów"/>
	<tag k="addr:street" v="Adama Naruszewicza"/>
	<tag k="addr:housenumber" v="13"/>
	<tag k="operator" v="Jerzy Marek Solecki"/>
	<tag k="operator:type" v="private"/>
	<tag k="tourism" v="museum"/>
	<tag k="source:tourism" v="Wykaz Muzeów, wypis na dzień 2026-04-09"/>
</node>
<node id="-628478238" lat="52.2371847" lon="20.9991932" version="1" timestamp="2026-04-19T19:46:10.725980Z" action="modify"   >
	<tag k="name" v="Muzeum Bohaterów Września 1939 im. Jerzego Waszkiewicza"/>
	<tag k="addr:postcode" v="00-132"/>
	<tag k="addr:city" v="Warszawa"/>
	<tag k="addr:street" v="Grzybowska"/>
	<tag k="addr:housenumber" v="16/22"/>
	<tag k="operator" v="Dominik Waszkiewicz"/>
	<tag k="operator:type" v="private"/>
	<tag k="tourism" v="museum"/>
	<tag k="source:tourism" v="Wykaz Muzeów, wypis na dzień 2026-04-09"/>
</node>
<node id="-54340072" lat="54.2011743" lon="16.1705025" version="1" timestamp="2026-04-19T19:46:10.725980Z" action="modify"   >
	<tag k="name" v="Muzeum Broni Dawnej i Nowej, Pojazdów Militarnych i Wyposażenia Wojskowego"/>
	<tag k="addr:postcode" v="75-259"/>
	<tag k="addr:city" v="Koszalin"/>
	<tag k="addr:street" v="Picassa"/>
	<tag k="addr:housenumber" v="9"/>
	<tag k="operator" v="Robert Kiryluk"/>
	<tag k="operator:type" v="private"/>
	<tag k="tourism" v="museum"/>
	<tag k="source:tourism" v="Wykaz Muzeów, wypis na dzień 2026-04-09"/>
</node>
<node id="-1041580867" lat="53.5016165" lon="19.7412079" version="1" timestamp="2026-04-19T19:46:10.725980Z" action="modify"   >
	<tag k="name" v="Muzeum Broni i Militariów w Lubawie"/>
	<tag k="addr:postcode" v="14-260"/>
	<tag k="addr:city" v="Lubawa"/>
	<tag k="addr:street" v="Przemysłowa"/>
	<tag k="addr:housenumber" v="2"/>
	<tag k="operator" v="Jarosław Kijewski"/>
	<tag k="operator:type" v="private"/>
	<tag k="tourism" v="museum"/>
	<tag k="source:tourism" v="Wykaz Muzeów, wypis na dzień 2026-04-09"/>
</node>

<node id="-409324634" lat="53.0170413" lon="20.883057" version="1" timestamp="2026-04-19T19:46:10.725980Z" action="modify"   >
	<tag k="name" v="Muzeum Broni i Militariów w Przasnyszu"/>
	<tag k="addr:postcode" v="06-300"/>
	<tag k="addr:city" v="Przasnysz"/>
	<tag k="addr:street" v="Glinki"/>
	<tag k="addr:housenumber" v="8"/>
	<tag k="operator" v="Daniel Duchnowski"/>
	<tag k="operator:type" v="private"/>
	<tag k="tourism" v="museum"/>
	<tag k="source:tourism" v="Wykaz Muzeów, wypis na dzień 2026-04-09"/>
</node>
<node id="-40379666" lat="53.9214604" lon="19.3521146" version="1" timestamp="2026-04-19T19:46:10.725980Z" action="modify"   >
	<tag k="name" v="Muzeum Broni i Sprzętu Wojskowego Mauser w Dzierzgoniu"/>
	<tag k="addr:postcode" v="82-440"/>
	<tag k="addr:city" v="Dzierzgoń"/>
	<tag k="addr:street" v="Wojska Polskiego"/>
	<tag k="addr:housenumber" v="24"/>
	<tag k="operator" v="Mirosław Procyk"/>
	<tag k="operator:type" v="private"/>
	<tag k="tourism" v="museum"/>
	<tag k="source:tourism" v="Wykaz Muzeów, wypis na dzień 2026-04-09"/>
</node>
<node id="-8746192" lat="52.22919" lon="21.0168578" version="1" timestamp="2026-04-19T19:46:10.725980Z" action="modify"   >
	<tag k="name" v="Muzeum Broni i Wyposażenia Piechoty w Warszawie"/>
	<tag k="addr:postcode" v="02-755"/>
	<tag k="addr:city" v="Warszawa"/>
	<tag k="addr:street" v="Krucza"/>
	<tag k="addr:housenumber" v="41/43"/>
	<tag k="operator" v="Maciej Tylski"/>
	<tag k="operator:type" v="private"/>
	<tag k="tourism" v="museum"/>
	<tag k="source:tourism" v="Wykaz Muzeów, wypis na dzień 2026-04-09"/>
</node>
<node id="-1021075736" lat="52.291113" lon="21.5491157" version="1" timestamp="2026-04-19T19:46:10.725980Z" action="modify"   >
	<tag k="name" v="Muzeum Broni w Stanisławowie"/>
	<tag k="addr:postcode" v="59-424"/>
	<tag k="addr:city" v="Stanisławów"/>
	<tag k="addr:housenumber" v="41"/>
	<tag k="operator" v="Przemysław Kusek"/>
	<tag k="operator:type" v="private"/>
	<tag k="tourism" v="museum"/>
	<tag k="source:tourism" v="Wykaz Muzeów, wypis na dzień 2026-04-09"/>
</node>
<node id="-834356799" lat="54.583961" lon="16.8607441" version="1" timestamp="2026-04-19T19:46:10.725980Z" action="modify"   >
	<tag k="name" v="Muzeum Bursztynu w Ustce"/>
	<tag k="addr:postcode" v="76-270"/>
	<tag k="addr:city" v="Ustka"/>
	<tag k="addr:street" v="Słowiańska"/>
	<tag k="addr:housenumber" v="35a"/>
	<tag k="operator" v="Paulina Szyłko"/>
	<tag k="operator:type" v="private"/>
	<tag k="tourism" v="museum"/>
	<tag k="source:tourism" v="Wykaz Muzeów, wypis na dzień 2026-04-09"/>
</node>
<node id="-849549499" lat="53.13616" lon="18.18754" version="1" timestamp="2026-04-19T19:46:10.725980Z" action="modify"   >
	<tag k="name" v="Muzeum Dawnej Broni i Osobliwości w Strzyżawie"/>
	<tag k="addr:postcode" v="86-070"/>
	<tag k="addr:city" v="Dąbrowa Chełmińska"/>
	<tag k="addr:street" v="Strzyżawa"/>
	<tag k="addr:housenumber" v="43"/>
	<tag k="operator" v="Andrzej Dulcet"/>
	<tag k="operator:type" v="private"/>
	<tag k="tourism" v="museum"/>
	<tag k="source:tourism" v="Wykaz Muzeów, wypis na dzień 2026-04-09"/>
</node>
<node id="-247469201" lat="52.7985739" lon="21.9085612" version="1" timestamp="2026-04-19T19:46:10.725980Z" action="modify"   >
	<tag k="name" v="Muzeum Dewocjonaliów i Rzeczy Osobistych w Ostrowi Mazowieckiej"/>
	<tag k="addr:postcode" v="07-300"/>
	<tag k="addr:city" v="Ostrów Mazowiecka"/>
	<tag k="addr:street" v="Antoniego Bałdygi"/>
	<tag k="addr:housenumber" v="12"/>
	<tag k="operator" v="Aneta Żyłowska"/>
	<tag k="operator:type" v="private"/>
	<tag k="tourism" v="museum"/>
	<tag k="source:tourism" v="Wykaz Muzeów, wypis na dzień 2026-04-09"/>
</node>
<node id="-475395264" lat="50.6349371" lon="18.8441049" version="1" timestamp="2026-04-19T19:46:10.725980Z" action="modify"   >
	<tag k="name" v="Muzeum Doctor Villa w Koszęcinie"/>
	<tag k="addr:postcode" v="42-286"/>
	<tag k="addr:city" v="Koszęcin"/>
	<tag k="addr:street" v="Ligonia"/>
	<tag k="addr:housenumber" v="8"/>
	<tag k="operator" v="Katarzyna Mańko"/>
	<tag k="operator:type" v="private"/>
	<tag k="tourism" v="museum"/>
	<tag k="source:tourism" v="Wykaz Muzeów, wypis na dzień 2026-04-09"/>
</node>
<node id="-547922487" lat="52.19554" lon="22.37785" version="1" timestamp="2026-04-19T19:46:10.725980Z" action="modify"   >
	<tag k="name" v="Muzeum Doliny Liwca"/>
	<tag k="addr:postcode" v="08-110"/>
	<tag k="addr:city" v="Siedlce"/>
	<tag k="addr:street" v="Pruszynek"/>
	<tag k="addr:housenumber" v="58B"/>
	<tag k="operator" v="Michał Krasuski"/>
	<tag k="operator:type" v="private"/>
	<tag k="tourism" v="museum"/>
	<tag k="source:tourism" v="Wykaz Muzeów, wypis na dzień 2026-04-09"/>
</node>
<node id="-504683673" lat="49.7528228" lon="18.6284389" version="1" timestamp="2026-04-19T19:46:10.725980Z" action="modify"   >
	<tag k="name" v="Muzeum 4 Pułku Strzelców Podhalańskich"/>
	<tag k="addr:postcode" v="43-400"/>
	<tag k="addr:city" v="Cieszyn"/>
	<tag k="addr:street" v="Frysztacka"/>
	<tag k="addr:housenumber" v="2"/>
	<tag k="operator" v="Krzysztof Neścior"/>
	<tag k="operator:type" v="private"/>
	<tag k="tourism" v="museum"/>
	<tag k="source:tourism" v="Wykaz Muzeów, wypis na dzień 2026-04-09"/>
</node>
<node id="-55002029" lat="52.1400139" lon="21.2424966" version="1" timestamp="2026-04-19T19:46:10.725980Z" action="modify"   >
	<tag k="name" v="Muzeum II Korpusu Polskiego w Józefowie"/>
	<tag k="addr:postcode" v="05-420"/>
	<tag k="addr:city" v="Józefów"/>
	<tag k="addr:street" v="Kasztanowa"/>
	<tag k="addr:housenumber" v="6"/>
	<tag k="operator" v="Mariusz Niewiedzielski"/>
	<tag k="operator:type" v="private"/>
	<tag k="tourism" v="museum"/>
	<tag k="source:tourism" v="Wykaz Muzeów, wypis na dzień 2026-04-09"/>
</node>
<node id="-363561662" lat="53.9087904" lon="14.249872" version="1" timestamp="2026-04-19T19:46:10.725980Z" action="modify"   >
	<tag k="name" v="Muzeum Dawnej Motoryzacji i Techniki Kontrasty w Świnoujściu"/>
	<tag k="addr:postcode" v="72-600"/>
	<tag k="addr:city" v="Świnoujście"/>
	<tag k="addr:street" v="Słowiański"/>
	<tag k="addr:housenumber" v="15"/>
	<tag k="operator" v="Rafał Tyszkiewicz"/>
	<tag k="operator:type" v="private"/>
	<tag k="tourism" v="museum"/>
	<tag k="source:tourism" v="Wykaz Muzeów, wypis na dzień 2026-04-09"/>
</node>
<node id="-601944601" lat="51.1051432" lon="20.7458698" version="1" timestamp="2026-04-19T19:46:10.725980Z" action="modify"   >
	<tag k="name" v="Muzeum Dawnej Wsi Domek Tkaczki"/>
	<tag k="addr:postcode" v="26-120"/>
	<tag k="addr:city" v="Bliżyn"/>
	<tag k="addr:street" v="Zafabryczna"/>
	<tag k="addr:housenumber" v="35"/>
	<tag k="operator" v="Urszula Jędrzejczyk"/>
	<tag k="operator:type" v="private"/>
	<tag k="tourism" v="museum"/>
	<tag k="source:tourism" v="Wykaz Muzeów, wypis na dzień 2026-04-09"/>
</node>
<node id="-113348174" lat="50.9350755" lon="21.0112461" version="1" timestamp="2026-04-19T19:46:10.725980Z" action="modify"   >
	<tag k="name" v="Muzeum Dolina Psarki"/>
	<tag k="addr:postcode" v="27-225"/>
	<tag k="addr:city" v="Pawłów"/>
	<tag k="addr:street" v="Tarczek"/>
	<tag k="addr:housenumber" v="24"/>
	<tag k="operator" v="Michał Sokalski"/>
	<tag k="operator:type" v="private"/>
	<tag k="tourism" v="museum"/>
	<tag k="source:tourism" v="Wykaz Muzeów, wypis na dzień 2026-04-09"/>
</node>
<node id="-612568460" lat="49.8931647" lon="20.2457338" version="1" timestamp="2026-04-19T19:46:10.725980Z" action="modify"   >
	<tag k="name" v="Muzeum Dwór Feillów"/>
	<tag k="addr:postcode" v="32-420"/>
	<tag k="addr:city" v="Gdów"/>
	<tag k="addr:street" v="Zręczyce"/>
	<tag k="addr:housenumber" v="51"/>
	<tag k="operator" v="Aneta Tyl"/>
	<tag k="operator:type" v="private"/>
	<tag k="tourism" v="museum"/>
	<tag k="source:tourism" v="Wykaz Muzeów, wypis na dzień 2026-04-09"/>
</node>
<node id="-562350753" lat="52.4287032" lon="16.7872998" version="1" timestamp="2026-04-19T19:46:10.725980Z" action="modify"   >
	<tag k="name" v="Muzeum Eksploracji w Przeźmierowie"/>
	<tag k="addr:postcode" v="62-081"/>
	<tag k="addr:city" v="Przeźmierowo"/>
	<tag k="addr:street" v="Składowa"/>
	<tag k="addr:housenumber" v="40A"/>
	<tag k="operator" v="Zygmunt Adamski"/>
	<tag k="operator:type" v="private"/>
	<tag k="tourism" v="museum"/>
	<tag k="source:tourism" v="Wykaz Muzeów, wypis na dzień 2026-04-09"/>
</node>
<node id="-248898639" lat="52.3515061" lon="17.0440665" version="1" timestamp="2026-04-19T19:46:10.725980Z" action="modify"   >
	<tag k="name" v="Muzeum Eksploracji Ziem Polskich w Poznaniu"/>
	<tag k="addr:postcode" v="61-311"/>
	<tag k="addr:city" v="Poznań"/>
	<tag k="addr:street" v="Przyjemna"/>
	<tag k="addr:housenumber" v="18"/>
	<tag k="operator" v="Anna Lińska"/>
	<tag k="operator:type" v="private"/>
	<tag k="tourism" v="museum"/>
	<tag k="source:tourism" v="Wykaz Muzeów, wypis na dzień 2026-04-09"/>
</node>
<node id="-122151787" lat="52.1449734" lon="21.2252844" version="1" timestamp="2026-04-19T19:46:10.725980Z" action="modify"   >
	<tag k="name" v="Muzeum Elwiro Michała Andriollego"/>
	<tag k="addr:postcode" v="05-410"/>
	<tag k="addr:city" v="Józefów"/>
	<tag k="addr:street" v="Słoneczna"/>
	<tag k="addr:housenumber" v="20"/>
	<tag k="operator" v="Robert Lewandowski"/>
	<tag k="operator:type" v="private"/>
	<tag k="tourism" v="museum"/>
	<tag k="source:tourism" v="Wykaz Muzeów, wypis na dzień 2026-04-09"/>
</node>
<node id="-493306627" lat="54.295588" lon="18.3811313" version="1" timestamp="2026-04-19T19:46:10.725980Z" action="modify"   >
	<tag k="name" v="Muzeum Etnograficzno - Archeologiczne KLEISTMETAL"/>
	<tag k="addr:postcode" v="83-331"/>
	<tag k="addr:city" v="Żukowo Przyjaźń"/>
	<tag k="addr:street" v="Sosnowa"/>
	<tag k="addr:housenumber" v="21"/>
	<tag k="operator" v="Krystian Adamczyk"/>
	<tag k="operator:type" v="private"/>
	<tag k="tourism" v="museum"/>
	<tag k="source:tourism" v="Wykaz Muzeów, wypis na dzień 2026-04-09"/>
</node>

<node id="-931650539" lat="51.1968253" lon="17.3760409" version="1" timestamp="2026-04-19T19:46:10.725980Z" action="modify"   >
	<tag k="name" v="Muzeum Foteli Katapultowych w Oleśnicy"/>
	<tag k="addr:postcode" v="56-400"/>
	<tag k="addr:city" v="Oleśnica"/>
	<tag k="addr:street" v="Ludwikowska"/>
	<tag k="addr:housenumber" v="27"/>
	<tag k="operator" v="Radosław Szukała"/>
	<tag k="operator:type" v="private"/>
	<tag k="tourism" v="museum"/>
	<tag k="source:tourism" v="Wykaz Muzeów, wypis na dzień 2026-04-09"/>
</node>
<node id="-493545580" lat="52.2658505" lon="21.0164987" version="1" timestamp="2026-04-19T19:46:10.725980Z" action="modify"   >
	<tag k="name" v="Muzeum Frontu Wschodniego"/>
	<tag k="addr:postcode" v="03-301"/>
	<tag k="addr:city" v="Warszawa"/>
	<tag k="addr:street" v="Jagiellońska"/>
	<tag k="addr:housenumber" v="49c"/>
	<tag k="operator" v="Artur Steckiewicz"/>
	<tag k="operator:type" v="private"/>
	<tag k="tourism" v="museum"/>
	<tag k="source:tourism" v="Wykaz Muzeów, wypis na dzień 2026-04-09"/>
</node>
<node id="-482197944" lat="54.3142695" lon="18.4701843" version="1" timestamp="2026-04-19T19:46:10.725980Z" action="modify"   >
	<tag k="name" v="Muzeum Galeria Sulmin w Sulminie(w organizacji)"/>
	<tag k="addr:postcode" v="83-331"/>
	<tag k="addr:city" v="Sulmin"/>
	<tag k="addr:street" v="Sulmin"/>
	<tag k="addr:housenumber" v="33"/>
	<tag k="operator" v="Alicja Solarewicz-Zawierucha"/>
	<tag k="operator:type" v="private"/>
	<tag k="tourism" v="museum"/>
	<tag k="source:tourism" v="Wykaz Muzeów, wypis na dzień 2026-04-09"/>
</node>
<node id="-495529222" lat="52.2381575" lon="15.3553971" version="1" timestamp="2026-04-19T19:46:10.725980Z" action="modify"   >
	<tag k="name" v="Muzeum Galicyjskich Wsi i Pobojowisk w Łaskach"/>
	<tag k="addr:postcode" v="38-200"/>
	<tag k="addr:city" v="Łaski"/>
	<tag k="addr:street" v="Łaski"/>
	<tag k="addr:housenumber" v="207"/>
	<tag k="operator" v="Klaudiusz Kotulak"/>
	<tag k="operator:type" v="private"/>
	<tag k="tourism" v="museum"/>
	<tag k="source:tourism" v="Wykaz Muzeów, wypis na dzień 2026-04-09"/>
</node>
<node id="-55372322" lat="50.4397944" lon="16.8747918" version="1" timestamp="2026-04-19T19:46:10.725980Z" action="modify"   >
	<tag k="name" v="Muzeum Górnictwa i Historii Złotego Stoku"/>
	<tag k="addr:postcode" v="57-250"/>
	<tag k="addr:city" v="Złoty Stok"/>
	<tag k="addr:street" v="Złota"/>
	<tag k="addr:housenumber" v="9"/>
	<tag k="operator" v="Elżbieta Szumska"/>
	<tag k="operator:type" v="private"/>
	<tag k="tourism" v="museum"/>
	<tag k="source:tourism" v="Wykaz Muzeów, wypis na dzień 2026-04-09"/>
</node>
<node id="-258664632" lat="52.2716735" lon="20.9361012" version="1" timestamp="2026-04-19T19:46:10.725980Z" action="modify"   >
	<tag k="name" v="Muzeum Górnictwa i Hutnictwa Staropolskiego w Warszawie"/>
	<tag k="addr:postcode" v="01-864"/>
	<tag k="addr:city" v="Warszawa"/>
	<tag k="addr:street" v="Kochanowskiego"/>
	<tag k="addr:housenumber" v="52"/>
	<tag k="operator" v="Stanisław Krupa"/>
	<tag k="operator:type" v="private"/>
	<tag k="tourism" v="museum"/>
	<tag k="source:tourism" v="Wykaz Muzeów, wypis na dzień 2026-04-09"/>
</node>
<node id="-528704890" lat="50.6814184" lon="16.5437293" version="1" timestamp="2026-04-19T19:46:10.725980Z" action="modify"   >
	<tag k="name" v="Muzeum Góry Sowie Region Sudety"/>
	<tag k="addr:postcode" v="58-250"/>
	<tag k="addr:city" v="Pieszyce"/>
	<tag k="addr:street" v="Kamionki"/>
	<tag k="addr:housenumber" v="12"/>
	<tag k="operator" v="Józef Przeorek"/>
	<tag k="operator:type" v="private"/>
	<tag k="tourism" v="museum"/>
	<tag k="source:tourism" v="Wykaz Muzeów, wypis na dzień 2026-04-09"/>
</node>
<node id="-405086605" lat="53.5781296" lon="16.5448452" version="1" timestamp="2026-04-19T19:46:10.725980Z" action="modify"   >
	<tag k="name" v="Muzeum Gross Born w Bornem Sulinowie"/>
	<tag k="addr:postcode" v="78-449"/>
	<tag k="addr:city" v="Borne Sulinowo"/>
	<tag k="addr:street" v="Marii Konopnickiej"/>
	<tag k="addr:housenumber" v="9"/>
	<tag k="operator" v="Dariusz Czerniawski"/>
	<tag k="operator:type" v="private"/>
	<tag k="tourism" v="museum"/>
	<tag k="source:tourism" v="Wykaz Muzeów, wypis na dzień 2026-04-09"/>
</node>
<node id="-672682816" lat="51.5667356" lon="16.3712756" version="1" timestamp="2026-04-19T19:46:10.725980Z" action="modify"   >
	<tag k="name" v="Muzeum Hełm w Chełmie"/>
	<tag k="addr:postcode" v="59-305"/>
	<tag k="addr:city" v="Rudna"/>
	<tag k="addr:street" v="Chełm"/>
	<tag k="addr:housenumber" v="33"/>
	<tag k="operator" v="Ryszard Biskup"/>
	<tag k="operator:type" v="private"/>
	<tag k="tourism" v="museum"/>
	<tag k="source:tourism" v="Wykaz Muzeów, wypis na dzień 2026-04-09"/>
</node>
<node id="-226180167" lat="52.1618333" lon="21.7553203" version="1" timestamp="2026-04-19T19:46:10.725980Z" action="modify"   >
	<tag k="name" v="Muzeum Historii Artylerii"/>
	<tag k="addr:postcode" v="05-319"/>
	<tag k="addr:city" v="Cegłów"/>
	<tag k="addr:street" v="Rudnik"/>
	<tag k="addr:housenumber" v="57"/>
	<tag k="operator" v="Łukasz Cichosz"/>
	<tag k="operator:type" v="private"/>
	<tag k="tourism" v="museum"/>
	<tag k="source:tourism" v="Wykaz Muzeów, wypis na dzień 2026-04-09"/>
</node>
<node id="-431074787" lat="49.3113889" lon="22.6736111" version="1" timestamp="2026-04-19T19:46:10.725980Z" action="modify"   >
	<tag k="name" v="Muzeum Historii Bieszczad w Czarnej Górnej"/>
	<tag k="addr:postcode" v="38-710"/>
	<tag k="addr:city" v="Czarna Górna"/>
	<tag k="addr:street" v="Czarna Górna"/>
	<tag k="addr:housenumber" v="6"/>
	<tag k="operator" v="Rafał Dudka"/>
	<tag k="operator:type" v="private"/>
	<tag k="tourism" v="museum"/>
	<tag k="source:tourism" v="Wykaz Muzeów, wypis na dzień 2026-04-09"/>
</node>
<node id="-858743321" lat="50.1499235" lon="19.0027097" version="1" timestamp="2026-04-19T19:46:10.725980Z" action="modify"   >
	<tag k="name" v="Muzeum Historii Czułowa w Tychach"/>
	<tag k="addr:postcode" v="43-100"/>
	<tag k="addr:city" v="Tychy"/>
	<tag k="addr:street" v="Klonowa"/>
	<tag k="addr:housenumber" v="25"/>
	<tag k="operator" v="Gabriel Pierończyk"/>
	<tag k="operator:type" v="private"/>
	<tag k="tourism" v="museum"/>
	<tag k="source:tourism" v="Wykaz Muzeów, wypis na dzień 2026-04-09"/>
</node>
<node id="-925146906" lat="52.22928" lon="19.62806" version="1" timestamp="2026-04-19T19:46:10.725980Z" action="modify"   >
	<tag k="name" v="Muzeum Historii i Działań Zbrojnych"/>
	<tag k="addr:postcode" v="99-320"/>
	<tag k="addr:city" v="Żychlin"/>
	<tag k="addr:street" v="Krasickiego"/>
	<tag k="addr:housenumber" v="8"/>
	<tag k="operator" v="Bogdan Szalaty"/>
	<tag k="operator:type" v="private"/>
	<tag k="tourism" v="museum"/>
	<tag k="source:tourism" v="Wykaz Muzeów, wypis na dzień 2026-04-09"/>
</node>
<node id="-330238442" lat="53.8381088" lon="18.0818051" version="1" timestamp="2026-04-19T19:46:10.725980Z" action="modify"   >
	<tag k="name" v="Muzeum Historii i Militariów w Czarnej Wodzie"/>
	<tag k="addr:postcode" v="83-262"/>
	<tag k="addr:city" v="Czarna Woda"/>
	<tag k="addr:street" v="Chojnicka"/>
	<tag k="addr:housenumber" v="20"/>
	<tag k="operator" v="Piotr Kazimierz Szulc"/>
	<tag k="operator:type" v="private"/>
	<tag k="tourism" v="museum"/>
	<tag k="source:tourism" v="Wykaz Muzeów, wypis na dzień 2026-04-09"/>
</node>
<node id="-192079917" lat="52.1575652" lon="20.7900299" version="1" timestamp="2026-04-19T19:46:10.725980Z" action="modify"   >
	<tag k="name" v="Muzeum Historii Gospodarki, Finansów i Rozwoju Przedsiębiorczości Na Ziemiach Polskich"/>
	<tag k="addr:postcode" v="05-804"/>
	<tag k="addr:city" v="Pruszków"/>
	<tag k="addr:street" v="skr. Poczt."/>
	<tag k="addr:housenumber" v="90"/>
	<tag k="operator" v="Krzysztof Kotyński"/>
	<tag k="operator:type" v="private"/>
	<tag k="tourism" v="museum"/>
	<tag k="source:tourism" v="Wykaz Muzeów, wypis na dzień 2026-04-09"/>
</node>
<node id="-663459154" lat="50.2564677" lon="19.0155838" version="1" timestamp="2026-04-19T19:46:10.725980Z" action="modify"   >
	<tag k="name" v="Muzeum Historii Komputerów i Informatyki"/>
	<tag k="addr:postcode" v="40-061"/>
	<tag k="addr:city" v="Katowice"/>
	<tag k="addr:street" v="Oddziałów Młodzieży Powstańczej"/>
	<tag k="addr:housenumber" v="1"/>
	<tag k="operator" v="Krzysztof Chwałowski"/>
	<tag k="operator:type" v="private"/>
	<tag k="tourism" v="museum"/>
	<tag k="source:tourism" v="Wykaz Muzeów, wypis na dzień 2026-04-09"/>
</node>
<node id="-109483442" lat="52.4455506" lon="20.6926141" version="1" timestamp="2026-04-19T19:46:10.725980Z" action="modify"   >
	<tag k="name" v="Muzeum Historii Modlina i Nowego Dworu Mazowieckiego"/>
	<tag k="addr:postcode" v="05-102"/>
	<tag k="addr:city" v="Nowy Dwór Mazowiecki"/>
	<tag k="addr:street" v="Generała Thommee"/>
	<tag k="addr:housenumber" v="10"/>
	<tag k="operator" v="Dariusz Banaszek"/>
	<tag k="operator:type" v="private"/>
	<tag k="tourism" v="museum"/>
	<tag k="source:tourism" v="Wykaz Muzeów, wypis na dzień 2026-04-09"/>
</node>
<node id="-130051381" lat="52.4069254" lon="16.9336462" version="1" timestamp="2026-04-19T19:46:10.725980Z" action="modify"   >
	<tag k="name" v="Muzeum Historii Najnowszej w Poznaniu"/>
	<tag k="addr:postcode" v="61-838"/>
	<tag k="addr:city" v="Poznań"/>
	<tag k="addr:street" v="Wrocławska"/>
	<tag k="addr:housenumber" v="9"/>
	<tag k="operator" v="Sławomir Cichocki"/>
	<tag k="operator:type" v="private"/>
	<tag k="tourism" v="museum"/>
	<tag k="source:tourism" v="Wykaz Muzeów, wypis na dzień 2026-04-09"/>
</node>
<node id="-69600343" lat="52.2666667" lon="18.5666667" version="1" timestamp="2026-04-19T19:46:10.725980Z" action="modify"   >
	<tag k="name" v="Muzeum Historii Wielkopolskiego Leśnictwa 1920-1945 w Bronisławiu"/>
	<tag k="addr:postcode" v="36-025"/>
	<tag k="addr:city" v="Witowo"/>
	<tag k="addr:street" v="Bronisław"/>
	<tag k="addr:housenumber" v="1"/>
	<tag k="operator" v="Andrzej i Justyna Antowscy"/>
	<tag k="operator:type" v="private"/>
	<tag k="tourism" v="museum"/>
	<tag k="source:tourism" v="Wykaz Muzeów, wypis na dzień 2026-04-09"/>
</node>
<node id="-535042523" lat="51.0715185" lon="15.1636017" version="1" timestamp="2026-04-19T19:46:10.725980Z" action="modify"   >
	<tag k="name" v="Muzeum Historii - Włosień i okolice we Włosieniu"/>
	<tag k="addr:postcode" v="59-816"/>
	<tag k="addr:city" v="Platerówka"/>
	<tag k="addr:street" v="Włosień"/>
	<tag k="addr:housenumber" v="127"/>
	<tag k="operator" v="Leszek Stępień, Marcin Stępień"/>
	<tag k="operator:type" v="private"/>
	<tag k="tourism" v="museum"/>
	<tag k="source:tourism" v="Wykaz Muzeów, wypis na dzień 2026-04-09"/>
</node>
<node id="-303853919" lat="52.2430811" lon="20.9610001" version="1" timestamp="2026-04-19T19:46:10.725980Z" action="modify"   >
	<tag k="name" v="Muzeum Historii Wojskowości Polskiej w Warszawie"/>
	<tag k="addr:postcode" v="01-168"/>
	<tag k="addr:city" v="Warszawa"/>
	<tag k="addr:street" v="Syreny"/>
	<tag k="addr:housenumber" v="44"/>
	<tag k="operator" v="Piotr Andrzej Fudała"/>
	<tag k="operator:type" v="private"/>
	<tag k="tourism" v="museum"/>
	<tag k="source:tourism" v="Wykaz Muzeów, wypis na dzień 2026-04-09"/>
</node>
<node id="-688064322" lat="52.8709865" lon="20.6259179" version="1" timestamp="2026-04-19T19:46:10.725980Z" action="modify"   >
	<tag k="name" v="Muzeum Historii Ziemi Ciechanowskiej"/>
	<tag k="addr:postcode" v="06-400"/>
	<tag k="addr:city" v="Ciechanów"/>
	<tag k="addr:street" v="Ks. Konrada II"/>
	<tag k="addr:housenumber" v="9"/>
	<tag k="operator" v="Paweł Podlasiński"/>
	<tag k="operator:type" v="private"/>
	<tag k="tourism" v="museum"/>
	<tag k="source:tourism" v="Wykaz Muzeów, wypis na dzień 2026-04-09"/>
</node>
<node id="-209637837" lat="50.4242106" lon="22.2731068" version="1" timestamp="2026-04-19T19:46:10.725980Z" action="modify"   >
	<tag k="name" v="Muzeum Historii Ziemi Rudnickiej w Rudniku nad Sanem"/>
	<tag k="addr:postcode" v="37-420"/>
	<tag k="addr:city" v="Rudnik nad Sanem"/>
	<tag k="addr:street" v="Mickiewicza"/>
	<tag k="addr:housenumber" v="136a"/>
	<tag k="operator" v="Marek Mierzwa"/>
	<tag k="operator:type" v="private"/>
	<tag k="tourism" v="museum"/>
	<tag k="source:tourism" v="Wykaz Muzeów, wypis na dzień 2026-04-09"/>
</node>
<node id="-376374559" lat="52.5135193" lon="21.0731162" version="1" timestamp="2026-04-19T19:46:10.725980Z" action="modify"   >
	<tag k="name" v="Muzeum Historyczne Broni Pancernej"/>
	<tag k="addr:postcode" v="05-140"/>
	<tag k="addr:city" v="Serock"/>
	<tag k="addr:street" v="Zabłocie Święcienica"/>
	<tag k="addr:housenumber" v="3"/>
	<tag k="operator" v="Bogdan Powała"/>
	<tag k="operator:type" v="private"/>
	<tag k="tourism" v="museum"/>
	<tag k="source:tourism" v="Wykaz Muzeów, wypis na dzień 2026-04-09"/>
</node>
<node id="-752163369" lat="49.2551839" lon="22.6884735" version="1" timestamp="2026-04-19T19:46:10.725980Z" action="modify"   >
	<tag k="name" v="Muzeum Historyczne Bunkier Otryt"/>
	<tag k="addr:postcode" v="38-713"/>
	<tag k="addr:city" v="Lutowiska"/>
	<tag k="addr:street" v="Lutowiska"/>
	<tag k="addr:housenumber" v="98"/>
	<tag k="operator" v="Jarosław Brzeski"/>
	<tag k="operator:type" v="private"/>
	<tag k="tourism" v="museum"/>
	<tag k="source:tourism" v="Wykaz Muzeów, wypis na dzień 2026-04-09"/>
</node>
<node id="-867816215" lat="52.4114604" lon="20.9309568" version="1" timestamp="2026-04-19T19:46:10.725980Z" action="modify"   >
	<tag k="name" v="Muzeum Historyczne Frontu Wschodniego"/>
	<tag k="addr:postcode" v="05-120"/>
	<tag k="addr:city" v="Legionowo"/>
	<tag k="addr:street" v="Krucza"/>
	<tag k="addr:housenumber" v="27"/>
	<tag k="operator" v="Tomasz Dziczek"/>
	<tag k="operator:type" v="private"/>
	<tag k="tourism" v="museum"/>
	<tag k="source:tourism" v="Wykaz Muzeów, wypis na dzień 2026-04-09"/>
</node>
<node id="-50221986" lat="52.8782082" lon="21.4265977" version="1" timestamp="2026-04-19T19:46:10.725980Z" action="modify"   >
	<tag k="name" v="Muzeum Historyczne Północne Mazowsze i Garnizon Różan 1914- 1945"/>
	<tag k="addr:postcode" v="06-230"/>
	<tag k="addr:city" v="Różan"/>
	<tag k="addr:street" v="Kaszewiec"/>
	<tag k="addr:housenumber" v="52"/>
	<tag k="operator" v="Wojciech Wielgosz"/>
	<tag k="operator:type" v="private"/>
	<tag k="tourism" v="museum"/>
	<tag k="source:tourism" v="Wykaz Muzeów, wypis na dzień 2026-04-09"/>
</node>
<node id="-84476987" lat="54.454199" lon="18.0262813" version="1" timestamp="2026-04-19T19:46:10.725980Z" action="modify"   >
	<tag k="name" v="Muzeum Historyczne w Strzepczu"/>
	<tag k="addr:postcode" v="84-223"/>
	<tag k="addr:city" v="Linia"/>
	<tag k="addr:street" v="Strzepcz"/>
	<tag k="addr:housenumber" v="4"/>
	<tag k="operator" v="Piotr Lisiński"/>
	<tag k="operator:type" v="private"/>
	<tag k="tourism" v="museum"/>
	<tag k="source:tourism" v="Wykaz Muzeów, wypis na dzień 2026-04-09"/>
</node>
<node id="-521990386" lat="52.2524951" lon="21.294041" version="1" timestamp="2026-04-19T19:46:10.725980Z" action="modify"   >
	<tag k="name" v="Muzeum Historyczne w Sulejówku"/>
	<tag k="addr:postcode" v="05-071"/>
	<tag k="addr:city" v="Sulejówek"/>
	<tag k="addr:street" v="Szosowa"/>
	<tag k="addr:housenumber" v="26"/>
	<tag k="operator" v="Robert Buczek"/>
	<tag k="operator:type" v="private"/>
	<tag k="tourism" v="museum"/>
	<tag k="source:tourism" v="Wykaz Muzeów, wypis na dzień 2026-04-09"/>
</node>
<node id="-1053468311" lat="52.4154029" lon="20.6704798" version="1" timestamp="2026-04-19T19:46:10.725980Z" action="modify"   >
	<tag k="name" v="Muzeum Historyczne Warszawa Kampinos 1939"/>
	<tag k="addr:postcode" v="05-152"/>
	<tag k="addr:city" v="Czosnów Kazuń Polski"/>
	<tag k="addr:street" v="Jeziorna"/>
	<tag k="addr:housenumber" v="110"/>
	<tag k="operator" v="Wojciech Hejnrych"/>
	<tag k="operator:type" v="private"/>
	<tag k="tourism" v="museum"/>
	<tag k="source:tourism" v="Wykaz Muzeów, wypis na dzień 2026-04-09"/>
</node>
<node id="-389334436" lat="52.3153726" lon="22.3306567" version="1" timestamp="2026-04-19T19:46:10.725980Z" action="modify"   >
	<tag k="name" v="Muzeum Historyczne - Zespół Pałacowy w Patrykozach"/>
	<tag k="addr:postcode" v="08-311"/>
	<tag k="addr:city" v="Bielany"/>
	<tag k="addr:street" v="Patrykozy"/>
	<tag k="addr:housenumber" v="29"/>
	<tag k="operator" v="Maurycy Zając"/>
	<tag k="operator:type" v="private"/>
	<tag k="tourism" v="museum"/>
	<tag k="source:tourism" v="Wykaz Muzeów, wypis na dzień 2026-04-09"/>
</node>
<node id="-230783605" lat="49.84103" lon="19.3589" version="1" timestamp="2026-04-19T19:46:10.725980Z" action="modify"   >
	<tag k="name" v="Muzeum Historyczno-Etnograficzne w Andrychowie"/>
	<tag k="addr:postcode" v="34-120"/>
	<tag k="addr:city" v="Andrychów"/>
	<tag k="addr:street" v="Podgórska"/>
	<tag k="addr:housenumber" v="3"/>
	<tag k="operator" v="Iwona Elżbieta Dyla"/>
	<tag k="operator:type" v="private"/>
	<tag k="tourism" v="museum"/>
	<tag k="source:tourism" v="Wykaz Muzeów, wypis na dzień 2026-04-09"/>
</node>
<node id="-980794877" lat="50.9463435" lon="23.0055926" version="1" timestamp="2026-04-19T19:46:10.725980Z" action="modify"   >
	<tag k="name" v="Muzeum Historyczno-Etnograficzne w Gorzkowie"/>
	<tag k="addr:postcode" v="22-315"/>
	<tag k="addr:city" v="Gorzków"/>
	<tag k="addr:street" v="Gorzków Wieś"/>
	<tag k="addr:housenumber" v="89"/>
	<tag k="operator" v="Krzysztof Sokołowski"/>
	<tag k="operator:type" v="private"/>
	<tag k="tourism" v="museum"/>
	<tag k="source:tourism" v="Wykaz Muzeów, wypis na dzień 2026-04-09"/>
</node>

<node id="-511105423" lat="52.2932884" lon="20.8096749" version="1" timestamp="2026-04-19T19:46:10.725980Z" action="modify"   >
	<tag k="name" v="Muzeum Historyczno – Przyrodnicze Pamiątka"/>
	<tag k="addr:postcode" v="05-080"/>
	<tag k="addr:city" v="Izabelin"/>
	<tag k="addr:street" v="3 Maja"/>
	<tag k="addr:housenumber" v="49"/>
	<tag k="operator" v="Piotr Bakoń"/>
	<tag k="operator:type" v="private"/>
	<tag k="tourism" v="museum"/>
	<tag k="source:tourism" v="Wykaz Muzeów, wypis na dzień 2026-04-09"/>
</node>
<node id="-58322302" lat="50.8719648" lon="15.9125319" version="1" timestamp="2026-04-19T19:46:10.725980Z" action="modify"   >
	<tag k="name" v="Muzeum - Historyczny Dolny Śląsk"/>
	<tag k="addr:postcode" v="58-520"/>
	<tag k="addr:city" v="Janowice Wielkie"/>
	<tag k="addr:street" v="Robotnicza"/>
	<tag k="addr:housenumber" v="8A"/>
	<tag k="operator" v="Małgorzata Piątek"/>
	<tag k="operator:type" v="private"/>
	<tag k="tourism" v="museum"/>
	<tag k="source:tourism" v="Wykaz Muzeów, wypis na dzień 2026-04-09"/>
</node>
<node id="-797941012" lat="51.7164981" lon="18.8569502" version="1" timestamp="2026-04-19T19:46:10.725980Z" action="modify"   >
	<tag k="name" v="Muzeum Historycznych Pojazdów Militarnych i Techniki Motoryzacyjnej w Boczkach"/>
	<tag k="addr:postcode" v="98-240"/>
	<tag k="addr:city" v="Szadek"/>
	<tag k="addr:street" v="Boczki"/>
	<tag k="addr:housenumber" v="38"/>
	<tag k="operator" v="Jacek Kopczyński"/>
	<tag k="operator:type" v="private"/>
	<tag k="tourism" v="museum"/>
	<tag k="source:tourism" v="Wykaz Muzeów, wypis na dzień 2026-04-09"/>
</node>
<node id="-251612608" lat="53.6552016" lon="21.4642009" version="1" timestamp="2026-04-19T19:46:10.725980Z" action="modify"   >
	<tag k="name" v="Muzeum Ikon i Kultury Staroobrzędowców"/>
	<tag k="addr:postcode" v="12-220"/>
	<tag k="addr:city" v="Ruciane Nida"/>
	<tag k="addr:street" v="Wojnowo"/>
	<tag k="addr:housenumber" v="76"/>
	<tag k="operator" v="Tomasz Ludwikowski"/>
	<tag k="operator:type" v="private"/>
	<tag k="tourism" v="museum"/>
	<tag k="source:tourism" v="Wykaz Muzeów, wypis na dzień 2026-04-09"/>
</node>
<node id="-24775639" lat="53.09776" lon="17.00487" version="1" timestamp="2026-04-19T19:46:10.725980Z" action="modify"   >
	<tag k="name" v="Muzeum im. Michała Drzymały w Miasteczku Krajeńskim"/>
	<tag k="addr:postcode" v="89-350"/>
	<tag k="addr:city" v="Miasteczko Krajeńskie"/>
	<tag k="addr:street" v="Wolności"/>
	<tag k="addr:housenumber" v="13"/>
	<tag k="operator" v="Kazimierz Pospieszny"/>
	<tag k="operator:type" v="private"/>
	<tag k="tourism" v="museum"/>
	<tag k="source:tourism" v="Wykaz Muzeów, wypis na dzień 2026-04-09"/>
</node>
<node id="-307925526" lat="52.2478859" lon="20.9440542" version="1" timestamp="2026-04-19T19:46:10.725980Z" action="modify"   >
	<tag k="name" v="Muzeum im. mjr. Władysława Nowakowskiego Żubra"/>
	<tag k="addr:postcode" v="01-437"/>
	<tag k="addr:city" v="Warszawa"/>
	<tag k="addr:street" v="Bolecha"/>
	<tag k="addr:housenumber" v="90"/>
	<tag k="operator" v="Waldemar Nowakowski"/>
	<tag k="operator:type" v="private"/>
	<tag k="tourism" v="museum"/>
	<tag k="source:tourism" v="Wykaz Muzeów, wypis na dzień 2026-04-09"/>
</node>
<node id="-18021671" lat="49.8498408" lon="18.7611613" version="1" timestamp="2026-04-19T19:46:10.725980Z" action="modify"   >
	<tag k="name" v="Muzeum Jazda Historyczna – Galeria Pojazdów i Staroci"/>
	<tag k="addr:postcode" v="43-430"/>
	<tag k="addr:city" v="Ochaby Wielkie"/>
	<tag k="addr:street" v="Główna"/>
	<tag k="addr:housenumber" v="173"/>
	<tag k="operator" v="Zygmunt Bieniek"/>
	<tag k="operator:type" v="private"/>
	<tag k="tourism" v="museum"/>
	<tag k="source:tourism" v="Wykaz Muzeów, wypis na dzień 2026-04-09"/>
</node>
<node id="-646762514" lat="52.2095313" lon="21.1585489" version="1" timestamp="2026-04-19T19:46:10.725980Z" action="modify"   >
	<tag k="name" v="Muzeum Jednostek Specjalnych i Wojsk Powietrzno - Desantowych"/>
	<tag k="addr:postcode" v="04-696"/>
	<tag k="addr:city" v="Warszawa"/>
	<tag k="addr:street" v="Piechurów"/>
	<tag k="addr:housenumber" v="20"/>
	<tag k="operator" v="Paweł Kleszczewski"/>
	<tag k="operator:type" v="private"/>
	<tag k="tourism" v="museum"/>
	<tag k="source:tourism" v="Wykaz Muzeów, wypis na dzień 2026-04-09"/>
</node>

<node id="-652579137" lat="54.4009357" lon="18.2695906" version="1" timestamp="2026-04-19T19:46:10.725980Z" action="modify"   >
	<tag k="name" v="Muzeum Kaszubska Zagroda Bielickowo"/>
	<tag k="addr:postcode" v="83-304"/>
	<tag k="addr:city" v="Przodkowo"/>
	<tag k="addr:street" v="Kawle Dolne"/>
	<tag k="addr:housenumber" v="7"/>
	<tag k="operator" v="Czesław Bielicki"/>
	<tag k="operator:type" v="private"/>
	<tag k="tourism" v="museum"/>
	<tag k="source:tourism" v="Wykaz Muzeów, wypis na dzień 2026-04-09"/>
</node>
<node id="-489375498" lat="54.0531153" lon="21.3325602" version="1" timestamp="2026-04-19T19:46:10.725980Z" action="modify"   >
	<tag k="name" v="Muzeum Kolekcji Dwór Muławki"/>
	<tag k="addr:postcode" v="11-400"/>
	<tag k="addr:city" v="Kętrzyn"/>
	<tag k="addr:street" v="Muławki"/>
	<tag k="addr:housenumber" v="12"/>
	<tag k="operator" v="Paweł Lipko"/>
	<tag k="operator:type" v="private"/>
	<tag k="tourism" v="museum"/>
	<tag k="source:tourism" v="Wykaz Muzeów, wypis na dzień 2026-04-09"/>
</node>
<node id="-267151238" lat="52.4624651" lon="16.9824139" version="1" timestamp="2026-04-19T19:46:10.725980Z" action="modify"   >
	<tag k="name" v="Muzeum Kolekcji Macieja Głowackiego"/>
	<tag k="addr:postcode" v="62-004"/>
	<tag k="addr:city" v="Czerwonak"/>
	<tag k="addr:street" v="Gdyńska"/>
	<tag k="addr:housenumber" v="27"/>
	<tag k="operator" v="Maciej Głowacki"/>
	<tag k="operator:type" v="private"/>
	<tag k="tourism" v="museum"/>
	<tag k="source:tourism" v="Wykaz Muzeów, wypis na dzień 2026-04-09"/>
</node>
<node id="-632824068" lat="53.1185349" lon="17.6126505" version="1" timestamp="2026-04-19T19:46:10.725980Z" action="modify"   >
	<tag k="name" v="Muzeum Komunikacji w Paterku"/>
	<tag k="addr:postcode" v="89-100"/>
	<tag k="addr:city" v="Nakło Paterek"/>
	<tag k="addr:street" v="Łąkowa"/>
	<tag k="addr:housenumber" v="34A"/>
	<tag k="operator" v="Artur Robert Lemański"/>
	<tag k="operator:type" v="private"/>
	<tag k="tourism" v="museum"/>
	<tag k="source:tourism" v="Wykaz Muzeów, wypis na dzień 2026-04-09"/>
</node>
<node id="-1052789491" lat="52.1750737" lon="21.0212591" version="1" timestamp="2026-04-19T19:46:10.725980Z" action="modify"   >
	<tag k="name" v="Muzeum Konfliktów Zbrojnych w Warszawie"/>
	<tag k="addr:postcode" v="02-715"/>
	<tag k="addr:city" v="Warszawa"/>
	<tag k="addr:street" v="Puławska"/>
	<tag k="addr:housenumber" v="233"/>
	<tag k="operator" v="Piotr Szalaty"/>
	<tag k="operator:type" v="private"/>
	<tag k="tourism" v="museum"/>
	<tag k="source:tourism" v="Wykaz Muzeów, wypis na dzień 2026-04-09"/>
</node>
<node id="-458074342" lat="52.7421769" lon="23.580405" version="1" timestamp="2026-04-19T19:46:10.725980Z" action="modify"   >
	<tag k="name" v="Muzeum Kowalstwa i Ślusarstwa Mierzwińskich w Hajnówce"/>
	<tag k="addr:postcode" v="17-200"/>
	<tag k="addr:city" v="Hajnówka"/>
	<tag k="addr:street" v="Lipowa"/>
	<tag k="addr:housenumber" v="1"/>
	<tag k="operator" v="Stanisław Mierzwiński"/>
	<tag k="operator:type" v="private"/>
	<tag k="tourism" v="museum"/>
	<tag k="source:tourism" v="Wykaz Muzeów, wypis na dzień 2026-04-09"/>
</node>
<node id="-29533770" lat="52.8277593" lon="21.8807369" version="1" timestamp="2026-04-19T19:46:10.725980Z" action="modify"   >
	<tag k="name" v="Muzeum Kresów i Ziemi Ostrowskiej im. Marzeny i Zbigniewa Banaszków w Ostrowi Mazowieckiej"/>
	<tag k="addr:postcode" v="07-300"/>
	<tag k="addr:city" v="Ostrów Mazowiecka"/>
	<tag k="addr:street" v="Lubiejewska"/>
	<tag k="addr:housenumber" v="158"/>
	<tag k="operator" v="Zbigniew Banaszek"/>
	<tag k="operator:type" v="private"/>
	<tag k="tourism" v="museum"/>
	<tag k="source:tourism" v="Wykaz Muzeów, wypis na dzień 2026-04-09"/>
</node>
<node id="-467911933" lat="52.2306351" lon="21.051466" version="1" timestamp="2026-04-19T19:46:10.725980Z" action="modify"   >
	<tag k="name" v="Muzeum Kultury Romów w Warszawie"/>
	<tag k="addr:postcode" v="03-936"/>
	<tag k="addr:city" v="Warszawa"/>
	<tag k="addr:street" v="Zwycięzców"/>
	<tag k="addr:housenumber" v="3-"/>
	<tag k="operator" v="Andrzej Grzymała – Kazłowski"/>
	<tag k="operator:type" v="private"/>
	<tag k="tourism" v="museum"/>
	<tag k="source:tourism" v="Wykaz Muzeów, wypis na dzień 2026-04-09"/>
</node>
<node id="-228234485" lat="53.3046112" lon="21.4012806" version="1" timestamp="2026-04-19T19:46:10.725980Z" action="modify"   >
	<tag k="name" v="Muzeum Kurpiowskie w Wachu"/>
	<tag k="addr:postcode" v="07-420"/>
	<tag k="addr:city" v="Kadzidło"/>
	<tag k="addr:street" v="Wach"/>
	<tag k="addr:housenumber" v="14"/>
	<tag k="operator" v="Zdzisław Bogdan Bziukiewicz"/>
	<tag k="operator:type" v="private"/>
	<tag k="tourism" v="museum"/>
	<tag k="source:tourism" v="Wykaz Muzeów, wypis na dzień 2026-04-09"/>
</node>
<node id="-523873021" lat="53.13469" lon="19.07385" version="1" timestamp="2026-04-19T19:46:10.725980Z" action="modify"   >
	<tag k="name" v="Muzeum Lisewski Zakątek w Lisewie"/>
	<tag k="addr:postcode" v="87-400"/>
	<tag k="addr:city" v="Lisewo"/>
	<tag k="addr:housenumber" v="56"/>
	<tag k="operator" v="Tomasz Stefański"/>
	<tag k="operator:type" v="private"/>
	<tag k="tourism" v="museum"/>
	<tag k="source:tourism" v="Wykaz Muzeów, wypis na dzień 2026-04-09"/>
</node>
<node id="-339019258" lat="54.5938348" lon="18.3372465" version="1" timestamp="2026-04-19T19:46:10.725980Z" action="modify"   >
	<tag k="name" v="Muzeum Łączności w Redzie"/>
	<tag k="addr:postcode" v="84-240"/>
	<tag k="addr:city" v="Reda"/>
	<tag k="addr:street" v="Gniewowska"/>
	<tag k="addr:housenumber" v="74"/>
	<tag k="operator" v="Marcin Talaśka"/>
	<tag k="operator:type" v="private"/>
	<tag k="tourism" v="museum"/>
	<tag k="source:tourism" v="Wykaz Muzeów, wypis na dzień 2026-04-09"/>
</node>
<node id="-564074101" lat="52.9639604" lon="14.6204362" version="1" timestamp="2026-04-19T19:46:10.725980Z" action="modify"   >
	<tag k="name" v="Muzeum Militariów 1914-1945"/>
	<tag k="addr:postcode" v="74-510"/>
	<tag k="addr:city" v="Trzcińsko-Zdrój"/>
	<tag k="addr:street" v="Dworcowa"/>
	<tag k="addr:housenumber" v="39"/>
	<tag k="operator" v="Piotra Mańczak"/>
	<tag k="operator:type" v="private"/>
	<tag k="tourism" v="museum"/>
	<tag k="source:tourism" v="Wykaz Muzeów, wypis na dzień 2026-04-09"/>
</node>
<node id="-847191111" lat="52.594149" lon="15.4913612" version="1" timestamp="2026-04-19T19:46:10.725980Z" action="modify"   >
	<tag k="name" v="Muzeum Militariów Atena w Skwierzynie"/>
	<tag k="addr:postcode" v="66-440"/>
	<tag k="addr:city" v="Skwierzyna"/>
	<tag k="addr:street" v="Rzeźnicka"/>
	<tag k="addr:housenumber" v="1"/>
	<tag k="operator" v="Agnieszka Kuś – Ratownictwo Drogowe Anhol"/>
	<tag k="operator:type" v="private"/>
	<tag k="tourism" v="museum"/>
	<tag k="source:tourism" v="Wykaz Muzeów, wypis na dzień 2026-04-09"/>
</node>
<node id="-553437184" lat="49.8417182" lon="21.6102843" version="1" timestamp="2026-04-19T19:46:10.725980Z" action="modify"   >
	<tag k="name" v="Muzeum Militariów i Historii Galicji we Frysztaku"/>
	<tag k="addr:postcode" v="38-130"/>
	<tag k="addr:city" v="Frysztak"/>
	<tag k="addr:street" v="Pułanki"/>
	<tag k="addr:housenumber" v="23"/>
	<tag k="operator" v="Michał Król"/>
	<tag k="operator:type" v="private"/>
	<tag k="tourism" v="museum"/>
	<tag k="source:tourism" v="Wykaz Muzeów, wypis na dzień 2026-04-09"/>
</node>
<node id="-1025083428" lat="50.6080395" lon="17.1795745" version="1" timestamp="2026-04-19T19:46:10.725980Z" action="modify"   >
	<tag k="name" v="Muzeum Militariów i Techniki Wojskowej Kompania Szklary"/>
	<tag k="addr:postcode" v="48-388"/>
	<tag k="addr:city" v="Kamiennik"/>
	<tag k="addr:street" v="Szklary"/>
	<tag k="addr:housenumber" v="102"/>
	<tag k="operator" v="Jan Kosakiewicz"/>
	<tag k="operator:type" v="private"/>
	<tag k="tourism" v="museum"/>
	<tag k="source:tourism" v="Wykaz Muzeów, wypis na dzień 2026-04-09"/>
</node>
<node id="-544628131" lat="52.3630106" lon="17.138987" version="1" timestamp="2026-04-19T19:46:10.725980Z" action="modify"   >
	<tag k="name" v="Muzeum Militariów w Gowarzewie"/>
	<tag k="addr:postcode" v="63-004"/>
	<tag k="addr:city" v="Gowarzewo"/>
	<tag k="addr:street" v="Lawendowa"/>
	<tag k="addr:housenumber" v="43"/>
	<tag k="operator" v="Mikołaj Szczepaniak"/>
	<tag k="operator:type" v="private"/>
	<tag k="tourism" v="museum"/>
	<tag k="source:tourism" v="Wykaz Muzeów, wypis na dzień 2026-04-09"/>
</node>
<node id="-90839257" lat="53.11234" lon="14.63195" version="1" timestamp="2026-04-19T19:46:10.725980Z" action="modify"   >
	<tag k="name" v="Muzeum Militariów w Tywicy"/>
	<tag k="addr:postcode" v="74-110"/>
	<tag k="addr:city" v="Banie"/>
	<tag k="addr:street" v="Tywica"/>
	<tag k="addr:housenumber" v="32/1"/>
	<tag k="operator" v="Patryk Wiśniewski"/>
	<tag k="operator:type" v="private"/>
	<tag k="tourism" v="museum"/>
	<tag k="source:tourism" v="Wykaz Muzeów, wypis na dzień 2026-04-09"/>
</node>
<node id="-89066868" lat="52.7778335" lon="20.1157094" version="1" timestamp="2026-04-19T19:46:10.725980Z" action="modify"   >
	<tag k="name" v="Muzeum Militarnej Historii Ziemi Raciąskiej w Raciążu"/>
	<tag k="addr:postcode" v="09-140"/>
	<tag k="addr:city" v="Raciąż"/>
	<tag k="addr:street" v="Lipowa"/>
	<tag k="addr:housenumber" v="15"/>
	<tag k="operator" v="Grzegorz Domański"/>
	<tag k="operator:type" v="private"/>
	<tag k="tourism" v="museum"/>
	<tag k="source:tourism" v="Wykaz Muzeów, wypis na dzień 2026-04-09"/>
</node>
<node id="-947644227" lat="52.2544707" lon="20.686055" version="1" timestamp="2026-04-19T19:46:10.725980Z" action="modify"   >
	<tag k="name" v="Muzeum Misji Zagranicznych Wojska Polskiego w Feliksowie"/>
	<tag k="addr:postcode" v="05-083"/>
	<tag k="addr:city" v="Zaborów"/>
	<tag k="addr:street" v="Świerkowa"/>
	<tag k="addr:housenumber" v="5"/>
	<tag k="operator" v="Jacek Roszkowski"/>
	<tag k="operator:type" v="private"/>
	<tag k="tourism" v="museum"/>
	<tag k="source:tourism" v="Wykaz Muzeów, wypis na dzień 2026-04-09"/>
</node>
<node id="-990065090" lat="49.7755401" lon="20.7020173" version="1" timestamp="2026-04-19T19:46:10.725980Z" action="modify"   >
	<tag k="name" v="Muzeum Młynarstwa, Techniki i Rzemiosła Wiejskiego im. Józefa Winiarskiego"/>
	<tag k="addr:postcode" v="33-316"/>
	<tag k="addr:city" v="Rożnów"/>
	<tag k="addr:street" v="Roztoka Brzeziny"/>
	<tag k="addr:housenumber" v="105"/>
	<tag k="operator" v="Michał Winiarski"/>
	<tag k="operator:type" v="private"/>
	<tag k="tourism" v="museum"/>
	<tag k="source:tourism" v="Wykaz Muzeów, wypis na dzień 2026-04-09"/>
</node>
<node id="-434418368" lat="54.2059665" lon="17.9552688" version="1" timestamp="2026-04-19T19:46:10.725980Z" action="modify"   >
	<tag k="name" v="Muzeum Motocykli Zabytkowych w Stężycy"/>
	<tag k="addr:postcode" v="83-322"/>
	<tag k="addr:city" v="Stężyca"/>
	<tag k="addr:street" v="Marii Konpnickiej"/>
	<tag k="addr:housenumber" v="4"/>
	<tag k="operator" v="Jarosław Czapiewski"/>
	<tag k="operator:type" v="private"/>
	<tag k="tourism" v="museum"/>
	<tag k="source:tourism" v="Wykaz Muzeów, wypis na dzień 2026-04-09"/>
</node>
<node id="-175937244" lat="49.8454833" lon="19.715059" version="1" timestamp="2026-04-19T19:46:10.725980Z" action="modify"   >
	<tag k="name" v="Muzeum Motoryzacji"/>
	<tag k="addr:postcode" v="34-143"/>
	<tag k="addr:city" v="Lanckorona"/>
	<tag k="addr:street" v="Lanckorona"/>
	<tag k="addr:housenumber" v="290"/>
	<tag k="operator" v="Józef Zaręba"/>
	<tag k="operator:type" v="private"/>
	<tag k="tourism" v="museum"/>
	<tag k="source:tourism" v="Wykaz Muzeów, wypis na dzień 2026-04-09"/>
</node>
<node id="-617024985" lat="49.7357095" lon="19.1333448" version="1" timestamp="2026-04-19T19:46:10.725980Z" action="modify"   >
	<tag k="name" v="Muzeum Motoryzacji – Bielskie Syreny.pl w Łodygowicach"/>
	<tag k="addr:postcode" v="34-325"/>
	<tag k="addr:city" v="Łodygowice"/>
	<tag k="addr:street" v="Kalinowa"/>
	<tag k="addr:housenumber" v="1"/>
	<tag k="operator" v="Krzysztof Rajski"/>
	<tag k="operator:type" v="private"/>
	<tag k="tourism" v="museum"/>
	<tag k="source:tourism" v="Wykaz Muzeów, wypis na dzień 2026-04-09"/>
</node>

<node id="-332453573" lat="50.299152" lon="19.0087974" version="1" timestamp="2026-04-19T19:46:10.725980Z" action="modify"   >
	<tag k="name" v="Muzeum Motoryzacji i Techniki INDIV w Siemianowicach Śląskich"/>
	<tag k="addr:postcode" v="41-106"/>
	<tag k="addr:city" v="Siemianowice Śląskie"/>
	<tag k="addr:street" v="Niepodległości"/>
	<tag k="addr:housenumber" v="61E"/>
	<tag k="operator" v="Leszek Bierski"/>
	<tag k="operator:type" v="private"/>
	<tag k="tourism" v="museum"/>
	<tag k="source:tourism" v="Wykaz Muzeów, wypis na dzień 2026-04-09"/>
</node>
<node id="-759878941" lat="50.1065813" lon="19.9147462" version="1" timestamp="2026-04-19T19:46:10.725980Z" action="modify"   >
	<tag k="name" v="Muzeum Motoryzacji i Techniki MOTO-HOBBY w Zielonkach"/>
	<tag k="addr:postcode" v="32-087"/>
	<tag k="addr:city" v="Zielonki"/>
	<tag k="addr:street" v="Na Popielówkę"/>
	<tag k="addr:housenumber" v="67D"/>
	<tag k="operator" v="Piotr Pelc"/>
	<tag k="operator:type" v="private"/>
	<tag k="tourism" v="museum"/>
	<tag k="source:tourism" v="Wykaz Muzeów, wypis na dzień 2026-04-09"/>
</node>
<node id="-571076180" lat="54.1238983" lon="22.4941141" version="1" timestamp="2026-04-19T19:46:10.725980Z" action="modify"   >
	<tag k="name" v="Muzeum Motoryzacji i Techniki w Białej Oleckiej"/>
	<tag k="addr:postcode" v="19-400"/>
	<tag k="addr:city" v="Olecko"/>
	<tag k="addr:street" v="Biała Olecka"/>
	<tag k="addr:housenumber" v="9"/>
	<tag k="operator" v="Wojciech Kot"/>
	<tag k="operator:type" v="private"/>
	<tag k="tourism" v="museum"/>
	<tag k="source:tourism" v="Wykaz Muzeów, wypis na dzień 2026-04-09"/>
</node>
<node id="-835806956" lat="52.21776" lon="22.22552" version="1" timestamp="2026-04-19T19:46:10.725980Z" action="modify"   >
	<tag k="name" v="Muzeum Motoryzacji i Techniki w Chodowie"/>
	<tag k="addr:postcode" v="08-110"/>
	<tag k="addr:city" v="Siedlce"/>
	<tag k="addr:street" v="Węgrowska"/>
	<tag k="addr:housenumber" v="113"/>
	<tag k="operator" v="Jakub Wojciech Mroczek"/>
	<tag k="operator:type" v="private"/>
	<tag k="tourism" v="museum"/>
	<tag k="source:tourism" v="Wykaz Muzeów, wypis na dzień 2026-04-09"/>
</node>
<node id="-568216948" lat="52.9967344" lon="16.9129494" version="1" timestamp="2026-04-19T19:46:10.725980Z" action="modify"   >
	<tag k="name" v="Muzeum Motoryzacji I Techniki w Chodzieży"/>
	<tag k="addr:postcode" v="64-800"/>
	<tag k="addr:city" v="Chodzież"/>
	<tag k="addr:street" v="Józefa Piłsudskiego"/>
	<tag k="addr:housenumber" v="9"/>
	<tag k="operator" v="Wojciech Chyra"/>
	<tag k="operator:type" v="private"/>
	<tag k="tourism" v="museum"/>
	<tag k="source:tourism" v="Wykaz Muzeów, wypis na dzień 2026-04-09"/>
</node>
<node id="-860061798" lat="51.2899918" lon="15.9568203" version="1" timestamp="2026-04-19T19:46:10.725980Z" action="modify"   >
	<tag k="name" v="Muzeum Motoryzacji i Techniki w Kolonii Kołłątaja"/>
	<tag k="addr:postcode" v="59-226"/>
	<tag k="addr:city" v="Chojnów"/>
	<tag k="addr:street" v="Kolonia Kołłątaja"/>
	<tag k="addr:housenumber" v="40"/>
	<tag k="operator" v="Michał Antoszczuk"/>
	<tag k="operator:type" v="private"/>
	<tag k="tourism" v="museum"/>
	<tag k="source:tourism" v="Wykaz Muzeów, wypis na dzień 2026-04-09"/>
</node>
<node id="-485632777" lat="52.0779537" lon="20.9938591" version="1" timestamp="2026-04-19T19:46:10.725980Z" action="modify"   >
	<tag k="name" v="Muzeum Motoryzacji i Techniki w Łoziskach"/>
	<tag k="addr:postcode" v="05-500"/>
	<tag k="addr:city" v="Łoziska"/>
	<tag k="addr:street" v="Fabryczna"/>
	<tag k="addr:housenumber" v="31"/>
	<tag k="operator" v="Roman Mirkowski"/>
	<tag k="operator:type" v="private"/>
	<tag k="tourism" v="museum"/>
	<tag k="source:tourism" v="Wykaz Muzeów, wypis na dzień 2026-04-09"/>
</node>
<node id="-552699575" lat="52.194" lon="20.84675" version="1" timestamp="2026-04-19T19:46:10.725980Z" action="modify"   >
	<tag k="name" v="Muzeum Techniki i Motoryzacji w Piastowie"/>
	<tag k="addr:postcode" v="05-820"/>
	<tag k="addr:city" v="Piastów"/>
	<tag k="addr:street" v="Mazowiecka"/>
	<tag k="addr:housenumber" v="6A"/>
	<tag k="operator" v="Ryszard Rozpondek"/>
	<tag k="operator:type" v="private"/>
	<tag k="tourism" v="museum"/>
	<tag k="source:tourism" v="Wykaz Muzeów, wypis na dzień 2026-04-09"/>
</node>
<node id="-480479168" lat="50.0989298" lon="21.9602711" version="1" timestamp="2026-04-19T19:46:10.725980Z" action="modify"   >
	<tag k="name" v="Muzeum Motoryzacji i Techniki Wojskowej Bunkier"/>
	<tag k="addr:postcode" v="36-060"/>
	<tag k="addr:city" v="Głogów Małopolski"/>
	<tag k="addr:street" v="Rudna Mała"/>
	<tag k="addr:housenumber" v="48c"/>
	<tag k="operator" v="Sebastian Mazur"/>
	<tag k="operator:type" v="private"/>
	<tag k="tourism" v="museum"/>
	<tag k="source:tourism" v="Wykaz Muzeów, wypis na dzień 2026-04-09"/>
</node>
<node id="-512395226" lat="50.318598" lon="19.145846" version="1" timestamp="2026-04-19T19:46:10.725980Z" action="modify"   >
	<tag k="name" v="Muzeum Motoryzacji w Będzinie"/>
	<tag k="addr:postcode" v="42-500"/>
	<tag k="addr:city" v="Będzin"/>
	<tag k="addr:street" v="Wilcza"/>
	<tag k="addr:housenumber" v="36"/>
	<tag k="operator" v="Dariusz Lemański"/>
	<tag k="operator:type" v="private"/>
	<tag k="tourism" v="museum"/>
	<tag k="source:tourism" v="Wykaz Muzeów, wypis na dzień 2026-04-09"/>
</node>
<node id="-142454108" lat="52.2002299" lon="20.9582721" version="1" timestamp="2026-04-19T19:46:10.725980Z" action="modify"   >
	<tag k="name" v="Muzeum Motoryzacji i Techniki SKARB NARODU w Warszawie"/>
	<tag k="addr:postcode" v="02-384"/>
	<tag k="addr:city" v="Warszawa"/>
	<tag k="addr:street" v="Włodarzewska"/>
	<tag k="addr:housenumber" v="51d"/>
	<tag k="operator" v="Robert Brykała"/>
	<tag k="operator:type" v="private"/>
	<tag k="tourism" v="museum"/>
	<tag k="source:tourism" v="Wykaz Muzeów, wypis na dzień 2026-04-09"/>
</node>
<node id="-711366068" lat="52.3447224" lon="21.2140053" version="1" timestamp="2026-04-19T19:46:10.725980Z" action="modify"   >
	<tag k="name" v="Muzeum Motoryzacji i Techniki w Kobyłce"/>
	<tag k="addr:postcode" v="05-230"/>
	<tag k="addr:city" v="Kobyłka"/>
	<tag k="addr:street" v="Pionierska"/>
	<tag k="addr:housenumber" v="7"/>
	<tag k="operator" v="Jacek Brzozowski, Dariusz Brzozowski"/>
	<tag k="operator:type" v="private"/>
	<tag k="tourism" v="museum"/>
	<tag k="source:tourism" v="Wykaz Muzeów, wypis na dzień 2026-04-09"/>
</node>
<node id="-778636232" lat="49.8962424" lon="18.9115987" version="1" timestamp="2026-04-19T19:46:10.725980Z" action="modify"   >
	<tag k="name" v="Muzeum Motoryzacji i Techniki w Ligocie"/>
	<tag k="addr:postcode" v="43-518"/>
	<tag k="addr:city" v="Ligota"/>
	<tag k="addr:street" v="Zaciszna"/>
	<tag k="addr:housenumber" v="8"/>
	<tag k="operator" v="Paweł Soszka"/>
	<tag k="operator:type" v="private"/>
	<tag k="tourism" v="museum"/>
	<tag k="source:tourism" v="Wykaz Muzeów, wypis na dzień 2026-04-09"/>
</node>
<node id="-773524471" lat="52.1749085" lon="20.8875717" version="1" timestamp="2026-04-19T19:46:10.725980Z" action="modify"   >
	<tag k="name" v="Muzeum Motoryzacji i Techniki w Opaczy Kolonii"/>
	<tag k="addr:postcode" v="05-816"/>
	<tag k="addr:city" v="Opacz Kolonia"/>
	<tag k="addr:street" v="Mokra"/>
	<tag k="addr:housenumber" v="6"/>
	<tag k="operator" v="Tomasz Graczyk"/>
	<tag k="operator:type" v="private"/>
	<tag k="tourism" v="museum"/>
	<tag k="source:tourism" v="Wykaz Muzeów, wypis na dzień 2026-04-09"/>
</node>
<node id="-1001688812" lat="51.4015229" lon="21.1474907" version="1" timestamp="2026-04-19T19:46:10.725980Z" action="modify"   >
	<tag k="name" v="Muzeum Motoryzacji i Techniki w Radomiu"/>
	<tag k="addr:postcode" v="26-600"/>
	<tag k="addr:city" v="Radom"/>
	<tag k="addr:street" v="Lubelska"/>
	<tag k="addr:housenumber" v="8"/>
	<tag k="operator" v="Artur Kwiecień"/>
	<tag k="operator:type" v="private"/>
	<tag k="tourism" v="museum"/>
	<tag k="source:tourism" v="Wykaz Muzeów, wypis na dzień 2026-04-09"/>
</node>
<node id="-436518404" lat="50.2693473" lon="19.0247622" version="1" timestamp="2026-04-19T19:46:10.725980Z" action="modify"   >
	<tag k="name" v="Muzeum Motoryzacji RIKO w Katowicach"/>
	<tag k="addr:postcode" v="40-160"/>
	<tag k="addr:city" v="Katowice"/>
	<tag k="addr:street" v="Korfantego"/>
	<tag k="addr:housenumber" v="59"/>
	<tag k="operator" v="Ryszard Rueckert"/>
	<tag k="operator:type" v="private"/>
	<tag k="tourism" v="museum"/>
	<tag k="source:tourism" v="Wykaz Muzeów, wypis na dzień 2026-04-09"/>
</node>
<node id="-761140313" lat="51.4104968" lon="21.1796366" version="1" timestamp="2026-04-19T19:46:10.725980Z" action="modify"   >
	<tag k="name" v="Muzeum Motoryzacji, Służb Mundurowych i Techniki Użytkowej w Radomiu"/>
	<tag k="addr:postcode" v="26-600"/>
	<tag k="addr:city" v="Radom"/>
	<tag k="addr:street" v="11 Listopada"/>
	<tag k="addr:housenumber" v="98"/>
	<tag k="operator" v="Artur Rembowski"/>
	<tag k="operator:type" v="private"/>
	<tag k="tourism" v="museum"/>
	<tag k="source:tourism" v="Wykaz Muzeów, wypis na dzień 2026-04-09"/>
</node>
<node id="-887683819" lat="51.8764568" lon="21.5488252" version="1" timestamp="2026-04-19T19:46:10.725980Z" action="modify"   >
	<tag k="name" v="Muzeum Motoryzacji, Techniki Budowlanej i Rolnej w Rębkowie"/>
	<tag k="addr:postcode" v="08-400"/>
	<tag k="addr:city" v="Garwolin"/>
	<tag k="addr:street" v="Spacerowa (Rębków)"/>
	<tag k="addr:housenumber" v="27"/>
	<tag k="operator" v="Jaroslaw Pytel"/>
	<tag k="operator:type" v="private"/>
	<tag k="tourism" v="museum"/>
	<tag k="source:tourism" v="Wykaz Muzeów, wypis na dzień 2026-04-09"/>
</node>
<node id="-422130254" lat="49.6460988" lon="19.7792997" version="1" timestamp="2026-04-19T19:46:10.725980Z" action="modify"   >
	<tag k="name" v="Muzeum Motoryzacji w Bystrej"/>
	<tag k="addr:postcode" v="34-235"/>
	<tag k="addr:city" v="Bystra"/>
	<tag k="addr:street" v="Bystra"/>
	<tag k="addr:housenumber" v="502"/>
	<tag k="operator" v="Michał Krauze"/>
	<tag k="operator:type" v="private"/>
	<tag k="tourism" v="museum"/>
	<tag k="source:tourism" v="Wykaz Muzeów, wypis na dzień 2026-04-09"/>
</node>
<node id="-392000217" lat="50.3028146" lon="18.9729831" version="1" timestamp="2026-04-19T19:46:10.725980Z" action="modify"   >
	<tag k="name" v="Muzeum Motoryzacji w Chorzowie ( w organizachi)"/>
	<tag k="addr:postcode" v="41-503"/>
	<tag k="addr:city" v="Chorzów"/>
	<tag k="addr:street" v="Siemianowicka"/>
	<tag k="addr:housenumber" v="50"/>
	<tag k="operator" v="Kacper Gach"/>
	<tag k="operator:type" v="private"/>
	<tag k="tourism" v="museum"/>
	<tag k="source:tourism" v="Wykaz Muzeów, wypis na dzień 2026-04-09"/>
</node>
<node id="-308755809" lat="50.4675978" lon="16.6241895" version="1" timestamp="2026-04-19T19:46:10.725980Z" action="modify"   >
	<tag k="name" v="Muzeum Motoryzacji w Gołogłowach"/>
	<tag k="addr:postcode" v="57-300"/>
	<tag k="addr:city" v="Kłodzko"/>
	<tag k="addr:street" v="Gołogłowy"/>
	<tag k="addr:housenumber" v="23A"/>
	<tag k="operator" v="Marcin Oliwa"/>
	<tag k="operator:type" v="private"/>
	<tag k="tourism" v="museum"/>
	<tag k="source:tourism" v="Wykaz Muzeów, wypis na dzień 2026-04-09"/>
</node>
<node id="-772491912" lat="50.6310059" lon="16.4953425" version="1" timestamp="2026-04-19T19:46:10.725980Z" action="modify"   >
	<tag k="name" v="Muzeum Motoryzacji w Ludwikowicach Kłodzkich"/>
	<tag k="addr:postcode" v="57-450"/>
	<tag k="addr:city" v="Ludwikowice Kłodzkie"/>
	<tag k="addr:street" v="Fabryczna"/>
	<tag k="addr:housenumber" v="26"/>
	<tag k="operator" v="Kamil Marcinkowski"/>
	<tag k="operator:type" v="private"/>
	<tag k="tourism" v="museum"/>
	<tag k="source:tourism" v="Wykaz Muzeów, wypis na dzień 2026-04-09"/>
</node>
<node id="-342458673" lat="50.8239666" lon="18.9908517" version="1" timestamp="2026-04-19T19:46:10.725980Z" action="modify"   >
	<tag k="name" v="Muzeum Motoryzacji w Wydrze"/>
	<tag k="addr:postcode" v="42-130"/>
	<tag k="addr:city" v="Wręczyca Wlk."/>
	<tag k="addr:street" v="Wydra"/>
	<tag k="addr:housenumber" v="14a"/>
	<tag k="operator" v="Piotr Szczepanek"/>
	<tag k="operator:type" v="private"/>
	<tag k="tourism" v="museum"/>
	<tag k="source:tourism" v="Wykaz Muzeów, wypis na dzień 2026-04-09"/>
</node>
<node id="-740283950" lat="53.2075903" lon="22.7665577" version="1" timestamp="2026-04-19T19:46:10.725980Z" action="modify"   >
	<tag k="name" v="Muzeum Narwi w Tykocinie"/>
	<tag k="addr:postcode" v="16-080"/>
	<tag k="addr:city" v="Tykocin"/>
	<tag k="addr:street" v="Browarna"/>
	<tag k="addr:housenumber" v="17"/>
	<tag k="operator" v="Adam Rudawski"/>
	<tag k="operator:type" v="private"/>
	<tag k="tourism" v="museum"/>
	<tag k="source:tourism" v="Wykaz Muzeów, wypis na dzień 2026-04-09"/>
</node>
<node id="-478511031" lat="53.9064232" lon="14.2704797" version="1" timestamp="2026-04-19T19:46:10.725980Z" action="modify"   >
	<tag k="name" v="Muzeum Obrony Wybrzeża w Świnoujściu"/>
	<tag k="addr:postcode" v="72-602"/>
	<tag k="addr:city" v="Świnoujście"/>
	<tag k="addr:street" v="Bunkrowa"/>
	<tag k="addr:housenumber" v="2"/>
	<tag k="operator" v="Piotr Piwowarczyk"/>
	<tag k="operator:type" v="private"/>
	<tag k="tourism" v="museum"/>
	<tag k="source:tourism" v="Wykaz Muzeów, wypis na dzień 2026-04-09"/>
</node>
<node id="-697750761" lat="51.951747" lon="22.3883049" version="1" timestamp="2026-04-19T19:46:10.725980Z" action="modify"   >
	<tag k="name" v="Muzeum Oręża i Techniki Użytkowej im. ks. gen. Stanisława Brzóski w Łukowie"/>
	<tag k="addr:postcode" v="21-400"/>
	<tag k="addr:city" v="Łuków"/>
	<tag k="addr:street" v="Farfak"/>
	<tag k="addr:housenumber" v="42"/>
	<tag k="operator" v="Jan Janusz Jastrzębski"/>
	<tag k="operator:type" v="private"/>
	<tag k="tourism" v="museum"/>
	<tag k="source:tourism" v="Wykaz Muzeów, wypis na dzień 2026-04-09"/>
</node>
<node id="-764425764" lat="51.2420091" lon="22.5589581" version="1" timestamp="2026-04-19T19:46:10.725980Z" action="modify"   >
	<tag k="name" v="Muzeum Oręża i Techniki Ziemi Zamojskiej w Lublinie"/>
	<tag k="addr:postcode" v="20-010"/>
	<tag k="addr:city" v="Lublin"/>
	<tag k="addr:street" v="Dolna Panny Marii"/>
	<tag k="addr:housenumber" v="56"/>
	<tag k="operator" v="Marcin Potocki"/>
	<tag k="operator:type" v="private"/>
	<tag k="tourism" v="museum"/>
	<tag k="source:tourism" v="Wykaz Muzeów, wypis na dzień 2026-04-09"/>
</node>
<node id="-305589015" lat="50.763805" lon="21.533439" version="1" timestamp="2026-04-19T19:46:10.725980Z" action="modify"   >
	<tag k="name" v="Muzeum Oręża im. Oddziałów Partyzanckich Ziemi Opatowskiej w Męczennicach"/>
	<tag k="addr:postcode" v="27-540"/>
	<tag k="addr:city" v="Lipnik"/>
	<tag k="addr:street" v="Męczennice"/>
	<tag k="addr:housenumber" v="8"/>
	<tag k="operator" v="Janusz Orłowski"/>
	<tag k="operator:type" v="private"/>
	<tag k="tourism" v="museum"/>
	<tag k="source:tourism" v="Wykaz Muzeów, wypis na dzień 2026-04-09"/>
</node>
<node id="-104762327" lat="53.2504827" lon="22.8730261" version="1" timestamp="2026-04-19T19:46:10.725980Z" action="modify"   >
	<tag k="name" v="Muzeum Pacowa Chata w Krypnie Wielkim"/>
	<tag k="addr:postcode" v="19-111"/>
	<tag k="addr:city" v="Krypno Kościelne"/>
	<tag k="addr:street" v="Krypno Wielkie"/>
	<tag k="addr:housenumber" v="119"/>
	<tag k="operator" v="Tomasz Pac"/>
	<tag k="operator:type" v="private"/>
	<tag k="tourism" v="museum"/>
	<tag k="source:tourism" v="Wykaz Muzeów, wypis na dzień 2026-04-09"/>
</node>
<node id="-875297701" lat="52.5421933" lon="16.9505132" version="1" timestamp="2026-04-19T19:46:10.725980Z" action="modify"   >
	<tag k="name" v="Muzeum Pałacowe Garnizonu Biedrusko"/>
	<tag k="addr:postcode" v="62-003"/>
	<tag k="addr:city" v="Biedrusko"/>
	<tag k="addr:street" v="1 Maja"/>
	<tag k="addr:housenumber" v="82"/>
	<tag k="operator" v="Jan Kucharski"/>
	<tag k="operator:type" v="private"/>
	<tag k="tourism" v="museum"/>
	<tag k="source:tourism" v="Wykaz Muzeów, wypis na dzień 2026-04-09"/>
</node>
<node id="-1068803331" lat="54.1760106" lon="15.5766818" version="1" timestamp="2026-04-19T19:46:10.725980Z" action="modify"   >
	<tag k="name" v="Muzeum Patria Colbergiensis w Kołobrzegu"/>
	<tag k="addr:postcode" v="78-100"/>
	<tag k="addr:city" v="Kołobrzeg"/>
	<tag k="addr:street" v="Armii Krajowej"/>
	<tag k="addr:housenumber" v="12"/>
	<tag k="operator" v="Robert Aleksander Maziarz"/>
	<tag k="operator:type" v="private"/>
	<tag k="tourism" v="museum"/>
	<tag k="source:tourism" v="Wykaz Muzeów, wypis na dzień 2026-04-09"/>
</node>
<node id="-478222344" lat="52.77944" lon="17.27255" version="1" timestamp="2026-04-19T19:46:10.725980Z" action="modify"   >
	<tag k="name" v="Muzeum Pieców i Kultury Ogniowej"/>
	<tag k="addr:postcode" v="62-100"/>
	<tag k="addr:city" v="Wągrowiec"/>
	<tag k="addr:street" v="Łaziska"/>
	<tag k="addr:housenumber" v="29"/>
	<tag k="operator" v="Piotr Batura"/>
	<tag k="operator:type" v="private"/>
	<tag k="tourism" v="museum"/>
	<tag k="source:tourism" v="Wykaz Muzeów, wypis na dzień 2026-04-09"/>
</node>
<node id="-921073052" lat="49.6656082" lon="21.6111083" version="1" timestamp="2026-04-19T19:46:10.725980Z" action="modify"   >
	<tag k="name" v="Muzeum Piernika i Etnografii w Kopytowej"/>
	<tag k="addr:postcode" v="38-459"/>
	<tag k="addr:city" v="Kopytowa"/>
	<tag k="addr:street" v="Kopytowa"/>
	<tag k="addr:housenumber" v="1"/>
	<tag k="operator" v="Wojciech Kołder"/>
	<tag k="operator:type" v="private"/>
	<tag k="tourism" v="museum"/>
	<tag k="source:tourism" v="Wykaz Muzeów, wypis na dzień 2026-04-09"/>
</node>
<node id="-921214532" lat="53.0541252" lon="18.7194789" version="1" timestamp="2026-04-19T19:46:10.725980Z" action="modify"   >
	<tag k="name" v="Muzeum Piśmiennictwa i Drukarstwa w Grębocinie"/>
	<tag k="addr:postcode" v="87-122"/>
	<tag k="addr:city" v="Grębocin"/>
	<tag k="addr:street" v="Szkolna"/>
	<tag k="addr:housenumber" v="31"/>
	<tag k="operator" v="Dariusz Subocz"/>
	<tag k="operator:type" v="private"/>
	<tag k="tourism" v="museum"/>
	<tag k="source:tourism" v="Wykaz Muzeów, wypis na dzień 2026-04-09"/>
</node>
<node id="-826953488" lat="53.13054" lon="18.76184" version="1" timestamp="2026-04-19T19:46:10.725980Z" action="modify"   >
	<tag k="name" v="Muzeum Po Bitwie"/>
	<tag k="addr:postcode" v="87-148"/>
	<tag k="addr:city" v="Łysomice"/>
	<tag k="addr:street" v="Kamionki Małe"/>
	<tag k="addr:housenumber" v="23"/>
	<tag k="operator" v="Olaf Popkiewicz"/>
	<tag k="operator:type" v="private"/>
	<tag k="tourism" v="museum"/>
	<tag k="source:tourism" v="Wykaz Muzeów, wypis na dzień 2026-04-09"/>
</node>
<node id="-938513144" lat="50.4740142" lon="20.7144701" version="1" timestamp="2026-04-19T19:46:10.725980Z" action="modify"   >
	<tag k="name" v="Muzeum Pojazdów Historycznych Polskie Drogi w Busku – Zdroju"/>
	<tag k="addr:postcode" v="28-100"/>
	<tag k="addr:city" v="Busko – Zdrój"/>
	<tag k="addr:street" v="Żeromskiego"/>
	<tag k="addr:housenumber" v="12A"/>
	<tag k="operator" v="Edyta Łukasik"/>
	<tag k="operator:type" v="private"/>
	<tag k="tourism" v="museum"/>
	<tag k="source:tourism" v="Wykaz Muzeów, wypis na dzień 2026-04-09"/>
</node>
<node id="-501806715" lat="49.9498141" lon="19.9446102" version="1" timestamp="2026-04-19T19:46:10.725980Z" action="modify"   >
	<tag k="name" v="Muzeum Pojazdów Militarnych – MILITARY - KONARY"/>
	<tag k="addr:postcode" v="05-660"/>
	<tag k="addr:city" v="Konary"/>
	<tag k="addr:street" v="Konary"/>
	<tag k="addr:housenumber" v="9"/>
	<tag k="operator" v="Andrzej Jasiński"/>
	<tag k="operator:type" v="private"/>
	<tag k="tourism" v="museum"/>
	<tag k="source:tourism" v="Wykaz Muzeów, wypis na dzień 2026-04-09"/>
</node>
<node id="-903543709" lat="52.4317765" lon="16.7914089" version="1" timestamp="2026-04-19T19:46:10.725980Z" action="modify"   >
	<tag k="name" v="Muzeum Pojazdów Militarnych i Uzbrojenia"/>
	<tag k="addr:postcode" v="62-081"/>
	<tag k="addr:city" v="Przeźmierowo"/>
	<tag k="addr:street" v="Piaskowa"/>
	<tag k="addr:housenumber" v="17"/>
	<tag k="operator" v="Anna Paczkowska-Jarecka"/>
	<tag k="operator:type" v="private"/>
	<tag k="tourism" v="museum"/>
	<tag k="source:tourism" v="Wykaz Muzeów, wypis na dzień 2026-04-09"/>
</node>
<node id="-900583037" lat="50.7818303" lon="19.1313618" version="1" timestamp="2026-04-19T19:46:10.725980Z" action="modify"   >
	<tag k="name" v="Muzeum Pojazdów Militarnych w Częstochowie"/>
	<tag k="addr:postcode" v="42-200"/>
	<tag k="addr:city" v="Częstochowa"/>
	<tag k="addr:street" v="Bukowa"/>
	<tag k="addr:housenumber" v="25"/>
	<tag k="operator" v="Karol Woldan"/>
	<tag k="operator:type" v="private"/>
	<tag k="tourism" v="museum"/>
	<tag k="source:tourism" v="Wykaz Muzeów, wypis na dzień 2026-04-09"/>
</node>
<node id="-335316352" lat="51.7383431" lon="19.591826" version="1" timestamp="2026-04-19T19:46:10.725980Z" action="modify"   >
	<tag k="name" v="Muzeum Pojazdów Retro i Karawaningu w Łodzi"/>
	<tag k="addr:postcode" v="92-403"/>
	<tag k="addr:city" v="Łódź"/>
	<tag k="addr:street" v="Tranzytowa"/>
	<tag k="addr:housenumber" v="5"/>
	<tag k="operator" v="Jacek Przybyliński"/>
	<tag k="operator:type" v="private"/>
	<tag k="tourism" v="museum"/>
	<tag k="source:tourism" v="Wykaz Muzeów, wypis na dzień 2026-04-09"/>
</node>
<node id="-480474958" lat="52.4963019" lon="20.0408207" version="1" timestamp="2026-04-19T19:46:10.725980Z" action="modify"   >
	<tag k="name" v="Muzeum Pojazdów Wojska Polskiego w Chodkowie Działkach"/>
	<tag k="addr:postcode" v="09-470"/>
	<tag k="addr:city" v="Bodzanów"/>
	<tag k="addr:street" v="Wyszogrodzka"/>
	<tag k="addr:housenumber" v="20"/>
	<tag k="operator" v="Marcin Bartczak, Dorota Kordulasińska"/>
	<tag k="operator:type" v="private"/>
	<tag k="tourism" v="museum"/>
	<tag k="source:tourism" v="Wykaz Muzeów, wypis na dzień 2026-04-09"/>
</node>
<node id="-418067923" lat="54.7699985" lon="18.257084" version="1" timestamp="2026-04-19T19:46:10.725980Z" action="modify"   >
	<tag k="name" v="Muzeum Pojazdów Wojskowych i Uzbrojenia"/>
	<tag k="addr:postcode" v="84-107"/>
	<tag k="addr:city" v="Starzyno"/>
	<tag k="addr:street" v="Kłanino"/>
	<tag k="addr:housenumber" v="2"/>
	<tag k="operator" v="Mateusz Deling"/>
	<tag k="operator:type" v="private"/>
	<tag k="tourism" v="museum"/>
	<tag k="source:tourism" v="Wykaz Muzeów, wypis na dzień 2026-04-09"/>
</node>
<node id="-244461007" lat="50.294113" lon="18.6657306" version="1" timestamp="2026-04-19T19:46:10.725980Z" action="modify"   >
	<tag k="name" v="Muzeum Pojazdów Zabytkowych i Unikatowych w Gliwicach"/>
	<tag k="addr:postcode" v="44-151"/>
	<tag k="addr:city" v="Gliwice"/>
	<tag k="addr:street" v="I. Daszyńskiego"/>
	<tag k="addr:housenumber" v="546A"/>
	<tag k="operator" v="Bronisław Keller"/>
	<tag k="operator:type" v="private"/>
	<tag k="tourism" v="museum"/>
	<tag k="source:tourism" v="Wykaz Muzeów, wypis na dzień 2026-04-09"/>
</node>
<node id="-210752907" lat="52.5457153" lon="17.6017701" version="1" timestamp="2026-04-19T19:46:10.725980Z" action="modify"   >
	<tag k="name" v="Muzeum Polskich Organów Elektronicznych w Gnieźnie"/>
	<tag k="addr:postcode" v="62-200"/>
	<tag k="addr:city" v="Gniezno"/>
	<tag k="addr:street" v="Gdańska"/>
	<tag k="addr:housenumber" v="77"/>
	<tag k="operator" v="Wanda Jung,"/>
	<tag k="operator:type" v="private"/>
	<tag k="tourism" v="museum"/>
	<tag k="source:tourism" v="Wykaz Muzeów, wypis na dzień 2026-04-09"/>
</node>
<node id="-848428677" lat="50.5107616" lon="20.7619082" version="1" timestamp="2026-04-19T19:46:10.725980Z" action="modify"   >
	<tag k="name" v="Muzeum Polskiej Motoryzacji XX wieku Polska na Kołach w Busku – Zdroju"/>
	<tag k="addr:postcode" v="28-100"/>
	<tag k="addr:city" v="Busko – Zdrój"/>
	<tag k="addr:street" v="Podgaje"/>
	<tag k="addr:housenumber" v="9"/>
	<tag k="operator" v="Wojciech Łukasik"/>
	<tag k="operator:type" v="private"/>
	<tag k="tourism" v="museum"/>
	<tag k="source:tourism" v="Wykaz Muzeów, wypis na dzień 2026-04-09"/>
</node>
<node id="-178236714" lat="53.2622538" lon="18.9740955" version="1" timestamp="2026-04-19T19:46:10.725980Z" action="modify"   >
	<tag k="name" v="Muzeum Pobojowisk w Wałyczu"/>
	<tag k="addr:postcode" v="87-200"/>
	<tag k="addr:city" v="Wąbrzeźno"/>
	<tag k="addr:street" v="Pszenna"/>
	<tag k="addr:housenumber" v="8"/>
	<tag k="operator" v="Dariusz Górski"/>
	<tag k="operator:type" v="private"/>
	<tag k="tourism" v="museum"/>
	<tag k="source:tourism" v="Wykaz Muzeów, wypis na dzień 2026-04-09"/>
</node>
<node id="-58845663" lat="54.4869328" lon="18.2221351" version="1" timestamp="2026-04-19T19:46:10.725980Z" action="modify"   >
	<tag k="name" v="Muzeum Pól Bitewnych Pomorza"/>
	<tag k="addr:postcode" v="84-217"/>
	<tag k="addr:city" v="Szemud"/>
	<tag k="addr:street" v="Wejherowska"/>
	<tag k="addr:housenumber" v="27"/>
	<tag k="operator" v="Piotr Sroka"/>
	<tag k="operator:type" v="private"/>
	<tag k="tourism" v="museum"/>
	<tag k="source:tourism" v="Wykaz Muzeów, wypis na dzień 2026-04-09"/>
</node>
<node id="-567707051" lat="51.8975863" lon="21.6068737" version="1" timestamp="2026-04-19T19:46:10.725980Z" action="modify"   >
	<tag k="name" v="Muzeum 1 Pułku Strzelców Konnych w Garwolinie"/>
	<tag k="addr:postcode" v="08-400"/>
	<tag k="addr:city" v="Garwolin"/>
	<tag k="addr:street" v="Jana Pawła II"/>
	<tag k="addr:housenumber" v="44a"/>
	<tag k="operator" v="Przemysław Makulec"/>
	<tag k="operator:type" v="private"/>
	<tag k="tourism" v="museum"/>
	<tag k="source:tourism" v="Wykaz Muzeów, wypis na dzień 2026-04-09"/>
</node>
<node id="-475244085" lat="49.7955908" lon="18.825361" version="1" timestamp="2026-04-19T19:46:10.725980Z" action="modify"   >
	<tag k="name" v="Muzeum Przemysłu Wojennego w Pogórzu"/>
	<tag k="addr:postcode" v="43-430"/>
	<tag k="addr:city" v="Skoczów Pogórze"/>
	<tag k="addr:street" v="Zamek"/>
	<tag k="addr:housenumber" v="54"/>
	<tag k="operator" v="Przemysław Michalski"/>
	<tag k="operator:type" v="private"/>
	<tag k="tourism" v="museum"/>
	<tag k="source:tourism" v="Wykaz Muzeów, wypis na dzień 2026-04-09"/>
</node>
<node id="-761687149" lat="52.9853692" lon="17.5609154" version="1" timestamp="2026-04-19T19:46:10.725980Z" action="modify"   >
	<tag k="name" v="Muzeum Przyrodnicze w Turzynie"/>
	<tag k="addr:postcode" v="89-240"/>
	<tag k="addr:city" v="Kcynia"/>
	<tag k="addr:street" v="Turzyn"/>
	<tag k="addr:housenumber" v="2"/>
	<tag k="operator" v="Andrzej Morawski"/>
	<tag k="operator:type" v="private"/>
	<tag k="tourism" v="museum"/>
	<tag k="source:tourism" v="Wykaz Muzeów, wypis na dzień 2026-04-09"/>
</node>
<node id="-917201157" lat="52.2309114" lon="20.9016027" version="1" timestamp="2026-04-19T19:46:10.725980Z" action="modify"   >
	<tag k="name" v="Muzeum Przyrodniczo-Historyczne im. Stanisława Golewskiego w Warszawie"/>
	<tag k="addr:postcode" v="01-313"/>
	<tag k="addr:city" v="Warszawa"/>
	<tag k="addr:street" v="Karabeli"/>
	<tag k="addr:housenumber" v="4"/>
	<tag k="operator" v="Honorata Stafiej-Szczęsna"/>
	<tag k="operator:type" v="private"/>
	<tag k="tourism" v="museum"/>
	<tag k="source:tourism" v="Wykaz Muzeów, wypis na dzień 2026-04-09"/>
</node>
<node id="-841739763" lat="53.1233987" lon="17.9986301" version="1" timestamp="2026-04-19T19:46:10.725980Z" action="modify"   >
	<tag k="name" v="Muzeum Radiotechniki"/>
	<tag k="addr:postcode" v="85-112"/>
	<tag k="addr:city" v="Bydgoszcz"/>
	<tag k="addr:street" v="Mennica"/>
	<tag k="addr:housenumber" v="2A"/>
	<tag k="operator" v="Maria Kujawska"/>
	<tag k="operator:type" v="private"/>
	<tag k="tourism" v="museum"/>
	<tag k="source:tourism" v="Wykaz Muzeów, wypis na dzień 2026-04-09"/>
</node>
<node id="-34958945" lat="52.649244" lon="17.9616447" version="1" timestamp="2026-04-19T19:46:10.725980Z" action="modify"   >
	<tag k="name" v="Muzeum Ratownictwa i Medycyny w Mogilnie"/>
	<tag k="addr:postcode" v="88-300"/>
	<tag k="addr:city" v="Mogilno"/>
	<tag k="addr:street" v="Witosa"/>
	<tag k="addr:housenumber" v="7"/>
	<tag k="operator" v="Grzegorz Jakubowski"/>
	<tag k="operator:type" v="private"/>
	<tag k="tourism" v="museum"/>
	<tag k="source:tourism" v="Wykaz Muzeów, wypis na dzień 2026-04-09"/>
</node>
<node id="-665324673" lat="51.5594992" lon="22.5243244" version="1" timestamp="2026-04-19T19:46:10.725980Z" action="modify"   >
	<tag k="name" v="Muzeum Regionalne Jama Michalików w Serocku"/>
	<tag k="addr:postcode" v="21-136"/>
	<tag k="addr:city" v="Firlej"/>
	<tag k="addr:street" v="Serock"/>
	<tag k="addr:housenumber" v="207"/>
	<tag k="operator" v="Zygmunt Jan Michalik"/>
	<tag k="operator:type" v="private"/>
	<tag k="tourism" v="museum"/>
	<tag k="source:tourism" v="Wykaz Muzeów, wypis na dzień 2026-04-09"/>
</node>
<node id="-443194592" lat="52.9907341" lon="14.7777666" version="1" timestamp="2026-04-19T19:46:10.725980Z" action="modify"   >
	<tag k="name" v="Muzeum Regionalne w Kierzkowie"/>
	<tag k="addr:postcode" v="74-300"/>
	<tag k="addr:city" v="Myślibórz"/>
	<tag k="addr:street" v="Kierzków"/>
	<tag k="addr:housenumber" v="6"/>
	<tag k="operator" v="Mirosław Wójcik"/>
	<tag k="operator:type" v="private"/>
	<tag k="tourism" v="museum"/>
	<tag k="source:tourism" v="Wykaz Muzeów, wypis na dzień 2026-04-09"/>
</node>
<node id="-834962751" lat="51.1999743" lon="15.3866317" version="1" timestamp="2026-04-19T19:46:10.725980Z" action="modify"   >
	<tag k="name" v="Muzeum Regionalne w Nowogrodźcu"/>
	<tag k="addr:postcode" v="59-730"/>
	<tag k="addr:city" v="Nowogrodziec"/>
	<tag k="addr:street" v="Kamienna"/>
	<tag k="addr:housenumber" v="3"/>
	<tag k="operator" v="Piotr Nieratka"/>
	<tag k="operator:type" v="private"/>
	<tag k="tourism" v="museum"/>
	<tag k="source:tourism" v="Wykaz Muzeów, wypis na dzień 2026-04-09"/>
</node>
<node id="-42195582" lat="52.6708685" lon="16.6705834" version="1" timestamp="2026-04-19T19:46:10.725980Z" action="modify"   >
	<tag k="name" v="Muzeum Regionalne w Ruks Młynie"/>
	<tag k="addr:postcode" v="64-600"/>
	<tag k="addr:city" v="Oborniki"/>
	<tag k="addr:street" v="Ruks Młyn"/>
	<tag k="addr:housenumber" v="1"/>
	<tag k="operator" v="Jan Czartoszewski i Joanna Czartoszewska"/>
	<tag k="operator:type" v="private"/>
	<tag k="tourism" v="museum"/>
	<tag k="source:tourism" v="Wykaz Muzeów, wypis na dzień 2026-04-09"/>
</node>
<node id="-478552810" lat="52.3694996" lon="15.5338444" version="1" timestamp="2026-04-19T19:46:10.725980Z" action="modify"   >
	<tag k="name" v="Muzeum Regionalnego Pogranicza i Międzyrzeckiego Rejonu Umocnionego w Kaławie"/>
	<tag k="addr:postcode" v="66-300"/>
	<tag k="addr:city" v="Międzyrzecz"/>
	<tag k="addr:street" v="Kaława"/>
	<tag k="addr:housenumber" v="68A"/>
	<tag k="operator" v="Piotr Szlachtycz"/>
	<tag k="operator:type" v="private"/>
	<tag k="tourism" v="museum"/>
	<tag k="source:tourism" v="Wykaz Muzeów, wypis na dzień 2026-04-09"/>
</node>
<node id="-566910664" lat="53.3558983" lon="15.4230946" version="1" timestamp="2026-04-19T19:46:10.725980Z" action="modify"   >
	<tag k="name" v="Muzeum Rodziny Knape w Dobrzanach"/>
	<tag k="addr:postcode" v="73-130"/>
	<tag k="addr:city" v="Dobrzany"/>
	<tag k="addr:street" v="Mickiewicza"/>
	<tag k="addr:housenumber" v="9a"/>
	<tag k="operator" v="Krzysztof Knape"/>
	<tag k="operator:type" v="private"/>
	<tag k="tourism" v="museum"/>
	<tag k="source:tourism" v="Wykaz Muzeów, wypis na dzień 2026-04-09"/>
</node>
<node id="-691623247" lat="54.2894658" lon="22.0291879" version="1" timestamp="2026-04-19T19:46:10.725980Z" action="modify"   >
	<tag k="name" v="Muzeum Rodziny Morsztynów w Ściborkach"/>
	<tag k="addr:postcode" v="19-520"/>
	<tag k="addr:city" v="Banie Mazurskie"/>
	<tag k="addr:street" v="Ściborki"/>
	<tag k="addr:housenumber" v="6"/>
	<tag k="operator" v="Justyna Morsztyn"/>
	<tag k="operator:type" v="private"/>
	<tag k="tourism" v="museum"/>
	<tag k="source:tourism" v="Wykaz Muzeów, wypis na dzień 2026-04-09"/>
</node>
<node id="-449271925" lat="52.4309083" lon="16.8004149" version="1" timestamp="2026-04-19T19:46:10.725980Z" action="modify"   >
	<tag k="name" v="Muzeum Rolniczego Kombinatu Spółdzielczego Buszewko w Dębinie"/>
	<tag k="addr:postcode" v="62-080"/>
	<tag k="addr:city" v="Baranowo"/>
	<tag k="addr:street" v="Perłowa"/>
	<tag k="addr:housenumber" v="14"/>
	<tag k="operator" v="Piotr Włodarczyk"/>
	<tag k="operator:type" v="private"/>
	<tag k="tourism" v="museum"/>
	<tag k="source:tourism" v="Wykaz Muzeów, wypis na dzień 2026-04-09"/>
</node>
<node id="-709653229" lat="51.5951835" lon="15.3383324" version="1" timestamp="2026-04-19T19:46:10.725980Z" action="modify"   >
	<tag k="name" v="Muzeum Rowerów w Żaganiu"/>
	<tag k="addr:postcode" v="68-100"/>
	<tag k="addr:city" v="Żagań"/>
	<tag k="addr:street" v="Szkolna"/>
	<tag k="addr:housenumber" v="68"/>
	<tag k="operator" v="Stanisław Małachowski"/>
	<tag k="operator:type" v="private"/>
	<tag k="tourism" v="museum"/>
	<tag k="source:tourism" v="Wykaz Muzeów, wypis na dzień 2026-04-09"/>
</node>
<node id="-188150795" lat="50.8608818" lon="20.7029748" version="1" timestamp="2026-04-19T19:46:10.725980Z" action="modify"   >
	<tag k="name" v="Muzeum Samochodu Papieskiego JP2 w Kielcach"/>
	<tag k="addr:postcode" v="25-253"/>
	<tag k="addr:city" v="Kielce"/>
	<tag k="addr:street" v="Cmentarna"/>
	<tag k="addr:housenumber" v="5A"/>
	<tag k="operator" v="Marek Adamczak"/>
	<tag k="operator:type" v="private"/>
	<tag k="tourism" v="museum"/>
	<tag k="source:tourism" v="Wykaz Muzeów, wypis na dzień 2026-04-09"/>
</node>
<node id="-148706651" lat="54.3463201" lon="18.3516797" version="1" timestamp="2026-04-19T19:46:10.725980Z" action="modify"   >
	<tag k="name" v="Muzeum - Skansen Młynarstwa w Żukowie"/>
	<tag k="addr:postcode" v="83-330"/>
	<tag k="addr:city" v="Żukowo"/>
	<tag k="addr:street" v="Parkowa"/>
	<tag k="addr:housenumber" v="1"/>
	<tag k="operator" v="Maria Kujawska"/>
	<tag k="operator:type" v="private"/>
	<tag k="tourism" v="museum"/>
	<tag k="source:tourism" v="Wykaz Muzeów, wypis na dzień 2026-04-09"/>
</node>
<node id="-639312427" lat="49.8496945" lon="18.7603921" version="1" timestamp="2026-04-19T19:46:10.725980Z" action="modify"   >
	<tag k="name" v="Muzeum – Skansen w Ochabach – Tradycyjna Zagroda Rolna"/>
	<tag k="addr:postcode" v="43-430"/>
	<tag k="addr:city" v="Skoczów"/>
	<tag k="addr:street" v="Główna"/>
	<tag k="addr:housenumber" v="177"/>
	<tag k="operator" v="Urszula i Maciej Bieniek"/>
	<tag k="operator:type" v="private"/>
	<tag k="tourism" v="museum"/>
	<tag k="source:tourism" v="Wykaz Muzeów, wypis na dzień 2026-04-09"/>
</node>
<node id="-427528570" lat="53.9021221" lon="15.2857973" version="1" timestamp="2026-04-19T19:46:10.725980Z" action="modify"   >
	<tag k="name" v="Muzeum Skarby Techniki w Rotnowie"/>
	<tag k="addr:postcode" v="72-300"/>
	<tag k="addr:city" v="Gryfice"/>
	<tag k="addr:street" v="Rotnowo"/>
	<tag k="addr:housenumber" v="9"/>
	<tag k="operator" v="Marek Fornal"/>
	<tag k="operator:type" v="private"/>
	<tag k="tourism" v="museum"/>
	<tag k="source:tourism" v="Wykaz Muzeów, wypis na dzień 2026-04-09"/>
</node>
<node id="-299516466" lat="52.94904" lon="19.02027" version="1" timestamp="2026-04-19T19:46:10.725980Z" action="modify"   >
	<tag k="name" v="Muzeum Skrzydła i Motory w Niedźwiedziu"/>
	<tag k="addr:postcode" v="87-620"/>
	<tag k="addr:city" v="Kikół"/>
	<tag k="addr:street" v="Niedźwiedź"/>
	<tag k="addr:housenumber" v="19"/>
	<tag k="operator" v="Arkadiusz Wiśniewski"/>
	<tag k="operator:type" v="private"/>
	<tag k="tourism" v="museum"/>
	<tag k="source:tourism" v="Wykaz Muzeów, wypis na dzień 2026-04-09"/>
</node>
<node id="-142827204" lat="54.3614611" lon="18.6520353" version="1" timestamp="2026-04-19T19:46:10.725980Z" action="modify"   >
	<tag k="name" v="Muzeum Służb Mundurowych w Gdańsku"/>
	<tag k="addr:postcode" v="80-864"/>
	<tag k="addr:city" v="Gdańsk"/>
	<tag k="addr:street" v="ks. Jerzego Popiełuszki"/>
	<tag k="addr:housenumber" v="6"/>
	<tag k="operator" v="Krzysztof Wojtaś"/>
	<tag k="operator:type" v="private"/>
	<tag k="tourism" v="museum"/>
	<tag k="source:tourism" v="Wykaz Muzeów, wypis na dzień 2026-04-09"/>
</node>
<node id="-342465362" lat="49.6637444" lon="18.8533915" version="1" timestamp="2026-04-19T19:46:10.725980Z" action="modify"   >
	<tag k="name" v="Muzeum Spadochroniarstwa i Wojsk Specjalnych"/>
	<tag k="addr:postcode" v="43-460"/>
	<tag k="addr:city" v="Wisła"/>
	<tag k="addr:street" v="Przylesie"/>
	<tag k="addr:housenumber" v="1a"/>
	<tag k="operator" v="Piotr Wybraniec"/>
	<tag k="operator:type" v="private"/>
	<tag k="tourism" v="museum"/>
	<tag k="source:tourism" v="Wykaz Muzeów, wypis na dzień 2026-04-09"/>
</node>
<node id="-682952184" lat="51.062769" lon="17.0311255" version="1" timestamp="2026-04-19T19:46:10.725980Z" action="modify"   >
	<tag k="name" v="Muzeum Sprzętu Wojskowego we Wrocławiu"/>
	<tag k="addr:postcode" v="52-218"/>
	<tag k="addr:city" v="Wrocław"/>
	<tag k="addr:street" v="Gen. Grota-Roweckiego"/>
	<tag k="addr:housenumber" v="71B"/>
	<tag k="operator" v="Zbigniew Łukaszczuk"/>
	<tag k="operator:type" v="private"/>
	<tag k="tourism" v="museum"/>
	<tag k="source:tourism" v="Wykaz Muzeów, wypis na dzień 2026-04-09"/>
</node>
<node id="-635519476" lat="52.5305504" lon="21.1268439" version="1" timestamp="2026-04-19T19:46:10.725980Z" action="modify"   >
	<tag k="name" v="Muzeum Stębark – Tannenberg 1914 w Kani Nowej"/>
	<tag k="addr:postcode" v="05-140"/>
	<tag k="addr:city" v="Kania Nowa"/>
	<tag k="addr:street" v="Wspólna"/>
	<tag k="addr:housenumber" v="41"/>
	<tag k="operator" v="Arkadiusz Radomski"/>
	<tag k="operator:type" v="private"/>
	<tag k="tourism" v="museum"/>
	<tag k="source:tourism" v="Wykaz Muzeów, wypis na dzień 2026-04-09"/>
</node>
<node id="-594237710" lat="52.161894" lon="21.0772852" version="1" timestamp="2026-04-19T19:46:10.725980Z" action="modify"   >
	<tag k="name" v="Muzeum Strategii i Taktyki Działań Zbrojnych CLAUSEWITZ"/>
	<tag k="addr:postcode" v="02-972"/>
	<tag k="addr:city" v="Warszawa"/>
	<tag k="addr:street" v="Sarmacka"/>
	<tag k="addr:housenumber" v="9"/>
	<tag k="operator" v="Maciej Szalaty"/>
	<tag k="operator:type" v="private"/>
	<tag k="tourism" v="museum"/>
	<tag k="source:tourism" v="Wykaz Muzeów, wypis na dzień 2026-04-09"/>
</node>
<node id="-965757451" lat="52.8990809" lon="21.5328674" version="1" timestamp="2026-04-19T19:46:10.725980Z" action="modify"   >
	<tag k="name" v="Muzeum Szlachty Mazowieckiej w Szczawinie"/>
	<tag k="addr:postcode" v="07-440"/>
	<tag k="addr:city" v="Goworowo"/>
	<tag k="addr:street" v="Szczawin"/>
	<tag k="addr:housenumber" v="8"/>
	<tag k="operator" v="Anna Dorota Sawczuk"/>
	<tag k="operator:type" v="private"/>
	<tag k="tourism" v="museum"/>
	<tag k="source:tourism" v="Wykaz Muzeów, wypis na dzień 2026-04-09"/>
</node>
<node id="-230643095" lat="52.2288044" lon="21.0085134" version="1" timestamp="2026-04-19T19:46:10.725980Z" action="modify"   >
	<tag k="name" v="Muzeum Sztuki i Historii w Warszawie Okno do Wieczności"/>
	<tag k="addr:postcode" v="00-697"/>
	<tag k="addr:city" v="Warszawa"/>
	<tag k="addr:street" v="Jerozolimskie"/>
	<tag k="addr:housenumber" v="51"/>
	<tag k="operator" v="Maria Magdalena Bogucka"/>
	<tag k="operator:type" v="private"/>
	<tag k="tourism" v="museum"/>
	<tag k="source:tourism" v="Wykaz Muzeów, wypis na dzień 2026-04-09"/>
</node>
<node id="-422349280" lat="52.3537457" lon="16.6779731" version="1" timestamp="2026-04-19T19:46:10.725980Z" action="modify"   >
	<tag k="name" v="Muzeum Sztuki Inżynierskiej KOPRAS w Fiałkowie"/>
	<tag k="addr:postcode" v="62-070"/>
	<tag k="addr:city" v="Dopiewo"/>
	<tag k="addr:street" v="Więckowska (wieś Fiałkowo)"/>
	<tag k="addr:housenumber" v="80"/>
	<tag k="operator" v="Zbigniew Kopras"/>
	<tag k="operator:type" v="private"/>
	<tag k="tourism" v="museum"/>
	<tag k="source:tourism" v="Wykaz Muzeów, wypis na dzień 2026-04-09"/>
</node>
<node id="-1038196985" lat="53.17308" lon="22.77598" version="1" timestamp="2026-04-19T19:46:10.725980Z" action="modify"   >
	<tag k="name" v="Muzeum Sztuki Ludowej Sacrum i Profanum"/>
	<tag k="addr:postcode" v="16-080"/>
	<tag k="addr:city" v="Tykocin"/>
	<tag k="addr:street" v="Kolonia Nowe Miasto"/>
	<tag k="addr:housenumber" v="10"/>
	<tag k="operator" v="Barbara Gębała"/>
	<tag k="operator:type" v="private"/>
	<tag k="tourism" v="museum"/>
	<tag k="source:tourism" v="Wykaz Muzeów, wypis na dzień 2026-04-09"/>
</node>
<node id="-873305005" lat="54.448714" lon="18.563445" version="1" timestamp="2026-04-19T19:46:10.725980Z" action="modify"   >
	<tag k="name" v="Muzeum Sztuki Polskiej w Sopocie"/>
	<tag k="addr:postcode" v="81-707"/>
	<tag k="addr:city" v="Sopot"/>
	<tag k="addr:street" v="Jana Jerzego Haffnera"/>
	<tag k="addr:housenumber" v="54"/>
	<tag k="operator" v="Juliusz Windorbski"/>
	<tag k="operator:type" v="private"/>
	<tag k="tourism" v="museum"/>
	<tag k="source:tourism" v="Wykaz Muzeów, wypis na dzień 2026-04-09"/>
</node>
<node id="-898231256" lat="50.1296718" lon="18.9723693" version="1" timestamp="2026-04-19T19:46:10.725980Z" action="modify"   >
	<tag k="name" v="Muzeum Śląskiego Września 1939 roku"/>
	<tag k="addr:postcode" v="43-100"/>
	<tag k="addr:city" v="Tychy"/>
	<tag k="addr:street" v="Brzozowa"/>
	<tag k="addr:housenumber" v="24"/>
	<tag k="operator" v="Arkadiusz Dominiec"/>
	<tag k="operator:type" v="private"/>
	<tag k="tourism" v="museum"/>
	<tag k="source:tourism" v="Wykaz Muzeów, wypis na dzień 2026-04-09"/>
</node>
<node id="-319713495" lat="52.1212704" lon="21.0223432" version="1" timestamp="2026-04-19T19:46:10.725980Z" action="modify"   >
	<tag k="name" v="Muzeum Światowego Oręża i Wojskowości"/>
	<tag k="addr:postcode" v="02-814"/>
	<tag k="addr:city" v="Warszawa"/>
	<tag k="addr:street" v="Słonki"/>
	<tag k="addr:housenumber" v="5H"/>
	<tag k="operator" v="Paweł Żerdzicki"/>
	<tag k="operator:type" v="private"/>
	<tag k="tourism" v="museum"/>
	<tag k="source:tourism" v="Wykaz Muzeów, wypis na dzień 2026-04-09"/>
</node>
<node id="-287367054" lat="52.136824" lon="21.9996017" version="1" timestamp="2026-04-19T19:46:10.725980Z" action="modify"   >
	<tag k="name" v="Muzeum Tablic Rejestracyjnych i Pojazdów w Żeliszewie"/>
	<tag k="addr:postcode" v="08-130"/>
	<tag k="addr:city" v="Kotuń"/>
	<tag k="addr:street" v="Żeliszew Duży"/>
	<tag k="addr:housenumber" v="3d"/>
	<tag k="operator" v="Piotr Piersa"/>
	<tag k="operator:type" v="private"/>
	<tag k="tourism" v="museum"/>
	<tag k="source:tourism" v="Wykaz Muzeów, wypis na dzień 2026-04-09"/>
</node>
<node id="-565768546" lat="51.0707674" lon="15.3663678" version="1" timestamp="2026-04-19T19:46:10.725980Z" action="modify"   >
	<tag k="name" v="Muzeum Techniki Bojowej w Olszynie"/>
	<tag k="addr:postcode" v="59-830"/>
	<tag k="addr:city" v="Olszyna"/>
	<tag k="addr:street" v="Wolności"/>
	<tag k="addr:housenumber" v="60c"/>
	<tag k="operator" v="Aneta Sławińska"/>
	<tag k="operator:type" v="private"/>
	<tag k="tourism" v="museum"/>
	<tag k="source:tourism" v="Wykaz Muzeów, wypis na dzień 2026-04-09"/>
</node>
<node id="-798541299" lat="53.9081606" lon="19.3441491" version="1" timestamp="2026-04-19T19:46:10.725980Z" action="modify"   >
	<tag k="name" v="Muzeum Techniki i Broni w Dzierzgoniu"/>
	<tag k="addr:postcode" v="92-440"/>
	<tag k="addr:city" v="Dzierzgoń"/>
	<tag k="addr:street" v="Słoneczna"/>
	<tag k="addr:housenumber" v="1"/>
	<tag k="operator" v="Andrzej Mieleszczuk"/>
	<tag k="operator:type" v="private"/>
	<tag k="tourism" v="museum"/>
	<tag k="source:tourism" v="Wykaz Muzeów, wypis na dzień 2026-04-09"/>
</node>
<node id="-1033455267" lat="52.0257275" lon="21.0294899" version="1" timestamp="2026-04-19T19:46:10.725980Z" action="modify"   >
	<tag k="name" v="Muzeum Techniki im. Władysława Drybsa"/>
	<tag k="addr:postcode" v="05-540"/>
	<tag k="addr:city" v="Zalesie Górne"/>
	<tag k="addr:street" v="Leśnych Boginek"/>
	<tag k="addr:housenumber" v="34"/>
	<tag k="operator" v="Konrad Brzozowski"/>
	<tag k="operator:type" v="private"/>
	<tag k="tourism" v="museum"/>
	<tag k="source:tourism" v="Wykaz Muzeów, wypis na dzień 2026-04-09"/>
</node>
<node id="-466185744" lat="52.5379926" lon="17.6035024" version="1" timestamp="2026-04-19T19:46:10.725980Z" action="modify"   >
	<tag k="name" v="Muzeum Techniki i Machin Wojennych w Gnieźnie"/>
	<tag k="addr:postcode" v="62-200"/>
	<tag k="addr:city" v="Gniezno"/>
	<tag k="addr:street" v="Św. Michała"/>
	<tag k="addr:housenumber" v="10"/>
	<tag k="operator" v="Mateusz Hen"/>
	<tag k="operator:type" v="private"/>
	<tag k="tourism" v="museum"/>
	<tag k="source:tourism" v="Wykaz Muzeów, wypis na dzień 2026-04-09"/>
</node>
<node id="-453092878" lat="54.3530085" lon="18.514389" version="1" timestamp="2026-04-19T19:46:10.725980Z" action="modify"   >
	<tag k="name" v="Muzeum Techniki i Motoryzacji w Gdańsku(w organizacji)"/>
	<tag k="addr:postcode" v="80-177"/>
	<tag k="addr:city" v="Gdańsk"/>
	<tag k="addr:street" v="Porzeczkowa"/>
	<tag k="addr:housenumber" v="6"/>
	<tag k="operator" v="Andrzej Haak"/>
	<tag k="operator:type" v="private"/>
	<tag k="tourism" v="museum"/>
	<tag k="source:tourism" v="Wykaz Muzeów, wypis na dzień 2026-04-09"/>
</node>
<node id="-370805691" lat="54.4863856" lon="18.36447" version="1" timestamp="2026-04-19T19:46:10.725980Z" action="modify"   >
	<tag k="name" v="Muzeum Techniki i Pojazdów Wojskowych w Bojanie"/>
	<tag k="addr:postcode" v="84-207"/>
	<tag k="addr:city" v="Bojano"/>
	<tag k="addr:street" v="Władyslawa Jagiełły"/>
	<tag k="addr:housenumber" v="15"/>
	<tag k="operator" v="Jarosław Kupień"/>
	<tag k="operator:type" v="private"/>
	<tag k="tourism" v="museum"/>
	<tag k="source:tourism" v="Wykaz Muzeów, wypis na dzień 2026-04-09"/>
</node>
<node id="-153229275" lat="51.06969" lon="15.3806451" version="1" timestamp="2026-04-19T19:46:10.725980Z" action="modify"   >
	<tag k="name" v="Muzeum Techniki i Rzemiosła Wiejskiego w Zapuście"/>
	<tag k="addr:postcode" v="59-830"/>
	<tag k="addr:city" v="Olszyna Lubańska"/>
	<tag k="addr:street" v="Zapusta"/>
	<tag k="addr:housenumber" v="28"/>
	<tag k="operator" v="Aneta Tyl"/>
	<tag k="operator:type" v="private"/>
	<tag k="tourism" v="museum"/>
	<tag k="source:tourism" v="Wykaz Muzeów, wypis na dzień 2026-04-09"/>
</node>
<node id="-972448665" lat="54.2988396" lon="16.5021043" version="1" timestamp="2026-04-19T19:46:10.725980Z" action="modify"   >
	<tag k="name" v="Muzeum Techniki i Techniki Wojskowej TYTAN"/>
	<tag k="addr:postcode" v="76- 142"/>
	<tag k="addr:city" v="Malechowo"/>
	<tag k="addr:street" v="Malechowo"/>
	<tag k="addr:housenumber" v="27b"/>
	<tag k="operator" v="Marian Laskowski"/>
	<tag k="operator:type" v="private"/>
	<tag k="tourism" v="museum"/>
	<tag k="source:tourism" v="Wykaz Muzeów, wypis na dzień 2026-04-09"/>
</node>
<node id="-285243091" lat="53.2134724" lon="18.3852102" version="1" timestamp="2026-04-19T19:46:10.725980Z" action="modify"   >
	<tag k="name" v="Muzeum Techniki i Wynalazków w Raciniewie"/>
	<tag k="addr:postcode" v="86-260"/>
	<tag k="addr:city" v="Unisław"/>
	<tag k="addr:street" v="Bydgoska (w miejscowości Raciniewo)"/>
	<tag k="addr:housenumber" v="14A"/>
	<tag k="operator" v="Jan Kołodziej"/>
	<tag k="operator:type" v="private"/>
	<tag k="tourism" v="museum"/>
	<tag k="source:tourism" v="Wykaz Muzeów, wypis na dzień 2026-04-09"/>
</node>
<node id="-503408361" lat="53.3425056" lon="16.5700296" version="1" timestamp="2026-04-19T19:46:10.725980Z" action="modify"   >
	<tag k="name" v="Muzeum Techniki Militarnej i Cywilnej MARS"/>
	<tag k="addr:postcode" v="78-611"/>
	<tag k="addr:city" v="Szwecja"/>
	<tag k="addr:street" v="Górna"/>
	<tag k="addr:housenumber" v="1"/>
	<tag k="operator" v="Piotr Letki"/>
	<tag k="operator:type" v="private"/>
	<tag k="tourism" v="museum"/>
	<tag k="source:tourism" v="Wykaz Muzeów, wypis na dzień 2026-04-09"/>
</node>
<node id="-572315207" lat="50.26717" lon="18.5247194" version="1" timestamp="2026-04-19T19:46:10.725980Z" action="modify"   >
	<tag k="name" v="Muzeum Techniki Rzemiosła Ślusarstwo – Kowalstwo w Sośnicowicach"/>
	<tag k="addr:postcode" v="44-153"/>
	<tag k="addr:city" v="Sośnicowice"/>
	<tag k="addr:street" v="Raciborska"/>
	<tag k="addr:housenumber" v="47"/>
	<tag k="operator" v="Andrzej Śledziński"/>
	<tag k="operator:type" v="private"/>
	<tag k="tourism" v="museum"/>
	<tag k="source:tourism" v="Wykaz Muzeów, wypis na dzień 2026-04-09"/>
</node>
<node id="-900367459" lat="50.3430235" lon="18.9152842" version="1" timestamp="2026-04-19T19:46:10.725980Z" action="modify"   >
	<tag k="name" v="Muzeum Techniki Militarnej i Użytkowej w Bytomiu"/>
	<tag k="addr:postcode" v="41-902"/>
	<tag k="addr:city" v="Bytom"/>
	<tag k="addr:street" v="Franciszkańska"/>
	<tag k="addr:housenumber" v="21"/>
	<tag k="operator" v="Roman Ploch"/>
	<tag k="operator:type" v="private"/>
	<tag k="tourism" v="museum"/>
	<tag k="source:tourism" v="Wykaz Muzeów, wypis na dzień 2026-04-09"/>
</node>
<node id="-792277810" lat="52.7818873" lon="17.2509828" version="1" timestamp="2026-04-19T19:46:10.725980Z" action="modify"   >
	<tag k="name" v="Muzeum Techniki Motoryzacyjnej"/>
	<tag k="addr:postcode" v="62-100"/>
	<tag k="addr:city" v="Wągrowiec"/>
	<tag k="addr:street" v="Łaziska"/>
	<tag k="addr:housenumber" v="10b"/>
	<tag k="operator" v="Aleksander Błaszkowski"/>
	<tag k="operator:type" v="private"/>
	<tag k="tourism" v="museum"/>
	<tag k="source:tourism" v="Wykaz Muzeów, wypis na dzień 2026-04-09"/>
</node>
<node id="-290121581" lat="53.1300646" lon="18.0021497" version="1" timestamp="2026-04-19T19:46:10.725980Z" action="modify"   >
	<tag k="name" v="Muzeum Techniki Uzbrojenia w Bydgoszczy"/>
	<tag k="addr:postcode" v="85-011"/>
	<tag k="addr:city" v="Bydgoszcz"/>
	<tag k="addr:street" v="Śniadeckich"/>
	<tag k="addr:housenumber" v="32"/>
	<tag k="operator" v="Włodzimierz Rapkiewicz"/>
	<tag k="operator:type" v="private"/>
	<tag k="tourism" v="museum"/>
	<tag k="source:tourism" v="Wykaz Muzeów, wypis na dzień 2026-04-09"/>
</node>
<node id="-702536646" lat="52.4584041" lon="20.1030793" version="1" timestamp="2026-04-19T19:46:10.725980Z" action="modify"   >
	<tag k="name" v="Muzeum Techniki w Ciućkowie"/>
	<tag k="addr:postcode" v="09-460"/>
	<tag k="addr:city" v="Mała Wieś"/>
	<tag k="addr:street" v="Ciućkowo"/>
	<tag k="addr:housenumber" v="14"/>
	<tag k="operator" v="Krzysztof Włoczkowski"/>
	<tag k="operator:type" v="private"/>
	<tag k="tourism" v="museum"/>
	<tag k="source:tourism" v="Wykaz Muzeów, wypis na dzień 2026-04-09"/>
</node>
<node id="-121325319" lat="52.1107465" lon="21.0129036" version="1" timestamp="2026-04-19T19:46:10.725980Z" action="modify"   >
	<tag k="name" v="Muzeum Techniki Wojskowej ARMA w Warszawie"/>
	<tag k="addr:postcode" v="02-871"/>
	<tag k="addr:city" v="Warszawa"/>
	<tag k="addr:street" v="Karczunkowska"/>
	<tag k="addr:housenumber" v="26"/>
	<tag k="operator" v="Jarosław Jakubowski"/>
	<tag k="operator:type" v="private"/>
	<tag k="tourism" v="museum"/>
	<tag k="source:tourism" v="Wykaz Muzeów, wypis na dzień 2026-04-09"/>
</node>
<node id="-934851412" lat="53.38518" lon="19.24702" version="1" timestamp="2026-04-19T19:46:10.725980Z" action="modify"   >
	<tag k="name" v="Muzeum Techniki Wojskowej i Motoryzacji w Góralach"/>
	<tag k="addr:postcode" v="87-330"/>
	<tag k="addr:city" v="Górale"/>
	<tag k="addr:housenumber" v="110"/>
	<tag k="operator" v="Dorian Koprowski"/>
	<tag k="operator:type" v="private"/>
	<tag k="tourism" v="museum"/>
	<tag k="source:tourism" v="Wykaz Muzeów, wypis na dzień 2026-04-09"/>
</node>
<node id="-516732988" lat="53.8245126" lon="20.3920084" version="1" timestamp="2026-04-19T19:46:10.725980Z" action="modify"   >
	<tag k="name" v="Muzeum Techniki Wojskowej im. Bogdana Wojciecha Kozłowskiego w Olsztynie"/>
	<tag k="addr:postcode" v="11-041"/>
	<tag k="addr:city" v="Olsztyn"/>
	<tag k="addr:street" v="Wilimowo"/>
	<tag k="addr:housenumber" v="10a"/>
	<tag k="operator" v="Bogdan Wojciech Kozłowski"/>
	<tag k="operator:type" v="private"/>
	<tag k="tourism" v="museum"/>
	<tag k="source:tourism" v="Wykaz Muzeów, wypis na dzień 2026-04-09"/>
</node>
<node id="-757403718" lat="50.3212077" lon="18.8191099" version="1" timestamp="2026-04-19T19:46:10.725980Z" action="modify"   >
	<tag k="name" v="Muzeum Techniki Wojskowej im. Jerzego Tadeusza Widuchowskiego w Zabrzu"/>
	<tag k="addr:postcode" v="41-803"/>
	<tag k="addr:city" v="Zabrze"/>
	<tag k="addr:street" v="Wojciecha Kossaka"/>
	<tag k="addr:housenumber" v="31a"/>
	<tag k="operator" v="Wacław Widuchowski"/>
	<tag k="operator:type" v="private"/>
	<tag k="tourism" v="museum"/>
	<tag k="source:tourism" v="Wykaz Muzeów, wypis na dzień 2026-04-09"/>
</node>
<node id="-675216939" lat="52.2544707" lon="20.686055" version="1" timestamp="2026-04-19T19:46:10.725980Z" action="modify"   >
	<tag k="name" v="Muzeum Techniki Wojskowej w Feliksowie"/>
	<tag k="addr:postcode" v="05-083"/>
	<tag k="addr:city" v="Zaborów"/>
	<tag k="addr:street" v="Świerkowa"/>
	<tag k="addr:housenumber" v="5"/>
	<tag k="operator" v="Jacek Roszkowski"/>
	<tag k="operator:type" v="private"/>
	<tag k="tourism" v="museum"/>
	<tag k="source:tourism" v="Wykaz Muzeów, wypis na dzień 2026-04-09"/>
</node>
<node id="-54892269" lat="50.2396389" lon="19.3182767" version="1" timestamp="2026-04-19T19:46:10.725980Z" action="modify"   >
	<tag k="name" v="Muzeum Techniki Wojskowej w Jaworznie"/>
	<tag k="addr:postcode" v="43-602"/>
	<tag k="addr:city" v="Jaworzno"/>
	<tag k="addr:street" v="Zarzeczna"/>
	<tag k="addr:housenumber" v="2"/>
	<tag k="operator" v="Marian Lewek"/>
	<tag k="operator:type" v="private"/>
	<tag k="tourism" v="museum"/>
	<tag k="source:tourism" v="Wykaz Muzeów, wypis na dzień 2026-04-09"/>
</node>
<node id="-787389808" lat="52.2614033" lon="18.9091499" version="1" timestamp="2026-04-19T19:46:10.725980Z" action="modify"   >
	<tag k="name" v="Muzeum Techniki Wojskowej w Kłodawie"/>
	<tag k="addr:postcode" v="62-650"/>
	<tag k="addr:city" v="Kłodawa"/>
	<tag k="addr:street" v="Cegielniana"/>
	<tag k="addr:housenumber" v="26"/>
	<tag k="operator" v="Paweł Bartłomiejczak"/>
	<tag k="operator:type" v="private"/>
	<tag k="tourism" v="museum"/>
	<tag k="source:tourism" v="Wykaz Muzeów, wypis na dzień 2026-04-09"/>
</node>
<node id="-640696076" lat="50.5588724" lon="21.1780927" version="1" timestamp="2026-04-19T19:46:10.725980Z" action="modify"   >
	<tag k="name" v="Muzeum Tradycji Niepodległościowych Ziemi Staszowskiej w Staszowie"/>
	<tag k="addr:postcode" v="28-200"/>
	<tag k="addr:city" v="Staszów"/>
	<tag k="addr:street" v="Kilińskiego"/>
	<tag k="addr:housenumber" v="18"/>
	<tag k="operator" v="Paweł Ciepiela"/>
	<tag k="operator:type" v="private"/>
	<tag k="tourism" v="museum"/>
	<tag k="source:tourism" v="Wykaz Muzeów, wypis na dzień 2026-04-09"/>
</node>
<node id="-439734618" lat="51.0349" lon="17.34489" version="1" timestamp="2026-04-19T19:46:10.725980Z" action="modify"   >
	<tag k="name" v="Muzeum Tradycji Ruchu Narodowego w Jelczu - Laskowicach"/>
	<tag k="addr:postcode" v="55-220"/>
	<tag k="addr:city" v="Jelcz - Laskowice"/>
	<tag k="addr:street" v="Hirszfelda"/>
	<tag k="addr:housenumber" v="70"/>
	<tag k="operator" v="Mateusz Kotas"/>
	<tag k="operator:type" v="private"/>
	<tag k="tourism" v="museum"/>
	<tag k="source:tourism" v="Wykaz Muzeów, wypis na dzień 2026-04-09"/>
</node>
<node id="-18521353" lat="52.7479101" lon="18.1165092" version="1" timestamp="2026-04-19T19:46:10.725980Z" action="modify"   >
	<tag k="name" v="Muzeum Tradycji Wojskowych na Kujawach i Pomorzu w Janikowie"/>
	<tag k="addr:postcode" v="88-160"/>
	<tag k="addr:city" v="Janikowo"/>
	<tag k="addr:street" v="1 Maja"/>
	<tag k="addr:housenumber" v="4"/>
	<tag k="operator" v="Sebastian Maciej Witkowski"/>
	<tag k="operator:type" v="private"/>
	<tag k="tourism" v="museum"/>
	<tag k="source:tourism" v="Wykaz Muzeów, wypis na dzień 2026-04-09"/>
</node>
<node id="-794747935" lat="51.1703384" lon="17.0027885" version="1" timestamp="2026-04-19T19:46:10.725980Z" action="modify"   >
	<tag k="name" v="Muzeum Twierdza BTR – 40 we Wrocławiu"/>
	<tag k="addr:postcode" v="51-180"/>
	<tag k="addr:city" v="Wrocław"/>
	<tag k="addr:street" v="Kominiarska"/>
	<tag k="addr:housenumber" v="32"/>
	<tag k="operator" v="Wiesław Majewski"/>
	<tag k="operator:type" v="private"/>
	<tag k="tourism" v="museum"/>
	<tag k="source:tourism" v="Wykaz Muzeów, wypis na dzień 2026-04-09"/>
</node>
<node id="-336563100" lat="52.2173517" lon="21.2237265" version="1" timestamp="2026-04-19T19:46:10.725980Z" action="modify"   >
	<tag k="name" v="Muzeum Uzbrojenia i Wojskowości"/>
	<tag k="addr:postcode" v="05-077"/>
	<tag k="addr:city" v="Warszawa - Wesoła"/>
	<tag k="addr:street" v="Jana Pawła II"/>
	<tag k="addr:housenumber" v="46"/>
	<tag k="operator" v="Jędrzej Kozak"/>
	<tag k="operator:type" v="private"/>
	<tag k="tourism" v="museum"/>
	<tag k="source:tourism" v="Wykaz Muzeów, wypis na dzień 2026-04-09"/>
</node>
<node id="-988447105" lat="52.2612972" lon="20.9956823" version="1" timestamp="2026-04-19T19:46:10.725980Z" action="modify"   >
	<tag k="name" v="Muzeum Uzbrojenia Żołnierza Wojska Polskiego 1914-1945"/>
	<tag k="addr:postcode" v="01-518"/>
	<tag k="addr:city" v="Warszawa"/>
	<tag k="addr:street" v="Józefa Zajączka"/>
	<tag k="addr:housenumber" v="1/5"/>
	<tag k="operator" v="Jacek Mazuro"/>
	<tag k="operator:type" v="private"/>
	<tag k="tourism" v="museum"/>
	<tag k="source:tourism" v="Wykaz Muzeów, wypis na dzień 2026-04-09"/>
</node>
<node id="-169413184" lat="52.3473983" lon="16.8451383" version="1" timestamp="2026-04-19T19:46:10.725980Z" action="modify"   >
	<tag k="name" v="Muzeum VOLVO i innych Automobili w Poznaniu Volvostrada"/>
	<tag k="addr:postcode" v="60-012"/>
	<tag k="addr:city" v="Poznań"/>
	<tag k="addr:street" v="Ustronna"/>
	<tag k="addr:housenumber" v="13b"/>
	<tag k="operator" v="Dariusz Wesołowski"/>
	<tag k="operator:type" v="private"/>
	<tag k="tourism" v="museum"/>
	<tag k="source:tourism" v="Wykaz Muzeów, wypis na dzień 2026-04-09"/>
</node>
<node id="-1017537130" lat="52.0012181" lon="21.3955832" version="1" timestamp="2026-04-19T19:46:10.725980Z" action="modify"   >
	<tag k="name" v="Muzeum w Ponurzycy"/>
	<tag k="addr:postcode" v="05-430"/>
	<tag k="addr:city" v="Celestynów"/>
	<tag k="addr:street" v="Ponurzyca"/>
	<tag k="addr:housenumber" v="60"/>
	<tag k="operator" v="Radosław Szymczak"/>
	<tag k="operator:type" v="private"/>
	<tag k="tourism" v="museum"/>
	<tag k="source:tourism" v="Wykaz Muzeów, wypis na dzień 2026-04-09"/>
</node>
<node id="-291715901" lat="52.2589142" lon="21.1529393" version="1" timestamp="2026-04-19T19:46:10.725980Z" action="modify"   >
	<tag k="name" v="Muzeum Uzbrojenia i Technologii Wojskowej w Warszawie"/>
	<tag k="addr:postcode" v="04-452"/>
	<tag k="addr:city" v="Warszawa"/>
	<tag k="addr:street" v="Zawiszaków"/>
	<tag k="addr:housenumber" v="5"/>
	<tag k="operator" v="Robert Fotyniuk"/>
	<tag k="operator:type" v="private"/>
	<tag k="tourism" v="museum"/>
	<tag k="source:tourism" v="Wykaz Muzeów, wypis na dzień 2026-04-09"/>
</node>
<node id="-179008409" lat="49.7943305" lon="21.2446861" version="1" timestamp="2026-04-19T19:46:10.725980Z" action="modify"   >
	<tag k="name" v="Muzeum Uzbrojenia i Wyposażenia Wielkiej Wojny w Szerzynach"/>
	<tag k="addr:postcode" v="38-246"/>
	<tag k="addr:city" v="Szerzyny"/>
	<tag k="addr:street" v="Szerzyny"/>
	<tag k="addr:housenumber" v="141"/>
	<tag k="operator" v="Paweł Mikrut"/>
	<tag k="operator:type" v="private"/>
	<tag k="tourism" v="museum"/>
	<tag k="source:tourism" v="Wykaz Muzeów, wypis na dzień 2026-04-09"/>
</node>
<node id="-984324079" lat="49.4298739" lon="22.5949721" version="1" timestamp="2026-04-19T19:46:10.725980Z" action="modify"   >
	<tag k="name" v="Muzeum Uzbrojenia i Wyposażenia Wojskowego w Ustrzykach Dolnych"/>
	<tag k="addr:postcode" v="38-700"/>
	<tag k="addr:city" v="Ustrzyki Dolne"/>
	<tag k="addr:street" v="Dworcowa"/>
	<tag k="addr:housenumber" v="4"/>
	<tag k="operator" v="Paweł Słupek"/>
	<tag k="operator:type" v="private"/>
	<tag k="tourism" v="museum"/>
	<tag k="source:tourism" v="Wykaz Muzeów, wypis na dzień 2026-04-09"/>
</node>
<node id="-157651822" lat="54.6053361" lon="18.5158597" version="1" timestamp="2026-04-19T19:46:10.725980Z" action="modify"   >
	<tag k="name" v="Muzeum Winiarstwa i Wina w Mechelinkach"/>
	<tag k="addr:postcode" v="81-198"/>
	<tag k="addr:city" v="Mechelinki"/>
	<tag k="addr:street" v="Klifowa"/>
	<tag k="addr:housenumber" v="17"/>
	<tag k="operator" v="Krzysztof Nawrot"/>
	<tag k="operator:type" v="private"/>
	<tag k="tourism" v="museum"/>
	<tag k="source:tourism" v="Wykaz Muzeów, wypis na dzień 2026-04-09"/>
</node>
<node id="-801134650" lat="52.1819721" lon="21.2024112" version="1" timestamp="2026-04-19T19:46:10.725980Z" action="modify"   >
	<tag k="name" v="Muzeum Militariów i Historii Willa Lodusieńka w Warszawie"/>
	<tag k="addr:postcode" v="04-824"/>
	<tag k="addr:city" v="Warszawa"/>
	<tag k="addr:street" v="Herbaciana"/>
	<tag k="addr:housenumber" v="6"/>
	<tag k="operator" v="Marek Salamonowicz"/>
	<tag k="operator:type" v="private"/>
	<tag k="tourism" v="museum"/>
	<tag k="source:tourism" v="Wykaz Muzeów, wypis na dzień 2026-04-09"/>
</node>
<node id="-42884139" lat="51.6379702" lon="15.138861" version="1" timestamp="2026-04-19T19:46:10.725980Z" action="modify"   >
	<tag k="name" v="Muzeum Wojen i Życia"/>
	<tag k="addr:postcode" v="68-200"/>
	<tag k="addr:city" v="Żary"/>
	<tag k="addr:street" v="Przyjaźni"/>
	<tag k="addr:housenumber" v="14"/>
	<tag k="operator" v="Franciszek Łuckiewicz"/>
	<tag k="operator:type" v="private"/>
	<tag k="tourism" v="museum"/>
	<tag k="source:tourism" v="Wykaz Muzeów, wypis na dzień 2026-04-09"/>
</node>
<node id="-1043734517" lat="52.2555318" lon="21.2957804" version="1" timestamp="2026-04-19T19:46:10.725980Z" action="modify"   >
	<tag k="name" v="Muzeum Wojny i Pokoju"/>
	<tag k="addr:postcode" v="05-071"/>
	<tag k="addr:city" v="Sulejówek"/>
	<tag k="addr:street" v="Grzybowa"/>
	<tag k="addr:housenumber" v="3"/>
	<tag k="operator" v="Robert Wyrostkiewicz"/>
	<tag k="operator:type" v="private"/>
	<tag k="tourism" v="museum"/>
	<tag k="source:tourism" v="Wykaz Muzeów, wypis na dzień 2026-04-09"/>
</node>
<node id="-51136990" lat="54.3400552" lon="18.6572635" version="1" timestamp="2026-04-19T19:46:10.725980Z" action="modify"   >
	<tag k="name" v="Muzeum Wojny i Techniki w Gdańsku"/>
	<tag k="addr:postcode" v="80-742"/>
	<tag k="addr:city" v="Gdańsk"/>
	<tag k="addr:street" v="Kurza"/>
	<tag k="addr:housenumber" v="18/19"/>
	<tag k="operator" v="Tomasz Dziergowski"/>
	<tag k="operator:type" v="private"/>
	<tag k="tourism" v="museum"/>
	<tag k="source:tourism" v="Wykaz Muzeów, wypis na dzień 2026-04-09"/>
</node>
<node id="-48062223" lat="50.0532573" lon="18.6219518" version="1" timestamp="2026-04-19T19:46:10.725980Z" action="modify"   >
	<tag k="name" v="Muzeum Wojny Obronnej Rybnik’39"/>
	<tag k="addr:postcode" v="44-251"/>
	<tag k="addr:city" v="Rybnik"/>
	<tag k="addr:street" v="Rycerska"/>
	<tag k="addr:housenumber" v="16a"/>
	<tag k="operator" v="Marcin Ruś"/>
	<tag k="operator:type" v="private"/>
	<tag k="tourism" v="museum"/>
	<tag k="source:tourism" v="Wykaz Muzeów, wypis na dzień 2026-04-09"/>
</node>
<node id="-432956034" lat="52.3540701" lon="20.8574612" version="1" timestamp="2026-04-19T19:46:10.725980Z" action="modify"   >
	<tag k="name" v="Muzeum Wojska, Techniki i Uzbrojenia"/>
	<tag k="addr:postcode" v="05-092"/>
	<tag k="addr:city" v="Łomianki"/>
	<tag k="addr:street" v="Waligóry"/>
	<tag k="addr:housenumber" v="15"/>
	<tag k="operator" v="Tomasz Renault"/>
	<tag k="operator:type" v="private"/>
	<tag k="tourism" v="museum"/>
	<tag k="source:tourism" v="Wykaz Muzeów, wypis na dzień 2026-04-09"/>
</node>
<node id="-927179077" lat="51.9915817" lon="15.7874164" version="1" timestamp="2026-04-19T19:46:10.725980Z" action="modify"   >
	<tag k="name" v="Muzeum Wojskowe i Regionalne w Klenicy"/>
	<tag k="addr:postcode" v="66-133"/>
	<tag k="addr:city" v="Klenica"/>
	<tag k="addr:street" v="Bolesława Chrobrego"/>
	<tag k="addr:housenumber" v="14"/>
	<tag k="operator" v="Tomasz Łysiak"/>
	<tag k="operator:type" v="private"/>
	<tag k="tourism" v="museum"/>
	<tag k="source:tourism" v="Wykaz Muzeów, wypis na dzień 2026-04-09"/>
</node>
<node id="-625390188" lat="52.2061357" lon="22.7147084" version="1" timestamp="2026-04-19T19:46:10.725980Z" action="modify"   >
	<tag k="name" v="Muzeum Wojskowo- Cywilne w Łosicach"/>
	<tag k="addr:postcode" v="08-200"/>
	<tag k="addr:city" v="Łosice"/>
	<tag k="addr:street" v="Narutowicza"/>
	<tag k="addr:housenumber" v="53"/>
	<tag k="operator" v="Mateusz Celiński"/>
	<tag k="operator:type" v="private"/>
	<tag k="tourism" v="museum"/>
	<tag k="source:tourism" v="Wykaz Muzeów, wypis na dzień 2026-04-09"/>
</node>
<node id="-743711024" lat="52.1621144" lon="21.0684557" version="1" timestamp="2026-04-19T19:46:10.725980Z" action="modify"   >
	<tag k="name" v="Muzeum Wojskowości i Uzbrojenia"/>
	<tag k="addr:postcode" v="02-972"/>
	<tag k="addr:city" v="Warszawa"/>
	<tag k="addr:street" v="Hlonda"/>
	<tag k="addr:housenumber" v="2c"/>
	<tag k="operator" v="Michał Kuczmierowski"/>
	<tag k="operator:type" v="private"/>
	<tag k="tourism" v="museum"/>
	<tag k="source:tourism" v="Wykaz Muzeów, wypis na dzień 2026-04-09"/>
</node>
<node id="-161178544" lat="52.10605" lon="19.96305" version="1" timestamp="2026-04-19T19:46:10.725980Z" action="modify"   >
	<tag k="name" v="Muzeum Wojskowości w Łowiczu"/>
	<tag k="addr:postcode" v="99-400"/>
	<tag k="addr:city" v="Łowicz"/>
	<tag k="addr:street" v="Polna"/>
	<tag k="addr:housenumber" v="4"/>
	<tag k="operator" v="Bartłomiej Gałaj"/>
	<tag k="operator:type" v="private"/>
	<tag k="tourism" v="museum"/>
	<tag k="source:tourism" v="Wykaz Muzeów, wypis na dzień 2026-04-09"/>
</node>
<node id="-247018518" lat="52.2188284" lon="21.2409395" version="1" timestamp="2026-04-19T19:46:10.725980Z" action="modify"   >
	<tag k="name" v="Muzeum Wojskowości w Starej Miłośnie"/>
	<tag k="addr:postcode" v="05-077"/>
	<tag k="addr:city" v="Warszawa"/>
	<tag k="addr:street" v="Jarzębionowa"/>
	<tag k="addr:housenumber" v="12"/>
	<tag k="operator" v="Wojciech Jarosławski"/>
	<tag k="operator:type" v="private"/>
	<tag k="tourism" v="museum"/>
	<tag k="source:tourism" v="Wykaz Muzeów, wypis na dzień 2026-04-09"/>
</node>
<node id="-527113967" lat="50.4379955" lon="18.9371179" version="1" timestamp="2026-04-19T19:46:10.725980Z" action="modify"   >
	<tag k="name" v="Muzeum Wojskowości w Świerklańcu"/>
	<tag k="addr:postcode" v="42-622"/>
	<tag k="addr:city" v="Świerklaniec"/>
	<tag k="addr:street" v="Tarnogórska"/>
	<tag k="addr:housenumber" v="75"/>
	<tag k="operator" v="Antoni Żurek"/>
	<tag k="operator:type" v="private"/>
	<tag k="tourism" v="museum"/>
	<tag k="source:tourism" v="Wykaz Muzeów, wypis na dzień 2026-04-09"/>
</node>
<node id="-864637707" lat="54.3800071" lon="19.4433631" version="1" timestamp="2026-04-19T19:46:10.725980Z" action="modify"   >
	<tag k="name" v="Muzeum Wolnego Czasu"/>
	<tag k="addr:postcode" v="82-120"/>
	<tag k="addr:city" v="Krynica Morska"/>
	<tag k="addr:street" v="Teleexpresu"/>
	<tag k="addr:housenumber" v="3c"/>
	<tag k="operator" v="Filip Gawliński"/>
	<tag k="operator:type" v="private"/>
	<tag k="tourism" v="museum"/>
	<tag k="source:tourism" v="Wykaz Muzeów, wypis na dzień 2026-04-09"/>
</node>
<node id="-1018413848" lat="50.6746112" lon="16.3271186" version="1" timestamp="2026-04-19T19:46:10.725980Z" action="modify"   >
	<tag k="name" v="Muzeum Wsi Sudeckiej i Techniki Militarnej"/>
	<tag k="addr:postcode" v="58-340"/>
	<tag k="addr:city" v="Łomnica"/>
	<tag k="addr:street" v="Sudecka"/>
	<tag k="addr:housenumber" v="dz. nr 104"/>
	<tag k="operator" v="Jerzy Rudnicki"/>
	<tag k="operator:type" v="private"/>
	<tag k="tourism" v="museum"/>
	<tag k="source:tourism" v="Wykaz Muzeów, wypis na dzień 2026-04-09"/>
</node>
<node id="-116784163" lat="50.8253867" lon="21.8061133" version="1" timestamp="2026-04-19T19:46:10.725980Z" action="modify"   >
	<tag k="name" v="Muzeum Wsi w Maruszowie"/>
	<tag k="addr:postcode" v="27-630"/>
	<tag k="addr:city" v="Zawichost"/>
	<tag k="addr:street" v="Maruszów"/>
	<tag k="addr:housenumber" v="16"/>
	<tag k="operator" v="Edward Ziarko"/>
	<tag k="operator:type" v="private"/>
	<tag k="tourism" v="museum"/>
	<tag k="source:tourism" v="Wykaz Muzeów, wypis na dzień 2026-04-09"/>
</node>
<node id="-530268478" lat="50.9360923" lon="15.7391891" version="1" timestamp="2026-04-19T19:46:10.725980Z" action="modify"   >
	<tag k="name" v="Muzeum Współczesnej Broni Palnej w Jeżowie Sudeckim"/>
	<tag k="addr:postcode" v="58-521"/>
	<tag k="addr:city" v="Jeżów Sudecki"/>
	<tag k="addr:street" v="Zachodnia"/>
	<tag k="addr:housenumber" v="2"/>
	<tag k="operator" v="Wojciech Aleksiewicz"/>
	<tag k="operator:type" v="private"/>
	<tag k="tourism" v="museum"/>
	<tag k="source:tourism" v="Wykaz Muzeów, wypis na dzień 2026-04-09"/>
</node>
<node id="-78103558" lat="50.4412926" lon="16.2414903" version="1" timestamp="2026-04-19T19:46:10.725980Z" action="modify"   >
	<tag k="name" v="Muzeum Zabawek w Kudowie Zdroju"/>
	<tag k="addr:postcode" v="57-350"/>
	<tag k="addr:city" v="Kudowa Zdrój"/>
	<tag k="addr:street" v="Zdrojowa"/>
	<tag k="addr:housenumber" v="34"/>
	<tag k="operator" v="Maria Ozierańska"/>
	<tag k="operator:type" v="private"/>
	<tag k="tourism" v="museum"/>
	<tag k="source:tourism" v="Wykaz Muzeów, wypis na dzień 2026-04-09"/>
</node>
<node id="-896945712" lat="53.80146" lon="16.6884" version="1" timestamp="2026-04-19T19:46:10.725980Z" action="modify"   >
	<tag k="name" v="Muzeum Zabawek w Sporem"/>
	<tag k="addr:postcode" v="78-400"/>
	<tag k="addr:city" v="Szczecinek"/>
	<tag k="addr:street" v="Spore"/>
	<tag k="addr:housenumber" v="41"/>
	<tag k="operator" v="Andrzej Wilczyński"/>
	<tag k="operator:type" v="private"/>
	<tag k="tourism" v="museum"/>
	<tag k="source:tourism" v="Wykaz Muzeów, wypis na dzień 2026-04-09"/>
</node>
<node id="-1015263670" lat="52.3545086" lon="20.9332987" version="1" timestamp="2026-04-19T19:46:10.725980Z" action="modify"   >
	<tag k="name" v="Muzeum Zabytków Techniki Wojskowej w Warszawie"/>
	<tag k="addr:postcode" v="30-107"/>
	<tag k="addr:city" v="Warszawa"/>
	<tag k="addr:street" v="Ciechanowska"/>
	<tag k="addr:housenumber" v="3"/>
	<tag k="operator" v="Stanisław Kęszycki"/>
	<tag k="operator:type" v="private"/>
	<tag k="tourism" v="museum"/>
	<tag k="source:tourism" v="Wykaz Muzeów, wypis na dzień 2026-04-09"/>
</node>
<node id="-749133585" lat="49.7448876" lon="21.7915165" version="1" timestamp="2026-04-19T19:46:10.725980Z" action="modify"   >
	<tag k="name" v="Muzeum Zamkowe Kamieniec"/>
	<tag k="addr:postcode" v="38-420"/>
	<tag k="addr:city" v="Korczyna"/>
	<tag k="addr:street" v="Podzamcze"/>
	<tag k="addr:housenumber" v="b"/>
	<tag k="operator" v="Andrzej Kołder"/>
	<tag k="operator:type" v="private"/>
	<tag k="tourism" v="museum"/>
	<tag k="source:tourism" v="Wykaz Muzeów, wypis na dzień 2026-04-09"/>
</node>


<node id="-82768408" lat="50.3557643" lon="18.2585078" version="1" timestamp="2026-04-19T19:46:10.725980Z" action="modify"   >
	<tag k="name" v="Muzeum Ziemi Kozielskiej i Śląska Opolskiego"/>
	<tag k="addr:city" v="Kędzierzyn-Koźle"/>
	<tag k="addr:street" v="Wyzwolenia"/>
	<tag k="addr:housenumber" v="28"/>
	<tag k="operator" v="Łukasz Wawrzyńczyk"/>
	<tag k="operator:type" v="private"/>
	<tag k="tourism" v="museum"/>
	<tag k="source:tourism" v="Wykaz Muzeów, wypis na dzień 2026-04-09"/>
</node>
<node id="-49337594" lat="53.7392671" lon="18.946694" version="1" timestamp="2026-04-19T19:46:10.725980Z" action="modify"   >
	<tag k="name" v="Muzeum Ziemi Kwidzyńskiej w Kwidzynie"/>
	<tag k="addr:postcode" v="82-500"/>
	<tag k="addr:city" v="Kwidzyn"/>
	<tag k="addr:street" v="Bolesława Śmiałego"/>
	<tag k="addr:housenumber" v="4"/>
	<tag k="operator" v="Tomasz Wojciechowski"/>
	<tag k="operator:type" v="private"/>
	<tag k="tourism" v="museum"/>
	<tag k="source:tourism" v="Wykaz Muzeów, wypis na dzień 2026-04-09"/>
</node>
<node id="-543436129" lat="52.8903134" lon="21.3891831" version="1" timestamp="2026-04-19T19:46:10.725980Z" action="modify"   >
	<tag k="name" v="Muzeum Ziemi Makowskiej i Garnizonu Różan"/>
	<tag k="addr:postcode" v="06-230"/>
	<tag k="addr:city" v="Różan"/>
	<tag k="addr:street" v="Szkolna"/>
	<tag k="addr:housenumber" v="2"/>
	<tag k="operator" v="Wiesław Łaskarzewski"/>
	<tag k="operator:type" v="private"/>
	<tag k="tourism" v="museum"/>
	<tag k="source:tourism" v="Wykaz Muzeów, wypis na dzień 2026-04-09"/>
</node>
<node id="-48871268" lat="54.2532137" lon="18.642749" version="1" timestamp="2026-04-19T19:46:10.725980Z" action="modify"   >
	<tag k="name" v="Muzeum Ziemi Polskiej Wolne Miasto w Pruszczu Gdańskim"/>
	<tag k="addr:postcode" v="83-000"/>
	<tag k="addr:city" v="Pruszcz Gdański"/>
	<tag k="addr:street" v="Nad Radunią"/>
	<tag k="addr:housenumber" v="48"/>
	<tag k="operator" v="Mateusz Rutkowski"/>
	<tag k="operator:type" v="private"/>
	<tag k="tourism" v="museum"/>
	<tag k="source:tourism" v="Wykaz Muzeów, wypis na dzień 2026-04-09"/>
</node>
<node id="-768986269" lat="51.5405539" lon="15.7567549" version="1" timestamp="2026-04-19T19:46:10.725980Z" action="modify"   >
	<tag k="name" v="Muzeum Ziemi Przemkowskiej"/>
	<tag k="addr:postcode" v="59-170"/>
	<tag k="addr:city" v="Przemków"/>
	<tag k="addr:street" v="Akacjowa"/>
	<tag k="addr:housenumber" v="5c"/>
	<tag k="operator" v="Marcin Jednoróg"/>
	<tag k="operator:type" v="private"/>
	<tag k="tourism" v="museum"/>
	<tag k="source:tourism" v="Wykaz Muzeów, wypis na dzień 2026-04-09"/>
</node>
<node id="-676135312" lat="52.1069597" lon="22.1299878" version="1" timestamp="2026-04-19T19:46:10.725980Z" action="modify"   >
	<tag k="name" v="Muzeum Ziemi Skórzeckiej"/>
	<tag k="addr:postcode" v="08-114"/>
	<tag k="addr:city" v="Skórzec"/>
	<tag k="addr:street" v="M. Kameckiego"/>
	<tag k="addr:housenumber" v="61"/>
	<tag k="operator" v="Andrzej Wysocki"/>
	<tag k="operator:type" v="private"/>
	<tag k="tourism" v="museum"/>
	<tag k="source:tourism" v="Wykaz Muzeów, wypis na dzień 2026-04-09"/>
</node>
<node id="-11984288" lat="51.4704423" lon="23.3272558" version="1" timestamp="2026-04-19T19:46:10.725980Z" action="modify"   >
	<tag k="name" v="Muzeum Ziemi Włodawskiej"/>
	<tag k="addr:postcode" v="22-244"/>
	<tag k="addr:city" v="Stary Brus"/>
	<tag k="addr:street" v="Kołacze"/>
	<tag k="addr:housenumber" v="115"/>
	<tag k="operator" v="Paweł Wojtal"/>
	<tag k="operator:type" v="private"/>
	<tag k="tourism" v="museum"/>
	<tag k="source:tourism" v="Wykaz Muzeów, wypis na dzień 2026-04-09"/>
</node>
<node id="-20362255" lat="52.1113687" lon="16.0944543" version="1" timestamp="2026-04-19T19:46:10.725980Z" action="modify"   >
	<tag k="name" v="Muzeum Ziemi Wolsztyńskiej"/>
	<tag k="addr:postcode" v="64-200"/>
	<tag k="addr:city" v="Wolsztyn"/>
	<tag k="addr:street" v="Niałecka"/>
	<tag k="addr:housenumber" v="24"/>
	<tag k="operator" v="Andrzej Toś"/>
	<tag k="operator:type" v="private"/>
	<tag k="tourism" v="museum"/>
	<tag k="source:tourism" v="Wykaz Muzeów, wypis na dzień 2026-04-09"/>
</node>
<node id="-899023381" lat="52.153829" lon="21.2068596" version="1" timestamp="2026-04-19T19:46:10.725980Z" action="modify"   >
	<tag k="name" v="Muzeum Żołnierzy AK z Odelska"/>
	<tag k="addr:postcode" v="04-980"/>
	<tag k="addr:city" v="Warszawa"/>
	<tag k="addr:street" v="Olecka"/>
	<tag k="addr:housenumber" v="12"/>
	<tag k="operator" v="Konrad Logiński"/>
	<tag k="operator:type" v="private"/>
	<tag k="tourism" v="museum"/>
	<tag k="source:tourism" v="Wykaz Muzeów, wypis na dzień 2026-04-09"/>
</node>
<node id="-349515076" lat="52.0792004" lon="21.0288747" version="1" timestamp="2026-04-19T19:46:10.725980Z" action="modify"   >
	<tag k="name" v="Nadwiślańskie Muzeum Broni Dawnej i Nowej w Piasecznie"/>
	<tag k="addr:postcode" v="05-500"/>
	<tag k="addr:city" v="Piaseczno"/>
	<tag k="addr:street" v="Młynarska"/>
	<tag k="addr:housenumber" v="13"/>
	<tag k="operator" v="Maciej Szadkowski"/>
	<tag k="operator:type" v="private"/>
	<tag k="tourism" v="museum"/>
	<tag k="source:tourism" v="Wykaz Muzeów, wypis na dzień 2026-04-09"/>
</node>
<node id="-741214588" lat="52.34909" lon="22.2466" version="1" timestamp="2026-04-19T19:46:10.725980Z" action="modify"   >
	<tag k="name" v="Podlaskie Muzeum Techniki Wojskowej i Użytkowej w Bielanach Wąsach"/>
	<tag k="addr:postcode" v="08-311"/>
	<tag k="addr:city" v="Bielany"/>
	<tag k="addr:street" v="Bielany Wąsy"/>
	<tag k="addr:housenumber" v="14"/>
	<tag k="operator" v="Mariusz Murawski"/>
	<tag k="operator:type" v="private"/>
	<tag k="tourism" v="museum"/>
	<tag k="source:tourism" v="Wykaz Muzeów, wypis na dzień 2026-04-09"/>
</node>
<node id="-218042806" lat="54.469234" lon="18.4983524" version="1" timestamp="2026-04-19T19:46:10.725980Z" action="modify"   >
	<tag k="name" v="Polskie Muzeum Motoryzacji"/>
	<tag k="addr:postcode" v="81-575"/>
	<tag k="addr:city" v="Gdynia"/>
	<tag k="addr:street" v="Wschodnia"/>
	<tag k="addr:housenumber" v="1A"/>
	<tag k="operator" v="Adam Stelmach"/>
	<tag k="operator:type" v="private"/>
	<tag k="tourism" v="museum"/>
	<tag k="source:tourism" v="Wykaz Muzeów, wypis na dzień 2026-04-09"/>
</node>
<node id="-260923982" lat="54.5498196" lon="18.438599" version="1" timestamp="2026-04-19T19:46:10.725980Z" action="modify"   >
	<tag k="name" v="Pomorskie Muzeum Bawarskiej Motoryzacji w Gdyni"/>
	<tag k="addr:postcode" v="81-017"/>
	<tag k="addr:city" v="Gdynia"/>
	<tag k="addr:street" v="Grochowa"/>
	<tag k="addr:housenumber" v="4"/>
	<tag k="operator" v="Damian Michałowski"/>
	<tag k="operator:type" v="private"/>
	<tag k="tourism" v="museum"/>
	<tag k="source:tourism" v="Wykaz Muzeów, wypis na dzień 2026-04-09"/>
</node>
<node id="-708694121" lat="54.4526152" lon="18.3382936" version="1" timestamp="2026-04-19T19:46:10.725980Z" action="modify"   >
	<tag k="name" v="Pomorskie Muzeum Motoryzacji"/>
	<tag k="addr:postcode" v="84-208"/>
	<tag k="addr:city" v="Kielno"/>
	<tag k="addr:street" v="Tuchomska"/>
	<tag k="addr:housenumber" v="2"/>
	<tag k="operator" v="Tomasz Nasiński"/>
	<tag k="operator:type" v="private"/>
	<tag k="tourism" v="museum"/>
	<tag k="source:tourism" v="Wykaz Muzeów, wypis na dzień 2026-04-09"/>
</node>
<node id="-579307859" lat="54.5114395" lon="18.5453249" version="1" timestamp="2026-04-19T19:46:10.725980Z" action="modify"   >
	<tag k="name" v="Pomorskie Muzeum Motoryzacji i Techniki w Gdyni"/>
	<tag k="addr:postcode" v="81-383"/>
	<tag k="addr:city" v="Gdynia"/>
	<tag k="addr:street" v="I Armii Wojska Polskiego"/>
	<tag k="addr:housenumber" v="28"/>
	<tag k="operator" v="Tomasz Karchut"/>
	<tag k="operator:type" v="private"/>
	<tag k="tourism" v="museum"/>
	<tag k="source:tourism" v="Wykaz Muzeów, wypis na dzień 2026-04-09"/>
</node>
<node id="-669362087" lat="53.43836" lon="17.54519" version="1" timestamp="2026-04-19T19:46:10.725980Z" action="modify"   >
	<tag k="name" v="Pomorskie Okręgowe Muzeum PRL w Sępólnie Krajeńskim"/>
	<tag k="addr:postcode" v="89-400"/>
	<tag k="addr:city" v="Sępólno Krajeńskie"/>
	<tag k="addr:street" v="Koronowska"/>
	<tag k="addr:housenumber" v="20"/>
	<tag k="operator" v="Marcin Gulka"/>
	<tag k="operator:type" v="private"/>
	<tag k="tourism" v="museum"/>
	<tag k="source:tourism" v="Wykaz Muzeów, wypis na dzień 2026-04-09"/>
</node>
<node id="-727980016" lat="52.2129578" lon="21.0236704" version="1" timestamp="2026-04-19T19:46:10.725980Z" action="modify"   >
	<tag k="name" v="Prywatne Multimedialne Muzeum Gry i Zabawy w Warszawie"/>
	<tag k="addr:postcode" v="00-586"/>
	<tag k="addr:city" v="Warszawa"/>
	<tag k="addr:street" v="Flory"/>
	<tag k="addr:housenumber" v="5"/>
	<tag k="operator" v="Paweł Abramczuk"/>
	<tag k="operator:type" v="private"/>
	<tag k="tourism" v="museum"/>
	<tag k="source:tourism" v="Wykaz Muzeów, wypis na dzień 2026-04-09"/>
</node>
<node id="-965749157" lat="50.8251412" lon="16.4587723" version="1" timestamp="2026-04-19T19:46:10.725980Z" action="modify"   >
	<tag k="name" v="Prywatne Muzeum Broni i Militariów w Świdnicy"/>
	<tag k="addr:postcode" v="58-100"/>
	<tag k="addr:city" v="Świdnica"/>
	<tag k="addr:street" v="Witoszów Dolny"/>
	<tag k="addr:housenumber" v="7"/>
	<tag k="operator" v="Stanisław Gabryś"/>
	<tag k="operator:type" v="private"/>
	<tag k="tourism" v="museum"/>
	<tag k="source:tourism" v="Wykaz Muzeów, wypis na dzień 2026-04-09"/>
</node>
<node id="-27426715" lat="49.7824271" lon="19.0813675" version="1" timestamp="2026-04-19T19:46:10.725980Z" action="modify"   >
	<tag k="name" v="Prywatne Muzeum Broni Pancernej i Militariów im. Franciszka Bier w Bielsku-Białej"/>
	<tag k="addr:postcode" v="43-310"/>
	<tag k="addr:city" v="Bielsko-Biała"/>
	<tag k="addr:street" v="Pasterska"/>
	<tag k="addr:housenumber" v="18"/>
	<tag k="operator" v="Rafał Bier"/>
	<tag k="operator:type" v="private"/>
	<tag k="tourism" v="museum"/>
	<tag k="source:tourism" v="Wykaz Muzeów, wypis na dzień 2026-04-09"/>
</node>
<node id="-241389954" lat="52.26551" lon="20.47344" version="1" timestamp="2026-04-19T19:46:10.725980Z" action="modify"   >
	<tag k="name" v="Prywatne Muzeum Historii Człowieka - Planeta Terra w Kampinosie"/>
	<tag k="addr:postcode" v="05-085"/>
	<tag k="addr:city" v="Kampinos"/>
	<tag k="addr:street" v="Kampinos A"/>
	<tag k="addr:housenumber" v="23B"/>
	<tag k="operator" v="Piotr Pałys"/>
	<tag k="operator:type" v="private"/>
	<tag k="tourism" v="museum"/>
	<tag k="source:tourism" v="Wykaz Muzeów, wypis na dzień 2026-04-09"/>
</node>
<node id="-853270092" lat="53.1334575" lon="17.58443" version="1" timestamp="2026-04-19T19:46:10.725980Z" action="modify"   >
	<tag k="name" v="Prywatne Muzeum Historii Garaż PRL-u w Nakle nad Notecią"/>
	<tag k="addr:postcode" v="89-100"/>
	<tag k="addr:city" v="Nakło nad Notecią"/>
	<tag k="addr:street" v="Młyńska"/>
	<tag k="addr:housenumber" v="5"/>
	<tag k="operator" v="Grzegorz Trudziński"/>
	<tag k="operator:type" v="private"/>
	<tag k="tourism" v="museum"/>
	<tag k="source:tourism" v="Wykaz Muzeów, wypis na dzień 2026-04-09"/>
</node>
<node id="-612956413" lat="51.3441556" lon="21.937143" version="1" timestamp="2026-04-19T19:46:10.725980Z" action="modify"   >
	<tag k="name" v="Prywatne Muzeum Historii Ziem i Walk Nadwiślańskich w Wojszynie"/>
	<tag k="addr:postcode" v="24-123"/>
	<tag k="addr:city" v="Janowiec"/>
	<tag k="addr:street" v="Wojszyn"/>
	<tag k="addr:housenumber" v="29A"/>
	<tag k="operator" v="Sebastian Szulowski, Iwona Szulowska"/>
	<tag k="operator:type" v="private"/>
	<tag k="tourism" v="museum"/>
	<tag k="source:tourism" v="Wykaz Muzeów, wypis na dzień 2026-04-09"/>
</node>
<node id="-793234915" lat="52.2640764" lon="20.8541329" version="1" timestamp="2026-04-19T19:46:10.725980Z" action="modify"   >
	<tag k="name" v="Prywatne Muzeum Historyczne Gaja w Janowie"/>
	<tag k="addr:postcode" v="05-082"/>
	<tag k="addr:city" v="Stare Babice"/>
	<tag k="addr:street" v="Studzińskiego"/>
	<tag k="addr:housenumber" v="3"/>
	<tag k="operator" v="Adrian Kłos"/>
	<tag k="operator:type" v="private"/>
	<tag k="tourism" v="museum"/>
	<tag k="source:tourism" v="Wykaz Muzeów, wypis na dzień 2026-04-09"/>
</node>
<node id="-746748905" lat="52.086477" lon="20.8654497" version="1" timestamp="2026-04-19T19:46:10.725980Z" action="modify"   >
	<tag k="name" v="Prywatne Muzeum Historyczno-Przyrodnicze w Łazach"/>
	<tag k="addr:postcode" v="05-552"/>
	<tag k="addr:city" v="Łazy"/>
	<tag k="addr:street" v="Konwaliowa"/>
	<tag k="addr:housenumber" v="6a"/>
	<tag k="operator" v="Ludwik Tomczyk"/>
	<tag k="operator:type" v="private"/>
	<tag k="tourism" v="museum"/>
	<tag k="source:tourism" v="Wykaz Muzeów, wypis na dzień 2026-04-09"/>
</node>
<node id="-850214294" lat="50.5483049" lon="22.7682227" version="1" timestamp="2026-04-19T19:46:10.725980Z" action="modify"   >
	<tag k="name" v="Prywatne Muzeum Militarne w Woli Małej"/>
	<tag k="addr:postcode" v="37-100"/>
	<tag k="addr:city" v="Wola Mała"/>
	<tag k="addr:housenumber" v="8a"/>
	<tag k="operator" v="Adam Strzępka"/>
	<tag k="operator:type" v="private"/>
	<tag k="tourism" v="museum"/>
	<tag k="source:tourism" v="Wykaz Muzeów, wypis na dzień 2026-04-09"/>
</node>

<node id="-766149385" lat="51.3909217" lon="21.1553821" version="1" timestamp="2026-04-19T19:46:10.725980Z" action="modify"   >
	<tag k="name" v="Prywatne Muzeum Motoryzacji i Techniki w Radomiu"/>
	<tag k="addr:postcode" v="26-600"/>
	<tag k="addr:city" v="Radom"/>
	<tag k="addr:street" v="K. Kurpińskiego"/>
	<tag k="addr:housenumber" v="1a"/>
	<tag k="operator" v="Konrad Figarski"/>
	<tag k="operator:type" v="private"/>
	<tag k="tourism" v="museum"/>
	<tag k="source:tourism" v="Wykaz Muzeów, wypis na dzień 2026-04-09"/>
</node>
<node id="-316237407" lat="49.687973" lon="21.753687" version="1" timestamp="2026-04-19T19:46:10.725980Z" action="modify"   >
	<tag k="name" v="Prywatne Muzeum Podkarpackich Pól Bitewnych"/>
	<tag k="addr:postcode" v="38-400"/>
	<tag k="addr:city" v="Krosno"/>
	<tag k="addr:street" v="Czajkowskiego"/>
	<tag k="addr:housenumber" v="92"/>
	<tag k="operator" v="Piotr Kiełtyka"/>
	<tag k="operator:type" v="private"/>
	<tag k="tourism" v="museum"/>
	<tag k="source:tourism" v="Wykaz Muzeów, wypis na dzień 2026-04-09"/>
</node>
<node id="-754376567" lat="50.139177" lon="22.2511072" version="1" timestamp="2026-04-19T19:46:10.725980Z" action="modify"   >
	<tag k="name" v="Prywatne Muzeum Pojazdów Militarnych i Zabytkowych w Rakszawie"/>
	<tag k="addr:postcode" v="37-111"/>
	<tag k="addr:city" v="Rakszawa"/>
	<tag k="addr:street" v="Rakszawa"/>
	<tag k="addr:housenumber" v="118"/>
	<tag k="operator" v="Bogdan Maczuga"/>
	<tag k="operator:type" v="private"/>
	<tag k="tourism" v="museum"/>
	<tag k="source:tourism" v="Wykaz Muzeów, wypis na dzień 2026-04-09"/>
</node>
<node id="-828091534" lat="51.7531178" lon="18.3505463" version="1" timestamp="2026-04-19T19:46:10.725980Z" action="modify"   >
	<tag k="name" v="Prywatne Muzeum Pojazdów i Techniki PRL w Agnieszkowie"/>
	<tag k="addr:postcode" v="62-840"/>
	<tag k="addr:city" v="Koźminek"/>
	<tag k="addr:street" v="Agnieszków"/>
	<tag k="addr:housenumber" v="6"/>
	<tag k="operator" v="Michał Grabowski"/>
	<tag k="operator:type" v="private"/>
	<tag k="tourism" v="museum"/>
	<tag k="source:tourism" v="Wykaz Muzeów, wypis na dzień 2026-04-09"/>
</node>
<node id="-297517244" lat="49.8834484" lon="19.4925345" version="1" timestamp="2026-04-19T19:46:10.725980Z" action="modify"   >
	<tag k="name" v="Prywatne Muzeum Polsko-Amerykańskie Hell’s Angel w Wadowicach"/>
	<tag k="addr:postcode" v="34-100"/>
	<tag k="addr:city" v="Wadowice"/>
	<tag k="addr:street" v="Konstytucji 3 Maja"/>
	<tag k="addr:housenumber" v="23A"/>
	<tag k="operator" v="Zygmunt Kraus"/>
	<tag k="operator:type" v="private"/>
	<tag k="tourism" v="museum"/>
	<tag k="source:tourism" v="Wykaz Muzeów, wypis na dzień 2026-04-09"/>
</node>
<node id="-415136862" lat="53.7375734" lon="17.193037" version="1" timestamp="2026-04-19T19:46:10.725980Z" action="modify"   >
	<tag k="name" v="Prywatne Muzeum Pożarnicze w Gwieździnie"/>
	<tag k="addr:postcode" v="77-304"/>
	<tag k="addr:city" v="Rzeczenica"/>
	<tag k="addr:street" v="Gwieździn"/>
	<tag k="addr:housenumber" v="35"/>
	<tag k="operator" v="Konrad Zachajczuk"/>
	<tag k="operator:type" v="private"/>
	<tag k="tourism" v="museum"/>
	<tag k="source:tourism" v="Wykaz Muzeów, wypis na dzień 2026-04-09"/>
</node>
<node id="-1017319812" lat="54.1250947" lon="20.5619308" version="1" timestamp="2026-04-19T19:46:10.725980Z" action="modify"   >
	<tag k="name" v="Prywatne Muzeum Regionalne w Lidzbarku Warmińskim"/>
	<tag k="addr:postcode" v="11-100"/>
	<tag k="addr:city" v="Lidzbark Warmiński"/>
	<tag k="addr:street" v="Nad Łyną"/>
	<tag k="addr:housenumber" v="39"/>
	<tag k="operator" v="Rafał Pliszka"/>
	<tag k="operator:type" v="private"/>
	<tag k="tourism" v="museum"/>
	<tag k="source:tourism" v="Wykaz Muzeów, wypis na dzień 2026-04-09"/>
</node>

<node id="-432095992" lat="50.4198438" lon="20.9699961" version="1" timestamp="2026-04-19T19:46:10.725980Z" action="modify"   >
	<tag k="name" v="Prywatne Muzeum Techniki i Militariów w Mietlu"/>
	<tag k="addr:postcode" v="28-130"/>
	<tag k="addr:city" v="Stopnica"/>
	<tag k="addr:street" v="Mietel"/>
	<tag k="addr:housenumber" v="109"/>
	<tag k="operator" v="Łukasz Linowski"/>
	<tag k="operator:type" v="private"/>
	<tag k="tourism" v="museum"/>
	<tag k="source:tourism" v="Wykaz Muzeów, wypis na dzień 2026-04-09"/>
</node>
<node id="-770920458" lat="50.0984781" lon="21.9946772" version="1" timestamp="2026-04-19T19:46:10.725980Z" action="modify"   >
	<tag k="name" v="Prywatne Muzeum Techniki i Militariów w Rzeszowie"/>
	<tag k="addr:postcode" v="36-062"/>
	<tag k="addr:city" v="Zaczernie"/>
	<tag k="addr:street" v="Zaczernie"/>
	<tag k="addr:housenumber" v="375D"/>
	<tag k="operator" v="Tomasz Bąk"/>
	<tag k="operator:type" v="private"/>
	<tag k="tourism" v="museum"/>
	<tag k="source:tourism" v="Wykaz Muzeów, wypis na dzień 2026-04-09"/>
</node>
<node id="-346129494" lat="53.2032" lon="17.79879" version="1" timestamp="2026-04-19T19:46:10.725980Z" action="modify"   >
	<tag k="name" v="Prywatne Muzeum Techniki PRL w Sicienku"/>
	<tag k="addr:postcode" v="86-014"/>
	<tag k="addr:city" v="Sicienko"/>
	<tag k="addr:street" v="Nakielska"/>
	<tag k="addr:housenumber" v="5"/>
	<tag k="operator" v="Marek Erdmann"/>
	<tag k="operator:type" v="private"/>
	<tag k="tourism" v="museum"/>
	<tag k="source:tourism" v="Wykaz Muzeów, wypis na dzień 2026-04-09"/>
</node>
<node id="-452544098" lat="51.628619" lon="21.1532566" version="1" timestamp="2026-04-19T19:46:10.725980Z" action="modify"   >
	<tag k="name" v="Prywatne Muzeum Techniki Wojskowej i Historii Regionalnej w Podlesiu Dużym"/>
	<tag k="addr:postcode" v="26-804"/>
	<tag k="addr:city" v="Podlesie Duże"/>
	<tag k="addr:housenumber" v="99 B"/>
	<tag k="operator" v="Stanisław Kaliciński"/>
	<tag k="operator:type" v="private"/>
	<tag k="tourism" v="museum"/>
	<tag k="source:tourism" v="Wykaz Muzeów, wypis na dzień 2026-04-09"/>
</node>
<node id="-13028575" lat="53.2370088" lon="21.4815179" version="1" timestamp="2026-04-19T19:46:10.725980Z" action="modify"   >
	<tag k="name" v="Prywatne Muzeum Tomala w Kadzidle"/>
	<tag k="addr:postcode" v="07-420"/>
	<tag k="addr:city" v="Kadzidło"/>
	<tag k="addr:street" v="Kompozytorów"/>
	<tag k="addr:housenumber" v="9"/>
	<tag k="operator" v="Antoni Tomala"/>
	<tag k="operator:type" v="private"/>
	<tag k="tourism" v="museum"/>
	<tag k="source:tourism" v="Wykaz Muzeów, wypis na dzień 2026-04-09"/>
</node>

<node id="-884602794" lat="52.4814511" lon="21.1267165" version="1" timestamp="2026-04-19T19:46:10.725980Z" action="modify"   >
	<tag k="name" v="Prywatne Muzeum w Starych Załubicach"/>
	<tag k="addr:postcode" v="05-255"/>
	<tag k="addr:city" v="Stare Załubice"/>
	<tag k="addr:street" v="Mazowiecka"/>
	<tag k="addr:housenumber" v="26"/>
	<tag k="operator" v="Dominik Redka"/>
	<tag k="operator:type" v="private"/>
	<tag k="tourism" v="museum"/>
	<tag k="source:tourism" v="Wykaz Muzeów, wypis na dzień 2026-04-09"/>
</node>
<node id="-786046388" lat="50.5056504" lon="21.1736675" version="1" timestamp="2026-04-19T19:46:10.725980Z" action="modify"   >
	<tag k="name" v="Prywatne Muzeum w Tuklęczy"/>
	<tag k="addr:postcode" v="28-236"/>
	<tag k="addr:city" v="Rytwiany"/>
	<tag k="addr:street" v="Tuklęcz"/>
	<tag k="addr:housenumber" v="27"/>
	<tag k="operator" v="Jerzy Krauze"/>
	<tag k="operator:type" v="private"/>
	<tag k="tourism" v="museum"/>
	<tag k="source:tourism" v="Wykaz Muzeów, wypis na dzień 2026-04-09"/>
</node>
<node id="-466832490" lat="52.1498432" lon="20.8210178" version="1" timestamp="2026-04-19T19:46:10.725980Z" action="modify"   >
	<tag k="name" v="Regionalne Muzeum Drogownictwa Nurzec Stacja"/>
	<tag k="addr:postcode" v="05-800"/>
	<tag k="addr:city" v="Pruszków"/>
	<tag k="addr:street" v="Zenona"/>
	<tag k="addr:housenumber" v="27"/>
	<tag k="operator" v="Izabella Kortyka"/>
	<tag k="operator:type" v="private"/>
	<tag k="tourism" v="museum"/>
	<tag k="source:tourism" v="Wykaz Muzeów, wypis na dzień 2026-04-09"/>
</node>
<node id="-631252488" lat="51.3844129" lon="16.21916" version="1" timestamp="2026-04-19T19:46:10.725980Z" action="modify"   >
	<tag k="name" v="Regionalne Muzeum Historii i Militariów w Lubinie"/>
	<tag k="addr:postcode" v="59-300"/>
	<tag k="addr:city" v="Lubin"/>
	<tag k="addr:street" v="Wołyńska"/>
	<tag k="addr:housenumber" v="12"/>
	<tag k="operator" v="Krzysztof Więckowski"/>
	<tag k="operator:type" v="private"/>
	<tag k="tourism" v="museum"/>
	<tag k="source:tourism" v="Wykaz Muzeów, wypis na dzień 2026-04-09"/>
</node>
<node id="-399364496" lat="51.8045311" lon="15.6949507" version="1" timestamp="2026-04-19T19:46:10.725980Z" action="modify"   >
	<tag k="name" v="Regionalne Muzeum Historyczne Nowej Soli"/>
	<tag k="addr:postcode" v="67-100"/>
	<tag k="addr:city" v="Nowa Sól"/>
	<tag k="addr:street" v="Konstytucji 3 Maja"/>
	<tag k="addr:housenumber" v="2C"/>
	<tag k="operator" v="Waldemar Jasiński"/>
	<tag k="operator:type" v="private"/>
	<tag k="tourism" v="museum"/>
	<tag k="source:tourism" v="Wykaz Muzeów, wypis na dzień 2026-04-09"/>
</node>
<node id="-498434989" lat="49.9713543" lon="18.3742937" version="1" timestamp="2026-04-19T19:46:10.725980Z" action="modify"   >
	<tag k="name" v="Śląskie Muzeum Militariów i Techniki Użytkowej w Gorzycach"/>
	<tag k="addr:postcode" v="44-350"/>
	<tag k="addr:city" v="Gorzyce"/>
	<tag k="addr:street" v="Raciborska"/>
	<tag k="addr:housenumber" v="138"/>
	<tag k="operator" v="Maciej Gruszka"/>
	<tag k="operator:type" v="private"/>
	<tag k="tourism" v="museum"/>
	<tag k="source:tourism" v="Wykaz Muzeów, wypis na dzień 2026-04-09"/>
</node>
<node id="-585966475" lat="50.8064685" lon="20.2451857" version="1" timestamp="2026-04-19T19:46:10.725980Z" action="modify"   >
	<tag k="name" v="Świętokrzyskie Muzeum Militariów w Małogoszczu"/>
	<tag k="addr:postcode" v="28-366"/>
	<tag k="addr:city" v="Małogoszcz"/>
	<tag k="addr:street" v="Konarskiego"/>
	<tag k="addr:housenumber" v="47"/>
	<tag k="operator" v="Paweł Grosicki"/>
	<tag k="operator:type" v="private"/>
	<tag k="tourism" v="museum"/>
	<tag k="source:tourism" v="Wykaz Muzeów, wypis na dzień 2026-04-09"/>
</node>
<node id="-767760356" lat="53.0213319" lon="18.610653" version="1" timestamp="2026-04-19T19:46:10.725980Z" action="modify"   >
	<tag k="name" v="Toruńskie Muzeum Oręża"/>
	<tag k="addr:postcode" v="87-100"/>
	<tag k="addr:city" v="Toruń"/>
	<tag k="addr:street" v="Grudziądzka"/>
	<tag k="addr:housenumber" v="57a"/>
	<tag k="operator" v="Krzysztof Melerski"/>
	<tag k="operator:type" v="private"/>
	<tag k="tourism" v="museum"/>
	<tag k="source:tourism" v="Wykaz Muzeów, wypis na dzień 2026-04-09"/>
</node>
<node id="-589520628" lat="53.0190673" lon="18.6679916" version="1" timestamp="2026-04-19T19:46:10.725980Z" action="modify"   >
	<tag k="name" v="TWIERDZA TORUŃ-Muzeum Historii i Wojskowości w Toruniu"/>
	<tag k="addr:postcode" v="87-100"/>
	<tag k="addr:city" v="Toruń"/>
	<tag k="addr:street" v="Winna"/>
	<tag k="addr:housenumber" v="19"/>
	<tag k="operator" v="Tomasz Krajewski"/>
	<tag k="operator:type" v="private"/>
	<tag k="tourism" v="museum"/>
	<tag k="source:tourism" v="Wykaz Muzeów, wypis na dzień 2026-04-09"/>
</node>
<node id="-1042095836" lat="53.2107899" lon="18.3804668" version="1" timestamp="2026-04-19T19:46:10.725980Z" action="modify"   >
	<tag k="name" v="Unisławskie Muzeum Barwy i Broni"/>
	<tag k="addr:postcode" v="86-260"/>
	<tag k="addr:city" v="Unisław"/>
	<tag k="addr:street" v="Wiślana"/>
	<tag k="addr:housenumber" v="3"/>
	<tag k="operator" v="Tomasz Michałek"/>
	<tag k="operator:type" v="private"/>
	<tag k="tourism" v="museum"/>
	<tag k="source:tourism" v="Wykaz Muzeów, wypis na dzień 2026-04-09"/>
</node>
<node id="-824321117" lat="52.3478378" lon="20.8900959" version="1" timestamp="2026-04-19T19:46:10.725980Z" action="modify"   >
	<tag k="name" v="Warszawskie Muzeum Pojazdów Zabytkowych"/>
	<tag k="addr:postcode" v="05-092"/>
	<tag k="addr:city" v="Łomianki"/>
	<tag k="addr:street" v="Chopina"/>
	<tag k="addr:housenumber" v="49"/>
	<tag k="operator" v="Maciej Gąsior"/>
	<tag k="operator:type" v="private"/>
	<tag k="tourism" v="museum"/>
	<tag k="source:tourism" v="Wykaz Muzeów, wypis na dzień 2026-04-09"/>
</node>
<node id="-505028341" lat="52.2332627" lon="21.1486944" version="1" timestamp="2026-04-19T19:46:10.725980Z" action="modify"   >
	<tag k="name" v="Wawerskie Muzeum Historyczne"/>
	<tag k="addr:postcode" v="04-541"/>
	<tag k="addr:city" v="Warszawa"/>
	<tag k="addr:street" v="Karpacka"/>
	<tag k="addr:housenumber" v="4c"/>
	<tag k="operator" v="Tomasz Prasał"/>
	<tag k="operator:type" v="private"/>
	<tag k="tourism" v="museum"/>
	<tag k="source:tourism" v="Wykaz Muzeów, wypis na dzień 2026-04-09"/>
</node>
<node id="-706123173" lat="50.2916939" lon="19.2731101" version="1" timestamp="2026-04-19T19:46:10.725980Z" action="modify"   >
	<tag k="name" v="Zagłębiowskie Muzeum Militariów Dragon w Sosnowcu"/>
	<tag k="addr:postcode" v="41-215"/>
	<tag k="addr:city" v="Sosnowiec"/>
	<tag k="addr:street" v="Gen. Waltera Janke"/>
	<tag k="addr:housenumber" v="32"/>
	<tag k="operator" v="Krzysztof Borda"/>
	<tag k="operator:type" v="private"/>
	<tag k="tourism" v="museum"/>
	<tag k="source:tourism" v="Wykaz Muzeów, wypis na dzień 2026-04-09"/>
</node>
<node id="-26596347" lat="54.2617511" lon="18.6837678" version="1" timestamp="2026-04-19T19:46:10.725980Z" action="modify"   >
	<tag k="name" v="Żuławskie Muzeum Motoryzacji i Wypoczynku w Rokitnicy"/>
	<tag k="addr:postcode" v="83-021"/>
	<tag k="addr:city" v="Rokitnica"/>
	<tag k="addr:street" v="Bursztynowa"/>
	<tag k="addr:housenumber" v="28"/>
	<tag k="operator" v="Agnieszka Wieliczko i Dominik Wieliczko"/>
	<tag k="operator:type" v="private"/>
	<tag k="tourism" v="museum"/>
	<tag k="source:tourism" v="Wykaz Muzeów, wypis na dzień 2026-04-09"/>
</node>
<node id="-66062086" lat="51.0921087" lon="17.0475713" version="1" timestamp="2026-04-19T19:46:10.725980Z" action="modify"   >
	<tag k="name" v="Dolnośląskie Społeczne Muzeum Kolejnictwa Przy Klubie Sympatyków Kolei we Wrocławiu"/>
	<tag k="addr:postcode" v="50-503"/>
	<tag k="addr:city" v="Wrocław"/>
	<tag k="addr:street" v="Paczkowska"/>
	<tag k="addr:housenumber" v="26"/>
	<tag k="operator" v="Klub Sympatyków Kolei z siedzibą we Wrocławiu"/>
	<tag k="operator:type" v="ngo"/>
	<tag k="tourism" v="museum"/>
	<tag k="source:tourism" v="Wykaz Muzeów, wypis na dzień 2026-04-09"/>
</node>
<node id="-877726706" lat="52.1978793" lon="23.2006343" version="1" timestamp="2026-04-19T19:46:10.725980Z" action="modify"   >
	<tag k="name" v="ARCHE Muzeum Skraj Kultur w Janowie Podlaskim"/>
	<tag k="addr:postcode" v="21-505"/>
	<tag k="addr:city" v="Janów Podlaski"/>
	<tag k="addr:street" v="Zamkowa"/>
	<tag k="addr:housenumber" v="1"/>
	<tag k="operator" v="Fundacja Leny Grochowskiej z siedzibą w Siedlach"/>
	<tag k="operator:type" v="ngo"/>
	<tag k="tourism" v="museum"/>
	<tag k="source:tourism" v="Wykaz Muzeów, wypis na dzień 2026-04-09"/>
</node>
<node id="-851372903" lat="51.53947" lon="17.6429" version="1" timestamp="2026-04-19T19:46:10.725980Z" action="modify"   >
	<tag k="name" v="Europejskie Centrum - Muzeum Haftu na Ziemi Garkowskiej"/>
	<tag k="addr:postcode" v="63-430"/>
	<tag k="addr:city" v="Odolanów"/>
	<tag k="addr:street" v="Garki"/>
	<tag k="addr:housenumber" v="16B"/>
	<tag k="operator" v="Fundacja im. św. Rity na rzecz Europejskiego Muzeum Etnograficznego Ziemi Garkowskiej"/>
	<tag k="operator:type" v="ngo"/>
	<tag k="tourism" v="museum"/>
	<tag k="source:tourism" v="Wykaz Muzeów, wypis na dzień 2026-04-09"/>
</node>
<node id="-891628050" lat="49.3695954" lon="22.4198848" version="1" timestamp="2026-04-19T19:46:10.725980Z" action="modify"   >
	<tag k="name" v="Gminne Muzeum Kultury Duchowej i Materialnej Bojków w Myczkowie"/>
	<tag k="addr:postcode" v="38-610"/>
	<tag k="addr:city" v="Polańczyk"/>
	<tag k="addr:street" v="Wiejska"/>
	<tag k="addr:housenumber" v="2"/>
	<tag k="operator" v="Gminny Ośrodek Kultury, Sportu i Turystyki w Solinie z/s w Polańczyku"/>
	<tag k="operator:type" v="ngo"/>
	<tag k="tourism" v="museum"/>
	<tag k="source:tourism" v="Wykaz Muzeów, wypis na dzień 2026-04-09"/>
</node>
<node id="-414985696" lat="50.262424" lon="19.0216316" version="1" timestamp="2026-04-19T19:46:10.725980Z" action="modify"   >
	<tag k="name" v="Harcerskie Muzeum Etnograficzne w Katowicach"/>
	<tag k="addr:postcode" v="40-004"/>
	<tag k="addr:city" v="Katowice"/>
	<tag k="addr:street" v="Wojciecha Korfantego"/>
	<tag k="addr:housenumber" v="8"/>
	<tag k="operator" v="Związek Harcerstwa Polskiego - Chorągie Śląska"/>
	<tag k="operator:type" v="ngo"/>
	<tag k="tourism" v="museum"/>
	<tag k="source:tourism" v="Wykaz Muzeów, wypis na dzień 2026-04-09"/>
</node>
<node id="-723977755" lat="50.1725135" lon="18.8843672" version="1" timestamp="2026-04-19T19:46:10.725980Z" action="modify"   >
	<tag k="name" v="Interaktywne Muzeum Technik Bezpieczeństwa, Transportu, Ochrony i Higieny Pracy w Mikołowie"/>
	<tag k="addr:postcode" v="43-190"/>
	<tag k="addr:city" v="Mikołów"/>
	<tag k="addr:street" v="Rybnicka"/>
	<tag k="addr:housenumber" v="43"/>
	<tag k="operator" v="PPHU MORITZ Marek Różycki"/>
	<tag k="operator:type" v="ngo"/>
	<tag k="tourism" v="museum"/>
	<tag k="source:tourism" v="Wykaz Muzeów, wypis na dzień 2026-04-09"/>
</node>
<node id="-596742557" lat="49.6938821" lon="21.766176" version="1" timestamp="2026-04-19T19:46:10.725980Z" action="modify"   >
	<tag k="name" v="Karpackie Muzeum Broni i Wyposażenia Wojskowego"/>
	<tag k="addr:postcode" v="38-400"/>
	<tag k="addr:city" v="Krosno"/>
	<tag k="addr:street" v="Rynek"/>
	<tag k="addr:housenumber" v="3"/>
	<tag k="operator" v="Fundacja STEN"/>
	<tag k="operator:type" v="ngo"/>
	<tag k="tourism" v="museum"/>
	<tag k="source:tourism" v="Wykaz Muzeów, wypis na dzień 2026-04-09"/>
</node>
<node id="-973848768" lat="52.6048" lon="18.79587" version="1" timestamp="2026-04-19T19:46:10.725980Z" action="modify"   >
	<tag k="name" v="Kujawskie Muzeum Oręża, Nauki i Techniki"/>
	<tag k="addr:postcode" v="87-880"/>
	<tag k="addr:city" v="Brześć Kujawski"/>
	<tag k="addr:street" v="Redecz Krukowy"/>
	<tag k="addr:housenumber" v="8A"/>
	<tag k="operator" v="Fundacja im. Janusza Borkowskiego Godne Życie na Kujawach"/>
	<tag k="operator:type" v="ngo"/>
	<tag k="tourism" v="museum"/>
	<tag k="source:tourism" v="Wykaz Muzeów, wypis na dzień 2026-04-09"/>
</node>
<node id="-815533407" lat="54.0821515" lon="21.5200804" version="1" timestamp="2026-04-19T19:46:10.725980Z" action="modify"   >
	<tag k="name" v="Mazurskie Muzeum Militariów"/>
	<tag k="addr:postcode" v="11-400"/>
	<tag k="addr:city" v="Kętrzyn"/>
	<tag k="addr:street" v="Parcz"/>
	<tag k="addr:housenumber" v="7"/>
	<tag k="operator" v="Fundacja Edukacji Historycznej ,,Park Militariów"/>
	<tag k="operator:type" v="ngo"/>
	<tag k="tourism" v="museum"/>
	<tag k="source:tourism" v="Wykaz Muzeów, wypis na dzień 2026-04-09"/>
</node>
<node id="-875600419" lat="52.2184722" lon="20.9934917" version="1" timestamp="2026-04-19T19:46:10.725980Z" action="modify"   >
	<tag k="name" v="Mobilne Muzeum Lotnictwa i Techniki w Warszawie"/>
	<tag k="addr:postcode" v="02-063"/>
	<tag k="addr:city" v="Warszawa"/>
	<tag k="addr:street" v="Górnickiego"/>
	<tag k="addr:housenumber" v="3"/>
	<tag k="operator" v="Fundacja Lot Classic J. Makula &Partnerzy"/>
	<tag k="operator:type" v="ngo"/>
	<tag k="tourism" v="museum"/>
	<tag k="source:tourism" v="Wykaz Muzeów, wypis na dzień 2026-04-09"/>
</node>
<node id="-624609689" lat="52.8616983" lon="14.3965564" version="1" timestamp="2026-04-19T19:46:10.725980Z" action="modify"   >
	<tag k="name" v="Muzeum Archeologiczno-Historyczne w Moryniu"/>
	<tag k="addr:postcode" v="70-504"/>
	<tag k="addr:city" v="Moryń"/>
	<tag k="addr:street" v="Jeziorna"/>
	<tag k="addr:housenumber" v="8"/>
	<tag k="operator" v="Towarzystwo Wszechstronnego Rozwoju COLLEGIUM"/>
	<tag k="operator:type" v="ngo"/>
	<tag k="tourism" v="museum"/>
	<tag k="source:tourism" v="Wykaz Muzeów, wypis na dzień 2026-04-09"/>
</node>
<node id="-83502859" lat="49.33603" lon="22.2873814" version="1" timestamp="2026-04-19T19:46:10.725980Z" action="modify"   >
	<tag k="name" v="Muzeum Architektury I Ikony Karpackiej w Baligrodzie"/>
	<tag k="addr:postcode" v="38-606"/>
	<tag k="addr:city" v="Baligród"/>
	<tag k="addr:street" v="Bieszczadzka"/>
	<tag k="addr:housenumber" v="1"/>
	<tag k="operator" v="Stowarzyszenie Ratowania Cerkwi w Baligrodzie"/>
	<tag k="operator:type" v="ngo"/>
	<tag k="tourism" v="museum"/>
	<tag k="source:tourism" v="Wykaz Muzeów, wypis na dzień 2026-04-09"/>
</node>
<node id="-758849127" lat="53.2719219" lon="16.4712116" version="1" timestamp="2026-04-19T19:46:10.725980Z" action="modify"   >
	<tag k="name" v="Muzeum ARMA BELLUM Moto - Armii Sp. z o.o."/>
	<tag k="addr:postcode" v="78-600"/>
	<tag k="addr:city" v="Wałcz"/>
	<tag k="addr:street" v="Kilińszczaków"/>
	<tag k="addr:housenumber" v="40B"/>
	<tag k="operator" v="Moto - Armia Sp. z o.o."/>
	<tag k="operator:type" v="ngo"/>
	<tag k="tourism" v="museum"/>
	<tag k="source:tourism" v="Wykaz Muzeów, wypis na dzień 2026-04-09"/>
</node>
<node id="-111080721" lat="53.3257145" lon="19.60188" version="1" timestamp="2026-04-19T19:46:10.725980Z" action="modify"   >
	<tag k="name" v="Muzeum Brodnickiej Grupy Eksploracyjno -Poszukiwawczej"/>
	<tag k="addr:postcode" v="87-313"/>
	<tag k="addr:city" v="Brzozie"/>
	<tag k="addr:housenumber" v="48"/>
	<tag k="operator" v="Stowarzyszenie Brodnicka Grupa Eksploracyjno - Poszukiwawcza"/>
	<tag k="operator:type" v="ngo"/>
	<tag k="tourism" v="museum"/>
	<tag k="source:tourism" v="Wykaz Muzeów, wypis na dzień 2026-04-09"/>
</node>
<node id="-246397636" lat="54.1907402" lon="16.182685" version="1" timestamp="2026-04-19T19:46:10.725980Z" action="modify"   >
	<tag k="name" v="Muzeum Broni Dawnej i Nowej Fundacji In Singulis Dextra"/>
	<tag k="addr:postcode" v="75-950"/>
	<tag k="addr:city" v="Koszalin"/>
	<tag k="addr:street" v="Rynek Staromiejski"/>
	<tag k="addr:housenumber" v="5"/>
	<tag k="operator" v="Fundacja In Singulis Dextra"/>
	<tag k="operator:type" v="ngo"/>
	<tag k="tourism" v="museum"/>
	<tag k="source:tourism" v="Wykaz Muzeów, wypis na dzień 2026-04-09"/>
</node>
<node id="-459511728" lat="54.1895203" lon="16.1795378" version="1" timestamp="2026-04-19T19:46:10.725980Z" action="modify"   >
	<tag k="name" v="Muzeum Broni Dawnej i Nowej Towarzystwa Strzeleckiego"/>
	<tag k="addr:postcode" v="75-038"/>
	<tag k="addr:city" v="Koszalin"/>
	<tag k="addr:street" v="Zwycięstwa"/>
	<tag k="addr:housenumber" v="46"/>
	<tag k="operator" v="Towarzystwo Strzeleckie z siedzibą w Koszalinie"/>
	<tag k="operator:type" v="ngo"/>
	<tag k="tourism" v="museum"/>
	<tag k="source:tourism" v="Wykaz Muzeów, wypis na dzień 2026-04-09"/>
</node>
<node id="-464611580" lat="53.7093995" lon="18.9570722" version="1" timestamp="2026-04-19T19:46:10.725980Z" action="modify"   >
	<tag k="name" v="Muzeum Broni i Sprzętu Wojskowego Kwidzyńskiego Stowarzyszenia Sportowo-Kolekcjonerskiego GWARD"/>
	<tag k="addr:postcode" v="82-500"/>
	<tag k="addr:city" v="Kwidzyn"/>
	<tag k="addr:street" v="Miłosna"/>
	<tag k="addr:housenumber" v="18"/>
	<tag k="operator" v="Kwidzyńskie Stowarzyszenie Sportowo-Kolekcjonerskie GWARD"/>
	<tag k="operator:type" v="ngo"/>
	<tag k="tourism" v="museum"/>
	<tag k="source:tourism" v="Wykaz Muzeów, wypis na dzień 2026-04-09"/>
</node>
<node id="-1038719402" lat="53.9211012" lon="19.347114" version="1" timestamp="2026-04-19T19:46:10.725980Z" action="modify"   >
	<tag k="name" v="Muzeum Broni i Sprzętu Wojskowego SIRGUNE"/>
	<tag k="addr:postcode" v="82-440"/>
	<tag k="addr:city" v="Dzierzgoń"/>
	<tag k="addr:street" v="Odrodzenia"/>
	<tag k="addr:housenumber" v="4"/>
	<tag k="operator" v="SALU Sp. z o.o."/>
	<tag k="operator:type" v="ngo"/>
	<tag k="tourism" v="museum"/>
	<tag k="source:tourism" v="Wykaz Muzeów, wypis na dzień 2026-04-09"/>
</node>
<node id="-474458383" lat="54.1805581" lon="15.5730827" version="1" timestamp="2026-04-19T19:46:10.725980Z" action="modify"   >
	<tag k="name" v="Muzeum Bursztynu"/>
	<tag k="addr:postcode" v="78-100"/>
	<tag k="addr:city" v="Kołobrzeg"/>
	<tag k="addr:street" v="Waryńskiego"/>
	<tag k="addr:housenumber" v="4"/>
	<tag k="operator" v="Sunstone sp.z o.o."/>
	<tag k="operator:type" v="ngo"/>
	<tag k="tourism" v="museum"/>
	<tag k="source:tourism" v="Wykaz Muzeów, wypis na dzień 2026-04-09"/>
</node>
<node id="-1072079870" lat="49.7261961" lon="18.8221088" version="1" timestamp="2026-04-19T19:46:10.725980Z" action="modify"   >
	<tag k="name" v="Muzeum Chirurgii i Sali Operacyjnej w Ustroniu"/>
	<tag k="addr:postcode" v="43-450"/>
	<tag k="addr:city" v="Ustroń"/>
	<tag k="addr:street" v="Szpitalna"/>
	<tag k="addr:housenumber" v="11"/>
	<tag k="operator" v="Śląski Szpital Reumatologiczno- Rehabilitacyjny w Ustroniu"/>
	<tag k="operator:type" v="ngo"/>
	<tag k="tourism" v="museum"/>
	<tag k="source:tourism" v="Wykaz Muzeów, wypis na dzień 2026-04-09"/>
</node>
<node id="-698604413" lat="51.700579" lon="22.209017" version="1" timestamp="2026-04-19T19:46:10.725980Z" action="modify"   >
	<tag k="name" v="Muzeum Czynu Bojowego Kleeberczyków w Woli Gułowskiej"/>
	<tag k="addr:postcode" v="21-481"/>
	<tag k="addr:city" v="Wola Gułowska"/>
	<tag k="addr:housenumber" v="68"/>
	<tag k="operator" v="Samorządowa instytucja kultury - Dom Kultury - Pomnik Czynu Bojowego Kleeberczyków w Woli Gułowskiej, dla której organizatorem jest Gmina Adamów"/>
	<tag k="operator:type" v="ngo"/>
	<tag k="tourism" v="museum"/>
	<tag k="source:tourism" v="Wykaz Muzeów, wypis na dzień 2026-04-09"/>
</node>
<node id="-842541267" lat="50.0815422" lon="20.0364942" version="1" timestamp="2026-04-19T19:46:10.725980Z" action="modify"   >
	<tag k="name" v="Muzeum Czynu Zbrojnego w Krakowie Nowej Hucie"/>
	<tag k="addr:postcode" v="31-961"/>
	<tag k="addr:city" v="Kraków"/>
	<tag k="addr:street" v="Górali"/>
	<tag k="addr:housenumber" v="23"/>
	<tag k="operator" v="Małopolska Fundacja Dom Kombatanta RP - Muzeum Czynu Zbrojnego"/>
	<tag k="operator:type" v="ngo"/>
	<tag k="tourism" v="museum"/>
	<tag k="source:tourism" v="Wykaz Muzeów, wypis na dzień 2026-04-09"/>
</node>
<node id="-28320299" lat="50.3096558" lon="20.3189551" version="1" timestamp="2026-04-19T19:46:10.725980Z" action="modify"   >
	<tag k="name" v="Muzeum Edukacji Pszczółki w Niezwojowicach"/>
	<tag k="addr:postcode" v="32-109"/>
	<tag k="addr:city" v="Pałecznica Niezwojowice"/>
	<tag k="addr:housenumber" v="23"/>
	<tag k="operator" v="Fundacja na rzecz Kultury Sztuki i Przyrody ,,Pszczółki"/>
	<tag k="operator:type" v="ngo"/>
	<tag k="tourism" v="museum"/>
	<tag k="source:tourism" v="Wykaz Muzeów, wypis na dzień 2026-04-09"/>
</node>
<node id="-3735419" lat="54.4017767" lon="18.6322907" version="1" timestamp="2026-04-19T19:46:10.725980Z" action="modify"   >
	<tag k="name" v="Muzeum Eksploracji Polskiej"/>
	<tag k="addr:postcode" v="80-518"/>
	<tag k="addr:city" v="Gdańsk"/>
	<tag k="addr:street" v="Gdańska"/>
	<tag k="addr:housenumber" v="21"/>
	<tag k="operator" v="Fundacja Na Rzecz Odzyskania Zaginionych Dzieł Sztuki LATEBRA"/>
	<tag k="operator:type" v="ngo"/>
	<tag k="tourism" v="museum"/>
	<tag k="source:tourism" v="Wykaz Muzeów, wypis na dzień 2026-04-09"/>
</node>
<node id="-1907792" lat="53.4832965" lon="18.8162714" version="1" timestamp="2026-04-19T19:46:10.725980Z" action="modify"   >
	<tag k="name" v="Muzeum Fort Wielka Księża Góra"/>
	<tag k="addr:postcode" v="86-302"/>
	<tag k="addr:city" v="Grudziądz"/>
	<tag k="addr:street" v="Wielkie Lniska"/>
	<tag k="addr:housenumber" v="22"/>
	<tag k="operator" v="Stowarzyszenie Fort Wielka Księża Góra"/>
	<tag k="operator:type" v="ngo"/>
	<tag k="tourism" v="museum"/>
	<tag k="source:tourism" v="Wykaz Muzeów, wypis na dzień 2026-04-09"/>
</node>

<node id="-227533700" lat="52.2281312" lon="20.9647993" version="1" timestamp="2026-04-19T19:46:10.725980Z" action="modify"   >
	<tag k="name" v="Muzeum Gazowni Warszawskiej w Warszawie"/>
	<tag k="addr:postcode" v="01-224"/>
	<tag k="addr:city" v="Warszawa"/>
	<tag k="addr:street" v="Marcina Kasprzaka"/>
	<tag k="addr:housenumber" v="25"/>
	<tag k="operator" v="Fundacja PGNiG S.A. im. Ignacego Łukasiewicza z siedzibą w Warszawie"/>
	<tag k="operator:type" v="ngo"/>
	<tag k="tourism" v="museum"/>
	<tag k="source:tourism" v="Wykaz Muzeów, wypis na dzień 2026-04-09"/>
</node>
<node id="-68762171" lat="52.2253682" lon="16.4378272" version="1" timestamp="2026-04-19T19:46:10.725980Z" action="modify"   >
	<tag k="name" v="Muzeum Grodziska Kolej Drezynowa"/>
	<tag k="addr:postcode" v="62-065"/>
	<tag k="addr:city" v="Ptaszkowo"/>
	<tag k="addr:housenumber" v="82"/>
	<tag k="operator" v="Stowarzyszenie Grodziska Kolej Drezynowa"/>
	<tag k="operator:type" v="ngo"/>
	<tag k="tourism" v="museum"/>
	<tag k="source:tourism" v="Wykaz Muzeów, wypis na dzień 2026-04-09"/>
</node>
<node id="-139600305" lat="54.6885871" lon="18.0485461" version="1" timestamp="2026-04-19T19:46:10.725980Z" action="modify"   >
	<tag k="name" v="Muzeum Gryfa Pomorskiego"/>
	<tag k="addr:postcode" v="84-251"/>
	<tag k="addr:city" v="Lisewo"/>
	<tag k="addr:housenumber" v="28"/>
	<tag k="operator" v="Militarni Team Sp. z o.o. z siedzibą w Gdyni"/>
	<tag k="operator:type" v="ngo"/>
	<tag k="tourism" v="museum"/>
	<tag k="source:tourism" v="Wykaz Muzeów, wypis na dzień 2026-04-09"/>
</node>
<node id="-546246982" lat="52.2280534" lon="21.0265631" version="1" timestamp="2026-04-19T19:46:10.725980Z" action="modify"   >
	<tag k="name" v="Muzeum Harcerstwa w Warszawie"/>
	<tag k="addr:postcode" v="00-491"/>
	<tag k="addr:city" v="Warszawa"/>
	<tag k="addr:street" v="Konopnickiej"/>
	<tag k="addr:housenumber" v="6"/>
	<tag k="operator" v="Związek Harcerstwa Polskiego"/>
	<tag k="operator:type" v="ngo"/>
	<tag k="tourism" v="museum"/>
	<tag k="source:tourism" v="Wykaz Muzeów, wypis na dzień 2026-04-09"/>
</node>
<node id="-523904680" lat="50.6666478" lon="17.9355385" version="1" timestamp="2026-04-19T19:46:10.725980Z" action="modify"   >
	<tag k="name" v="Muzeum Historii i Uzbrojenia w Opolu przy Stowarzyszeniu 10 Sudeckiej Dywizji Zmechanizowanej"/>
	<tag k="addr:postcode" v="45-063"/>
	<tag k="addr:city" v="Opole"/>
	<tag k="addr:street" v="Kościuszki"/>
	<tag k="addr:housenumber" v="45"/>
	<tag k="operator" v="Stowarzyszenie 10 Sudeckiej Dywizji Zmechanizowanej"/>
	<tag k="operator:type" v="ngo"/>
	<tag k="tourism" v="museum"/>
	<tag k="source:tourism" v="Wykaz Muzeów, wypis na dzień 2026-04-09"/>
</node>
<node id="-353433434" lat="53.106679" lon="17.8701775" version="1" timestamp="2026-04-19T19:46:10.725980Z" action="modify"   >
	<tag k="name" v="Muzeum Historii Obronności i Oręża Polskiego w Drzewcach"/>
	<tag k="addr:postcode" v="86-065"/>
	<tag k="addr:city" v="Drzewce"/>
	<tag k="addr:street" v="Drzewiecka"/>
	<tag k="addr:housenumber" v="15"/>
	<tag k="operator" v="Stowarzyszenie Kulturalno-Naukowe AWANGARDA w Drzewcach"/>
	<tag k="operator:type" v="ngo"/>
	<tag k="tourism" v="museum"/>
	<tag k="source:tourism" v="Wykaz Muzeów, wypis na dzień 2026-04-09"/>
</node>
<node id="-500643154" lat="52.2282214" lon="21.3561606" version="1" timestamp="2026-04-19T19:46:10.725980Z" action="modify"   >
	<tag k="name" v="Muzeum Historyczne im. 7 Pułku Lansjerów Nadwiślańskich"/>
	<tag k="addr:postcode" v="05-074"/>
	<tag k="addr:city" v="Halinów"/>
	<tag k="addr:street" v="Okuniewska"/>
	<tag k="addr:housenumber" v="114"/>
	<tag k="operator" v="Stowarzyszenie Historyczno – Edukacyjne im. 7 Pułku Lansjerów Nadwiślańskich"/>
	<tag k="operator:type" v="ngo"/>
	<tag k="tourism" v="museum"/>
	<tag k="source:tourism" v="Wykaz Muzeów, wypis na dzień 2026-04-09"/>
</node>

<node id="-392543502" lat="50.3531638" lon="18.9281374" version="1" timestamp="2026-04-19T19:46:10.725980Z" action="modify"   >
	<tag k="name" v="Muzeum Historyczne w Bytomiu"/>
	<tag k="addr:postcode" v="41-902"/>
	<tag k="addr:city" v="Bytom"/>
	<tag k="addr:street" v="Prusa"/>
	<tag k="addr:housenumber" v="14"/>
	<tag k="operator" v="Fundacja im. Mieczysława Dumnickiego"/>
	<tag k="operator:type" v="ngo"/>
	<tag k="tourism" v="museum"/>
	<tag k="source:tourism" v="Wykaz Muzeów, wypis na dzień 2026-04-09"/>
</node>
<node id="-453590525" lat="50.260255" lon="19.0891003" version="1" timestamp="2026-04-19T19:46:10.725980Z" action="modify"   >
	<tag k="name" v="Muzeum Hutnictwa Cynku - Walcownia"/>
	<tag k="addr:postcode" v="40-387"/>
	<tag k="addr:city" v="Katowice"/>
	<tag k="addr:street" v="11 Listopada"/>
	<tag k="addr:housenumber" v="50"/>
	<tag k="operator" v="Fundacja Ochrony Dziedzictwa Przemysłowego Śląska"/>
	<tag k="operator:type" v="ngo"/>
	<tag k="tourism" v="museum"/>
	<tag k="source:tourism" v="Wykaz Muzeów, wypis na dzień 2026-04-09"/>
</node>
<node id="-429527493" lat="50.676831" lon="18.2133141" version="1" timestamp="2026-04-19T19:46:10.725980Z" action="modify"   >
	<tag k="name" v="Muzeum Hutnictwa Doliny Małej Panwi"/>
	<tag k="addr:postcode" v="46-040"/>
	<tag k="addr:city" v="Ozimek"/>
	<tag k="addr:street" v="Hutnicza"/>
	<tag k="addr:housenumber" v="1"/>
	<tag k="operator" v="Stowarzyszenie Dolina Małej Panwi"/>
	<tag k="operator:type" v="ngo"/>
	<tag k="tourism" v="museum"/>
	<tag k="source:tourism" v="Wykaz Muzeów, wypis na dzień 2026-04-09"/>
</node>
<node id="-449153418" lat="50.6970574" lon="21.7470168" version="1" timestamp="2026-04-19T19:46:10.725980Z" action="modify"   >
	<tag k="name" v="Muzeum Broni Dawnej i Nowej w Sandomierzu Fundacji im. Żołnierzy Wyklętych"/>
	<tag k="addr:postcode" v="27-600"/>
	<tag k="addr:city" v="Sandomierz"/>
	<tag k="addr:street" v="Doktora Feliksa Milberta 8"/>
	<tag k="addr:housenumber" v="41"/>
	<tag k="operator" v="Fundacja im. Żołnierzy Wyklętych"/>
	<tag k="operator:type" v="ngo"/>
	<tag k="tourism" v="museum"/>
	<tag k="source:tourism" v="Wykaz Muzeów, wypis na dzień 2026-04-09"/>
</node>
<node id="-594009733" lat="50.4418049" lon="18.8565838" version="1" timestamp="2026-04-19T19:46:10.725980Z" action="modify"   >
	<tag k="name" v="Muzeum Instytutu Tarnogórskiego"/>
	<tag k="addr:postcode" v="42-600"/>
	<tag k="addr:city" v="Tarnowskie Góry"/>
	<tag k="addr:street" v="Ligonia"/>
	<tag k="addr:housenumber" v="7"/>
	<tag k="operator" v="Instytut Tarnogórski i Muzeum"/>
	<tag k="operator:type" v="ngo"/>
	<tag k="tourism" v="museum"/>
	<tag k="source:tourism" v="Wykaz Muzeów, wypis na dzień 2026-04-09"/>
</node>
<node id="-766172684" lat="54.40798" lon="18.24077" version="1" timestamp="2026-04-19T19:46:10.725980Z" action="modify"   >
	<tag k="name" v="Muzeum Kaszubskie Kamienie"/>
	<tag k="addr:postcode" v="83-304"/>
	<tag k="addr:city" v="Przodkowo"/>
	<tag k="addr:street" v="Kawle Dolne"/>
	<tag k="addr:housenumber" v="88"/>
	<tag k="operator" v="Fundacja Kaszubkie Kamienie"/>
	<tag k="operator:type" v="ngo"/>
	<tag k="tourism" v="museum"/>
	<tag k="source:tourism" v="Wykaz Muzeów, wypis na dzień 2026-04-09"/>
</node>
<node id="-223233916" lat="51.247638" lon="22.5445419" version="1" timestamp="2026-04-19T19:46:10.725980Z" action="modify"   >
	<tag k="name" v="Muzeum Katolickiego Uniwersytetu Lubelskiego Jana Pawła II"/>
	<tag k="addr:postcode" v="20-950"/>
	<tag k="addr:city" v="Lublin"/>
	<tag k="addr:street" v="Racławickie"/>
	<tag k="addr:housenumber" v="14"/>
	<tag k="operator" v="Katolicki Uniwersytet Lubelski Jana Pawła II"/>
	<tag k="operator:type" v="ngo"/>
	<tag k="tourism" v="museum"/>
	<tag k="source:tourism" v="Wykaz Muzeów, wypis na dzień 2026-04-09"/>
</node>
<node id="-705818727" lat="50.5921295" lon="22.0419443" version="1" timestamp="2026-04-19T19:46:10.725980Z" action="modify"   >
	<tag k="name" v="Muzeum Kierownictwa Dywersji Armii Krajowej w Stalowej Woli - Rozwadowie"/>
	<tag k="addr:postcode" v="37-464"/>
	<tag k="addr:city" v="Stalowa Wola"/>
	<tag k="addr:street" v="Stanisława Bełżyńskiego"/>
	<tag k="addr:housenumber" v="18"/>
	<tag k="operator" v="Fundacja KEDYW"/>
	<tag k="operator:type" v="ngo"/>
	<tag k="tourism" v="museum"/>
	<tag k="source:tourism" v="Wykaz Muzeów, wypis na dzień 2026-04-09"/>
</node>
<node id="-28820993" lat="51.7644259" lon="19.5113673" version="1" timestamp="2026-04-19T19:46:10.725980Z" action="modify"   >
	<tag k="name" v="Muzeum Klubu Sportowego Widzew Łódź w Łodzi"/>
	<tag k="addr:postcode" v="92-230"/>
	<tag k="addr:city" v="Łódź"/>
	<tag k="addr:street" v="Marszałka Józefa Piłsudskiego"/>
	<tag k="addr:housenumber" v="138"/>
	<tag k="operator" v="Stowarzyszenie Reaktywacja Tradycji Sportowych Widzew Łódź"/>
	<tag k="operator:type" v="ngo"/>
	<tag k="tourism" v="museum"/>
	<tag k="source:tourism" v="Wykaz Muzeów, wypis na dzień 2026-04-09"/>
</node>
<node id="-801459980" lat="53.1751458" lon="18.0562174" version="1" timestamp="2026-04-19T19:46:10.725980Z" action="modify"   >
	<tag k="name" v="Muzeum Komputerów I Konsol w Osielsku"/>
	<tag k="addr:postcode" v="86-031"/>
	<tag k="addr:city" v="Osielsko, Myślęcinek"/>
	<tag k="addr:street" v="Bielska"/>
	<tag k="addr:housenumber" v="1"/>
	<tag k="operator" v="Fundacja Dookoła Świata"/>
	<tag k="operator:type" v="ngo"/>
	<tag k="tourism" v="museum"/>
	<tag k="source:tourism" v="Wykaz Muzeów, wypis na dzień 2026-04-09"/>
</node>
<node id="-377810504" lat="51.1139517" lon="17.0365482" version="1" timestamp="2026-04-19T19:46:10.725980Z" action="modify"   >
	<tag k="name" v="Muzeum Książąt Lubomirskich"/>
	<tag k="addr:postcode" v="50-139"/>
	<tag k="addr:city" v="Wrocław"/>
	<tag k="addr:street" v="Szewska"/>
	<tag k="addr:housenumber" v="37"/>
	<tag k="operator" v="Zakład Narodowy im. Ossolińskich"/>
	<tag k="operator:type" v="ngo"/>
	<tag k="tourism" v="museum"/>
	<tag k="source:tourism" v="Wykaz Muzeów, wypis na dzień 2026-04-09"/>
</node>
<node id="-370059567" lat="50.9154441" lon="16.4359783" version="1" timestamp="2026-04-19T19:46:10.725980Z" action="modify"   >
	<tag k="name" v="Muzeum Kolejnictwa na Śląsku"/>
	<tag k="addr:postcode" v="58-140"/>
	<tag k="addr:city" v="Jaworzyna Śląska"/>
	<tag k="addr:street" v="Towarowa"/>
	<tag k="addr:housenumber" v="4"/>
	<tag k="operator" v="Fundacja Ochrony Dziedzictwa Przemysłowego Śląska"/>
	<tag k="operator:type" v="ngo"/>
	<tag k="tourism" v="museum"/>
	<tag k="source:tourism" v="Wykaz Muzeów, wypis na dzień 2026-04-09"/>
</node>
<node id="-642518736" lat="52.2418045" lon="21.0027365" version="1" timestamp="2026-04-19T19:46:10.725980Z" action="modify"   >
	<tag k="name" v="Muzeum Kolekcji im. Jana Pawła II Fundacji Carroll-Porczyńskich w Warszawie"/>
	<tag k="addr:postcode" v="00-139"/>
	<tag k="addr:city" v="Warszawa"/>
	<tag k="addr:street" v="Bankowy"/>
	<tag k="addr:housenumber" v="1"/>
	<tag k="operator" v="Fundacja Arteks i Konferencja Episkopatu Polski"/>
	<tag k="operator:type" v="ngo"/>
	<tag k="tourism" v="museum"/>
	<tag k="source:tourism" v="Wykaz Muzeów, wypis na dzień 2026-04-09"/>
</node>
<node id="-967329667" lat="52.2745714" lon="21.0248344" version="1" timestamp="2026-04-19T19:46:10.725980Z" action="modify"   >
	<tag k="name" v="Muzeum Komunikacji w Warszawie"/>
	<tag k="addr:postcode" v="03-309"/>
	<tag k="addr:city" v="Warszawa"/>
	<tag k="addr:street" v="Pożarowa"/>
	<tag k="addr:housenumber" v="2"/>
	<tag k="operator" v="Fundacja Heredis"/>
	<tag k="operator:type" v="ngo"/>
	<tag k="tourism" v="museum"/>
	<tag k="source:tourism" v="Wykaz Muzeów, wypis na dzień 2026-04-09"/>
</node>
<node id="-911088483" lat="49.5504996" lon="18.9251316" version="1" timestamp="2026-04-19T19:46:10.725980Z" action="modify"   >
	<tag k="name" v="Muzeum Koronki Koniakowskiej w Koniakowie"/>
	<tag k="addr:postcode" v="43-474"/>
	<tag k="addr:city" v="Koniaków"/>
	<tag k="addr:street" v="Koniaków"/>
	<tag k="addr:housenumber" v="704"/>
	<tag k="operator" v="Fundacja Koronki Koniakowskiej"/>
	<tag k="operator:type" v="ngo"/>
	<tag k="tourism" v="museum"/>
	<tag k="source:tourism" v="Wykaz Muzeów, wypis na dzień 2026-04-09"/>
</node>
<node id="-149970411" lat="51.7530431" lon="19.4777577" version="1" timestamp="2026-04-19T19:46:10.725980Z" action="modify"   >
	<tag k="name" v="Muzeum Książki Artystycznej w Łodzi"/>
	<tag k="addr:postcode" v="90-349"/>
	<tag k="addr:city" v="Łódź"/>
	<tag k="addr:street" v="Tymienieckiego"/>
	<tag k="addr:housenumber" v="24"/>
	<tag k="operator" v="Fundacja Correspondance des Arts"/>
	<tag k="operator:type" v="ngo"/>
	<tag k="tourism" v="museum"/>
	<tag k="source:tourism" v="Wykaz Muzeów, wypis na dzień 2026-04-09"/>
</node>
<node id="-489588455" lat="49.4604069" lon="21.694059" version="1" timestamp="2026-04-19T19:46:10.725980Z" action="modify"   >
	<tag k="name" v="Muzeum Kultury Łemkowskiej w Zyndranowej"/>
	<tag k="addr:postcode" v="38-454"/>
	<tag k="addr:city" v="Tylawa"/>
	<tag k="addr:street" v="Zyndranowa"/>
	<tag k="addr:housenumber" v="1"/>
	<tag k="operator" v="Towarzystwo na Rzecz Rozwoju Muzeum Kultury Łemkowskiej"/>
	<tag k="operator:type" v="ngo"/>
	<tag k="tourism" v="museum"/>
	<tag k="source:tourism" v="Wykaz Muzeów, wypis na dzień 2026-04-09"/>
</node>
<node id="-972476752" lat="51.9323418" lon="15.5011941" version="1" timestamp="2026-04-19T19:46:10.725980Z" action="modify"   >
	<tag k="name" v="Muzeum Lokalne Kolejki Szprotawskiej w Zielonej Górze"/>
	<tag k="addr:postcode" v="65-462"/>
	<tag k="addr:city" v="Zielona Góra"/>
	<tag k="addr:street" v="Ogrodowa"/>
	<tag k="addr:housenumber" v="3c"/>
	<tag k="operator" v="Polskie Towarzystwo Krajoznawcze"/>
	<tag k="operator:type" v="ngo"/>
	<tag k="tourism" v="museum"/>
	<tag k="source:tourism" v="Wykaz Muzeów, wypis na dzień 2026-04-09"/>
</node>
<node id="-638008675" lat="54.151291" lon="15.3427569" version="1" timestamp="2026-04-19T19:46:10.725980Z" action="modify"   >
	<tag k="name" v="Muzeum Lotnictwa i Techniki Militarnej w Rogowie"/>
	<tag k="addr:postcode" v="72-330"/>
	<tag k="addr:city" v="Rogowo,"/>
	<tag k="addr:street" v="Rogowo"/>
	<tag k="addr:housenumber" v="376"/>
	<tag k="operator" v="Fundacja na rzecz Ochrony Zabytków militarnych i propagowania sportów lotniczych ,,Fort-Rogowo z siedzibą w Rogowie"/>
	<tag k="operator:type" v="ngo"/>
	<tag k="tourism" v="museum"/>
	<tag k="source:tourism" v="Wykaz Muzeów, wypis na dzień 2026-04-09"/>
</node>
<node id="-199576519" lat="53.7727089" lon="15.7692138" version="1" timestamp="2026-04-19T19:46:10.725980Z" action="modify"   >
	<tag k="name" v="Muzeum Lotnictwa Ziemi Świdwińskiej"/>
	<tag k="addr:postcode" v="78-300"/>
	<tag k="addr:city" v="Świdwin"/>
	<tag k="addr:street" v="Niedziałkowskiego"/>
	<tag k="addr:housenumber" v="17"/>
	<tag k="operator" v="Stowarzyszenie Przyjaciół Lotniska Wojskowego Świdwin z siedzibą w Świdwinie"/>
	<tag k="operator:type" v="ngo"/>
	<tag k="tourism" v="museum"/>
	<tag k="source:tourism" v="Wykaz Muzeów, wypis na dzień 2026-04-09"/>
</node>

<node id="-767763205" lat="52.0433745" lon="20.5910495" version="1" timestamp="2026-04-19T19:46:10.725980Z" action="modify"   >
	<tag k="name" v="Muzeum Lwowa i Kresów Południowo-Wschodnich"/>
	<tag k="addr:postcode" v="96-325"/>
	<tag k="addr:city" v="Radziejowice"/>
	<tag k="addr:street" v="Kuklówka Radziejowicka"/>
	<tag k="addr:housenumber" v="23A"/>
	<tag k="operator" v="Fundacja Lwów i Kresy Południowo-Wschodnie"/>
	<tag k="operator:type" v="ngo"/>
	<tag k="tourism" v="museum"/>
	<tag k="source:tourism" v="Wykaz Muzeów, wypis na dzień 2026-04-09"/>
</node>
<node id="-198194609" lat="51.4115513" lon="19.6634795" version="1" timestamp="2026-04-19T19:46:10.725980Z" action="modify"   >
	<tag k="name" v="Muzeum Marcepanów w Piotrkowie Trybunalskim"/>
	<tag k="addr:postcode" v="97-300"/>
	<tag k="addr:city" v="Piotrków Trybunalski"/>
	<tag k="addr:street" v="Słowackiego"/>
	<tag k="addr:housenumber" v="116"/>
	<tag k="operator" v="Piotrkowskie Bractwo Akademickie im. Zygmunta I Starego"/>
	<tag k="operator:type" v="ngo"/>
	<tag k="tourism" v="museum"/>
	<tag k="source:tourism" v="Wykaz Muzeów, wypis na dzień 2026-04-09"/>
</node>
<node id="-830926000" lat="51.7101397" lon="18.6252857" version="1" timestamp="2026-04-19T19:46:10.725980Z" action="modify"   >
	<tag k="name" v="Muzeum Miasta i Rzeki Warty przy Oddziale PTTK im. dr E. Kaleniewicz w Warcie"/>
	<tag k="addr:postcode" v="98-290"/>
	<tag k="addr:city" v="Warta"/>
	<tag k="addr:street" v="20 stycznia"/>
	<tag k="addr:housenumber" v="26"/>
	<tag k="operator" v="Oddział Polskiego Towarzystwa Turystyczno – Krajoznawczego im. dr Eugenii Kaleniewicz w Warcie"/>
	<tag k="operator:type" v="ngo"/>
	<tag k="tourism" v="museum"/>
	<tag k="source:tourism" v="Wykaz Muzeów, wypis na dzień 2026-04-09"/>
</node>
<node id="-589837413" lat="52.1811013" lon="20.8458709" version="1" timestamp="2026-04-19T19:46:10.725980Z" action="modify"   >
	<tag k="name" v="Muzeum Miasta Piastowa w Piastowie"/>
	<tag k="addr:postcode" v="05-820"/>
	<tag k="addr:city" v="Piastów"/>
	<tag k="addr:street" v="11 Listopada"/>
	<tag k="addr:housenumber" v="8"/>
	<tag k="operator" v="Piastowskie Archiwum Miejskie"/>
	<tag k="operator:type" v="ngo"/>
	<tag k="tourism" v="museum"/>
	<tag k="source:tourism" v="Wykaz Muzeów, wypis na dzień 2026-04-09"/>
</node>
<node id="-674569487" lat="54.2899029" lon="20.4882907" version="1" timestamp="2026-04-19T19:46:10.725980Z" action="modify"   >
	<tag k="name" v="Muzeum Miejskie w Górowie Iławeckim"/>
	<tag k="addr:postcode" v="11-220"/>
	<tag k="addr:city" v="Górowo Iławeckie"/>
	<tag k="addr:street" v="Sikorskiego"/>
	<tag k="addr:housenumber" v="19"/>
	<tag k="operator" v="Stowarzyszenie Historyczno – Kolekcjonerskie Ziemi Górowskiej ,,DREYSE"/>
	<tag k="operator:type" v="ngo"/>
	<tag k="tourism" v="museum"/>
	<tag k="source:tourism" v="Wykaz Muzeów, wypis na dzień 2026-04-09"/>
</node>
<node id="-968702574" lat="49.9860549" lon="18.9474121" version="1" timestamp="2026-04-19T19:46:10.725980Z" action="modify"   >
	<tag k="name" v="Muzeum Militarnych Dziejów Śląska w Pszczynie"/>
	<tag k="addr:postcode" v="43-200"/>
	<tag k="addr:city" v="Pszczyna"/>
	<tag k="addr:street" v="Katowicka"/>
	<tag k="addr:housenumber" v="1"/>
	<tag k="operator" v=",,PRO MEMORIA Stowarzyszenie Bitwy pod Pszczyną 1939"/>
	<tag k="operator:type" v="ngo"/>
	<tag k="tourism" v="museum"/>
	<tag k="source:tourism" v="Wykaz Muzeów, wypis na dzień 2026-04-09"/>
</node>
<node id="-378658181" lat="54.7203437" lon="18.4023517" version="1" timestamp="2026-04-19T19:46:10.725980Z" action="modify"   >
	<tag k="name" v="Muzeum Morskiego Dywizjonu Lotniczego w Pucku"/>
	<tag k="addr:postcode" v="84-100"/>
	<tag k="addr:city" v="Puck"/>
	<tag k="addr:street" v="10 Lutego"/>
	<tag k="addr:housenumber" v="36"/>
	<tag k="operator" v="Stowarzyszenie Historyczne Morskiego Dywizjonu Lotniczego w Pucku"/>
	<tag k="operator:type" v="ngo"/>
	<tag k="tourism" v="museum"/>
	<tag k="source:tourism" v="Wykaz Muzeów, wypis na dzień 2026-04-09"/>
</node>
<node id="-167431355" lat="49.8555791" lon="19.3436756" version="1" timestamp="2026-04-19T19:46:10.725980Z" action="modify"   >
	<tag k="name" v="Muzeum Motoryzacji i techniki w Roczynach"/>
	<tag k="addr:postcode" v="34-120"/>
	<tag k="addr:city" v="Andrychów"/>
	<tag k="addr:street" v="Sadowa (w miejscowości Roczyny)"/>
	<tag k="addr:housenumber" v="21"/>
	<tag k="operator" v="STALVEN Spółka z ograniczoną odpowiedzialnością"/>
	<tag k="operator:type" v="ngo"/>
	<tag k="tourism" v="museum"/>
	<tag k="source:tourism" v="Wykaz Muzeów, wypis na dzień 2026-04-09"/>
</node>
<node id="-555843354" lat="51.2488675" lon="22.5102064" version="1" timestamp="2026-04-19T19:46:10.725980Z" action="modify"   >
	<tag k="name" v="Muzeum Motoryzacji w Lublinie"/>
	<tag k="addr:postcode" v="20-704"/>
	<tag k="addr:city" v="Lublin"/>
	<tag k="addr:street" v="Skromna"/>
	<tag k="addr:housenumber" v="5"/>
	<tag k="operator" v="Fundacja Niepodległości"/>
	<tag k="operator:type" v="ngo"/>
	<tag k="tourism" v="museum"/>
	<tag k="source:tourism" v="Wykaz Muzeów, wypis na dzień 2026-04-09"/>
</node>
<node id="-615332354" lat="51.4122597" lon="21.9591391" version="1" timestamp="2026-04-19T19:46:10.725980Z" action="modify"   >
	<tag k="name" v="Muzeum Nauk Rolniczych im. Książąt Czartoryskich w Puławach"/>
	<tag k="addr:postcode" v="24-100"/>
	<tag k="addr:city" v="Puławy"/>
	<tag k="addr:street" v="Czartoryskich"/>
	<tag k="addr:housenumber" v="8"/>
	<tag k="operator" v="Instytut Uprawy Nawożenia i Gleboznawstwa – Państwowy Instytut Badawczy w Puławach"/>
	<tag k="operator:type" v="ngo"/>
	<tag k="tourism" v="museum"/>
	<tag k="source:tourism" v="Wykaz Muzeów, wypis na dzień 2026-04-09"/>
</node>
<node id="-484498616" lat="51.9548089" lon="20.1236242" version="1" timestamp="2026-04-19T19:46:10.725980Z" action="modify"   >
	<tag k="name" v="Muzeum Nalewki Łódzkiej"/>
	<tag k="addr:city" v="Łódź"/>
	<tag k="addr:street" v="Nowomiejska"/>
	<tag k="addr:housenumber" v="14"/>
	<tag k="operator" v="MRT Philosophy sp. z o.o."/>
	<tag k="operator:type" v="ngo"/>
	<tag k="tourism" v="museum"/>
	<tag k="source:tourism" v="Wykaz Muzeów, wypis na dzień 2026-04-09"/>
</node>
<node id="-519247590" lat="54.6318914" lon="18.7853897" version="1" timestamp="2026-04-19T19:46:10.725980Z" action="modify"   >
	<tag k="name" v="Muzeum Obrony Wybrzeża"/>
	<tag k="addr:postcode" v="84-150"/>
	<tag k="addr:city" v="Hel"/>
	<tag k="addr:street" v="Helska"/>
	<tag k="addr:housenumber" v="16"/>
	<tag k="operator" v="Stowarzyszenie ,,Przyjaciele Helu, Sekcja Zabytków Militarnych"/>
	<tag k="operator:type" v="ngo"/>
	<tag k="tourism" v="museum"/>
	<tag k="source:tourism" v="Wykaz Muzeów, wypis na dzień 2026-04-09"/>
</node>
<node id="-1067235870" lat="51.6874727" lon="21.3270834" version="1" timestamp="2026-04-19T19:46:10.725980Z" action="modify"   >
	<tag k="name" v="Muzeum Oręża Polskiego im. 1. Brygady Pancernej im. Bohaterów Westerplatte"/>
	<tag k="addr:postcode" v="26-903"/>
	<tag k="addr:city" v="Głowaczów"/>
	<tag k="addr:street" v="Studzianki Pancerne"/>
	<tag k="addr:housenumber" v="14"/>
	<tag k="operator" v="Fundacja Obrońców Ojczyzny ,,Pancerze i Skrzydła"/>
	<tag k="operator:type" v="ngo"/>
	<tag k="tourism" v="museum"/>
	<tag k="source:tourism" v="Wykaz Muzeów, wypis na dzień 2026-04-09"/>
</node>
<node id="-258912560" lat="50.0718469" lon="19.9369768" version="1" timestamp="2026-04-19T19:46:10.725980Z" action="modify"   >
	<tag k="name" v="Muzeum Otwarta Twierdza-Otwarte Rozproszone Ekomuzeum Cywilizacji i Wojny XIX i XX wieku"/>
	<tag k="addr:postcode" v="31-153"/>
	<tag k="addr:city" v="Kraków"/>
	<tag k="addr:street" v="Szlak"/>
	<tag k="addr:housenumber" v="26"/>
	<tag k="operator" v="Fundacja Aktywnej Ochrony Zabytków, Techniki i Dziedzictwa Kulturowego Janus"/>
	<tag k="operator:type" v="ngo"/>
	<tag k="tourism" v="museum"/>
	<tag k="source:tourism" v="Wykaz Muzeów, wypis na dzień 2026-04-09"/>
</node>
<node id="-680135915" lat="50.6928535" lon="17.3058636" version="1" timestamp="2026-04-19T19:46:10.725980Z" action="modify"   >
	<tag k="name" v="Muzeum Pałac Sulisław"/>
	<tag k="addr:postcode" v="49-200"/>
	<tag k="addr:city" v="Sulisław"/>
	<tag k="addr:street" v="Sulisław"/>
	<tag k="addr:housenumber" v="24"/>
	<tag k="operator" v="BJ Sp. zo.o."/>
	<tag k="operator:type" v="ngo"/>
	<tag k="tourism" v="museum"/>
	<tag k="source:tourism" v="Wykaz Muzeów, wypis na dzień 2026-04-09"/>
</node>
<node id="-72510212" lat="51.3990989" lon="21.1501323" version="1" timestamp="2026-04-19T19:46:10.725980Z" action="modify"   >
	<tag k="name" v="Muzeum Pamiątek Turystycznych PTTK w Radomiu"/>
	<tag k="addr:postcode" v="26-610"/>
	<tag k="addr:city" v="Radom"/>
	<tag k="addr:street" v="Traugutta"/>
	<tag k="addr:housenumber" v="46"/>
	<tag k="operator" v="Zarząd Oddziału Miejskiego PTTK w Radomiu"/>
	<tag k="operator:type" v="ngo"/>
	<tag k="tourism" v="museum"/>
	<tag k="source:tourism" v="Wykaz Muzeów, wypis na dzień 2026-04-09"/>
</node>
<node id="-402051550" lat="53.4347756" lon="14.5578005" version="1" timestamp="2026-04-19T19:46:10.725980Z" action="modify"   >
	<tag k="name" v="Muzeum Pamięci Narodowej Kobiet Polskich w Szczecinie"/>
	<tag k="addr:postcode" v="71-612"/>
	<tag k="addr:city" v="Szczecin"/>
	<tag k="addr:street" v="Malczewskiego"/>
	<tag k="addr:housenumber" v="35"/>
	<tag k="operator" v="Fundacja Oleander"/>
	<tag k="operator:type" v="ngo"/>
	<tag k="tourism" v="museum"/>
	<tag k="source:tourism" v="Wykaz Muzeów, wypis na dzień 2026-04-09"/>
</node>
<node id="-537491266" lat="52.2453217" lon="21.0062751" version="1" timestamp="2026-04-19T19:46:10.725980Z" action="modify"   >
	<tag k="name" v="Muzeum Pamięci Powstania Warszawskiego"/>
	<tag k="addr:postcode" v="00-084"/>
	<tag k="addr:city" v="Warszawa"/>
	<tag k="addr:street" v="Daniłowiczowska"/>
	<tag k="addr:housenumber" v="18b"/>
	<tag k="operator" v="Stowarzyszenie Grupa Historyczna Zgrupowanie Radosław"/>
	<tag k="operator:type" v="ngo"/>
	<tag k="tourism" v="museum"/>
	<tag k="source:tourism" v="Wykaz Muzeów, wypis na dzień 2026-04-09"/>
</node>
<node id="-186630560" lat="52.096744" lon="21.1365923" version="1" timestamp="2026-04-19T19:46:10.725980Z" action="modify"   >
	<tag k="name" v="Muzeum Papiernictwa w Dawnej Królewskiej Fabryce Papieru w Konstancinie-Jeziornie"/>
	<tag k="addr:postcode" v="05-520"/>
	<tag k="addr:city" v="Konstancin -Jeziorna"/>
	<tag k="addr:street" v="Mirkowska"/>
	<tag k="addr:housenumber" v="45"/>
	<tag k="operator" v="Konstans Sp. z o.o."/>
	<tag k="operator:type" v="ngo"/>
	<tag k="tourism" v="museum"/>
	<tag k="source:tourism" v="Wykaz Muzeów, wypis na dzień 2026-04-09"/>
</node>
<node id="-999088824" lat="51.2488675" lon="22.5102064" version="1" timestamp="2026-04-19T19:46:10.725980Z" action="modify"   >
	<tag k="name" v="Muzeum Polskich Sił Zbrojnych w Lublinie"/>
	<tag k="addr:postcode" v="20-704"/>
	<tag k="addr:city" v="Lublin"/>
	<tag k="addr:street" v="Skromna"/>
	<tag k="addr:housenumber" v="5"/>
	<tag k="operator" v="Fundacja Niepodległości"/>
	<tag k="operator:type" v="ngo"/>
	<tag k="tourism" v="museum"/>
	<tag k="source:tourism" v="Wykaz Muzeów, wypis na dzień 2026-04-09"/>
</node>
<node id="-944052642" lat="54.32612" lon="18.32139" version="1" timestamp="2026-04-19T19:46:10.725980Z" action="modify"   >
	<tag k="name" v="Muzeum Polskiego Czynu Zbrojnego w Armiach Sprzymierzonych"/>
	<tag k="addr:postcode" v="83-330"/>
	<tag k="addr:city" v="Borkowo"/>
	<tag k="addr:street" v="Kartuska"/>
	<tag k="addr:housenumber" v="65"/>
	<tag k="operator" v="Fundacja Muzeum Polskiego Czynu Zbrojnego Armii Sprzymierzonych ,,ALLIANT"/>
	<tag k="operator:type" v="ngo"/>
	<tag k="tourism" v="museum"/>
	<tag k="source:tourism" v="Wykaz Muzeów, wypis na dzień 2026-04-09"/>
</node>

<node id="-408439202" lat="51.7957499" lon="18.003186" version="1" timestamp="2026-04-19T19:46:10.725980Z" action="modify"   >
	<tag k="name" v="Muzeum Poszukiwaczy Śladów Historii DENAR"/>
	<tag k="addr:postcode" v="62-811"/>
	<tag k="addr:city" v="Kościelna Wieś"/>
	<tag k="addr:street" v="Łęgowa"/>
	<tag k="addr:housenumber" v="1g"/>
	<tag k="operator" v="Kaliskie Stowarzyszenie Poszukiwaczy Śladów Historii DENAR"/>
	<tag k="operator:type" v="ngo"/>
	<tag k="tourism" v="museum"/>
	<tag k="source:tourism" v="Wykaz Muzeów, wypis na dzień 2026-04-09"/>
</node>
<node id="-673773492" lat="50.9829785" lon="17.0018739" version="1" timestamp="2026-04-19T19:46:10.725980Z" action="modify"   >
	<tag k="name" v="Muzeum Powozów Galowice"/>
	<tag k="addr:postcode" v="55-020"/>
	<tag k="addr:city" v="Żórawina, Galowice"/>
	<tag k="addr:street" v="Leśna"/>
	<tag k="addr:housenumber" v="5"/>
	<tag k="operator" v="Fundacja ,,Gallen"/>
	<tag k="operator:type" v="ngo"/>
	<tag k="tourism" v="museum"/>
	<tag k="source:tourism" v="Wykaz Muzeów, wypis na dzień 2026-04-09"/>
</node>
<node id="-125815409" lat="52.4270593" lon="20.7364263" version="1" timestamp="2026-04-19T19:46:10.725980Z" action="modify"   >
	<tag k="name" v="Muzeum PRL-u i Historii Miasta Nowy Dwór Mazowiecki"/>
	<tag k="addr:postcode" v="05-100"/>
	<tag k="addr:city" v="Nowy Dwór Mazowiecki"/>
	<tag k="addr:street" v="Nowołęczna"/>
	<tag k="addr:housenumber" v="2"/>
	<tag k="operator" v="Fundacja dla Muzeum PRL-u i Historii Miasta Nowy Dwór Mazowiecki"/>
	<tag k="operator:type" v="ngo"/>
	<tag k="tourism" v="museum"/>
	<tag k="source:tourism" v="Wykaz Muzeów, wypis na dzień 2026-04-09"/>
</node>
<node id="-205258001" lat="49.9497671" lon="21.6195088" version="1" timestamp="2026-04-19T19:46:10.725980Z" action="modify"   >
	<tag k="name" v="Muzeum Przemysłu Skórzanego w Wielopolu Skrzyńskim"/>
	<tag k="addr:postcode" v="39-110"/>
	<tag k="addr:city" v="Wielopole Skrzyńskie"/>
	<tag k="addr:street" v="Wielopole Skrzyńskie"/>
	<tag k="addr:housenumber" v="642"/>
	<tag k="operator" v="Zakład Produkcji Obuwia ASKO Spółka z ograniczoną odpowiedzialnością"/>
	<tag k="operator:type" v="ngo"/>
	<tag k="tourism" v="museum"/>
	<tag k="source:tourism" v="Wykaz Muzeów, wypis na dzień 2026-04-09"/>
</node>
<node id="-789651892" lat="50.8029553" lon="19.1217882" version="1" timestamp="2026-04-19T19:46:10.725980Z" action="modify"   >
	<tag k="name" v="Muzeum Przemysłu Zapałczanego w Częstochowie"/>
	<tag k="addr:postcode" v="42-200"/>
	<tag k="addr:city" v="Częstochowa"/>
	<tag k="addr:street" v="Ogrodowa"/>
	<tag k="addr:housenumber" v="68"/>
	<tag k="operator" v="Spółka Akcyjna Częstochowskie Zakłady Przemysłu Zapałczanego"/>
	<tag k="operator:type" v="ngo"/>
	<tag k="tourism" v="museum"/>
	<tag k="source:tourism" v="Wykaz Muzeów, wypis na dzień 2026-04-09"/>
</node>
<node id="-9761774" lat="50.0335189" lon="19.9358363" version="1" timestamp="2026-04-19T19:46:10.725980Z" action="modify"   >
	<tag k="name" v="Muzeum Ratownictwa w Krakowie"/>
	<tag k="addr:postcode" v="30-363"/>
	<tag k="addr:city" v="Kraków"/>
	<tag k="addr:street" v="Rzemieślnicza"/>
	<tag k="addr:housenumber" v="10"/>
	<tag k="operator" v="Stowarzyszenie Ochotnicza Straż Pożarna ,,Muzeum Ratownictwa w Krakowie"/>
	<tag k="operator:type" v="ngo"/>
	<tag k="tourism" v="museum"/>
	<tag k="source:tourism" v="Wykaz Muzeów, wypis na dzień 2026-04-09"/>
</node>
<node id="-676349882" lat="49.5633888" lon="20.6362811" version="1" timestamp="2026-04-19T19:46:10.725980Z" action="modify"   >
	<tag k="name" v="Muzeum Regionalne im. Seweryna Udzieli w Starym Sączu"/>
	<tag k="addr:postcode" v="33-340"/>
	<tag k="addr:city" v="Stary Sącz"/>
	<tag k="addr:street" v="Rynek"/>
	<tag k="addr:housenumber" v="6"/>
	<tag k="operator" v="Towarzystwo Miłośników Starego Sącza"/>
	<tag k="operator:type" v="ngo"/>
	<tag k="tourism" v="museum"/>
	<tag k="source:tourism" v="Wykaz Muzeów, wypis na dzień 2026-04-09"/>
</node>

<node id="-948829133" lat="49.876993" lon="20.0849436" version="1" timestamp="2026-04-19T19:46:10.725980Z" action="modify"   >
	<tag k="name" v="Muzeum Regionalne PTTK im. Władysława Kowalskiego w Dobczycach"/>
	<tag k="addr:postcode" v="32-410"/>
	<tag k="addr:city" v="Dobczyce"/>
	<tag k="addr:street" v="Podgórska"/>
	<tag k="addr:housenumber" v="1"/>
	<tag k="operator" v="Oddział Polskiego Towarzystwa Turystyczno – Krajoznawczego w Dobczycach"/>
	<tag k="operator:type" v="ngo"/>
	<tag k="tourism" v="museum"/>
	<tag k="source:tourism" v="Wykaz Muzeów, wypis na dzień 2026-04-09"/>
</node>
<node id="-121372743" lat="51.187988" lon="20.4137396" version="1" timestamp="2026-04-19T19:46:10.725980Z" action="modify"   >
	<tag k="name" v="Muzeum Regionalne PTTK w Końskich"/>
	<tag k="addr:postcode" v="26-200"/>
	<tag k="addr:city" v="Końskie"/>
	<tag k="addr:street" v="Partyzantów"/>
	<tag k="addr:housenumber" v="1"/>
	<tag k="operator" v="Zarząd Oddziału Polskiego Towarzystwa Turystyczno - Krajoznawczego w Końskich"/>
	<tag k="operator:type" v="ngo"/>
	<tag k="tourism" v="museum"/>
	<tag k="source:tourism" v="Wykaz Muzeów, wypis na dzień 2026-04-09"/>
</node>
<node id="-682388287" lat="50.7289751" lon="18.4447959" version="1" timestamp="2026-04-19T19:46:10.725980Z" action="modify"   >
	<tag k="name" v="Muzeum Regionalne w Dobrodzieniu"/>
	<tag k="addr:postcode" v="46-380"/>
	<tag k="addr:city" v="Dobrodzień"/>
	<tag k="addr:street" v="Wolności"/>
	<tag k="addr:housenumber" v="24"/>
	<tag k="operator" v="wewnętrzna jednostka organizacyjna Dobrodzieńskiego Ośrodka Kultury i Sportu z siedzibą w Dobrodzieniu, dla którego Organizatorem jest Gmina Dobrodzień"/>
	<tag k="operator:type" v="ngo"/>
	<tag k="tourism" v="museum"/>
	<tag k="source:tourism" v="Wykaz Muzeów, wypis na dzień 2026-04-09"/>
</node>
<node id="-58098879" lat="49.9464043" lon="18.9603485" version="1" timestamp="2026-04-19T19:46:10.725980Z" action="modify"   >
	<tag k="name" v="Muzeum Regionalne w Goczałkowicach-Zdroju"/>
	<tag k="addr:postcode" v="43-230"/>
	<tag k="addr:city" v="Goczałkowice-Zdrój"/>
	<tag k="addr:street" v="Główna"/>
	<tag k="addr:housenumber" v="46A"/>
	<tag k="operator" v="Stowarzyszenie Przyjaciół Goczałkowic-Zdroju"/>
	<tag k="operator:type" v="ngo"/>
	<tag k="tourism" v="museum"/>
	<tag k="source:tourism" v="Wykaz Muzeów, wypis na dzień 2026-04-09"/>
</node>
<node id="-901229178" lat="49.9880983" lon="22.2249625" version="1" timestamp="2026-04-19T19:46:10.725980Z" action="modify"   >
	<tag k="name" v="Muzeum Regionalne w Handzlówce"/>
	<tag k="addr:postcode" v="37-123"/>
	<tag k="addr:city" v="Handzlówka"/>
	<tag k="addr:street" v="Handzlówka"/>
	<tag k="addr:housenumber" v="107"/>
	<tag k="operator" v="Stowarzyszenie Promocji i Rozwoju Wsi Handzlówka"/>
	<tag k="operator:type" v="ngo"/>
	<tag k="tourism" v="museum"/>
	<tag k="source:tourism" v="Wykaz Muzeów, wypis na dzień 2026-04-09"/>
</node>
<node id="-336609168" lat="53.7111404" lon="19.3291941" version="1" timestamp="2026-04-19T19:46:10.725980Z" action="modify"   >
	<tag k="name" v="Muzeum Regionalne w Suszu"/>
	<tag k="addr:postcode" v="14-240"/>
	<tag k="addr:city" v="Susz"/>
	<tag k="addr:street" v="M. Kopernika"/>
	<tag k="addr:housenumber" v="15"/>
	<tag k="operator" v="Stowarzyszenie Historyczno-Badawcze Galea"/>
	<tag k="operator:type" v="ngo"/>
	<tag k="tourism" v="museum"/>
	<tag k="source:tourism" v="Wykaz Muzeów, wypis na dzień 2026-04-09"/>
</node>
<node id="-965570756" lat="52.2387992" lon="20.9916299" version="1" timestamp="2026-04-19T19:46:10.725980Z" action="modify"   >
	<tag k="name" v="Muzeum Rodziny Dohnów w Gładyszach"/>
	<tag k="addr:postcode" v="00-895"/>
	<tag k="addr:city" v="Warszawa"/>
	<tag k="addr:street" v="Biała"/>
	<tag k="addr:housenumber" v="4"/>
	<tag k="operator" v="Fundacja Odbudowy Zabytków Warmii"/>
	<tag k="operator:type" v="ngo"/>
	<tag k="tourism" v="museum"/>
	<tag k="source:tourism" v="Wykaz Muzeów, wypis na dzień 2026-04-09"/>
</node>
<node id="-1032993183" lat="52.3589187" lon="16.8793233" version="1" timestamp="2026-04-19T19:46:10.725980Z" action="modify"   >
	<tag k="name" v="Muzeum Romanowscy z siedzibą w Poznaniu"/>
	<tag k="addr:postcode" v="61-407"/>
	<tag k="addr:city" v="Poznań"/>
	<tag k="addr:street" v="Franciszka Witaszka"/>
	<tag k="addr:housenumber" v="4"/>
	<tag k="operator" v="Fundacja Romanowscy"/>
	<tag k="operator:type" v="ngo"/>
	<tag k="tourism" v="museum"/>
	<tag k="source:tourism" v="Wykaz Muzeów, wypis na dzień 2026-04-09"/>
</node>
<node id="-1021218859" lat="49.9881242" lon="19.9591406" version="1" timestamp="2026-04-19T19:46:10.725980Z" action="modify"   >
	<tag k="name" v="Muzeum Spraw Wojskowych w Krakowie"/>
	<tag k="addr:postcode" v="30-698"/>
	<tag k="addr:city" v="Kraków"/>
	<tag k="addr:street" v="Sawiczewskich"/>
	<tag k="addr:housenumber" v="46"/>
	<tag k="operator" v="Fundacja ,,Gloria Fortibus"/>
	<tag k="operator:type" v="ngo"/>
	<tag k="tourism" v="museum"/>
	<tag k="source:tourism" v="Wykaz Muzeów, wypis na dzień 2026-04-09"/>
</node>
<node id="-21819960" lat="50.9612052" lon="16.3447977" version="1" timestamp="2026-04-19T19:46:10.725980Z" action="modify"   >
	<tag k="name" v="Muzeum Sprzętu Militarnego w Strzegomiu"/>
	<tag k="addr:postcode" v="58-150"/>
	<tag k="addr:city" v="Strzegom"/>
	<tag k="addr:street" v="Tadeusza Kościuszki"/>
	<tag k="addr:housenumber" v="2"/>
	<tag k="operator" v="Grupa Rekonstrukcji Historycznej Muzeum Sprzętu Militarnego Strzegom"/>
	<tag k="operator:type" v="ngo"/>
	<tag k="tourism" v="museum"/>
	<tag k="source:tourism" v="Wykaz Muzeów, wypis na dzień 2026-04-09"/>
</node>
<node id="-547781436" lat="53.2105975" lon="23.3373506" version="1" timestamp="2026-04-19T19:46:10.725980Z" action="modify"   >
	<tag k="name" v="Muzeum Sztuki Drukarskiej i Papiernictwa im. Fiola i Fiodorowa w Supraślu"/>
	<tag k="addr:postcode" v="16-030"/>
	<tag k="addr:city" v="Supraśl"/>
	<tag k="addr:street" v="Klasztorna"/>
	<tag k="addr:housenumber" v="1"/>
	<tag k="operator" v="Muzeum Sztuki Drukarskiej i Papiernictwa im. Fiola i Fiodorowa sp. z o.o."/>
	<tag k="operator:type" v="ngo"/>
	<tag k="tourism" v="museum"/>
	<tag k="source:tourism" v="Wykaz Muzeów, wypis na dzień 2026-04-09"/>
</node>

<node id="-23262577" lat="54.187835" lon="16.1674915" version="1" timestamp="2026-04-19T19:46:10.725980Z" action="modify"   >
	<tag k="name" v="Muzeum Sztuki Książki"/>
	<tag k="addr:postcode" v="75-120"/>
	<tag k="addr:city" v="Koszalin"/>
	<tag k="addr:street" v="Szczecińska"/>
	<tag k="addr:housenumber" v="1"/>
	<tag k="operator" v="wewnętrzna jednostka organizacyjna Wydawnictwa Artystycznego Kurtiak i Ley"/>
	<tag k="operator:type" v="ngo"/>
	<tag k="tourism" v="museum"/>
	<tag k="source:tourism" v="Wykaz Muzeów, wypis na dzień 2026-04-09"/>
</node>
<node id="-752607838" lat="50.9066721" lon="15.3384474" version="1" timestamp="2026-04-19T19:46:10.725980Z" action="modify"   >
	<tag k="name" v="Muzeum Sztuki Reduktywnej"/>
	<tag k="addr:postcode" v="59-850"/>
	<tag k="addr:city" v="Świeradów Zdrój"/>
	<tag k="addr:street" v="Piłsudskiego"/>
	<tag k="addr:housenumber" v="29"/>
	<tag k="operator" v="Fundacja Gerarda na Rzecz Sztuki Współczesnej"/>
	<tag k="operator:type" v="ngo"/>
	<tag k="tourism" v="museum"/>
	<tag k="source:tourism" v="Wykaz Muzeów, wypis na dzień 2026-04-09"/>
</node>
<node id="-958873943" lat="50.3546658" lon="18.2612672" version="1" timestamp="2026-04-19T19:46:10.725980Z" action="modify"   >
	<tag k="name" v="Muzeum Śląskiej Bitwy o Paliwo Blechhammer 1944 w Kędzierzynie-Koźlu"/>
	<tag k="addr:postcode" v="47-225"/>
	<tag k="addr:city" v="Kędzierzyn-Koźle"/>
	<tag k="addr:street" v="Wyzwolenia"/>
	<tag k="addr:housenumber" v="7"/>
	<tag k="operator" v="Stowarzyszenie Blechhammer-1944"/>
	<tag k="operator:type" v="ngo"/>
	<tag k="tourism" v="museum"/>
	<tag k="source:tourism" v="Wykaz Muzeów, wypis na dzień 2026-04-09"/>
</node>
<node id="-89382267" lat="50.0475577" lon="19.9531138" version="1" timestamp="2026-04-19T19:46:10.725980Z" action="modify"   >
	<tag k="name" v="Muzeum Tadeusza Kantora w Krakowie"/>
	<tag k="addr:postcode" v="30-527"/>
	<tag k="addr:city" v="Kraków"/>
	<tag k="addr:street" v="Nadwiślańska"/>
	<tag k="addr:housenumber" v="44231"/>
	<tag k="operator" v="Ośrodek Dokumnetacji Sztuki Tadeusza Kantora CRICOTEKA"/>
	<tag k="operator:type" v="ngo"/>
	<tag k="tourism" v="museum"/>
	<tag k="source:tourism" v="Wykaz Muzeów, wypis na dzień 2026-04-09"/>
</node>

<node id="-68226282" lat="53.025622" lon="18.0048599" version="1" timestamp="2026-04-19T19:46:10.725980Z" action="modify"   >
	<tag k="name" v="Muzeum Techniki i Uzbrojenia Stowarzyszenia Strzelecko Kolekcjonerskiego Olimp w Olimpinie"/>
	<tag k="addr:postcode" v="86-061"/>
	<tag k="addr:city" v="Olimpin"/>
	<tag k="addr:street" v="Łąkowa"/>
	<tag k="addr:housenumber" v="11"/>
	<tag k="operator" v="Stowarzyszenie Strzelecko - Kolekcjonerskie Olimp"/>
	<tag k="operator:type" v="ngo"/>
	<tag k="tourism" v="museum"/>
	<tag k="source:tourism" v="Wykaz Muzeów, wypis na dzień 2026-04-09"/>
</node>
<node id="-670358441" lat="51.7488605" lon="18.0761746" version="1" timestamp="2026-04-19T19:46:10.725980Z" action="modify"   >
	<tag k="name" v="Muzeum Techniki i Uzbrojenia Wojskowego w Kaliszu przy Stowarzyszeniu Strzeleckim Bellona"/>
	<tag k="addr:postcode" v="62-800"/>
	<tag k="addr:city" v="Kalisz"/>
	<tag k="addr:street" v="Konopnickiej"/>
	<tag k="addr:housenumber" v="2-"/>
	<tag k="operator" v="Stowarzyszenie Strzeleckie ,,Bellona"/>
	<tag k="operator:type" v="ngo"/>
	<tag k="tourism" v="museum"/>
	<tag k="source:tourism" v="Wykaz Muzeów, wypis na dzień 2026-04-09"/>
</node>
<node id="-392766293" lat="54.7699985" lon="18.257084" version="1" timestamp="2026-04-19T19:46:10.725980Z" action="modify"   >
	<tag k="name" v="Muzeum Techniki Militarnej i Historii Pomorza w Kłaninie"/>
	<tag k="addr:postcode" v="84-107"/>
	<tag k="addr:city" v="Kłanino"/>
	<tag k="addr:street" v="Kłanino"/>
	<tag k="addr:housenumber" v="2"/>
	<tag k="operator" v="Fundacja EXERCITUS"/>
	<tag k="operator:type" v="ngo"/>
	<tag k="tourism" v="museum"/>
	<tag k="source:tourism" v="Wykaz Muzeów, wypis na dzień 2026-04-09"/>
</node>
<node id="-179028654" lat="50.6288478" lon="16.494424" version="1" timestamp="2026-04-19T19:46:10.725980Z" action="modify"   >
	<tag k="name" v="Muzeum Techniki Militarnej Riese"/>
	<tag k="addr:postcode" v="57-450"/>
	<tag k="addr:city" v="Ludwikowice"/>
	<tag k="addr:street" v="Fabryczna"/>
	<tag k="addr:housenumber" v="37d"/>
	<tag k="operator" v="Stowarzyszenie Riese"/>
	<tag k="operator:type" v="ngo"/>
	<tag k="tourism" v="museum"/>
	<tag k="source:tourism" v="Wykaz Muzeów, wypis na dzień 2026-04-09"/>
</node>
<node id="-602630141" lat="54.48331" lon="16.92427" version="1" timestamp="2026-04-19T19:46:10.725980Z" action="modify"   >
	<tag k="name" v="Muzeum Techniki Rolniczej w Bierkowie"/>
	<tag k="addr:postcode" v="76-206"/>
	<tag k="addr:city" v="Bierkowo"/>
	<tag k="addr:street" v="Grodzka"/>
	<tag k="addr:housenumber" v="168"/>
	<tag k="operator" v="Fundacja Techniki Rolniczej"/>
	<tag k="operator:type" v="ngo"/>
	<tag k="tourism" v="museum"/>
	<tag k="source:tourism" v="Wykaz Muzeów, wypis na dzień 2026-04-09"/>
</node>
<node id="-1037450601" lat="53.4889536" lon="14.5824269" version="1" timestamp="2026-04-19T19:46:10.725980Z" action="modify"   >
	<tag k="name" v="Muzeum Techniki Wojskowej w Szczecinie"/>
	<tag k="addr:postcode" v="71-806"/>
	<tag k="addr:city" v="Szczecin"/>
	<tag k="addr:street" v="Strzelców Karpackich"/>
	<tag k="addr:housenumber" v="15"/>
	<tag k="operator" v="Fundacja Edukacji Strzeleckiej i Historycznej Semper Parati"/>
	<tag k="operator:type" v="ngo"/>
	<tag k="tourism" v="museum"/>
	<tag k="source:tourism" v="Wykaz Muzeów, wypis na dzień 2026-04-09"/>
</node>
<node id="-542202339" lat="51.7828431" lon="19.480877" version="1" timestamp="2026-04-19T19:46:10.725980Z" action="modify"   >
	<tag k="name" v="Muzeum Techniki Wojskowej i Tradycji Jednostki Strzeleckiej 4008 Łódź"/>
	<tag k="addr:postcode" v="91-735"/>
	<tag k="addr:city" v="Łódź"/>
	<tag k="addr:street" v="Źródłowa"/>
	<tag k="addr:housenumber" v="52"/>
	<tag k="operator" v="Stowarzyszenie Jednostka Strzelecka 4008 Łódź"/>
	<tag k="operator:type" v="ngo"/>
	<tag k="tourism" v="museum"/>
	<tag k="source:tourism" v="Wykaz Muzeów, wypis na dzień 2026-04-09"/>
</node>
<node id="-671870579" lat="52.2215892" lon="17.2867433" version="1" timestamp="2026-04-19T19:46:10.725980Z" action="modify"   >
	<tag k="name" v="Muzeum Techniki Wojskowej przy Stowarzyszeniu Miłośników Sprzętu Pancernego SKOT w Środzie Wielkopolskiej"/>
	<tag k="addr:postcode" v="63-000"/>
	<tag k="addr:city" v="Środa Wielkopolska"/>
	<tag k="addr:street" v="Marcinkowskiego"/>
	<tag k="addr:housenumber" v="17"/>
	<tag k="operator" v="Stowarzyszenie Miłośników Sprzętu Pancernego SKOT w Środzie Wielkopolskiej"/>
	<tag k="operator:type" v="ngo"/>
	<tag k="tourism" v="museum"/>
	<tag k="source:tourism" v="Wykaz Muzeów, wypis na dzień 2026-04-09"/>
</node>
<node id="-330747737" lat="51.96552" lon="16.89982" version="1" timestamp="2026-04-19T19:46:10.725980Z" action="modify"   >
	<tag k="name" v="Muzeum Tercetu Egzotycznego w Lubiniu"/>
	<tag k="addr:postcode" v="64-010"/>
	<tag k="addr:city" v="Krzywiń"/>
	<tag k="addr:street" v="Mickiewicza"/>
	<tag k="addr:housenumber" v="3"/>
	<tag k="operator" v="Stowarzyszenie Oliwskie Słoneczko z siedzibą w Lubiniu"/>
	<tag k="operator:type" v="ngo"/>
	<tag k="tourism" v="museum"/>
	<tag k="source:tourism" v="Wykaz Muzeów, wypis na dzień 2026-04-09"/>
</node>
<node id="-627905194" lat="53.2160762" lon="18.3880563" version="1" timestamp="2026-04-19T19:46:10.725980Z" action="modify"   >
	<tag k="name" v="Muzeum Tradycji i Techniki"/>
	<tag k="addr:postcode" v="86-260"/>
	<tag k="addr:city" v="Unisław"/>
	<tag k="addr:street" v="Ogrodowa"/>
	<tag k="addr:housenumber" v="6"/>
	<tag k="operator" v="Stowarzyszenie ,,Towarzystwo Sportowo- Kolekcjonerskie z siedzibą w miejscowości Unisław"/>
	<tag k="operator:type" v="ngo"/>
	<tag k="tourism" v="museum"/>
	<tag k="source:tourism" v="Wykaz Muzeów, wypis na dzień 2026-04-09"/>
</node>
<node id="-202179312" lat="54.2178157" lon="21.7253967" version="1" timestamp="2026-04-19T19:46:10.725980Z" action="modify"   >
	<tag k="name" v="Muzeum Tradycji Kolejowej w Węgorzewie"/>
	<tag k="addr:postcode" v="11-600"/>
	<tag k="addr:city" v="Węgorzewo"/>
	<tag k="addr:street" v="Jaracza"/>
	<tag k="addr:housenumber" v="4"/>
	<tag k="operator" v="Fundacja ,,Dziedzictwo Nasze"/>
	<tag k="operator:type" v="ngo"/>
	<tag k="tourism" v="museum"/>
	<tag k="source:tourism" v="Wykaz Muzeów, wypis na dzień 2026-04-09"/>
</node>
<node id="-277870175" lat="51.5121865" lon="17.1094455" version="1" timestamp="2026-04-19T19:46:10.725980Z" action="modify"   >
	<tag k="name" v="Muzeum Tradycji Rybactwa Stawów Milickich i Doliny Baryczy"/>
	<tag k="addr:postcode" v="56-300"/>
	<tag k="addr:city" v="Milicz"/>
	<tag k="addr:street" v="Ruda Sułowska"/>
	<tag k="addr:housenumber" v="20"/>
	<tag k="operator" v="Spółka Akcyjna Stawy Milickie z siedzibą w Rudzie Sułowskiej"/>
	<tag k="operator:type" v="ngo"/>
	<tag k="tourism" v="museum"/>
	<tag k="source:tourism" v="Wykaz Muzeów, wypis na dzień 2026-04-09"/>
</node>
<node id="-492098321" lat="50.9155101" lon="16.4330247" version="1" timestamp="2026-04-19T19:46:10.725980Z" action="modify"   >
	<tag k="name" v="Muzeum Transportu Kolejowego Bocznicy Pastuchów"/>
	<tag k="addr:postcode" v="58-140"/>
	<tag k="addr:city" v="Jaworzyna Śląska"/>
	<tag k="addr:street" v="Kościelna"/>
	<tag k="addr:housenumber" v="4"/>
	<tag k="operator" v="Stowarzyszenie Miłośników Kolei w Jaworzynie Śląskiej"/>
	<tag k="operator:type" v="ngo"/>
	<tag k="tourism" v="museum"/>
	<tag k="source:tourism" v="Wykaz Muzeów, wypis na dzień 2026-04-09"/>
</node>

<node id="-31475092" lat="53.7175866" lon="16.6544955" version="1" timestamp="2026-04-19T19:46:10.725980Z" action="modify"   >
	<tag k="name" v="Muzeum Wału Pomorskiego i Militarnej Historii Pomorza w Szczecinku"/>
	<tag k="addr:postcode" v="78-400"/>
	<tag k="addr:city" v="Szczecinek"/>
	<tag k="addr:street" v="Kościuszki"/>
	<tag k="addr:housenumber" v="93"/>
	<tag k="operator" v="Ogólnopolskie Stowarzyszenie Turystyczno Historyczne Jazda 4x4"/>
	<tag k="operator:type" v="ngo"/>
	<tag k="tourism" v="museum"/>
	<tag k="source:tourism" v="Wykaz Muzeów, wypis na dzień 2026-04-09"/>
</node>
<node id="-861622576" lat="53.2815732" lon="16.4905597" version="1" timestamp="2026-04-19T19:46:10.725980Z" action="modify"   >
	<tag k="name" v="Muzeum Wału Pomorskiego w Wałczu"/>
	<tag k="addr:postcode" v="78-600"/>
	<tag k="addr:city" v="Wałcz"/>
	<tag k="addr:street" v="Wojska Polskiego"/>
	<tag k="addr:housenumber" v="99"/>
	<tag k="operator" v="Stowarzyszenie Grup Warownych Pojezierza Wałeckiego"/>
	<tag k="operator:type" v="ngo"/>
	<tag k="tourism" v="museum"/>
	<tag k="source:tourism" v="Wykaz Muzeów, wypis na dzień 2026-04-09"/>
</node>
<node id="-1028476536" lat="50.0589844" lon="19.9259361" version="1" timestamp="2026-04-19T19:46:10.725980Z" action="modify"   >
	<tag k="name" v="Muzeum Witrażu"/>
	<tag k="addr:postcode" v="31-111"/>
	<tag k="addr:city" v="Kraków"/>
	<tag k="addr:street" v="Krasińskiego"/>
	<tag k="addr:housenumber" v="23"/>
	<tag k="operator" v="Krakowski zakład Witrażów S.G. Żeleński Sp. z o.o."/>
	<tag k="operator:type" v="ngo"/>
	<tag k="tourism" v="museum"/>
	<tag k="source:tourism" v="Wykaz Muzeów, wypis na dzień 2026-04-09"/>
</node>
<node id="-813865075" lat="50.958093" lon="16.2261996" version="1" timestamp="2026-04-19T19:46:10.725980Z" action="modify"   >
	<tag k="name" v="Muzeum Zamek Roztoka w Roztoce"/>
	<tag k="addr:postcode" v="58-173"/>
	<tag k="addr:city" v="Roztoka"/>
	<tag k="addr:street" v="Zamkowa"/>
	<tag k="addr:housenumber" v="3"/>
	<tag k="operator" v="Fundacja Zamek Roztoka-Ocalic od Zapomnienia"/>
	<tag k="operator:type" v="ngo"/>
	<tag k="tourism" v="museum"/>
	<tag k="source:tourism" v="Wykaz Muzeów, wypis na dzień 2026-04-09"/>
</node>
<node id="-295308519" lat="51.7874185" lon="16.6707637" version="1" timestamp="2026-04-19T19:46:10.725980Z" action="modify"   >
	<tag k="name" v="Muzeum Zamek w Rydzynie"/>
	<tag k="addr:postcode" v="64-130"/>
	<tag k="addr:city" v="Rydzyna"/>
	<tag k="addr:street" v="Zamkowy"/>
	<tag k="addr:housenumber" v="1"/>
	<tag k="operator" v="Stowarzyszenie Inżynierów i Techników Mechaników Polskich z siedzibą w Warszawie"/>
	<tag k="operator:type" v="ngo"/>
	<tag k="tourism" v="museum"/>
	<tag k="source:tourism" v="Wykaz Muzeów, wypis na dzień 2026-04-09"/>
</node>
<node id="-583137069" lat="50.5009615" lon="21.5384201" version="1" timestamp="2026-04-19T19:46:10.725980Z" action="modify"   >
	<tag k="name" v="Muzeum-Zamek w Baranowie Sandomierskim"/>
	<tag k="addr:postcode" v="39-450"/>
	<tag k="addr:city" v="Baranów Sandomierski"/>
	<tag k="addr:street" v="Zamkowa"/>
	<tag k="addr:housenumber" v="20"/>
	<tag k="operator" v="Agencja Rozwoju Przemysłu S.A. w Warszawie"/>
	<tag k="operator:type" v="ngo"/>
	<tag k="tourism" v="museum"/>
	<tag k="source:tourism" v="Wykaz Muzeów, wypis na dzień 2026-04-09"/>
</node>
<node id="-459470547" lat="50.2239987" lon="18.7726533" version="1" timestamp="2026-04-19T19:46:10.725980Z" action="modify"   >
	<tag k="name" v="Muzeum Zamku w Chudowie"/>
	<tag k="addr:postcode" v="44-177"/>
	<tag k="addr:city" v="Paniówki"/>
	<tag k="addr:street" v="Podzamcze"/>
	<tag k="addr:housenumber" v="6 (Chudów)"/>
	<tag k="operator" v="Fundacja ,,Zamek Chudów"/>
	<tag k="operator:type" v="ngo"/>
	<tag k="tourism" v="museum"/>
	<tag k="source:tourism" v="Wykaz Muzeów, wypis na dzień 2026-04-09"/>
</node>

<node id="-61145851" lat="49.4225337" lon="20.3196612" version="1" timestamp="2026-04-19T19:46:10.725980Z" action="modify"   >
	<tag k="name" v="Muzeum-Zespół Zamkowy w Niedzicy"/>
	<tag k="addr:postcode" v="34-441"/>
	<tag k="addr:city" v="Niedzica"/>
	<tag k="addr:street" v="Niedzica-Zamek"/>
	<tag k="addr:housenumber" v="1"/>
	<tag k="operator" v="Stowarzyszenie Historyków Sztuki"/>
	<tag k="operator:type" v="ngo"/>
	<tag k="tourism" v="museum"/>
	<tag k="source:tourism" v="Wykaz Muzeów, wypis na dzień 2026-04-09"/>
</node>
<node id="-288466810" lat="53.5563139" lon="16.1330846" version="1" timestamp="2026-04-19T19:46:10.725980Z" action="modify"   >
	<tag k="name" v="Muzeum Ziemi Pomorskiej w Siemczynie"/>
	<tag k="addr:postcode" v="78-551"/>
	<tag k="addr:city" v="Siemczyno"/>
	<tag k="addr:street" v="Siemczyno"/>
	<tag k="addr:housenumber" v="82"/>
	<tag k="operator" v="Henrykowskie Stowarzyszenie w Siemczynie"/>
	<tag k="operator:type" v="ngo"/>
	<tag k="tourism" v="museum"/>
	<tag k="source:tourism" v="Wykaz Muzeów, wypis na dzień 2026-04-09"/>
</node>
<node id="-237868340" lat="53.7733785" lon="15.4083894" version="1" timestamp="2026-04-19T19:46:10.725980Z" action="modify"   >
	<tag k="name" v="Muzeum Ziemi Reskiej w Resku"/>
	<tag k="addr:postcode" v="72-315"/>
	<tag k="addr:city" v="Resko"/>
	<tag k="addr:street" v="Wojska Polskiego"/>
	<tag k="addr:housenumber" v="16"/>
	<tag k="operator" v="Centrum Kultury w Resku"/>
	<tag k="operator:type" v="ngo"/>
	<tag k="tourism" v="museum"/>
	<tag k="source:tourism" v="Wykaz Muzeów, wypis na dzień 2026-04-09"/>
</node>
<node id="-516408286" lat="52.58257" lon="22.2989" version="1" timestamp="2026-04-19T19:46:10.725980Z" action="modify"   >
	<tag k="name" v="Muzeum Ziem Nadbużańskich – Zespół Pałacowy Ossolińskich Sterdyń"/>
	<tag k="addr:postcode" v="08-320"/>
	<tag k="addr:city" v="Sterdyń"/>
	<tag k="addr:street" v="Kościelna"/>
	<tag k="addr:housenumber" v="43"/>
	<tag k="operator" v="Fundacja Patriotyzm i Niepodległość Naszych Ziem"/>
	<tag k="operator:type" v="ngo"/>
	<tag k="tourism" v="museum"/>
	<tag k="source:tourism" v="Wykaz Muzeów, wypis na dzień 2026-04-09"/>
</node>
<node id="-1051362404" lat="52.2075781" lon="21.0094113" version="1" timestamp="2026-04-19T19:46:10.725980Z" action="modify"   >
	<tag k="name" v="Muzeum Żołnierzy Wyklętych i Więźniów Politycznych PRL"/>
	<tag k="addr:postcode" v="02-521"/>
	<tag k="addr:city" v="Warszawa"/>
	<tag k="addr:street" v="Rakowiecka"/>
	<tag k="addr:housenumber" v="37a"/>
	<tag k="operator" v="Muzeum działa w strukturze organizacyjnej Centralnego Zarządu Służby Więziennej"/>
	<tag k="operator:type" v="ngo"/>
	<tag k="tourism" v="museum"/>
	<tag k="source:tourism" v="Wykaz Muzeów, wypis na dzień 2026-04-09"/>
</node>
<node id="-1072170274" lat="53.5519657" lon="14.5474498" version="1" timestamp="2026-04-19T19:46:10.725980Z" action="modify"   >
	<tag k="name" v="Muzeum Żywej Historii"/>
	<tag k="addr:postcode" v="72-010"/>
	<tag k="addr:city" v="Police"/>
	<tag k="addr:street" v="Usługowa"/>
	<tag k="addr:housenumber" v="1a"/>
	<tag k="operator" v="Stowarzyszenie Historyczne 549"/>
	<tag k="operator:type" v="ngo"/>
	<tag k="tourism" v="museum"/>
	<tag k="source:tourism" v="Wykaz Muzeów, wypis na dzień 2026-04-09"/>
</node>
<node id="-42728844" lat="49.6017815" lon="21.5272222" version="1" timestamp="2026-04-19T19:46:10.725980Z" action="modify"   >
	<tag k="name" v="Ośrodek Dokumentacji i Historii Ziemi Żmigrodzkiej - Muzeum im. Leona Karcińskiego w Nowym Żmigrodzie"/>
	<tag k="addr:postcode" v="38-230"/>
	<tag k="addr:city" v="Nowy Żmigród"/>
	<tag k="addr:street" v="Dukielska"/>
	<tag k="addr:housenumber" v="1"/>
	<tag k="operator" v="Towarzystwo Miłośników Nowego Żmigrodu"/>
	<tag k="operator:type" v="ngo"/>
	<tag k="tourism" v="museum"/>
	<tag k="source:tourism" v="Wykaz Muzeów, wypis na dzień 2026-04-09"/>
</node>
<node id="-984551001" lat="53.0722486" lon="17.4308548" version="1" timestamp="2026-04-19T19:46:10.725980Z" action="modify"   >
	<tag k="name" v="Pałuckie Muzeum Techniki Wojskowej i Uzbrojenia w Kowalewku"/>
	<tag k="addr:postcode" v="89-240"/>
	<tag k="addr:city" v="Kcynia Kowalewko"/>
	<tag k="addr:housenumber" v="28"/>
	<tag k="operator" v="Jednostka Ratownictwa Medycznego w Kowalewku"/>
	<tag k="operator:type" v="ngo"/>
	<tag k="tourism" v="museum"/>
	<tag k="source:tourism" v="Wykaz Muzeów, wypis na dzień 2026-04-09"/>
</node>
<node id="-786617594" lat="50.020426" lon="22.2245749" version="1" timestamp="2026-04-19T19:46:10.725980Z" action="modify"   >
	<tag k="name" v="Podkarpackie Muzeum Konia imieniem BASK"/>
	<tag k="addr:postcode" v="37-122"/>
	<tag k="addr:city" v="Albigowa"/>
	<tag k="addr:housenumber" v="300"/>
	<tag k="operator" v="Fundacja BASK"/>
	<tag k="operator:type" v="ngo"/>
	<tag k="tourism" v="museum"/>
	<tag k="source:tourism" v="Wykaz Muzeów, wypis na dzień 2026-04-09"/>
</node>
<node id="-1055706655" lat="53.1404901" lon="23.1369951" version="1" timestamp="2026-04-19T19:46:10.725980Z" action="modify"   >
	<tag k="name" v="Podlaskie Muzeum Militariów w Białymstoku"/>
	<tag k="addr:postcode" v="15-740"/>
	<tag k="addr:city" v="Białystok"/>
	<tag k="addr:street" v="Antoniukowska"/>
	<tag k="addr:housenumber" v="11"/>
	<tag k="operator" v="Stowarzyszenie Pasjonatów Historii Ziemi Podlaskiej oraz Kolekcjonerów Militariów Grupa Wschód"/>
	<tag k="operator:type" v="ngo"/>
	<tag k="tourism" v="museum"/>
	<tag k="source:tourism" v="Wykaz Muzeów, wypis na dzień 2026-04-09"/>
</node>
<node id="-172388056" lat="54.158198" lon="19.3999769" version="1" timestamp="2026-04-19T19:46:10.725980Z" action="modify"   >
	<tag k="name" v="Muzeum Obywatela XX wieku w Elblągu"/>
	<tag k="addr:postcode" v="82-300"/>
	<tag k="addr:city" v="Elbląg"/>
	<tag k="addr:street" v="Giermków"/>
	<tag k="addr:housenumber" v="28"/>
	<tag k="operator" v="Piotr Kukliński"/>
	<tag k="operator:type" v="private"/>
	<tag k="tourism" v="museum"/>
	<tag k="source:tourism" v="Wykaz Muzeów, wypis na dzień 2026-04-09"/>
</node>
<node id="-398984456" lat="50.6787046" lon="16.3471564" version="1" timestamp="2026-04-19T19:46:10.725980Z" action="modify"   >
	<tag k="name" v="Muzeum Motoryzacji PRL w Łomnicy"/>
	<tag k="addr:postcode" v="58-340"/>
	<tag k="addr:city" v="Łomnica"/>
	<tag k="addr:street" v="Sudecka"/>
	<tag k="addr:housenumber" v="9"/>
	<tag k="operator" v="Łukasz Pawlik"/>
	<tag k="operator:type" v="private"/>
	<tag k="tourism" v="museum"/>
	<tag k="source:tourism" v="Wykaz Muzeów, wypis na dzień 2026-04-09"/>
</node>
<node id="-853023380" lat="50.0895296" lon="19.925551" version="1" timestamp="2026-04-19T19:46:10.725980Z" action="modify"   >
	<tag k="name" v="Muzeum Motoryzacji I Techniki w Krakowie"/>
	<tag k="addr:postcode" v="31-271"/>
	<tag k="addr:city" v="Kraków"/>
	<tag k="addr:street" v="Krowoderskich Zuchów"/>
	<tag k="addr:housenumber" v="26"/>
	<tag k="operator" v="Olgierd Ziębliński"/>
	<tag k="operator:type" v="private"/>
	<tag k="tourism" v="museum"/>
	<tag k="source:tourism" v="Wykaz Muzeów, wypis na dzień 2026-04-09"/>
</node>
<node id="-423199645" lat="51.7528563" lon="19.4500225" version="1" timestamp="2026-04-19T19:46:10.725980Z" action="modify"   >
	<tag k="name" v="Muzeum Politechniki Łódzkiej w Łodzi"/>
	<tag k="addr:postcode" v="90-924"/>
	<tag k="addr:city" v="Łódź"/>
	<tag k="addr:street" v="Żeromskiego"/>
	<tag k="addr:housenumber" v="116"/>
	<tag k="operator" v="Politechnika Łódzka"/>
	<tag k="operator:type" v="ngo"/>
	<tag k="tourism" v="museum"/>
	<tag k="source:tourism" v="Wykaz Muzeów, wypis na dzień 2026-04-09"/>
</node>
<node id="-758233348" lat="52.19207" lon="20.79283" version="1" timestamp="2026-04-19T19:46:10.725980Z" action="modify"   >
	<tag k="name" v="Muzeum Motoryzacji i Techniki Rolniczej w Pruszkowie"/>
	<tag k="addr:postcode" v="05-800"/>
	<tag k="addr:city" v="Pruszków"/>
	<tag k="addr:street" v="Duchnicka"/>
	<tag k="addr:housenumber" v="14"/>
	<tag k="operator" v="Piotr Prędkiewicz"/>
	<tag k="operator:type" v="private"/>
	<tag k="tourism" v="museum"/>
	<tag k="source:tourism" v="Wykaz Muzeów, wypis na dzień 2026-04-09"/>
</node>
<node id="-40029736" lat="50.2910753" lon="18.9477532" version="1" timestamp="2026-04-19T19:46:10.725980Z" action="modify"   >
	<tag k="name" v="Muzeum Motoryzacji i Techniki Militarnej w Katowicach"/>
	<tag k="addr:postcode" v="41-500"/>
	<tag k="addr:city" v="Chorzów"/>
	<tag k="addr:street" v="Dąbrowskiego"/>
	<tag k="addr:housenumber" v="60"/>
	<tag k="operator" v="Grzegorz Murak"/>
	<tag k="operator:type" v="private"/>
	<tag k="tourism" v="museum"/>
	<tag k="source:tourism" v="Wykaz Muzeów, wypis na dzień 2026-04-09"/>
</node>
<node id="-531111367" lat="50.0211083" lon="21.9425585" version="1" timestamp="2026-04-19T19:46:10.725980Z" action="modify"   >
	<tag k="name" v="Muzeum Stalowa Historia w Rzeszowie"/>
	<tag k="addr:postcode" v="35-083"/>
	<tag k="addr:city" v="Rzeszów"/>
	<tag k="addr:street" v="Kresowa"/>
	<tag k="addr:housenumber" v="31D"/>
	<tag k="operator" v="Fundacja Stalowa Historia"/>
	<tag k="operator:type" v="ngo"/>
	<tag k="tourism" v="museum"/>
	<tag k="source:tourism" v="Wykaz Muzeów, wypis na dzień 2026-04-09"/>
</node>
<node id="-538515107" lat="50.4132128" lon="18.81709" version="1" timestamp="2026-04-19T19:46:10.725980Z" action="modify"   >
	<tag k="name" v="Muzeum Techniki Militarnej w Tarnowskich Górach"/>
	<tag k="addr:postcode" v="42-603"/>
	<tag k="addr:city" v="Tarnowskie Góry"/>
	<tag k="addr:street" v="Jaworowa"/>
	<tag k="addr:housenumber" v="58"/>
	<tag k="operator" v="Marek Pilarek"/>
	<tag k="operator:type" v="private"/>
	<tag k="tourism" v="museum"/>
	<tag k="source:tourism" v="Wykaz Muzeów, wypis na dzień 2026-04-09"/>
</node>
<node id="-445740397" lat="52.2317491" lon="20.9901353" version="1" timestamp="2026-04-19T19:46:10.725980Z" action="modify"   >
	<tag k="name" v="Muzeum Fabryki Norblina w Warszawie"/>
	<tag k="addr:postcode" v="00-841"/>
	<tag k="addr:city" v="Warszawa"/>
	<tag k="addr:street" v="Żelazna"/>
	<tag k="addr:housenumber" v="51"/>
	<tag k="operator" v="ARTN Spółka sp. z o.o.z siedzibą w Warszawie"/>
	<tag k="operator:type" v="ngo"/>
	<tag k="tourism" v="museum"/>
	<tag k="source:tourism" v="Wykaz Muzeów, wypis na dzień 2026-04-09"/>
</node>
<node id="-349105907" lat="50.0628889" lon="19.936369" version="1" timestamp="2026-04-19T19:46:10.725980Z" action="modify"   >
	<tag k="name" v="Muzeum – Miejsce Pamięci KL Plaszow w Krakowie. Niemiecki nazistowski obóz pracy i obóz koncentracyjny (1942 - 1945)"/>
	<tag k="addr:postcode" v="31-011"/>
	<tag k="addr:city" v="Kraków"/>
	<tag k="addr:street" v="Rynek Główny"/>
	<tag k="addr:housenumber" v="35"/>
	<tag k="operator" v="Minister Kultury i Dziedzictwa Narodowego"/>
	<tag k="operator:type" v="government"/>
	<tag k="tourism" v="museum"/>
	<tag k="source:tourism" v="Wykaz Muzeów, wypis na dzień 2026-04-09"/>
</node>
<node id="-68821000" lat="51.3682891" lon="19.3524222" version="1" timestamp="2026-04-19T19:46:10.725980Z" action="modify"   >
	<tag k="name" v="Muzeum Tradycji i Oręża Jednostki Strzeleckiej w Bełchatowie"/>
	<tag k="addr:postcode" v="97-400"/>
	<tag k="addr:city" v="Bełchatów"/>
	<tag k="addr:street" v="dr. Włodzimierza Rodziewicza"/>
	<tag k="addr:housenumber" v="10"/>
	<tag k="operator" v="Związek Strzelecki Strzelec Józefa Piłsudskiego Jednostka Strzelecka 1001 w Bełchatowie im. gen. dyw. Janusza Głuchowskiego"/>
	<tag k="operator:type" v="ngo"/>
	<tag k="tourism" v="museum"/>
	<tag k="source:tourism" v="Wykaz Muzeów, wypis na dzień 2026-04-09"/>
</node>
<node id="-1068216173" lat="52.17114" lon="20.79591" version="1" timestamp="2026-04-19T19:46:10.725980Z" action="modify"   >
	<tag k="name" v="Muzeum Motoryzacji i Elektroniki w Pruszkowie"/>
	<tag k="addr:postcode" v="05-800"/>
	<tag k="addr:city" v="Pruszków"/>
	<tag k="addr:street" v="Inżynierska"/>
	<tag k="addr:housenumber" v="27"/>
	<tag k="operator" v="Marek Gawryszewski"/>
	<tag k="operator:type" v="private"/>
	<tag k="tourism" v="museum"/>
	<tag k="source:tourism" v="Wykaz Muzeów, wypis na dzień 2026-04-09"/>
</node>
<node id="-514101579" lat="52.1358678" lon="21.0107998" version="1" timestamp="2026-04-19T19:46:10.725980Z" action="modify"   >
	<tag k="name" v="Muzeum Samochodów Sportowych w Warszawie"/>
	<tag k="addr:postcode" v="02-820"/>
	<tag k="addr:city" v="Warszawa"/>
	<tag k="addr:street" v="Gawota"/>
	<tag k="addr:housenumber" v="13A"/>
	<tag k="operator" v="Rafał Winiarski"/>
	<tag k="operator:type" v="private"/>
	<tag k="tourism" v="museum"/>
	<tag k="source:tourism" v="Wykaz Muzeów, wypis na dzień 2026-04-09"/>
</node>
<node id="-23750114" lat="50.4805503" lon="17.3209976" version="1" timestamp="2026-04-19T19:46:10.725980Z" action="modify"   >
	<tag k="name" v="Muzeum Fort Prusy w Nysie"/>
	<tag k="addr:postcode" v="48-300"/>
	<tag k="addr:city" v="Nysa"/>
	<tag k="addr:street" v="Obrońców Tobruku"/>
	<tag k="addr:housenumber" v="1"/>
	<tag k="operator" v="Stowarzyszenie Przyjaciół Młodzieży Harmonia w Chaosie"/>
	<tag k="operator:type" v="ngo"/>
	<tag k="tourism" v="museum"/>
	<tag k="source:tourism" v="Wykaz Muzeów, wypis na dzień 2026-04-09"/>
</node>
<node id="-82747084" lat="50.3220961" lon="18.8221834" version="1" timestamp="2026-04-19T19:46:10.725980Z" action="modify"   >
	<tag k="name" v="Muzeum Pojazdów i Przedmiotów Zabytkowych w Zabrzu"/>
	<tag k="addr:postcode" v="41-803"/>
	<tag k="addr:city" v="Zabrze"/>
	<tag k="addr:street" v="B. Głowackiego"/>
	<tag k="addr:housenumber" v="5"/>
	<tag k="operator" v="Krzysztof Jentrzczok"/>
	<tag k="operator:type" v="private"/>
	<tag k="tourism" v="museum"/>
	<tag k="source:tourism" v="Wykaz Muzeów, wypis na dzień 2026-04-09"/>
</node>
<node id="-874241378" lat="53.1321387" lon="23.1665229" version="1" timestamp="2026-04-19T19:46:10.725980Z" action="modify"   >
	<tag k="name" v="Muzeum Wojska w Białymstoku"/>
	<tag k="addr:postcode" v="15-089"/>
	<tag k="addr:city" v="Białystok"/>
	<tag k="addr:street" v="Jana Kilińskiego"/>
	<tag k="addr:housenumber" v="7"/>
	<tag k="operator" v="Miasto Białystok"/>
	<tag k="operator:type" v="government"/>
	<tag k="tourism" v="museum"/>
	<tag k="source:tourism" v="Wykaz Muzeów, wypis na dzień 2026-04-09"/>
</node>
<node id="-929536169" lat="50.3139203" lon="16.8308516" version="1" timestamp="2026-04-19T19:46:10.725980Z" action="modify"   >
	<tag k="name" v="Muzeum Skansenowskie Gottwaldówka w Kątach Bystrzyckich"/>
	<tag k="addr:postcode" v="57-540"/>
	<tag k="addr:city" v="Lądek Zdrój"/>
	<tag k="addr:street" v="Kąty Bystrzyckie"/>
	<tag k="addr:housenumber" v="23"/>
	<tag k="operator" v="Renata Czaplińska"/>
	<tag k="operator:type" v="private"/>
	<tag k="tourism" v="museum"/>
	<tag k="source:tourism" v="Wykaz Muzeów, wypis na dzień 2026-04-09"/>
</node>
<node id="-56309495" lat="51.1551302" lon="15.5676736" version="1" timestamp="2026-04-19T19:46:10.725980Z" action="modify"   >
	<tag k="name" v="Muzeum Ołowianych Żolnierzyków w Żerkowicach"/>
	<tag k="addr:postcode" v="59-600"/>
	<tag k="addr:city" v="Lwówek Śląski"/>
	<tag k="addr:street" v="Żerkowice"/>
	<tag k="addr:housenumber" v="30D"/>
	<tag k="operator" v="Bogdan Rudawski"/>
	<tag k="operator:type" v="private"/>
	<tag k="tourism" v="museum"/>
	<tag k="source:tourism" v="Wykaz Muzeów, wypis na dzień 2026-04-09"/>
</node>
<node id="-955663591" lat="49.5604146" lon="18.9154366" version="1" timestamp="2026-04-19T19:46:10.725980Z" action="modify"   >
	<tag k="name" v="Muzeum Chata Kawuloka w Istebnej"/>
	<tag k="addr:postcode" v="43-470"/>
	<tag k="addr:city" v="Istebna"/>
	<tag k="addr:street" v="Istebna"/>
	<tag k="addr:housenumber" v="163"/>
	<tag k="operator" v="Janusz Macoszek"/>
	<tag k="operator:type" v="private"/>
	<tag k="tourism" v="museum"/>
	<tag k="source:tourism" v="Wykaz Muzeów, wypis na dzień 2026-04-09"/>
</node>
<node id="-866482443" lat="52.0217251" lon="21.1301595" version="1" timestamp="2026-04-19T19:46:10.725980Z" action="modify"   >
	<tag k="name" v="Muzeum Motoryzacji i Techniki Kiedyś to było w Solcu"/>
	<tag k="addr:postcode" v="05-532"/>
	<tag k="addr:city" v="Baniocha"/>
	<tag k="addr:street" v="Solec"/>
	<tag k="addr:housenumber" v="127E"/>
	<tag k="operator" v="Kamil Wilk"/>
	<tag k="operator:type" v="private"/>
	<tag k="tourism" v="museum"/>
	<tag k="source:tourism" v="Wykaz Muzeów, wypis na dzień 2026-04-09"/>
</node>
<node id="-926792060" lat="52.2675869" lon="20.9839427" version="1" timestamp="2026-04-19T19:46:10.725980Z" action="modify"   >
	<tag k="name" v="Muzeum Księdza Jerzego Popiełuszki w Warszawie"/>
	<tag k="addr:postcode" v="01-565"/>
	<tag k="addr:city" v="Warszawa"/>
	<tag k="addr:street" v="Hozjusza"/>
	<tag k="addr:housenumber" v="2"/>
	<tag k="operator" v="Parafia Rzymskokatolicka Świętego Stanisława Kostki w Warszawie"/>
	<tag k="operator:type" v="ngo"/>
	<tag k="tourism" v="museum"/>
	<tag k="source:tourism" v="Wykaz Muzeów, wypis na dzień 2026-04-09"/>
</node>
<node id="-516424553" lat="52.53586" lon="20.97444" version="1" timestamp="2026-04-19T19:46:10.725980Z" action="modify"   >
	<tag k="name" v="Muzeum Pól Bitewnych Przyczółek Serocki w Zalesiu Borowym"/>
	<tag k="addr:postcode" v="05-140"/>
	<tag k="addr:city" v="Serock"/>
	<tag k="addr:street" v="Zalesie Borowe"/>
	<tag k="addr:housenumber" v="11a"/>
	<tag k="operator" v="Sebastian Stępkowski"/>
	<tag k="operator:type" v="private"/>
	<tag k="tourism" v="museum"/>
	<tag k="source:tourism" v="Wykaz Muzeów, wypis na dzień 2026-04-09"/>
</node>
<node id="-75911801" lat="50.860793" lon="21.0823996" version="1" timestamp="2026-04-19T19:46:10.725980Z" action="modify"   >
	<tag k="name" v="Muzeum Starożytnego Hutnictwa Świętokrzyskiego im. Mieczysława Radwana w Nowej Słupi"/>
	<tag k="addr:postcode" v="26-006"/>
	<tag k="addr:city" v="Nowa Słupia"/>
	<tag k="addr:street" v="Świętokrzyska"/>
	<tag k="addr:housenumber" v="59"/>
	<tag k="operator" v="Miasto i Gmina Nowa Słupia"/>
	<tag k="operator:type" v="government"/>
	<tag k="tourism" v="museum"/>
	<tag k="source:tourism" v="Wykaz Muzeów, wypis na dzień 2026-04-09"/>
</node>
<node id="-518614587" lat="52.5742863" lon="20.6677635" version="1" timestamp="2026-04-19T19:46:10.725980Z" action="modify"   >
	<tag k="name" v="Muzeum Techniki Wojskowej w Borkowie"/>
	<tag k="addr:postcode" v="05-192"/>
	<tag k="addr:city" v="Cieksyn"/>
	<tag k="addr:street" v="Rzeczna"/>
	<tag k="addr:housenumber" v="36"/>
	<tag k="operator" v="Krzysztof Gawęda"/>
	<tag k="operator:type" v="private"/>
	<tag k="tourism" v="museum"/>
	<tag k="source:tourism" v="Wykaz Muzeów, wypis na dzień 2026-04-09"/>
</node>

<node id="-431771081" lat="53.8821689" lon="14.2212904" version="1" timestamp="2026-04-19T19:46:10.725980Z" action="modify"   >
	<tag k="name" v="Muzeum WYSPA KLASYKÓW w Świnoujściu"/>
	<tag k="addr:postcode" v="72-600"/>
	<tag k="addr:city" v="Świnoujście"/>
	<tag k="addr:street" v="Krzywa"/>
	<tag k="addr:housenumber" v="7a"/>
	<tag k="operator" v="Jacek Kimel"/>
	<tag k="operator:type" v="private"/>
	<tag k="tourism" v="museum"/>
	<tag k="source:tourism" v="Wykaz Muzeów, wypis na dzień 2026-04-09"/>
</node>
<node id="-1009185983" lat="52.2523026" lon="17.5829436" version="1" timestamp="2026-04-19T19:46:10.725980Z" action="modify"   >
	<tag k="name" v="Wilekopolskie Muzeum Motoryzacji i Dawnej Techniki w Nowej Wsi Królewskiej"/>
	<tag k="addr:postcode" v="62-204"/>
	<tag k="addr:city" v="Września"/>
	<tag k="addr:street" v="Nowa Wieś Królewska"/>
	<tag k="addr:housenumber" v="24"/>
	<tag k="operator" v="Sławomir Kośmicki"/>
	<tag k="operator:type" v="private"/>
	<tag k="tourism" v="museum"/>
	<tag k="source:tourism" v="Wykaz Muzeów, wypis na dzień 2026-04-09"/>
</node>
<node id="-573848714" lat="52.2553935" lon="21.0459882" version="1" timestamp="2026-04-19T19:46:10.725980Z" action="modify"   >
	<tag k="name" v="Muzeum Iluzji w Warszawie"/>
	<tag k="addr:postcode" v="03-736"/>
	<tag k="addr:city" v="Warszawa"/>
	<tag k="addr:street" v="Plac Konesera"/>
	<tag k="addr:housenumber" v="1"/>
	<tag k="operator" v="Museum of Illusion sp. z o.o."/>
	<tag k="operator:type" v="ngo"/>
	<tag k="tourism" v="museum"/>
	<tag k="source:tourism" v="Wykaz Muzeów, wypis na dzień 2026-04-09"/>
</node>
<node id="-76541622" lat="50.4479032" lon="18.8536839" version="1" timestamp="2026-04-19T19:46:10.725980Z" action="modify"   >
	<tag k="name" v="Muzeum Motoryzacji Titek w Tarnowskich Górach"/>
	<tag k="addr:postcode" v="42-600"/>
	<tag k="addr:city" v="Tarnowskie Góry"/>
	<tag k="addr:street" v="Świdra"/>
	<tag k="addr:housenumber" v="12"/>
	<tag k="operator" v="Tomasz Wilczek"/>
	<tag k="operator:type" v="private"/>
	<tag k="tourism" v="museum"/>
	<tag k="source:tourism" v="Wykaz Muzeów, wypis na dzień 2026-04-09"/>
</node>
<node id="-488431443" lat="51.1137982" lon="17.0335288" version="1" timestamp="2026-04-19T19:46:10.725980Z" action="modify"   >
	<tag k="name" v="Muzeum Uniwersytetu Wrocławskiego we Wrocławiu"/>
	<tag k="addr:postcode" v="50-137"/>
	<tag k="addr:city" v="Wrocław"/>
	<tag k="addr:street" v="Plac Uniwersytecki"/>
	<tag k="addr:housenumber" v="1"/>
	<tag k="operator" v="Uniwersytet Wrocławski"/>
	<tag k="operator:type" v="ngo"/>
	<tag k="tourism" v="museum"/>
	<tag k="source:tourism" v="Wykaz Muzeów, wypis na dzień 2026-04-09"/>
</node>
<node id="-52780037" lat="51.7664336" lon="19.4574163" version="1" timestamp="2026-04-19T19:46:10.725980Z" action="modify"   >
	<tag k="name" v="Muzeum Dzieci Polskich - ofiar totalitaryzmu. Niemiecki nazistowski obóz dla polskich dzieci w Łodzi (1942-1945)"/>
	<tag k="addr:postcode" v="90-103"/>
	<tag k="addr:city" v="Łodź"/>
	<tag k="addr:street" v="Piotrkowska"/>
	<tag k="addr:housenumber" v="90"/>
	<tag k="operator" v="Minister Kultury i Dziedzictwa Narodowego"/>
	<tag k="operator:type" v="government"/>
	<tag k="tourism" v="museum"/>
	<tag k="source:tourism" v="Wykaz Muzeów, wypis na dzień 2026-04-09"/>
</node>
<node id="-24501139" lat="50.4119561" lon="16.4540802" version="1" timestamp="2026-04-19T19:46:10.725980Z" action="modify"   >
	<tag k="name" v="Muzeum Militarne Pogranicze w Szczytnej"/>
	<tag k="addr:postcode" v="57-330"/>
	<tag k="addr:city" v="Szczytna"/>
	<tag k="addr:street" v="Zamkowa"/>
	<tag k="addr:housenumber" v="12"/>
	<tag k="operator" v="Andrzej Wasielewski"/>
	<tag k="operator:type" v="private"/>
	<tag k="tourism" v="museum"/>
	<tag k="source:tourism" v="Wykaz Muzeów, wypis na dzień 2026-04-09"/>
</node>
<node id="-557416830" lat="51.0093125" lon="20.4002269" version="1" timestamp="2026-04-19T19:46:10.725980Z" action="modify"   >
	<tag k="name" v="Muzeum Historyczno-Regionalne im. Biskupa Hugona Kołłątaja w Grzymałkowie"/>
	<tag k="addr:postcode" v="26-080"/>
	<tag k="addr:city" v="Grzymałków"/>
	<tag k="addr:street" v="Kościelna"/>
	<tag k="addr:housenumber" v="6"/>
	<tag k="operator" v="Fundacja im. Stefana Żerowskiego"/>
	<tag k="operator:type" v="ngo"/>
	<tag k="tourism" v="museum"/>
	<tag k="source:tourism" v="Wykaz Muzeów, wypis na dzień 2026-04-09"/>
</node>
<node id="-684974914" lat="52.0467713" lon="21.64682" version="1" timestamp="2026-04-19T19:46:10.725980Z" action="modify"   >
	<tag k="name" v="Muzeum w Zagrodzie Młyńskiej Ptaki"/>
	<tag k="addr:postcode" v="05-332"/>
	<tag k="addr:city" v="Siennica"/>
	<tag k="addr:street" v="Ptaki"/>
	<tag k="addr:housenumber" v="11"/>
	<tag k="operator" v="Zbigniew Nowosielski"/>
	<tag k="operator:type" v="private"/>
	<tag k="tourism" v="museum"/>
	<tag k="source:tourism" v="Wykaz Muzeów, wypis na dzień 2026-04-09"/>
</node>
<node id="-219436444" lat="51.3069507" lon="17.0570351" version="1" timestamp="2026-04-19T19:46:10.725980Z" action="modify"   >
	<tag k="name" v="Gminne Muzeum Ziemi Trzebnickiej w Trzebnicy"/>
	<tag k="addr:postcode" v="55-100"/>
	<tag k="addr:city" v="Trzebnica"/>
	<tag k="addr:street" v="Rynek"/>
	<tag k="addr:housenumber" v="25"/>
	<tag k="operator" v="Gmina Trzebnica"/>
	<tag k="operator:type" v="government"/>
	<tag k="tourism" v="museum"/>
	<tag k="source:tourism" v="Wykaz Muzeów, wypis na dzień 2026-04-09"/>
</node>
<node id="-291131486" lat="50.8903508" lon="20.6707089" version="1" timestamp="2026-04-19T19:46:10.725980Z" action="modify"   >
	<tag k="name" v="Muzeum Wyposażenia Wojskowego 1939-1945/ Military Equipment Muzeum 1939-1945 w Kielcach"/>
	<tag k="addr:postcode" v="25-430"/>
	<tag k="addr:city" v="Kielce"/>
	<tag k="addr:street" v="Jana Nowaka Jeziorańskiego"/>
	<tag k="addr:housenumber" v="89"/>
	<tag k="operator" v="Mateusz Kwiatek"/>
	<tag k="operator:type" v="private"/>
	<tag k="tourism" v="museum"/>
	<tag k="source:tourism" v="Wykaz Muzeów, wypis na dzień 2026-04-09"/>
</node>
<node id="-401840817" lat="52.2871163" lon="20.8279556" version="1" timestamp="2026-04-19T19:46:10.725980Z" action="modify"   >
	<tag k="name" v="Muzeum Motoryzacji i Techniki Automania w Izabelinie"/>
	<tag k="addr:postcode" v="05-080"/>
	<tag k="addr:city" v="Izabelin"/>
	<tag k="addr:street" v="Sienkiewicza"/>
	<tag k="addr:housenumber" v="53"/>
	<tag k="operator" v="Łukasz Wasilczuk"/>
	<tag k="operator:type" v="private"/>
	<tag k="tourism" v="museum"/>
	<tag k="source:tourism" v="Wykaz Muzeów, wypis na dzień 2026-04-09"/>
</node>
<node id="-170649339" lat="52.4721353" lon="21.428059" version="1" timestamp="2026-04-19T19:46:10.725980Z" action="modify"   >
	<tag k="name" v="Muzeum Cypriana Norwida w Dębinkach"/>
	<tag k="addr:postcode" v="07-230"/>
	<tag k="addr:city" v="Dębinki"/>
	<tag k="addr:street" v="Pałacowa"/>
	<tag k="addr:housenumber" v="7"/>
	<tag k="operator" v="Powiat Wyszkowski, Gminba Zabrodzie, Fundacja Museion Norwid, Ministerstwo Kultury i Dziedzictwa Narodowego"/>
	<tag k="operator:type" v="government"/>
	<tag k="tourism" v="museum"/>
	<tag k="source:tourism" v="Wykaz Muzeów, wypis na dzień 2026-04-09"/>
</node>
<node id="-380051522" lat="54.315442" lon="18.0735612" version="1" timestamp="2026-04-19T19:46:10.725980Z" action="modify"   >
	<tag k="name" v="Kaszubskie Muzeum Motoryzacji i Techniki w Chmielnie"/>
	<tag k="addr:postcode" v="83-333"/>
	<tag k="addr:city" v="Chmielno"/>
	<tag k="addr:street" v="Raduńska"/>
	<tag k="addr:housenumber" v="32B"/>
	<tag k="operator" v="Włodzimierz Jank"/>
	<tag k="operator:type" v="private"/>
	<tag k="tourism" v="museum"/>
	<tag k="source:tourism" v="Wykaz Muzeów, wypis na dzień 2026-04-09"/>
</node>
<node id="-612395483" lat="53.3493915" lon="18.4235473" version="1" timestamp="2026-04-19T19:46:10.725980Z" action="modify"   >
	<tag k="name" v="Muzeum Ziemi Chełmińskiej w Chełmnie"/>
	<tag k="addr:postcode" v="86-200"/>
	<tag k="addr:city" v="Chełmno"/>
	<tag k="addr:street" v="Rynek-Ratusz"/>
	<tag k="addr:housenumber" v="28"/>
	<tag k="operator" v="Gmina Miasto Chełmno"/>
	<tag k="operator:type" v="government"/>
	<tag k="tourism" v="museum"/>
	<tag k="source:tourism" v="Wykaz Muzeów, wypis na dzień 2026-04-09"/>
</node>
<node id="-590620337" lat="52.4155882" lon="20.9058817" version="1" timestamp="2026-04-19T19:46:10.725980Z" action="modify"   >
	<tag k="name" v="Legionowskie Muzeum Wojskowe"/>
	<tag k="addr:postcode" v="05-120"/>
	<tag k="addr:city" v="Legionowo"/>
	<tag k="addr:street" v="Topolowa"/>
	<tag k="addr:housenumber" v="26c"/>
	<tag k="operator" v="Łukasz Suska"/>
	<tag k="operator:type" v="private"/>
	<tag k="tourism" v="museum"/>
	<tag k="source:tourism" v="Wykaz Muzeów, wypis na dzień 2026-04-09"/>
</node>
<node id="-639013247" lat="50.9792858" lon="22.4009939" version="1" timestamp="2026-04-19T19:46:10.725980Z" action="modify"   >
	<tag k="name" v="Muzeum Ziemi Zakrzowieckiej w Bystrzycy"/>
	<tag k="addr:postcode" v="23-213"/>
	<tag k="addr:city" v="Zakrzówek"/>
	<tag k="addr:street" v="Bystrzyca"/>
	<tag k="addr:housenumber" v="152"/>
	<tag k="operator" v="Fundacja Semper Adiuvent"/>
	<tag k="operator:type" v="ngo"/>
	<tag k="tourism" v="museum"/>
	<tag k="source:tourism" v="Wykaz Muzeów, wypis na dzień 2026-04-09"/>
</node>
<node id="-74056202" lat="49.981977" lon="18.5129726" version="1" timestamp="2026-04-19T19:46:10.725980Z" action="modify"   >
	<tag k="name" v="Muzeum Motoryzacji i Techniki w Mszanie"/>
	<tag k="addr:postcode" v="44-325"/>
	<tag k="addr:city" v="Mszana"/>
	<tag k="addr:street" v="Ładna"/>
	<tag k="addr:housenumber" v="2"/>
	<tag k="operator" v="Jarosław Konieczny"/>
	<tag k="operator:type" v="private"/>
	<tag k="tourism" v="museum"/>
	<tag k="source:tourism" v="Wykaz Muzeów, wypis na dzień 2026-04-09"/>
</node>
<node id="-385068528" lat="51.689139" lon="19.4119091" version="1" timestamp="2026-04-19T19:46:10.725980Z" action="modify"   >
	<tag k="name" v="Muzeum Japońskiej Motoryzacji SAKURA w Ksawerowie"/>
	<tag k="addr:postcode" v="95-054"/>
	<tag k="addr:city" v="Ksawerów"/>
	<tag k="addr:street" v="Pomorska"/>
	<tag k="addr:housenumber" v="33"/>
	<tag k="operator" v="Damian Żaczek prowadzący działalność gospodarczą pod firmą SAKURA CARS DAMIAN ŻACZEK"/>
	<tag k="operator:type" v="private"/>
	<tag k="tourism" v="museum"/>
	<tag k="source:tourism" v="Wykaz Muzeów, wypis na dzień 2026-04-09"/>
</node>

<node id="-736168404" lat="49.5609053" lon="22.207028" version="1" timestamp="2026-04-19T19:46:10.725980Z" action="modify"   >
	<tag k="name" v="Muzeum Motoryzacji i Techniki LANDKLASYK w Nowym Polichnie"/>
	<tag k="addr:postcode" v="66-431"/>
	<tag k="addr:city" v="Sanok"/>
	<tag k="addr:street" v="Nowe Polichno"/>
	<tag k="addr:housenumber" v="15A"/>
	<tag k="operator" v="Karol Dzwonkowski"/>
	<tag k="operator:type" v="private"/>
	<tag k="tourism" v="museum"/>
	<tag k="source:tourism" v="Wykaz Muzeów, wypis na dzień 2026-04-09"/>
</node>
<node id="-652093473" lat="51.9215634" lon="22.4674921" version="1" timestamp="2026-04-19T19:46:10.725980Z" action="modify"   >
	<tag k="name" v="Muzeum Pamiątek z Okresu PRL w Turzych Rogach"/>
	<tag k="addr:postcode" v="21-400"/>
	<tag k="addr:city" v="Łuków/ Turze Rogi"/>
	<tag k="addr:street" v="Nowa Droga"/>
	<tag k="addr:housenumber" v="55"/>
	<tag k="operator" v="Łukasz Celiński"/>
	<tag k="operator:type" v="private"/>
	<tag k="tourism" v="museum"/>
	<tag k="source:tourism" v="Wykaz Muzeów, wypis na dzień 2026-04-09"/>
</node>
<node id="-1039676386" lat="54.3244528" lon="18.5133545" version="1" timestamp="2026-04-19T19:46:10.725980Z" action="modify"   >
	<tag k="name" v="Pomorskie Muzeum Motoryzacji MOTOLANDIA w Otominie"/>
	<tag k="addr:postcode" v="80-174"/>
	<tag k="addr:city" v="Otomin"/>
	<tag k="addr:street" v="Słoneczna"/>
	<tag k="addr:housenumber" v="22"/>
	<tag k="operator" v="Piotr Kozłowski"/>
	<tag k="operator:type" v="private"/>
	<tag k="tourism" v="museum"/>
	<tag k="source:tourism" v="Wykaz Muzeów, wypis na dzień 2026-04-09"/>
</node>
<node id="-363688811" lat="53.51704" lon="17.29149" version="1" timestamp="2026-04-19T19:46:10.725980Z" action="modify"   >
	<tag k="name" v="Muzeum Kultury Wojennej i Technologii Uzbrojenia w Lipce"/>
	<tag k="addr:postcode" v="77-320"/>
	<tag k="addr:city" v="Lipka"/>
	<tag k="addr:street" v="Osiedle Rajdowe"/>
	<tag k="addr:housenumber" v="5"/>
	<tag k="operator" v="Józef Cieszkowski"/>
	<tag k="operator:type" v="private"/>
	<tag k="tourism" v="museum"/>
	<tag k="source:tourism" v="Wykaz Muzeów, wypis na dzień 2026-04-09"/>
</node>
<node id="-92669620" lat="50.0117026" lon="21.8487069" version="1" timestamp="2026-04-19T19:46:10.725980Z" action="modify"   >
	<tag k="name" v="Muzeum Motoryzacji Klasycznej w Woli Zgłobieńskiej"/>
	<tag k="addr:postcode" v="36-046"/>
	<tag k="addr:city" v="Zgłobień"/>
	<tag k="addr:street" v="Wola Zgłobieńska"/>
	<tag k="addr:housenumber" v="259"/>
	<tag k="operator" v="Michał Witalec"/>
	<tag k="operator:type" v="private"/>
	<tag k="tourism" v="museum"/>
	<tag k="source:tourism" v="Wykaz Muzeów, wypis na dzień 2026-04-09"/>
</node>
<node id="-874442567" lat="50.4783363" lon="20.0411631" version="1" timestamp="2026-04-19T19:46:10.725980Z" action="modify"   >
	<tag k="name" v="Muzeum Zakladów Zbożowych w Kozłowie"/>
	<tag k="addr:postcode" v="32-241"/>
	<tag k="addr:city" v="Kozłów"/>
	<tag k="addr:street" v="Kozłów"/>
	<tag k="addr:housenumber" v="19"/>
	<tag k="operator" v="Stowarzyszenie- Muzeum Przedsiębiorstwo Zbożowo Młynarskie Polskie Zakłady Zbożowe PZM-PZZ Kozłów"/>
	<tag k="operator:type" v="ngo"/>
	<tag k="tourism" v="museum"/>
	<tag k="source:tourism" v="Wykaz Muzeów, wypis na dzień 2026-04-09"/>
</node>
<node id="-221896752" lat="52.0225619" lon="18.516512" version="1" timestamp="2026-04-19T19:46:10.725980Z" action="modify"   >
	<tag k="name" v="Muzeum Motoryzacji Amerykańskiej w Turku"/>
	<tag k="addr:postcode" v="62-700"/>
	<tag k="addr:city" v="Turek"/>
	<tag k="addr:street" v="Milewskiego"/>
	<tag k="addr:housenumber" v="21"/>
	<tag k="operator" v="Kamil Farbicki"/>
	<tag k="operator:type" v="private"/>
	<tag k="tourism" v="museum"/>
	<tag k="source:tourism" v="Wykaz Muzeów, wypis na dzień 2026-04-09"/>
</node>
<node id="-96169329" lat="53.3440225" lon="15.032907" version="1" timestamp="2026-04-19T19:46:10.725980Z" action="modify"   >
	<tag k="name" v="Prywatne Muzeum Motoryzacji Współczesnej w Stargardzie"/>
	<tag k="addr:postcode" v="73-110"/>
	<tag k="addr:city" v="Stargard"/>
	<tag k="addr:street" v="Piłsudskiego"/>
	<tag k="addr:housenumber" v="28"/>
	<tag k="operator" v="Piotr Bartosiak"/>
	<tag k="operator:type" v="private"/>
	<tag k="tourism" v="museum"/>
	<tag k="source:tourism" v="Wykaz Muzeów, wypis na dzień 2026-04-09"/>
</node>
<node id="-674472557" lat="51.82413" lon="17.44979" version="1" timestamp="2026-04-19T19:46:10.725980Z" action="modify"   >
	<tag k="name" v="Muzeum Ziemi Koźmińskiej w Koźminie Wielkopolskim"/>
	<tag k="addr:postcode" v="63-720"/>
	<tag k="addr:city" v="Koźmin Wielkopolski"/>
	<tag k="addr:street" v="Zamkowa"/>
	<tag k="addr:housenumber" v="1"/>
	<tag k="operator" v="Gminny Zespół Instytucji Kultury w Koźminie Wielkopolskim"/>
	<tag k="operator:type" v="ngo"/>
	<tag k="tourism" v="museum"/>
	<tag k="source:tourism" v="Wykaz Muzeów, wypis na dzień 2026-04-09"/>
</node>
<node id="-314515964" lat="52.49211" lon="19.23724" version="1" timestamp="2026-04-19T19:46:10.725980Z" action="modify"   >
	<tag k="name" v="Muzeum Militarne w Baruchowie"/>
	<tag k="addr:postcode" v="87-821"/>
	<tag k="addr:city" v="Baruchowo"/>
	<tag k="addr:street" v="Baruchowo"/>
	<tag k="addr:housenumber" v="8a"/>
	<tag k="operator" v="Jacek Jabłoński"/>
	<tag k="operator:type" v="private"/>
	<tag k="tourism" v="museum"/>
	<tag k="source:tourism" v="Wykaz Muzeów, wypis na dzień 2026-04-09"/>
</node>
<node id="-98133885" lat="52.4969232" lon="20.0109439" version="1" timestamp="2026-04-19T19:46:10.725980Z" action="modify"   >
	<tag k="name" v="Muzeum Motoryzacji i Techniki w Bodzanowie"/>
	<tag k="addr:postcode" v="09-470"/>
	<tag k="addr:city" v="Bodzanów"/>
	<tag k="addr:street" v="Ks. J. Poniatowskiego"/>
	<tag k="addr:housenumber" v="7"/>
	<tag k="operator" v="Maciej Szelągowski"/>
	<tag k="operator:type" v="private"/>
	<tag k="tourism" v="museum"/>
	<tag k="source:tourism" v="Wykaz Muzeów, wypis na dzień 2026-04-09"/>
</node>
<node id="-431964636" lat="52.1717995" lon="21.2077778" version="1" timestamp="2026-04-19T19:46:10.725980Z" action="modify"   >
	<tag k="name" v="Muzeum Motoryzacji i Techniki w Warszawie"/>
	<tag k="addr:postcode" v="04-849"/>
	<tag k="addr:city" v="Warszawa"/>
	<tag k="addr:street" v="Żwanowiecka"/>
	<tag k="addr:housenumber" v="26"/>
	<tag k="operator" v="Jacek Budkowski"/>
	<tag k="operator:type" v="private"/>
	<tag k="tourism" v="museum"/>
	<tag k="source:tourism" v="Wykaz Muzeów, wypis na dzień 2026-04-09"/>
</node>
<node id="-252706069" lat="53.9262256" lon="15.1890945" version="1" timestamp="2026-04-19T19:46:10.725980Z" action="modify"   >
	<tag k="name" v="Muzeum Motoryzacji i Sprzętu Przeciwpożarowego w Gryficach"/>
	<tag k="addr:postcode" v="72-300"/>
	<tag k="addr:city" v="Gryfice"/>
	<tag k="addr:street" v="Szmaragdowa"/>
	<tag k="addr:housenumber" v="19"/>
	<tag k="operator" v="Krzysztof Wrzesiński"/>
	<tag k="operator:type" v="private"/>
	<tag k="tourism" v="museum"/>
	<tag k="source:tourism" v="Wykaz Muzeów, wypis na dzień 2026-04-09"/>
</node>
<node id="-491745877" lat="50.4457352" lon="23.4170825" version="1" timestamp="2026-04-19T19:46:10.725980Z" action="modify"   >
	<tag k="name" v="Muzeum Oręża i Techniki Wojskowej- SJS2019 w Tomaszowie Lubelskim"/>
	<tag k="addr:postcode" v="22-600"/>
	<tag k="addr:city" v="Tomaszów Lubelski"/>
	<tag k="addr:street" v="Lwowska"/>
	<tag k="addr:housenumber" v="63"/>
	<tag k="operator" v="Stowarzyszenie Jednostka Strzelecka 2019"/>
	<tag k="operator:type" v="ngo"/>
	<tag k="tourism" v="museum"/>
	<tag k="source:tourism" v="Wykaz Muzeów, wypis na dzień 2026-04-09"/>
</node>
<node id="-905462452" lat="53.8742136" lon="14.532622" version="1" timestamp="2026-04-19T19:46:10.725980Z" action="modify"   >
	<tag k="name" v="Muzeum Korba w Dargobądzu"/>
	<tag k="addr:postcode" v="72-510"/>
	<tag k="addr:city" v="Wolin"/>
	<tag k="addr:street" v="Dargobądz"/>
	<tag k="addr:housenumber" v="25"/>
	<tag k="operator" v="Andrzej Andrzejewski"/>
	<tag k="operator:type" v="private"/>
	<tag k="tourism" v="museum"/>
	<tag k="source:tourism" v="Wykaz Muzeów, wypis na dzień 2026-04-09"/>
</node>
<node id="-603552127" lat="53.73808" lon="19.02509" version="1" timestamp="2026-04-19T19:46:10.725980Z" action="modify"   >
	<tag k="name" v="Pomorskie Muzeum Motoryzacji i Techniki w Rakowcu"/>
	<tag k="addr:postcode" v="82-500"/>
	<tag k="addr:city" v="Rakowiec"/>
	<tag k="addr:street" v="Piękna"/>
	<tag k="addr:housenumber" v="11"/>
	<tag k="operator" v="Agnieszka Wiercińska i Marek Wierciński"/>
	<tag k="operator:type" v="private"/>
	<tag k="tourism" v="museum"/>
	<tag k="source:tourism" v="Wykaz Muzeów, wypis na dzień 2026-04-09"/>
</node>
<node id="-1018631388" lat="54.1323354" lon="19.0543585" version="1" timestamp="2026-04-19T19:46:10.725980Z" action="modify"   >
	<tag k="name" v="Muzeum Pojazdów Specjalistycznych w Nowym Stawie"/>
	<tag k="addr:postcode" v="82-230"/>
	<tag k="addr:city" v="Nowy Staw"/>
	<tag k="addr:street" v="Chlebówka"/>
	<tag k="addr:housenumber" v="20"/>
	<tag k="operator" v="Anna Szafran"/>
	<tag k="operator:type" v="private"/>
	<tag k="tourism" v="museum"/>
	<tag k="source:tourism" v="Wykaz Muzeów, wypis na dzień 2026-04-09"/>
</node>
<node id="-173702987" lat="50.3383243" lon="18.7006247" version="1" timestamp="2026-04-19T19:46:10.725980Z" action="modify"   >
	<tag k="name" v="Śląskie Muzeum Motoryzacji w Szałszy"/>
	<tag k="addr:postcode" v="42-677"/>
	<tag k="addr:city" v="Szałsza"/>
	<tag k="addr:street" v="Cisowa"/>
	<tag k="addr:housenumber" v="12a"/>
	<tag k="operator" v="Szymon Andrzej Pudlik"/>
	<tag k="operator:type" v="private"/>
	<tag k="tourism" v="museum"/>
	<tag k="source:tourism" v="Wykaz Muzeów, wypis na dzień 2026-04-09"/>
</node>
<node id="-459270650" lat="52.3230569" lon="16.89144" version="1" timestamp="2026-04-19T19:46:10.725980Z" action="modify"   >
	<tag k="name" v="Muzeum Motoryzacji Użytkowej i Techniki Specjalnej w Luboniu"/>
	<tag k="addr:postcode" v="62-030"/>
	<tag k="addr:city" v="Luboń"/>
	<tag k="addr:street" v="Łąkowa"/>
	<tag k="addr:housenumber" v="9"/>
	<tag k="operator" v="Joanna Goraj-Chytry"/>
	<tag k="operator:type" v="private"/>
	<tag k="tourism" v="museum"/>
	<tag k="source:tourism" v="Wykaz Muzeów, wypis na dzień 2026-04-09"/>
</node>
<node id="-562687678" lat="53.1385379" lon="14.8914361" version="1" timestamp="2026-04-19T19:46:10.725980Z" action="modify"   >
	<tag k="name" v="Muzeum Historyczno- Kulturalne w Pyrzycach"/>
	<tag k="addr:postcode" v="74-200"/>
	<tag k="addr:city" v="Pyrzyce"/>
	<tag k="addr:street" v="Lipiańska"/>
	<tag k="addr:housenumber" v="2"/>
	<tag k="operator" v="Stowarzyszenie Inicjatywa Ziemia Pyrzycka"/>
	<tag k="operator:type" v="ngo"/>
	<tag k="tourism" v="museum"/>
	<tag k="source:tourism" v="Wykaz Muzeów, wypis na dzień 2026-04-09"/>
</node>
<node id="-45758279" lat="50.236917" lon="18.6478389" version="1" timestamp="2026-04-19T19:46:10.725980Z" action="modify"   >
	<tag k="name" v="Muzeum Zabytków Ziemi Śląskiej w Knurowie"/>
	<tag k="addr:postcode" v="44-196"/>
	<tag k="addr:city" v="Knurów"/>
	<tag k="addr:street" v="26 Stycznia"/>
	<tag k="addr:housenumber" v="40"/>
	<tag k="operator" v="Arkadiusz Szołtysek"/>
	<tag k="operator:type" v="private"/>
	<tag k="tourism" v="museum"/>
	<tag k="source:tourism" v="Wykaz Muzeów, wypis na dzień 2026-04-09"/>
</node>
<node id="-945007208" lat="52.04889" lon="18.87312" version="1" timestamp="2026-04-19T19:46:10.725980Z" action="modify"   >
	<tag k="name" v="Muzeum Szlachty Łęczyckiej w Kozankach Podleśnych"/>
	<tag k="addr:postcode" v="99-140"/>
	<tag k="addr:city" v="Świnice Warckie"/>
	<tag k="addr:street" v="Kozanki Podleśne"/>
	<tag k="addr:housenumber" v="22"/>
	<tag k="operator" v="Andrzej Więckowski"/>
	<tag k="operator:type" v="private"/>
	<tag k="tourism" v="museum"/>
	<tag k="source:tourism" v="Wykaz Muzeów, wypis na dzień 2026-04-09"/>
</node>
<node id="-962823864" lat="52.0888145" lon="20.8024235" version="1" timestamp="2026-04-19T19:46:10.725980Z" action="modify"   >
	<tag k="name" v="Muzeum Pojazdów i Pamiątek Motoryzacyjnych w Nadarzynie"/>
	<tag k="addr:postcode" v="05-830"/>
	<tag k="addr:city" v="Nadarzyn"/>
	<tag k="addr:street" v="Pogodna"/>
	<tag k="addr:housenumber" v="2"/>
	<tag k="operator" v="Paweł Nowak"/>
	<tag k="operator:type" v="private"/>
	<tag k="tourism" v="museum"/>
	<tag k="source:tourism" v="Wykaz Muzeów, wypis na dzień 2026-04-09"/>
</node>
<node id="-1028275404" lat="53.1589214" lon="17.8358133" version="1" timestamp="2026-04-19T19:46:10.725980Z" action="modify"   >
	<tag k="name" v="Muzeum Historii i Techniki Baza Maszynowa w Kuszynie"/>
	<tag k="addr:postcode" v="86-014"/>
	<tag k="addr:city" v="Kruszyn"/>
	<tag k="addr:street" v="Bydgoska"/>
	<tag k="addr:housenumber" v="12"/>
	<tag k="operator" v="Mateusz Niedzwiecki"/>
	<tag k="operator:type" v="private"/>
	<tag k="tourism" v="museum"/>
	<tag k="source:tourism" v="Wykaz Muzeów, wypis na dzień 2026-04-09"/>
</node>
<node id="-31086508" lat="50.6543205" lon="16.8156096" version="1" timestamp="2026-04-19T19:46:10.725980Z" action="modify"   >
	<tag k="name" v="Muzeum Sztuki Zagrabionej w Sulisławicach"/>
	<tag k="addr:postcode" v="57-212"/>
	<tag k="addr:city" v="Ząbkowice Śląskie"/>
	<tag k="addr:street" v="Sulisławice"/>
	<tag k="addr:housenumber" v="6"/>
	<tag k="operator" v="Polish Lost Art Foundation"/>
	<tag k="operator:type" v="ngo"/>
	<tag k="tourism" v="museum"/>
	<tag k="source:tourism" v="Wykaz Muzeów, wypis na dzień 2026-04-09"/>
</node>
<node id="-103008975" lat="52.4206403" lon="20.8640642" version="1" timestamp="2026-04-19T19:46:10.725980Z" action="modify"   >
	<tag k="name" v="Muzeum Techniki i Motoryzacji Motoweteran w Dąbrowie Chotomowskiej"/>
	<tag k="addr:postcode" v="05-123"/>
	<tag k="addr:city" v="Dąbrowa Chotomowska"/>
	<tag k="addr:street" v="Lipowa"/>
	<tag k="addr:housenumber" v="45"/>
	<tag k="operator" v="Jan Bogacki"/>
	<tag k="operator:type" v="private"/>
	<tag k="tourism" v="museum"/>
	<tag k="source:tourism" v="Wykaz Muzeów, wypis na dzień 2026-04-09"/>
</node>
<node id="-564200024" lat="51.504649" lon="18.26977" version="1" timestamp="2026-04-19T19:46:10.725980Z" action="modify"   >
	<tag k="name" v="Muzeum Elementarza im. prof. Mariana Falskiego w Kuźnicy Grabowskiej"/>
	<tag k="addr:postcode" v="63-522"/>
	<tag k="addr:city" v="Kuźnica Grabowska"/>
	<tag k="addr:street" v="Kuźnica Grabowska"/>
	<tag k="addr:housenumber" v="105"/>
	<tag k="operator" v="Gmina Kraszewice"/>
	<tag k="operator:type" v="government"/>
	<tag k="tourism" v="museum"/>
	<tag k="source:tourism" v="Wykaz Muzeów, wypis na dzień 2026-04-09"/>
</node>
<node id="-506155736" lat="52.3498193" lon="16.844165" version="1" timestamp="2026-04-19T19:46:10.725980Z" action="modify"   >
	<tag k="name" v="Muzeum Motoryzacji Caffe Garage w Poznaniu"/>
	<tag k="addr:postcode" v="60-012"/>
	<tag k="addr:city" v="Poznań"/>
	<tag k="addr:street" v="Ustronna"/>
	<tag k="addr:housenumber" v="27"/>
	<tag k="operator" v="Mateusz Mazur"/>
	<tag k="operator:type" v="private"/>
	<tag k="tourism" v="museum"/>
	<tag k="source:tourism" v="Wykaz Muzeów, wypis na dzień 2026-04-09"/>
</node>
<node id="-135860481" lat="52.470012" lon="20.7345148" version="1" timestamp="2026-04-19T19:46:10.725980Z" action="modify"   >
	<tag k="name" v="Muzeum Motoryzacji w Pomiechowie"/>
	<tag k="addr:postcode" v="05-180"/>
	<tag k="addr:city" v="Pomiechowo"/>
	<tag k="addr:street" v="Kościelna"/>
	<tag k="addr:housenumber" v="22C"/>
	<tag k="operator" v="Dariusz Bielecki"/>
	<tag k="operator:type" v="private"/>
	<tag k="tourism" v="museum"/>
	<tag k="source:tourism" v="Wykaz Muzeów, wypis na dzień 2026-04-09"/>
</node>
<node id="-490204108" lat="52.1204173" lon="23.138316" version="1" timestamp="2026-04-19T19:46:10.725980Z" action="modify"   >
	<tag k="name" v="Muzeum Techniki Motoryzacyjnej i pojazdów Specjalistycznych w Ossówce"/>
	<tag k="addr:postcode" v="21-542"/>
	<tag k="addr:city" v="Leśna Podlaska"/>
	<tag k="addr:street" v="Ossówka"/>
	<tag k="addr:housenumber" v="25c"/>
	<tag k="operator" v="Radosław Tur"/>
	<tag k="operator:type" v="private"/>
	<tag k="tourism" v="museum"/>
	<tag k="source:tourism" v="Wykaz Muzeów, wypis na dzień 2026-04-09"/>
</node>
<node id="-1018148063" lat="51.19312" lon="20.37142" version="1" timestamp="2026-04-19T19:46:10.725980Z" action="modify"   >
	<tag k="name" v="Muzeum Polskie Drogi w Modliszewicach"/>
	<tag k="addr:postcode" v="26-200"/>
	<tag k="addr:city" v="Modliszewice"/>
	<tag k="addr:street" v="Zielona"/>
	<tag k="addr:housenumber" v="42"/>
	<tag k="operator" v="Piomar Końskie sp. z o.o."/>
	<tag k="operator:type" v="ngo"/>
	<tag k="tourism" v="museum"/>
	<tag k="source:tourism" v="Wykaz Muzeów, wypis na dzień 2026-04-09"/>
</node>
<node id="-816501827" lat="52.735973" lon="15.4027406" version="1" timestamp="2026-04-19T19:46:10.725980Z" action="modify"   >
	<tag k="name" v="Muzeum Leśnictwa i Gospodarstwa Domowego DRZEWIEJ BYWAŁO w Santoku"/>
	<tag k="addr:postcode" v="66-431"/>
	<tag k="addr:city" v="Santok"/>
	<tag k="addr:street" v="Gorzowska"/>
	<tag k="addr:housenumber" v="67"/>
	<tag k="operator" v="Roch Kaczorowski"/>
	<tag k="operator:type" v="private"/>
	<tag k="tourism" v="museum"/>
	<tag k="source:tourism" v="Wykaz Muzeów, wypis na dzień 2026-04-09"/>
</node>
<node id="-690816413" lat="51.1560014" lon="16.89464" version="1" timestamp="2026-04-19T19:46:10.725980Z" action="modify"   >
	<tag k="name" v="Muzeum Szybownictwa Polskiego we Wrocławiu"/>
	<tag k="addr:postcode" v="54-054"/>
	<tag k="addr:city" v="Wrocław"/>
	<tag k="addr:street" v="Oliwkowa"/>
	<tag k="addr:housenumber" v="11"/>
	<tag k="operator" v="Bartłomiej Kot"/>
	<tag k="operator:type" v="private"/>
	<tag k="tourism" v="museum"/>
	<tag k="source:tourism" v="Wykaz Muzeów, wypis na dzień 2026-04-09"/>
</node>
<node id="-249412865" lat="53.8914059" lon="21.2891124" version="1" timestamp="2026-04-19T19:46:10.725980Z" action="modify"   >
	<tag k="name" v="Muzeum Samochodów Historycznych Nostalgia w Mrągowie"/>
	<tag k="addr:postcode" v="11-700"/>
	<tag k="addr:city" v="Mrągowo"/>
	<tag k="addr:street" v="Młodkowskiego"/>
	<tag k="addr:housenumber" v="40"/>
	<tag k="operator" v="Business Investment & Counseling Sp. z o.o."/>
	<tag k="operator:type" v="ngo"/>
	<tag k="tourism" v="museum"/>
	<tag k="source:tourism" v="Wykaz Muzeów, wypis na dzień 2026-04-09"/>
</node>
<node id="-186704031" lat="52.4078924" lon="16.9210962" version="1" timestamp="2026-04-19T19:46:10.725980Z" action="modify"   >
	<tag k="name" v="Muzeum Kina Amatorskiego w Poznaniu ( W organizacji)"/>
	<tag k="addr:postcode" v="61-702"/>
	<tag k="addr:city" v="Poznań"/>
	<tag k="addr:street" v="Gwarna"/>
	<tag k="addr:housenumber" v="9"/>
	<tag k="operator" v="Fundacja Obywatelska Czas Jaszczurów"/>
	<tag k="operator:type" v="ngo"/>
	<tag k="tourism" v="museum"/>
	<tag k="source:tourism" v="Wykaz Muzeów, wypis na dzień 2026-04-09"/>
</node>
<node id="-429695529" lat="50.5741981" lon="16.6422592" version="1" timestamp="2026-04-19T19:46:10.725980Z" action="modify"   >
	<tag k="name" v="Muzeum Twierdzy Srebrna Góra w Srebrnej Górze"/>
	<tag k="addr:postcode" v="57-215"/>
	<tag k="addr:city" v="Srebrna Góra"/>
	<tag k="addr:street" v="Kręta"/>
	<tag k="addr:housenumber" v="4"/>
	<tag k="operator" v="Twierdza Srebrna Góra sp. z o.o."/>
	<tag k="operator:type" v="ngo"/>
	<tag k="tourism" v="museum"/>
	<tag k="source:tourism" v="Wykaz Muzeów, wypis na dzień 2026-04-09"/>
</node>
<node id="-832857203" lat="52.3862614" lon="20.7266547" version="1" timestamp="2026-04-19T19:46:10.725980Z" action="modify"   >
	<tag k="name" v="Muzeum I Dywizji Pancernej im. Generała Stanisława Maczka w Czosnowie"/>
	<tag k="addr:postcode" v="05-152"/>
	<tag k="addr:city" v="Czosnów"/>
	<tag k="addr:street" v="Holenderska"/>
	<tag k="addr:housenumber" v="4C"/>
	<tag k="operator" v="Artur Rytel"/>
	<tag k="operator:type" v="private"/>
	<tag k="tourism" v="museum"/>
	<tag k="source:tourism" v="Wykaz Muzeów, wypis na dzień 2026-04-09"/>
</node>
<node id="-759235534" lat="52.325143" lon="20.9117866" version="1" timestamp="2026-04-19T19:46:10.725980Z" action="modify"   >
	<tag k="name" v="Muzeum Motoryzacji im. Tadeusza Marka w Łomiankach"/>
	<tag k="addr:postcode" v="05-092"/>
	<tag k="addr:city" v="Łomianki"/>
	<tag k="addr:street" v="Przełajowa"/>
	<tag k="addr:housenumber" v="5A"/>
	<tag k="operator" v="Fundacja im. Tadeusza Marka"/>
	<tag k="operator:type" v="ngo"/>
	<tag k="tourism" v="museum"/>
	<tag k="source:tourism" v="Wykaz Muzeów, wypis na dzień 2026-04-09"/>
</node>
<node id="-332653826" lat="54.21376" lon="16.6995942" version="1" timestamp="2026-04-19T19:46:10.725980Z" action="modify"   >
	<tag k="name" v="Bałtyckie Muzeum Osadnictwa w Krągu"/>
	<tag k="addr:postcode" v="76-010"/>
	<tag k="addr:city" v="Polanów"/>
	<tag k="addr:street" v="Krąg"/>
	<tag k="addr:housenumber" v="16"/>
	<tag k="operator" v="Fundacja Kochajmy Zabytki"/>
	<tag k="operator:type" v="ngo"/>
	<tag k="tourism" v="museum"/>
	<tag k="source:tourism" v="Wykaz Muzeów, wypis na dzień 2026-04-09"/>
</node>
<node id="-292424295" lat="53.688281" lon="21.6195072" version="1" timestamp="2026-04-19T19:46:10.725980Z" action="modify"   >
	<tag k="name" v="Muzeum Miniatur i Tradycji Ewangelickiej w Wejsunach"/>
	<tag k="addr:postcode" v="12-220"/>
	<tag k="addr:city" v="Ruciane Nida"/>
	<tag k="addr:street" v="Wejsuny"/>
	<tag k="addr:housenumber" v="39"/>
	<tag k="operator" v="Parafia Ewangelicko- Augsburska w Piszu"/>
	<tag k="operator:type" v="ngo"/>
	<tag k="tourism" v="museum"/>
	<tag k="source:tourism" v="Wykaz Muzeów, wypis na dzień 2026-04-09"/>
</node>
<node id="-526659534" lat="52.0902772" lon="21.0902685" version="1" timestamp="2026-04-19T19:46:10.725980Z" action="modify"   >
	<tag k="name" v="Muzeum Historii Wojskowości w Konstancinie-Jeziornie"/>
	<tag k="addr:postcode" v="05-510"/>
	<tag k="addr:city" v="Konstancin -Jeziorna"/>
	<tag k="addr:street" v="Ciechanowska"/>
	<tag k="addr:housenumber" v="17A"/>
	<tag k="operator" v="Mikołaj Kosarewicz"/>
	<tag k="operator:type" v="private"/>
	<tag k="tourism" v="museum"/>
	<tag k="source:tourism" v="Wykaz Muzeów, wypis na dzień 2026-04-09"/>
</node>
<node id="-810622919" lat="52.2075727" lon="20.9701868" version="1" timestamp="2026-04-19T19:46:10.725980Z" action="modify"   >
	<tag k="name" v="Muzeum Motoryzacji i Zabytków Techniki MKT w Warszawie"/>
	<tag k="addr:postcode" v="02-378"/>
	<tag k="addr:city" v="Warszawa"/>
	<tag k="addr:street" v="Stefana Bobrowskiego"/>
	<tag k="addr:housenumber" v="9"/>
	<tag k="operator" v="Maciej Bień"/>
	<tag k="operator:type" v="private"/>
	<tag k="tourism" v="museum"/>
	<tag k="source:tourism" v="Wykaz Muzeów, wypis na dzień 2026-04-09"/>
</node>
<node id="-718091898" lat="52.2616508" lon="20.9725438" version="1" timestamp="2026-04-19T19:46:10.725980Z" action="modify"   >
	<tag k="name" v="Muzeum Dawnej Motoryzacji w Warszawie"/>
	<tag k="addr:postcode" v="01-794"/>
	<tag k="addr:city" v="Warszawa"/>
	<tag k="addr:street" v="Anny German"/>
	<tag k="addr:housenumber" v="15"/>
	<tag k="operator" v="Marek Gładyszczak"/>
	<tag k="operator:type" v="private"/>
	<tag k="tourism" v="museum"/>
	<tag k="source:tourism" v="Wykaz Muzeów, wypis na dzień 2026-04-09"/>
</node>
<node id="-50402121" lat="50.684842" lon="16.3754533" version="1" timestamp="2026-04-19T19:46:10.725980Z" action="modify"   >
	<tag k="name" v="Muzeum Inżynierii i Techniki Motoryzacji w Głuszycy"/>
	<tag k="addr:postcode" v="58-340"/>
	<tag k="addr:city" v="Głuszyca"/>
	<tag k="addr:street" v="Leśna"/>
	<tag k="addr:housenumber" v="3"/>
	<tag k="operator" v="Krzysztof Mężyk"/>
	<tag k="operator:type" v="private"/>
	<tag k="tourism" v="museum"/>
	<tag k="source:tourism" v="Wykaz Muzeów, wypis na dzień 2026-04-09"/>
</node>
<node id="-263670367" lat="54.303771" lon="18.2614553" version="1" timestamp="2026-04-19T19:46:10.725980Z" action="modify"   >
	<tag k="name" v="Kaszubskie Muzeum Motoryzacji i Techniki w Mezowie"/>
	<tag k="addr:postcode" v="83-332"/>
	<tag k="addr:city" v="Mezowo"/>
	<tag k="addr:street" v="Wiosenna"/>
	<tag k="addr:housenumber" v="5"/>
	<tag k="operator" v="Artur Młodawski"/>
	<tag k="operator:type" v="private"/>
	<tag k="tourism" v="museum"/>
	<tag k="source:tourism" v="Wykaz Muzeów, wypis na dzień 2026-04-09"/>
</node>
<node id="-596611188" lat="53.774679" lon="17.9724868" version="1" timestamp="2026-04-19T19:46:10.725980Z" action="modify"   >
	<tag k="name" v="Prywatne Muzeum Pożarnictwa i Transportu w Czersku"/>
	<tag k="addr:postcode" v="89-650"/>
	<tag k="addr:city" v="Czersk"/>
	<tag k="addr:street" v="Tucholska"/>
	<tag k="addr:housenumber" v="100"/>
	<tag k="operator" v="Katarzyna Elak"/>
	<tag k="operator:type" v="private"/>
	<tag k="tourism" v="museum"/>
	<tag k="source:tourism" v="Wykaz Muzeów, wypis na dzień 2026-04-09"/>
</node>
<node id="-888170652" lat="50.8513265" lon="16.5005197" version="1" timestamp="2026-04-19T19:46:10.725980Z" action="modify"   >
	<tag k="name" v="Muzeum Broni w Świdnicy"/>
	<tag k="addr:postcode" v="58-100"/>
	<tag k="addr:city" v="Świdnica"/>
	<tag k="addr:street" v="Łączna"/>
	<tag k="addr:housenumber" v="4"/>
	<tag k="operator" v="Stowarzyszenie Klub Sportów Obronnych Świdnica"/>
	<tag k="operator:type" v="ngo"/>
	<tag k="tourism" v="museum"/>
	<tag k="source:tourism" v="Wykaz Muzeów, wypis na dzień 2026-04-09"/>
</node>
<node id="-867432443" lat="51.7530431" lon="19.4777577" version="1" timestamp="2026-04-19T19:46:10.725980Z" action="modify"   >
	<tag k="name" v="Muzeum Książki Artystycznej w Łodzi"/>
	<tag k="addr:postcode" v="90-349"/>
	<tag k="addr:city" v="Łódź"/>
	<tag k="addr:street" v="Tymienieckiego"/>
	<tag k="addr:housenumber" v="24"/>
	<tag k="operator" v="Minister Kultury i Dziedzictwa Narodowego"/>
	<tag k="operator:type" v="government"/>
	<tag k="tourism" v="museum"/>
	<tag k="source:tourism" v="Wykaz Muzeów, wypis na dzień 2026-04-09"/>
</node>
<node id="-965934106" lat="52.2882484" lon="21.0063557" version="1" timestamp="2026-04-19T19:46:10.725980Z" action="modify"   >
	<tag k="name" v="Muzeum Motoryzacji Szope Klasyki w Warszawie"/>
	<tag k="addr:postcode" v="00-992"/>
	<tag k="addr:city" v="Warszawa"/>
	<tag k="addr:street" v="Jagiellońska"/>
	<tag k="addr:housenumber" v="88"/>
	<tag k="operator" v="Andrzej Szope"/>
	<tag k="operator:type" v="private"/>
	<tag k="tourism" v="museum"/>
	<tag k="source:tourism" v="Wykaz Muzeów, wypis na dzień 2026-04-09"/>
</node>
<node id="-111840675" lat="53.3479531" lon="16.5697347" version="1" timestamp="2026-04-19T19:46:10.725980Z" action="modify"   >
	<tag k="name" v="Muzeum Techniki Wojskowej nad Piławą w Szwecji"/>
	<tag k="addr:postcode" v="78-611"/>
	<tag k="addr:city" v="Szwecja"/>
	<tag k="addr:street" v="Szkolna"/>
	<tag k="addr:housenumber" v="17"/>
	<tag k="operator" v="Adam Mędryk"/>
	<tag k="operator:type" v="private"/>
	<tag k="tourism" v="museum"/>
	<tag k="source:tourism" v="Wykaz Muzeów, wypis na dzień 2026-04-09"/>
</node>
<node id="-347912315" lat="53.1287918" lon="23.0032727" version="1" timestamp="2026-04-19T19:46:10.725980Z" action="modify"   >
	<tag k="name" v="Muzeum Sprzętu Wojskowego im. Franciszka Biegańskiego w Choroszczy"/>
	<tag k="addr:postcode" v="16-070"/>
	<tag k="addr:city" v="Choroszcz"/>
	<tag k="addr:street" v="Wiatrakowa"/>
	<tag k="addr:housenumber" v="3"/>
	<tag k="operator" v="Fundacja Rodziny Herników"/>
	<tag k="operator:type" v="ngo"/>
	<tag k="tourism" v="museum"/>
	<tag k="source:tourism" v="Wykaz Muzeów, wypis na dzień 2026-04-09"/>
</node>
<node id="-502954418" lat="50.78475" lon="20.59879" version="1" timestamp="2026-04-19T19:46:10.725980Z" action="modify"   >
	<tag k="name" v="Muzeum Uzbrojenia SAPER w Brzezinach"/>
	<tag k="addr:postcode" v="26-026"/>
	<tag k="addr:city" v="Morawica"/>
	<tag k="addr:street" v="Dolomitowa"/>
	<tag k="addr:housenumber" v="26"/>
	<tag k="operator" v="Grzegorz Kierczyński"/>
	<tag k="operator:type" v="private"/>
	<tag k="tourism" v="museum"/>
	<tag k="source:tourism" v="Wykaz Muzeów, wypis na dzień 2026-04-09"/>
</node>
<node id="-135740575" lat="49.9427027" lon="19.7395312" version="1" timestamp="2026-04-19T19:46:10.725980Z" action="modify"   >
	<tag k="name" v="Muzeum Techniki Motoryzacyjnej w Krzęcinie"/>
	<tag k="addr:postcode" v="32-051"/>
	<tag k="addr:city" v="Krzęcin"/>
	<tag k="addr:street" v="Akacjowa"/>
	<tag k="addr:housenumber" v="11"/>
	<tag k="operator" v="Wojciech Głuszczak"/>
	<tag k="operator:type" v="private"/>
	<tag k="tourism" v="museum"/>
	<tag k="source:tourism" v="Wykaz Muzeów, wypis na dzień 2026-04-09"/>
</node>
<node id="-1021730320" lat="50.9050396" lon="15.7348185" version="1" timestamp="2026-04-19T19:46:10.725980Z" action="modify"   >
	<tag k="name" v="Muzeum Motoryzacji Historia kołem się toczy w Jeleniej Górze"/>
	<tag k="addr:postcode" v="58-500"/>
	<tag k="addr:city" v="Jelenia Góra"/>
	<tag k="addr:street" v="Podwale"/>
	<tag k="addr:housenumber" v="15"/>
	<tag k="operator" v="Bianka Naciążek"/>
	<tag k="operator:type" v="private"/>
	<tag k="tourism" v="museum"/>
	<tag k="source:tourism" v="Wykaz Muzeów, wypis na dzień 2026-04-09"/>
</node>
<node id="-411124662" lat="54.3687355" lon="18.4810727" version="1" timestamp="2026-04-19T19:46:10.725980Z" action="modify"   >
	<tag k="name" v="Muzeum Transportu i Taktyki Wojskowej w Gdańsku"/>
	<tag k="addr:postcode" v="80-298"/>
	<tag k="addr:city" v="Gdańsk"/>
	<tag k="addr:street" v="Rakietowa"/>
	<tag k="addr:housenumber" v="20"/>
	<tag k="operator" v="Provenum Sp. z o.o."/>
	<tag k="operator:type" v="ngo"/>
	<tag k="tourism" v="museum"/>
	<tag k="source:tourism" v="Wykaz Muzeów, wypis na dzień 2026-04-09"/>
</node>
<node id="-477462573" lat="52.1846999" lon="21.1749949" version="1" timestamp="2026-04-19T19:46:10.725980Z" action="modify"   >
	<tag k="name" v="Muzeum Jednorożców Doktora Kossakowskiego w Warszawie"/>
	<tag k="addr:postcode" v="04-857"/>
	<tag k="addr:city" v="Warszawa"/>
	<tag k="addr:street" v="Mrówcza"/>
	<tag k="addr:housenumber" v="3A"/>
	<tag k="operator" v="Fundacja Kossakowskiego"/>
	<tag k="operator:type" v="ngo"/>
	<tag k="tourism" v="museum"/>
	<tag k="source:tourism" v="Wykaz Muzeów, wypis na dzień 2026-04-09"/>
</node>

<node id="-653709954" lat="52.16964" lon="20.84132" version="1" timestamp="2026-04-19T19:46:10.725980Z" action="modify"   >
	<tag k="name" v="Muzeum Motoryzacji Moto Wagabunda w Pruszkowie"/>
	<tag k="addr:postcode" v="05-800"/>
	<tag k="addr:city" v="Pruszków"/>
	<tag k="addr:street" v="Dolna"/>
	<tag k="addr:housenumber" v="24"/>
	<tag k="operator" v="Michał Skrobot"/>
	<tag k="operator:type" v="private"/>
	<tag k="tourism" v="museum"/>
	<tag k="source:tourism" v="Wykaz Muzeów, wypis na dzień 2026-04-09"/>
</node>
<node id="-321120445" lat="52.1444608" lon="20.8149939" version="1" timestamp="2026-04-19T19:46:10.725980Z" action="modify"   >
	<tag k="name" v="Muzeum Motoryzacji i Techniki Kolekcji Jana Kasprzyckiego MOTORETRO w Komorowie"/>
	<tag k="addr:postcode" v="05-806"/>
	<tag k="addr:city" v="Komorów"/>
	<tag k="addr:street" v="Słowackiego"/>
	<tag k="addr:housenumber" v="1"/>
	<tag k="operator" v="Jan Kasprzycki"/>
	<tag k="operator:type" v="private"/>
	<tag k="tourism" v="museum"/>
	<tag k="source:tourism" v="Wykaz Muzeów, wypis na dzień 2026-04-09"/>
</node>
<node id="-1003507243" lat="53.9037337" lon="14.2303789" version="1" timestamp="2026-04-19T19:46:10.725980Z" action="modify"   >
	<tag k="name" v="Uznamskie Muzeum Techniki w Świnoujściu"/>
	<tag k="addr:postcode" v="72-600"/>
	<tag k="addr:city" v="Świnoujście"/>
	<tag k="addr:street" v="Śląska"/>
	<tag k="addr:housenumber" v="44"/>
	<tag k="operator" v="Andrzej Kimel"/>
	<tag k="operator:type" v="private"/>
	<tag k="tourism" v="museum"/>
	<tag k="source:tourism" v="Wykaz Muzeów, wypis na dzień 2026-04-09"/>
</node>
<node id="-790532791" lat="52.9865165" lon="16.3824658" version="1" timestamp="2026-04-19T19:46:10.725980Z" action="modify"   >
	<tag k="name" v="Krajeńskie Muzeum Rolnictwa i Motoryzacji w Siedlisku"/>
	<tag k="addr:postcode" v="89-400"/>
	<tag k="addr:city" v="Siedlisko"/>
	<tag k="addr:street" v="Siedlisko"/>
	<tag k="addr:housenumber" v="5a"/>
	<tag k="operator" v="Mariusz Spica"/>
	<tag k="operator:type" v="private"/>
	<tag k="tourism" v="museum"/>
	<tag k="source:tourism" v="Wykaz Muzeów, wypis na dzień 2026-04-09"/>
</node>
<node id="-58116047" lat="51.8895053" lon="22.2231349" version="1" timestamp="2026-04-19T19:46:10.725980Z" action="modify"   >
	<tag k="name" v="Łukowskie Muzeum Techniki Wojskowej i Użytkowej w Jonniku"/>
	<tag k="addr:postcode" v="21-421"/>
	<tag k="addr:city" v="Tuchowicz"/>
	<tag k="addr:street" v="Jonnik"/>
	<tag k="addr:housenumber" v="58"/>
	<tag k="operator" v="Bożena i Robert Gomółka"/>
	<tag k="operator:type" v="private"/>
	<tag k="tourism" v="museum"/>
	<tag k="source:tourism" v="Wykaz Muzeów, wypis na dzień 2026-04-09"/>
</node>
<node id="-452956934" lat="50.5736922" lon="16.6619039" version="1" timestamp="2026-04-19T19:46:10.725980Z" action="modify"   >
	<tag k="name" v="Muzeum Motoryzacji Srebrnogórskie Klasyki w Srebrnej Górze"/>
	<tag k="addr:postcode" v="57-215"/>
	<tag k="addr:city" v="Srebrna Góra"/>
	<tag k="addr:street" v="Widokowa"/>
	<tag k="addr:housenumber" v="1"/>
	<tag k="operator" v="Sławomir Jopa"/>
	<tag k="operator:type" v="private"/>
	<tag k="tourism" v="museum"/>
	<tag k="source:tourism" v="Wykaz Muzeów, wypis na dzień 2026-04-09"/>
</node>
<node id="-698628133" lat="50.3270447" lon="19.1416845" version="1" timestamp="2026-04-19T19:46:10.725980Z" action="modify"   >
	<tag k="name" v="Muzeum Motoryzacji Brytyjskiej Avalon w Będzinie"/>
	<tag k="addr:postcode" v="42-500"/>
	<tag k="addr:city" v="Będzin"/>
	<tag k="addr:street" v="Teatralna"/>
	<tag k="addr:housenumber" v="29"/>
	<tag k="operator" v="Michał Buczyński"/>
	<tag k="operator:type" v="private"/>
	<tag k="tourism" v="museum"/>
	<tag k="source:tourism" v="Wykaz Muzeów, wypis na dzień 2026-04-09"/>
</node>
<node id="-497813314" lat="54.1708606" lon="18.5275209" version="1" timestamp="2026-04-19T19:46:10.725980Z" action="modify"   >
	<tag k="name" v="Muzeum Motoryzacji i Techniki w Trąbkach Wielkich"/>
	<tag k="addr:postcode" v="83-034"/>
	<tag k="addr:city" v="Trąbki Wielkie"/>
	<tag k="addr:street" v="Jaworowa"/>
	<tag k="addr:housenumber" v="10"/>
	<tag k="operator" v="Michał Trzciński"/>
	<tag k="operator:type" v="private"/>
	<tag k="tourism" v="museum"/>
	<tag k="source:tourism" v="Wykaz Muzeów, wypis na dzień 2026-04-09"/>
</node>
<node id="-55579571" lat="49.6402096" lon="18.8856233" version="1" timestamp="2026-04-19T19:46:10.725980Z" action="modify"   >
	<tag k="name" v="Muzeum Kuchni Regionalnej w Wiśle"/>
	<tag k="addr:postcode" v="43-460"/>
	<tag k="addr:city" v="Wisła"/>
	<tag k="addr:street" v="ks. bp. J. Bursche"/>
	<tag k="addr:housenumber" v="33"/>
	<tag k="operator" v="Helena Legierska"/>
	<tag k="operator:type" v="private"/>
	<tag k="tourism" v="museum"/>
	<tag k="source:tourism" v="Wykaz Muzeów, wypis na dzień 2026-04-09"/>
</node>
<node id="-105898299" lat="52.1570273" lon="21.1124934" version="1" timestamp="2026-04-19T19:46:10.725980Z" action="modify"   >
	<tag k="name" v="Muzeum Lotnictwa i Techniki w Warszawie"/>
	<tag k="addr:postcode" v="02-997"/>
	<tag k="addr:city" v="Warszawa"/>
	<tag k="addr:street" v="Ruczaj"/>
	<tag k="addr:housenumber" v="88H"/>
	<tag k="operator" v="Maciej Dominiak"/>
	<tag k="operator:type" v="private"/>
	<tag k="tourism" v="museum"/>
	<tag k="source:tourism" v="Wykaz Muzeów, wypis na dzień 2026-04-09"/>
</node>
<node id="-358751670" lat="54.2918426" lon="18.8113519" version="1" timestamp="2026-04-19T19:46:10.725980Z" action="modify"   >
	<tag k="name" v="Muzeum Samochodów Zabytkowych w Koszwałach"/>
	<tag k="addr:postcode" v="83-011"/>
	<tag k="addr:city" v="Koszwały"/>
	<tag k="addr:street" v="Świerkowa"/>
	<tag k="addr:housenumber" v="8A"/>
	<tag k="operator" v="Maciej Piotr Tomkowicz"/>
	<tag k="operator:type" v="private"/>
	<tag k="tourism" v="museum"/>
	<tag k="source:tourism" v="Wykaz Muzeów, wypis na dzień 2026-04-09"/>
</node>
<node id="-173731690" lat="50.0022352" lon="19.9541554" version="1" timestamp="2026-04-19T19:46:10.725980Z" action="modify"   >
	<tag k="name" v="Muzeum Pojazdów Spalinowych w Krakowie"/>
	<tag k="addr:postcode" v="30-614"/>
	<tag k="addr:city" v="Kraków"/>
	<tag k="addr:street" v="Cechowa"/>
	<tag k="addr:housenumber" v="44B"/>
	<tag k="operator" v="Jarosław Socharczenko SOMASTER"/>
	<tag k="operator:type" v="ngo"/>
	<tag k="tourism" v="museum"/>
	<tag k="source:tourism" v="Wykaz Muzeów, wypis na dzień 2026-04-09"/>
</node>
<node id="-350390480" lat="52.5368" lon="20.97277" version="1" timestamp="2026-04-19T19:46:10.725980Z" action="modify"   >
	<tag k="name" v="Muzeum Motoryzacji Stary Garaż w Zalesiu Borowym"/>
	<tag k="addr:postcode" v="05-140"/>
	<tag k="addr:city" v="Serock"/>
	<tag k="addr:street" v="Zalesie Borowe"/>
	<tag k="addr:housenumber" v="16"/>
	<tag k="operator" v="Bogumił Hajdacki"/>
	<tag k="operator:type" v="private"/>
	<tag k="tourism" v="museum"/>
	<tag k="source:tourism" v="Wykaz Muzeów, wypis na dzień 2026-04-09"/>
</node>
<node id="-534536071" lat="50.8273693" lon="16.5023835" version="1" timestamp="2026-04-19T19:46:10.725980Z" action="modify"   >
	<tag k="name" v="Muzeum Służb Mundurowych w Świdnicy"/>
	<tag k="addr:postcode" v="58-100"/>
	<tag k="addr:city" v="Świdnica"/>
	<tag k="addr:street" v="Zacisze"/>
	<tag k="addr:housenumber" v="6"/>
	<tag k="operator" v="Stowarzyszenie Sympatyków Śłużb Mundurowych"/>
	<tag k="operator:type" v="ngo"/>
	<tag k="tourism" v="museum"/>
	<tag k="source:tourism" v="Wykaz Muzeów, wypis na dzień 2026-04-09"/>
</node>
<node id="-221331248" lat="54.2127839" lon="18.0300217" version="1" timestamp="2026-04-19T19:46:10.725980Z" action="modify"   >
	<tag k="name" v="Muzeum Nasze Młynarstwo w Gołubiu"/>
	<tag k="addr:postcode" v="83-316"/>
	<tag k="addr:city" v="Gołubie"/>
	<tag k="addr:street" v="Młyńska"/>
	<tag k="addr:housenumber" v="7"/>
	<tag k="operator" v="Młynapiek sp. z o.o."/>
	<tag k="operator:type" v="ngo"/>
	<tag k="tourism" v="museum"/>
	<tag k="source:tourism" v="Wykaz Muzeów, wypis na dzień 2026-04-09"/>
</node>
<node id="-545042638" lat="50.9588007" lon="18.9843495" version="1" timestamp="2026-04-19T19:46:10.725980Z" action="modify"   >
	<tag k="name" v="Muzeum Techniki i Motoryzacji w Miedźnie"/>
	<tag k="addr:postcode" v="42-120"/>
	<tag k="addr:city" v="Miedźno"/>
	<tag k="addr:street" v="Częstochowska"/>
	<tag k="addr:housenumber" v="12"/>
	<tag k="operator" v="Paweł Kopera, Bogdan Kopera"/>
	<tag k="operator:type" v="private"/>
	<tag k="tourism" v="museum"/>
	<tag k="source:tourism" v="Wykaz Muzeów, wypis na dzień 2026-04-09"/>
</node>
<node id="-514076163" lat="50.0745711" lon="18.264329" version="1" timestamp="2026-04-19T19:46:10.725980Z" action="modify"   >
	<tag k="name" v="Muzeum Pereł Motoryzacji w Brzeziu"/>
	<tag k="addr:postcode" v="32-014"/>
	<tag k="addr:city" v="Brzezie"/>
	<tag k="addr:street" v="Brzezie"/>
	<tag k="addr:housenumber" v="446"/>
	<tag k="operator" v="Michał Gliński"/>
	<tag k="operator:type" v="private"/>
	<tag k="tourism" v="museum"/>
	<tag k="source:tourism" v="Wykaz Muzeów, wypis na dzień 2026-04-09"/>
</node>
<node id="-287174519" lat="51.764385" lon="19.4397328" version="1" timestamp="2026-04-19T19:46:10.725980Z" action="modify"   >
	<tag k="name" v="Prywatne Muzeum Pojazdów i Techniki w Łodzi"/>
	<tag k="addr:postcode" v="90-644"/>
	<tag k="addr:city" v="Łódź"/>
	<tag k="addr:street" v="Żeligowskiego"/>
	<tag k="addr:housenumber" v="58"/>
	<tag k="operator" v="Michał Mamos"/>
	<tag k="operator:type" v="private"/>
	<tag k="tourism" v="museum"/>
	<tag k="source:tourism" v="Wykaz Muzeów, wypis na dzień 2026-04-09"/>
</node>
<node id="-395009549" lat="49.9556407" lon="18.7167598" version="1" timestamp="2026-04-19T19:46:10.725980Z" action="modify"   >
	<tag k="name" v="Muzeum Motoryzacji i Techniki w Pawłowicach"/>
	<tag k="addr:postcode" v="43-250"/>
	<tag k="addr:city" v="Pawłowice"/>
	<tag k="addr:street" v="Nowa"/>
	<tag k="addr:housenumber" v="2f"/>
	<tag k="operator" v="Tomasz Schmidt"/>
	<tag k="operator:type" v="private"/>
	<tag k="tourism" v="museum"/>
	<tag k="source:tourism" v="Wykaz Muzeów, wypis na dzień 2026-04-09"/>
</node>
<node id="-850042743" lat="52.1564429" lon="20.9374883" version="1" timestamp="2026-04-19T19:46:10.725980Z" action="modify"   >
	<tag k="name" v="PEROWOZOWNIA Muzeum Techniki XX wieku w Rybiu"/>
	<tag k="addr:postcode" v="05-090"/>
	<tag k="addr:city" v="Raszyn"/>
	<tag k="addr:street" v="Spokojna"/>
	<tag k="addr:housenumber" v="12"/>
	<tag k="operator" v="Konrad Góra"/>
	<tag k="operator:type" v="private"/>
	<tag k="tourism" v="museum"/>
	<tag k="source:tourism" v="Wykaz Muzeów, wypis na dzień 2026-04-09"/>
</node>
<node id="-697885246" lat="49.6701889" lon="19.2401677" version="1" timestamp="2026-04-19T19:46:10.725980Z" action="modify"   >
	<tag k="name" v="Muzeum Motoryzacji i Techniki Fiatem przez Tatrę im. Rudolfa Waloszka i Franciszka Kastelika w Żywcu"/>
	<tag k="addr:postcode" v="34-300"/>
	<tag k="addr:city" v="Żywiec"/>
	<tag k="addr:street" v="Kopernika"/>
	<tag k="addr:housenumber" v="96"/>
	<tag k="operator" v="Marcin Waloszek, Joanna Kastelik-Waloszek"/>
	<tag k="operator:type" v="ngo"/>
	<tag k="tourism" v="museum"/>
	<tag k="source:tourism" v="Wykaz Muzeów, wypis na dzień 2026-04-09"/>
</node>
<node id="-816266645" lat="52.5687369" lon="16.9925341" version="1" timestamp="2026-04-19T19:46:10.725980Z" action="modify"   >
	<tag k="name" v="Muzeum Dziedzictwa Golfa w Murowanej Goślinie"/>
	<tag k="addr:postcode" v="62-095"/>
	<tag k="addr:city" v="Murowana Goślina"/>
	<tag k="addr:street" v="Długa"/>
	<tag k="addr:housenumber" v="32"/>
	<tag k="operator" v="Waldemar Zawadka"/>
	<tag k="operator:type" v="private"/>
	<tag k="tourism" v="museum"/>
	<tag k="source:tourism" v="Wykaz Muzeów, wypis na dzień 2026-04-09"/>
</node>
<node id="-664445858" lat="51.7949775" lon="19.5059957" version="1" timestamp="2026-04-19T19:46:10.725980Z" action="modify"   >
	<tag k="name" v="Muzeum PRLauto Perły Motoryzacji w Łodzi"/>
	<tag k="addr:postcode" v="92-103"/>
	<tag k="addr:city" v="Łódź"/>
	<tag k="addr:street" v="Brzezińska"/>
	<tag k="addr:housenumber" v="5"/>
	<tag k="operator" v="Mariusz Augustyniak"/>
	<tag k="operator:type" v="private"/>
	<tag k="tourism" v="museum"/>
	<tag k="source:tourism" v="Wykaz Muzeów, wypis na dzień 2026-04-09"/>
</node>
<node id="-1053001798" lat="51.1339221" lon="23.4711548" version="1" timestamp="2026-04-19T19:46:10.725980Z" action="modify"   >
	<tag k="name" v="Muzeum Pamięci Ofiar Rzezi Wołyńskiej oraz Centrum Prawdy i Pojednania im. Prezydenta Lecha Kaczyńskiego w Chełmie"/>
	<tag k="addr:postcode" v="22-100"/>
	<tag k="addr:city" v="Chełm"/>
	<tag k="addr:street" v="Chrubieszowska"/>
	<tag k="addr:housenumber" v="102"/>
	<tag k="operator" v="Miasto Chełm"/>
	<tag k="operator:type" v="government"/>
	<tag k="tourism" v="museum"/>
	<tag k="source:tourism" v="Wykaz Muzeów, wypis na dzień 2026-04-09"/>
</node>
<node id="-52682567" lat="51.8093217" lon="20.9073235" version="1" timestamp="2026-04-19T19:46:10.725980Z" action="modify"   >
	<tag k="name" v="Muzeum Motoryzacji w Turowicach"/>
	<tag k="addr:postcode" v="05-604"/>
	<tag k="addr:city" v="Turowice"/>
	<tag k="addr:street" v="Świerkowa"/>
	<tag k="addr:housenumber" v="8"/>
	<tag k="operator" v="Krystian Bielecki, Patrycja Bielecka"/>
	<tag k="operator:type" v="private"/>
	<tag k="tourism" v="museum"/>
	<tag k="source:tourism" v="Wykaz Muzeów, wypis na dzień 2026-04-09"/>
</node>
<node id="-648472435" lat="54.1766565" lon="15.5778717" version="1" timestamp="2026-04-19T19:46:10.725980Z" action="modify"   >
	<tag k="name" v="Muzeum Historii Znalezionej Relikt w Kołobrzegu"/>
	<tag k="addr:postcode" v="78-100"/>
	<tag k="addr:city" v="Kołobrzeg"/>
	<tag k="addr:street" v="Dubois"/>
	<tag k="addr:housenumber" v="16c"/>
	<tag k="operator" v="Fundacja Skryptorium"/>
	<tag k="operator:type" v="ngo"/>
	<tag k="tourism" v="museum"/>
	<tag k="source:tourism" v="Wykaz Muzeów, wypis na dzień 2026-04-09"/>
</node>
<node id="-502096776" lat="52.1239348" lon="21.0140321" version="1" timestamp="2026-04-19T19:46:10.725980Z" action="modify"   >
	<tag k="name" v="Hase Moto Muzeum w Warszawie"/>
	<tag k="addr:postcode" v="02-846"/>
	<tag k="addr:city" v="Warszawa"/>
	<tag k="addr:street" v="Sporna"/>
	<tag k="addr:housenumber" v="23a"/>
	<tag k="operator" v="Hase Corporation Spółka z o.o."/>
	<tag k="operator:type" v="ngo"/>
	<tag k="tourism" v="museum"/>
	<tag k="source:tourism" v="Wykaz Muzeów, wypis na dzień 2026-04-09"/>
</node>
<node id="-968728893" lat="54.4666457" lon="18.4588805" version="1" timestamp="2026-04-19T19:46:10.725980Z" action="modify"   >
	<tag k="name" v="Muzeum Radiowozów w Gdyni"/>
	<tag k="addr:postcode" v="81-591"/>
	<tag k="addr:city" v="Gdynia"/>
	<tag k="addr:street" v="Szafranowa"/>
	<tag k="addr:housenumber" v="41"/>
	<tag k="operator" v="Jakub Kwiatkowski"/>
	<tag k="operator:type" v="private"/>
	<tag k="tourism" v="museum"/>
	<tag k="source:tourism" v="Wykaz Muzeów, wypis na dzień 2026-04-09"/>
</node>
<node id="-536957055" lat="52.229771" lon="21.1382434" version="1" timestamp="2026-04-19T19:46:10.725980Z" action="modify"   >
	<tag k="name" v="Muzeum z Klasą w Warszawie"/>
	<tag k="addr:postcode" v="04-506"/>
	<tag k="addr:city" v="Warszawa"/>
	<tag k="addr:street" v="Płowiecka"/>
	<tag k="addr:housenumber" v="77"/>
	<tag k="operator" v="Fundacja na rzecz Wielkich Historii"/>
	<tag k="operator:type" v="ngo"/>
	<tag k="tourism" v="museum"/>
	<tag k="source:tourism" v="Wykaz Muzeów, wypis na dzień 2026-04-09"/>
</node>
<node id="-466880793" lat="51.970626" lon="20.9460047" version="1" timestamp="2026-04-19T19:46:10.725980Z" action="modify"   >
	<tag k="name" v="Muzeum Motoryzacji i Polskiego Motorsportu w Łosiu"/>
	<tag k="addr:postcode" v="05-505"/>
	<tag k="addr:city" v="Łoś"/>
	<tag k="addr:street" v="Meliorantów"/>
	<tag k="addr:housenumber" v="17"/>
	<tag k="operator" v="Stowarzyszenie M FOR SPORT"/>
	<tag k="operator:type" v="ngo"/>
	<tag k="tourism" v="museum"/>
	<tag k="source:tourism" v="Wykaz Muzeów, wypis na dzień 2026-04-09"/>
</node>
<node id="-286203707" lat="52.1660245" lon="17.6900648" version="1" timestamp="2026-04-19T19:46:10.725980Z" action="modify"   >
	<tag k="name" v="Muzeum Regionalne Ziemi Pyzdrskiej w Pyzdrach"/>
	<tag k="addr:postcode" v="62-310"/>
	<tag k="addr:city" v="Pyzdry"/>
	<tag k="addr:street" v="Kaliska"/>
	<tag k="addr:housenumber" v="25a"/>
	<tag k="operator" v="Gmina Pyzdry"/>
	<tag k="operator:type" v="government"/>
	<tag k="tourism" v="museum"/>
	<tag k="source:tourism" v="Wykaz Muzeów, wypis na dzień 2026-04-09"/>
</node>
<node id="-776016234" lat="53.394514" lon="18.3025063" version="1" timestamp="2026-04-19T19:46:10.725980Z" action="modify"   >
	<tag k="name" v="Muzeum Przyrody, Motoryzacji i Mechanizacji w Polednie"/>
	<tag k="addr:postcode" v="86-122"/>
	<tag k="addr:city" v="Bukowiec"/>
	<tag k="addr:street" v="Poledno"/>
	<tag k="addr:housenumber" v="2"/>
	<tag k="operator" v="Fundacja Muzeum w Polednie"/>
	<tag k="operator:type" v="ngo"/>
	<tag k="tourism" v="museum"/>
	<tag k="source:tourism" v="Wykaz Muzeów, wypis na dzień 2026-04-09"/>
</node>
<node id="-658254269" lat="54.7934715" lon="18.4019048" version="1" timestamp="2026-04-19T19:46:10.725980Z" action="modify"   >
	<tag k="name" v="Muzeum Północnokaszubskie we Władysławowie"/>
	<tag k="addr:postcode" v="84-120"/>
	<tag k="addr:city" v="Władysławowo"/>
	<tag k="addr:street" v="Gen. J. Hallera"/>
	<tag k="addr:housenumber" v="19"/>
	<tag k="operator" v="Gmina Władysławowo"/>
	<tag k="operator:type" v="government"/>
	<tag k="tourism" v="museum"/>
	<tag k="source:tourism" v="Wykaz Muzeów, wypis na dzień 2026-04-09"/>
</node>
<node id="-1006370482" lat="52.195063" lon="21.1701797" version="1" timestamp="2026-04-19T19:46:10.725980Z" action="modify"   >
	<tag k="name" v="Muzeum Motoryzacji Nienowoczesnej w Warszawie"/>
	<tag k="addr:postcode" v="04-768"/>
	<tag k="addr:city" v="Warszawa"/>
	<tag k="addr:street" v="Mrówcza"/>
	<tag k="addr:housenumber" v="105"/>
	<tag k="operator" v="Daniel Sztyber"/>
	<tag k="operator:type" v="private"/>
	<tag k="tourism" v="museum"/>
	<tag k="source:tourism" v="Wykaz Muzeów, wypis na dzień 2026-04-09"/>
</node>
<node id="-558799341" lat="51.1214674" lon="16.8443259" version="1" timestamp="2026-04-19T19:46:10.725980Z" action="modify"   >
	<tag k="name" v="Muzeum Dolnośląskie Duchy w Karczmie Rzym we Wrocławiu"/>
	<tag k="addr:postcode" v="54-530"/>
	<tag k="addr:city" v="Wrocław"/>
	<tag k="addr:street" v="Jarnołtowska"/>
	<tag k="addr:housenumber" v="85b"/>
	<tag k="operator" v="Andrzej Dworak"/>
	<tag k="operator:type" v="private"/>
	<tag k="tourism" v="museum"/>
	<tag k="source:tourism" v="Wykaz Muzeów, wypis na dzień 2026-04-09"/>
</node>
<node id="-178746508" lat="51.9324503" lon="19.6524366" version="1" timestamp="2026-04-19T19:46:10.725980Z" action="modify"   >
	<tag k="name" v="Muzeum Karawaningu im. Tadeusza Sakowskiego w Sadówce"/>
	<tag k="addr:postcode" v="95-011"/>
	<tag k="addr:city" v="Bratoszewice"/>
	<tag k="addr:street" v="Sadówka"/>
	<tag k="addr:housenumber" v="39"/>
	<tag k="operator" v="Michał Nalepa"/>
	<tag k="operator:type" v="private"/>
	<tag k="tourism" v="museum"/>
	<tag k="source:tourism" v="Wykaz Muzeów, wypis na dzień 2026-04-09"/>
</node>
<node id="-143327837" lat="50.310663" lon="17.3831709" version="1" timestamp="2026-04-19T19:46:10.725980Z" action="modify"   >
	<tag k="name" v="Muzeum Motoryzacji i Techniki Estradowej w Głuchołazach"/>
	<tag k="addr:postcode" v="48-340"/>
	<tag k="addr:city" v="Głuchołazy"/>
	<tag k="addr:street" v="Jana Pawła II"/>
	<tag k="addr:housenumber" v="13"/>
	<tag k="operator" v="Stowarzyszenie Przyjaciół Młodzieży i Dzieci Miasta Głuchołazy"/>
	<tag k="operator:type" v="ngo"/>
	<tag k="tourism" v="museum"/>
	<tag k="source:tourism" v="Wykaz Muzeów, wypis na dzień 2026-04-09"/>
</node>
<node id="-868473313" lat="52.5291248" lon="19.7768737" version="1" timestamp="2026-04-19T19:46:10.725980Z" action="modify"   >
	<tag k="name" v="Muzeum Motoryzacji Klasycznej Mazowiecki Garaż w Płocku"/>
	<tag k="addr:postcode" v="09-410"/>
	<tag k="addr:city" v="Płock"/>
	<tag k="addr:street" v="Kasztanowa"/>
	<tag k="addr:housenumber" v="6"/>
	<tag k="operator" v="Dariusz Gruszczyński"/>
	<tag k="operator:type" v="private"/>
	<tag k="tourism" v="museum"/>
	<tag k="source:tourism" v="Wykaz Muzeów, wypis na dzień 2026-04-09"/>
</node>
<node id="-652957596" lat="54.22062" lon="16.10241" version="1" timestamp="2026-04-19T19:46:10.725980Z" action="modify"   >
	<tag k="name" v="Interaktywne Muzeum Polskiego Lotnictwa Wojskowego w Mścicach"/>
	<tag k="addr:postcode" v="76-031"/>
	<tag k="addr:city" v="Mścice"/>
	<tag k="addr:street" v="Klonowa"/>
	<tag k="addr:housenumber" v="12"/>
	<tag k="operator" v="Andrzej Milart"/>
	<tag k="operator:type" v="private"/>
	<tag k="tourism" v="museum"/>
	<tag k="source:tourism" v="Wykaz Muzeów, wypis na dzień 2026-04-09"/>
</node>
<node id="-914102646" lat="49.6526597" lon="21.7603359" version="1" timestamp="2026-04-19T19:46:10.725980Z" action="modify"   >
	<tag k="name" v="Muzeum Motoryzacji u Maxa w Głowience"/>
	<tag k="addr:postcode" v="38-455"/>
	<tag k="addr:city" v="Głowienka"/>
	<tag k="addr:street" v="Młynarska"/>
	<tag k="addr:housenumber" v="27"/>
	<tag k="operator" v="Maksymilian Czech"/>
	<tag k="operator:type" v="private"/>
	<tag k="tourism" v="museum"/>
	<tag k="source:tourism" v="Wykaz Muzeów, wypis na dzień 2026-04-09"/>
</node>
<node id="-685939017" lat="53.5633711" lon="14.828431" version="1" timestamp="2026-04-19T19:46:10.725980Z" action="modify"   >
	<tag k="name" v="Muzeum Ziemi Goleniowskiej w Goleniowie"/>
	<tag k="addr:postcode" v="72-100"/>
	<tag k="addr:city" v="Goleniów"/>
	<tag k="addr:street" v="Barnima I"/>
	<tag k="addr:housenumber" v="1"/>
	<tag k="operator" v="Jarosław Jancelewicz"/>
	<tag k="operator:type" v="private"/>
	<tag k="tourism" v="museum"/>
	<tag k="source:tourism" v="Wykaz Muzeów, wypis na dzień 2026-04-09"/>
</node>
<node id="-368126864" lat="54.1088879" lon="23.3455832" version="1" timestamp="2026-04-19T19:46:10.725980Z" action="modify"   >
	<tag k="name" v="Muzeum Kresów Rzeczypospolitej Obojga Narodów w Sejnach"/>
	<tag k="addr:postcode" v="16-500"/>
	<tag k="addr:city" v="Sejny"/>
	<tag k="addr:street" v="Plac św. Agaty"/>
	<tag k="addr:housenumber" v="1"/>
	<tag k="operator" v="Parafia Rzymskokatolicka p.w. Nawiedzenia Najświętrzej Maryi Panny w Sejnach"/>
	<tag k="operator:type" v="religious"/>
	<tag k="tourism" v="museum"/>
	<tag k="source:tourism" v="Wykaz Muzeów, wypis na dzień 2026-04-09"/>
</node>
<node id="-420751367" lat="52.0752183" lon="21.027014" version="1" timestamp="2026-04-19T19:46:10.725980Z" action="modify"   >
	<tag k="name" v="Muzeum Sztuki Współczesnej Józefa Wilkonia w Piasecznie"/>
	<tag k="addr:postcode" v="05-500"/>
	<tag k="addr:city" v="Piaseczno"/>
	<tag k="addr:street" v="Puławska"/>
	<tag k="addr:housenumber" v="3"/>
	<tag k="operator" v="Gmina Piaseczno"/>
	<tag k="operator:type" v="government"/>
	<tag k="tourism" v="museum"/>
	<tag k="source:tourism" v="Wykaz Muzeów, wypis na dzień 2026-04-09"/>
</node></osm>