<?xml version="1.0" encoding="UTF-8"?>
<osm version="0.6" generator="Overpass API 0.7.61.5 4133829e">
<note>The data included in this document is from www.openstreetmap.org. The data is made available under ODbL.</note>
<meta osm_base="2026-04-19T20:00:16.533888Z" areas="datetime.utcnow().isoformat() + 'Z'"/>
<way id="359178827" version="14" timestamp="2026-04-11T20:14:00Z" action="modify" changeset="181206352" uid="21932714" user="BartekGa">
	<tag k="access" v="yes"/>
	<tag k="addr:city" v="Bolesławiec"/>
	<tag k="addr:housenumber" v="28/29"/>
	<tag k="addr:postcode" v="59-700"/>
	<tag k="addr:street" v="Zgorzelecka"/>
	<tag k="building" v="museum"/>
	<tag k="building:levels" v="2"/>
	<tag k="castle_type" v="stately"/>
	<tag k="changing_table" v="yes"/>
	<tag k="changing_table:fee" v="no"/>
	<tag k="changing_table:location" v="dedicated_room"/>
	<tag k="check_date" v="2024-04-28"/>
	<tag k="email" v="poczta@muzeum.boleslawiec.net"/>
	<tag k="fee" v="yes"/>
	<tag k="historic" v="castle"/>
	<tag k="museum" v="local"/>
	<tag k="name" v="Muzeum Ceramiki w Bolesławcu"/>
	<tag k="opening_hours" v="Tu 11:00-19:00, We 9:00-17:00, Th 11:00-19:00, Fr-Su 9:00-17:00"/>
	<tag k="phone" v="+48756121370"/>
	<tag k="toilets" v="yes"/>
	<tag k="toilets:unisex" v="no"/>
	<tag k="toilets:wheelchair" v="yes"/>
	<tag k="tourism" v="museum"/>
	<tag k="website" v="https://muzeum.boleslawiec.pl"/>
	<tag k="wheelchair" v="yes"/>
	<tag k="operator" v="Gmina Miejska Bolesławiec"/>
	<tag k="operator:type" v="government"/>
	<tag k="source:tourism" v="Wykaz Muzeów, wypis na dzień 2026-04-09"/>
	<nd ref="4212757237"/>
	<nd ref="4757799946"/>
	<nd ref="4212757243"/>
	<nd ref="4757799955"/>
	<nd ref="4757799950"/>
	<nd ref="4757799949"/>
	<nd ref="11816675360"/>
	<nd ref="4757799941"/>
	<nd ref="13324928995"/>
	<nd ref="4757799940"/>
	<nd ref="4212757245"/>
	<nd ref="4212757238"/>
	<nd ref="13324928996"/>
	<nd ref="4212757239"/>
	<nd ref="4757798319"/>
	<nd ref="4212757225"/>
	<nd ref="13324937077"/>
	<nd ref="13324937087"/>
	<nd ref="4212757235"/>
	<nd ref="13324937089"/>
	<nd ref="11872200554"/>
	<nd ref="4212757230"/>
	<nd ref="4212757224"/>
	<nd ref="4212757222"/>
	<nd ref="4212757232"/>
	<nd ref="4757799931"/>
	<nd ref="4212757233"/>
	<nd ref="13324937048"/>
	<nd ref="4757799933"/>
	<nd ref="4212757236"/>
	<nd ref="13324928992"/>
	<nd ref="4757799935"/>
	<nd ref="4212757237"/>
</way>
<node id="4212757222" lat="51.2648801" lon="15.555739" version="3" timestamp="2024-04-14T14:28:07Z"  changeset="149995312" uid="2467597" user="Kerim_m">

</node>
<node id="4212757224" lat="51.2648946" lon="15.5555638" version="3" timestamp="2024-04-14T14:28:07Z"  changeset="149995312" uid="2467597" user="Kerim_m">

</node>
<node id="4212757225" lat="51.2649265" lon="15.5551782" version="3" timestamp="2024-04-14T14:28:07Z"  changeset="149995312" uid="2467597" user="Kerim_m">

</node>
<node id="4212757230" lat="51.2650349" lon="15.5555904" version="3" timestamp="2024-04-14T14:28:07Z"  changeset="149995312" uid="2467597" user="Kerim_m">

</node>
<node id="4212757232" lat="51.2650594" lon="15.5557718" version="3" timestamp="2024-04-14T14:28:07Z"  changeset="149995312" uid="2467597" user="Kerim_m">

</node>
<node id="4212757233" lat="51.2651073" lon="15.555715" version="3" timestamp="2024-04-14T14:28:07Z"  changeset="149995312" uid="2467597" user="Kerim_m">

</node>
<node id="4212757235" lat="51.2650753" lon="15.5552197" version="4" timestamp="2025-11-22T21:00:32Z"  changeset="175005113" uid="21932714" user="BartekGa">

</node>
<node id="4212757236" lat="51.2651218" lon="15.5556248" version="3" timestamp="2024-04-14T14:28:07Z"  changeset="149995312" uid="2467597" user="Kerim_m">

</node>
<node id="4212757237" lat="51.2651755" lon="15.5555615" version="3" timestamp="2024-04-14T14:28:07Z"  changeset="149995312" uid="2467597" user="Kerim_m">

</node>
<node id="4212757238" lat="51.2650774" lon="15.5550885" version="3" timestamp="2024-04-14T14:28:07Z"  changeset="149995312" uid="2467597" user="Kerim_m">

</node>
<node id="4212757239" lat="51.2650825" lon="15.555036" version="3" timestamp="2024-04-14T14:28:07Z"  changeset="149995312" uid="2467597" user="Kerim_m">

</node>
<node id="4212757243" lat="51.2652113" lon="15.5555016" version="3" timestamp="2024-04-14T14:28:07Z"  changeset="149995312" uid="2467597" user="Kerim_m">

</node>
<node id="4212757245" lat="51.2651481" lon="15.5551075" version="3" timestamp="2024-04-14T14:28:07Z"  changeset="149995312" uid="2467597" user="Kerim_m">

</node>
<node id="4757798319" lat="51.2649475" lon="15.555" version="2" timestamp="2024-04-14T14:28:07Z"  changeset="149995312" uid="2467597" user="Kerim_m">

</node>
<node id="4757799931" lat="51.2650644" lon="15.5557095" version="2" timestamp="2024-04-14T14:28:07Z"  changeset="149995312" uid="2467597" user="Kerim_m">

</node>
<node id="4757799933" lat="51.2651142" lon="15.5556213" version="2" timestamp="2024-04-14T14:28:07Z"  changeset="149995312" uid="2467597" user="Kerim_m">

</node>
<node id="4757799935" lat="51.2651303" lon="15.5555509" version="2" timestamp="2024-04-14T14:28:07Z"  changeset="149995312" uid="2467597" user="Kerim_m">

</node>
<node id="4757799940" lat="51.2651384" lon="15.5551984" version="2" timestamp="2024-04-14T14:28:07Z"  changeset="149995312" uid="2467597" user="Kerim_m">

</node>
<node id="4757799941" lat="51.2651621" lon="15.5552056" version="2" timestamp="2024-04-14T14:28:07Z"  changeset="149995312" uid="2467597" user="Kerim_m">

</node>
<node id="4757799946" lat="51.2651853" lon="15.5554945" version="2" timestamp="2024-04-14T14:28:07Z"  changeset="149995312" uid="2467597" user="Kerim_m">

</node>
<node id="4757799949" lat="51.2652043" lon="15.5553149" version="2" timestamp="2024-04-14T14:28:07Z"  changeset="149995312" uid="2467597" user="Kerim_m">

</node>
<node id="4757799950" lat="51.2651953" lon="15.5553877" version="2" timestamp="2024-04-14T14:28:07Z"  changeset="149995312" uid="2467597" user="Kerim_m">

</node>
<node id="4757799955" lat="51.2652242" lon="15.555397" version="2" timestamp="2024-04-14T14:28:07Z"  changeset="149995312" uid="2467597" user="Kerim_m">

</node>
<node id="11816675360" lat="51.2651533" lon="15.5553005" version="1" timestamp="2024-04-14T14:28:07Z"  changeset="149995312" uid="2467597" user="Kerim_m">

</node>
<node id="11872200554" lat="51.265055" lon="15.5554052" version="1" timestamp="2024-05-01T17:07:19Z"  changeset="150760328" uid="91771" user="Alexey Vazhnov">
	<tag k="entrance" v="main"/>
	<tag k="wheelchair" v="yes"/>
</node>
<node id="13324928992" lat="51.2651268" lon="15.5555815" version="1" timestamp="2025-11-22T20:38:43Z"  changeset="175004537" uid="21932714" user="BartekGa">

</node>
<node id="13324928995" lat="51.2651499" lon="15.5552019" version="1" timestamp="2025-11-22T20:38:43Z"  changeset="175004537" uid="21932714" user="BartekGa">

</node>
<node id="13324928996" lat="51.2650792" lon="15.5550702" version="1" timestamp="2025-11-22T20:38:43Z"  changeset="175004537" uid="21932714" user="BartekGa">

</node>
<node id="13324937048" lat="51.2651134" lon="15.5556328" version="1" timestamp="2025-11-22T21:00:32Z"  changeset="175005113" uid="21932714" user="BartekGa">

</node>
<node id="13324937077" lat="51.2649894" lon="15.5551959" version="1" timestamp="2025-11-22T21:00:32Z"  changeset="175005113" uid="21932714" user="BartekGa">

</node>
<node id="13324937087" lat="51.265013" lon="15.5552033" version="1" timestamp="2025-11-22T21:00:32Z"  changeset="175005113" uid="21932714" user="BartekGa">

</node>
<node id="13324937089" lat="51.2650726" lon="15.5552466" version="1" timestamp="2025-11-22T21:00:32Z"  changeset="175005113" uid="21932714" user="BartekGa">

</node>
<node id="1774628180" lat="52.1730618" lon="20.8075932" version="8" timestamp="2023-01-18T14:38:35Z" action="modify" changeset="131426292" uid="3885790" user="NieWnen">
	<tag k="addr:city" v="Pruszków"/>
	<tag k="addr:city:simc" v="0921510"/>
	<tag k="addr:housenumber" v="8A"/>
	<tag k="addr:postcode" v="05-800"/>
	<tag k="addr:street" v="3 Maja"/>
	<tag k="contact:email" v="dulag@dulag121.pl"/>
	<tag k="contact:fax" v="+48 227588663"/>
	<tag k="contact:phone" v="+48 227588663"/>
	<tag k="contact:website" v="http://www.dulag121.pl"/>
	<tag k="museum" v="history"/>
	<tag k="name" v="Muzeum Dulag 121"/>
	<tag k="opening_hours" v="Tu, We 09:00-17:00; Th 12:00-19:00; Fr 09:00-16:00; Sa 12:00-17:00; Su 11:00-16:00"/>
	<tag k="operator" v="Powiat Pruszkowski"/>
	<tag k="operator:type" v="government"/>
	<tag k="tourism" v="museum"/>
	<tag k="wikidata" v="Q15073640"/>
	<tag k="wikipedia" v="pl:Muzeum Dulag 121"/>
	<tag k="source:tourism" v="Wykaz Muzeów, wypis na dzień 2026-04-09"/>
</node>
<node id="4166264453" lat="54.5330528" lon="18.5483911" version="8" timestamp="2024-08-31T16:42:56Z" action="modify" changeset="156023516" uid="137245" user="noctilus">
	<tag k="contact:email" v="biuro@muzeumemigracji.pl"/>
	<tag k="contact:phone" v="+48 58 670 41 61"/>
	<tag k="contact:website" v="http://www.polska1.pl"/>
	<tag k="fee" v="yes"/>
	<tag k="museum" v="history"/>
	<tag k="name" v="Muzeum Emigracji w Gdyni"/>
	<tag k="official_name" v="Muzeum Emigracji w Gdyni"/>
	<tag k="opening_hours" v="Tu 12:00-20:00; We 10:00-18:00; Th-Su 10:00-18:00"/>
	<tag k="start_date" v="2012-02"/>
	<tag k="toilets" v="yes"/>
	<tag k="toilets:access" v="customers"/>
	<tag k="toilets:wheelchair" v="designated"/>
	<tag k="tourism" v="museum"/>
	<tag k="wheelchair" v="yes"/>
	<tag k="wikidata" v="Q15966273"/>
	<tag k="wikipedia" v="pl:Muzeum Emigracji w Gdyni"/>
	<tag k="addr:postcode" v="81-372"/>
	<tag k="addr:city" v="Gdynia"/>
	<tag k="addr:street" v="Armii Krajowej"/>
	<tag k="addr:housenumber" v="24"/>
	<tag k="operator" v="Gmina Miasta Gdyni"/>
	<tag k="operator:type" v="government"/>
	<tag k="source:tourism" v="Wykaz Muzeów, wypis na dzień 2026-04-09"/>
</node>
<way id="439064661" version="9" timestamp="2024-11-14T11:39:09Z" action="modify" changeset="159126498" uid="12901812" user="Alicja1">
	<tag k="addr:city" v="Wola Okrzejska"/>
	<tag k="addr:country" v="PL"/>
	<tag k="addr:postcode" v="21-480"/>
	<tag k="addr:street" v="Wola Okrzejska"/>
	<tag k="building" v="yes"/>
	<tag k="building:colour" v="white"/>
	<tag k="building:levels" v="1"/>
	<tag k="email" v="muzeumhs@wp.pl"/>
	<tag k="fax" v="+48 25 755 90 00"/>
	<tag k="name" v="Muzeum Henryka Sienkiewicza w Woli Okrzejskiej"/>
	<tag k="opening_hours" v="Apr-Oct 09:00-17:00; Nov-Mar 08:00-16:00"/>
	<tag k="phone" v="+48 25 755 90 00"/>
	<tag k="ref:ckkp" v="LU00738"/>
	<tag k="roof:colour" v="grey"/>
	<tag k="roof:levels" v="1.5"/>
	<tag k="roof:material" v="wood"/>
	<tag k="roof:shape" v="hipped"/>
	<tag k="short_name" v="Muzeum Henryka Sienkiewicza"/>
	<tag k="tourism" v="museum"/>
	<tag k="website" v="https://muzeumhs.pl/"/>
	<tag k="wikidata" v="Q26256334"/>
	<tag k="wikipedia" v="pl:Muzeum Henryka Sienkiewicza w Woli Okrzejskiej"/>
	<tag k="addr:housenumber" v="109"/>
	<tag k="operator" v="Powiat Łukowski"/>
	<tag k="operator:type" v="government"/>
	<tag k="source:tourism" v="Wykaz Muzeów, wypis na dzień 2026-04-09"/>
	<nd ref="4366869233"/>
	<nd ref="4366869229"/>
	<nd ref="10080128509"/>
	<nd ref="4366869232"/>
	<nd ref="10080128495"/>
	<nd ref="4366869235"/>
	<nd ref="10080128494"/>
	<nd ref="4366869233"/>
</way>
<node id="4366869229" lat="51.7455625" lon="22.1282386" version="4" timestamp="2022-10-06T15:02:14Z"  changeset="127107534" uid="1381079" user="d3mol3k">

</node>
<node id="4366869232" lat="51.7456491" lon="22.1281553" version="4" timestamp="2022-10-06T15:02:14Z"  changeset="127107534" uid="1381079" user="d3mol3k">

</node>
<node id="4366869233" lat="51.74567" lon="22.1285254" version="4" timestamp="2022-10-06T15:02:14Z"  changeset="127107534" uid="1381079" user="d3mol3k">

</node>
<node id="4366869235" lat="51.745756" lon="22.1284415" version="4" timestamp="2022-10-06T15:02:14Z"  changeset="127107534" uid="1381079" user="d3mol3k">

</node>
<node id="10080128494" lat="51.7457317" lon="22.1284652" version="1" timestamp="2022-10-06T15:02:14Z"  changeset="127107534" uid="1381079" user="d3mol3k">

</node>
<node id="10080128495" lat="51.7457022" lon="22.1282967" version="1" timestamp="2022-10-06T15:02:14Z"  changeset="127107534" uid="1381079" user="d3mol3k">
	<tag k="entrance" v="main"/>
</node>
<node id="10080128509" lat="51.7455863" lon="22.1282163" version="1" timestamp="2022-10-06T15:02:14Z"  changeset="127107534" uid="1381079" user="d3mol3k">

</node>
<node id="1904638169" lat="50.8697353" lon="20.6346534" version="6" timestamp="2019-07-31T19:48:45Z" action="modify" changeset="72871134" uid="7669860" user="kabus_">
	<tag k="addr:city" v="Kielce"/>
	<tag k="addr:housenumber" v="4"/>
	<tag k="addr:street" v="Świętego Leonarda"/>
	<tag k="name" v="Muzeum Historii Kielc"/>
	<tag k="opening_hours" v="Tu-Fr 08:00-16:00; We 08:00-17:00; Sa,Su 09:00-16:00"/>
	<tag k="phone" v="+48 41 340 55 20"/>
	<tag k="tourism" v="museum"/>
	<tag k="website" v="http://www.muzeumhistoriikielc.pl/"/>
	<tag k="wikidata" v="Q11786995"/>
	<tag k="wikipedia" v="pl:Muzeum Historii Kielc"/>
	<tag k="addr:postcode" v="25-303"/>
	<tag k="operator" v="Miasto Kielce"/>
	<tag k="operator:type" v="government"/>
	<tag k="source:tourism" v="Wykaz Muzeów, wypis na dzień 2026-04-09"/>
</node>
<way id="166920357" version="6" timestamp="2025-08-03T22:09:41Z" action="modify" changeset="169927039" uid="11239973" user="uprkos">
	<tag k="building" v="yes"/>
	<tag k="building:part" v="yes"/>
	<tag k="height" v="16"/>
	<tag k="museum" v="history"/>
	<tag k="name" v="Muzeum Historii Miasta Zduńska Wola"/>
	<tag k="roof:colour" v="red"/>
	<tag k="roof:shape" v="gabled"/>
	<tag k="tourism" v="museum"/>
	<tag k="website" v="https://muzeumzdunskawola.pl/"/>
	<tag k="addr:postcode" v="98-220"/>
	<tag k="addr:city" v="Zduńska Wola"/>
	<tag k="addr:street" v="Złotnickiego"/>
	<tag k="addr:housenumber" v="7"/>
	<tag k="operator" v="Miasto Zduńska Wola"/>
	<tag k="operator:type" v="government"/>
	<tag k="source:tourism" v="Wykaz Muzeów, wypis na dzień 2026-04-09"/>
	<nd ref="4492956468"/>
	<nd ref="4492956431"/>
	<nd ref="11919635651"/>
	<nd ref="4492956164"/>
	<nd ref="4492956407"/>
	<nd ref="4492956442"/>
	<nd ref="4492956443"/>
	<nd ref="4492956455"/>
	<nd ref="4492956456"/>
	<nd ref="4492956468"/>
</way>
<node id="4492956164" lat="51.599888" lon="18.9341514" version="1" timestamp="2016-11-10T18:35:30Z"  changeset="43542438" uid="2445224" user="rowers2">

</node>
<node id="4492956407" lat="51.5999764" lon="18.9342491" version="1" timestamp="2016-11-10T18:35:31Z"  changeset="43542438" uid="2445224" user="rowers2">

</node>
<node id="4492956431" lat="51.5999996" lon="18.9338858" version="1" timestamp="2016-11-10T18:35:31Z"  changeset="43542438" uid="2445224" user="rowers2">

</node>
<node id="4492956442" lat="51.6000167" lon="18.9341535" version="1" timestamp="2016-11-10T18:35:31Z"  changeset="43542438" uid="2445224" user="rowers2">

</node>
<node id="4492956443" lat="51.6000263" lon="18.9341638" version="1" timestamp="2016-11-10T18:35:31Z"  changeset="43542438" uid="2445224" user="rowers2">

</node>
<node id="4492956455" lat="51.6000598" lon="18.934086" version="1" timestamp="2016-11-10T18:35:32Z"  changeset="43542438" uid="2445224" user="rowers2">

</node>
<node id="4492956456" lat="51.6000501" lon="18.9340752" version="1" timestamp="2016-11-10T18:35:32Z"  changeset="43542438" uid="2445224" user="rowers2">

</node>
<node id="4492956468" lat="51.6000882" lon="18.9339856" version="1" timestamp="2016-11-10T18:35:32Z"  changeset="43542438" uid="2445224" user="rowers2">

</node>
<node id="11919635651" lat="51.5999527" lon="18.9339975" version="1" timestamp="2024-05-20T11:48:46Z"  changeset="151575480" uid="21542344" user="98194_ESI_to_kura-pro">
	<tag k="camera:direction" v="180"/>
	<tag k="camera:mount" v="wall"/>
	<tag k="camera:type" v="fixed"/>
	<tag k="man_made" v="surveillance"/>
	<tag k="surveillance" v="outdoor"/>
	<tag k="surveillance:type" v="camera"/>
	<tag k="surveillance:zone" v="entrance"/>
</node>
<node id="5136193762" lat="53.9724721" lon="14.7737679" version="2" timestamp="2024-01-18T12:14:10Z" action="modify" changeset="146402603" uid="394622" user="esce">
	<tag k="name" v="Muzeum Historii Ziemi Kamieńskiej"/>
	<tag k="tourism" v="museum"/>
	<tag k="addr:postcode" v="72-400"/>
	<tag k="addr:city" v="Kamień Pomorski"/>
	<tag k="addr:street" v="Katedralny"/>
	<tag k="addr:housenumber" v="7"/>
	<tag k="operator" v="Gmina Kamień Pomorski"/>
	<tag k="operator:type" v="government"/>
	<tag k="source:tourism" v="Wykaz Muzeów, wypis na dzień 2026-04-09"/>
</node>
<way id="231371670" version="14" timestamp="2025-08-26T06:47:48Z" action="modify" changeset="171010191" uid="3610826" user="km2bp">
	<tag k="addr:city" v="Dukla"/>
	<tag k="addr:housenumber" v="5"/>
	<tag k="addr:postcode" v="38-450"/>
	<tag k="addr:street" v="Trakt Węgierski"/>
	<tag k="building" v="palace"/>
	<tag k="building:levels" v="3"/>
	<tag k="building:use" v="museum"/>
	<tag k="contact:phone" v="+48 13 43 30 085"/>
	<tag k="fee" v="yes"/>
	<tag k="heritage" v="2"/>
	<tag k="heritage:operator" v="nid"/>
	<tag k="historic" v="manor"/>
	<tag k="image" v="https://photos.app.goo.gl/NDMQbW48hoEwQYqV8"/>
	<tag k="museum" v="military;history"/>
	<tag k="name" v="Muzeum Historyczne - Pałac w Dukli"/>
	<tag k="opening_hours" v="Oct-Apr Mo-Su 10:00-15:00; May-Sep Mo-Su 10:00-16:30; Jan 01,easter -1 day,easter,easter +1 day,Nov 01,Dec 24-Dec 26 off"/>
	<tag k="ref:nid" v="A-276;A-1164"/>
	<tag k="roof:levels" v="1"/>
	<tag k="roof:shape" v="mansard"/>
	<tag k="source:addr" v="UMiG Dukla"/>
	<tag k="start_date" v="1764;1972-03-01"/>
	<tag k="tourism" v="museum"/>
	<tag k="url" v="https://fotopolska.eu/30811,obiekt.html?map_z=18"/>
	<tag k="url:0" v="https://polska-org.pl/8146810,Dukla,Muzeum_Historyczne_Palac_Dukla.html"/>
	<tag k="website" v="https://www.muzeumdukla.pl/"/>
	<tag k="website:0" v="https://duklapalac.com/strona-glowna"/>
	<tag k="wikidata" v="Q30530422;Q11787006"/>
	<tag k="wikipedia" v="pl:Pałac w Dukli;pl:Muzeum Historyczne – Pałac w Dukli"/>
	<tag k="operator" v="Powiat Krośnieński"/>
	<tag k="operator:type" v="government"/>
	<tag k="source:tourism" v="Wykaz Muzeów, wypis na dzień 2026-04-09"/>
	<nd ref="11233445462"/>
	<nd ref="10678397633"/>
	<nd ref="4052926268"/>
	<nd ref="4052926273"/>
	<nd ref="4052926285"/>
	<nd ref="11233445462"/>
</way>
<node id="4052926268" lat="49.5568584" lon="21.6847165" version="1" timestamp="2016-03-10T13:03:17Z"  changeset="37733431" uid="1980824" user="wmyrda">

</node>
<node id="4052926273" lat="49.5569345" lon="21.6850165" version="1" timestamp="2016-03-10T13:03:17Z"  changeset="37733431" uid="1980824" user="wmyrda">

</node>
<node id="4052926285" lat="49.5571415" lon="21.6848926" version="1" timestamp="2016-03-10T13:03:17Z"  changeset="37733431" uid="1980824" user="wmyrda">

</node>
<node id="10678397633" lat="49.5569605" lon="21.6846553" version="1" timestamp="2023-02-19T14:07:23Z"  changeset="132749690" uid="2098272" user="maraf24">
	<tag k="entrance" v="main"/>
</node>
<node id="11233445462" lat="49.5570655" lon="21.6845925" version="3" timestamp="2025-08-25T21:46:40Z"  changeset="170999031" uid="3610826" user="km2bp">

</node>
<way id="1245464993" version="3" timestamp="2025-08-17T14:31:23Z" action="modify" changeset="170569981" uid="10748770" user="Bananenbroetchen">
	<tag k="fee" v="yes"/>
	<tag k="name" v="Muzeum Historyczne w Ełku"/>
	<tag k="opening_hours" v="Tu-Su 09:30-16:30"/>
	<tag k="tourism" v="museum"/>
	<tag k="addr:postcode" v="19-300"/>
	<tag k="addr:city" v="Ełk"/>
	<tag k="addr:street" v="Małeckich"/>
	<tag k="addr:housenumber" v="3"/>
	<tag k="operator" v="Miasto Ełk"/>
	<tag k="operator:type" v="government"/>
	<tag k="source:tourism" v="Wykaz Muzeów, wypis na dzień 2026-04-09"/>
	<nd ref="1735437078"/>
	<nd ref="2118669479"/>
	<nd ref="6032745493"/>
	<nd ref="9588561688"/>
	<nd ref="9588571486"/>
	<nd ref="9588561672"/>
	<nd ref="9588561673"/>
	<nd ref="2118669462"/>
	<nd ref="2209703302"/>
	<nd ref="9588571487"/>
	<nd ref="1735436655"/>
	<nd ref="2118462982"/>
	<nd ref="1735436651"/>
	<nd ref="1735436641"/>
	<nd ref="6032745653"/>
	<nd ref="1735436692"/>
	<nd ref="6032745539"/>
	<nd ref="2641638703"/>
	<nd ref="1735436747"/>
	<nd ref="6032745612"/>
	<nd ref="6032745617"/>
	<nd ref="6032745711"/>
	<nd ref="6032745712"/>
	<nd ref="6032745713"/>
	<nd ref="6032745714"/>
	<nd ref="6032745715"/>
	<nd ref="6032745716"/>
	<nd ref="6032745717"/>
	<nd ref="6032745718"/>
	<nd ref="6032745719"/>
	<nd ref="6032745720"/>
	<nd ref="6032744908"/>
	<nd ref="6032745721"/>
	<nd ref="6032745722"/>
	<nd ref="6032745723"/>
	<nd ref="6032745724"/>
	<nd ref="6032745725"/>
	<nd ref="1735437421"/>
	<nd ref="6032745355"/>
	<nd ref="1735437413"/>
	<nd ref="6032745342"/>
	<nd ref="9592538724"/>
	<nd ref="6032745672"/>
	<nd ref="1735437417"/>
	<nd ref="6034014389"/>
	<nd ref="9592538734"/>
	<nd ref="1735437078"/>
</way>
<node id="1735436641" lat="53.8244949" lon="22.3659264" version="2" timestamp="2014-01-29T00:50:46Z"  changeset="20257230" uid="536107" user="RoboD">

</node>
<node id="1735436651" lat="53.8245092" lon="22.3659665" version="2" timestamp="2014-01-29T00:50:46Z"  changeset="20257230" uid="536107" user="RoboD">
	<tag k="barrier" v="gate"/>
</node>
<node id="1735436655" lat="53.8245383" lon="22.3660544" version="4" timestamp="2022-03-18T19:58:43Z"  changeset="118646218" uid="14809185" user="Lamigz">

</node>
<node id="1735436692" lat="53.8248289" lon="22.3653861" version="2" timestamp="2018-11-02T20:34:22Z"  changeset="64126769" uid="2027109" user="wilczywilk">

</node>
<node id="1735436747" lat="53.825134" lon="22.3641871" version="3" timestamp="2018-11-02T20:34:22Z"  changeset="64126769" uid="2027109" user="wilczywilk">

</node>
<node id="1735437078" lat="53.8263526" lon="22.3646866" version="4" timestamp="2022-03-20T17:53:17Z"  changeset="118705413" uid="14809185" user="Lamigz">

</node>
<node id="1735437413" lat="53.8275221" lon="22.3624404" version="4" timestamp="2022-08-05T06:39:25Z"  changeset="124507069" uid="2027109" user="wilczywilk">

</node>
<node id="1735437417" lat="53.8276103" lon="22.3631137" version="5" timestamp="2022-03-18T19:58:43Z"  changeset="118646218" uid="14809185" user="Lamigz">

</node>
<node id="1735437421" lat="53.8275765" lon="22.3622014" version="3" timestamp="2018-11-02T20:34:22Z"  changeset="64126769" uid="2027109" user="wilczywilk">

</node>
<node id="2118462982" lat="53.8245283" lon="22.3660235" version="4" timestamp="2025-01-23T19:12:41Z"  changeset="161686337" uid="22372095" user="dsotm">

</node>
<node id="2118669462" lat="53.8250837" lon="22.3654907" version="2" timestamp="2022-03-18T19:58:43Z"  changeset="118646218" uid="14809185" user="Lamigz">

</node>
<node id="2118669479" lat="53.8262165" lon="22.3647379" version="2" timestamp="2022-03-18T19:58:43Z"  changeset="118646218" uid="14809185" user="Lamigz">

</node>
<node id="2209703302" lat="53.8249488" lon="22.3656206" version="3" timestamp="2022-03-18T19:58:43Z"  changeset="118646218" uid="14809185" user="Lamigz">

</node>
<node id="2641638703" lat="53.8250593" lon="22.3643512" version="2" timestamp="2018-11-02T20:34:26Z"  changeset="64126769" uid="2027109" user="wilczywilk">

</node>
<node id="6032744908" lat="53.8266063" lon="22.3626707" version="1" timestamp="2018-11-02T20:33:57Z"  changeset="64126769" uid="2027109" user="wilczywilk">
	<tag k="barrier" v="gate"/>
</node>
<node id="6032745342" lat="53.82758" lon="22.3628833" version="2" timestamp="2022-08-26T21:32:05Z"  changeset="125424337" uid="553541" user="B_KSL">

</node>
<node id="6032745355" lat="53.8274761" lon="22.3623263" version="2" timestamp="2022-03-20T17:53:17Z"  changeset="118705413" uid="14809185" user="Lamigz">

</node>
<node id="6032745493" lat="53.8258199" lon="22.3649577" version="2" timestamp="2022-03-18T19:58:43Z"  changeset="118646218" uid="14809185" user="Lamigz">

</node>
<node id="6032745539" lat="53.8248436" lon="22.3653202" version="1" timestamp="2018-11-02T20:34:03Z"  changeset="64126769" uid="2027109" user="wilczywilk">

</node>
<node id="6032745612" lat="53.8253937" lon="22.3638451" version="1" timestamp="2018-11-02T20:34:04Z"  changeset="64126769" uid="2027109" user="wilczywilk">

</node>
<node id="6032745617" lat="53.8255212" lon="22.3636658" version="1" timestamp="2018-11-02T20:34:05Z"  changeset="64126769" uid="2027109" user="wilczywilk">

</node>
<node id="6032745653" lat="53.8246364" lon="22.3657217" version="1" timestamp="2018-11-02T20:34:05Z"  changeset="64126769" uid="2027109" user="wilczywilk">

</node>
<node id="6032745672" lat="53.8276035" lon="22.3630618" version="2" timestamp="2022-03-20T17:53:17Z"  changeset="118705413" uid="14809185" user="Lamigz">
	<tag k="barrier" v="gate"/>
</node>
<node id="6032745711" lat="53.8257222" lon="22.363383" version="1" timestamp="2018-11-02T20:34:06Z"  changeset="64126769" uid="2027109" user="wilczywilk">

</node>
<node id="6032745712" lat="53.825792" lon="22.3634119" version="1" timestamp="2018-11-02T20:34:06Z"  changeset="64126769" uid="2027109" user="wilczywilk">

</node>
<node id="6032745713" lat="53.8258943" lon="22.3633241" version="1" timestamp="2018-11-02T20:34:06Z"  changeset="64126769" uid="2027109" user="wilczywilk">

</node>
<node id="6032745714" lat="53.8259547" lon="22.3633709" version="2" timestamp="2023-10-31T20:36:53Z"  changeset="143441933" uid="2027109" user="wilczywilk">

</node>
<node id="6032745715" lat="53.8259643" lon="22.3633352" version="1" timestamp="2018-11-02T20:34:06Z"  changeset="64126769" uid="2027109" user="wilczywilk">
	<tag k="barrier" v="gate"/>
</node>
<node id="6032745716" lat="53.8259836" lon="22.3632582" version="1" timestamp="2018-11-02T20:34:06Z"  changeset="64126769" uid="2027109" user="wilczywilk">

</node>
<node id="6032745717" lat="53.8263119" lon="22.3629703" version="1" timestamp="2018-11-02T20:34:06Z"  changeset="64126769" uid="2027109" user="wilczywilk">

</node>
<node id="6032745718" lat="53.8264084" lon="22.362819" version="1" timestamp="2018-11-02T20:34:06Z"  changeset="64126769" uid="2027109" user="wilczywilk">

</node>
<node id="6032745719" lat="53.8264854" lon="22.3627543" version="2" timestamp="2024-02-02T08:40:18Z"  changeset="146975378" uid="2027109" user="wilczywilk">
	<tag k="barrier" v="gate"/>
</node>
<node id="6032745720" lat="53.8265971" lon="22.3626543" version="1" timestamp="2018-11-02T20:34:06Z"  changeset="64126769" uid="2027109" user="wilczywilk">

</node>
<node id="6032745721" lat="53.8266258" lon="22.3627053" version="1" timestamp="2018-11-02T20:34:06Z"  changeset="64126769" uid="2027109" user="wilczywilk">
	<tag k="barrier" v="gate"/>
</node>
<node id="6032745722" lat="53.8266381" lon="22.3627269" version="1" timestamp="2018-11-02T20:34:06Z"  changeset="64126769" uid="2027109" user="wilczywilk">

</node>
<node id="6032745723" lat="53.826731" lon="22.3625835" version="1" timestamp="2018-11-02T20:34:06Z"  changeset="64126769" uid="2027109" user="wilczywilk">

</node>
<node id="6032745724" lat="53.8269528" lon="22.3624713" version="1" timestamp="2018-11-02T20:34:06Z"  changeset="64126769" uid="2027109" user="wilczywilk">

</node>
<node id="6032745725" lat="53.8275015" lon="22.3619467" version="1" timestamp="2018-11-02T20:34:06Z"  changeset="64126769" uid="2027109" user="wilczywilk">

</node>
<node id="6034014389" lat="53.826899" lon="22.3638828" version="3" timestamp="2023-12-08T08:12:40Z"  changeset="144892211" uid="2027109" user="wilczywilk">

</node>
<node id="9588561672" lat="53.8253986" lon="22.3652289" version="1" timestamp="2022-03-18T19:58:43Z"  changeset="118646218" uid="14809185" user="Lamigz">

</node>
<node id="9588561673" lat="53.8252157" lon="22.3653744" version="1" timestamp="2022-03-18T19:58:43Z"  changeset="118646218" uid="14809185" user="Lamigz">

</node>
<node id="9588561688" lat="53.8257503" lon="22.3650025" version="1" timestamp="2022-03-18T19:58:43Z"  changeset="118646218" uid="14809185" user="Lamigz">

</node>
<node id="9588571486" lat="53.8255685" lon="22.3651195" version="1" timestamp="2022-03-18T19:58:43Z"  changeset="118646218" uid="14809185" user="Lamigz">

</node>
<node id="9588571487" lat="53.8246143" lon="22.365975" version="1" timestamp="2022-03-18T19:58:43Z"  changeset="118646218" uid="14809185" user="Lamigz">

</node>
<node id="9592538724" lat="53.8275967" lon="22.3630106" version="1" timestamp="2022-03-20T17:53:17Z"  changeset="118705413" uid="14809185" user="Lamigz">

</node>
<node id="9592538734" lat="53.8263105" lon="22.3645188" version="1" timestamp="2022-03-20T17:53:17Z"  changeset="118705413" uid="14809185" user="Lamigz">

</node>
<way id="975746174" version="3" timestamp="2024-02-12T19:24:38Z" action="modify" changeset="147381648" uid="6668641" user="syntex">
	<tag k="landuse" v="commercial"/>
	<tag k="name" v="Muzeum Historyczne w Legionowie"/>
	<tag k="phone" v="+48227742166"/>
	<tag k="tourism" v="museum"/>
	<tag k="website" v="https://muzeum.legionowo.pl/"/>
	<tag k="wikidata" v="Q17619122"/>
	<tag k="wikipedia" v="pl:Muzeum Historyczne w Legionowie"/>
	<tag k="addr:postcode" v="05-120"/>
	<tag k="addr:city" v="Legionowo"/>
	<tag k="addr:street" v="Adama Mickiewicza"/>
	<tag k="addr:housenumber" v="23"/>
	<tag k="operator" v="Gmina Legionowo"/>
	<tag k="operator:type" v="government"/>
	<tag k="source:tourism" v="Wykaz Muzeów, wypis na dzień 2026-04-09"/>
	<nd ref="6284621564"/>
	<nd ref="6284621565"/>
	<nd ref="9029330304"/>
	<nd ref="9029330305"/>
	<nd ref="9029330306"/>
	<nd ref="9029330307"/>
	<nd ref="9029330302"/>
	<nd ref="9029330303"/>
	<nd ref="9029330310"/>
	<nd ref="11616157335"/>
	<nd ref="6284621561"/>
	<nd ref="6284621564"/>
</way>
<node id="6284621561" lat="52.4011318" lon="20.9268928" version="2" timestamp="2021-08-23T17:24:43Z"  changeset="110129703" uid="4026498" user="cedaros">

</node>
<node id="6284621564" lat="52.4008186" lon="20.9275104" version="2" timestamp="2021-08-23T17:24:43Z"  changeset="110129703" uid="4026498" user="cedaros">

</node>
<node id="6284621565" lat="52.4009981" lon="20.9277338" version="3" timestamp="2024-02-12T19:24:37Z"  changeset="147381648" uid="6668641" user="syntex">

</node>
<node id="9029330302" lat="52.4014377" lon="20.9272743" version="2" timestamp="2024-02-12T19:24:37Z"  changeset="147381648" uid="6668641" user="syntex">
	<tag k="access" v="private"/>
	<tag k="barrier" v="gate"/>
</node>
<node id="9029330303" lat="52.4013557" lon="20.927172" version="1" timestamp="2021-08-23T17:24:43Z"  changeset="110129703" uid="4026498" user="cedaros">
	<tag k="barrier" v="gate"/>
</node>
<node id="9029330304" lat="52.4011674" lon="20.9279381" version="1" timestamp="2021-08-23T17:24:43Z"  changeset="110129703" uid="4026498" user="cedaros">

</node>
<node id="9029330305" lat="52.4013132" lon="20.9276184" version="1" timestamp="2021-08-23T17:24:43Z"  changeset="110129703" uid="4026498" user="cedaros">

</node>
<node id="9029330306" lat="52.4014239" lon="20.9277637" version="2" timestamp="2024-02-12T19:24:37Z"  changeset="147381648" uid="6668641" user="syntex">

</node>
<node id="9029330307" lat="52.4015794" lon="20.927451" version="1" timestamp="2021-08-23T17:24:43Z"  changeset="110129703" uid="4026498" user="cedaros">

</node>
<node id="9029330310" lat="52.4011519" lon="20.9269178" version="2" timestamp="2024-02-12T19:24:37Z"  changeset="147381648" uid="6668641" user="syntex">
	<tag k="access" v="private"/>
	<tag k="barrier" v="gate"/>
</node>
<node id="11616157335" lat="52.4011381" lon="20.9269006" version="1" timestamp="2024-02-12T19:24:36Z"  changeset="147381648" uid="6668641" user="syntex">

</node>
<node id="12771486060" lat="51.3972359" lon="16.2054986" version="3" timestamp="2025-04-21T06:17:23Z" action="modify" changeset="165221440" uid="3186433" user="mapowicz_pl">
	<tag k="check_date" v="2025-04-21"/>
	<tag k="description" v="W muzeum znajduje się defibrylator."/>
	<tag k="museum" v="history"/>
	<tag k="name" v="Muzeum Historyczne w Lubinie"/>
	<tag k="opening_hours" v="Mo-Fr 09:00-17:00; Sa-Su 10:00-18:00"/>
	<tag k="source" v="survey"/>
	<tag k="tourism" v="museum"/>
	<tag k="wheelchair" v="yes"/>
	<tag k="addr:postcode" v="59-300"/>
	<tag k="addr:city" v="Lubin"/>
	<tag k="addr:street" v="Pruzi"/>
	<tag k="addr:housenumber" v="7"/>
	<tag k="operator" v="Gmina Miejska Lubin"/>
	<tag k="operator:type" v="government"/>
	<tag k="source:tourism" v="Wykaz Muzeów, wypis na dzień 2026-04-09"/>
</node>
<way id="175877688" version="11" timestamp="2025-07-31T19:34:11Z" action="modify" changeset="169787469" uid="5060085" user="Piotr Strębski">
	<tag k="addr:city" v="Przasnysz"/>
	<tag k="addr:city:simc" v="0966398"/>
	<tag k="addr:housename" v="Ratusz"/>
	<tag k="addr:housenumber" v="1"/>
	<tag k="addr:postcode" v="06-300"/>
	<tag k="addr:street" v="Rynek"/>
	<tag k="building" v="public"/>
	<tag k="building:levels" v="3"/>
	<tag k="email" v="muzeum@muzeumprzasnysz.pl"/>
	<tag k="facebook" v="https://www.facebook.com/muzeumprzasnysz"/>
	<tag k="name" v="Muzeum Historyczne w Przasnyszu"/>
	<tag k="phone" v="+48 29 752 28 66"/>
	<tag k="source:addr" v="mprzasnysz.e-mapa.net"/>
	<tag k="tourism" v="museum"/>
	<tag k="website" v="https://www.muzeumprzasnysz.pl/"/>
	<tag k="wikidata" v="Q11833877"/>
	<tag k="wikipedia" v="pl:Ratusz w Przasnyszu"/>
	<tag k="operator" v="Miasto Przasnysz"/>
	<tag k="operator:type" v="government"/>
	<tag k="source:tourism" v="Wykaz Muzeów, wypis na dzień 2026-04-09"/>
	<nd ref="1864365844"/>
	<nd ref="1864365805"/>
	<nd ref="1864365792"/>
	<nd ref="1864365864"/>
	<nd ref="1864365776"/>
	<nd ref="1864365780"/>
	<nd ref="1864365844"/>
</way>
<node id="1864365776" lat="53.0208408" lon="20.8826957" version="2" timestamp="2023-03-08T08:09:18Z"  changeset="133430632" uid="598860" user="Marek-M">

</node>
<node id="1864365780" lat="53.0209962" lon="20.8827118" version="2" timestamp="2023-03-08T08:09:18Z"  changeset="133430632" uid="598860" user="Marek-M">

</node>
<node id="1864365792" lat="53.0208284" lon="20.882886" version="2" timestamp="2023-03-08T08:09:18Z"  changeset="133430632" uid="598860" user="Marek-M">

</node>
<node id="1864365805" lat="53.0209925" lon="20.8829023" version="2" timestamp="2023-03-08T08:09:18Z"  changeset="133430632" uid="598860" user="Marek-M">

</node>
<node id="1864365844" lat="53.0210017" lon="20.8827127" version="2" timestamp="2023-03-08T08:09:18Z"  changeset="133430632" uid="598860" user="Marek-M">

</node>
<node id="1864365864" lat="53.020836" lon="20.8826954" version="2" timestamp="2023-03-08T08:09:18Z"  changeset="133430632" uid="598860" user="Marek-M">

</node>
<node id="4534855737" lat="49.5623431" lon="22.2092927" version="6" timestamp="2023-11-02T22:37:27Z" action="modify" changeset="143551499" uid="9451067" user="b-jazz-bot">
	<tag k="contact:phone" v="+48 134630609"/>
	<tag k="fee" v="yes"/>
	<tag k="museum" v="history"/>
	<tag k="name" v="Muzeum Historyczne w Sanoku"/>
	<tag k="opening_hours" v="Mo 08:00-12:00; Tu-We 09:00-17:00; Apr-Oct Th-Su 09:00-17:00; Nov-Mar Th-Su 09:00-15:00; Nov 01 off"/>
	<tag k="start_date" v="1934"/>
	<tag k="toilets" v="yes"/>
	<tag k="toilets:charge" v="2 PLN"/>
	<tag k="toilets:fee" v="yes"/>
	<tag k="toilets:fee:conditional" v="no @ customers"/>
	<tag k="tourism" v="museum"/>
	<tag k="website" v="https://www.muzeum.sanok.pl/pl/"/>
	<tag k="wikidata" v="Q6393841"/>
	<tag k="wikipedia" v="pl:Muzeum Historyczne w Sanoku"/>
	<tag k="addr:postcode" v="38-500"/>
	<tag k="addr:city" v="Sanok"/>
	<tag k="addr:street" v="Zamkowa"/>
	<tag k="addr:housenumber" v="2"/>
	<tag k="operator" v="Powiat Sanocki"/>
	<tag k="operator:type" v="government"/>
	<tag k="source:tourism" v="Wykaz Muzeów, wypis na dzień 2026-04-09"/>
</node>
<way id="67983046" version="10" timestamp="2024-11-14T11:55:07Z" action="modify" changeset="159127080" uid="12901812" user="Alicja1">
	<tag k="addr:city" v="Chojnice"/>
	<tag k="addr:housenumber" v="5"/>
	<tag k="addr:postcode" v="89-600"/>
	<tag k="addr:street" v="Michała Drzymały"/>
	<tag k="building" v="yes"/>
	<tag k="name" v="Muzeum Historyczno-Etnograficzne im. Juliana Rydzkowskiego w Chojnicach"/>
	<tag k="ref:ckkp" v="PM00083"/>
	<tag k="source:addr" v="mchojnice.e-mapa.net"/>
	<tag k="tourism" v="museum"/>
	<tag k="wikidata" v="Q11787013"/>
	<tag k="wikipedia" v="pl:Muzeum Historyczno-Etnograficzne im. Juliana Rydzkowskiego w Chojnicach"/>
	<tag k="operator" v="Powiat Chojnicki"/>
	<tag k="operator:type" v="government"/>
	<tag k="source:tourism" v="Wykaz Muzeów, wypis na dzień 2026-04-09"/>
	<nd ref="820150844"/>
	<nd ref="820150723"/>
	<nd ref="820150704"/>
	<nd ref="820150827"/>
	<nd ref="820150810"/>
	<nd ref="820150758"/>
	<nd ref="820150743"/>
	<nd ref="820150687"/>
	<nd ref="6308014178"/>
	<nd ref="820150844"/>
</way>
<node id="820150687" lat="53.6903227" lon="17.5735648" version="1" timestamp="2010-07-16T07:07:06Z"  changeset="5232519" uid="8513" user="devrise">

</node>
<node id="820150704" lat="53.6905087" lon="17.5735082" version="1" timestamp="2010-07-16T07:07:07Z"  changeset="5232519" uid="8513" user="devrise">

</node>
<node id="820150723" lat="53.6905324" lon="17.5735258" version="1" timestamp="2010-07-16T07:07:08Z"  changeset="5232519" uid="8513" user="devrise">

</node>
<node id="820150743" lat="53.6903561" lon="17.5734059" version="1" timestamp="2010-07-16T07:07:09Z"  changeset="5232519" uid="8513" user="devrise">

</node>
<node id="820150758" lat="53.6903966" lon="17.5734334" version="1" timestamp="2010-07-16T07:07:09Z"  changeset="5232519" uid="8513" user="devrise">

</node>
<node id="820150810" lat="53.6904015" lon="17.5734142" version="1" timestamp="2010-07-16T07:07:11Z"  changeset="5232519" uid="8513" user="devrise">

</node>
<node id="820150827" lat="53.6905132" lon="17.5734902" version="1" timestamp="2010-07-16T07:07:12Z"  changeset="5232519" uid="8513" user="devrise">

</node>
<node id="820150844" lat="53.6904947" lon="17.5736847" version="1" timestamp="2010-07-16T07:07:13Z"  changeset="5232519" uid="8513" user="devrise">

</node>
<node id="6308014178" lat="53.6904076" lon="17.573624" version="2" timestamp="2023-10-31T00:46:14Z"  changeset="143393754" uid="733286" user="piciu">
	<tag k="addr:flats" v="1-6"/>
	<tag k="door" v="hinged"/>
	<tag k="entrance" v="yes"/>
</node>
<way id="178777655" version="9" timestamp="2026-03-12T16:19:20Z" action="modify" changeset="179765722" uid="20068374" user="MarcinMound">
	<tag k="addr:city" v="Chorzów"/>
	<tag k="addr:housenumber" v="4a"/>
	<tag k="addr:postcode" v="41-500"/>
	<tag k="addr:street" v="Metalowców"/>
	<tag k="building" v="public"/>
	<tag k="fee" v="yes"/>
	<tag k="name" v="Muzeum Hutnictwa w Chorzowie"/>
	<tag k="opening_hours" v="Tu,Sa 10:00-18:00; We-Fr 09:00-16:00; Su 13:00-18:00; Mo off"/>
	<tag k="source:geometry" v="Geoportal 2"/>
	<tag k="tourism" v="museum"/>
	<tag k="wikidata" v="Q95612522"/>
	<tag k="wikimedia_commons" v="Category:Muzeum Hutnictwa w Chorzowie"/>
	<tag k="wikipedia" v="pl:Muzeum Hutnictwa w Chorzowie"/>
	<tag k="operator" v="Miasto Chorzów"/>
	<tag k="operator:type" v="government"/>
	<tag k="source:tourism" v="Wykaz Muzeów, wypis na dzień 2026-04-09"/>
	<nd ref="1891386935"/>
	<nd ref="9310613627"/>
	<nd ref="9310613628"/>
	<nd ref="9310613629"/>
	<nd ref="9310613630"/>
	<nd ref="9310613631"/>
	<nd ref="1891387003"/>
	<nd ref="9310613632"/>
	<nd ref="1891386968"/>
	<nd ref="9310613634"/>
	<nd ref="1891386991"/>
	<nd ref="13641517760"/>
	<nd ref="13641517761"/>
	<nd ref="13641517762"/>
	<nd ref="13641517764"/>
	<nd ref="13641517765"/>
	<nd ref="13641517763"/>
	<nd ref="1891386936"/>
	<nd ref="13641517766"/>
	<nd ref="13641556858"/>
	<nd ref="13641556855"/>
	<nd ref="13641517767"/>
	<nd ref="13641517768"/>
	<nd ref="9310613633"/>
	<nd ref="1891386890"/>
	<nd ref="13641556865"/>
	<nd ref="13641556867"/>
	<nd ref="13641556873"/>
	<nd ref="1891386858"/>
	<nd ref="13641517770"/>
	<nd ref="13641517769"/>
	<nd ref="9310613626"/>
	<nd ref="13641556915"/>
	<nd ref="13641556914"/>
	<nd ref="9310613624"/>
	<nd ref="9310613625"/>
	<nd ref="9416280280"/>
	<nd ref="13641556908"/>
	<nd ref="9310613622"/>
	<nd ref="9310613621"/>
	<nd ref="9310613620"/>
	<nd ref="9310613619"/>
	<nd ref="9310613618"/>
	<nd ref="13641517771"/>
	<nd ref="13641517772"/>
	<nd ref="13641517774"/>
	<nd ref="13641517773"/>
	<nd ref="9310611016"/>
	<nd ref="9310611015"/>
	<nd ref="13641517756"/>
	<nd ref="13641517757"/>
	<nd ref="9310613623"/>
	<nd ref="13641517759"/>
	<nd ref="13641517758"/>
	<nd ref="1891386913"/>
	<nd ref="1891386899"/>
	<nd ref="1891386935"/>
</way>
<node id="1891386858" lat="50.3019813" lon="18.9543742" version="4" timestamp="2026-03-12T16:19:20Z"  changeset="179765722" uid="20068374" user="MarcinMound">

</node>
<node id="1891386890" lat="50.3020428" lon="18.9547494" version="5" timestamp="2026-03-12T16:19:20Z"  changeset="179765722" uid="20068374" user="MarcinMound">

</node>
<node id="1891386899" lat="50.3021242" lon="18.954321" version="3" timestamp="2026-03-12T16:19:20Z"  changeset="179765722" uid="20068374" user="MarcinMound">

</node>
<node id="1891386913" lat="50.3020867" lon="18.9542806" version="3" timestamp="2026-03-12T16:19:20Z"  changeset="179765722" uid="20068374" user="MarcinMound">

</node>
<node id="1891386935" lat="50.3021382" lon="18.9544062" version="4" timestamp="2026-03-12T16:19:20Z"  changeset="179765722" uid="20068374" user="MarcinMound">

</node>
<node id="1891386936" lat="50.3021643" lon="18.9555777" version="5" timestamp="2026-03-12T16:19:20Z"  changeset="179765722" uid="20068374" user="MarcinMound">

</node>
<node id="1891386968" lat="50.3023126" lon="18.9555101" version="4" timestamp="2026-03-12T16:19:20Z"  changeset="179765722" uid="20068374" user="MarcinMound">

</node>
<node id="1891386991" lat="50.3022942" lon="18.9555381" version="4" timestamp="2026-03-12T16:19:20Z"  changeset="179765722" uid="20068374" user="MarcinMound">

</node>
<node id="1891387003" lat="50.3023947" lon="18.9554957" version="4" timestamp="2026-03-12T16:19:20Z"  changeset="179765722" uid="20068374" user="MarcinMound">

</node>
<node id="9310611015" lat="50.302194" lon="18.9541714" version="3" timestamp="2026-03-12T16:19:20Z"  changeset="179765722" uid="20068374" user="MarcinMound">

</node>
<node id="9310611016" lat="50.3021736" lon="18.9540437" version="3" timestamp="2026-03-12T16:19:20Z"  changeset="179765722" uid="20068374" user="MarcinMound">

</node>
<node id="9310613618" lat="50.3020442" lon="18.9540972" version="3" timestamp="2026-03-12T16:19:20Z"  changeset="179765722" uid="20068374" user="MarcinMound">

</node>
<node id="9310613619" lat="50.3020416" lon="18.9540816" version="3" timestamp="2026-03-12T16:19:20Z"  changeset="179765722" uid="20068374" user="MarcinMound">

</node>
<node id="9310613620" lat="50.3019364" lon="18.9541235" version="4" timestamp="2026-03-12T16:19:20Z"  changeset="179765722" uid="20068374" user="MarcinMound">

</node>
<node id="9310613621" lat="50.3019398" lon="18.9541458" version="2" timestamp="2026-03-12T16:19:20Z"  changeset="179765722" uid="20068374" user="MarcinMound">

</node>
<node id="9310613622" lat="50.3019546" lon="18.954156" version="3" timestamp="2026-03-12T16:19:20Z"  changeset="179765722" uid="20068374" user="MarcinMound">

</node>
<node id="9310613623" lat="50.3020787" lon="18.9542165" version="3" timestamp="2026-03-12T16:19:20Z"  changeset="179765722" uid="20068374" user="MarcinMound">

</node>
<node id="9310613624" lat="50.3019544" lon="18.9542356" version="2" timestamp="2026-03-12T16:19:20Z"  changeset="179765722" uid="20068374" user="MarcinMound">

</node>
<node id="9310613625" lat="50.3019694" lon="18.9542444" version="2" timestamp="2026-03-12T16:19:20Z"  changeset="179765722" uid="20068374" user="MarcinMound">

</node>
<node id="9310613626" lat="50.3019755" lon="18.9543669" version="3" timestamp="2026-03-12T16:19:20Z"  changeset="179765722" uid="20068374" user="MarcinMound">

</node>
<node id="9310613627" lat="50.3022105" lon="18.9543778" version="3" timestamp="2026-03-12T16:19:20Z"  changeset="179765722" uid="20068374" user="MarcinMound">

</node>
<node id="9310613628" lat="50.3022563" lon="18.9546615" version="3" timestamp="2026-03-12T16:19:20Z"  changeset="179765722" uid="20068374" user="MarcinMound">

</node>
<node id="9310613629" lat="50.3022398" lon="18.9546687" version="3" timestamp="2026-03-12T16:19:20Z"  changeset="179765722" uid="20068374" user="MarcinMound">

</node>
<node id="9310613630" lat="50.3022873" lon="18.9549604" version="3" timestamp="2026-03-12T16:19:20Z"  changeset="179765722" uid="20068374" user="MarcinMound">

</node>
<node id="9310613631" lat="50.3023052" lon="18.9549534" version="3" timestamp="2026-03-12T16:19:20Z"  changeset="179765722" uid="20068374" user="MarcinMound">

</node>
<node id="9310613632" lat="50.3023152" lon="18.9555269" version="3" timestamp="2026-03-12T16:19:20Z"  changeset="179765722" uid="20068374" user="MarcinMound">

</node>
<node id="9310613633" lat="50.302031" lon="18.9547541" version="4" timestamp="2026-03-12T16:19:20Z"  changeset="179765722" uid="20068374" user="MarcinMound">

</node>
<node id="9310613634" lat="50.3022911" lon="18.9555195" version="3" timestamp="2026-03-12T16:19:20Z"  changeset="179765722" uid="20068374" user="MarcinMound">

</node>
<node id="9416280280" lat="50.301962" lon="18.9542002" version="3" timestamp="2026-03-12T16:19:20Z"  changeset="179765722" uid="20068374" user="MarcinMound">
	<tag k="entrance" v="yes"/>
</node>
<node id="13641517756" lat="50.3021886" lon="18.9541739" version="1" timestamp="2026-03-12T16:19:20Z"  changeset="179765722" uid="20068374" user="MarcinMound">

</node>
<node id="13641517757" lat="50.3021882" lon="18.9541722" version="1" timestamp="2026-03-12T16:19:20Z"  changeset="179765722" uid="20068374" user="MarcinMound">

</node>
<node id="13641517758" lat="50.3020773" lon="18.954219" version="1" timestamp="2026-03-12T16:19:20Z"  changeset="179765722" uid="20068374" user="MarcinMound">

</node>
<node id="13641517759" lat="50.302079" lon="18.9542183" version="1" timestamp="2026-03-12T16:19:20Z"  changeset="179765722" uid="20068374" user="MarcinMound">

</node>
<node id="13641517760" lat="50.3022873" lon="18.9555408" version="1" timestamp="2026-03-12T16:19:20Z"  changeset="179765722" uid="20068374" user="MarcinMound">

</node>
<node id="13641517761" lat="50.3022867" lon="18.9555372" version="1" timestamp="2026-03-12T16:19:20Z"  changeset="179765722" uid="20068374" user="MarcinMound">

</node>
<node id="13641517762" lat="50.3021729" lon="18.9555825" version="1" timestamp="2026-03-12T16:19:20Z"  changeset="179765722" uid="20068374" user="MarcinMound">

</node>
<node id="13641517763" lat="50.3021652" lon="18.9555838" version="1" timestamp="2026-03-12T16:19:20Z"  changeset="179765722" uid="20068374" user="MarcinMound">

</node>
<node id="13641517764" lat="50.3021736" lon="18.9555867" version="1" timestamp="2026-03-12T16:19:20Z"  changeset="179765722" uid="20068374" user="MarcinMound">

</node>
<node id="13641517765" lat="50.3021693" lon="18.9555882" version="1" timestamp="2026-03-12T16:19:20Z"  changeset="179765722" uid="20068374" user="MarcinMound">

</node>
<node id="13641517766" lat="50.3021661" lon="18.9555768" version="1" timestamp="2026-03-12T16:19:20Z"  changeset="179765722" uid="20068374" user="MarcinMound">

</node>
<node id="13641517767" lat="50.3020341" lon="18.9547636" version="1" timestamp="2026-03-12T16:19:20Z"  changeset="179765722" uid="20068374" user="MarcinMound">

</node>
<node id="13641517768" lat="50.3020327" lon="18.9547641" version="1" timestamp="2026-03-12T16:19:20Z"  changeset="179765722" uid="20068374" user="MarcinMound">

</node>
<node id="13641517769" lat="50.301978" lon="18.9543666" version="1" timestamp="2026-03-12T16:19:20Z"  changeset="179765722" uid="20068374" user="MarcinMound">

</node>
<node id="13641517770" lat="50.3019793" lon="18.954375" version="1" timestamp="2026-03-12T16:19:20Z"  changeset="179765722" uid="20068374" user="MarcinMound">

</node>
<node id="13641517771" lat="50.302056" lon="18.9540915" version="1" timestamp="2026-03-12T16:19:20Z"  changeset="179765722" uid="20068374" user="MarcinMound">

</node>
<node id="13641517772" lat="50.3020566" lon="18.9540951" version="1" timestamp="2026-03-12T16:19:20Z"  changeset="179765722" uid="20068374" user="MarcinMound">

</node>
<node id="13641517773" lat="50.3021681" lon="18.9540461" version="1" timestamp="2026-03-12T16:19:20Z"  changeset="179765722" uid="20068374" user="MarcinMound">

</node>
<node id="13641517774" lat="50.3021686" lon="18.9540493" version="1" timestamp="2026-03-12T16:19:20Z"  changeset="179765722" uid="20068374" user="MarcinMound">

</node>
<node id="13641556855" lat="50.3020558" lon="18.9548977" version="1" timestamp="2026-03-12T16:19:20Z"  changeset="179765722" uid="20068374" user="MarcinMound">

</node>
<node id="13641556858" lat="50.3020827" lon="18.9550629" version="1" timestamp="2026-03-12T16:19:20Z"  changeset="179765722" uid="20068374" user="MarcinMound">

</node>
<node id="13641556865" lat="50.3020266" lon="18.9546507" version="1" timestamp="2026-03-12T16:19:20Z"  changeset="179765722" uid="20068374" user="MarcinMound">

</node>
<node id="13641556867" lat="50.3020203" lon="18.9546119" version="1" timestamp="2026-03-12T16:19:20Z"  changeset="179765722" uid="20068374" user="MarcinMound">

</node>
<node id="13641556873" lat="50.3019922" lon="18.9544408" version="1" timestamp="2026-03-12T16:19:20Z"  changeset="179765722" uid="20068374" user="MarcinMound">

</node>
<node id="13641556908" lat="50.301959" lon="18.9541821" version="1" timestamp="2026-03-12T16:19:20Z"  changeset="179765722" uid="20068374" user="MarcinMound">

</node>
<node id="13641556914" lat="50.301963" lon="18.9542892" version="1" timestamp="2026-03-12T16:19:20Z"  changeset="179765722" uid="20068374" user="MarcinMound">

</node>
<node id="13641556915" lat="50.3019714" lon="18.9543417" version="1" timestamp="2026-03-12T16:19:20Z"  changeset="179765722" uid="20068374" user="MarcinMound">

</node>
<way id="176163325" version="7" timestamp="2023-01-20T12:41:46Z" action="modify" changeset="131507055" uid="3885790" user="NieWnen">
	<tag k="addr:city" v="Podkowa Leśna"/>
	<tag k="addr:city:simc" v="0921504"/>
	<tag k="addr:housenumber" v="1A"/>
	<tag k="addr:postcode" v="05-807"/>
	<tag k="addr:street" v="Gołębia"/>
	<tag k="building" v="yes"/>
	<tag k="building:levels" v="3"/>
	<tag k="name" v="Muzeum im. Anny i Jarosława Iwaszkiewiczów w Stawisku"/>
	<tag k="source" v="www.geoportal.gov.pl"/>
	<tag k="source:addr" v="podkowalesna.e-mapa.net"/>
	<tag k="tourism" v="museum"/>
	<tag k="wikidata" v="Q952766"/>
	<tag k="wikipedia" v="pl:Stawisko (Podkowa Leśna)"/>
	<tag k="operator" v="Powiat Grodziski"/>
	<tag k="operator:type" v="government"/>
	<tag k="source:tourism" v="Wykaz Muzeów, wypis na dzień 2026-04-09"/>
	<nd ref="1867182753"/>
	<nd ref="2184913159"/>
	<nd ref="9927993908"/>
	<nd ref="9927993907"/>
	<nd ref="9927993906"/>
	<nd ref="1867182750"/>
	<nd ref="9927993905"/>
	<nd ref="9927993904"/>
	<nd ref="9927993903"/>
	<nd ref="9927993902"/>
	<nd ref="1867182751"/>
	<nd ref="1867182754"/>
	<nd ref="9927993901"/>
	<nd ref="9927993900"/>
	<nd ref="9927993899"/>
	<nd ref="9927993898"/>
	<nd ref="1867182753"/>
</way>
<node id="1867182750" lat="52.1261829" lon="20.7038531" version="4" timestamp="2025-10-24T18:52:43Z"  changeset="173731508" uid="186174" user="michal_f">

</node>
<node id="1867182751" lat="52.1262658" lon="20.7035478" version="4" timestamp="2025-10-24T18:52:43Z"  changeset="173731508" uid="186174" user="michal_f">

</node>
<node id="1867182753" lat="52.1263204" lon="20.7039006" version="4" timestamp="2025-10-24T18:52:43Z"  changeset="173731508" uid="186174" user="michal_f">

</node>
<node id="1867182754" lat="52.1263593" lon="20.7035814" version="4" timestamp="2025-10-24T18:52:43Z"  changeset="173731508" uid="186174" user="michal_f">

</node>
<node id="2184913159" lat="52.1262679" lon="20.7038817" version="4" timestamp="2025-10-24T18:52:43Z"  changeset="173731508" uid="186174" user="michal_f">

</node>
<node id="9927993898" lat="52.126335" lon="20.7037925" version="3" timestamp="2025-10-24T18:52:43Z"  changeset="173731508" uid="186174" user="michal_f">

</node>
<node id="9927993899" lat="52.1263436" lon="20.7037956" version="3" timestamp="2025-10-24T18:52:43Z"  changeset="173731508" uid="186174" user="michal_f">

</node>
<node id="9927993900" lat="52.1263577" lon="20.7036915" version="3" timestamp="2025-10-24T18:52:43Z"  changeset="173731508" uid="186174" user="michal_f">

</node>
<node id="9927993901" lat="52.126345" lon="20.7036869" version="3" timestamp="2025-10-24T18:52:43Z"  changeset="173731508" uid="186174" user="michal_f">

</node>
<node id="9927993902" lat="52.1262628" lon="20.7035701" version="3" timestamp="2025-10-24T18:52:43Z"  changeset="173731508" uid="186174" user="michal_f">

</node>
<node id="9927993903" lat="52.1262385" lon="20.7037486" version="3" timestamp="2025-10-24T18:52:43Z"  changeset="173731508" uid="186174" user="michal_f">

</node>
<node id="9927993904" lat="52.12621" lon="20.7037383" version="3" timestamp="2025-10-24T18:52:43Z"  changeset="173731508" uid="186174" user="michal_f">

</node>
<node id="9927993905" lat="52.1261991" lon="20.7037343" version="3" timestamp="2025-10-24T18:52:43Z"  changeset="173731508" uid="186174" user="michal_f">

</node>
<node id="9927993906" lat="52.1262353" lon="20.7038719" version="3" timestamp="2025-10-24T18:52:43Z"  changeset="173731508" uid="186174" user="michal_f">

</node>
<node id="9927993907" lat="52.1262328" lon="20.7038907" version="3" timestamp="2025-10-24T18:52:43Z"  changeset="173731508" uid="186174" user="michal_f">

</node>
<node id="9927993908" lat="52.1262651" lon="20.7039023" version="3" timestamp="2025-10-24T18:52:43Z"  changeset="173731508" uid="186174" user="michal_f">

</node>
<way id="171604786" version="9" timestamp="2024-11-11T22:17:02Z" action="modify" changeset="159028678" uid="12901812" user="Alicja1">
	<tag k="addr:city:simc" v="0631829"/>
	<tag k="addr:housenumber" v="36"/>
	<tag k="addr:place" v="Czarnolas"/>
	<tag k="addr:postcode" v="26-720"/>
	<tag k="building" v="yes"/>
	<tag k="castle_type" v="manor"/>
	<tag k="email" v="sekretariat@muzeumkochanowski.pl"/>
	<tag k="historic" v="castle"/>
	<tag k="name" v="Muzeum Jana Kochanowskiego w Czarnolesie"/>
	<tag k="phone" v="+48 48 677 20 05"/>
	<tag k="ref:ckkp" v="MZ00104"/>
	<tag k="source:addr" v="policzna.e-mapa.net"/>
	<tag k="tourism" v="museum"/>
	<tag k="website" v="https://muzeumkochanowski.pl"/>
	<tag k="wikidata" v="Q11787021"/>
	<tag k="wikipedia" v="pl:Muzeum Jana Kochanowskiego w Czarnolesie"/>
	<tag k="addr:city" v="Policzna"/>
	<tag k="operator" v="Samorząd Województwa Mazowieckiego"/>
	<tag k="operator:type" v="government"/>
	<tag k="source:tourism" v="Wykaz Muzeów, wypis na dzień 2026-04-09"/>
	<nd ref="2731767822"/>
	<nd ref="10231378035"/>
	<nd ref="10231378036"/>
	<nd ref="1826049896"/>
	<nd ref="10231378042"/>
	<nd ref="10231378041"/>
	<nd ref="2731767837"/>
	<nd ref="10231378040"/>
	<nd ref="10231377741"/>
	<nd ref="10231378039"/>
	<nd ref="10231377735"/>
	<nd ref="10231378038"/>
	<nd ref="10231378037"/>
	<nd ref="10231377763"/>
	<nd ref="2731767830"/>
	<nd ref="10231378029"/>
	<nd ref="10231378028"/>
	<nd ref="10231377743"/>
	<nd ref="10231378027"/>
	<nd ref="10231378030"/>
	<nd ref="10231378031"/>
	<nd ref="2731767812"/>
	<nd ref="10231378032"/>
	<nd ref="10231377736"/>
	<nd ref="10231378033"/>
	<nd ref="10231377739"/>
	<nd ref="10231378034"/>
	<nd ref="2731767822"/>
</way>
<node id="1826049896" lat="51.4306565" lon="21.7103796" version="3" timestamp="2022-12-01T17:51:25Z"  changeset="129613858" uid="1744629" user="voltairovicz">
	<tag k="entrance" v="main"/>
</node>
<node id="2731767812" lat="51.4305056" lon="21.7104661" version="2" timestamp="2022-12-01T17:51:25Z"  changeset="129613858" uid="1744629" user="voltairovicz">

</node>
<node id="2731767822" lat="51.4305348" lon="21.7103457" version="2" timestamp="2022-12-01T17:51:25Z"  changeset="129613858" uid="1744629" user="voltairovicz">

</node>
<node id="2731767830" lat="51.4307187" lon="21.7106799" version="2" timestamp="2022-12-01T17:51:25Z"  changeset="129613858" uid="1744629" user="voltairovicz">

</node>
<node id="2731767837" lat="51.4307646" lon="21.7104854" version="2" timestamp="2022-12-01T17:51:25Z"  changeset="129613858" uid="1744629" user="voltairovicz">

</node>
<node id="10231377735" lat="51.4307592" lon="21.7105948" version="1" timestamp="2022-12-01T17:51:25Z"  changeset="129613858" uid="1744629" user="voltairovicz">

</node>
<node id="10231377736" lat="51.4304934" lon="21.7104326" version="1" timestamp="2022-12-01T17:51:25Z"  changeset="129613858" uid="1744629" user="voltairovicz">

</node>
<node id="10231377739" lat="51.4305087" lon="21.7104153" version="1" timestamp="2022-12-01T17:51:25Z"  changeset="129613858" uid="1744629" user="voltairovicz">

</node>
<node id="10231377741" lat="51.4307568" lon="21.7105672" version="1" timestamp="2022-12-01T17:51:25Z"  changeset="129613858" uid="1744629" user="voltairovicz">

</node>
<node id="10231377743" lat="51.4305951" lon="21.7106336" version="1" timestamp="2022-12-01T17:51:25Z"  changeset="129613858" uid="1744629" user="voltairovicz">

</node>
<node id="10231377763" lat="51.4307317" lon="21.7106259" version="1" timestamp="2022-12-01T17:51:25Z"  changeset="129613858" uid="1744629" user="voltairovicz">

</node>
<node id="10231378027" lat="51.4305728" lon="21.71062" version="1" timestamp="2022-12-01T17:51:25Z"  changeset="129613858" uid="1744629" user="voltairovicz">

</node>
<node id="10231378028" lat="51.4306233" lon="21.7106509" version="1" timestamp="2022-12-01T17:51:25Z"  changeset="129613858" uid="1744629" user="voltairovicz">

</node>
<node id="10231378029" lat="51.4306439" lon="21.7106337" version="1" timestamp="2022-12-01T17:51:25Z"  changeset="129613858" uid="1744629" user="voltairovicz">

</node>
<node id="10231378030" lat="51.4305639" lon="21.7105842" version="1" timestamp="2022-12-01T17:51:25Z"  changeset="129613858" uid="1744629" user="voltairovicz">

</node>
<node id="10231378031" lat="51.4304884" lon="21.7105375" version="1" timestamp="2022-12-01T17:51:25Z"  changeset="129613858" uid="1744629" user="voltairovicz">

</node>
<node id="10231378032" lat="51.4304879" lon="21.7104552" version="1" timestamp="2022-12-01T17:51:25Z"  changeset="129613858" uid="1744629" user="voltairovicz">

</node>
<node id="10231378033" lat="51.430499" lon="21.7104093" version="1" timestamp="2022-12-01T17:51:25Z"  changeset="129613858" uid="1744629" user="voltairovicz">

</node>
<node id="10231378034" lat="51.4305168" lon="21.7104203" version="1" timestamp="2022-12-01T17:51:25Z"  changeset="129613858" uid="1744629" user="voltairovicz">

</node>
<node id="10231378035" lat="51.4306199" lon="21.7103984" version="1" timestamp="2022-12-01T17:51:25Z"  changeset="129613858" uid="1744629" user="voltairovicz">

</node>
<node id="10231378036" lat="51.4306286" lon="21.7103623" version="1" timestamp="2022-12-01T17:51:25Z"  changeset="129613858" uid="1744629" user="voltairovicz">

</node>
<node id="10231378037" lat="51.4307371" lon="21.7106031" version="1" timestamp="2022-12-01T17:51:25Z"  changeset="129613858" uid="1744629" user="voltairovicz">

</node>
<node id="10231378038" lat="51.4307546" lon="21.7106139" version="1" timestamp="2022-12-01T17:51:25Z"  changeset="129613858" uid="1744629" user="voltairovicz">

</node>
<node id="10231378039" lat="51.4307646" lon="21.710572" version="1" timestamp="2022-12-01T17:51:25Z"  changeset="129613858" uid="1744629" user="voltairovicz">

</node>
<node id="10231378040" lat="51.4307465" lon="21.7105608" version="1" timestamp="2022-12-01T17:51:25Z"  changeset="129613858" uid="1744629" user="voltairovicz">

</node>
<node id="10231378041" lat="51.4306804" lon="21.7104333" version="1" timestamp="2022-12-01T17:51:25Z"  changeset="129613858" uid="1744629" user="voltairovicz">

</node>
<node id="10231378042" lat="51.4306885" lon="21.7103994" version="1" timestamp="2022-12-01T17:51:25Z"  changeset="129613858" uid="1744629" user="voltairovicz">

</node>
<way id="28177064" version="11" timestamp="2026-03-27T19:41:53Z" action="modify" changeset="180518889" uid="21610625" user="𝙢𝙖𝙧𝙖𝙯𝙯𝙚𝙧 ദ്ദി ᗜˬᗜ✧">
	<tag k="addr:city" v="Luboń"/>
	<tag k="addr:city:simc" v="0970974"/>
	<tag k="addr:housenumber" v="2"/>
	<tag k="addr:postcode" v="62-030"/>
	<tag k="addr:street" v="Niezłomnych"/>
	<tag k="addr:street:sym_ul" v="14250"/>
	<tag k="building" v="yes"/>
	<tag k="email" v="muzeum@zabikowo.eu"/>
	<tag k="fee" v="no"/>
	<tag k="heritage" v="2"/>
	<tag k="heritage:operator" v="nid"/>
	<tag k="historic" v="memorial"/>
	<tag k="name" v="Muzeum Martyrologiczne w Żabikowie"/>
	<tag k="opening_hours" v="Tu-Fr 09:00-15:00; Sa-Su 10:00-14:00"/>
	<tag k="phone" v="+48618130681"/>
	<tag k="ref:nid" v="35/Wlkp/A z dn. 18-07-2000"/>
	<tag k="source:addr" v="EMUiA (lubon.e-mapa.net)"/>
	<tag k="tourism" v="museum"/>
	<tag k="website" v="https://www.zabikowo.eu/"/>
	<tag k="operator" v="Województwo Wielkopolskie"/>
	<tag k="operator:type" v="government"/>
	<tag k="source:tourism" v="Wykaz Muzeów, wypis na dzień 2026-04-09"/>
	<nd ref="309492857"/>
	<nd ref="309492861"/>
	<nd ref="6365021450"/>
	<nd ref="6365021458"/>
	<nd ref="6367760997"/>
	<nd ref="6365021454"/>
	<nd ref="6365021457"/>
	<nd ref="6365021456"/>
	<nd ref="6365021455"/>
	<nd ref="309492859"/>
	<nd ref="13356590013"/>
	<nd ref="309492858"/>
	<nd ref="6365021451"/>
	<nd ref="6365021452"/>
	<nd ref="6365021453"/>
	<nd ref="6365021449"/>
	<nd ref="309492857"/>
</way>
<node id="309492857" lat="52.3536031" lon="16.865613" version="3" timestamp="2019-03-27T14:43:50Z"  changeset="68589305" uid="4947720" user="Wilcze łapy">

</node>
<node id="309492858" lat="52.3538428" lon="16.8661351" version="3" timestamp="2019-03-27T14:43:50Z"  changeset="68589305" uid="4947720" user="Wilcze łapy">

</node>
<node id="309492859" lat="52.353765" lon="16.8662306" version="3" timestamp="2019-03-27T14:43:50Z"  changeset="68589305" uid="4947720" user="Wilcze łapy">

</node>
<node id="309492861" lat="52.3535158" lon="16.8657202" version="3" timestamp="2019-03-27T14:43:50Z"  changeset="68589305" uid="4947720" user="Wilcze łapy">

</node>
<node id="6365021449" lat="52.3537075" lon="16.8658409" version="1" timestamp="2019-03-27T14:43:46Z"  changeset="68589305" uid="4947720" user="Wilcze łapy">

</node>
<node id="6365021450" lat="52.353621" lon="16.8659498" version="1" timestamp="2019-03-27T14:43:46Z"  changeset="68589305" uid="4947720" user="Wilcze łapy">

</node>
<node id="6365021451" lat="52.3537829" lon="16.8660043" version="1" timestamp="2019-03-27T14:43:46Z"  changeset="68589305" uid="4947720" user="Wilcze łapy">

</node>
<node id="6365021452" lat="52.3537708" lon="16.8660191" version="1" timestamp="2019-03-27T14:43:46Z"  changeset="68589305" uid="4947720" user="Wilcze łapy">

</node>
<node id="6365021453" lat="52.3536958" lon="16.8658553" version="1" timestamp="2019-03-27T14:43:46Z"  changeset="68589305" uid="4947720" user="Wilcze łapy">

</node>
<node id="6365021454" lat="52.353703" lon="16.8661037" version="1" timestamp="2019-03-27T14:43:46Z"  changeset="68589305" uid="4947720" user="Wilcze łapy">

</node>
<node id="6365021455" lat="52.3537267" lon="16.866147" version="1" timestamp="2019-03-27T14:43:46Z"  changeset="68589305" uid="4947720" user="Wilcze łapy">

</node>
<node id="6365021456" lat="52.3537019" lon="16.8661774" version="1" timestamp="2019-03-27T14:43:46Z"  changeset="68589305" uid="4947720" user="Wilcze łapy">

</node>
<node id="6365021457" lat="52.3536807" lon="16.8661311" version="1" timestamp="2019-03-27T14:43:46Z"  changeset="68589305" uid="4947720" user="Wilcze łapy">

</node>
<node id="6365021458" lat="52.3536284" lon="16.8659407" version="1" timestamp="2019-03-27T14:43:46Z"  changeset="68589305" uid="4947720" user="Wilcze łapy">

</node>
<node id="6367760997" lat="52.3536845" lon="16.8660632" version="1" timestamp="2019-03-28T14:37:53Z"  changeset="68628227" uid="4947720" user="Wilcze łapy">
	<tag k="entrance" v="yes"/>
</node>
<node id="13356590013" lat="52.353814" lon="16.8661704" version="1" timestamp="2025-12-05T22:54:56Z"  changeset="175567616" uid="21704593" user="Krzychu2003">

</node>
<way id="230205417" version="9" timestamp="2025-08-03T11:40:55Z" action="modify" changeset="169900289" uid="475704" user="LM_1">
	<tag k="addr:city" v="Gdynia"/>
	<tag k="addr:housenumber" v="1A"/>
	<tag k="addr:postcode" v="81-374"/>
	<tag k="addr:street" v="Zawiszy Czarnego"/>
	<tag k="building" v="civic"/>
	<tag k="fee" v="yes"/>
	<tag k="name" v="Muzeum Miasta Gdyni"/>
	<tag k="opening_hours" v="Tu-Su 10:00-17:00"/>
	<tag k="tourism" v="museum"/>
	<tag k="website" v="https://www.muzeumgdynia.pl/"/>
	<tag k="wikidata" v="Q11787068"/>
	<tag k="wikipedia" v="pl:Muzeum Miasta Gdyni"/>
	<tag k="operator" v="Gmina Miasta Gdyni"/>
	<tag k="operator:type" v="government"/>
	<tag k="source:tourism" v="Wykaz Muzeów, wypis na dzień 2026-04-09"/>
	<nd ref="2663587702"/>
	<nd ref="2663587681"/>
	<nd ref="2663587673"/>
	<nd ref="2663587660"/>
	<nd ref="2663587630"/>
	<nd ref="2663587627"/>
	<nd ref="2663587615"/>
	<nd ref="2663587621"/>
	<nd ref="2663587594"/>
	<nd ref="2663587591"/>
	<nd ref="2663587587"/>
	<nd ref="2663587589"/>
	<nd ref="2663587544"/>
	<nd ref="2663587541"/>
	<nd ref="2663587533"/>
	<nd ref="2663587537"/>
	<nd ref="2663587512"/>
	<nd ref="2663587508"/>
	<nd ref="2663587497"/>
	<nd ref="2663587504"/>
	<nd ref="2663587514"/>
	<nd ref="2663587436"/>
	<nd ref="2663587313"/>
	<nd ref="13045442518"/>
	<nd ref="2663587333"/>
	<nd ref="2663587387"/>
	<nd ref="2663587475"/>
	<nd ref="2663587467"/>
	<nd ref="2663587491"/>
	<nd ref="2663587692"/>
	<nd ref="2663587696"/>
	<nd ref="2663587819"/>
	<nd ref="2663587823"/>
	<nd ref="2663587829"/>
	<nd ref="2663587793"/>
	<nd ref="2663587750"/>
	<nd ref="2663587727"/>
	<nd ref="2663587702"/>
</way>
<node id="2663587313" lat="54.5157003" lon="18.5472479" version="1" timestamp="2014-02-09T18:52:27Z"  changeset="20470816" uid="681295" user="przemas75">

</node>
<node id="2663587333" lat="54.5157177" lon="18.5473888" version="1" timestamp="2014-02-09T18:52:28Z"  changeset="20470816" uid="681295" user="przemas75">

</node>
<node id="2663587387" lat="54.5157546" lon="18.5473316" version="1" timestamp="2014-02-09T18:52:28Z"  changeset="20470816" uid="681295" user="przemas75">

</node>
<node id="2663587436" lat="54.5157739" lon="18.5472892" version="1" timestamp="2014-02-09T18:52:29Z"  changeset="20470816" uid="681295" user="przemas75">

</node>
<node id="2663587467" lat="54.5157984" lon="18.5474511" version="1" timestamp="2014-02-09T18:52:29Z"  changeset="20470816" uid="681295" user="przemas75">

</node>
<node id="2663587475" lat="54.5158053" lon="18.5473412" version="1" timestamp="2014-02-09T18:52:30Z"  changeset="20470816" uid="681295" user="przemas75">

</node>
<node id="2663587491" lat="54.515808" lon="18.547452" version="2" timestamp="2020-07-14T18:52:27Z"  changeset="87992894" uid="1183839" user="user_1183839">

</node>
<node id="2663587497" lat="54.5158136" lon="18.5471554" version="1" timestamp="2014-02-09T18:52:30Z"  changeset="20470816" uid="681295" user="przemas75">

</node>
<node id="2663587504" lat="54.5158161" lon="18.5471693" version="1" timestamp="2014-02-09T18:52:30Z"  changeset="20470816" uid="681295" user="przemas75">

</node>
<node id="2663587508" lat="54.5158176" lon="18.5471532" version="1" timestamp="2014-02-09T18:52:30Z"  changeset="20470816" uid="681295" user="przemas75">

</node>
<node id="2663587512" lat="54.5158186" lon="18.5471584" version="1" timestamp="2014-02-09T18:52:30Z"  changeset="20470816" uid="681295" user="przemas75">

</node>
<node id="2663587514" lat="54.5158195" lon="18.5472324" version="1" timestamp="2014-02-09T18:52:30Z"  changeset="20470816" uid="681295" user="przemas75">

</node>
<node id="2663587533" lat="54.5158477" lon="18.5471368" version="1" timestamp="2014-02-09T18:52:31Z"  changeset="20470816" uid="681295" user="przemas75">

</node>
<node id="2663587537" lat="54.5158483" lon="18.5471421" version="1" timestamp="2014-02-09T18:52:31Z"  changeset="20470816" uid="681295" user="przemas75">

</node>
<node id="2663587541" lat="54.5158514" lon="18.5471347" version="1" timestamp="2014-02-09T18:52:31Z"  changeset="20470816" uid="681295" user="przemas75">

</node>
<node id="2663587544" lat="54.5158524" lon="18.5471399" version="1" timestamp="2014-02-09T18:52:31Z"  changeset="20470816" uid="681295" user="przemas75">

</node>
<node id="2663587587" lat="54.5158811" lon="18.5471185" version="1" timestamp="2014-02-09T18:52:32Z"  changeset="20470816" uid="681295" user="przemas75">

</node>
<node id="2663587589" lat="54.5158822" lon="18.5471235" version="1" timestamp="2014-02-09T18:52:32Z"  changeset="20470816" uid="681295" user="przemas75">

</node>
<node id="2663587591" lat="54.5158852" lon="18.5471161" version="1" timestamp="2014-02-09T18:52:32Z"  changeset="20470816" uid="681295" user="przemas75">

</node>
<node id="2663587594" lat="54.5158862" lon="18.5471212" version="1" timestamp="2014-02-09T18:52:32Z"  changeset="20470816" uid="681295" user="przemas75">

</node>
<node id="2663587615" lat="54.515915" lon="18.5470998" version="1" timestamp="2014-02-09T18:52:32Z"  changeset="20470816" uid="681295" user="przemas75">

</node>
<node id="2663587621" lat="54.5159159" lon="18.5471049" version="1" timestamp="2014-02-09T18:52:32Z"  changeset="20470816" uid="681295" user="przemas75">

</node>
<node id="2663587627" lat="54.515919" lon="18.5470976" version="1" timestamp="2014-02-09T18:52:32Z"  changeset="20470816" uid="681295" user="przemas75">

</node>
<node id="2663587630" lat="54.5159206" lon="18.547103" version="1" timestamp="2014-02-09T18:52:32Z"  changeset="20470816" uid="681295" user="przemas75">

</node>
<node id="2663587660" lat="54.5159526" lon="18.5470857" version="1" timestamp="2014-02-09T18:52:33Z"  changeset="20470816" uid="681295" user="przemas75">

</node>
<node id="2663587673" lat="54.5159685" lon="18.5471727" version="1" timestamp="2014-02-09T18:52:33Z"  changeset="20470816" uid="681295" user="przemas75">
	<tag k="entrance" v="main"/>
</node>
<node id="2663587681" lat="54.5159827" lon="18.5472502" version="1" timestamp="2014-02-09T18:52:33Z"  changeset="20470816" uid="681295" user="przemas75">

</node>
<node id="2663587692" lat="54.5159855" lon="18.5474807" version="1" timestamp="2014-02-09T18:52:33Z"  changeset="20470816" uid="681295" user="przemas75">

</node>
<node id="2663587696" lat="54.5159928" lon="18.5473752" version="1" timestamp="2014-02-09T18:52:33Z"  changeset="20470816" uid="681295" user="przemas75">

</node>
<node id="2663587702" lat="54.5160024" lon="18.5472391" version="1" timestamp="2014-02-09T18:52:33Z"  changeset="20470816" uid="681295" user="przemas75">

</node>
<node id="2663587727" lat="54.5160667" lon="18.5472296" version="1" timestamp="2014-02-09T18:52:33Z"  changeset="20470816" uid="681295" user="przemas75">

</node>
<node id="2663587750" lat="54.51613" lon="18.5472604" version="1" timestamp="2014-02-09T18:52:34Z"  changeset="20470816" uid="681295" user="przemas75">

</node>
<node id="2663587793" lat="54.5161835" lon="18.5473271" version="1" timestamp="2014-02-09T18:52:34Z"  changeset="20470816" uid="681295" user="przemas75">

</node>
<node id="2663587819" lat="54.5162128" lon="18.5474162" version="1" timestamp="2014-02-09T18:52:35Z"  changeset="20470816" uid="681295" user="przemas75">

</node>
<node id="2663587823" lat="54.5162135" lon="18.547419" version="1" timestamp="2014-02-09T18:52:35Z"  changeset="20470816" uid="681295" user="przemas75">

</node>
<node id="2663587829" lat="54.5162194" lon="18.54742" version="1" timestamp="2014-02-09T18:52:35Z"  changeset="20470816" uid="681295" user="przemas75">

</node>
<node id="13045442518" lat="54.5157096" lon="18.547323" version="1" timestamp="2025-08-03T11:40:55Z"  changeset="169900289" uid="475704" user="LM_1">

</node>
<node id="1298279828" lat="50.2023219" lon="19.2759329" version="4" timestamp="2026-04-17T20:20:37Z" action="modify" changeset="181475107" uid="21954489" user="cubusXD">
	<tag k="name" v="Muzeum Miasta Jaworzna"/>
	<tag k="tourism" v="museum"/>
	<tag k="website" v="https://www.muzeum.jaw.pl/mmj/"/>
	<tag k="addr:postcode" v="43-600"/>
	<tag k="addr:city" v="Jaworzno"/>
	<tag k="addr:street" v="Pocztowa"/>
	<tag k="addr:housenumber" v="5"/>
	<tag k="operator" v="Gmina Jaworzno - miasto na prawach powiatu"/>
	<tag k="operator:type" v="government"/>
	<tag k="source:tourism" v="Wykaz Muzeów, wypis na dzień 2026-04-09"/>
</node>
<node id="432504799" lat="51.7787211" lon="19.4510486" version="11" timestamp="2024-10-22T15:23:15Z" action="modify" changeset="158216828" uid="21936644" user="eszymans">
	<tag k="addr:city" v="Łódź"/>
	<tag k="addr:housenumber" v="15"/>
	<tag k="addr:postcode" v="91-065"/>
	<tag k="addr:street" v="Ogrodowa"/>
	<tag k="email" v="muzeum@muzeum-lodz.pl"/>
	<tag k="fee" v="yes"/>
	<tag k="name" v="Muzeum Miasta Łodzi"/>
	<tag k="name:en" v="Museum of the City of Lodz"/>
	<tag k="phone" v="+48 254 90 00"/>
	<tag k="ref:ckkp" v="LD00356"/>
	<tag k="tourism" v="museum"/>
	<tag k="website" v="https://muzeum-lodz.pl/"/>
	<tag k="wikidata" v="Q11787070"/>
	<tag k="wikipedia" v="pl:Muzeum Miasta Łodzi"/>
	<tag k="operator" v="Miasto Łódź"/>
	<tag k="operator:type" v="government"/>
	<tag k="source:tourism" v="Wykaz Muzeów, wypis na dzień 2026-04-09"/>
</node>
<way id="336686102" version="4" timestamp="2025-05-11T10:04:10Z" action="modify" changeset="166101177" uid="2850699" user="Midmere">
	<tag k="building" v="yes"/>
	<tag k="fee" v="yes"/>
	<tag k="name" v="Muzeum Miasta Mysłowice"/>
	<tag k="opening_hours" v="Tu-Su 10:00-16:00"/>
	<tag k="tourism" v="museum"/>
	<tag k="addr:postcode" v="41-400"/>
	<tag k="addr:city" v="Mysłowice"/>
	<tag k="addr:street" v="Stadionowa"/>
	<tag k="addr:housenumber" v="7a"/>
	<tag k="operator" v="Miasto Mysłowice"/>
	<tag k="operator:type" v="government"/>
	<tag k="source:tourism" v="Wykaz Muzeów, wypis na dzień 2026-04-09"/>
	<nd ref="3437473116"/>
	<nd ref="3437473137"/>
	<nd ref="3437473159"/>
	<nd ref="3437473311"/>
	<nd ref="3437473362"/>
	<nd ref="3437473330"/>
	<nd ref="3437473301"/>
	<nd ref="3437473145"/>
	<nd ref="3437473133"/>
	<nd ref="3437473134"/>
	<nd ref="3437473116"/>
</way>
<node id="3437473116" lat="50.2276813" lon="19.1446847" version="1" timestamp="2015-04-04T15:16:08Z"  changeset="29974256" uid="147230" user="SQ9NIT">

</node>
<node id="3437473133" lat="50.2278105" lon="19.1449682" version="1" timestamp="2015-04-04T15:16:08Z"  changeset="29974256" uid="147230" user="SQ9NIT">

</node>
<node id="3437473134" lat="50.2277968" lon="19.1449812" version="1" timestamp="2015-04-04T15:16:08Z"  changeset="29974256" uid="147230" user="SQ9NIT">

</node>
<node id="3437473137" lat="50.2278296" lon="19.1445435" version="1" timestamp="2015-04-04T15:16:08Z"  changeset="29974256" uid="147230" user="SQ9NIT">

</node>
<node id="3437473145" lat="50.2278658" lon="19.1451102" version="1" timestamp="2015-04-04T15:16:08Z"  changeset="29974256" uid="147230" user="SQ9NIT">

</node>
<node id="3437473159" lat="50.2278843" lon="19.1446838" version="1" timestamp="2015-04-04T15:16:08Z"  changeset="29974256" uid="147230" user="SQ9NIT">

</node>
<node id="3437473301" lat="50.2280128" lon="19.1449703" version="1" timestamp="2015-04-04T15:16:09Z"  changeset="29974256" uid="147230" user="SQ9NIT">

</node>
<node id="3437473311" lat="50.2280342" lon="19.1445412" version="1" timestamp="2015-04-04T15:16:09Z"  changeset="29974256" uid="147230" user="SQ9NIT">

</node>
<node id="3437473330" lat="50.2280708" lon="19.1451194" version="1" timestamp="2015-04-04T15:16:10Z"  changeset="29974256" uid="147230" user="SQ9NIT">

</node>
<node id="3437473362" lat="50.2282084" lon="19.1449884" version="1" timestamp="2015-04-04T15:16:10Z"  changeset="29974256" uid="147230" user="SQ9NIT">

</node>
<node id="9057062688" lat="51.6494448" lon="17.8166799" version="4" timestamp="2025-11-19T20:18:42Z" action="modify" changeset="174877490" uid="3517110" user="kubaban2">
	<tag k="addr:city" v="Ostrów Wielkopolski"/>
	<tag k="addr:housenumber" v="1"/>
	<tag k="addr:postcode" v="63-400"/>
	<tag k="addr:street" v="Rynek"/>
	<tag k="museum" v="history"/>
	<tag k="name" v="Muzeum Miasta Ostrowa Wielkopolskiego"/>
	<tag k="short_name" v="MMOW"/>
	<tag k="start_date" v="1988"/>
	<tag k="tourism" v="museum"/>
	<tag k="website" v="https://www.mmow.pl/"/>
	<tag k="operator" v="Gmina Miasto Ostrów Wielkopolski"/>
	<tag k="operator:type" v="government"/>
	<tag k="source:tourism" v="Wykaz Muzeów, wypis na dzień 2026-04-09"/>
</node>
<node id="1627031220" lat="51.664177" lon="19.3612649" version="1" timestamp="2012-02-10T15:41:55Z" action="modify" changeset="10644529" uid="602894" user="tszwagrzak">
	<tag k="name" v="Muzeum Miasta Pabianic"/>
	<tag k="source" v="muzeum.pabianice.prv.pl"/>
	<tag k="tourism" v="museum"/>
	<tag k="addr:postcode" v="95-200"/>
	<tag k="addr:city" v="Pabianice"/>
	<tag k="addr:street" v="Stary Rynek"/>
	<tag k="addr:housenumber" v="1"/>
	<tag k="operator" v="Miasto Pabianice"/>
	<tag k="operator:type" v="government"/>
	<tag k="source:tourism" v="Wykaz Muzeów, wypis na dzień 2026-04-09"/>
</node>
<node id="2425471062" lat="52.01627" lon="18.5006452" version="4" timestamp="2023-02-01T23:19:12Z" action="modify" changeset="131981717" uid="16345719" user="blxght">
	<tag k="email" v="dyrektor@muzeum.turek.pl"/>
	<tag k="facebook" v="https://www.facebook.com/Turek.muzeum"/>
	<tag k="fee" v="no"/>
	<tag k="internet_access" v="wlan"/>
	<tag k="name" v="Muzeum Miasta Turku im. Józefa Mehoffera"/>
	<tag k="old_name" v="Muzeum Rzemiosła Tkackiego"/>
	<tag k="opening_hours" v="Sep-Jun Mo,Th-Fr 08:00-15:30; Tu-We 10:00-18:00; Sa-Su 10:00-14:00; Jul-Aug Mo off; Tu-Fr 08:00-18:30; Sa-Su 10:00-14:00"/>
	<tag k="operator:type" v="government"/>
	<tag k="phone" v="+48 63 222 30 86"/>
	<tag k="tourism" v="museum"/>
	<tag k="website" v="http://muzeum.turek.pl/"/>
	<tag k="wikidata" v="Q18170894"/>
	<tag k="wikipedia" v="pl:Muzeum Miasta Turku im. Józefa Mehoffera"/>
	<tag k="addr:postcode" v="62-700"/>
	<tag k="addr:city" v="Turek"/>
	<tag k="addr:street" v="Wojska Polskiego"/>
	<tag k="addr:housenumber" v="1"/>
	<tag k="operator" v="Gmina Miejska Turek"/>
	<tag k="source:tourism" v="Wykaz Muzeów, wypis na dzień 2026-04-09"/>
</node>
<node id="2314804451" lat="51.8578501" lon="19.4140812" version="1" timestamp="2013-05-21T17:36:38Z" action="modify" changeset="16227282" uid="1472148" user="pawael">
	<tag k="name" v="Muzeum Miasta Zgierza"/>
	<tag k="tourism" v="museum"/>
	<tag k="addr:postcode" v="95-100"/>
	<tag k="addr:city" v="Zgierz"/>
	<tag k="addr:street" v="gen. Jana Henryka Dąbrowskiego"/>
	<tag k="addr:housenumber" v="21"/>
	<tag k="operator" v="Gmina Miasto Zgierz"/>
	<tag k="operator:type" v="government"/>
	<tag k="source:tourism" v="Wykaz Muzeów, wypis na dzień 2026-04-09"/>
</node>
<way id="228956503" version="6" timestamp="2021-02-09T01:38:25Z" action="modify" changeset="98937124" uid="3199858" user="Mateusz Konieczny - bot account">
	<tag k="addr:city" v="Dzierżoniów"/>
	<tag k="addr:housenumber" v="30"/>
	<tag k="addr:postcode" v="58-200"/>
	<tag k="addr:street" v="Świdnicka"/>
	<tag k="building" v="yes"/>
	<tag k="museum" v="history"/>
	<tag k="name" v="Muzeum Miejskie Dzierżoniowa"/>
	<tag k="operator" v="Gmina Miejska Dzierżoniów"/>
	<tag k="operator:type" v="government"/>
	<tag k="source:addr" v="emuia.gugik.gov.pl"/>
	<tag k="tourism" v="museum"/>
	<tag k="url" v="http://mmdz.pl/"/>
	<tag k="wikidata" v="Q16579962"/>
	<tag k="wikipedia" v="pl:Muzeum Miejskie Dzierżoniowa"/>
	<tag k="source:tourism" v="Wykaz Muzeów, wypis na dzień 2026-04-09"/>
	<nd ref="4382377112"/>
	<nd ref="4382377035"/>
	<nd ref="4382377095"/>
	<nd ref="4382377020"/>
	<nd ref="4382376995"/>
	<nd ref="4382376888"/>
	<nd ref="4382376882"/>
	<nd ref="4382376876"/>
	<nd ref="4382376873"/>
	<nd ref="4382376864"/>
	<nd ref="4382376859"/>
	<nd ref="4382376857"/>
	<nd ref="4382376853"/>
	<nd ref="4382376983"/>
	<nd ref="4382376840"/>
	<nd ref="4382376984"/>
	<nd ref="4382376838"/>
	<nd ref="4382376962"/>
	<nd ref="4382376842"/>
	<nd ref="4382376846"/>
	<nd ref="4382376850"/>
	<nd ref="4382376855"/>
	<nd ref="4382376870"/>
	<nd ref="4382377024"/>
	<nd ref="4382377014"/>
	<nd ref="4382377112"/>
</way>
<node id="4382376838" lat="50.7314459" lon="16.6456423" version="1" timestamp="2016-09-03T16:18:54Z"  changeset="41891825" uid="2445224" user="rowers2">

</node>
<node id="4382376840" lat="50.7314479" lon="16.6456306" version="1" timestamp="2016-09-03T16:18:54Z"  changeset="41891825" uid="2445224" user="rowers2">

</node>
<node id="4382376853" lat="50.731473" lon="16.6455709" version="1" timestamp="2016-09-03T16:18:54Z"  changeset="41891825" uid="2445224" user="rowers2">

</node>
<node id="4382376857" lat="50.7314805" lon="16.6455847" version="1" timestamp="2016-09-03T16:18:54Z"  changeset="41891825" uid="2445224" user="rowers2">

</node>
<node id="4382376859" lat="50.7314859" lon="16.6455775" version="1" timestamp="2016-09-03T16:18:54Z"  changeset="41891825" uid="2445224" user="rowers2">

</node>
<node id="4382376864" lat="50.7314897" lon="16.6455834" version="1" timestamp="2016-09-03T16:18:54Z"  changeset="41891825" uid="2445224" user="rowers2">

</node>
<node id="4382376873" lat="50.731515" lon="16.6455498" version="1" timestamp="2016-09-03T16:18:54Z"  changeset="41891825" uid="2445224" user="rowers2">

</node>
<node id="4382376876" lat="50.7315168" lon="16.645539" version="1" timestamp="2016-09-03T16:18:54Z"  changeset="41891825" uid="2445224" user="rowers2">

</node>
<node id="4382376882" lat="50.7315257" lon="16.6455285" version="1" timestamp="2016-09-03T16:18:54Z"  changeset="41891825" uid="2445224" user="rowers2">

</node>
<node id="4382376888" lat="50.7315349" lon="16.6455277" version="1" timestamp="2016-09-03T16:18:54Z"  changeset="41891825" uid="2445224" user="rowers2">

</node>
<node id="4382376983" lat="50.7314406" lon="16.6456163" version="1" timestamp="2016-09-03T16:18:53Z"  changeset="41891825" uid="2445224" user="rowers2">

</node>
<node id="4382376984" lat="50.7314429" lon="16.6456366" version="1" timestamp="2016-09-03T16:18:53Z"  changeset="41891825" uid="2445224" user="rowers2">

</node>
<node id="4382376995" lat="50.7315423" lon="16.6455401" version="1" timestamp="2016-09-03T16:18:54Z"  changeset="41891825" uid="2445224" user="rowers2">

</node>
<node id="4382377014" lat="50.7315603" lon="16.645748" version="1" timestamp="2016-09-03T16:18:55Z"  changeset="41891825" uid="2445224" user="rowers2">

</node>
<node id="4382377020" lat="50.7315643" lon="16.6455086" version="1" timestamp="2016-09-03T16:18:55Z"  changeset="41891825" uid="2445224" user="rowers2">

</node>
<node id="4382377024" lat="50.7315676" lon="16.6457615" version="1" timestamp="2016-09-03T16:18:55Z"  changeset="41891825" uid="2445224" user="rowers2">

</node>
<node id="4382377035" lat="50.7315798" lon="16.6455938" version="1" timestamp="2016-09-03T16:18:55Z"  changeset="41891825" uid="2445224" user="rowers2">

</node>
<node id="4382377095" lat="50.7315973" lon="16.6455694" version="1" timestamp="2016-09-03T16:18:55Z"  changeset="41891825" uid="2445224" user="rowers2">

</node>
<node id="4382377112" lat="50.7316178" lon="16.645664" version="1" timestamp="2016-09-03T16:18:56Z"  changeset="41891825" uid="2445224" user="rowers2">

</node>
<way id="323121103" version="11" timestamp="2026-02-14T23:28:38Z" action="modify" changeset="178564993" uid="2044927" user="Mariusz Staniszewski">
	<tag k="addr:city" v="Nowa Sól"/>
	<tag k="addr:housenumber" v="20"/>
	<tag k="addr:postcode" v="67-100"/>
	<tag k="addr:street" v="Muzealna"/>
	<tag k="building" v="yes"/>
	<tag k="image" v="https://photos.app.goo.gl/cWjE6Sj3H6745xLa9"/>
	<tag k="name" v="Muzeum Miejskie w Nowej Soli"/>
	<tag k="opening_hours" v="Tu-Sa 09:00-16:00; Su 11:00-15:00"/>
	<tag k="source:addr" v="emuia.gugik.gov.pl"/>
	<tag k="tourism" v="museum"/>
	<tag k="url" v="https://dolny-slask.org.pl/525142,Nowa_Sol,Muzeum_Miejskie.html"/>
	<tag k="website" v="https://muzeum-nowasol.pl/"/>
	<tag k="wikidata" v="Q11787075"/>
	<tag k="wikipedia" v="pl:Muzeum Miejskie w Nowej Soli"/>
	<tag k="operator" v="Gmina miejska Nowa Sól"/>
	<tag k="operator:type" v="government"/>
	<tag k="source:tourism" v="Wykaz Muzeów, wypis na dzień 2026-04-09"/>
	<nd ref="3299154571"/>
	<nd ref="3299154564"/>
	<nd ref="3299154565"/>
	<nd ref="3299154566"/>
	<nd ref="3299154567"/>
	<nd ref="3299154569"/>
	<nd ref="3299154568"/>
	<nd ref="3299154575"/>
	<nd ref="3299154574"/>
	<nd ref="3299154572"/>
	<nd ref="3299154570"/>
	<nd ref="3299154573"/>
	<nd ref="3299154571"/>
</way>
<node id="3299154564" lat="51.7999247" lon="15.7155296" version="2" timestamp="2015-06-30T09:51:36Z"  changeset="32303840" uid="91056" user="Yarl">

</node>
<node id="3299154565" lat="51.7999478" lon="15.7158081" version="2" timestamp="2015-06-30T09:51:36Z"  changeset="32303840" uid="91056" user="Yarl">

</node>
<node id="3299154566" lat="51.8000332" lon="15.7157897" version="2" timestamp="2015-06-30T09:51:36Z"  changeset="32303840" uid="91056" user="Yarl">

</node>
<node id="3299154567" lat="51.800035" lon="15.7158117" version="2" timestamp="2015-06-30T09:51:36Z"  changeset="32303840" uid="91056" user="Yarl">

</node>
<node id="3299154568" lat="51.8000896" lon="15.715776" version="2" timestamp="2015-06-30T09:51:36Z"  changeset="32303840" uid="91056" user="Yarl">

</node>
<node id="3299154569" lat="51.8000916" lon="15.7157994" version="2" timestamp="2015-06-30T09:51:36Z"  changeset="32303840" uid="91056" user="Yarl">

</node>
<node id="3299154570" lat="51.8001477" lon="15.7155743" version="2" timestamp="2015-06-30T09:51:36Z"  changeset="32303840" uid="91056" user="Yarl">

</node>
<node id="3299154571" lat="51.8001504" lon="15.7154807" version="2" timestamp="2015-06-30T09:51:36Z"  changeset="32303840" uid="91056" user="Yarl">

</node>
<node id="3299154572" lat="51.800155" lon="15.7156622" version="2" timestamp="2015-06-30T09:51:36Z"  changeset="32303840" uid="91056" user="Yarl">

</node>
<node id="3299154573" lat="51.800158" lon="15.7155721" version="2" timestamp="2015-06-30T09:51:36Z"  changeset="32303840" uid="91056" user="Yarl">

</node>
<node id="3299154574" lat="51.8001668" lon="15.7156596" version="2" timestamp="2015-06-30T09:51:36Z"  changeset="32303840" uid="91056" user="Yarl">

</node>
<node id="3299154575" lat="51.8001749" lon="15.7157576" version="2" timestamp="2015-06-30T09:51:36Z"  changeset="32303840" uid="91056" user="Yarl">

</node>
<way id="366038299" version="9" timestamp="2025-11-17T23:46:03Z" action="modify" changeset="174796486" uid="1172826" user="pl65">
	<tag k="building" v="yes"/>
	<tag k="fee" v="yes"/>
	<tag k="name" v="Muzeum Miejskie Suchej Beskidzkiej"/>
	<tag k="tourism" v="museum"/>
	<tag k="addr:postcode" v="34-200"/>
	<tag k="addr:city" v="Sucha Beskidzka"/>
	<tag k="addr:street" v="Zamkowa"/>
	<tag k="addr:housenumber" v="1"/>
	<tag k="operator" v="Gmina Sucha Beskidzka"/>
	<tag k="operator:type" v="government"/>
	<tag k="source:tourism" v="Wykaz Muzeów, wypis na dzień 2026-04-09"/>
	<nd ref="3926947437"/>
	<nd ref="3926956424"/>
	<nd ref="9875110790"/>
	<nd ref="3926956422"/>
	<nd ref="3926957028"/>
	<nd ref="3926957027"/>
	<nd ref="3926956420"/>
	<nd ref="3926956421"/>
	<nd ref="3926957031"/>
	<nd ref="12282108163"/>
	<nd ref="3926957030"/>
	<nd ref="12282108161"/>
	<nd ref="12282108160"/>
	<nd ref="12282108162"/>
	<nd ref="12282108159"/>
	<nd ref="12282108158"/>
	<nd ref="3926959166"/>
	<nd ref="3926959164"/>
	<nd ref="3926947437"/>
</way>
<node id="3926947437" lat="49.7462012" lon="19.6015154" version="2" timestamp="2024-10-23T15:39:54Z"  changeset="158260100" uid="21927916" user="AnnaGórska32">

</node>
<node id="3926956420" lat="49.7459808" lon="19.6021575" version="2" timestamp="2024-10-23T15:39:54Z"  changeset="158260100" uid="21927916" user="AnnaGórska32">

</node>
<node id="3926956421" lat="49.7459905" lon="19.60212" version="2" timestamp="2024-10-23T15:39:54Z"  changeset="158260100" uid="21927916" user="AnnaGórska32">

</node>
<node id="3926956422" lat="49.7459955" lon="19.602023" version="2" timestamp="2024-10-23T15:39:54Z"  changeset="158260100" uid="21927916" user="AnnaGórska32">

</node>
<node id="3926956424" lat="49.7461082" lon="19.6014677" version="2" timestamp="2024-10-23T15:39:54Z"  changeset="158260100" uid="21927916" user="AnnaGórska32">

</node>
<node id="3926957027" lat="49.7459085" lon="19.60212" version="2" timestamp="2024-10-23T15:39:54Z"  changeset="158260100" uid="21927916" user="AnnaGórska32">

</node>
<node id="3926957028" lat="49.7459372" lon="19.6019914" version="2" timestamp="2024-10-23T15:39:54Z"  changeset="158260100" uid="21927916" user="AnnaGórska32">

</node>
<node id="3926957030" lat="49.7460508" lon="19.6022203" version="2" timestamp="2024-10-23T15:39:54Z"  changeset="158260100" uid="21927916" user="AnnaGórska32">

</node>
<node id="3926957031" lat="49.7460488" lon="19.6021491" version="2" timestamp="2024-10-23T15:39:54Z"  changeset="158260100" uid="21927916" user="AnnaGórska32">

</node>
<node id="3926959164" lat="49.746107" lon="19.6019546" version="2" timestamp="2024-10-23T15:39:54Z"  changeset="158260100" uid="21927916" user="AnnaGórska32">

</node>
<node id="3926959166" lat="49.746173" lon="19.6019865" version="2" timestamp="2024-10-23T15:39:54Z"  changeset="158260100" uid="21927916" user="AnnaGórska32">

</node>
<node id="9875110790" lat="49.7460652" lon="19.6016882" version="2" timestamp="2024-10-23T15:39:54Z"  changeset="158260100" uid="21927916" user="AnnaGórska32">

</node>
<node id="12282108158" lat="49.7461318" lon="19.6021975" version="1" timestamp="2024-10-23T15:39:54Z"  changeset="158260100" uid="21927916" user="AnnaGórska32">

</node>
<node id="12282108159" lat="49.7461368" lon="19.6021998" version="1" timestamp="2024-10-23T15:39:54Z"  changeset="158260100" uid="21927916" user="AnnaGórska32">

</node>
<node id="12282108160" lat="49.7461101" lon="19.6022201" version="1" timestamp="2024-10-23T15:39:54Z"  changeset="158260100" uid="21927916" user="AnnaGórska32">

</node>
<node id="12282108161" lat="49.7461048" lon="19.6022468" version="1" timestamp="2024-10-23T15:39:54Z"  changeset="158260100" uid="21927916" user="AnnaGórska32">

</node>
<node id="12282108162" lat="49.7461309" lon="19.6022298" version="1" timestamp="2024-10-23T15:39:54Z"  changeset="158260100" uid="21927916" user="AnnaGórska32">

</node>
<node id="12282108163" lat="49.7460357" lon="19.6022133" version="1" timestamp="2024-10-23T15:39:54Z"  changeset="158260100" uid="21927916" user="AnnaGórska32">

</node>
<node id="3286644609" lat="50.0462435" lon="18.6909247" version="2" timestamp="2023-08-04T17:30:55Z" action="modify" changeset="139451414" uid="20042106" user="Margaryn">
	<tag k="addr:city" v="Żory"/>
	<tag k="addr:housenumber" v="1"/>
	<tag k="addr:postcode" v="44-240"/>
	<tag k="addr:street" v="Muzealna"/>
	<tag k="fee" v="no"/>
	<tag k="name" v="Muzeum Miejskie w Żorach"/>
	<tag k="tourism" v="museum"/>
	<tag k="website" v="http://www.muzeum.zory.pl/"/>
	<tag k="operator" v="Gmina Miejska Żory"/>
	<tag k="operator:type" v="government"/>
	<tag k="source:tourism" v="Wykaz Muzeów, wypis na dzień 2026-04-09"/>
</node>
<way id="261510291" version="5" timestamp="2025-07-20T20:39:01Z" action="modify" changeset="169214169" uid="22218547" user="keeri_uwu">
	<tag k="addr:housenumber" v="6"/>
	<tag k="addr:street" v="Muzealna"/>
	<tag k="barrier" v="fence"/>
	<tag k="name" v="Muzeum Okręgowe w Koninie"/>
	<tag k="ref:ckkp" v="WP00270"/>
	<tag k="tourism" v="museum"/>
	<tag k="website" v="http://www.muzeum.com.pl/"/>
	<tag k="wikidata" v="Q28674652"/>
	<tag k="wikipedia" v="pl:Muzeum Okręgowe w Koninie"/>
	<tag k="addr:postcode" v="62-505"/>
	<tag k="addr:city" v="Konin"/>
	<tag k="operator" v="Województwo Wielkopolskie"/>
	<tag k="operator:type" v="government"/>
	<tag k="source:tourism" v="Wykaz Muzeów, wypis na dzień 2026-04-09"/>
	<nd ref="2790418216"/>
	<nd ref="2790418218"/>
	<nd ref="2790418217"/>
	<nd ref="2790418211"/>
	<nd ref="13014379584"/>
	<nd ref="2790418208"/>
	<nd ref="13014394525"/>
	<nd ref="2790418199"/>
	<nd ref="7397908270"/>
	<nd ref="13014394041"/>
	<nd ref="13014394526"/>
	<nd ref="13014379576"/>
	<nd ref="13014394527"/>
	<nd ref="13014394532"/>
	<nd ref="2790418203"/>
	<nd ref="2790418201"/>
	<nd ref="2790418200"/>
	<nd ref="2671170340"/>
	<nd ref="2671170363"/>
	<nd ref="2671170373"/>
	<nd ref="2790418195"/>
	<nd ref="2790418190"/>
	<nd ref="13014394305"/>
	<nd ref="2790418174"/>
	<nd ref="2790418140"/>
	<nd ref="13014394239"/>
	<nd ref="13014394304"/>
	<nd ref="13014394240"/>
	<nd ref="13014394324"/>
	<nd ref="2790418138"/>
	<nd ref="13014394460"/>
	<nd ref="2790418145"/>
	<nd ref="2790418179"/>
	<nd ref="13014394462"/>
	<nd ref="13014394461"/>
	<nd ref="2671175807"/>
	<nd ref="2790418160"/>
	<nd ref="2671170348"/>
	<nd ref="13014394463"/>
	<nd ref="2671170376"/>
	<nd ref="13014394459"/>
	<nd ref="13014394464"/>
	<nd ref="13014394465"/>
	<nd ref="13014394466"/>
	<nd ref="2671170365"/>
	<nd ref="13014394467"/>
	<nd ref="2671170371"/>
	<nd ref="13014394146"/>
	<nd ref="2671170372"/>
	<nd ref="11893220402"/>
	<nd ref="13014394006"/>
	<nd ref="2671170352"/>
	<nd ref="2671170354"/>
	<nd ref="13014394468"/>
	<nd ref="13014394469"/>
	<nd ref="13014394007"/>
	<nd ref="2790418216"/>
</way>
<node id="2671170340" lat="52.2912412" lon="18.2590693" version="3" timestamp="2025-07-20T20:39:01Z"  changeset="169214169" uid="22218547" user="keeri_uwu">

</node>
<node id="2671170348" lat="52.2902918" lon="18.2577563" version="3" timestamp="2025-07-20T20:39:01Z"  changeset="169214169" uid="22218547" user="keeri_uwu">

</node>
<node id="2671170352" lat="52.2916196" lon="18.2578512" version="3" timestamp="2025-07-20T20:39:01Z"  changeset="169214169" uid="22218547" user="keeri_uwu">

</node>
<node id="2671170354" lat="52.2916886" lon="18.2580859" version="2" timestamp="2014-04-14T14:19:28Z"  changeset="21686734" uid="1202050" user="TomaszWójcik">

</node>
<node id="2671170363" lat="52.2912187" lon="18.2591473" version="3" timestamp="2025-07-20T20:39:01Z"  changeset="169214169" uid="22218547" user="keeri_uwu">

</node>
<node id="2671170365" lat="52.2910436" lon="18.2572167" version="3" timestamp="2025-07-20T20:39:01Z"  changeset="169214169" uid="22218547" user="keeri_uwu">

</node>
<node id="2671170371" lat="52.2914271" lon="18.2575945" version="3" timestamp="2025-07-20T20:39:01Z"  changeset="169214169" uid="22218547" user="keeri_uwu">

</node>
<node id="2671170372" lat="52.291538" lon="18.2577041" version="3" timestamp="2025-07-20T20:39:01Z"  changeset="169214169" uid="22218547" user="keeri_uwu">

</node>
<node id="2671170373" lat="52.2912" lon="18.2592092" version="3" timestamp="2025-07-20T20:39:01Z"  changeset="169214169" uid="22218547" user="keeri_uwu">

</node>
<node id="2671170376" lat="52.2906447" lon="18.2568602" version="3" timestamp="2025-07-20T20:39:01Z"  changeset="169214169" uid="22218547" user="keeri_uwu">

</node>
<node id="2671175807" lat="52.2908157" lon="18.2580925" version="3" timestamp="2025-07-20T20:39:01Z"  changeset="169214169" uid="22218547" user="keeri_uwu">
	<tag k="barrier" v="gate"/>
</node>
<node id="2790418138" lat="52.2904966" lon="18.2592147" version="2" timestamp="2025-07-20T20:39:01Z"  changeset="169214169" uid="22218547" user="keeri_uwu">

</node>
<node id="2790418140" lat="52.2905489" lon="18.2596263" version="2" timestamp="2025-07-20T20:39:01Z"  changeset="169214169" uid="22218547" user="keeri_uwu">

</node>
<node id="2790418145" lat="52.2906103" lon="18.2587835" version="2" timestamp="2025-07-20T20:39:01Z"  changeset="169214169" uid="22218547" user="keeri_uwu">

</node>
<node id="2790418160" lat="52.2908256" lon="18.2580425" version="2" timestamp="2025-07-20T20:39:01Z"  changeset="169214169" uid="22218547" user="keeri_uwu">

</node>
<node id="2790418174" lat="52.2908485" lon="18.2595267" version="1" timestamp="2014-04-14T14:19:20Z"  changeset="21686734" uid="1202050" user="TomaszWójcik">

</node>
<node id="2790418179" lat="52.2908774" lon="18.2586341" version="2" timestamp="2025-07-20T20:39:01Z"  changeset="169214169" uid="22218547" user="keeri_uwu">

</node>
<node id="2790418190" lat="52.2910773" lon="18.2594611" version="1" timestamp="2014-04-14T14:19:20Z"  changeset="21686734" uid="1202050" user="TomaszWójcik">

</node>
<node id="2790418195" lat="52.2912196" lon="18.2594203" version="1" timestamp="2014-04-14T14:19:20Z"  changeset="21686734" uid="1202050" user="TomaszWójcik">

</node>
<node id="2790418199" lat="52.2916603" lon="18.2605107" version="2" timestamp="2025-07-20T20:39:01Z"  changeset="169214169" uid="22218547" user="keeri_uwu">

</node>
<node id="2790418200" lat="52.2916811" lon="18.2589256" version="2" timestamp="2025-07-20T20:39:01Z"  changeset="169214169" uid="22218547" user="keeri_uwu">

</node>
<node id="2790418201" lat="52.2917184" lon="18.2594092" version="2" timestamp="2025-07-20T20:39:01Z"  changeset="169214169" uid="22218547" user="keeri_uwu">

</node>
<node id="2790418203" lat="52.2917413" lon="18.2596756" version="2" timestamp="2025-07-20T20:39:01Z"  changeset="169214169" uid="22218547" user="keeri_uwu">

</node>
<node id="2790418208" lat="52.2918382" lon="18.2605734" version="2" timestamp="2025-07-20T20:39:01Z"  changeset="169214169" uid="22218547" user="keeri_uwu">
	<tag k="barrier" v="gate"/>
</node>
<node id="2790418211" lat="52.2919407" lon="18.2606098" version="1" timestamp="2014-04-14T14:19:21Z"  changeset="21686734" uid="1202050" user="TomaszWójcik">

</node>
<node id="2790418216" lat="52.2921221" lon="18.2599195" version="2" timestamp="2025-07-20T20:39:01Z"  changeset="169214169" uid="22218547" user="keeri_uwu">

</node>
<node id="2790418217" lat="52.2922141" lon="18.2605381" version="2" timestamp="2025-07-20T20:39:01Z"  changeset="169214169" uid="22218547" user="keeri_uwu">

</node>
<node id="2790418218" lat="52.29228" lon="18.2604032" version="2" timestamp="2025-07-20T20:39:01Z"  changeset="169214169" uid="22218547" user="keeri_uwu">

</node>
<node id="7397908270" lat="52.291635" lon="18.2604266" version="2" timestamp="2025-07-20T20:39:01Z"  changeset="169214169" uid="22218547" user="keeri_uwu">

</node>
<node id="11893220402" lat="52.2915816" lon="18.2577658" version="2" timestamp="2025-07-20T20:39:01Z"  changeset="169214169" uid="22218547" user="keeri_uwu">

</node>
<node id="13014379576" lat="52.2917026" lon="18.2600071" version="1" timestamp="2025-07-20T20:39:01Z"  changeset="169214169" uid="22218547" user="keeri_uwu">

</node>
<node id="13014379584" lat="52.2918545" lon="18.2605793" version="1" timestamp="2025-07-20T20:39:01Z"  changeset="169214169" uid="22218547" user="keeri_uwu">

</node>
<node id="13014394006" lat="52.2916142" lon="18.2578392" version="1" timestamp="2025-07-20T20:39:01Z"  changeset="169214169" uid="22218547" user="keeri_uwu">

</node>
<node id="13014394007" lat="52.2920747" lon="18.2597057" version="1" timestamp="2025-07-20T20:39:01Z"  changeset="169214169" uid="22218547" user="keeri_uwu">

</node>
<node id="13014394041" lat="52.2916822" lon="18.2600814" version="1" timestamp="2025-07-20T20:39:01Z"  changeset="169214169" uid="22218547" user="keeri_uwu">

</node>
<node id="13014394146" lat="52.2914876" lon="18.2576543" version="1" timestamp="2025-07-20T20:39:01Z"  changeset="169214169" uid="22218547" user="keeri_uwu">

</node>
<node id="13014394239" lat="52.2905293" lon="18.2594718" version="1" timestamp="2025-07-20T20:39:01Z"  changeset="169214169" uid="22218547" user="keeri_uwu">

</node>
<node id="13014394240" lat="52.2905005" lon="18.2592455" version="1" timestamp="2025-07-20T20:39:01Z"  changeset="169214169" uid="22218547" user="keeri_uwu">
	<tag k="barrier" v="gate"/>
</node>
<node id="13014394304" lat="52.2905043" lon="18.2592749" version="1" timestamp="2025-07-20T20:39:01Z"  changeset="169214169" uid="22218547" user="keeri_uwu">

</node>
<node id="13014394305" lat="52.2910696" lon="18.2594633" version="1" timestamp="2025-07-20T20:39:01Z"  changeset="169214169" uid="22218547" user="keeri_uwu">

</node>
<node id="13014394324" lat="52.2904971" lon="18.2592183" version="1" timestamp="2025-07-20T20:39:01Z"  changeset="169214169" uid="22218547" user="keeri_uwu">

</node>
<node id="13014394459" lat="52.2906621" lon="18.256843" version="1" timestamp="2025-07-20T20:39:01Z"  changeset="169214169" uid="22218547" user="keeri_uwu">

</node>
<node id="13014394460" lat="52.2904524" lon="18.2588698" version="1" timestamp="2025-07-20T20:39:01Z"  changeset="169214169" uid="22218547" user="keeri_uwu">

</node>
<node id="13014394461" lat="52.2908056" lon="18.2581508" version="1" timestamp="2025-07-20T20:39:01Z"  changeset="169214169" uid="22218547" user="keeri_uwu">

</node>
<node id="13014394462" lat="52.2908111" lon="18.2581889" version="1" timestamp="2025-07-20T20:39:01Z"  changeset="169214169" uid="22218547" user="keeri_uwu">

</node>
<node id="13014394463" lat="52.290625" lon="18.2569113" version="1" timestamp="2025-07-20T20:39:01Z"  changeset="169214169" uid="22218547" user="keeri_uwu">

</node>
<node id="13014394464" lat="52.2906959" lon="18.2568305" version="1" timestamp="2025-07-20T20:39:01Z"  changeset="169214169" uid="22218547" user="keeri_uwu">

</node>
<node id="13014394465" lat="52.2907282" lon="18.2568703" version="1" timestamp="2025-07-20T20:39:01Z"  changeset="169214169" uid="22218547" user="keeri_uwu">

</node>
<node id="13014394466" lat="52.2907958" lon="18.2569541" version="1" timestamp="2025-07-20T20:39:01Z"  changeset="169214169" uid="22218547" user="keeri_uwu">

</node>
<node id="13014394467" lat="52.291237" lon="18.2574051" version="1" timestamp="2025-07-20T20:39:01Z"  changeset="169214169" uid="22218547" user="keeri_uwu">

</node>
<node id="13014394468" lat="52.2921438" lon="18.2595971" version="1" timestamp="2025-07-20T20:39:01Z"  changeset="169214169" uid="22218547" user="keeri_uwu">

</node>
<node id="13014394469" lat="52.2920671" lon="18.2596714" version="1" timestamp="2025-07-20T20:39:01Z"  changeset="169214169" uid="22218547" user="keeri_uwu">

</node>
<node id="13014394525" lat="52.2918184" lon="18.2605666" version="1" timestamp="2025-07-20T20:39:01Z"  changeset="169214169" uid="22218547" user="keeri_uwu">

</node>
<node id="13014394526" lat="52.291711" lon="18.2600594" version="1" timestamp="2025-07-20T20:39:01Z"  changeset="169214169" uid="22218547" user="keeri_uwu">

</node>
<node id="13014394527" lat="52.2916957" lon="18.259962" version="1" timestamp="2025-07-20T20:39:01Z"  changeset="169214169" uid="22218547" user="keeri_uwu">

</node>
<node id="13014394532" lat="52.2917636" lon="18.2598984" version="1" timestamp="2025-07-20T20:39:01Z"  changeset="169214169" uid="22218547" user="keeri_uwu">

</node>
<node id="12741244050" lat="49.6177014" lon="20.694809" version="1" timestamp="2025-04-09T11:25:32Z" action="modify" changeset="164719656" uid="1977936" user="Polciu">
	<tag k="email" v="kasagg@muzeum.sacz.pl"/>
	<tag k="name" v="Muzeum Ziemi Sądeckiej"/>
	<tag k="phone" v="+48 18 443 77 08"/>
	<tag k="tourism" v="museum"/>
	<tag k="website" v="https://muzeum.sacz.pl/"/>
	<tag k="addr:postcode" v="33-300"/>
	<tag k="addr:city" v="Nowy Sącz"/>
	<tag k="addr:street" v="Jagiellońska"/>
	<tag k="addr:housenumber" v="56"/>
	<tag k="operator" v="Województwo Małopolskie"/>
	<tag k="operator:type" v="government"/>
	<tag k="source:tourism" v="Wykaz Muzeów, wypis na dzień 2026-04-09"/>
</node>
<way id="202161900" version="20" timestamp="2026-04-14T15:13:10Z" action="modify" changeset="181328300" uid="67255" user="Rogoyski">
	<tag k="addr:city" v="Rzeszów"/>
	<tag k="addr:housenumber" v="19"/>
	<tag k="addr:street" v="3 Maja"/>
	<tag k="building" v="yes"/>
	<tag k="building:levels" v="2"/>
	<tag k="check_date" v="2026-04-14"/>
	<tag k="email" v="sekretariat@muzeum.rzeszow.pl"/>
	<tag k="fee" v="yes"/>
	<tag k="heritage" v="2"/>
	<tag k="image" v="https://photos.app.goo.gl/HKgD45tPaFniUKDV9"/>
	<tag k="name" v="Muzeum Okręgowe w Rzeszowie"/>
	<tag k="name:en" v="The Regional Museum in Rzeszów"/>
	<tag k="opening_hours" v="Mo,Sa off; Tu-Th 08:30-15:30; Fr 08:30-17:30"/>
	<tag k="operator" v="Województwo Podkarpackie"/>
	<tag k="phone" v="+48 17 853 52 78"/>
	<tag k="ref:ckkp" v="PK00589"/>
	<tag k="ref:nid" v="A-1027"/>
	<tag k="source" v="UM Rzeszów, wms.erzeszow.pl"/>
	<tag k="start_date" v="1642"/>
	<tag k="tourism" v="museum"/>
	<tag k="url" v="https://fotopolska.eu/85192,obiekt.html?map_z=19"/>
	<tag k="url:0" v="https://polska-org.pl/7228942,Rzeszow,Muzeum_Okregowe.html"/>
	<tag k="website" v="https://www.muzeum.rzeszow.pl/"/>
	<tag k="wikidata" v="Q11787110"/>
	<tag k="wikipedia" v="pl:Muzeum Okręgowe w Rzeszowie"/>
	<tag k="addr:postcode" v="35-030"/>
	<tag k="operator:type" v="government"/>
	<tag k="source:tourism" v="Wykaz Muzeów, wypis na dzień 2026-04-09"/>
	<nd ref="2121371331"/>
	<nd ref="5981727877"/>
	<nd ref="2123622622"/>
	<nd ref="2123622623"/>
	<nd ref="5981727876"/>
	<nd ref="2123622620"/>
	<nd ref="2123622621"/>
	<nd ref="3753039249"/>
	<nd ref="2121371302"/>
	<nd ref="2121371300"/>
	<nd ref="2121371306"/>
	<nd ref="2121371304"/>
	<nd ref="2121371298"/>
	<nd ref="2121371297"/>
	<nd ref="2121377498"/>
	<nd ref="2121377500"/>
	<nd ref="2121371314"/>
	<nd ref="2121371313"/>
	<nd ref="2121371325"/>
	<nd ref="2121371327"/>
	<nd ref="2121371317"/>
	<nd ref="2123630555"/>
	<nd ref="2121371319"/>
	<nd ref="2121371321"/>
	<nd ref="2121371323"/>
	<nd ref="2121371309"/>
	<nd ref="2121371310"/>
	<nd ref="2121371329"/>
	<nd ref="2121371331"/>
</way>
<node id="2121371297" lat="50.0350797" lon="22.001682" version="2" timestamp="2013-01-22T11:04:42Z"  changeset="14742259" uid="973600" user="eBin">

</node>
<node id="2121371298" lat="50.0350823" lon="22.0015412" version="1" timestamp="2013-01-20T17:28:36Z"  changeset="14722739" uid="1119050" user="user_1119050">

</node>
<node id="2121371300" lat="50.0350872" lon="22.0012906" version="2" timestamp="2013-01-22T11:04:42Z"  changeset="14742259" uid="973600" user="eBin">

</node>
<node id="2121371302" lat="50.035091" lon="22.0011496" version="2" timestamp="2013-01-22T11:04:42Z"  changeset="14742259" uid="973600" user="eBin">

</node>
<node id="2121371304" lat="50.0351412" lon="22.0015438" version="2" timestamp="2013-01-22T11:04:42Z"  changeset="14742259" uid="973600" user="eBin">

</node>
<node id="2121371306" lat="50.0351489" lon="22.0012938" version="2" timestamp="2013-01-22T11:04:42Z"  changeset="14742259" uid="973600" user="eBin">

</node>
<node id="2121371309" lat="50.0352349" lon="22.0015498" version="2" timestamp="2013-01-22T11:04:42Z"  changeset="14742259" uid="973600" user="eBin">

</node>
<node id="2121371310" lat="50.0352416" lon="22.0013008" version="2" timestamp="2013-01-22T11:04:42Z"  changeset="14742259" uid="973600" user="eBin">

</node>
<node id="2121371313" lat="50.0353953" lon="22.0019009" version="2" timestamp="2013-01-22T11:04:42Z"  changeset="14742259" uid="973600" user="eBin">

</node>
<node id="2121371314" lat="50.0354003" lon="22.001699" version="2" timestamp="2013-01-22T11:04:42Z"  changeset="14742259" uid="973600" user="eBin">

</node>
<node id="2121371317" lat="50.0354416" lon="22.0018153" version="2" timestamp="2013-01-22T11:04:42Z"  changeset="14742259" uid="973600" user="eBin">

</node>
<node id="2121371319" lat="50.035443" lon="22.0017665" version="1" timestamp="2013-01-20T17:28:36Z"  changeset="14722739" uid="1119050" user="user_1119050">

</node>
<node id="2121371321" lat="50.0354447" lon="22.0017022" version="1" timestamp="2013-01-20T17:28:36Z"  changeset="14722739" uid="1119050" user="user_1119050">

</node>
<node id="2121371323" lat="50.0354485" lon="22.0015623" version="1" timestamp="2013-01-20T17:28:36Z"  changeset="14722739" uid="1119050" user="user_1119050">

</node>
<node id="2121371325" lat="50.0354646" lon="22.0019041" version="2" timestamp="2013-01-22T11:04:43Z"  changeset="14742259" uid="973600" user="eBin">

</node>
<node id="2121371327" lat="50.0354665" lon="22.0018175" version="2" timestamp="2013-01-22T11:04:43Z"  changeset="14742259" uid="973600" user="eBin">

</node>
<node id="2121371329" lat="50.0354875" lon="22.001318" version="2" timestamp="2013-01-22T10:59:55Z"  changeset="14742259" uid="973600" user="eBin">

</node>
<node id="2121371331" lat="50.035491" lon="22.0011765" version="1" timestamp="2013-01-20T17:28:36Z"  changeset="14722739" uid="1119050" user="user_1119050">

</node>
<node id="2121377498" lat="50.0351948" lon="22.0016888" version="2" timestamp="2013-01-22T11:04:43Z"  changeset="14742259" uid="973600" user="eBin">

</node>
<node id="2121377500" lat="50.0352301" lon="22.0016912" version="2" timestamp="2013-01-22T11:04:43Z"  changeset="14742259" uid="973600" user="eBin">

</node>
<node id="2123622620" lat="50.0352359" lon="22.0011557" version="1" timestamp="2013-01-22T11:04:42Z"  changeset="14742259" uid="973600" user="eBin">

</node>
<node id="2123622621" lat="50.0352361" lon="22.00116" version="1" timestamp="2013-01-22T11:04:42Z"  changeset="14742259" uid="973600" user="eBin">

</node>
<node id="2123622622" lat="50.0353531" lon="22.0011687" version="1" timestamp="2013-01-22T11:04:42Z"  changeset="14742259" uid="973600" user="eBin">

</node>
<node id="2123622623" lat="50.0353536" lon="22.0011633" version="1" timestamp="2013-01-22T11:04:42Z"  changeset="14742259" uid="973600" user="eBin">

</node>
<node id="2123630555" lat="50.0354429" lon="22.0017698" version="1" timestamp="2013-01-22T11:16:13Z"  changeset="14742259" uid="973600" user="eBin">

</node>
<node id="3753039249" lat="50.0351009" lon="22.0011503" version="1" timestamp="2015-09-21T15:43:07Z"  changeset="34165132" uid="526156" user="korni">

</node>
<node id="5981727876" lat="50.0352813" lon="22.0011586" version="1" timestamp="2018-10-13T18:49:16Z"  changeset="63492297" uid="526156" user="korni">

</node>
<node id="5981727877" lat="50.0353748" lon="22.0011699" version="1" timestamp="2018-10-13T18:49:16Z"  changeset="63492297" uid="526156" user="korni">

</node>
<node id="11359827152" lat="50.0124459" lon="20.9877014" version="2" timestamp="2024-03-15T07:33:50Z" action="modify" changeset="148673701" uid="18969926" user="grzegorz75jan">
	<tag k="addr:city" v="Tarnów"/>
	<tag k="addr:housenumber" v="20-21"/>
	<tag k="addr:street" v="Rynek"/>
	<tag k="email" v="rynek@muzeum.tarnow.pl"/>
	<tag k="name" v="Muzeum Ziemi Tarnowskiej"/>
	<tag k="note" v="Siedziba główna muzeum"/>
	<tag k="old_name" v="Muzeum Okręgowe w Tarnowie"/>
	<tag k="phone" v="+48 14 639 08 64"/>
	<tag k="source" v="http://ump.waw.pl/ retrieved 11:18:52 11/17/09 (UMP-Tarnow/src/POI-inne.pnt-converted.txt)"/>
	<tag k="tourism" v="museum"/>
	<tag k="website" v="https://muzeum.tarnow.pl/"/>
	<tag k="wikidata" v="Q30172787"/>
	<tag k="wikipedia" v="pl:Muzeum Ziemi Tarnowskiej w Tarnowie"/>
	<tag k="addr:postcode" v="33-100"/>
	<tag k="operator" v="Województwo Małopolskie"/>
	<tag k="operator:type" v="government"/>
	<tag k="source:tourism" v="Wykaz Muzeów, wypis na dzień 2026-04-09"/>
</node>
<node id="2322339873" lat="53.0106828" lon="18.6042196" version="2" timestamp="2023-01-27T11:18:35Z" action="modify" changeset="131768472" uid="16891173" user="Lesiakower">
	<tag k="fee" v="yes"/>
	<tag k="museum" v="history"/>
	<tag k="museum_type" v="national"/>
	<tag k="name" v="Muzeum Okręgowe w Toruniu"/>
	<tag k="tourism" v="museum"/>
	<tag k="addr:postcode" v="87-100"/>
	<tag k="addr:city" v="Toruń"/>
	<tag k="addr:street" v="Rynek Staromiejski"/>
	<tag k="addr:housenumber" v="1"/>
	<tag k="operator" v="Gmina Miasta Toruń"/>
	<tag k="operator:type" v="government"/>
	<tag k="source:tourism" v="Wykaz Muzeów, wypis na dzień 2026-04-09"/>
</node>
<way id="241572173" version="11" timestamp="2025-11-11T11:01:56Z" action="modify" changeset="174504967" uid="1682993" user="szedar">
	<tag k="addr:city" v="Białystok"/>
	<tag k="addr:housenumber" v="1"/>
	<tag k="addr:postcode" v="15-121"/>
	<tag k="addr:street" v="Węglowa"/>
	<tag k="building" v="public"/>
	<tag k="building:colour" v="orangered"/>
	<tag k="building:levels" v="2"/>
	<tag k="building:levels:underground" v="1"/>
	<tag k="building:material" v="brick"/>
	<tag k="contact:email" v="sekretariat@sybir.bialystok.pl"/>
	<tag k="contact:facebook" v="https://www.facebook.com/muzeumpamiecisybiru"/>
	<tag k="contact:instagram" v="https://www.instagram.com/sybirmemorialmuseum/"/>
	<tag k="contact:twitter" v="https://twitter.com/Muzeum_Weglowa"/>
	<tag k="contact:website" v="https://sybir.bialystok.pl/"/>
	<tag k="contact:youtube" v="https://www.youtube.com/muzeumpamiecisybiru"/>
	<tag k="email" v="sekretariat@sybir.bialystok.pl"/>
	<tag k="heritage" v="7"/>
	<tag k="heritage:operator" v="Miasto Białystok"/>
	<tag k="heritage:website" v="https://zabytek.pl/pl/obiekty/zabytek?inspire_id=PL.1.9.ZIPOZ.NID_E_20_BK.153270&rejestr=ewidencja-zabytkow"/>
	<tag k="mobile" v="+48 795 650 800"/>
	<tag k="museum" v="history"/>
	<tag k="name" v="Muzeum Pamięci Sybiru"/>
	<tag k="opening_hours" v="Su-Fr 09:30-17:00; Sa 12:30-20:00"/>
	<tag k="operator" v="Miasto Białystok"/>
	<tag k="operator:type" v="government"/>
	<tag k="payment:american_express" v="yes"/>
	<tag k="payment:cash" v="yes"/>
	<tag k="payment:contactless" v="yes"/>
	<tag k="payment:diners_club" v="yes"/>
	<tag k="payment:discover_card" v="yes"/>
	<tag k="payment:jcb" v="yes"/>
	<tag k="payment:maestro" v="yes"/>
	<tag k="payment:mastercard" v="yes"/>
	<tag k="payment:visa" v="yes"/>
	<tag k="payment:visa_debit" v="yes"/>
	<tag k="payment:visa_electron" v="yes"/>
	<tag k="phone" v="+48 85 672 36 00; +48 85 672 36 01; +48 85 672 35 76"/>
	<tag k="ref:inspire" v="PL.1.9.ZIPOZ.NID_E_20_BK.153270"/>
	<tag k="roof:colour" v="lightgray"/>
	<tag k="roof:material" v="tar_paper"/>
	<tag k="roof:shape" v="flat"/>
	<tag k="start_date" v="2021-09-17"/>
	<tag k="tourism" v="museum"/>
	<tag k="website" v="https://sybir.bialystok.pl/"/>
	<tag k="wheelchair" v="yes"/>
	<tag k="source:tourism" v="Wykaz Muzeów, wypis na dzień 2026-04-09"/>
	<nd ref="2491820790"/>
	<nd ref="9927967372"/>
	<nd ref="7222832616"/>
	<nd ref="7222832617"/>
	<nd ref="7222832618"/>
	<nd ref="7222832619"/>
	<nd ref="9929814075"/>
	<nd ref="7222832620"/>
	<nd ref="9927967369"/>
	<nd ref="9995557657"/>
	<nd ref="2491820791"/>
	<nd ref="9995557658"/>
	<nd ref="2491820789"/>
	<nd ref="2491820792"/>
	<nd ref="2491820783"/>
	<nd ref="7222832601"/>
	<nd ref="7222832598"/>
	<nd ref="7222832594"/>
	<nd ref="7222832599"/>
	<nd ref="7222832600"/>
	<nd ref="2491820781"/>
	<nd ref="2491820786"/>
	<nd ref="9927967374"/>
	<nd ref="2491820788"/>
	<nd ref="2491820790"/>
</way>
<node id="2491820781" lat="53.143083" lon="23.1759829" version="1" timestamp="2013-10-11T01:55:16Z"  changeset="18290562" uid="64243" user="Krystek">

</node>
<node id="2491820783" lat="53.1432163" lon="23.1761856" version="2" timestamp="2020-02-18T14:20:17Z"  changeset="81175451" uid="594456" user="Michoo">

</node>
<node id="2491820786" lat="53.1434864" lon="23.1752527" version="2" timestamp="2020-02-18T14:20:17Z"  changeset="81175451" uid="594456" user="Michoo">

</node>
<node id="2491820788" lat="53.1434451" lon="23.1751945" version="3" timestamp="2022-08-02T20:25:02Z"  changeset="124408543" uid="64243" user="Krystek">

</node>
<node id="2491820789" lat="53.143768" lon="23.1749685" version="2" timestamp="2022-09-02T17:35:41Z"  changeset="125709036" uid="64243" user="Krystek">

</node>
<node id="2491820790" lat="53.1432605" lon="23.1755488" version="2" timestamp="2020-02-18T14:20:17Z"  changeset="81175451" uid="594456" user="Michoo">

</node>
<node id="2491820791" lat="53.1438021" lon="23.1749075" version="2" timestamp="2022-08-02T20:25:02Z"  changeset="124408543" uid="64243" user="Krystek">

</node>
<node id="2491820792" lat="53.1438121" lon="23.1750393" version="1" timestamp="2013-10-11T01:55:16Z"  changeset="18290562" uid="64243" user="Krystek">

</node>
<node id="7222832594" lat="53.1431227" lon="23.1761799" version="2" timestamp="2022-08-02T20:25:02Z"  changeset="124408543" uid="64243" user="Krystek">
	<tag k="entrance" v="service"/>
</node>
<node id="7222832598" lat="53.1431384" lon="23.1762073" version="1" timestamp="2020-02-18T14:20:17Z"  changeset="81175451" uid="594456" user="Michoo">

</node>
<node id="7222832599" lat="53.1431042" lon="23.1761538" version="1" timestamp="2020-02-18T14:20:17Z"  changeset="81175451" uid="594456" user="Michoo">

</node>
<node id="7222832600" lat="53.1431427" lon="23.1760777" version="1" timestamp="2020-02-18T14:20:17Z"  changeset="81175451" uid="594456" user="Michoo">

</node>
<node id="7222832601" lat="53.1431812" lon="23.1761312" version="1" timestamp="2020-02-18T14:20:17Z"  changeset="81175451" uid="594456" user="Michoo">

</node>
<node id="7222832616" lat="53.1431912" lon="23.1754443" version="1" timestamp="2020-02-18T14:20:17Z"  changeset="81175451" uid="594456" user="Michoo">

</node>
<node id="7222832617" lat="53.1433494" lon="23.1751401" version="1" timestamp="2020-02-18T14:20:17Z"  changeset="81175451" uid="594456" user="Michoo">

</node>
<node id="7222832618" lat="53.1433052" lon="23.1750854" version="1" timestamp="2020-02-18T14:20:17Z"  changeset="81175451" uid="594456" user="Michoo">

</node>
<node id="7222832619" lat="53.1436517" lon="23.1742726" version="1" timestamp="2020-02-18T14:20:17Z"  changeset="81175451" uid="594456" user="Michoo">

</node>
<node id="7222832620" lat="53.1437215" lon="23.1747845" version="2" timestamp="2022-08-02T20:25:02Z"  changeset="124408543" uid="64243" user="Krystek">

</node>
<node id="9927967369" lat="53.1437929" lon="23.1748933" version="1" timestamp="2022-08-02T20:25:02Z"  changeset="124408543" uid="64243" user="Krystek">

</node>
<node id="9927967372" lat="53.1432397" lon="23.1755174" version="1" timestamp="2022-08-02T20:25:02Z"  changeset="124408543" uid="64243" user="Krystek">
	<tag k="entrance" v="service"/>
</node>
<node id="9927967374" lat="53.1434561" lon="23.17521" version="2" timestamp="2023-03-04T17:42:48Z"  changeset="133300111" uid="13886309" user="Maksbud">
	<tag k="entrance" v="main"/>
	<tag k="wheelchair" v="yes"/>
</node>
<node id="9929814075" lat="53.1437062" lon="23.1746722" version="1" timestamp="2022-08-03T15:20:02Z"  changeset="124441879" uid="64243" user="Krystek">

</node>
<node id="9995557657" lat="53.1437978" lon="23.1749008" version="1" timestamp="2022-09-02T17:35:41Z"  changeset="125709036" uid="64243" user="Krystek">

</node>
<node id="9995557658" lat="53.1437889" lon="23.1749311" version="1" timestamp="2022-09-02T17:35:41Z"  changeset="125709036" uid="64243" user="Krystek">
	<tag k="entrance" v="service"/>
	<tag k="level" v="-1"/>
</node>
<node id="2082753545" lat="52.5270105" lon="17.3776259" version="6" timestamp="2023-11-09T15:30:44Z" action="modify" changeset="143827727" uid="9451067" user="b-jazz-bot">
	<tag k="name" v="Muzeum Pierwszych Piastów na Lednicy"/>
	<tag k="phone" v="+48 61 427 50 10"/>
	<tag k="tourism" v="museum"/>
	<tag k="url" v="https://www.youtube.com/watch?v=t-V4BEJJYKs"/>
	<tag k="website" v="https://www.lednicamuzeum.pl/"/>
	<tag k="wikidata" v="Q11787124"/>
	<tag k="wikipedia" v="pl:Muzeum Pierwszych Piastów na Lednicy"/>
	<tag k="addr:postcode" v="62-261"/>
	<tag k="addr:city" v="Lednogóra"/>
	<tag k="addr:street" v="Dziekanowice"/>
	<tag k="addr:housenumber" v="32"/>
	<tag k="operator" v="Województwo Wielkopolskie"/>
	<tag k="operator:type" v="government"/>
	<tag k="source:tourism" v="Wykaz Muzeów, wypis na dzień 2026-04-09"/>
</node>
<node id="2471714870" lat="54.6026459" lon="18.2385315" version="3" timestamp="2026-04-06T08:00:48Z" action="modify" changeset="180929238" uid="11239973" user="uprkos">
	<tag k="addr:city" v="Wejherowo"/>
	<tag k="addr:housenumber" v="14A"/>
	<tag k="addr:postcode" v="84-200"/>
	<tag k="addr:street" v="Wałowa"/>
	<tag k="check_date" v="2026-04-04"/>
	<tag k="name" v="Muzeum Piśmiennictwa i Muzyki Kaszubsko-Pomorskiej w Wejherowie"/>
	<tag k="operator" v="Powiat Wejherowski"/>
	<tag k="source:addr" v="mwejherowo.punktyadresowe.pl"/>
	<tag k="tourism" v="museum"/>
	<tag k="operator:type" v="government"/>
	<tag k="source:tourism" v="Wykaz Muzeów, wypis na dzień 2026-04-09"/>
</node>
<node id="1838542714" lat="49.6956408" lon="21.7635574" version="8" timestamp="2024-11-06T14:06:57Z" action="modify" changeset="158819752" uid="21927922" user="Agnieszka Górska1860">
	<tag k="description" v="działy: archeologiczny, historyczny, artystyczny, historii oświetlenia, szkła i przemysłu szklarskiego, oświatowo-promocyjny, administracyjno-gospodarczy, finansowo-księgowy,biblioteka"/>
	<tag k="email" v="muzeum@muzeum.krosno.pl"/>
	<tag k="fax" v="+ 48 13 43 243 01"/>
	<tag k="fee" v="yes"/>
	<tag k="image" v="http://www.muzeum.krosno.pl/img/galerie/widoki/_big/muzeum_podkarpackie_-_foto_1.07.2014_002.jpg"/>
	<tag k="name" v="Muzeum Podkarpackie w Krośnie"/>
	<tag k="official_name" v="Muzeum Podkarpackie w Krośnie"/>
	<tag k="opening_hours" v="Tu-Fr 09:00-17:00; Sa-Su 10:00-17:00"/>
	<tag k="operator" v="Województwo Podkarpackie"/>
	<tag k="phone" v="+ 48 13 43 213 76"/>
	<tag k="ref:ckkp" v="PK00315"/>
	<tag k="start_date" v="1954"/>
	<tag k="tourism" v="museum"/>
	<tag k="website" v="https://www.muzeum.krosno.pl/"/>
	<tag k="wikidata" v="Q11787132"/>
	<tag k="wikipedia" v="pl:Muzeum Podkarpackie w Krośnie"/>
	<tag k="addr:postcode" v="38-400"/>
	<tag k="addr:city" v="Krosno"/>
	<tag k="addr:street" v="Piłsudskiego"/>
	<tag k="addr:housenumber" v="16"/>
	<tag k="operator:type" v="government"/>
	<tag k="source:tourism" v="Wykaz Muzeów, wypis na dzień 2026-04-09"/>
</node>
<way id="167109428" version="45" timestamp="2026-03-27T17:09:28Z" action="modify" changeset="180513310" uid="67255" user="Rogoyski">
	<tag k="addr:city" v="Warszawa"/>
	<tag k="addr:housenumber" v="79"/>
	<tag k="addr:postcode" v="00-844"/>
	<tag k="addr:street" v="Grzybowska"/>
	<tag k="check_date" v="2026-03-27"/>
	<tag k="email" v="biuro@1944.pl"/>
	<tag k="fax" v="+48225397924"/>
	<tag k="fee" v="yes"/>
	<tag k="landuse" v="commercial"/>
	<tag k="museum" v="history"/>
	<tag k="name" v="Muzeum Powstania Warszawskiego"/>
	<tag k="name:be" v="Музей Варшаўскага паўстання"/>
	<tag k="name:de" v="Museum des Warschauer Aufstandes"/>
	<tag k="name:en" v="Warsaw Rising Museum"/>
	<tag k="name:es" v="Museo del Alzamiento de Varsovia"/>
	<tag k="name:fr" v="Musée de l'Insurrection de Varsovie"/>
	<tag k="name:lt" v="Varšuvos sukilimo muziejus"/>
	<tag k="name:pl" v="Muzeum Powstania Warszawskiego"/>
	<tag k="name:pt" v="Museu da Insurreição de Varsóvia"/>
	<tag k="name:ro" v="Muzeul Insurecției din Varșovia"/>
	<tag k="name:ru" v="Музей Варшавского восстания"/>
	<tag k="name:uk" v="Музей Варшавського повстання"/>
	<tag k="name:zh" v="華沙起義博物館"/>
	<tag k="opening_hours" v="Mo,We-Fr 08:00-18:00; Tu off; Sa-Su 10:00-18:00"/>
	<tag k="phone" v="+48 22 539 79 05"/>
	<tag k="ref:ckkp" v="MZ00416"/>
	<tag k="toilets:wheelchair" v="yes"/>
	<tag k="tourism" v="museum"/>
	<tag k="website" v="https://1944.pl/"/>
	<tag k="wheelchair" v="yes"/>
	<tag k="wikidata" v="Q574328"/>
	<tag k="wikipedia" v="pl:Muzeum Powstania Warszawskiego"/>
	<tag k="operator" v="Miasto Stołeczne Warszawa"/>
	<tag k="operator:type" v="government"/>
	<tag k="source:tourism" v="Wykaz Muzeów, wypis na dzień 2026-04-09"/>
	<nd ref="4417073992"/>
	<nd ref="9580185970"/>
	<nd ref="9580184992"/>
	<nd ref="9580185969"/>
	<nd ref="1785280419"/>
	<nd ref="9580185947"/>
	<nd ref="9580185955"/>
	<nd ref="9580185954"/>
	<nd ref="9580185950"/>
	<nd ref="9580185949"/>
	<nd ref="9580185948"/>
	<nd ref="3286932308"/>
	<nd ref="1785280326"/>
	<nd ref="3286921309"/>
	<nd ref="3286921310"/>
	<nd ref="1785280325"/>
	<nd ref="3286921324"/>
	<nd ref="10065311070"/>
	<nd ref="5277919952"/>
	<nd ref="1785280379"/>
	<nd ref="1785280388"/>
	<nd ref="1785280400"/>
	<nd ref="9580184924"/>
	<nd ref="9580185971"/>
	<nd ref="4417073992"/>
</way>
<node id="1785280325" lat="52.2313779" lon="20.9806896" version="3" timestamp="2022-03-15T09:24:50Z"  changeset="118502487" uid="6668641" user="syntex">

</node>
<node id="1785280326" lat="52.2315446" lon="20.9823969" version="3" timestamp="2022-03-15T09:24:50Z"  changeset="118502487" uid="6668641" user="syntex">

</node>
<node id="1785280379" lat="52.2326273" lon="20.9806034" version="5" timestamp="2022-09-30T20:41:17Z"  changeset="126839891" uid="67255" user="Rogoyski">
	<tag k="access" v="yes"/>
	<tag k="barrier" v="gate"/>
	<tag k="entrance" v="main"/>
</node>
<node id="1785280388" lat="52.2326865" lon="20.9805985" version="3" timestamp="2022-03-15T09:24:50Z"  changeset="118502487" uid="6668641" user="syntex">

</node>
<node id="1785280400" lat="52.2327094" lon="20.9805968" version="4" timestamp="2022-03-15T09:24:50Z"  changeset="118502487" uid="6668641" user="syntex">

</node>
<node id="1785280419" lat="52.2330347" lon="20.981306" version="3" timestamp="2022-03-15T09:24:50Z"  changeset="118502487" uid="6668641" user="syntex">

</node>
<node id="3286921309" lat="52.2314326" lon="20.9815097" version="2" timestamp="2022-03-15T09:24:50Z"  changeset="118502487" uid="6668641" user="syntex">

</node>
<node id="3286921310" lat="52.2314773" lon="20.9814746" version="2" timestamp="2022-03-15T09:24:50Z"  changeset="118502487" uid="6668641" user="syntex">

</node>
<node id="3286921324" lat="52.2317325" lon="20.9806675" version="1" timestamp="2015-01-14T00:06:02Z"  changeset="28125150" uid="52087" user="kocio">

</node>
<node id="3286932308" lat="52.2316068" lon="20.9823593" version="2" timestamp="2022-03-15T09:24:50Z"  changeset="118502487" uid="6668641" user="syntex">

</node>
<node id="4417073992" lat="52.2329203" lon="20.9805912" version="3" timestamp="2022-03-15T09:24:50Z"  changeset="118502487" uid="6668641" user="syntex">

</node>
<node id="5277919952" lat="52.2318005" lon="20.9806623" version="2" timestamp="2022-03-15T09:24:50Z"  changeset="118502487" uid="6668641" user="syntex">
	<tag k="access" v="private"/>
	<tag k="barrier" v="gate"/>
</node>
<node id="9580184924" lat="52.2328726" lon="20.9805809" version="1" timestamp="2022-03-15T09:24:50Z"  changeset="118502487" uid="6668641" user="syntex">

</node>
<node id="9580184992" lat="52.2330145" lon="20.98118" version="2" timestamp="2022-09-30T20:41:17Z"  changeset="126839891" uid="67255" user="Rogoyski">
	<tag k="access" v="private"/>
	<tag k="barrier" v="gate"/>
</node>
<node id="9580185947" lat="52.2329988" lon="20.9813373" version="1" timestamp="2022-03-15T09:24:50Z"  changeset="118502487" uid="6668641" user="syntex">

</node>
<node id="9580185948" lat="52.2316303" lon="20.9823465" version="1" timestamp="2022-03-15T09:24:50Z"  changeset="118502487" uid="6668641" user="syntex">

</node>
<node id="9580185949" lat="52.2316411" lon="20.9823427" version="1" timestamp="2022-03-15T09:24:50Z"  changeset="118502487" uid="6668641" user="syntex">

</node>
<node id="9580185950" lat="52.231965" lon="20.9822344" version="1" timestamp="2022-03-15T09:24:50Z"  changeset="118502487" uid="6668641" user="syntex">

</node>
<node id="9580185954" lat="52.2322397" lon="20.981994" version="1" timestamp="2022-03-15T09:24:50Z"  changeset="118502487" uid="6668641" user="syntex">

</node>
<node id="9580185955" lat="52.2328048" lon="20.9815064" version="1" timestamp="2022-03-15T09:24:50Z"  changeset="118502487" uid="6668641" user="syntex">

</node>
<node id="9580185969" lat="52.2330179" lon="20.9812012" version="2" timestamp="2022-09-30T20:41:17Z"  changeset="126839891" uid="67255" user="Rogoyski">

</node>
<node id="9580185970" lat="52.2330095" lon="20.9811486" version="2" timestamp="2022-09-30T20:41:17Z"  changeset="126839891" uid="67255" user="Rogoyski">

</node>
<node id="9580185971" lat="52.2329058" lon="20.980577" version="1" timestamp="2022-03-15T09:24:50Z"  changeset="118502487" uid="6668641" user="syntex">

</node>
<node id="10065311070" lat="52.2317486" lon="20.9806663" version="1" timestamp="2022-09-30T20:54:50Z"  changeset="126840243" uid="67255" user="Rogoyski">

</node>
<node id="4039019489" lat="50.4253747" lon="23.1778752" version="3" timestamp="2021-11-03T14:07:30Z" action="modify" changeset="113334660" uid="1479852" user="kubahahaha">
	<tag k="name" v="Muzeum Pożarnictwa w Oseredku"/>
	<tag k="opening_hours" v="May-Sep: Mo-Su 09:00-17:00;Oct-Apr: Mo-Fr 08:00-16:00"/>
	<tag k="tourism" v="museum"/>
	<tag k="addr:postcode" v="22-672"/>
	<tag k="addr:city" v="Susiec"/>
	<tag k="addr:street" v="Oseredek"/>
	<tag k="addr:housenumber" v="123"/>
	<tag k="operator" v="Gmina Susiec"/>
	<tag k="operator:type" v="government"/>
	<tag k="source:tourism" v="Wykaz Muzeów, wypis na dzień 2026-04-09"/>
</node>
<way id="437843150" version="8" timestamp="2026-03-29T13:28:31Z" action="modify" changeset="180583557" uid="2814440" user="pawloo">
	<tag k="addr:city" v="Dębica"/>
	<tag k="addr:housenumber" v="4"/>
	<tag k="addr:postcode" v="39-200"/>
	<tag k="addr:street" v="Ratuszowa"/>
	<tag k="barrier" v="fence"/>
	<tag k="building" v="yes"/>
	<tag k="email" v="sekretariat@muzeumwdebicy.pl"/>
	<tag k="museum" v="history"/>
	<tag k="name" v="Muzeum Regionalne w Dębicy"/>
	<tag k="official_name" v="Muzeum Regionalne w Dębicy"/>
	<tag k="opening_hours" v="Mo-Fr 08:30-15:30; Sa 10:00-12:00; Su 15:00-17:00"/>
	<tag k="phone" v="+48 14 683 74 28"/>
	<tag k="start_date" v="2003"/>
	<tag k="tourism" v="museum"/>
	<tag k="website" v="https://muzeumwdebicy.pl/"/>
	<tag k="wikidata" v="Q11787172"/>
	<tag k="wikipedia" v="pl:Muzeum Regionalne w Dębicy"/>
	<tag k="operator" v="Gmina Miasta Dębica"/>
	<tag k="operator:type" v="government"/>
	<tag k="source:tourism" v="Wykaz Muzeów, wypis na dzień 2026-04-09"/>
	<nd ref="7246128406"/>
	<nd ref="7246128428"/>
	<nd ref="7246128427"/>
	<nd ref="7246128431"/>
	<nd ref="7246128430"/>
	<nd ref="7246128429"/>
	<nd ref="7246128409"/>
	<nd ref="7246128410"/>
	<nd ref="7246128408"/>
	<nd ref="4356248087"/>
	<nd ref="4356248088"/>
	<nd ref="4356249489"/>
	<nd ref="13588601640"/>
	<nd ref="2631856008"/>
	<nd ref="2631856002"/>
	<nd ref="2631856004"/>
	<nd ref="2631856001"/>
	<nd ref="2631855999"/>
	<nd ref="2631855993"/>
	<nd ref="2631855996"/>
	<nd ref="2631855995"/>
	<nd ref="2631856000"/>
	<nd ref="2631855998"/>
	<nd ref="2631855994"/>
	<nd ref="2631855992"/>
	<nd ref="2631855990"/>
	<nd ref="2631855988"/>
	<nd ref="2631855986"/>
	<nd ref="7246128403"/>
	<nd ref="7246128404"/>
	<nd ref="7246128405"/>
	<nd ref="7246128406"/>
</way>
<node id="2631855986" lat="50.058242" lon="21.4097758" version="1" timestamp="2014-01-22T00:42:34Z"  changeset="20133309" uid="1093250" user="Wojciech syn Jana (c)">

</node>
<node id="2631855988" lat="50.0582524" lon="21.4098049" version="1" timestamp="2014-01-22T00:42:34Z"  changeset="20133309" uid="1093250" user="Wojciech syn Jana (c)">

</node>
<node id="2631855990" lat="50.0582653" lon="21.40982" version="1" timestamp="2014-01-22T00:42:34Z"  changeset="20133309" uid="1093250" user="Wojciech syn Jana (c)">

</node>
<node id="2631855992" lat="50.0582788" lon="21.409829" version="1" timestamp="2014-01-22T00:42:34Z"  changeset="20133309" uid="1093250" user="Wojciech syn Jana (c)">

</node>
<node id="2631855993" lat="50.0583027" lon="21.4099487" version="1" timestamp="2014-01-22T00:42:35Z"  changeset="20133309" uid="1093250" user="Wojciech syn Jana (c)">

</node>
<node id="2631855994" lat="50.0583031" lon="21.4098223" version="1" timestamp="2014-01-22T00:42:35Z"  changeset="20133309" uid="1093250" user="Wojciech syn Jana (c)">

</node>
<node id="2631855995" lat="50.058304" lon="21.4099054" version="1" timestamp="2014-01-22T00:42:35Z"  changeset="20133309" uid="1093250" user="Wojciech syn Jana (c)">

</node>
<node id="2631855996" lat="50.0583015" lon="21.4099245" version="2" timestamp="2020-02-26T20:46:41Z"  changeset="81520850" uid="6529331" user="edc22">

</node>
<node id="2631855998" lat="50.0583099" lon="21.409848" version="1" timestamp="2014-01-22T00:42:35Z"  changeset="20133309" uid="1093250" user="Wojciech syn Jana (c)">
	<tag k="barrier" v="gate"/>
</node>
<node id="2631855999" lat="50.0583137" lon="21.4099838" version="1" timestamp="2014-01-22T00:42:35Z"  changeset="20133309" uid="1093250" user="Wojciech syn Jana (c)">

</node>
<node id="2631856000" lat="50.0583166" lon="21.4098736" version="1" timestamp="2014-01-22T00:42:35Z"  changeset="20133309" uid="1093250" user="Wojciech syn Jana (c)">

</node>
<node id="2631856001" lat="50.0583492" lon="21.410011" version="1" timestamp="2014-01-22T00:42:35Z"  changeset="20133309" uid="1093250" user="Wojciech syn Jana (c)">

</node>
<node id="2631856002" lat="50.058364" lon="21.4101226" version="1" timestamp="2014-01-22T00:42:35Z"  changeset="20133309" uid="1093250" user="Wojciech syn Jana (c)">

</node>
<node id="2631856004" lat="50.0583666" lon="21.4100723" version="1" timestamp="2014-01-22T00:42:35Z"  changeset="20133309" uid="1093250" user="Wojciech syn Jana (c)">

</node>
<node id="2631856008" lat="50.0584326" lon="21.4103224" version="1" timestamp="2014-01-22T00:42:35Z"  changeset="20133309" uid="1093250" user="Wojciech syn Jana (c)">

</node>
<node id="4356248087" lat="50.0591771" lon="21.4093649" version="2" timestamp="2020-02-26T20:46:41Z"  changeset="81520850" uid="6529331" user="edc22">

</node>
<node id="4356248088" lat="50.0589388" lon="21.4095238" version="2" timestamp="2020-02-26T20:46:41Z"  changeset="81520850" uid="6529331" user="edc22">

</node>
<node id="4356249489" lat="50.0590391" lon="21.4099518" version="2" timestamp="2020-02-26T20:46:41Z"  changeset="81520850" uid="6529331" user="edc22">

</node>
<node id="7246128403" lat="50.0581768" lon="21.4095394" version="1" timestamp="2020-02-26T20:46:41Z"  changeset="81520850" uid="6529331" user="edc22">
	<tag k="barrier" v="gate"/>
</node>
<node id="7246128404" lat="50.0581652" lon="21.4095003" version="1" timestamp="2020-02-26T20:46:41Z"  changeset="81520850" uid="6529331" user="edc22">

</node>
<node id="7246128405" lat="50.0581091" lon="21.4093039" version="1" timestamp="2020-02-26T20:46:41Z"  changeset="81520850" uid="6529331" user="edc22">

</node>
<node id="7246128406" lat="50.0590513" lon="21.4087264" version="1" timestamp="2020-02-26T20:46:41Z"  changeset="81520850" uid="6529331" user="edc22">

</node>
<node id="7246128408" lat="50.0591645" lon="21.4093176" version="1" timestamp="2020-02-26T20:46:41Z"  changeset="81520850" uid="6529331" user="edc22">
	<tag k="barrier" v="gate"/>
</node>
<node id="7246128409" lat="50.0591699" lon="21.4091863" version="1" timestamp="2020-02-26T20:46:41Z"  changeset="81520850" uid="6529331" user="edc22">

</node>
<node id="7246128410" lat="50.0591397" lon="21.4092231" version="1" timestamp="2020-02-26T20:46:41Z"  changeset="81520850" uid="6529331" user="edc22">

</node>
<node id="7246128427" lat="50.0590882" lon="21.4089456" version="1" timestamp="2020-02-26T20:46:41Z"  changeset="81520850" uid="6529331" user="edc22">

</node>
<node id="7246128428" lat="50.059105" lon="21.4089331" version="1" timestamp="2020-02-26T20:46:41Z"  changeset="81520850" uid="6529331" user="edc22">

</node>
<node id="7246128429" lat="50.0591222" lon="21.409008" version="1" timestamp="2020-02-26T20:46:41Z"  changeset="81520850" uid="6529331" user="edc22">

</node>
<node id="7246128430" lat="50.0591059" lon="21.4090174" version="1" timestamp="2020-02-26T20:46:41Z"  changeset="81520850" uid="6529331" user="edc22">

</node>
<node id="7246128431" lat="50.0590977" lon="21.4089843" version="1" timestamp="2020-02-26T20:46:41Z"  changeset="81520850" uid="6529331" user="edc22">
	<tag k="barrier" v="gate"/>
</node>
<node id="13588601640" lat="50.0588273" lon="21.4100812" version="1" timestamp="2026-02-22T00:01:02Z"  changeset="178881104" uid="2814440" user="pawloo">

</node>
<node id="2006305962" lat="51.0488808" lon="16.1938451" version="8" timestamp="2023-03-02T16:29:38Z" action="modify" changeset="133219267" uid="93696" user="Magadan">
	<tag k="contact:website" v="http://www.muzeumjawor.pl"/>
	<tag k="name" v="Muzeum Regionalne w Jaworze"/>
	<tag k="name:de" v="Regionalmuseum"/>
	<tag k="name:pl" v="Muzeum Regionalne w Jaworze"/>
	<tag k="opening_hours" v="Apr-Sep: We-Su 10:00-17:00; Oct-Mar: We-Su 10:00-16:00"/>
	<tag k="tourism" v="museum"/>
	<tag k="wikidata" v="Q16978752"/>
	<tag k="wikipedia" v="pl:Muzeum Regionalne w Jaworze"/>
	<tag k="addr:postcode" v="59-400"/>
	<tag k="addr:city" v="Jawor"/>
	<tag k="addr:street" v="Klasztorna"/>
	<tag k="addr:housenumber" v="6"/>
	<tag k="operator" v="Gmina Jawor"/>
	<tag k="operator:type" v="government"/>
	<tag k="source:tourism" v="Wykaz Muzeów, wypis na dzień 2026-04-09"/>
</node>
<node id="9905558911" lat="51.0814761" lon="21.8969132" version="2" timestamp="2022-07-23T10:00:36Z" action="modify" changeset="123969196" uid="1140274" user="barti5007">
	<tag k="museum" v="local"/>
	<tag k="name" v="Muzeum Regionalne w Kluczkowicach"/>
	<tag k="tourism" v="museum"/>
	<tag k="addr:postcode" v="24-300"/>
	<tag k="addr:city" v="Kluczkowice"/>
	<tag k="addr:street" v="Kluczkowice"/>
	<tag k="addr:housenumber" v="7"/>
	<tag k="operator" v="Powiat Opolski"/>
	<tag k="operator:type" v="government"/>
	<tag k="source:tourism" v="Wykaz Muzeów, wypis na dzień 2026-04-09"/>
</node>
<way id="1219345903" version="2" timestamp="2024-09-09T15:41:23Z" action="modify" changeset="156400860" uid="1893128" user="costamagica">
	<tag k="addr:city" v="Kutno"/>
	<tag k="addr:housenumber" v="20"/>
	<tag k="addr:place" v="Plac Marszałka Józefa Piłsudskiego"/>
	<tag k="addr:postcode" v="99-300"/>
	<tag k="landuse" v="yes"/>
	<tag k="name" v="Muzeum Pałac Saski w Kutnie"/>
	<tag k="opening_hours" v="Tu-Su 10:00-18:00"/>
	<tag k="tourism" v="museum"/>
	<tag k="website" v="https://muzeumkutno.com"/>
	<tag k="addr:street" v="Józefa Piłsudskiego"/>
	<tag k="operator" v="Miasto Kutno"/>
	<tag k="operator:type" v="government"/>
	<tag k="source:tourism" v="Wykaz Muzeów, wypis na dzień 2026-04-09"/>
	<nd ref="11298232209"/>
	<nd ref="11298232210"/>
	<nd ref="11298232211"/>
	<nd ref="11298232213"/>
	<nd ref="11298232212"/>
	<nd ref="11298232214"/>
	<nd ref="11298232215"/>
	<nd ref="11298232216"/>
	<nd ref="5274843728"/>
	<nd ref="5274843729"/>
	<nd ref="11298218850"/>
	<nd ref="11298218851"/>
	<nd ref="2616592699"/>
	<nd ref="2616592698"/>
	<nd ref="5646152824"/>
	<nd ref="5646152822"/>
	<nd ref="5646152821"/>
	<nd ref="5646152823"/>
	<nd ref="2616592693"/>
	<nd ref="2616592692"/>
	<nd ref="2616592674"/>
	<nd ref="2616592676"/>
	<nd ref="11298232217"/>
	<nd ref="11298232218"/>
	<nd ref="11298197989"/>
	<nd ref="11298197991"/>
	<nd ref="11298197990"/>
	<nd ref="11298197995"/>
	<nd ref="11298197997"/>
	<nd ref="11298198000"/>
	<nd ref="11298197999"/>
	<nd ref="11298232209"/>
</way>
<node id="2616592674" lat="52.2327134" lon="19.3565654" version="3" timestamp="2023-10-29T16:44:17Z"  changeset="143321069" uid="1893128" user="costamagica">

</node>
<node id="2616592676" lat="52.2327409" lon="19.356435" version="3" timestamp="2023-10-29T16:44:17Z"  changeset="143321069" uid="1893128" user="costamagica">

</node>
<node id="2616592692" lat="52.2329291" lon="19.3566902" version="3" timestamp="2023-10-29T16:44:17Z"  changeset="143321069" uid="1893128" user="costamagica">

</node>
<node id="2616592693" lat="52.2329766" lon="19.3567169" version="2" timestamp="2018-05-27T18:02:05Z"  changeset="59318942" uid="707169" user="damndog">

</node>
<node id="2616592698" lat="52.2331657" lon="19.3568252" version="2" timestamp="2018-05-27T18:02:05Z"  changeset="59318942" uid="707169" user="damndog">

</node>
<node id="2616592699" lat="52.2332062" lon="19.3566475" version="4" timestamp="2023-10-29T16:58:02Z"  changeset="143321620" uid="1893128" user="costamagica">

</node>
<node id="5274843728" lat="52.2332763" lon="19.3562886" version="2" timestamp="2023-10-29T16:58:02Z"  changeset="143321620" uid="1893128" user="costamagica">

</node>
<node id="5274843729" lat="52.2332569" lon="19.3563783" version="2" timestamp="2023-10-29T16:58:02Z"  changeset="143321620" uid="1893128" user="costamagica">

</node>
<node id="5646152821" lat="52.2330475" lon="19.3567593" version="1" timestamp="2018-05-27T18:02:00Z"  changeset="59318942" uid="707169" user="damndog">

</node>
<node id="5646152822" lat="52.2330957" lon="19.3567873" version="1" timestamp="2018-05-27T18:02:00Z"  changeset="59318942" uid="707169" user="damndog">

</node>
<node id="5646152823" lat="52.233048" lon="19.356757" version="1" timestamp="2018-05-27T18:02:00Z"  changeset="59318942" uid="707169" user="damndog">

</node>
<node id="5646152824" lat="52.2330962" lon="19.356785" version="1" timestamp="2018-05-27T18:02:00Z"  changeset="59318942" uid="707169" user="damndog">

</node>
<node id="11298197989" lat="52.2327723" lon="19.3563297" version="1" timestamp="2023-10-29T16:44:17Z"  changeset="143321069" uid="1893128" user="costamagica">

</node>
<node id="11298197990" lat="52.232793" lon="19.3561958" version="1" timestamp="2023-10-29T16:44:17Z"  changeset="143321069" uid="1893128" user="costamagica">

</node>
<node id="11298197991" lat="52.232764" lon="19.3563247" version="1" timestamp="2023-10-29T16:44:17Z"  changeset="143321069" uid="1893128" user="costamagica">

</node>
<node id="11298197995" lat="52.2327998" lon="19.3561993" version="1" timestamp="2023-10-29T16:44:17Z"  changeset="143321069" uid="1893128" user="costamagica">

</node>
<node id="11298197997" lat="52.2328231" lon="19.3560939" version="1" timestamp="2023-10-29T16:44:17Z"  changeset="143321069" uid="1893128" user="costamagica">

</node>
<node id="11298197999" lat="52.2328455" lon="19.355957" version="1" timestamp="2023-10-29T16:44:17Z"  changeset="143321069" uid="1893128" user="costamagica">

</node>
<node id="11298198000" lat="52.2328165" lon="19.3560903" version="1" timestamp="2023-10-29T16:44:17Z"  changeset="143321069" uid="1893128" user="costamagica">

</node>
<node id="11298218850" lat="52.2332094" lon="19.3565976" version="1" timestamp="2023-10-29T16:58:02Z"  changeset="143321620" uid="1893128" user="costamagica">

</node>
<node id="11298218851" lat="52.2332073" lon="19.3566437" version="1" timestamp="2023-10-29T16:58:02Z"  changeset="143321620" uid="1893128" user="costamagica">

</node>
<node id="11298232209" lat="52.2328578" lon="19.3559018" version="1" timestamp="2023-10-29T17:07:32Z"  changeset="143322111" uid="1893128" user="costamagica">

</node>
<node id="11298232210" lat="52.2330451" lon="19.3560115" version="1" timestamp="2023-10-29T17:07:32Z"  changeset="143322111" uid="1893128" user="costamagica">

</node>
<node id="11298232211" lat="52.2330549" lon="19.3559656" version="1" timestamp="2023-10-29T17:07:32Z"  changeset="143322111" uid="1893128" user="costamagica">

</node>
<node id="11298232212" lat="52.2331969" lon="19.3560507" version="1" timestamp="2023-10-29T17:07:32Z"  changeset="143322111" uid="1893128" user="costamagica">

</node>
<node id="11298232213" lat="52.2331711" lon="19.3560365" version="1" timestamp="2023-10-29T17:07:32Z"  changeset="143322111" uid="1893128" user="costamagica">

</node>
<node id="11298232214" lat="52.2331555" lon="19.3562139" version="1" timestamp="2023-10-29T17:07:32Z"  changeset="143322111" uid="1893128" user="costamagica">

</node>
<node id="11298232215" lat="52.2332237" lon="19.3562532" version="1" timestamp="2023-10-29T17:07:32Z"  changeset="143322111" uid="1893128" user="costamagica">

</node>
<node id="11298232216" lat="52.2332775" lon="19.3562826" version="1" timestamp="2023-10-29T17:07:32Z"  changeset="143322111" uid="1893128" user="costamagica">

</node>
<node id="11298232217" lat="52.2327414" lon="19.3564315" version="1" timestamp="2023-10-29T17:07:32Z"  changeset="143322111" uid="1893128" user="costamagica">

</node>
<node id="11298232218" lat="52.2327493" lon="19.356435" version="1" timestamp="2023-10-29T17:07:32Z"  changeset="143322111" uid="1893128" user="costamagica">

</node>
<way id="170977540" version="5" timestamp="2021-11-05T10:12:57Z" action="modify" changeset="113401583" uid="5060085" user="Piotr Strębski">
	<tag k="addr:city" v="Łuków"/>
	<tag k="addr:city:simc" v="0975530"/>
	<tag k="addr:housenumber" v="19"/>
	<tag k="addr:postcode" v="21-400"/>
	<tag k="addr:street" v="Józefa Piłsudskiego"/>
	<tag k="addr:street:sym_ul" v="16264"/>
	<tag k="building" v="public"/>
	<tag k="charge" v="yes"/>
	<tag k="contact:email" v="biuro@muzeum.lukow.pl"/>
	<tag k="fee" v="4zł"/>
	<tag k="historic" v="building"/>
	<tag k="name" v="Muzeum Regionalne w Łukowie"/>
	<tag k="opening_hours" v="Mo-Fr 08:00-16:00; Su 11:00-15:00"/>
	<tag k="phone" v="+4825 798 27 16"/>
	<tag k="source:addr" v="emuia.gugik.gov.pl"/>
	<tag k="tourism" v="museum"/>
	<tag k="website" v="http://muzeum.lukow.pl"/>
	<tag k="operator" v="Powiat Łukowski"/>
	<tag k="operator:type" v="government"/>
	<tag k="source:tourism" v="Wykaz Muzeów, wypis na dzień 2026-04-09"/>
	<nd ref="4368734298"/>
	<nd ref="4368734175"/>
	<nd ref="4368734171"/>
	<nd ref="4368734148"/>
	<nd ref="4368734150"/>
	<nd ref="4368734200"/>
	<nd ref="4368734219"/>
	<nd ref="4368734165"/>
	<nd ref="4368734170"/>
	<nd ref="4368734242"/>
	<nd ref="4368734241"/>
	<nd ref="4368734324"/>
	<nd ref="4368734298"/>
</way>
<node id="4368734148" lat="51.9303558" lon="22.3780438" version="1" timestamp="2016-08-26T23:07:00Z"  changeset="41725322" uid="175746" user="RafalR">

</node>
<node id="4368734150" lat="51.9303615" lon="22.3780774" version="1" timestamp="2016-08-26T23:07:00Z"  changeset="41725322" uid="175746" user="RafalR">

</node>
<node id="4368734165" lat="51.9303885" lon="22.3782647" version="1" timestamp="2016-08-26T23:07:01Z"  changeset="41725322" uid="175746" user="RafalR">

</node>
<node id="4368734170" lat="51.9303937" lon="22.3783018" version="1" timestamp="2016-08-26T23:07:01Z"  changeset="41725322" uid="175746" user="RafalR">

</node>
<node id="4368734171" lat="51.9303965" lon="22.3780253" version="1" timestamp="2016-08-26T23:07:01Z"  changeset="41725322" uid="175746" user="RafalR">

</node>
<node id="4368734175" lat="51.9304023" lon="22.3780589" version="1" timestamp="2016-08-26T23:07:01Z"  changeset="41725322" uid="175746" user="RafalR">

</node>
<node id="4368734200" lat="51.9302495" lon="22.3781282" version="1" timestamp="2016-08-26T23:06:59Z"  changeset="41725322" uid="175746" user="RafalR">

</node>
<node id="4368734219" lat="51.9302812" lon="22.3783116" version="1" timestamp="2016-08-26T23:07:00Z"  changeset="41725322" uid="175746" user="RafalR">

</node>
<node id="4368734241" lat="51.9304384" lon="22.3782417" version="1" timestamp="2016-08-26T23:07:01Z"  changeset="41725322" uid="175746" user="RafalR">

</node>
<node id="4368734242" lat="51.930445" lon="22.3782788" version="1" timestamp="2016-08-26T23:07:01Z"  changeset="41725322" uid="175746" user="RafalR">

</node>
<node id="4368734298" lat="51.9305142" lon="22.3780085" version="1" timestamp="2016-08-26T23:07:03Z"  changeset="41725322" uid="175746" user="RafalR">

</node>
<node id="4368734324" lat="51.9305474" lon="22.3781912" version="1" timestamp="2016-08-26T23:07:03Z"  changeset="41725322" uid="175746" user="RafalR">

</node>
<node id="6942356040" lat="51.375335" lon="20.2893514" version="1" timestamp="2019-11-03T05:29:12Z" action="modify" changeset="76543213" uid="3646457" user="H_A_B_U">
	<tag k="addr:city" v="Opoczno"/>
	<tag k="addr:housenumber" v="1"/>
	<tag k="addr:postcode" v="26-300"/>
	<tag k="addr:street" v="Plac Zamkowy"/>
	<tag k="name" v="Muzeum Regionalne w Opocznie"/>
	<tag k="tourism" v="museum"/>
	<tag k="website" v="http://www.muzeumopoczno.pl/"/>
	<tag k="wikidata" v="Q16580139"/>
	<tag k="wikipedia" v="pl:Muzeum Regionalne w Opocznie"/>
	<tag k="operator" v="Gmina Opoczno"/>
	<tag k="operator:type" v="government"/>
	<tag k="source:tourism" v="Wykaz Muzeów, wypis na dzień 2026-04-09"/>
</node>
<way id="278041365" version="11" timestamp="2017-05-13T18:37:22Z" action="modify" changeset="48656272" uid="69607" user="rmikke">
	<tag k="addr:city" v="Pleszew"/>
	<tag k="addr:housenumber" v="34"/>
	<tag k="addr:postcode" v="63-300"/>
	<tag k="addr:street" v="Poznańska"/>
	<tag k="building" v="yes"/>
	<tag k="contact:facebook" v="https://www.facebook.com/muzeum.pleszew"/>
	<tag k="email" v="muzeum@pleszew.pl"/>
	<tag k="name" v="Muzeum Regionalne w Pleszewie"/>
	<tag k="opening_hours" v="Tu,We 09:00-17:00; Th,Fr 08:00-16:00; Sa 09:00-13:00"/>
	<tag k="phone" v="+48627428359"/>
	<tag k="tourism" v="museum"/>
	<tag k="website" v="http://muzeum.holdicom.pl/"/>
	<tag k="wikidata" v="Q18432493"/>
	<tag k="wikipedia" v="pl:Muzeum Regionalne w Pleszewie"/>
	<tag k="operator" v="Miasto i Gmina Pleszew"/>
	<tag k="operator:type" v="government"/>
	<tag k="source:tourism" v="Wykaz Muzeów, wypis na dzień 2026-04-09"/>
	<nd ref="3356772928"/>
	<nd ref="3356772898"/>
	<nd ref="3356772895"/>
	<nd ref="3356772899"/>
	<nd ref="3356772900"/>
	<nd ref="3356772906"/>
	<nd ref="3356772907"/>
	<nd ref="3356772914"/>
	<nd ref="3356772928"/>
</way>
<node id="3356772895" lat="51.8967432" lon="17.7815559" version="1" timestamp="2015-02-17T20:44:23Z"  changeset="28918832" uid="1911765" user="lks1[konto usunięte]">

</node>
<node id="3356772898" lat="51.8967742" lon="17.7812136" version="1" timestamp="2015-02-17T20:44:23Z"  changeset="28918832" uid="1911765" user="lks1[konto usunięte]">

</node>
<node id="3356772899" lat="51.8967899" lon="17.781567" version="1" timestamp="2015-02-17T20:44:23Z"  changeset="28918832" uid="1911765" user="lks1[konto usunięte]">

</node>
<node id="3356772900" lat="51.8967907" lon="17.7815578" version="1" timestamp="2015-02-17T20:44:23Z"  changeset="28918832" uid="1911765" user="lks1[konto usunięte]">

</node>
<node id="3356772906" lat="51.8968217" lon="17.7815652" version="1" timestamp="2015-02-17T20:44:23Z"  changeset="28918832" uid="1911765" user="lks1[konto usunięte]">

</node>
<node id="3356772907" lat="51.8968245" lon="17.7815333" version="1" timestamp="2015-02-17T20:44:23Z"  changeset="28918832" uid="1911765" user="lks1[konto usunięte]">

</node>
<node id="3356772914" lat="51.8968611" lon="17.781542" version="1" timestamp="2015-02-17T20:44:24Z"  changeset="28918832" uid="1911765" user="lks1[konto usunięte]">

</node>
<node id="3356772928" lat="51.8968883" lon="17.7812407" version="1" timestamp="2015-02-17T20:44:24Z"  changeset="28918832" uid="1911765" user="lks1[konto usunięte]">

</node>
<node id="6985095773" lat="52.7056001" lon="21.091481" version="2" timestamp="2023-11-08T21:15:53Z" action="modify" changeset="143798265" uid="9451067" user="b-jazz-bot">
	<tag k="addr:city" v="Pułtusk"/>
	<tag k="addr:housenumber" v="43"/>
	<tag k="addr:postcode" v="06-100"/>
	<tag k="addr:street" v="Rynek"/>
	<tag k="name" v="Muzeum Regionalne w Pułtusku"/>
	<tag k="opening_hours" v="Mo off; Tu-Su 10:00-16:30"/>
	<tag k="phone" v="+48 23 692 51 32"/>
	<tag k="tourism" v="museum"/>
	<tag k="website" v="https://muzeum.pultusk.pl/"/>
	<tag k="operator" v="Gmina Pułtusk"/>
	<tag k="operator:type" v="government"/>
	<tag k="source:tourism" v="Wykaz Muzeów, wypis na dzień 2026-04-09"/>
</node>
<node id="9799411184" lat="49.9759798" lon="19.822485" version="4" timestamp="2025-11-13T09:12:18Z" action="modify" changeset="174594451" uid="1682993" user="szedar">
	<tag k="addr:city" v="Skawina"/>
	<tag k="addr:housenumber" v="26"/>
	<tag k="addr:postcode" v="32-050"/>
	<tag k="addr:street" v="Adama Mickiewicza"/>
	<tag k="email" v="muzeum@muzeum-skawina.pl"/>
	<tag k="name" v="Muzeum Regionalne w Skawinie"/>
	<tag k="opening_hours" v="Mo-Fr 09:00-16:00"/>
	<tag k="phone" v="+48 12 256 05 72; +48 535 605 700"/>
	<tag k="tourism" v="museum"/>
	<tag k="website" v="https://muzeum-skawina.pl"/>
	<tag k="wikidata" v="Q15919531"/>
	<tag k="wikipedia" v="pl:Muzeum Regionalne w Skawinie"/>
	<tag k="operator" v="Miasto i Gmina Skawina"/>
	<tag k="operator:type" v="government"/>
	<tag k="source:tourism" v="Wykaz Muzeów, wypis na dzień 2026-04-09"/>
</node>
<way id="500390095" version="3" timestamp="2024-09-08T20:01:04Z" action="modify" changeset="156367540" uid="11239973" user="uprkos">
	<tag k="email" v="muzeum@muzeum.stalowawola.pl"/>
	<tag k="fax" v="+48 15 844 85 57"/>
	<tag k="image" v="http://www.muzeum.stalowawola.pl/media/k2/items/cache/78a38d90a5f5af5857b8e93fa4dd5a84_XL.jpg"/>
	<tag k="name" v="Muzeum Regionalne w Stalowej Woli"/>
	<tag k="official_name" v="Muzeum Regionalne w Stalowej Woli"/>
	<tag k="opening_hours" v="Mo 08:00-15:00, Tu-Th 08:00-18:00; Fr 08:00-15:00; Su 14:00-18:00"/>
	<tag k="operator" v="Gmina Stalowa Wola"/>
	<tag k="phone" v="+48 15 844 85 56"/>
	<tag k="start_date" v="1999"/>
	<tag k="tourism" v="museum"/>
	<tag k="website" v="http://www.muzeum.stalowawola.pl/"/>
	<tag k="wikidata" v="Q11787182"/>
	<tag k="wikipedia" v="pl:Muzeum Regionalne w Stalowej Woli"/>
	<tag k="addr:postcode" v="37-464"/>
	<tag k="addr:city" v="Stalowa Wola"/>
	<tag k="addr:street" v="Sandomierska"/>
	<tag k="addr:housenumber" v="1"/>
	<tag k="operator:type" v="government"/>
	<tag k="source:tourism" v="Wykaz Muzeów, wypis na dzień 2026-04-09"/>
	<nd ref="4914558076"/>
	<nd ref="4914558075"/>
	<nd ref="4914558074"/>
	<nd ref="4914558073"/>
	<nd ref="12164344997"/>
	<nd ref="4914558072"/>
	<nd ref="4914558076"/>
</way>
<node id="4914558072" lat="50.5943287" lon="22.0420266" version="1" timestamp="2017-06-14T09:57:17Z"  changeset="49524614" uid="1980824" user="wmyrda">

</node>
<node id="4914558073" lat="50.593428" lon="22.040551" version="1" timestamp="2017-06-14T09:57:17Z"  changeset="49524614" uid="1980824" user="wmyrda">

</node>
<node id="4914558074" lat="50.5931007" lon="22.0410479" version="1" timestamp="2017-06-14T09:57:17Z"  changeset="49524614" uid="1980824" user="wmyrda">

</node>
<node id="4914558075" lat="50.5934611" lon="22.0416976" version="1" timestamp="2017-06-14T09:57:17Z"  changeset="49524614" uid="1980824" user="wmyrda">

</node>
<node id="4914558076" lat="50.5940265" lon="22.0425663" version="1" timestamp="2017-06-14T09:57:17Z"  changeset="49524614" uid="1980824" user="wmyrda">

</node>
<node id="12164344997" lat="50.5937995" lon="22.0411596" version="1" timestamp="2024-09-08T20:01:04Z"  changeset="156367540" uid="11239973" user="uprkos">

</node>
<way id="315626202" version="6" timestamp="2026-03-21T13:05:50Z" action="modify" changeset="180207400" uid="11239973" user="uprkos">
	<tag k="addr:city" v="Zwoleń"/>
	<tag k="addr:city:simc" v="0974096"/>
	<tag k="addr:housenumber" v="30"/>
	<tag k="addr:postcode" v="26-700"/>
	<tag k="addr:street" v="Kardynała Stefana Wyszyńskiego"/>
	<tag k="alt_name" v="Muzeum Regionalne w Zwoleniu"/>
	<tag k="building" v="presbytery"/>
	<tag k="building:colour" v="#FFFFF0"/>
	<tag k="building:levels" v="1"/>
	<tag k="building:material" v="plaster"/>
	<tag k="check_date" v="2026-03-21"/>
	<tag k="museum" v="local"/>
	<tag k="name" v="Muzeum Regionalne w Zwoleniu"/>
	<tag k="official_name" v="Centrum Regionalne przy Nekropolii Jana Kochanowskiego w Zwoleniu"/>
	<tag k="roof:levels" v="1"/>
	<tag k="roof:material" v="copper"/>
	<tag k="roof:shape" v="gabled"/>
	<tag k="source:addr" v="gugik.gov.pl"/>
	<tag k="tourism" v="museum"/>
	<tag k="website" v="https://muzeum.zwolen.pl/"/>
	<tag k="wikidata" v="Q20032310"/>
	<tag k="wikipedia" v="pl:Centrum Regionalne w Zwoleniu"/>
	<tag k="operator" v="Gmina Zwoleń"/>
	<tag k="operator:type" v="government"/>
	<tag k="source:tourism" v="Wykaz Muzeów, wypis na dzień 2026-04-09"/>
	<nd ref="3217570873"/>
	<nd ref="3217568721"/>
	<nd ref="3217569705"/>
	<nd ref="9922289651"/>
	<nd ref="9922289639"/>
	<nd ref="9922289642"/>
	<nd ref="9922653878"/>
	<nd ref="9922289641"/>
	<nd ref="9922289640"/>
	<nd ref="3217569704"/>
	<nd ref="3217570571"/>
	<nd ref="3217570672"/>
	<nd ref="3217570989"/>
	<nd ref="9922289643"/>
	<nd ref="9922289646"/>
	<nd ref="9922653879"/>
	<nd ref="9922289645"/>
	<nd ref="9922289644"/>
	<nd ref="3217570988"/>
	<nd ref="3217569703"/>
	<nd ref="9922289650"/>
	<nd ref="9922289649"/>
	<nd ref="3217568719"/>
	<nd ref="3217568716"/>
	<nd ref="8567599614"/>
	<nd ref="9922289647"/>
	<nd ref="9922289648"/>
	<nd ref="9922605910"/>
	<nd ref="9922289652"/>
	<nd ref="3217570873"/>
</way>
<node id="3217568716" lat="51.3580496" lon="21.586093" version="2" timestamp="2022-07-31T12:12:58Z"  changeset="124300965" uid="13889611" user="cytryn">

</node>
<node id="3217568719" lat="51.35806" lon="21.5861027" version="2" timestamp="2022-07-31T12:12:58Z"  changeset="124300965" uid="13889611" user="cytryn">

</node>
<node id="3217568721" lat="51.3582024" lon="21.5859368" version="2" timestamp="2022-07-31T12:12:58Z"  changeset="124300965" uid="13889611" user="cytryn">

</node>
<node id="3217569703" lat="51.357996" lon="21.5862781" version="2" timestamp="2022-07-31T12:12:58Z"  changeset="124300965" uid="13889611" user="cytryn">

</node>
<node id="3217569704" lat="51.3581771" lon="21.5860702" version="2" timestamp="2022-07-31T12:12:58Z"  changeset="124300965" uid="13889611" user="cytryn">

</node>
<node id="3217569705" lat="51.3582093" lon="21.5859807" version="2" timestamp="2022-07-31T12:12:58Z"  changeset="124300965" uid="13889611" user="cytryn">

</node>
<node id="3217570571" lat="51.3582038" lon="21.5860952" version="2" timestamp="2022-07-31T12:12:58Z"  changeset="124300965" uid="13889611" user="cytryn">

</node>
<node id="3217570672" lat="51.3581637" lon="21.5862052" version="2" timestamp="2022-07-31T12:12:58Z"  changeset="124300965" uid="13889611" user="cytryn">

</node>
<node id="3217570873" lat="51.358141" lon="21.5858794" version="2" timestamp="2022-07-31T12:12:58Z"  changeset="124300965" uid="13889611" user="cytryn">

</node>
<node id="3217570988" lat="51.3580746" lon="21.5863517" version="2" timestamp="2022-07-31T12:12:58Z"  changeset="124300965" uid="13889611" user="cytryn">

</node>
<node id="3217570989" lat="51.3581371" lon="21.5861803" version="2" timestamp="2022-07-31T12:12:58Z"  changeset="124300965" uid="13889611" user="cytryn">

</node>
<node id="8567599614" lat="51.3580677" lon="21.5860433" version="3" timestamp="2022-07-31T12:12:58Z"  changeset="124300965" uid="13889611" user="cytryn">
	<tag k="door" v="hinged"/>
	<tag k="entrance" v="main"/>
</node>
<node id="9922289639" lat="51.3581942" lon="21.5860223" version="1" timestamp="2022-07-31T12:12:58Z"  changeset="124300965" uid="13889611" user="cytryn">

</node>
<node id="9922289640" lat="51.3581809" lon="21.5860598" version="1" timestamp="2022-07-31T12:12:58Z"  changeset="124300965" uid="13889611" user="cytryn">

</node>
<node id="9922289641" lat="51.3581939" lon="21.586072" version="1" timestamp="2022-07-31T12:12:58Z"  changeset="124300965" uid="13889611" user="cytryn">

</node>
<node id="9922289642" lat="51.3582075" lon="21.5860348" version="1" timestamp="2022-07-31T12:12:58Z"  changeset="124300965" uid="13889611" user="cytryn">

</node>
<node id="9922289643" lat="51.3581087" lon="21.5862581" version="1" timestamp="2022-07-31T12:12:58Z"  changeset="124300965" uid="13889611" user="cytryn">

</node>
<node id="9922289644" lat="51.3580953" lon="21.5862951" version="1" timestamp="2022-07-31T12:12:58Z"  changeset="124300965" uid="13889611" user="cytryn">

</node>
<node id="9922289645" lat="51.3581174" lon="21.5863158" version="1" timestamp="2022-07-31T12:12:58Z"  changeset="124300965" uid="13889611" user="cytryn">

</node>
<node id="9922289646" lat="51.3581309" lon="21.5862789" version="1" timestamp="2022-07-31T12:12:58Z"  changeset="124300965" uid="13889611" user="cytryn">

</node>
<node id="9922289647" lat="51.3580858" lon="21.5859937" version="1" timestamp="2022-07-31T12:12:58Z"  changeset="124300965" uid="13889611" user="cytryn">

</node>
<node id="9922289648" lat="51.3580959" lon="21.5860031" version="1" timestamp="2022-07-31T12:12:58Z"  changeset="124300965" uid="13889611" user="cytryn">

</node>
<node id="9922289649" lat="51.3580542" lon="21.5861184" version="2" timestamp="2022-07-31T15:09:46Z"  changeset="124307292" uid="13889611" user="cytryn">

</node>
<node id="9922289650" lat="51.3580348" lon="21.5861717" version="1" timestamp="2022-07-31T12:12:58Z"  changeset="124300965" uid="13889611" user="cytryn">

</node>
<node id="9922289651" lat="51.3582001" lon="21.586006" version="1" timestamp="2022-07-31T12:12:58Z"  changeset="124300965" uid="13889611" user="cytryn">

</node>
<node id="9922289652" lat="51.3581081" lon="21.5859695" version="1" timestamp="2022-07-31T12:12:58Z"  changeset="124300965" uid="13889611" user="cytryn">

</node>
<node id="9922605910" lat="51.3581015" lon="21.5859877" version="1" timestamp="2022-07-31T15:09:46Z"  changeset="124307292" uid="13889611" user="cytryn">

</node>
<node id="9922653878" lat="51.3582007" lon="21.5860534" version="1" timestamp="2022-07-31T15:09:46Z"  changeset="124307292" uid="13889611" user="cytryn">
	<tag k="entrance" v="yes"/>
</node>
<node id="9922653879" lat="51.3581241" lon="21.5862974" version="1" timestamp="2022-07-31T15:09:46Z"  changeset="124307292" uid="13889611" user="cytryn">
	<tag k="entrance" v="yes"/>
</node>
<node id="1875329539" lat="49.704034" lon="20.4191774" version="4" timestamp="2019-04-25T14:23:43Z" action="modify" changeset="69567314" uid="2547593" user="marcinos2079">
	<tag k="addr:city" v="Limanowa"/>
	<tag k="addr:housenumber" v="13"/>
	<tag k="addr:postcode" v="34-600"/>
	<tag k="addr:street" v="Józefa Marka"/>
	<tag k="name" v="Muzeum Regionalne Ziemi Limanowskiej"/>
	<tag k="opening_hours" v="May-Sep Tu-Su 09:00-17:00; Oct-Apr Tu-Sa 08:00-16:00"/>
	<tag k="tourism" v="museum"/>
	<tag k="operator" v="Gmina Miasto Limanowa"/>
	<tag k="operator:type" v="government"/>
	<tag k="source:tourism" v="Wykaz Muzeów, wypis na dzień 2026-04-09"/>
</node>
<way id="1378897862" version="1" timestamp="2025-04-19T13:20:21Z" action="modify" changeset="165153653" uid="11437083" user="czebureks">
	<tag k="email" v="muzeum@sopot.pl"/>
	<tag k="fee" v="yes"/>
	<tag k="landuse" v="commercial"/>
	<tag k="name" v="Muzeum Sopotu"/>
	<tag k="phone" v="+48 58 551 22 66"/>
	<tag k="tourism" v="museum"/>
	<tag k="website" v="https://www.muzeumsopotu.pl/"/>
	<tag k="addr:postcode" v="81-724"/>
	<tag k="addr:city" v="Sopot"/>
	<tag k="addr:street" v="Poniatowskiego"/>
	<tag k="addr:housenumber" v="8"/>
	<tag k="operator" v="Gmina Miasta Sopotu"/>
	<tag k="operator:type" v="government"/>
	<tag k="source:tourism" v="Wykaz Muzeów, wypis na dzień 2026-04-09"/>
	<nd ref="12768479089"/>
	<nd ref="9829389222"/>
	<nd ref="12768479057"/>
	<nd ref="12768479058"/>
	<nd ref="1380049778"/>
	<nd ref="1380049776"/>
	<nd ref="12768479087"/>
	<nd ref="12768479088"/>
	<nd ref="12768479108"/>
	<nd ref="12768479089"/>
</way>
<node id="1380049776" lat="54.439826" lon="18.575543" version="4" timestamp="2025-04-19T13:20:21Z"  changeset="165153653" uid="11437083" user="czebureks">

</node>
<node id="1380049778" lat="54.439946" lon="18.57545" version="4" timestamp="2025-04-19T13:20:21Z"  changeset="165153653" uid="11437083" user="czebureks">

</node>
<node id="9829389222" lat="54.4402738" lon="18.5763276" version="1" timestamp="2022-06-18T22:54:48Z"  changeset="122563084" uid="11437083" user="czebureks">

</node>
<node id="12768479057" lat="54.4402796" lon="18.5762854" version="1" timestamp="2025-04-19T13:20:21Z"  changeset="165153653" uid="11437083" user="czebureks">

</node>
<node id="12768479058" lat="54.4400429" lon="18.5753721" version="1" timestamp="2025-04-19T13:20:21Z"  changeset="165153653" uid="11437083" user="czebureks">

</node>
<node id="12768479087" lat="54.4397709" lon="18.5755868" version="1" timestamp="2025-04-19T13:20:21Z"  changeset="165153653" uid="11437083" user="czebureks">

</node>
<node id="12768479088" lat="54.4397775" lon="18.5756119" version="1" timestamp="2025-04-19T13:20:21Z"  changeset="165153653" uid="11437083" user="czebureks">

</node>
<node id="12768479089" lat="54.4398837" lon="18.5767709" version="1" timestamp="2025-04-19T13:20:21Z"  changeset="165153653" uid="11437083" user="czebureks">

</node>
<node id="12768479108" lat="54.4395964" lon="18.5758092" version="1" timestamp="2025-04-19T13:20:21Z"  changeset="165153653" uid="11437083" user="czebureks">

</node>
<node id="11802832319" lat="50.8961403" lon="16.744511" version="2" timestamp="2025-11-12T08:51:48Z" action="modify" changeset="174547272" uid="1682993" user="szedar">
	<tag k="addr:city" v="Sobótka"/>
	<tag k="addr:housenumber" v="18"/>
	<tag k="addr:postcode" v="55-050"/>
	<tag k="addr:street" v="Świętego Jakuba"/>
	<tag k="email" v="muzeum@sobotka.pl"/>
	<tag k="name" v="Muzeum Ślężańskie im. Stanisława Dunajewskiego w Sobótce"/>
	<tag k="phone" v="+48 71 316 26 22"/>
	<tag k="tourism" v="museum"/>
	<tag k="website" v="https://muzeum.sobotka.pl/"/>
	<tag k="operator" v="Gmina Sobótka"/>
	<tag k="operator:type" v="government"/>
	<tag k="source:tourism" v="Wykaz Muzeów, wypis na dzień 2026-04-09"/>
</node>
<node id="3326678038" lat="50.7840501" lon="16.0332326" version="7" timestamp="2024-05-04T09:46:04Z" action="modify" changeset="150871299" uid="2313574" user="szydzio">
	<tag k="image" v="https://commons.wikimedia.org/wiki/File:Kamienna_G%C3%B3ra_-_Muzeum_Tkactwa.jpg"/>
	<tag k="museum" v="history"/>
	<tag k="museum_type" v="municipal"/>
	<tag k="name" v="Muzeum Tkactwa w Kamiennej Górze"/>
	<tag k="opening_hours" v="Mo-Fr 08:30-15:30; Sa 09:40-15:00"/>
	<tag k="source" v="survey"/>
	<tag k="tourism" v="museum"/>
	<tag k="website" v="https://www.muzeumtkactwa.pl/"/>
	<tag k="wheelchair" v="no"/>
	<tag k="wikidata" v="Q16580194"/>
	<tag k="wikipedia" v="pl:Muzeum Tkactwa w Kamiennej Górze"/>
	<tag k="addr:postcode" v="58-400"/>
	<tag k="addr:city" v="Kamienna Góra"/>
	<tag k="addr:street" v="Wolności"/>
	<tag k="addr:housenumber" v="11"/>
	<tag k="operator" v="Gmina Miejska Kamienna Góra"/>
	<tag k="operator:type" v="government"/>
	<tag k="source:tourism" v="Wykaz Muzeów, wypis na dzień 2026-04-09"/>
</node>
<way id="175716830" version="6" timestamp="2026-04-09T13:22:11Z" action="modify" changeset="181097965" uid="2972499" user="Николай Кейдо">
	<tag k="addr:city" v="Łódź"/>
	<tag k="addr:housenumber" v="13"/>
	<tag k="addr:postcode" v="90-706"/>
	<tag k="addr:street" v="Gdańska"/>
	<tag k="building" v="yes"/>
	<tag k="building:levels" v="3"/>
	<tag k="fee" v="yes"/>
	<tag k="heritage" v="2"/>
	<tag k="heritage:operator" v="nid"/>
	<tag k="historic" v="prison"/>
	<tag k="museum" v="history"/>
	<tag k="name" v="Muzeum Tradycji Niepodległościowych w Łodzi"/>
	<tag k="old_name" v="Więzienie Carskie"/>
	<tag k="ref:nid" v="A/20"/>
	<tag k="tourism" v="museum"/>
	<tag k="wikidata" v="Q11787231"/>
	<tag k="operator" v="Miasto Łódź"/>
	<tag k="operator:type" v="government"/>
	<tag k="source:tourism" v="Wykaz Muzeów, wypis na dzień 2026-04-09"/>
	<nd ref="1862783642"/>
	<nd ref="1514078957"/>
	<nd ref="1864123463"/>
	<nd ref="1862783630"/>
	<nd ref="1864123459"/>
	<nd ref="1862783631"/>
	<nd ref="1862783637"/>
	<nd ref="1862783638"/>
	<nd ref="1862783640"/>
	<nd ref="1862783639"/>
	<nd ref="1862783632"/>
	<nd ref="1515449774"/>
	<nd ref="1862783633"/>
	<nd ref="1862783634"/>
	<nd ref="1862783635"/>
	<nd ref="1862783636"/>
	<nd ref="4163554897"/>
	<nd ref="1862783641"/>
	<nd ref="1862783647"/>
	<nd ref="1862783644"/>
	<nd ref="1862783643"/>
	<nd ref="13718606121"/>
	<nd ref="1862783649"/>
	<nd ref="1862783648"/>
	<nd ref="1514079023"/>
	<nd ref="1862783642"/>
</way>
<node id="1514078957" lat="51.7756914" lon="19.4472157" version="3" timestamp="2012-08-13T11:08:44Z"  changeset="12712405" uid="607553" user="Duke83">

</node>
<node id="1514079023" lat="51.7759297" lon="19.4471624" version="4" timestamp="2023-11-15T13:31:32Z"  changeset="144052128" uid="3016300" user="Aleksander Hugo">

</node>
<node id="1515449774" lat="51.7755326" lon="19.4476598" version="2" timestamp="2012-08-12T11:00:46Z"  changeset="12700172" uid="607553" user="Duke83">

</node>
<node id="1862783630" lat="51.7754343" lon="19.4472745" version="1" timestamp="2012-08-12T11:00:43Z"  changeset="12700172" uid="607553" user="Duke83">

</node>
<node id="1862783631" lat="51.7754633" lon="19.4473835" version="1" timestamp="2012-08-12T11:00:43Z"  changeset="12700172" uid="607553" user="Duke83">

</node>
<node id="1862783632" lat="51.7754996" lon="19.4475293" version="1" timestamp="2012-08-12T11:00:43Z"  changeset="12700172" uid="607553" user="Duke83">

</node>
<node id="1862783633" lat="51.7755345" lon="19.4476643" version="1" timestamp="2012-08-12T11:00:43Z"  changeset="12700172" uid="607553" user="Duke83">

</node>
<node id="1862783634" lat="51.7755381" lon="19.4476648" version="1" timestamp="2012-08-12T11:00:43Z"  changeset="12700172" uid="607553" user="Duke83">

</node>
<node id="1862783635" lat="51.7755403" lon="19.4476623" version="1" timestamp="2012-08-12T11:00:43Z"  changeset="12700172" uid="607553" user="Duke83">

</node>
<node id="1862783636" lat="51.7755424" lon="19.4476572" version="1" timestamp="2012-08-12T11:00:43Z"  changeset="12700172" uid="607553" user="Duke83">

</node>
<node id="1862783637" lat="51.7756567" lon="19.447338" version="1" timestamp="2012-08-12T11:00:43Z"  changeset="12700172" uid="607553" user="Duke83">

</node>
<node id="1862783638" lat="51.77567" lon="19.4473487" version="1" timestamp="2012-08-12T11:00:43Z"  changeset="12700172" uid="607553" user="Duke83">

</node>
<node id="1862783639" lat="51.7756716" lon="19.4474918" version="1" timestamp="2012-08-12T11:00:43Z"  changeset="12700172" uid="607553" user="Duke83">

</node>
<node id="1862783640" lat="51.7756794" lon="19.4474766" version="1" timestamp="2012-08-12T11:00:43Z"  changeset="12700172" uid="607553" user="Duke83">

</node>
<node id="1862783641" lat="51.7757158" lon="19.4476233" version="1" timestamp="2012-08-12T11:00:43Z"  changeset="12700172" uid="607553" user="Duke83">

</node>
<node id="1862783642" lat="51.7757758" lon="19.4471959" version="2" timestamp="2023-11-15T13:31:32Z"  changeset="144052128" uid="3016300" user="Aleksander Hugo">

</node>
<node id="1862783643" lat="51.7757831" lon="19.4472832" version="2" timestamp="2023-11-15T13:31:32Z"  changeset="144052128" uid="3016300" user="Aleksander Hugo">

</node>
<node id="1862783644" lat="51.7757836" lon="19.4473047" version="1" timestamp="2012-08-12T11:00:43Z"  changeset="12700172" uid="607553" user="Duke83">

</node>
<node id="1862783647" lat="51.7758048" lon="19.4476014" version="1" timestamp="2012-08-12T11:00:43Z"  changeset="12700172" uid="607553" user="Duke83">

</node>
<node id="1862783648" lat="51.7759562" lon="19.4471566" version="2" timestamp="2023-11-15T13:31:32Z"  changeset="144052128" uid="3016300" user="Aleksander Hugo">

</node>
<node id="1862783649" lat="51.7759635" lon="19.4472438" version="2" timestamp="2023-11-15T13:31:32Z"  changeset="144052128" uid="3016300" user="Aleksander Hugo">

</node>
<node id="1864123459" lat="51.7754613" lon="19.4473762" version="1" timestamp="2012-08-13T11:08:41Z"  changeset="12712405" uid="607553" user="Duke83">

</node>
<node id="1864123463" lat="51.7754923" lon="19.4472613" version="1" timestamp="2012-08-13T11:08:41Z"  changeset="12712405" uid="607553" user="Duke83">

</node>
<node id="4163554897" lat="51.7755602" lon="19.4476537" version="1" timestamp="2016-05-03T16:19:50Z"  changeset="39070334" uid="537860" user="awulkiew">
	<tag k="barrier" v="gate"/>
</node>
<node id="13718606121" lat="51.7757919" lon="19.4472813" version="1" timestamp="2026-04-09T13:22:11Z"  changeset="181097965" uid="2972499" user="Николай Кейдо">
	<tag k="entrance" v="main"/>
</node>
<node id="2063574578" lat="53.256063" lon="19.400951" version="5" timestamp="2025-06-04T00:07:49Z" action="modify" changeset="167156036" uid="11437083" user="czebureks">
	<tag k="addr:city" v="Brodnica"/>
	<tag k="addr:housenumber" v="1"/>
	<tag k="addr:postcode" v="87-300"/>
	<tag k="addr:street" v="Świętego Jakuba"/>
	<tag k="museum" v="history"/>
	<tag k="name" v="Muzeum w Brodnicy"/>
	<tag k="operator" v="Miasto Brodnica"/>
	<tag k="tourism" v="museum"/>
	<tag k="operator:type" v="government"/>
	<tag k="source:tourism" v="Wykaz Muzeów, wypis na dzień 2026-04-09"/>
</node>
<way id="184414688" version="11" timestamp="2025-11-27T11:07:53Z" action="modify" changeset="175193134" uid="23546134" user="Czeslaw24">
	<tag k="addr:city" v="Gliwice"/>
	<tag k="addr:housename" v="Willa Caro"/>
	<tag k="addr:housenumber" v="8a"/>
	<tag k="addr:postcode" v="44-100"/>
	<tag k="addr:street" v="Dolnych Wałów"/>
	<tag k="building" v="yes"/>
	<tag k="fee" v="yes"/>
	<tag k="heritage" v="2"/>
	<tag k="heritage:operator" v="nid"/>
	<tag k="historic" v="yes"/>
	<tag k="image" v="https://commons.wikimedia.org/wiki/File:Gliwice,_Willa_Caro.jpg"/>
	<tag k="museum" v="history"/>
	<tag k="name" v="Muzeum w Gliwicach"/>
	<tag k="ref:nid" v="A/1309/83"/>
	<tag k="source:addr" v="EMUiA (emuia.gugik.gov.pl)"/>
	<tag k="start_date" v="1885"/>
	<tag k="tourism" v="museum"/>
	<tag k="wikidata" v="Q122740"/>
	<tag k="wikimedia_commons" v="File:Gliwice, Willa Caro.jpg"/>
	<tag k="wikipedia" v="pl:Willa Caro"/>
	<tag k="operator" v="Miasto Gliwice"/>
	<tag k="operator:type" v="government"/>
	<tag k="source:tourism" v="Wykaz Muzeów, wypis na dzień 2026-04-09"/>
	<nd ref="1948914719"/>
	<nd ref="1948914715"/>
	<nd ref="1948914716"/>
	<nd ref="1948914708"/>
	<nd ref="1948914709"/>
	<nd ref="1948914707"/>
	<nd ref="1948914713"/>
	<nd ref="1948914712"/>
	<nd ref="1948914714"/>
	<nd ref="1948914710"/>
	<nd ref="1948914711"/>
	<nd ref="1948914717"/>
	<nd ref="1948914720"/>
	<nd ref="1948914721"/>
	<nd ref="1948914722"/>
	<nd ref="1948914728"/>
	<nd ref="1948914730"/>
	<nd ref="1948914734"/>
	<nd ref="11514381754"/>
	<nd ref="1948914737"/>
	<nd ref="1948914735"/>
	<nd ref="1948914736"/>
	<nd ref="12656798091"/>
	<nd ref="1948914731"/>
	<nd ref="5325841888"/>
	<nd ref="1948914729"/>
	<nd ref="1948914727"/>
	<nd ref="1948914726"/>
	<nd ref="1948914725"/>
	<nd ref="1948914724"/>
	<nd ref="1948914723"/>
	<nd ref="1948914718"/>
	<nd ref="1948914719"/>
</way>
<node id="1948914707" lat="50.2952836" lon="18.6673628" version="2" timestamp="2024-01-13T18:02:59Z"  changeset="146222668" uid="238534" user="Mariusz Dykierek">

</node>
<node id="1948914708" lat="50.2953021" lon="18.6673323" version="2" timestamp="2024-01-13T18:02:59Z"  changeset="146222668" uid="238534" user="Mariusz Dykierek">

</node>
<node id="1948914709" lat="50.2953039" lon="18.667337" version="2" timestamp="2024-01-13T18:02:59Z"  changeset="146222668" uid="238534" user="Mariusz Dykierek">

</node>
<node id="1948914710" lat="50.295319" lon="18.6674586" version="2" timestamp="2024-01-13T18:02:59Z"  changeset="146222668" uid="238534" user="Mariusz Dykierek">

</node>
<node id="1948914711" lat="50.2953168" lon="18.6674833" version="2" timestamp="2024-01-13T18:02:59Z"  changeset="146222668" uid="238534" user="Mariusz Dykierek">

</node>
<node id="1948914712" lat="50.2953164" lon="18.6674378" version="2" timestamp="2024-01-13T18:02:59Z"  changeset="146222668" uid="238534" user="Mariusz Dykierek">

</node>
<node id="1948914713" lat="50.2953202" lon="18.6674323" version="2" timestamp="2024-01-13T18:02:59Z"  changeset="146222668" uid="238534" user="Mariusz Dykierek">

</node>
<node id="1948914714" lat="50.2953238" lon="18.6674522" version="2" timestamp="2024-01-13T18:02:59Z"  changeset="146222668" uid="238534" user="Mariusz Dykierek">

</node>
<node id="1948914715" lat="50.2953349" lon="18.6672792" version="2" timestamp="2024-01-13T18:02:59Z"  changeset="146222668" uid="238534" user="Mariusz Dykierek">

</node>
<node id="1948914716" lat="50.2953382" lon="18.6672861" version="2" timestamp="2024-01-13T18:02:59Z"  changeset="146222668" uid="238534" user="Mariusz Dykierek">

</node>
<node id="1948914717" lat="50.2953306" lon="18.6675085" version="2" timestamp="2024-01-13T18:02:59Z"  changeset="146222668" uid="238534" user="Mariusz Dykierek">

</node>
<node id="1948914718" lat="50.2953427" lon="18.6672455" version="2" timestamp="2024-01-13T18:02:59Z"  changeset="146222668" uid="238534" user="Mariusz Dykierek">

</node>
<node id="1948914719" lat="50.2953503" lon="18.6672605" version="2" timestamp="2024-01-13T18:02:59Z"  changeset="146222668" uid="238534" user="Mariusz Dykierek">

</node>
<node id="1948914720" lat="50.2953457" lon="18.6675106" version="2" timestamp="2024-01-13T18:02:59Z"  changeset="146222668" uid="238534" user="Mariusz Dykierek">

</node>
<node id="1948914721" lat="50.2953513" lon="18.6675039" version="2" timestamp="2024-01-13T18:02:59Z"  changeset="146222668" uid="238534" user="Mariusz Dykierek">

</node>
<node id="1948914722" lat="50.2953592" lon="18.6675191" version="2" timestamp="2024-01-13T18:02:59Z"  changeset="146222668" uid="238534" user="Mariusz Dykierek">

</node>
<node id="1948914723" lat="50.2953717" lon="18.6672087" version="2" timestamp="2024-01-13T18:02:59Z"  changeset="146222668" uid="238534" user="Mariusz Dykierek">

</node>
<node id="1948914724" lat="50.2953797" lon="18.6672229" version="2" timestamp="2024-01-13T18:02:59Z"  changeset="146222668" uid="238534" user="Mariusz Dykierek">

</node>
<node id="1948914725" lat="50.2953954" lon="18.6672034" version="2" timestamp="2024-01-13T18:02:59Z"  changeset="146222668" uid="238534" user="Mariusz Dykierek">

</node>
<node id="1948914726" lat="50.2953984" lon="18.6672096" version="2" timestamp="2024-01-13T18:02:59Z"  changeset="146222668" uid="238534" user="Mariusz Dykierek">

</node>
<node id="1948914727" lat="50.2954346" lon="18.667163" version="2" timestamp="2024-01-13T18:02:59Z"  changeset="146222668" uid="238534" user="Mariusz Dykierek">

</node>
<node id="1948914728" lat="50.2954616" lon="18.6673891" version="2" timestamp="2024-01-13T18:02:59Z"  changeset="146222668" uid="238534" user="Mariusz Dykierek">

</node>
<node id="1948914729" lat="50.2954813" lon="18.6672564" version="2" timestamp="2024-01-13T18:02:59Z"  changeset="146222668" uid="238534" user="Mariusz Dykierek">

</node>
<node id="1948914730" lat="50.2955121" lon="18.6674896" version="2" timestamp="2024-01-13T18:02:59Z"  changeset="146222668" uid="238534" user="Mariusz Dykierek">

</node>
<node id="1948914731" lat="50.2955208" lon="18.6672025" version="2" timestamp="2024-01-13T18:02:59Z"  changeset="146222668" uid="238534" user="Mariusz Dykierek">

</node>
<node id="1948914734" lat="50.2955624" lon="18.6674236" version="2" timestamp="2024-01-13T18:02:59Z"  changeset="146222668" uid="238534" user="Mariusz Dykierek">

</node>
<node id="1948914735" lat="50.2955766" lon="18.6673205" version="2" timestamp="2024-01-13T18:02:59Z"  changeset="146222668" uid="238534" user="Mariusz Dykierek">

</node>
<node id="1948914736" lat="50.2955785" lon="18.6673175" version="2" timestamp="2024-01-13T18:02:59Z"  changeset="146222668" uid="238534" user="Mariusz Dykierek">

</node>
<node id="1948914737" lat="50.2956007" lon="18.6673701" version="2" timestamp="2024-01-13T18:02:59Z"  changeset="146222668" uid="238534" user="Mariusz Dykierek">

</node>
<node id="5325841888" lat="50.2955042" lon="18.6672247" version="2" timestamp="2024-01-13T18:02:59Z"  changeset="146222668" uid="238534" user="Mariusz Dykierek">

</node>
<node id="11514381754" lat="50.2955605" lon="18.66742" version="1" timestamp="2024-01-13T18:02:59Z"  changeset="146222668" uid="238534" user="Mariusz Dykierek">

</node>
<node id="12656798091" lat="50.2955667" lon="18.6672948" version="1" timestamp="2025-03-12T15:19:12Z"  changeset="163532506" uid="20563294" user="olo_12">
	<tag k="entrance" v="main"/>
</node>
<way id="1021316803" version="2" timestamp="2022-01-15T01:15:11Z" action="modify" changeset="116169157" uid="1363734" user="Cordylus">
	<tag k="landuse" v="commercial"/>
	<tag k="name" v="Muzeum w Koszalinie"/>
	<tag k="tourism" v="museum"/>
	<tag k="addr:postcode" v="75-420"/>
	<tag k="addr:city" v="Koszalin"/>
	<tag k="addr:street" v="Młyńska"/>
	<tag k="addr:housenumber" v="37-"/>
	<tag k="operator" v="Miasto Koszalin"/>
	<tag k="operator:type" v="government"/>
	<tag k="source:tourism" v="Wykaz Muzeów, wypis na dzień 2026-04-09"/>
	<nd ref="2520115780"/>
	<nd ref="2520115781"/>
	<nd ref="9419591013"/>
	<nd ref="9419591015"/>
	<nd ref="9419590997"/>
	<nd ref="9419591008"/>
	<nd ref="9419590980"/>
	<nd ref="9419591014"/>
	<nd ref="9419616024"/>
	<nd ref="9419616023"/>
	<nd ref="9419616022"/>
	<nd ref="9419616021"/>
	<nd ref="1470718669"/>
	<nd ref="9419616020"/>
	<nd ref="9419616019"/>
	<nd ref="1470718670"/>
	<nd ref="2703197585"/>
	<nd ref="1470718671"/>
	<nd ref="9419591006"/>
	<nd ref="2520115777"/>
	<nd ref="2520115780"/>
</way>
<node id="1470718669" lat="54.1934263" lon="16.182242" version="4" timestamp="2014-03-05T22:14:08Z"  changeset="20938018" uid="860123" user="Ciemek">

</node>
<node id="1470718670" lat="54.1932732" lon="16.1824915" version="4" timestamp="2014-03-05T22:14:08Z"  changeset="20938018" uid="860123" user="Ciemek">

</node>
<node id="1470718671" lat="54.1929122" lon="16.1819668" version="4" timestamp="2014-03-05T22:14:08Z"  changeset="20938018" uid="860123" user="Ciemek">

</node>
<node id="2520115777" lat="54.1929466" lon="16.1816642" version="3" timestamp="2022-01-15T00:58:43Z"  changeset="116169022" uid="1363734" user="Cordylus">

</node>
<node id="2520115780" lat="54.1930969" lon="16.1817198" version="3" timestamp="2022-01-15T00:58:43Z"  changeset="116169022" uid="1363734" user="Cordylus">

</node>
<node id="2520115781" lat="54.1931232" lon="16.1815118" version="3" timestamp="2022-01-15T00:58:43Z"  changeset="116169022" uid="1363734" user="Cordylus">

</node>
<node id="2703197585" lat="54.1931938" lon="16.1823417" version="1" timestamp="2014-03-05T22:14:01Z"  changeset="20938018" uid="860123" user="Ciemek">

</node>
<node id="9419590980" lat="54.1931907" lon="16.1809814" version="2" timestamp="2024-07-21T22:49:19Z"  changeset="154239281" uid="20453727" user="marek12306">
	<tag k="barrier" v="gate"/>
</node>
<node id="9419590997" lat="54.1931582" lon="16.1810076" version="2" timestamp="2024-07-21T22:46:34Z"  changeset="154239241" uid="14527582" user="_MRLG_">
	<tag k="barrier" v="gate"/>
</node>
<node id="9419591006" lat="54.1929389" lon="16.1817317" version="1" timestamp="2022-01-15T00:58:43Z"  changeset="116169022" uid="1363734" user="Cordylus">

</node>
<node id="9419591008" lat="54.193174" lon="16.1809949" version="1" timestamp="2022-01-15T00:58:43Z"  changeset="116169022" uid="1363734" user="Cordylus">
	<tag k="barrier" v="gate"/>
</node>
<node id="9419591013" lat="54.193153" lon="16.181041" version="1" timestamp="2022-01-15T00:58:43Z"  changeset="116169022" uid="1363734" user="Cordylus">

</node>
<node id="9419591014" lat="54.1931992" lon="16.1809744" version="1" timestamp="2022-01-15T00:58:43Z"  changeset="116169022" uid="1363734" user="Cordylus">

</node>
<node id="9419591015" lat="54.1931487" lon="16.1810154" version="1" timestamp="2022-01-15T00:58:43Z"  changeset="116169022" uid="1363734" user="Cordylus">

</node>
<node id="9419616019" lat="54.193316" lon="16.1825372" version="1" timestamp="2022-01-15T00:58:43Z"  changeset="116169022" uid="1363734" user="Cordylus">

</node>
<node id="9419616020" lat="54.1934614" lon="16.1822947" version="1" timestamp="2022-01-15T00:58:43Z"  changeset="116169022" uid="1363734" user="Cordylus">

</node>
<node id="9419616021" lat="54.1937186" lon="16.1814973" version="1" timestamp="2022-01-15T00:58:43Z"  changeset="116169022" uid="1363734" user="Cordylus">

</node>
<node id="9419616022" lat="54.193704" lon="16.1812382" version="1" timestamp="2022-01-15T00:58:43Z"  changeset="116169022" uid="1363734" user="Cordylus">

</node>
<node id="9419616023" lat="54.1934009" lon="16.1807985" version="1" timestamp="2022-01-15T00:58:43Z"  changeset="116169022" uid="1363734" user="Cordylus">

</node>
<node id="9419616024" lat="54.1931857" lon="16.1809227" version="1" timestamp="2022-01-15T00:58:43Z"  changeset="116169022" uid="1363734" user="Cordylus">

</node>
<way id="302962645" version="3" timestamp="2020-09-23T16:09:21Z" action="modify" changeset="91379538" uid="10341223" user="RRS1980">
	<tag k="building" v="yes"/>
	<tag k="museum" v="history"/>
	<tag k="name" v="Muzeum w Lęborku"/>
	<tag k="tourism" v="museum"/>
	<tag k="addr:postcode" v="84-300"/>
	<tag k="addr:city" v="Lębork"/>
	<tag k="addr:street" v="Młynarska"/>
	<tag k="addr:housenumber" v="14-"/>
	<tag k="operator" v="Gmina Miasto Lębork"/>
	<tag k="operator:type" v="government"/>
	<tag k="source:tourism" v="Wykaz Muzeów, wypis na dzień 2026-04-09"/>
	<nd ref="3072453111"/>
	<nd ref="3072453103"/>
	<nd ref="3072453094"/>
	<nd ref="3072453093"/>
	<nd ref="3072453074"/>
	<nd ref="3072453076"/>
	<nd ref="3072453084"/>
	<nd ref="3072453089"/>
	<nd ref="3072453091"/>
	<nd ref="3072453096"/>
	<nd ref="3072453098"/>
	<nd ref="3072453100"/>
	<nd ref="3072453101"/>
	<nd ref="3072453106"/>
	<nd ref="3072453113"/>
	<nd ref="3072453107"/>
	<nd ref="3072453119"/>
	<nd ref="3072453111"/>
</way>
<node id="3072453074" lat="54.5438531" lon="17.7521845" version="1" timestamp="2014-09-11T20:50:02Z"  changeset="25377232" uid="1850877" user="deleted_account">

</node>
<node id="3072453076" lat="54.543866" lon="17.7522158" version="2" timestamp="2016-08-19T10:29:05Z"  changeset="41552794" uid="1879367" user="Zibi-importy">

</node>
<node id="3072453084" lat="54.5439196" lon="17.7523462" version="1" timestamp="2014-09-11T20:50:03Z"  changeset="25377232" uid="1850877" user="deleted_account">

</node>
<node id="3072453089" lat="54.543937" lon="17.752327" version="1" timestamp="2014-09-11T20:50:03Z"  changeset="25377232" uid="1850877" user="deleted_account">

</node>
<node id="3072453091" lat="54.5439486" lon="17.7523548" version="1" timestamp="2014-09-11T20:50:03Z"  changeset="25377232" uid="1850877" user="deleted_account">

</node>
<node id="3072453093" lat="54.5439746" lon="17.7520261" version="1" timestamp="2014-09-11T20:50:03Z"  changeset="25377232" uid="1850877" user="deleted_account">

</node>
<node id="3072453094" lat="54.5439828" lon="17.7520476" version="1" timestamp="2014-09-11T20:50:03Z"  changeset="25377232" uid="1850877" user="deleted_account">

</node>
<node id="3072453096" lat="54.5439988" lon="17.7522973" version="1" timestamp="2014-09-11T20:50:03Z"  changeset="25377232" uid="1850877" user="deleted_account">

</node>
<node id="3072453098" lat="54.5440099" lon="17.7522964" version="1" timestamp="2014-09-11T20:50:03Z"  changeset="25377232" uid="1850877" user="deleted_account">

</node>
<node id="3072453100" lat="54.5440202" lon="17.7523036" version="1" timestamp="2014-09-11T20:50:03Z"  changeset="25377232" uid="1850877" user="deleted_account">

</node>
<node id="3072453101" lat="54.5440303" lon="17.7523007" version="1" timestamp="2014-09-11T20:50:03Z"  changeset="25377232" uid="1850877" user="deleted_account">

</node>
<node id="3072453103" lat="54.5440434" lon="17.7522023" version="1" timestamp="2014-09-11T20:50:03Z"  changeset="25377232" uid="1850877" user="deleted_account">

</node>
<node id="3072453106" lat="54.5440735" lon="17.7524012" version="1" timestamp="2014-09-11T20:50:03Z"  changeset="25377232" uid="1850877" user="deleted_account">

</node>
<node id="3072453107" lat="54.5440803" lon="17.7522967" version="1" timestamp="2014-09-11T20:50:03Z"  changeset="25377232" uid="1850877" user="deleted_account">

</node>
<node id="3072453111" lat="54.5440937" lon="17.7521408" version="1" timestamp="2014-09-11T20:50:03Z"  changeset="25377232" uid="1850877" user="deleted_account">

</node>
<node id="3072453113" lat="54.54411" lon="17.7523562" version="1" timestamp="2014-09-11T20:50:03Z"  changeset="25377232" uid="1850877" user="deleted_account">

</node>
<node id="3072453119" lat="54.5441306" lon="17.7522356" version="1" timestamp="2014-09-11T20:50:04Z"  changeset="25377232" uid="1850877" user="deleted_account">

</node>
<node id="8435729615" lat="52.0591096" lon="19.2035321" version="3" timestamp="2025-11-13T08:45:12Z" action="modify" changeset="174593230" uid="1682993" user="szedar">
	<tag k="fee" v="yes"/>
	<tag k="name" v="Muzeum w Łęczycy"/>
	<tag k="phone" v="+48 24 721 89 97"/>
	<tag k="tourism" v="museum"/>
	<tag k="addr:postcode" v="99-100"/>
	<tag k="addr:city" v="Łęczyca"/>
	<tag k="addr:street" v="Zamkowa"/>
	<tag k="addr:housenumber" v="1"/>
	<tag k="operator" v="Gmina Miasto Łęczyca"/>
	<tag k="operator:type" v="government"/>
	<tag k="source:tourism" v="Wykaz Muzeów, wypis na dzień 2026-04-09"/>
</node>
<way id="318827668" version="10" timestamp="2025-11-25T22:11:42Z" action="modify" changeset="175130380" uid="145231" user="woodpeck_repair">
	<tag k="addr:city" v="Łowicz"/>
	<tag k="addr:housenumber" v="5/7"/>
	<tag k="addr:postcode" v="99-400"/>
	<tag k="addr:street" v="Plac Stary Rynek"/>
	<tag k="building" v="yes"/>
	<tag k="building:levels" v="3"/>
	<tag k="name" v="Muzeum w Łowiczu"/>
	<tag k="opening_hours" v="Tu-Su 10:00-16:00"/>
	<tag k="phone" v="+48468373928"/>
	<tag k="ref:ckkp" v="LD00353"/>
	<tag k="tourism" v="museum"/>
	<tag k="website" v="http://www.muzeumlowicz.pl/"/>
	<tag k="wikidata" v="Q11787326"/>
	<tag k="wikipedia" v="pl:Muzeum w Łowiczu"/>
	<tag k="operator" v="Powiat Łowicki"/>
	<tag k="operator:type" v="government"/>
	<tag k="source:tourism" v="Wykaz Muzeów, wypis na dzień 2026-04-09"/>
	<nd ref="3252041706"/>
	<nd ref="3252043480"/>
	<nd ref="897246963"/>
	<nd ref="3252036451"/>
	<nd ref="3252048368"/>
	<nd ref="3252047690"/>
	<nd ref="3252052962"/>
	<nd ref="3252051677"/>
	<nd ref="3252043601"/>
	<nd ref="3252043600"/>
	<nd ref="3252043712"/>
	<nd ref="3252036646"/>
	<nd ref="3252041717"/>
	<nd ref="3252041719"/>
	<nd ref="3252036643"/>
	<nd ref="3252034357"/>
	<nd ref="659076302"/>
	<nd ref="3252043704"/>
	<nd ref="3252043705"/>
	<nd ref="3252034349"/>
	<nd ref="3252034348"/>
	<nd ref="3252034350"/>
	<nd ref="3252047680"/>
	<nd ref="3822503257"/>
	<nd ref="3822503157"/>
	<nd ref="3822503357"/>
	<nd ref="3252036638"/>
	<nd ref="3252036639"/>
	<nd ref="3252041704"/>
	<nd ref="3252043382"/>
	<nd ref="3252043381"/>
	<nd ref="3501241806"/>
	<nd ref="3252043475"/>
	<nd ref="3252041703"/>
	<nd ref="3252043479"/>
	<nd ref="3252041706"/>
</way>
<node id="659076302" lat="52.1078414" lon="19.946024" version="12" timestamp="2014-12-31T20:38:27Z"  changeset="27830243" uid="44414" user="marimil">
	<tag k="entrance" v="main"/>
</node>
<node id="897246963" lat="52.107826" lon="19.9462026" version="5" timestamp="2014-12-31T20:38:28Z"  changeset="27830243" uid="44414" user="marimil">
	<tag k="entrance" v="yes"/>
</node>
<node id="3252034348" lat="52.107819" lon="19.9460291" version="1" timestamp="2014-12-25T14:25:58Z"  changeset="27689465" uid="1249388" user="marimil-importy">

</node>
<node id="3252034349" lat="52.1078207" lon="19.9460171" version="1" timestamp="2014-12-25T14:25:59Z"  changeset="27689465" uid="1249388" user="marimil-importy">

</node>
<node id="3252034350" lat="52.1078219" lon="19.9460302" version="1" timestamp="2014-12-25T14:25:59Z"  changeset="27689465" uid="1249388" user="marimil-importy">

</node>
<node id="3252034357" lat="52.1078518" lon="19.9460258" version="1" timestamp="2014-12-25T14:26:10Z"  changeset="27689465" uid="1249388" user="marimil-importy">

</node>
<node id="3252036451" lat="52.1079337" lon="19.9462254" version="1" timestamp="2014-12-25T14:26:29Z"  changeset="27689465" uid="1249388" user="marimil-importy">

</node>
<node id="3252036638" lat="52.10773" lon="19.9460318" version="1" timestamp="2014-12-25T14:25:23Z"  changeset="27689465" uid="1249388" user="marimil-importy">

</node>
<node id="3252036639" lat="52.1077339" lon="19.9459977" version="1" timestamp="2014-12-25T14:25:24Z"  changeset="27689465" uid="1249388" user="marimil-importy">

</node>
<node id="3252036643" lat="52.1078521" lon="19.94602" version="1" timestamp="2014-12-25T14:26:10Z"  changeset="27689465" uid="1249388" user="marimil-importy">

</node>
<node id="3252036646" lat="52.1078588" lon="19.9460381" version="1" timestamp="2014-12-25T14:26:10Z"  changeset="27689465" uid="1249388" user="marimil-importy">

</node>
<node id="3252041703" lat="52.1075543" lon="19.9468156" version="1" timestamp="2014-12-25T14:24:34Z"  changeset="27689465" uid="1249388" user="marimil-importy">

</node>
<node id="3252041704" lat="52.1076304" lon="19.9459765" version="1" timestamp="2014-12-25T14:24:57Z"  changeset="27689465" uid="1249388" user="marimil-importy">

</node>
<node id="3252041706" lat="52.1076609" lon="19.946821" version="1" timestamp="2014-12-25T14:25:13Z"  changeset="27689465" uid="1249388" user="marimil-importy">

</node>
<node id="3252041717" lat="52.1078618" lon="19.9460387" version="1" timestamp="2014-12-25T14:26:13Z"  changeset="27689465" uid="1249388" user="marimil-importy">

</node>
<node id="3252041719" lat="52.1078628" lon="19.9460259" version="1" timestamp="2014-12-25T14:26:14Z"  changeset="27689465" uid="1249388" user="marimil-importy">

</node>
<node id="3252043381" lat="52.1076185" lon="19.9461043" version="1" timestamp="2014-12-25T14:24:51Z"  changeset="27689465" uid="1249388" user="marimil-importy">

</node>
<node id="3252043382" lat="52.1076253" lon="19.9460523" version="1" timestamp="2014-12-25T14:24:55Z"  changeset="27689465" uid="1249388" user="marimil-importy">

</node>
<node id="3252043475" lat="52.1075569" lon="19.9467989" version="1" timestamp="2014-12-25T14:24:37Z"  changeset="27689465" uid="1249388" user="marimil-importy">

</node>
<node id="3252043479" lat="52.1076592" lon="19.9468424" version="1" timestamp="2014-12-25T14:25:08Z"  changeset="27689465" uid="1249388" user="marimil-importy">

</node>
<node id="3252043480" lat="52.1077182" lon="19.9461806" version="1" timestamp="2014-12-25T14:25:22Z"  changeset="27689465" uid="1249388" user="marimil-importy">

</node>
<node id="3252043600" lat="52.1079453" lon="19.9460785" version="1" timestamp="2014-12-25T14:26:31Z"  changeset="27689465" uid="1249388" user="marimil-importy">

</node>
<node id="3252043601" lat="52.1079482" lon="19.9460433" version="1" timestamp="2014-12-25T14:26:31Z"  changeset="27689465" uid="1249388" user="marimil-importy">

</node>
<node id="3252043704" lat="52.1078307" lon="19.9460216" version="1" timestamp="2014-12-25T14:26:02Z"  changeset="27689465" uid="1249388" user="marimil-importy">

</node>
<node id="3252043705" lat="52.1078312" lon="19.9460156" version="1" timestamp="2014-12-25T14:26:03Z"  changeset="27689465" uid="1249388" user="marimil-importy">

</node>
<node id="3252043712" lat="52.1078596" lon="19.9460593" version="1" timestamp="2014-12-25T14:26:11Z"  changeset="27689465" uid="1249388" user="marimil-importy">

</node>
<node id="3252047680" lat="52.107818" lon="19.9460504" version="1" timestamp="2014-12-25T14:25:58Z"  changeset="27689465" uid="1249388" user="marimil-importy">

</node>
<node id="3252047690" lat="52.1080077" lon="19.9464371" version="1" timestamp="2014-12-25T14:26:37Z"  changeset="27689465" uid="1249388" user="marimil-importy">

</node>
<node id="3252048368" lat="52.1079166" lon="19.9464411" version="1" timestamp="2014-12-25T14:26:26Z"  changeset="27689465" uid="1249388" user="marimil-importy">

</node>
<node id="3252051677" lat="52.1080358" lon="19.9460616" version="1" timestamp="2014-12-25T14:26:40Z"  changeset="27689465" uid="1249388" user="marimil-importy">

</node>
<node id="3252052962" lat="52.1080522" lon="19.9464352" version="1" timestamp="2014-12-25T14:26:42Z"  changeset="27689465" uid="1249388" user="marimil-importy">

</node>
<node id="3501241806" lat="52.1075618" lon="19.9467439" version="1" timestamp="2015-05-06T16:33:29Z"  changeset="30847839" uid="44414" user="marimil">

</node>
<node id="3822503157" lat="52.1077903" lon="19.9460446" version="1" timestamp="2015-11-07T11:23:45Z"  changeset="35146339" uid="44414" user="marimil">
	<tag k="historic" v="memorial"/>
	<tag k="image" v="https://commons.wikimedia.org/wiki/File:Muzeum_w_Łowiczu_-_pamiątkowa_płyta_"Alma_Mater_Loviciensis".jpg"/>
	<tag k="inscription" v="Alma Maer Loviciensis A.D. 1668 gmach szkoły 1821-1939 I Państwowego Gimnazjum i Liceum im. Ks. J.Poniatowskiego II Państwowego Gimnazjum i Liceum im. J.U.Niemcewicza"/>
	<tag k="memorial" v="plaque"/>
	<tag k="name" v="Alma Mater Loviciensis"/>
	<tag k="url" v="http://www.lowiczanin.info/wiki/index.php?title=Państwowe_Gimnazjum_im._Księcia_Józefa_Poniatowskiego_w_Łowiczu"/>
</node>
<node id="3822503257" lat="52.1078058" lon="19.9460479" version="6" timestamp="2021-02-08T07:10:15Z"  changeset="98887042" uid="1722488" user="Mateusz Konieczny">
	<tag k="historic" v="memorial"/>
	<tag k="image" v="https://commons.wikimedia.org/wiki/File:Muzeum_w_Łowiczu_-_pamiątkowa_płyta_dr_Jana_Wegnera.jpg"/>
	<tag k="inscription" v="Pamięci Dr Jana Wegnera 1909 - 1996 historyka wychowanka i profesora łowickiech szkół średnich długoletniego kuratora Muzeum w Nieborowie zasłużonego Łowiczanina"/>
	<tag k="memorial" v="plaque"/>
	<tag k="name" v="Pamięci Dr Jana Wegnera"/>
	<tag k="subject:wikidata" v="Q11719373"/>
	<tag k="subject:wikipedia" v="pl:Jan Wegner"/>
</node>
<node id="3822503357" lat="52.1077554" lon="19.9460372" version="1" timestamp="2015-11-07T11:23:46Z"  changeset="35146339" uid="44414" user="marimil">
	<tag k="historic" v="memorial"/>
	<tag k="image" v="https://commons.wikimedia.org/wiki/File:Muzeum_w_Łowiczu_-_płyta_upamiętniająca_uczniów_poległych_w_walce_o_wolność_i_granice_wschodnie.jpg"/>
	<tag k="inscription" v="W walce o wolność i wschodnie granice w latach 1919 - 1920 oddali swoje życie Polsce uczniowie Gimnazjum im. Ks. J.Poniatowskiego w Łowiczu"/>
	<tag k="memorial" v="plaque"/>
	<tag k="name" v="Poległym uczniom Gimnazjum"/>
	<tag k="start_date" v="1991"/>
</node>
<way id="333365998" version="9" timestamp="2025-11-25T22:11:56Z" action="modify" changeset="175130380" uid="145231" user="woodpeck_repair">
	<tag k="name" v="Muzeum Powiatowe w Nysie"/>
	<tag k="tourism" v="museum"/>
	<tag k="website" v="http://www.muzeum.nysa.pl/"/>
	<tag k="wikidata" v="Q11814730"/>
	<tag k="wikipedia" v="pl:Muzeum Powiatowe w Nysie"/>
	<tag k="addr:postcode" v="48-300"/>
	<tag k="addr:city" v="Nysa"/>
	<tag k="addr:street" v="Biskupa Jarosława"/>
	<tag k="addr:housenumber" v="11"/>
	<tag k="operator" v="Powiat Nyski"/>
	<tag k="operator:type" v="government"/>
	<tag k="source:tourism" v="Wykaz Muzeów, wypis na dzień 2026-04-09"/>
	<nd ref="2256058376"/>
	<nd ref="3111514834"/>
	<nd ref="2259069384"/>
	<nd ref="2256058384"/>
	<nd ref="2272145880"/>
	<nd ref="2272145881"/>
	<nd ref="3404705678"/>
	<nd ref="2272145886"/>
	<nd ref="2272145904"/>
	<nd ref="2256058409"/>
	<nd ref="2272145896"/>
	<nd ref="2256058390"/>
	<nd ref="3111514835"/>
	<nd ref="2256058376"/>
</way>
<node id="2256058376" lat="50.4736307" lon="17.3375134" version="4" timestamp="2015-03-17T22:46:32Z"  changeset="29552752" uid="1246157" user="Endres Pelka">

</node>
<node id="2256058384" lat="50.4739134" lon="17.3369688" version="4" timestamp="2015-03-17T22:46:32Z"  changeset="29552752" uid="1246157" user="Endres Pelka">

</node>
<node id="2256058390" lat="50.4739839" lon="17.3379366" version="3" timestamp="2013-04-18T22:12:09Z"  changeset="15779285" uid="1246157" user="Endres Pelka">

</node>
<node id="2256058409" lat="50.4742831" lon="17.3373429" version="4" timestamp="2015-03-17T22:46:32Z"  changeset="29552752" uid="1246157" user="Endres Pelka">

</node>
<node id="2259069384" lat="50.4737807" lon="17.3372243" version="3" timestamp="2015-03-17T22:46:32Z"  changeset="29552752" uid="1246157" user="Endres Pelka">
	<tag k="entrance" v="main"/>
</node>
<node id="2272145880" lat="50.4739181" lon="17.3369759" version="2" timestamp="2015-03-17T22:46:33Z"  changeset="29552752" uid="1246157" user="Endres Pelka">

</node>
<node id="2272145881" lat="50.4739207" lon="17.3369706" version="2" timestamp="2015-03-17T22:46:33Z"  changeset="29552752" uid="1246157" user="Endres Pelka">

</node>
<node id="2272145886" lat="50.4740593" lon="17.3371236" version="2" timestamp="2015-03-17T22:46:33Z"  changeset="29552752" uid="1246157" user="Endres Pelka">

</node>
<node id="2272145896" lat="50.4741274" lon="17.3376471" version="1" timestamp="2013-04-18T22:12:04Z"  changeset="15779285" uid="1246157" user="Endres Pelka">

</node>
<node id="2272145904" lat="50.4742149" lon="17.337272" version="2" timestamp="2015-03-17T22:46:34Z"  changeset="29552752" uid="1246157" user="Endres Pelka">

</node>
<node id="3111514834" lat="50.4736324" lon="17.3375101" version="2" timestamp="2015-03-17T22:46:37Z"  changeset="29552752" uid="1246157" user="Endres Pelka">
	<tag k="camera:direction" v="310"/>
	<tag k="camera:mount" v="wall"/>
	<tag k="camera:type" v="fixed"/>
	<tag k="man_made" v="surveillance"/>
	<tag k="surveillance" v="outdoor"/>
	<tag k="surveillance:type" v="camera"/>
	<tag k="surveillance:zone" v="building"/>
</node>
<node id="3111514835" lat="50.4736328" lon="17.3375159" version="2" timestamp="2015-03-17T22:46:37Z"  changeset="29552752" uid="1246157" user="Endres Pelka">
	<tag k="camera:direction" v="39"/>
	<tag k="camera:mount" v="wall"/>
	<tag k="camera:type" v="fixed"/>
	<tag k="man_made" v="surveillance"/>
	<tag k="surveillance" v="outdoor"/>
	<tag k="surveillance:type" v="camera"/>
	<tag k="surveillance:zone" v="building"/>
</node>
<node id="3404705678" lat="50.4739847" lon="17.3370478" version="1" timestamp="2015-03-17T22:46:06Z"  changeset="29552752" uid="1246157" user="Endres Pelka">

</node>
<node id="1827379115" lat="53.7034145" lon="19.9608679" version="2" timestamp="2012-09-06T21:36:14Z" action="modify" changeset="13016217" uid="842685" user="monycan">
	<tag k="addr:city" v="Ostróda"/>
	<tag k="addr:housenumber" v="22"/>
	<tag k="addr:street" v="Adama Mickiewicza"/>
	<tag k="name" v="Muzeum w Ostródzie"/>
	<tag k="tourism" v="museum"/>
	<tag k="addr:postcode" v="14-100"/>
	<tag k="operator" v="Gmina Miejska Ostróda"/>
	<tag k="operator:type" v="government"/>
	<tag k="source:tourism" v="Wykaz Muzeów, wypis na dzień 2026-04-09"/>
</node>
<node id="5223671203" lat="51.4090709" lon="19.7007742" version="3" timestamp="2023-11-03T13:39:51Z" action="modify" changeset="143575378" uid="9451067" user="b-jazz-bot">
	<tag k="addr:city" v="Piotrków Trybunalski"/>
	<tag k="addr:housenumber" v="4"/>
	<tag k="addr:postcode" v="97-300"/>
	<tag k="addr:street" v="Plac Zamkowy"/>
	<tag k="email" v="sekretariat@muzeumpiotrkow.pl"/>
	<tag k="fee" v="yes"/>
	<tag k="name" v="Muzeum w Piotrkowie Trybunalskim"/>
	<tag k="opening_hours" v="We-Fr 10:00-15:00; Su 10:00-15:00; Tu 10:00-16:00; Sa 10:00-16:00"/>
	<tag k="phone" v="+48446465272"/>
	<tag k="source" v="http://mpiotrkowtrybunalski.e-mapa.net/"/>
	<tag k="tourism" v="museum"/>
	<tag k="website" v="https://muzeumpiotrkow.pl/"/>
	<tag k="operator" v="Miasto Piotrków Trybunalski"/>
	<tag k="operator:type" v="government"/>
	<tag k="source:tourism" v="Wykaz Muzeów, wypis na dzień 2026-04-09"/>
</node>
<way id="283068153" version="6" timestamp="2023-06-11T09:43:40Z" action="modify" changeset="137197455" uid="1720293" user="teddy_beer_maniac">
	<tag k="addr:city" v="Praszka"/>
	<tag k="addr:housenumber" v="15"/>
	<tag k="addr:postcode" v="46-320"/>
	<tag k="addr:street" v="Plac Grunwaldzki"/>
	<tag k="building" v="yes"/>
	<tag k="fee" v="yes"/>
	<tag k="name" v="Muzeum w Praszce"/>
	<tag k="source:geometry" v="geoportal.gov.pl;GPS/RTK"/>
	<tag k="tourism" v="museum"/>
	<tag k="operator" v="Gmina Praszka"/>
	<tag k="operator:type" v="government"/>
	<tag k="source:tourism" v="Wykaz Muzeów, wypis na dzień 2026-04-09"/>
	<nd ref="2869825398"/>
	<nd ref="2869825355"/>
	<nd ref="2869825356"/>
	<nd ref="2869825319"/>
	<nd ref="2869825336"/>
	<nd ref="2869825318"/>
	<nd ref="2869825183"/>
	<nd ref="2869825320"/>
	<nd ref="2869825305"/>
	<nd ref="2869825169"/>
	<nd ref="2869825145"/>
	<nd ref="2869825171"/>
	<nd ref="2869825357"/>
	<nd ref="2869825398"/>
</way>
<node id="2869825145" lat="51.0554464" lon="18.4504395" version="2" timestamp="2020-03-08T18:26:26Z"  changeset="81930290" uid="3606663" user="drEss">

</node>
<node id="2869825169" lat="51.055462" lon="18.4503868" version="2" timestamp="2020-03-08T18:26:26Z"  changeset="81930290" uid="3606663" user="drEss">

</node>
<node id="2869825171" lat="51.0554597" lon="18.4504486" version="1" timestamp="2014-05-20T07:08:49Z"  changeset="22439252" uid="558320" user="mrIimbsf">

</node>
<node id="2869825183" lat="51.0555101" lon="18.4502463" version="1" timestamp="2014-05-20T07:08:49Z"  changeset="22439252" uid="558320" user="mrIimbsf">

</node>
<node id="2869825305" lat="51.0555263" lon="18.4504303" version="1" timestamp="2014-05-20T07:08:50Z"  changeset="22439252" uid="558320" user="mrIimbsf">

</node>
<node id="2869825318" lat="51.0555556" lon="18.4501123" version="1" timestamp="2014-05-20T07:08:50Z"  changeset="22439252" uid="558320" user="mrIimbsf">

</node>
<node id="2869825319" lat="51.0555577" lon="18.4502206" version="1" timestamp="2014-05-20T07:08:50Z"  changeset="22439252" uid="558320" user="mrIimbsf">

</node>
<node id="2869825320" lat="51.055569" lon="18.4502918" version="1" timestamp="2014-05-20T07:08:50Z"  changeset="22439252" uid="558320" user="mrIimbsf">

</node>
<node id="2869825336" lat="51.0555847" lon="18.4501352" version="1" timestamp="2014-05-20T07:08:50Z"  changeset="22439252" uid="558320" user="mrIimbsf">

</node>
<node id="2869825355" lat="51.0556292" lon="18.4502784" version="1" timestamp="2014-05-20T07:08:51Z"  changeset="22439252" uid="558320" user="mrIimbsf">

</node>
<node id="2869825356" lat="51.0556263" lon="18.4502762" version="1" timestamp="2014-05-20T07:08:51Z"  changeset="22439252" uid="558320" user="mrIimbsf">

</node>
<node id="2869825357" lat="51.0556306" lon="18.450574" version="1" timestamp="2014-05-20T07:08:51Z"  changeset="22439252" uid="558320" user="mrIimbsf">

</node>
<node id="2869825398" lat="51.0557144" lon="18.4503443" version="1" timestamp="2014-05-20T07:08:52Z"  changeset="22439252" uid="558320" user="mrIimbsf">

</node>
<way id="396216689" version="11" timestamp="2024-11-06T19:21:29Z" action="modify" changeset="158830392" uid="21936500" user="33Hubert33">
	<tag k="addr:city" v="Wałbrzych"/>
	<tag k="addr:housenumber" v="9"/>
	<tag k="addr:postcode" v="58-300"/>
	<tag k="addr:street" v="1 Maja"/>
	<tag k="building" v="yes"/>
	<tag k="email" v="muzeum@muzeum.walbrzych.pl"/>
	<tag k="facebook" v="https://www.facebook.com/MuzeumPorcelanyWalbrzych"/>
	<tag k="fee" v="yes"/>
	<tag k="name" v="Muzeum Porcelany w Wałbrzychu"/>
	<tag k="phone" v="+48746646030"/>
	<tag k="ref:ckkp" v="DS00704"/>
	<tag k="source:addr" v="EMUiA (emuia.gugik.gov.pl)"/>
	<tag k="tourism" v="museum"/>
	<tag k="website" v="https://muzeum.walbrzych.pl/"/>
	<tag k="wikidata" v="Q11787324"/>
	<tag k="wikipedia" v="pl:Muzeum Porcelany w Wałbrzychu"/>
	<tag k="operator" v="Gmina Wałbrzych"/>
	<tag k="operator:type" v="government"/>
	<tag k="source:tourism" v="Wykaz Muzeów, wypis na dzień 2026-04-09"/>
	<nd ref="3990086485"/>
	<nd ref="3990086475"/>
	<nd ref="4088789444"/>
	<nd ref="4088789437"/>
	<nd ref="4088789433"/>
	<nd ref="3990086317"/>
	<nd ref="6402414282"/>
	<nd ref="6402414283"/>
	<nd ref="6402414284"/>
	<nd ref="6402414485"/>
	<nd ref="4088789421"/>
	<nd ref="6402414486"/>
	<nd ref="6402414487"/>
	<nd ref="6402414488"/>
	<nd ref="6402414281"/>
	<nd ref="3990086274"/>
	<nd ref="4088789418"/>
	<nd ref="4088789419"/>
	<nd ref="3990086334"/>
	<nd ref="3990086303"/>
	<nd ref="3990086248"/>
	<nd ref="3990086255"/>
	<nd ref="3990086238"/>
	<nd ref="6402414277"/>
	<nd ref="6402414279"/>
	<nd ref="5428646174"/>
	<nd ref="6402414280"/>
	<nd ref="6402414278"/>
	<nd ref="3990086275"/>
	<nd ref="3990086298"/>
	<nd ref="3990086324"/>
	<nd ref="3990086343"/>
	<nd ref="3990086485"/>
</way>
<node id="3990086238" lat="50.7651059" lon="16.2797954" version="2" timestamp="2016-03-31T18:10:11Z"  changeset="38205346" uid="3504615" user="kalaputek">

</node>
<node id="3990086248" lat="50.7651489" lon="16.2796645" version="2" timestamp="2016-03-31T18:10:11Z"  changeset="38205346" uid="3504615" user="kalaputek">

</node>
<node id="3990086255" lat="50.7651741" lon="16.2797328" version="2" timestamp="2016-03-31T18:10:11Z"  changeset="38205346" uid="3504615" user="kalaputek">

</node>
<node id="3990086274" lat="50.7652153" lon="16.2797547" version="2" timestamp="2016-03-31T18:10:11Z"  changeset="38205346" uid="3504615" user="kalaputek">

</node>
<node id="3990086275" lat="50.7652194" lon="16.280104" version="2" timestamp="2016-03-31T18:10:11Z"  changeset="38205346" uid="3504615" user="kalaputek">

</node>
<node id="3990086298" lat="50.7652859" lon="16.2800428" version="2" timestamp="2016-03-31T18:10:11Z"  changeset="38205346" uid="3504615" user="kalaputek">

</node>
<node id="3990086303" lat="50.7652904" lon="16.2795344" version="2" timestamp="2016-03-31T18:10:11Z"  changeset="38205346" uid="3504615" user="kalaputek">

</node>
<node id="3990086317" lat="50.7653088" lon="16.2800089" version="2" timestamp="2016-03-31T18:10:11Z"  changeset="38205346" uid="3504615" user="kalaputek">

</node>
<node id="3990086324" lat="50.7653222" lon="16.2801417" version="2" timestamp="2016-03-31T18:10:11Z"  changeset="38205346" uid="3504615" user="kalaputek">

</node>
<node id="3990086334" lat="50.7653321" lon="16.2796473" version="2" timestamp="2016-03-31T18:10:11Z"  changeset="38205346" uid="3504615" user="kalaputek">

</node>
<node id="3990086343" lat="50.7653761" lon="16.2800922" version="2" timestamp="2016-03-31T18:10:11Z"  changeset="38205346" uid="3504615" user="kalaputek">

</node>
<node id="3990086475" lat="50.7654258" lon="16.2799013" version="2" timestamp="2016-03-31T18:10:11Z"  changeset="38205346" uid="3504615" user="kalaputek">

</node>
<node id="3990086485" lat="50.7654658" lon="16.2800097" version="2" timestamp="2016-03-31T18:10:11Z"  changeset="38205346" uid="3504615" user="kalaputek">

</node>
<node id="4088789418" lat="50.7652308" lon="16.2797405" version="1" timestamp="2016-03-31T18:10:04Z"  changeset="38205346" uid="3504615" user="kalaputek">

</node>
<node id="4088789419" lat="50.7652475" lon="16.2797257" version="1" timestamp="2016-03-31T18:10:04Z"  changeset="38205346" uid="3504615" user="kalaputek">

</node>
<node id="4088789421" lat="50.7652651" lon="16.2798781" version="2" timestamp="2019-04-13T15:16:02Z"  changeset="69179917" uid="3696253" user="Artur Wierniewski">

</node>
<node id="4088789433" lat="50.7653258" lon="16.2799933" version="1" timestamp="2016-03-31T18:10:04Z"  changeset="38205346" uid="3504615" user="kalaputek">

</node>
<node id="4088789437" lat="50.7653415" lon="16.2799788" version="1" timestamp="2016-03-31T18:10:04Z"  changeset="38205346" uid="3504615" user="kalaputek">

</node>
<node id="4088789444" lat="50.7653942" lon="16.2799304" version="1" timestamp="2016-03-31T18:10:04Z"  changeset="38205346" uid="3504615" user="kalaputek">

</node>
<node id="5428646174" lat="50.7651551" lon="16.2799779" version="2" timestamp="2019-04-13T15:16:02Z"  changeset="69179917" uid="3696253" user="Artur Wierniewski">

</node>
<node id="6402414277" lat="50.765156" lon="16.2799317" version="1" timestamp="2019-04-13T15:16:00Z"  changeset="69179917" uid="3696253" user="Artur Wierniewski">

</node>
<node id="6402414278" lat="50.76518" lon="16.279997" version="1" timestamp="2019-04-13T15:16:00Z"  changeset="69179917" uid="3696253" user="Artur Wierniewski">

</node>
<node id="6402414279" lat="50.7651419" lon="16.2799447" version="1" timestamp="2019-04-13T15:16:00Z"  changeset="69179917" uid="3696253" user="Artur Wierniewski">

</node>
<node id="6402414280" lat="50.7651659" lon="16.2800091" version="1" timestamp="2019-04-13T15:16:00Z"  changeset="69179917" uid="3696253" user="Artur Wierniewski">

</node>
<node id="6402414281" lat="50.7652481" lon="16.2798436" version="1" timestamp="2019-04-13T15:16:00Z"  changeset="69179917" uid="3696253" user="Artur Wierniewski">

</node>
<node id="6402414282" lat="50.7652743" lon="16.2799142" version="1" timestamp="2019-04-13T15:16:00Z"  changeset="69179917" uid="3696253" user="Artur Wierniewski">

</node>
<node id="6402414283" lat="50.7652822" lon="16.2799067" version="1" timestamp="2019-04-13T15:16:00Z"  changeset="69179917" uid="3696253" user="Artur Wierniewski">

</node>
<node id="6402414284" lat="50.7652749" lon="16.2798863" version="1" timestamp="2019-04-13T15:16:00Z"  changeset="69179917" uid="3696253" user="Artur Wierniewski">

</node>
<node id="6402414485" lat="50.7652697" lon="16.2798906" version="1" timestamp="2019-04-13T15:16:00Z"  changeset="69179917" uid="3696253" user="Artur Wierniewski">

</node>
<node id="6402414486" lat="50.7652595" lon="16.2798616" version="1" timestamp="2019-04-13T15:16:00Z"  changeset="69179917" uid="3696253" user="Artur Wierniewski">

</node>
<node id="6402414487" lat="50.7652641" lon="16.2798574" version="1" timestamp="2019-04-13T15:16:00Z"  changeset="69179917" uid="3696253" user="Artur Wierniewski">

</node>
<node id="6402414488" lat="50.7652561" lon="16.2798362" version="1" timestamp="2019-04-13T15:16:00Z"  changeset="69179917" uid="3696253" user="Artur Wierniewski">

</node>
<node id="1808060653" lat="50.0023613" lon="18.4650279" version="18" timestamp="2025-08-10T12:59:51Z" action="modify" changeset="170244450" uid="3414856" user="Interswd">
	<tag k="addr:city" v="Wodzisław Śląski"/>
	<tag k="addr:housenumber" v="2"/>
	<tag k="addr:postcode" v="44-300"/>
	<tag k="addr:street" v="Księdza Pułkownika Wilhelma Kubsza"/>
	<tag k="air_conditioning" v="no"/>
	<tag k="fee" v="no"/>
	<tag k="museum" v="history"/>
	<tag k="name" v="Muzeum w Wodzisławiu Śląskim"/>
	<tag k="opening_hours" v="tu-fr 8:00-14:00, sa 9:00-14:30, su 14:00-19:30"/>
	<tag k="start_date" v="1971"/>
	<tag k="tourism" v="museum"/>
	<tag k="wheelchair" v="yes"/>
	<tag k="wikidata" v="Q9386762"/>
	<tag k="wikipedia" v="pl:Pałac w Wodzisławiu Śląskim"/>
	<tag k="operator" v="Miasto Wodzisław Śląski"/>
	<tag k="operator:type" v="government"/>
	<tag k="source:tourism" v="Wykaz Muzeów, wypis na dzień 2026-04-09"/>
</node>
<node id="338509179" lat="52.2499728" lon="21.0113893" version="42" timestamp="2026-03-16T01:19:25Z" action="modify" changeset="179922965" uid="3167354" user="Adikso">
	<tag k="addr:city" v="Warszawa"/>
	<tag k="addr:housenumber" v="42"/>
	<tag k="addr:street" v="Rynek Starego Miasta"/>
	<tag k="check_date" v="2024-05-21"/>
	<tag k="fee" v="yes"/>
	<tag k="name" v="Muzeum Warszawy"/>
	<tag k="name:pl" v="Muzeum Warszawy"/>
	<tag k="name:ru" v="Исторический музей Варшавы"/>
	<tag k="name:uk" v="Музей Варшави"/>
	<tag k="old_name" v="Muzeum Historyczne m.st.Warszawy"/>
	<tag k="opening_hours" v="Mo,We,Fr 09:00-17:00; Th 09:00-19:00; Sa-Su 11:00-18:00"/>
	<tag k="ref:ckkp" v="MZ00396"/>
	<tag k="toilets:wheelchair" v="yes"/>
	<tag k="tourism" v="museum"/>
	<tag k="website" v="https://muzeumwarszawy.pl"/>
	<tag k="wheelchair" v="limited"/>
	<tag k="wikidata" v="Q202277"/>
	<tag k="wikipedia" v="pl:Muzeum Warszawy"/>
	<tag k="addr:postcode" v="00-272"/>
	<tag k="operator" v="Miasto Stołeczne Warszawa"/>
	<tag k="operator:type" v="government"/>
	<tag k="source:tourism" v="Wykaz Muzeów, wypis na dzień 2026-04-09"/>
</node>
<node id="9341475660" lat="53.1321387" lon="23.1665229" version="3" timestamp="2025-11-18T15:08:04Z" action="modify" changeset="174820230" uid="1682993" user="szedar">
	<tag k="addr:city" v="Białystok"/>
	<tag k="addr:country" v="PL"/>
	<tag k="addr:housenumber" v="7"/>
	<tag k="addr:postcode" v="15-089"/>
	<tag k="addr:street" v="Jana Kilińskiego"/>
	<tag k="contact:email" v="biuro@mwb.com.pl"/>
	<tag k="contact:facebook" v="https://www.facebook.com/muzeumwojska"/>
	<tag k="contact:instagram" v="https://www.instagram.com/muzeumwojskabialystok/"/>
	<tag k="contact:website" v="https://www.mwb.com.pl/"/>
	<tag k="contact:youtube" v="https://www.youtube.com/user/MuzeumWojska"/>
	<tag k="email" v="biuro@mwb.com.pl"/>
	<tag k="fax" v="+48 85 741 54 48"/>
	<tag k="image" v="File:Muzeum Wojska 01.JPG"/>
	<tag k="name" v="Muzeum Wojska"/>
	<tag k="phone" v="+48 85 741 64 49"/>
	<tag k="source:addr" v="EMUiA (emuia.gugik.gov.pl)"/>
	<tag k="tourism" v="museum"/>
	<tag k="website" v="https://www.mwb.com.pl/"/>
	<tag k="wikidata" v="Q11787250"/>
	<tag k="wikipedia" v="pl:Muzeum Wojska w Białymstoku"/>
	<tag k="source:tourism" v="Wykaz Muzeów, wypis na dzień 2026-04-09"/>
</node>
<way id="238946048" version="13" timestamp="2024-11-14T11:25:49Z" action="modify" changeset="159125908" uid="12901812" user="Alicja1">
	<tag k="access" v="yes"/>
	<tag k="addr:city" v="Liw"/>
	<tag k="addr:city:simc" v="0677926"/>
	<tag k="addr:housenumber" v="2"/>
	<tag k="addr:postcode" v="07-100"/>
	<tag k="addr:street" v="Stefana Batorego"/>
	<tag k="addr:street:sym_ul" v="00891"/>
	<tag k="building" v="castle"/>
	<tag k="building:colour" v="#ffffff"/>
	<tag k="building:levels" v="1"/>
	<tag k="building:material" v="plaster"/>
	<tag k="castle_type" v="manor"/>
	<tag k="historic" v="manor"/>
	<tag k="name" v="Muzeum Zbrojownia na Zamku w Liwie"/>
	<tag k="ref:ckkp" v="MZ00341"/>
	<tag k="roof:colour" v="#E96B39"/>
	<tag k="roof:levels" v="1"/>
	<tag k="roof:material" v="roof_tiles"/>
	<tag k="roof:orientation" v="along"/>
	<tag k="roof:shape" v="mansard"/>
	<tag k="source:addr" v="liw.e-mapa.net"/>
	<tag k="tourism" v="museum"/>
	<tag k="website" v="https://liw-zamek.pl/"/>
	<tag k="wikidata" v="Q1013004"/>
	<tag k="wikimedia_commons" v="Category:Liw Castle"/>
	<tag k="wikipedia" v="pl:Zamek w Liwie"/>
	<tag k="operator" v="Samorząd Województwa Mazowieckiego"/>
	<tag k="operator:type" v="government"/>
	<tag k="source:tourism" v="Wykaz Muzeów, wypis na dzień 2026-04-09"/>
	<nd ref="2467556230"/>
	<nd ref="8639623681"/>
	<nd ref="8639623682"/>
	<nd ref="2467556228"/>
	<nd ref="10799491758"/>
	<nd ref="10799499817"/>
	<nd ref="2467556227"/>
	<nd ref="2467556229"/>
	<nd ref="2467556230"/>
</way>
<node id="2467556227" lat="52.3733965" lon="21.9701484" version="2" timestamp="2021-04-18T09:56:58Z"  changeset="103130181" uid="8341632" user="K4nciasty">

</node>
<node id="2467556228" lat="52.3734978" lon="21.9698378" version="2" timestamp="2021-04-18T09:56:58Z"  changeset="103130181" uid="8341632" user="K4nciasty">

</node>
<node id="2467556229" lat="52.3735002" lon="21.9702435" version="2" timestamp="2021-04-18T09:56:58Z"  changeset="103130181" uid="8341632" user="K4nciasty">

</node>
<node id="2467556230" lat="52.3735962" lon="21.9699507" version="3" timestamp="2023-04-10T14:42:00Z"  changeset="134734315" uid="13889611" user="cytryn">

</node>
<node id="8639623681" lat="52.3735809" lon="21.9699377" version="1" timestamp="2021-04-18T09:56:58Z"  changeset="103130181" uid="8341632" user="K4nciasty">

</node>
<node id="8639623682" lat="52.3735857" lon="21.9699209" version="1" timestamp="2021-04-18T09:56:58Z"  changeset="103130181" uid="8341632" user="K4nciasty">

</node>
<node id="10799491758" lat="52.3734487" lon="21.9699883" version="1" timestamp="2023-04-10T14:42:00Z"  changeset="134734315" uid="13889611" user="cytryn">
	<tag k="door" v="hinged"/>
	<tag k="entrance" v="main"/>
</node>
<node id="10799499817" lat="52.3734436" lon="21.9700041" version="1" timestamp="2023-04-10T14:42:00Z"  changeset="134734315" uid="13889611" user="cytryn">
	<tag k="historic" v="memorial"/>
	<tag k="material" v="metal"/>
	<tag k="memorial" v="plaque"/>
	<tag k="name" v="Otto Warpechowski"/>
	<tag k="start_date" v="2015-05-05"/>
	<tag k="subject:wikidata" v="Q98713482"/>
	<tag k="subject:wikipedia" v="pl:Otto Warpechowski"/>
	<tag k="support" v="wall"/>
	<tag k="wikimedia_commons" v="File:Liw--21lpbnei.jpg"/>
</node>
<way id="290466264" version="7" timestamp="2025-04-02T18:25:44Z" action="modify" changeset="164434130" uid="6668641" user="syntex">
	<tag k="addr:city" v="Błonie"/>
	<tag k="addr:city:simc" v="0920249"/>
	<tag k="addr:housenumber" v="1"/>
	<tag k="addr:postcode" v="05-870"/>
	<tag k="addr:street" v="Cypriana Kamila Norwida"/>
	<tag k="building" v="public"/>
	<tag k="building:levels" v="2"/>
	<tag k="email" v="sekretariat@muzeumblonie.pl"/>
	<tag k="historic" v="yes"/>
	<tag k="mobile" v="+48 506 381 768"/>
	<tag k="name" v="Muzeum Ziemi Błońskiej"/>
	<tag k="opening_hours" v="Tu,Th,Fr 10:00-16:00; We 10:00-17:00; Sa 14:00-18:00"/>
	<tag k="phone" v="+48 22 770 70 30"/>
	<tag k="source:addr" v="blonie.e-mapa.net"/>
	<tag k="source:building" v="BDOT"/>
	<tag k="source:geometry" v="EGiB"/>
	<tag k="tourism" v="museum"/>
	<tag k="website" v="https://muzeumblonie.pl/"/>
	<tag k="operator" v="Gmina Błonie"/>
	<tag k="operator:type" v="government"/>
	<tag k="source:tourism" v="Wykaz Muzeów, wypis na dzień 2026-04-09"/>
	<nd ref="2939920517"/>
	<nd ref="12599696261"/>
	<nd ref="12599696260"/>
	<nd ref="12599696259"/>
	<nd ref="2939920520"/>
	<nd ref="12599696258"/>
	<nd ref="12599696257"/>
	<nd ref="12599696256"/>
	<nd ref="12599696255"/>
	<nd ref="2939920519"/>
	<nd ref="12599696254"/>
	<nd ref="12599696253"/>
	<nd ref="2939920518"/>
	<nd ref="12599696252"/>
	<nd ref="2939920517"/>
</way>
<node id="2939920517" lat="52.192876" lon="20.617046" version="2" timestamp="2025-02-19T01:02:42Z"  changeset="162682195" uid="6668641" user="syntex">

</node>
<node id="2939920518" lat="52.192938" lon="20.617206" version="2" timestamp="2025-02-19T01:02:42Z"  changeset="162682195" uid="6668641" user="syntex">

</node>
<node id="2939920519" lat="52.192729" lon="20.617155" version="3" timestamp="2025-02-19T01:02:42Z"  changeset="162682195" uid="6668641" user="syntex">

</node>
<node id="2939920520" lat="52.192763" lon="20.617011" version="3" timestamp="2025-02-19T01:02:42Z"  changeset="162682195" uid="6668641" user="syntex">

</node>
<node id="12599696252" lat="52.192954" lon="20.617071" version="1" timestamp="2025-02-19T01:02:41Z"  changeset="162682195" uid="6668641" user="syntex">

</node>
<node id="12599696253" lat="52.192752" lon="20.617148" version="1" timestamp="2025-02-19T01:02:41Z"  changeset="162682195" uid="6668641" user="syntex">

</node>
<node id="12599696254" lat="52.192743" lon="20.617159" version="1" timestamp="2025-02-19T01:02:41Z"  changeset="162682195" uid="6668641" user="syntex">

</node>
<node id="12599696255" lat="52.192724" lon="20.617139" version="1" timestamp="2025-02-19T01:02:41Z"  changeset="162682195" uid="6668641" user="syntex">

</node>
<node id="12599696256" lat="52.19271" lon="20.617134" version="1" timestamp="2025-02-19T01:02:41Z"  changeset="162682195" uid="6668641" user="syntex">

</node>
<node id="12599696257" lat="52.192718" lon="20.617061" version="1" timestamp="2025-02-19T01:02:41Z"  changeset="162682195" uid="6668641" user="syntex">

</node>
<node id="12599696258" lat="52.192755" lon="20.617073" version="1" timestamp="2025-02-19T01:02:41Z"  changeset="162682195" uid="6668641" user="syntex">

</node>
<node id="12599696259" lat="52.192829" lon="20.617032" version="1" timestamp="2025-02-19T01:02:41Z"  changeset="162682195" uid="6668641" user="syntex">

</node>
<node id="12599696260" lat="52.192835" lon="20.616982" version="1" timestamp="2025-02-19T01:02:41Z"  changeset="162682195" uid="6668641" user="syntex">

</node>
<node id="12599696261" lat="52.192882" lon="20.616996" version="1" timestamp="2025-02-19T01:02:41Z"  changeset="162682195" uid="6668641" user="syntex">

</node>
<node id="8936518201" lat="53.0640422" lon="19.4099284" version="2" timestamp="2024-06-28T10:54:07Z" action="modify" changeset="153287469" uid="9451067" user="b-jazz-bot">
	<tag k="addr:housenumber" v="20"/>
	<tag k="addr:street" v="Warszawska"/>
	<tag k="name" v="Muzeum Ziemi Dobrzyńskiej w Rypinie"/>
	<tag k="phone" v="+48 54 280 25 14"/>
	<tag k="tourism" v="museum"/>
	<tag k="website" v="https://muzeum.rypin.eu/"/>
	<tag k="addr:postcode" v="87-500"/>
	<tag k="addr:city" v="Rypin"/>
	<tag k="operator" v="Miasto Rypin"/>
	<tag k="operator:type" v="government"/>
	<tag k="source:tourism" v="Wykaz Muzeów, wypis na dzień 2026-04-09"/>
</node>
<way id="226079134" version="11" timestamp="2024-02-17T13:03:20Z" action="modify" changeset="147570354" uid="6751278" user="G_P_J">
	<tag k="addr:city" v="Kościerzyna"/>
	<tag k="addr:city:simc" v="0934553"/>
	<tag k="addr:housenumber" v="9"/>
	<tag k="addr:postcode" v="83-400"/>
	<tag k="addr:street" v="Rynek"/>
	<tag k="addr:street:sym_ul" v="19253"/>
	<tag k="building" v="yes"/>
	<tag k="fee" v="yes"/>
	<tag k="name" v="Muzeum Ziemi Kościerskiej im. dra Jerzego Knyby w Kościerzynie"/>
	<tag k="opening_hours" v="Oct-Apr Mo-Fr 08:00-16:00; May-Aug Mo 10:00-16:00; May-Aug Tu-Sa 10:00-18:00; May-Aug Su 12:00-18:00; Sep Mo-Fr 08:00-16:00; Sep Sa 10:00-18:00; Sep Su 12:00-18:00"/>
	<tag k="source:addr" v="mkoscierzyna.e-mapa.net"/>
	<tag k="tourism" v="museum"/>
	<tag k="website" v="https://muzeumziemikoscierskiej.com.pl/muzeum/"/>
	<tag k="operator" v="Gmina Miejska Kościerzyna"/>
	<tag k="operator:type" v="government"/>
	<tag k="source:tourism" v="Wykaz Muzeów, wypis na dzień 2026-04-09"/>
	<nd ref="2349365881"/>
	<nd ref="1825276714"/>
	<nd ref="2349365895"/>
	<nd ref="2349365909"/>
	<nd ref="2349365902"/>
	<nd ref="2349365881"/>
</way>
<node id="1825276714" lat="54.1223657" lon="17.9786041" version="4" timestamp="2025-08-02T13:43:16Z"  changeset="169864021" uid="22993041" user="wronman">
	<tag k="amenity" v="clock"/>
	<tag k="check_date" v="2023-08-03"/>
	<tag k="indoor" v="no"/>
	<tag k="source" v="survey"/>
</node>
<node id="2349365881" lat="54.1223363" lon="17.9786613" version="1" timestamp="2013-06-17T13:41:37Z"  changeset="16590072" uid="681295" user="przemas75">

</node>
<node id="2349365895" lat="54.1223925" lon="17.9785592" version="1" timestamp="2013-06-17T13:41:37Z"  changeset="16590072" uid="681295" user="przemas75">

</node>
<node id="2349365902" lat="54.1224484" lon="17.9788441" version="2" timestamp="2015-07-24T13:05:07Z"  changeset="32848930" uid="1362684" user="Kwiatkos">

</node>
<node id="2349365909" lat="54.1225046" lon="17.9787391" version="1" timestamp="2013-06-17T13:41:37Z"  changeset="16590072" uid="681295" user="przemas75">

</node>
<way id="117730135" version="9" timestamp="2020-08-01T04:32:22Z" action="modify" changeset="88805427" uid="5691345" user="madu21">
	<tag k="addr:city" v="Leżajsk"/>
	<tag k="addr:housenumber" v="20a"/>
	<tag k="addr:postcode" v="37-300"/>
	<tag k="addr:street" v="Adama Mickiewicza"/>
	<tag k="building" v="yes"/>
	<tag k="description" v="Muzeum regionalne obejmujące kilka obiektów na terenie miasta Leżajska, z siedzibą w XVIII-wiecznym Dworze Starościńskim. Ekspozycja historyczna miasta i regionu, Ekspozycja Etnograficzno-Zabawkarska, Ekspozycja Browarnicza."/>
	<tag k="email" v="informacja@muzeum-lezajsk.pl"/>
	<tag k="fax" v="+48 17 240 22 35"/>
	<tag k="image" v="https://upload.wikimedia.org/wikipedia/commons/6/6e/Lezajsk%2C_muzeum.jpg"/>
	<tag k="name" v="Muzeum Ziemi Leżajskiej"/>
	<tag k="phone" v="+48 17 240 22 35"/>
	<tag k="source:addr" v="UM Leżajsk (emuia.gugik.gov.pl)"/>
	<tag k="start_date" v="2008-01-01"/>
	<tag k="tourism" v="museum"/>
	<tag k="website" v="http://www.muzeum-lezajsk.pl"/>
	<tag k="wikidata" v="Q11787276"/>
	<tag k="wikipedia" v="pl:Muzeum Ziemi Leżajskiej"/>
	<tag k="operator" v="Powiat Leżajski"/>
	<tag k="operator:type" v="government"/>
	<tag k="source:tourism" v="Wykaz Muzeów, wypis na dzień 2026-04-09"/>
	<nd ref="1325718584"/>
	<nd ref="1325718643"/>
	<nd ref="1325718635"/>
	<nd ref="7774865611"/>
	<nd ref="7774865610"/>
	<nd ref="1325718625"/>
	<nd ref="7774865609"/>
	<nd ref="7774865608"/>
	<nd ref="1325718645"/>
	<nd ref="4205764893"/>
	<nd ref="1325718648"/>
	<nd ref="7774865606"/>
	<nd ref="7774865607"/>
	<nd ref="1325718605"/>
	<nd ref="1325718621"/>
	<nd ref="1325718555"/>
	<nd ref="2126567046"/>
	<nd ref="1325718639"/>
	<nd ref="1325718604"/>
	<nd ref="1325718584"/>
</way>
<node id="1325718555" lat="50.2550042" lon="22.4228216" version="3" timestamp="2020-08-01T04:32:22Z"  changeset="88805427" uid="5691345" user="madu21">

</node>
<node id="1325718584" lat="50.2552495" lon="22.4228257" version="3" timestamp="2020-08-01T04:32:22Z"  changeset="88805427" uid="5691345" user="madu21">

</node>
<node id="1325718604" lat="50.2550889" lon="22.4228716" version="3" timestamp="2020-08-01T04:32:22Z"  changeset="88805427" uid="5691345" user="madu21">

</node>
<node id="1325718605" lat="50.2548551" lon="22.4229335" version="3" timestamp="2020-08-01T04:32:22Z"  changeset="88805427" uid="5691345" user="madu21">

</node>
<node id="1325718621" lat="50.2550135" lon="22.4228939" version="3" timestamp="2020-08-01T04:32:22Z"  changeset="88805427" uid="5691345" user="madu21">

</node>
<node id="1325718625" lat="50.2552119" lon="22.4230577" version="3" timestamp="2020-08-01T04:32:22Z"  changeset="88805427" uid="5691345" user="madu21">

</node>
<node id="1325718635" lat="50.2552159" lon="22.4229519" version="3" timestamp="2020-08-01T04:32:22Z"  changeset="88805427" uid="5691345" user="madu21">

</node>
<node id="1325718639" lat="50.2550824" lon="22.4228008" version="3" timestamp="2020-08-01T04:32:22Z"  changeset="88805427" uid="5691345" user="madu21">

</node>
<node id="1325718643" lat="50.2552622" lon="22.4229343" version="3" timestamp="2020-08-01T04:32:22Z"  changeset="88805427" uid="5691345" user="madu21">

</node>
<node id="1325718645" lat="50.2549066" lon="22.4231355" version="3" timestamp="2020-08-01T04:32:22Z"  changeset="88805427" uid="5691345" user="madu21">

</node>
<node id="1325718648" lat="50.2548846" lon="22.423047" version="3" timestamp="2020-08-01T04:32:22Z"  changeset="88805427" uid="5691345" user="madu21">

</node>
<node id="2126567046" lat="50.2550404" lon="22.4228121" version="3" timestamp="2020-09-15T07:26:25Z"  changeset="90906159" uid="2248372" user="Bodzio_">
	<tag k="entrance" v="yes"/>
</node>
<node id="4205764893" lat="50.2548951" lon="22.4230426" version="2" timestamp="2020-08-01T04:32:22Z"  changeset="88805427" uid="5691345" user="madu21">

</node>
<node id="7774865606" lat="50.2548814" lon="22.4230084" version="1" timestamp="2020-08-01T04:32:22Z"  changeset="88805427" uid="5691345" user="madu21">

</node>
<node id="7774865607" lat="50.2548653" lon="22.4230112" version="1" timestamp="2020-08-01T04:32:22Z"  changeset="88805427" uid="5691345" user="madu21">

</node>
<node id="7774865608" lat="50.2549249" lon="22.4231284" version="1" timestamp="2020-08-01T04:32:22Z"  changeset="88805427" uid="5691345" user="madu21">

</node>
<node id="7774865609" lat="50.2549269" lon="22.4231383" version="1" timestamp="2020-08-01T04:32:22Z"  changeset="88805427" uid="5691345" user="madu21">

</node>
<node id="7774865610" lat="50.2552147" lon="22.4230678" version="1" timestamp="2020-08-01T04:32:22Z"  changeset="88805427" uid="5691345" user="madu21">

</node>
<node id="7774865611" lat="50.2552306" lon="22.4230636" version="1" timestamp="2020-08-01T04:32:22Z"  changeset="88805427" uid="5691345" user="madu21">

</node>
<way id="326376336" version="10" timestamp="2025-08-17T09:56:51Z" action="modify" changeset="170557516" uid="3610826" user="km2bp">
	<tag k="addr:city" v="Wschowa"/>
	<tag k="addr:housenumber" v="2"/>
	<tag k="addr:postcode" v="67-400"/>
	<tag k="addr:street" v="Plac Zamkowy"/>
	<tag k="building" v="yes"/>
	<tag k="image" v="https://photos.app.goo.gl/txG6ix4h9t2fCYVSA"/>
	<tag k="mapillary" v="396932384688091"/>
	<tag k="museum" v="local"/>
	<tag k="name" v="Muzeum Ziemi Wschowskiej"/>
	<tag k="source:addr" v="wschowa.e-mapa.net"/>
	<tag k="tourism" v="museum"/>
	<tag k="url" v="https://fotopolska.eu/32430,obiekt.html?map_z=19"/>
	<tag k="url:0" v="https://polska-org.pl/4922726,Wschowa,Kamienica_nr_2_Muzeum_Ziemi_Wschowskiej.html"/>
	<tag k="website" v="https://muzeum.wschowa.pl/"/>
	<tag k="wikidata" v="Q11787286"/>
	<tag k="wikipedia" v="pl:Muzeum Ziemi Wschowskiej"/>
	<tag k="operator" v="Gmina Wschowa"/>
	<tag k="operator:type" v="government"/>
	<tag k="source:tourism" v="Wykaz Muzeów, wypis na dzień 2026-04-09"/>
	<nd ref="3330089778"/>
	<nd ref="3330089777"/>
	<nd ref="3330089773"/>
	<nd ref="3330089774"/>
	<nd ref="4226205508"/>
	<nd ref="3330089778"/>
</way>
<node id="3330089773" lat="51.8031751" lon="16.3178434" version="4" timestamp="2019-10-13T20:35:10Z"  changeset="75634287" uid="3610826" user="km2bp">

</node>
<node id="3330089774" lat="51.8032054" lon="16.3177318" version="4" timestamp="2019-10-13T20:35:10Z"  changeset="75634287" uid="3610826" user="km2bp">

</node>
<node id="3330089777" lat="51.8033514" lon="16.3179597" version="4" timestamp="2019-10-13T20:35:10Z"  changeset="75634287" uid="3610826" user="km2bp">

</node>
<node id="3330089778" lat="51.8033796" lon="16.3178464" version="4" timestamp="2019-10-13T20:35:10Z"  changeset="75634287" uid="3610826" user="km2bp">

</node>
<node id="4226205508" lat="51.8032272" lon="16.3177462" version="2" timestamp="2019-10-13T20:35:10Z"  changeset="75634287" uid="3610826" user="km2bp">

</node>
<way id="1150819830" version="1" timestamp="2023-03-02T22:59:51Z" action="modify" changeset="133230619" uid="18089394" user="Mrksmlk">
	<tag k="museum" v="open_air"/>
	<tag k="name" v="Podlaskie Muzeum Kultury Ludowej"/>
	<tag k="tourism" v="museum"/>
	<tag k="addr:postcode" v="16-010"/>
	<tag k="addr:city" v="Wasilków"/>
	<tag k="addr:street" v="Leśna"/>
	<tag k="addr:housenumber" v="7"/>
	<tag k="operator" v="Województwo Podlaskie"/>
	<tag k="operator:type" v="government"/>
	<tag k="source:tourism" v="Wykaz Muzeów, wypis na dzień 2026-04-09"/>
	<nd ref="10705451144"/>
	<nd ref="10705451145"/>
	<nd ref="10705451146"/>
	<nd ref="10705451147"/>
	<nd ref="10705451148"/>
	<nd ref="10705451149"/>
	<nd ref="10705451150"/>
	<nd ref="10705451151"/>
	<nd ref="10705451144"/>
</way>
<node id="10705451144" lat="53.1762784" lon="23.1483466" version="1" timestamp="2023-03-02T22:59:51Z"  changeset="133230619" uid="18089394" user="Mrksmlk">

</node>
<node id="10705451145" lat="53.1763768" lon="23.1483288" version="1" timestamp="2023-03-02T22:59:51Z"  changeset="133230619" uid="18089394" user="Mrksmlk">

</node>
<node id="10705451146" lat="53.1764871" lon="23.1481518" version="1" timestamp="2023-03-02T22:59:51Z"  changeset="133230619" uid="18089394" user="Mrksmlk">

</node>
<node id="10705451147" lat="53.1765402" lon="23.1478545" version="1" timestamp="2023-03-02T22:59:51Z"  changeset="133230619" uid="18089394" user="Mrksmlk">

</node>
<node id="10705451148" lat="53.1765168" lon="23.1477625" version="1" timestamp="2023-03-02T22:59:51Z"  changeset="133230619" uid="18089394" user="Mrksmlk">

</node>
<node id="10705451149" lat="53.1761011" lon="23.1476846" version="1" timestamp="2023-03-02T22:59:51Z"  changeset="133230619" uid="18089394" user="Mrksmlk">

</node>
<node id="10705451150" lat="53.1760927" lon="23.1477196" version="1" timestamp="2023-03-02T22:59:51Z"  changeset="133230619" uid="18089394" user="Mrksmlk">

</node>
<node id="10705451151" lat="53.1761317" lon="23.1482051" version="1" timestamp="2023-03-02T22:59:51Z"  changeset="133230619" uid="18089394" user="Mrksmlk">

</node>
<way id="186141946" version="22" timestamp="2024-11-11T21:19:51Z" action="modify" changeset="159026995" uid="67255" user="Rogoyski">
	<tag k="addr:city" v="Warszawa"/>
	<tag k="addr:city:simc" v="0918123"/>
	<tag k="addr:housenumber" v="6"/>
	<tag k="addr:postcode" v="00-157"/>
	<tag k="addr:street" v="Mordechaja Anielewicza"/>
	<tag k="building" v="public"/>
	<tag k="building:levels" v="4"/>
	<tag k="contact:phone" v="+48 224710300"/>
	<tag k="contact:website" v="http://www.polin.pl"/>
	<tag k="fee" v="yes"/>
	<tag k="internet_access" v="wlan"/>
	<tag k="name" v="Muzeum Historii Żydów Polskich Polin"/>
	<tag k="name:de" v="Museum der Geschichte der polnischen Juden"/>
	<tag k="name:en" v="Polin Museum of the History of Polish Jews"/>
	<tag k="name:fr" v="Musée de l'Histoire des Juifs polonais"/>
	<tag k="name:it" v="POLIN Museo della storia degli ebrei polacchi"/>
	<tag k="name:nl" v="Museum voor de Geschiedenis van de Poolse Joden (POLIN)"/>
	<tag k="name:pl" v="Muzeum Historii Żydów Polskich Polin"/>
	<tag k="opening_hours" v="Mo, We-Fr, Su 10:00-18:00; Sa 10:00-20:00; Tu off"/>
	<tag k="source" v="www.geoportal.gov.pl"/>
	<tag k="source:addr" v="gugik.gov.pl"/>
	<tag k="toilets:wheelchair" v="yes"/>
	<tag k="tourism" v="museum"/>
	<tag k="wheelchair" v="yes"/>
	<tag k="wikidata" v="Q429069"/>
	<tag k="wikipedia" v="pl:Muzeum Historii Żydów Polskich Polin"/>
	<tag k="operator" v="Minister Kultury i Dziedzictwa Narodowego"/>
	<tag k="operator:type" v="government"/>
	<tag k="source:tourism" v="Wykaz Muzeów, wypis na dzień 2026-04-09"/>
	<nd ref="9960443473"/>
	<nd ref="9960443617"/>
	<nd ref="9960443329"/>
	<nd ref="9960443897"/>
	<nd ref="1968390763"/>
	<nd ref="9960443554"/>
	<nd ref="9960443695"/>
	<nd ref="4401262391"/>
	<nd ref="9960443330"/>
	<nd ref="1968390762"/>
	<nd ref="9960443436"/>
	<nd ref="9960443585"/>
	<nd ref="9960443727"/>
	<nd ref="9960443866"/>
	<nd ref="1968390764"/>
	<nd ref="9960443526"/>
	<nd ref="9960443534"/>
	<nd ref="9960443666"/>
	<nd ref="9960443809"/>
	<nd ref="9960443943"/>
	<nd ref="9960443464"/>
	<nd ref="2625487339"/>
	<nd ref="12332559062"/>
	<nd ref="9960443753"/>
	<nd ref="9960443892"/>
	<nd ref="12332559063"/>
	<nd ref="9960443401"/>
	<nd ref="11139680864"/>
	<nd ref="1968390765"/>
	<nd ref="9960443685"/>
	<nd ref="9960443830"/>
	<nd ref="9960443967"/>
	<nd ref="9960443483"/>
	<nd ref="9960443626"/>
	<nd ref="9960443768"/>
	<nd ref="9960443777"/>
	<nd ref="2906396248"/>
	<nd ref="9960443473"/>
</way>
<node id="1968390762" lat="52.2489627" lon="20.9929895" version="6" timestamp="2022-08-17T22:45:47Z"  changeset="125037930" uid="6668641" user="syntex">

</node>
<node id="1968390763" lat="52.2492593" lon="20.993812" version="6" timestamp="2022-08-17T22:45:47Z"  changeset="125037930" uid="6668641" user="syntex">

</node>
<node id="1968390764" lat="52.2494605" lon="20.9924955" version="6" timestamp="2022-08-17T22:45:47Z"  changeset="125037930" uid="6668641" user="syntex">

</node>
<node id="1968390765" lat="52.2497636" lon="20.9933296" version="6" timestamp="2022-08-17T22:45:47Z"  changeset="125037930" uid="6668641" user="syntex">

</node>
<node id="2625487339" lat="52.249576" lon="20.9928093" version="3" timestamp="2022-08-17T22:45:47Z"  changeset="125037930" uid="6668641" user="syntex">

</node>
<node id="2906396248" lat="52.2493931" lon="20.9937033" version="2" timestamp="2022-08-17T22:45:47Z"  changeset="125037930" uid="6668641" user="syntex">
	<tag k="entrance" v="main"/>
</node>
<node id="4401262391" lat="52.2490972" lon="20.993362" version="3" timestamp="2024-11-11T21:19:50Z"  changeset="159026995" uid="67255" user="Rogoyski">
	<tag k="access" v="private"/>
	<tag k="entrance" v="yes"/>
	<tag k="wheelchair" v="yes"/>
</node>
<node id="9960443329" lat="52.2493445" lon="20.9937295" version="1" timestamp="2022-08-17T22:45:46Z"  changeset="125037930" uid="6668641" user="syntex">

</node>
<node id="9960443330" lat="52.249074" lon="20.9932977" version="1" timestamp="2022-08-17T22:45:46Z"  changeset="125037930" uid="6668641" user="syntex">

</node>
<node id="9960443401" lat="52.2496189" lon="20.9929285" version="1" timestamp="2022-08-17T22:45:46Z"  changeset="125037930" uid="6668641" user="syntex">

</node>
<node id="9960443436" lat="52.2491074" lon="20.992851" version="1" timestamp="2022-08-17T22:45:46Z"  changeset="125037930" uid="6668641" user="syntex">

</node>
<node id="9960443464" lat="52.2495509" lon="20.9927402" version="1" timestamp="2022-08-17T22:45:46Z"  changeset="125037930" uid="6668641" user="syntex">

</node>
<node id="9960443473" lat="52.2493501" lon="20.9937443" version="1" timestamp="2022-08-17T22:45:46Z"  changeset="125037930" uid="6668641" user="syntex">

</node>
<node id="9960443483" lat="52.2494801" lon="20.9936008" version="1" timestamp="2022-08-17T22:45:46Z"  changeset="125037930" uid="6668641" user="syntex">

</node>
<node id="9960443526" lat="52.2494651" lon="20.9925083" version="1" timestamp="2022-08-17T22:45:46Z"  changeset="125037930" uid="6668641" user="syntex">

</node>
<node id="9960443534" lat="52.2494709" lon="20.9925029" version="1" timestamp="2022-08-17T22:45:46Z"  changeset="125037930" uid="6668641" user="syntex">

</node>
<node id="9960443554" lat="52.2492017" lon="20.993652" version="1" timestamp="2022-08-17T22:45:46Z"  changeset="125037930" uid="6668641" user="syntex">

</node>
<node id="9960443585" lat="52.2493318" lon="20.9926361" version="1" timestamp="2022-08-17T22:45:46Z"  changeset="125037930" uid="6668641" user="syntex">

</node>
<node id="9960443617" lat="52.2493471" lon="20.9937475" version="1" timestamp="2022-08-17T22:45:46Z"  changeset="125037930" uid="6668641" user="syntex">

</node>
<node id="9960443626" lat="52.2494633" lon="20.9936169" version="1" timestamp="2022-08-17T22:45:46Z"  changeset="125037930" uid="6668641" user="syntex">

</node>
<node id="9960443666" lat="52.2494713" lon="20.9925023" version="1" timestamp="2022-08-17T22:45:46Z"  changeset="125037930" uid="6668641" user="syntex">

</node>
<node id="9960443685" lat="52.2496361" lon="20.9934515" version="1" timestamp="2022-08-17T22:45:46Z"  changeset="125037930" uid="6668641" user="syntex">

</node>
<node id="9960443695" lat="52.2491249" lon="20.9934384" version="1" timestamp="2022-08-17T22:45:46Z"  changeset="125037930" uid="6668641" user="syntex">

</node>
<node id="9960443727" lat="52.249445" lon="20.9925276" version="1" timestamp="2022-08-17T22:45:46Z"  changeset="125037930" uid="6668641" user="syntex">

</node>
<node id="9960443753" lat="52.2496047" lon="20.9927823" version="1" timestamp="2022-08-17T22:45:46Z"  changeset="125037930" uid="6668641" user="syntex">

</node>
<node id="9960443768" lat="52.2494686" lon="20.9936315" version="1" timestamp="2022-08-17T22:45:46Z"  changeset="125037930" uid="6668641" user="syntex">

</node>
<node id="9960443777" lat="52.2494656" lon="20.9936341" version="1" timestamp="2022-08-17T22:45:46Z"  changeset="125037930" uid="6668641" user="syntex">

</node>
<node id="9960443809" lat="52.2494708" lon="20.9924977" version="1" timestamp="2022-08-17T22:45:46Z"  changeset="125037930" uid="6668641" user="syntex">

</node>
<node id="9960443830" lat="52.2495874" lon="20.9934982" version="1" timestamp="2022-08-17T22:45:46Z"  changeset="125037930" uid="6668641" user="syntex">

</node>
<node id="9960443866" lat="52.2494404" lon="20.9925147" version="1" timestamp="2022-08-17T22:45:46Z"  changeset="125037930" uid="6668641" user="syntex">

</node>
<node id="9960443892" lat="52.2496474" lon="20.9929012" version="1" timestamp="2022-08-17T22:45:46Z"  changeset="125037930" uid="6668641" user="syntex">

</node>
<node id="9960443897" lat="52.2492955" lon="20.993777" version="1" timestamp="2022-08-17T22:45:46Z"  changeset="125037930" uid="6668641" user="syntex">

</node>
<node id="9960443943" lat="52.2495328" lon="20.9924391" version="1" timestamp="2022-08-17T22:45:46Z"  changeset="125037930" uid="6668641" user="syntex">

</node>
<node id="9960443967" lat="52.2495129" lon="20.9935694" version="1" timestamp="2022-08-17T22:45:46Z"  changeset="125037930" uid="6668641" user="syntex">

</node>
<node id="11139680864" lat="52.2496801" lon="20.9930981" version="2" timestamp="2024-11-11T21:19:51Z"  changeset="159026995" uid="67255" user="Rogoyski">

</node>
<node id="12332559062" lat="52.2495916" lon="20.9927946" version="1" timestamp="2024-11-11T21:19:50Z"  changeset="159026995" uid="67255" user="Rogoyski">

</node>
<node id="12332559063" lat="52.2496343" lon="20.9929137" version="1" timestamp="2024-11-11T21:19:50Z"  changeset="159026995" uid="67255" user="Rogoyski">

</node>
<way id="372081183" version="8" timestamp="2024-11-14T12:01:50Z" action="modify" changeset="159127317" uid="12901812" user="Alicja1">
	<tag k="addr:city" v="Warka"/>
	<tag k="addr:housenumber" v="24"/>
	<tag k="addr:postcode" v="05-660"/>
	<tag k="addr:street" v="Kazimierza Pułaskiego"/>
	<tag k="building" v="yes"/>
	<tag k="building:levels" v="2"/>
	<tag k="fee" v="yes"/>
	<tag k="historic" v="yes"/>
	<tag k="name" v="Muzeum im. Kazimierza Pułaskiego w Warce"/>
	<tag k="opening_hours" v="May-Sep We-Fr 10:00-17:00; Oct-Apr We-Fr 09:00-16:00; May-Sep Sa-Su 10:00-18:00; Oct-Apr Sa-Su 10:00-17:00"/>
	<tag k="phone" v="+48 48 667 22 67"/>
	<tag k="ref:ckkp" v="MZ00709"/>
	<tag k="source:building" v="BDOT"/>
	<tag k="tourism" v="museum"/>
	<tag k="wikidata" v="Q11787030"/>
	<tag k="wikipedia" v="pl:Muzeum Kazimierza Pułaskiego w Warce"/>
	<tag k="operator" v="Minister Kultury i Dziedzictwa Narodowego"/>
	<tag k="operator:type" v="government"/>
	<tag k="source:tourism" v="Wykaz Muzeów, wypis na dzień 2026-04-09"/>
	<nd ref="3756171725"/>
	<nd ref="3756168824"/>
	<nd ref="3756168823"/>
	<nd ref="3756168822"/>
	<nd ref="3756168821"/>
	<nd ref="10123573558"/>
	<nd ref="10123573557"/>
	<nd ref="10123573556"/>
	<nd ref="10123573555"/>
	<nd ref="3756168820"/>
	<nd ref="10123573564"/>
	<nd ref="10123573563"/>
	<nd ref="10123573562"/>
	<nd ref="10123573561"/>
	<nd ref="10123573560"/>
	<nd ref="10123573559"/>
	<nd ref="3756168819"/>
	<nd ref="3756171726"/>
	<nd ref="3756171725"/>
</way>
<node id="3756168819" lat="51.7886272" lon="21.2047095" version="4" timestamp="2024-06-30T18:50:42Z"  changeset="153381744" uid="6668641" user="syntex">

</node>
<node id="3756168820" lat="51.7884935" lon="21.2042467" version="4" timestamp="2024-06-30T18:50:42Z"  changeset="153381744" uid="6668641" user="syntex">

</node>
<node id="3756168821" lat="51.788357" lon="21.2043472" version="4" timestamp="2024-06-30T18:50:42Z"  changeset="153381744" uid="6668641" user="syntex">

</node>
<node id="3756168822" lat="51.7883984" lon="21.2044895" version="4" timestamp="2024-06-30T18:50:42Z"  changeset="153381744" uid="6668641" user="syntex">

</node>
<node id="3756168823" lat="51.7884103" lon="21.2044806" version="4" timestamp="2024-06-30T18:50:42Z"  changeset="153381744" uid="6668641" user="syntex">

</node>
<node id="3756168824" lat="51.7884682" lon="21.2046833" version="4" timestamp="2024-06-30T18:50:42Z"  changeset="153381744" uid="6668641" user="syntex">

</node>
<node id="3756171725" lat="51.7885031" lon="21.2046582" version="4" timestamp="2024-06-30T18:50:42Z"  changeset="153381744" uid="6668641" user="syntex">

</node>
<node id="3756171726" lat="51.7885371" lon="21.2047742" version="4" timestamp="2024-06-30T18:50:42Z"  changeset="153381744" uid="6668641" user="syntex">

</node>
<node id="10123573555" lat="51.7884417" lon="21.2042851" version="1" timestamp="2022-10-23T11:45:14Z"  changeset="127953810" uid="5060085" user="Piotr Strębski">

</node>
<node id="10123573556" lat="51.7884404" lon="21.2042782" version="2" timestamp="2024-06-30T18:50:46Z"  changeset="153381744" uid="6668641" user="syntex">

</node>
<node id="10123573557" lat="51.7884062" lon="21.2043045" version="2" timestamp="2024-06-30T18:50:46Z"  changeset="153381744" uid="6668641" user="syntex">

</node>
<node id="10123573558" lat="51.788408" lon="21.2043104" version="2" timestamp="2024-06-30T18:50:46Z"  changeset="153381744" uid="6668641" user="syntex">

</node>
<node id="10123573559" lat="51.7885934" lon="21.2045931" version="2" timestamp="2024-06-30T18:50:46Z"  changeset="153381744" uid="6668641" user="syntex">

</node>
<node id="10123573560" lat="51.7885904" lon="21.2045953" version="2" timestamp="2024-06-30T18:50:46Z"  changeset="153381744" uid="6668641" user="syntex">

</node>
<node id="10123573561" lat="51.7885337" lon="21.2043889" version="2" timestamp="2024-06-30T18:50:46Z"  changeset="153381744" uid="6668641" user="syntex">

</node>
<node id="10123573562" lat="51.7885382" lon="21.2043856" version="2" timestamp="2024-06-30T18:50:46Z"  changeset="153381744" uid="6668641" user="syntex">

</node>
<node id="10123573563" lat="51.7885154" lon="21.2043063" version="2" timestamp="2024-06-30T18:50:46Z"  changeset="153381744" uid="6668641" user="syntex">

</node>
<node id="10123573564" lat="51.7885113" lon="21.2043095" version="2" timestamp="2024-06-30T18:50:46Z"  changeset="153381744" uid="6668641" user="syntex">

</node>
<node id="2975521950" lat="52.1585582" lon="21.0718394" version="5" timestamp="2024-01-16T19:24:04Z" action="modify" changeset="146336069" uid="11306447" user="starsep">
	<tag k="charge" v="25 PLN"/>
	<tag k="contact:email" v="biuro@muzeumjp2.pl"/>
	<tag k="contact:fax" v="+48 222019721"/>
	<tag k="contact:phone" v="+48 222019714"/>
	<tag k="contact:website" v="https://mt514.pl/"/>
	<tag k="fee" v="yes"/>
	<tag k="name" v="Muzeum Jana Pawła II i Prymasa Wyszyńskiego"/>
	<tag k="tourism" v="museum"/>
	<tag k="wheelchair" v="yes"/>
	<tag k="wikidata" v="Q15197218"/>
	<tag k="wikipedia" v="pl:Muzeum Jana Pawła II i Prymasa Wyszyńskiego"/>
	<tag k="addr:postcode" v="02-972"/>
	<tag k="addr:city" v="Warszawa"/>
	<tag k="addr:street" v="Księdza Prymasa Augusta Hlonda"/>
	<tag k="addr:housenumber" v="1"/>
	<tag k="operator" v="Archidiecezja Warszawska"/>
	<tag k="operator:type" v="government"/>
	<tag k="source:tourism" v="Wykaz Muzeów, wypis na dzień 2026-04-09"/>
</node>
<way id="355803408" version="32" timestamp="2026-01-18T00:06:51Z" action="modify" changeset="177356347" uid="6668641" user="syntex">
	<tag k="addr:city" v="Sulejówek"/>
	<tag k="addr:housename" v="Milusin"/>
	<tag k="addr:housenumber" v="5"/>
	<tag k="addr:postcode" v="05-070"/>
	<tag k="addr:street" v="Oleandrów"/>
	<tag k="contact:email" v="muzeum@muzeumpilsudski.pl"/>
	<tag k="contact:fax" v="+48 22 842 04 25"/>
	<tag k="contact:phone" v="+48 22 783 02 30"/>
	<tag k="contact:website" v="www.muzeumpilsudski.pl"/>
	<tag k="landuse" v="commercial"/>
	<tag k="name" v="Muzeum Józefa Piłsudskiego w Sulejówku"/>
	<tag k="name:be" v="Музей Юзэфа Пілсудскага"/>
	<tag k="name:en" v="Józef Piłsudski museum"/>
	<tag k="name:fr" v="Musée de Józef Piłsudski"/>
	<tag k="name:lt" v="Juzefo Pilsudskio muziejus"/>
	<tag k="name:pl" v="Muzeum Józefa Piłsudskiego w Sulejówku"/>
	<tag k="name:ru" v="Музей Юзефа Пилсудского"/>
	<tag k="note" v="Muzeum Józefa Piłsudskiego w Sulejówku, otwarte śr - niedz 9 - 16"/>
	<tag k="opening_hours" v="We-Su 10:00-16:00"/>
	<tag k="ref:ckkp" v="MZ00634"/>
	<tag k="tourism" v="museum"/>
	<tag k="website" v="https://muzeumpilsudski.pl"/>
	<tag k="wheelchair" v="limited"/>
	<tag k="wikidata" v="Q11787023"/>
	<tag k="wikipedia" v="pl:Muzeum Józefa Piłsudskiego w Sulejówku"/>
	<tag k="operator" v="Minister Kultury i Dziedzictwa Narodowego"/>
	<tag k="operator:type" v="government"/>
	<tag k="source:tourism" v="Wykaz Muzeów, wypis na dzień 2026-04-09"/>
	<nd ref="3613452718"/>
	<nd ref="3613452695"/>
	<nd ref="13463235505"/>
	<nd ref="3613452563"/>
	<nd ref="9901720055"/>
	<nd ref="9901720052"/>
	<nd ref="9901720051"/>
	<nd ref="9901723896"/>
	<nd ref="9901723900"/>
	<nd ref="9901723846"/>
	<nd ref="9901723850"/>
	<nd ref="9901723845"/>
	<nd ref="9901723931"/>
	<nd ref="9901723953"/>
	<nd ref="9901723921"/>
	<nd ref="9901723912"/>
	<nd ref="3613452702"/>
	<nd ref="9901723843"/>
	<nd ref="9901723823"/>
	<nd ref="9901720112"/>
	<nd ref="3613452718"/>
</way>
<node id="3613452563" lat="52.2463126" lon="21.2688591" version="3" timestamp="2022-07-21T11:28:56Z"  changeset="123889602" uid="6668641" user="syntex">

</node>
<node id="3613452695" lat="52.247332" lon="21.2697386" version="3" timestamp="2026-01-18T00:06:51Z"  changeset="177356347" uid="6668641" user="syntex">

</node>
<node id="3613452702" lat="52.2464713" lon="21.2652144" version="3" timestamp="2022-07-21T11:28:56Z"  changeset="123889602" uid="6668641" user="syntex">

</node>
<node id="3613452718" lat="52.2480849" lon="21.2675103" version="4" timestamp="2026-01-18T00:06:51Z"  changeset="177356347" uid="6668641" user="syntex">

</node>
<node id="9901720051" lat="52.2462741" lon="21.2676166" version="1" timestamp="2022-07-21T11:28:56Z"  changeset="123889602" uid="6668641" user="syntex">

</node>
<node id="9901720052" lat="52.2463025" lon="21.2685344" version="1" timestamp="2022-07-21T11:28:56Z"  changeset="123889602" uid="6668641" user="syntex">

</node>
<node id="9901720055" lat="52.2463049" lon="21.2686132" version="1" timestamp="2022-07-21T11:28:56Z"  changeset="123889602" uid="6668641" user="syntex">

</node>
<node id="9901720112" lat="52.247214" lon="21.2662611" version="1" timestamp="2022-07-21T11:28:56Z"  changeset="123889602" uid="6668641" user="syntex">

</node>
<node id="9901723823" lat="52.2467142" lon="21.2655568" version="1" timestamp="2022-07-21T11:28:56Z"  changeset="123889602" uid="6668641" user="syntex">

</node>
<node id="9901723843" lat="52.2466173" lon="21.2654202" version="1" timestamp="2022-07-21T11:28:56Z"  changeset="123889602" uid="6668641" user="syntex">

</node>
<node id="9901723845" lat="52.2462236" lon="21.26625" version="1" timestamp="2022-07-21T11:28:56Z"  changeset="123889602" uid="6668641" user="syntex">

</node>
<node id="9901723846" lat="52.246237" lon="21.2666645" version="1" timestamp="2022-07-21T11:28:56Z"  changeset="123889602" uid="6668641" user="syntex">

</node>
<node id="9901723850" lat="52.2462255" lon="21.266311" version="1" timestamp="2022-07-21T11:28:56Z"  changeset="123889602" uid="6668641" user="syntex">

</node>
<node id="9901723896" lat="52.2462599" lon="21.2672671" version="2" timestamp="2026-01-18T00:06:51Z"  changeset="177356347" uid="6668641" user="syntex">

</node>
<node id="9901723900" lat="52.246248" lon="21.2669467" version="2" timestamp="2026-01-18T00:06:51Z"  changeset="177356347" uid="6668641" user="syntex">

</node>
<node id="9901723912" lat="52.2463863" lon="21.2653324" version="1" timestamp="2022-07-21T11:28:56Z"  changeset="123889602" uid="6668641" user="syntex">

</node>
<node id="9901723921" lat="52.2463399" lon="21.2653967" version="1" timestamp="2022-07-21T11:28:56Z"  changeset="123889602" uid="6668641" user="syntex">

</node>
<node id="9901723931" lat="52.2462022" lon="21.2655752" version="1" timestamp="2022-07-21T11:28:56Z"  changeset="123889602" uid="6668641" user="syntex">

</node>
<node id="9901723953" lat="52.246211" lon="21.2655756" version="1" timestamp="2022-07-21T11:28:56Z"  changeset="123889602" uid="6668641" user="syntex">

</node>
<node id="13463235505" lat="52.2473075" lon="21.2697417" version="1" timestamp="2026-01-18T00:06:51Z"  changeset="177356347" uid="6668641" user="syntex">

</node>
<way id="60064063" version="14" timestamp="2024-11-08T13:56:14Z" action="modify" changeset="158896968" uid="22058775" user="AleksanderG2005">
	<tag k="addr:city" v="Gdańsk"/>
	<tag k="addr:housenumber" v="1"/>
	<tag k="addr:postcode" v="80-822"/>
	<tag k="addr:street" v="Toruńska"/>
	<tag k="building" v="yes"/>
	<tag k="check_date" v="2024-11-05"/>
	<tag k="fee" v="yes"/>
	<tag k="heritage" v="2"/>
	<tag k="heritage:operator" v="nid"/>
	<tag k="historic" v="building"/>
	<tag k="name" v="Muzeum Narodowe w Gdańsku"/>
	<tag k="name:de" v="Nationalmuseum in Danzig"/>
	<tag k="name:en" v="National Museum in Gdańsk"/>
	<tag k="name:pl" v="Muzeum Narodowe w Gdańsku"/>
	<tag k="opening_hours" v="Mo off; Tu-Su 11:00-18:00"/>
	<tag k="payment:cash" v="yes"/>
	<tag k="payment:credit_cards" v="yes"/>
	<tag k="payment:debit_cards" v="yes"/>
	<tag k="ref:ckkp" v="PM00404"/>
	<tag k="ref:nid" v="367 z 21.04.1971"/>
	<tag k="source:addr" v="Urząd Miasta Gdańsk"/>
	<tag k="tourism" v="museum"/>
	<tag k="url" v="https://culture.pl/pl/culture/artykuly/in_mu_narodowe_gdansk"/>
	<tag k="website" v="https://www.mng.gda.pl/"/>
	<tag k="wikidata" v="Q1968661"/>
	<tag k="wikipedia" v="pl:Muzeum Narodowe w Gdańsku"/>
	<tag k="operator" v="Minister Kultury i Dziedzictwa Narodowego"/>
	<tag k="operator:type" v="government"/>
	<tag k="source:tourism" v="Wykaz Muzeów, wypis na dzień 2026-04-09"/>
	<nd ref="2963906942"/>
	<nd ref="2963907013"/>
	<nd ref="2963907027"/>
	<nd ref="2963907063"/>
	<nd ref="2963906936"/>
	<nd ref="2963906932"/>
	<nd ref="2963906930"/>
	<nd ref="2963906931"/>
	<nd ref="2963906921"/>
	<nd ref="2963906933"/>
	<nd ref="2963906942"/>
</way>
<node id="2963906921" lat="54.3452251" lon="18.6472476" version="3" timestamp="2021-03-08T23:28:43Z"  changeset="100665679" uid="3418763" user="Bąbel">

</node>
<node id="2963906930" lat="54.3453492" lon="18.6466479" version="3" timestamp="2021-03-08T23:28:43Z"  changeset="100665679" uid="3418763" user="Bąbel">

</node>
<node id="2963906931" lat="54.3453541" lon="18.6466784" version="3" timestamp="2021-03-08T23:28:43Z"  changeset="100665679" uid="3418763" user="Bąbel">

</node>
<node id="2963906932" lat="54.3453599" lon="18.6466399" version="3" timestamp="2021-03-08T23:28:43Z"  changeset="100665679" uid="3418763" user="Bąbel">

</node>
<node id="2963906933" lat="54.3453642" lon="18.6473298" version="3" timestamp="2021-03-08T23:28:43Z"  changeset="100665679" uid="3418763" user="Bąbel">

</node>
<node id="2963906936" lat="54.3453661" lon="18.6466684" version="3" timestamp="2021-03-08T23:28:43Z"  changeset="100665679" uid="3418763" user="Bąbel">

</node>
<node id="2963906942" lat="54.3454386" lon="18.6469756" version="2" timestamp="2019-11-19T10:19:44Z"  changeset="77267107" uid="519916" user="googlenaut">

</node>
<node id="2963907013" lat="54.3456686" lon="18.6470914" version="3" timestamp="2021-03-08T23:28:43Z"  changeset="100665679" uid="3418763" user="Bąbel">

</node>
<node id="2963907027" lat="54.3457124" lon="18.6471133" version="3" timestamp="2021-03-08T23:28:43Z"  changeset="100665679" uid="3418763" user="Bąbel">

</node>
<node id="2963907063" lat="54.3457732" lon="18.6468963" version="3" timestamp="2021-03-08T23:28:43Z"  changeset="100665679" uid="3418763" user="Bąbel">

</node>
<node id="2350022809" lat="50.8690446" lon="20.6276159" version="6" timestamp="2023-12-13T21:16:18Z" action="modify" changeset="145089973" uid="7669860" user="kabus_">
	<tag k="name" v="Muzeum Narodowe w Kielcach"/>
	<tag k="opening_hours" v="Tu 10:00-18:00; We-Su 09:00-16:00"/>
	<tag k="phone" v="+48 41 344 23 18"/>
	<tag k="tourism" v="museum"/>
	<tag k="website" v="http://www.mnki.pl/"/>
	<tag k="wikidata" v="Q11787092"/>
	<tag k="wikipedia" v="pl:Muzeum Narodowe w Kielcach"/>
	<tag k="addr:postcode" v="25-010"/>
	<tag k="addr:city" v="Kielce"/>
	<tag k="addr:street" v="Zamkowy"/>
	<tag k="addr:housenumber" v="1"/>
	<tag k="operator" v="Minister Kultury i Dziedzictwa Narodowego"/>
	<tag k="operator:type" v="government"/>
	<tag k="source:tourism" v="Wykaz Muzeów, wypis na dzień 2026-04-09"/>
</node>
<way id="53425150" version="16" timestamp="2025-04-20T16:55:14Z" action="modify" changeset="165203876" uid="3610826" user="km2bp">
	<tag k="addr:housenumber" v="3"/>
	<tag k="addr:street" v="Wały Chrobrego"/>
	<tag k="architect" v="Wilhelm Meyer-Schwartau"/>
	<tag k="building" v="education"/>
	<tag k="building:colour" v="#FFFACD"/>
	<tag k="building:levels" v="3"/>
	<tag k="building:material" v="brick"/>
	<tag k="building:usage:pl" v="Oświaty, nauki, kultury lub budynek sportowy"/>
	<tag k="fee" v="yes"/>
	<tag k="heritage" v="2"/>
	<tag k="heritage:operator" v="nid"/>
	<tag k="image" v="https://photos.app.goo.gl/xBPcu5JSy2iVgK6w8"/>
	<tag k="name" v="Muzeum Narodowe w Szczecinie"/>
	<tag k="name:de" v="Nationalmuseum Stettin"/>
	<tag k="nid:inscription_date" v="1993-01-31"/>
	<tag k="old_name:de" v="Stadtmuseum"/>
	<tag k="ref:ckkp" v="ZP00910"/>
	<tag k="ref:nid" v="A-856"/>
	<tag k="roof:levels" v="1"/>
	<tag k="roof:material" v="metal"/>
	<tag k="source" v="gis.um.szczecin.pl"/>
	<tag k="start_date" v="1908..1913-06-23"/>
	<tag k="tourism" v="museum"/>
	<tag k="url" v="https://polska-org.pl/7117173,Szczecin,Teatr_Wspolczesny.html"/>
	<tag k="url:0" v="https://fotopolska.eu/Muzeum_Narodowe_Szczecin?map_z=18"/>
	<tag k="website" v="https://muzeum.szczecin.pl/"/>
	<tag k="wheelchair" v="yes"/>
	<tag k="wikidata" v="Q2802195"/>
	<tag k="wikipedia" v="pl:Muzeum Narodowe w Szczecinie"/>
	<tag k="addr:postcode" v="70-561"/>
	<tag k="addr:city" v="Szczecin"/>
	<tag k="operator" v="Minister Kultury i Dziedzictwa Narodowego"/>
	<tag k="operator:type" v="government"/>
	<tag k="source:tourism" v="Wykaz Muzeów, wypis na dzień 2026-04-09"/>
	<nd ref="675386879"/>
	<nd ref="8423187271"/>
	<nd ref="675386881"/>
	<nd ref="675386883"/>
	<nd ref="675386858"/>
	<nd ref="675386859"/>
	<nd ref="675386854"/>
	<nd ref="675386856"/>
	<nd ref="675386860"/>
	<nd ref="675386861"/>
	<nd ref="675386821"/>
	<nd ref="675386839"/>
	<nd ref="675386837"/>
	<nd ref="675386842"/>
	<nd ref="675386841"/>
	<nd ref="675386844"/>
	<nd ref="675386798"/>
	<nd ref="675386822"/>
	<nd ref="675386710"/>
	<nd ref="675386712"/>
	<nd ref="675386711"/>
	<nd ref="675386706"/>
	<nd ref="675386708"/>
	<nd ref="675386763"/>
	<nd ref="675386765"/>
	<nd ref="675386767"/>
	<nd ref="675386768"/>
	<nd ref="675386770"/>
	<nd ref="675386772"/>
	<nd ref="675386774"/>
	<nd ref="675386775"/>
	<nd ref="675386777"/>
	<nd ref="675386779"/>
	<nd ref="675386781"/>
	<nd ref="675386783"/>
	<nd ref="675386785"/>
	<nd ref="675386786"/>
	<nd ref="675386788"/>
	<nd ref="675386792"/>
	<nd ref="675386794"/>
	<nd ref="675386790"/>
	<nd ref="675386809"/>
	<nd ref="675386807"/>
	<nd ref="675386808"/>
	<nd ref="675386805"/>
	<nd ref="675386806"/>
	<nd ref="675386802"/>
	<nd ref="675386803"/>
	<nd ref="675386800"/>
	<nd ref="675386868"/>
	<nd ref="675386865"/>
	<nd ref="675386867"/>
	<nd ref="675386862"/>
	<nd ref="675386863"/>
	<nd ref="675386872"/>
	<nd ref="675387191"/>
	<nd ref="675387189"/>
	<nd ref="675387187"/>
	<nd ref="675387186"/>
	<nd ref="675387185"/>
	<nd ref="675387184"/>
	<nd ref="675387183"/>
	<nd ref="675387182"/>
	<nd ref="675387181"/>
	<nd ref="675387180"/>
	<nd ref="675387178"/>
	<nd ref="675387177"/>
	<nd ref="675387175"/>
	<nd ref="675387173"/>
	<nd ref="675387172"/>
	<nd ref="675386890"/>
	<nd ref="675386892"/>
	<nd ref="675386894"/>
	<nd ref="675386895"/>
	<nd ref="675386879"/>
</way>
<node id="675386706" lat="53.4297461" lon="14.5643372" version="1" timestamp="2010-03-27T00:53:51Z"  changeset="4243209" uid="20587" user="balrog-kun">

</node>
<node id="675386708" lat="53.4297414" lon="14.5643327" version="1" timestamp="2010-03-27T00:53:51Z"  changeset="4243209" uid="20587" user="balrog-kun">

</node>
<node id="675386710" lat="53.4298429" lon="14.5640955" version="1" timestamp="2010-03-27T00:53:51Z"  changeset="4243209" uid="20587" user="balrog-kun">

</node>
<node id="675386711" lat="53.4297492" lon="14.5643305" version="1" timestamp="2010-03-27T00:53:51Z"  changeset="4243209" uid="20587" user="balrog-kun">

</node>
<node id="675386712" lat="53.4297587" lon="14.5643394" version="1" timestamp="2010-03-27T00:53:51Z"  changeset="4243209" uid="20587" user="balrog-kun">

</node>
<node id="675386763" lat="53.4296597" lon="14.5645724" version="1" timestamp="2010-03-27T00:53:53Z"  changeset="4243209" uid="20587" user="balrog-kun">

</node>
<node id="675386765" lat="53.4296644" lon="14.5645776" version="1" timestamp="2010-03-27T00:53:53Z"  changeset="4243209" uid="20587" user="balrog-kun">

</node>
<node id="675386767" lat="53.4296621" lon="14.5645834" version="1" timestamp="2010-03-27T00:53:53Z"  changeset="4243209" uid="20587" user="balrog-kun">

</node>
<node id="675386768" lat="53.4296673" lon="14.564589" version="1" timestamp="2010-03-27T00:53:53Z"  changeset="4243209" uid="20587" user="balrog-kun">

</node>
<node id="675386770" lat="53.4296658" lon="14.5645921" version="1" timestamp="2010-03-27T00:53:53Z"  changeset="4243209" uid="20587" user="balrog-kun">

</node>
<node id="675386772" lat="53.4296694" lon="14.5645974" version="1" timestamp="2010-03-27T00:53:53Z"  changeset="4243209" uid="20587" user="balrog-kun">

</node>
<node id="675386774" lat="53.4296712" lon="14.5646039" version="1" timestamp="2010-03-27T00:53:53Z"  changeset="4243209" uid="20587" user="balrog-kun">

</node>
<node id="675386775" lat="53.4296712" lon="14.5646172" version="1" timestamp="2010-03-27T00:53:53Z"  changeset="4243209" uid="20587" user="balrog-kun">

</node>
<node id="675386777" lat="53.4297317" lon="14.564675" version="1" timestamp="2010-03-27T00:53:53Z"  changeset="4243209" uid="20587" user="balrog-kun">

</node>
<node id="675386779" lat="53.4297322" lon="14.5646755" version="1" timestamp="2010-03-27T00:53:53Z"  changeset="4243209" uid="20587" user="balrog-kun">

</node>
<node id="675386781" lat="53.429736" lon="14.5646669" version="1" timestamp="2010-03-27T00:53:53Z"  changeset="4243209" uid="20587" user="balrog-kun">

</node>
<node id="675386783" lat="53.4297388" lon="14.5646646" version="1" timestamp="2010-03-27T00:53:53Z"  changeset="4243209" uid="20587" user="balrog-kun">

</node>
<node id="675386785" lat="53.4297408" lon="14.5646646" version="1" timestamp="2010-03-27T00:53:53Z"  changeset="4243209" uid="20587" user="balrog-kun">

</node>
<node id="675386786" lat="53.429743" lon="14.564664" version="1" timestamp="2010-03-27T00:53:53Z"  changeset="4243209" uid="20587" user="balrog-kun">

</node>
<node id="675386788" lat="53.4297458" lon="14.5646664" version="1" timestamp="2010-03-27T00:53:53Z"  changeset="4243209" uid="20587" user="balrog-kun">

</node>
<node id="675386790" lat="53.4297549" lon="14.564659" version="1" timestamp="2010-03-27T00:53:53Z"  changeset="4243209" uid="20587" user="balrog-kun">

</node>
<node id="675386792" lat="53.4297475" lon="14.5646602" version="1" timestamp="2010-03-27T00:53:53Z"  changeset="4243209" uid="20587" user="balrog-kun">

</node>
<node id="675386794" lat="53.4297522" lon="14.5646652" version="1" timestamp="2010-03-27T00:53:53Z"  changeset="4243209" uid="20587" user="balrog-kun">

</node>
<node id="675386798" lat="53.4298784" lon="14.5644685" version="1" timestamp="2010-03-27T00:53:53Z"  changeset="4243209" uid="20587" user="balrog-kun">

</node>
<node id="675386800" lat="53.4299244" lon="14.5649585" version="1" timestamp="2010-03-27T00:53:54Z"  changeset="4243209" uid="20587" user="balrog-kun">

</node>
<node id="675386802" lat="53.4299246" lon="14.5649422" version="1" timestamp="2010-03-27T00:53:54Z"  changeset="4243209" uid="20587" user="balrog-kun">

</node>
<node id="675386803" lat="53.4299273" lon="14.5649481" version="1" timestamp="2010-03-27T00:53:54Z"  changeset="4243209" uid="20587" user="balrog-kun">

</node>
<node id="675386805" lat="53.4299199" lon="14.5649343" version="1" timestamp="2010-03-27T00:53:54Z"  changeset="4243209" uid="20587" user="balrog-kun">

</node>
<node id="675386806" lat="53.4299251" lon="14.5649405" version="1" timestamp="2010-03-27T00:53:54Z"  changeset="4243209" uid="20587" user="balrog-kun">

</node>
<node id="675386807" lat="53.4299338" lon="14.5648719" version="1" timestamp="2010-03-27T00:53:54Z"  changeset="4243209" uid="20587" user="balrog-kun">

</node>
<node id="675386808" lat="53.42994" lon="14.5648758" version="1" timestamp="2010-03-27T00:53:54Z"  changeset="4243209" uid="20587" user="balrog-kun">

</node>
<node id="675386809" lat="53.4299436" lon="14.5648415" version="1" timestamp="2010-03-27T00:53:54Z"  changeset="4243209" uid="20587" user="balrog-kun">

</node>
<node id="675386821" lat="53.4301426" lon="14.5644166" version="1" timestamp="2010-03-27T00:53:54Z"  changeset="4243209" uid="20587" user="balrog-kun">

</node>
<node id="675386822" lat="53.4299641" lon="14.5642136" version="1" timestamp="2010-03-27T00:53:54Z"  changeset="4243209" uid="20587" user="balrog-kun">

</node>
<node id="675386837" lat="53.4300644" lon="14.5645529" version="1" timestamp="2010-03-27T00:53:54Z"  changeset="4243209" uid="20587" user="balrog-kun">

</node>
<node id="675386839" lat="53.4300882" lon="14.5645749" version="1" timestamp="2010-03-27T00:53:54Z"  changeset="4243209" uid="20587" user="balrog-kun">

</node>
<node id="675386841" lat="53.430037" lon="14.5645925" version="1" timestamp="2010-03-27T00:53:54Z"  changeset="4243209" uid="20587" user="balrog-kun">

</node>
<node id="675386842" lat="53.4300472" lon="14.5646027" version="1" timestamp="2010-03-27T00:53:54Z"  changeset="4243209" uid="20587" user="balrog-kun">

</node>
<node id="675386844" lat="53.4300299" lon="14.5646148" version="1" timestamp="2010-03-27T00:53:54Z"  changeset="4243209" uid="20587" user="balrog-kun">

</node>
<node id="675386854" lat="53.4301918" lon="14.5647413" version="1" timestamp="2010-03-27T00:53:55Z"  changeset="4243209" uid="20587" user="balrog-kun">

</node>
<node id="675386856" lat="53.4302093" lon="14.5646915" version="1" timestamp="2010-03-27T00:53:55Z"  changeset="4243209" uid="20587" user="balrog-kun">

</node>
<node id="675386858" lat="53.4301947" lon="14.5647744" version="1" timestamp="2010-03-27T00:53:55Z"  changeset="4243209" uid="20587" user="balrog-kun">

</node>
<node id="675386859" lat="53.4302022" lon="14.5647517" version="1" timestamp="2010-03-27T00:53:55Z"  changeset="4243209" uid="20587" user="balrog-kun">

</node>
<node id="675386860" lat="53.4301855" lon="14.5646677" version="1" timestamp="2010-03-27T00:53:55Z"  changeset="4243209" uid="20587" user="balrog-kun">

</node>
<node id="675386861" lat="53.4302404" lon="14.5645109" version="1" timestamp="2010-03-27T00:53:55Z"  changeset="4243209" uid="20587" user="balrog-kun">

</node>
<node id="675386862" lat="53.4301042" lon="14.5650366" version="1" timestamp="2010-03-27T00:53:55Z"  changeset="4243209" uid="20587" user="balrog-kun">

</node>
<node id="675386863" lat="53.4301104" lon="14.5650418" version="1" timestamp="2010-03-27T00:53:55Z"  changeset="4243209" uid="20587" user="balrog-kun">

</node>
<node id="675386865" lat="53.4300774" lon="14.5650932" version="1" timestamp="2010-03-27T00:53:55Z"  changeset="4243209" uid="20587" user="balrog-kun">

</node>
<node id="675386867" lat="53.4300846" lon="14.5650932" version="1" timestamp="2010-03-27T00:53:55Z"  changeset="4243209" uid="20587" user="balrog-kun">

</node>
<node id="675386868" lat="53.4300704" lon="14.5650981" version="1" timestamp="2010-03-27T00:53:55Z"  changeset="4243209" uid="20587" user="balrog-kun">

</node>
<node id="675386872" lat="53.4301191" lon="14.5650135" version="1" timestamp="2010-03-27T00:53:55Z"  changeset="4243209" uid="20587" user="balrog-kun">

</node>
<node id="675386879" lat="53.430569" lon="14.5647404" version="1" timestamp="2010-03-27T00:53:55Z"  changeset="4243209" uid="20587" user="balrog-kun">

</node>
<node id="675386881" lat="53.4304501" lon="14.5646287" version="1" timestamp="2010-03-27T00:53:55Z"  changeset="4243209" uid="20587" user="balrog-kun">

</node>
<node id="675386883" lat="53.4303497" lon="14.5649197" version="1" timestamp="2010-03-27T00:53:55Z"  changeset="4243209" uid="20587" user="balrog-kun">

</node>
<node id="675386890" lat="53.4304855" lon="14.5650459" version="1" timestamp="2010-03-27T00:53:55Z"  changeset="4243209" uid="20587" user="balrog-kun">

</node>
<node id="675386892" lat="53.43048" lon="14.565042" version="1" timestamp="2010-03-27T00:53:55Z"  changeset="4243209" uid="20587" user="balrog-kun">

</node>
<node id="675386894" lat="53.4304826" lon="14.565034" version="1" timestamp="2010-03-27T00:53:55Z"  changeset="4243209" uid="20587" user="balrog-kun">

</node>
<node id="675386895" lat="53.4304726" lon="14.5650248" version="1" timestamp="2010-03-27T00:53:56Z"  changeset="4243209" uid="20587" user="balrog-kun">

</node>
<node id="675387172" lat="53.4304041" lon="14.5652851" version="1" timestamp="2010-03-27T00:54:02Z"  changeset="4243209" uid="20587" user="balrog-kun">

</node>
<node id="675387173" lat="53.4304005" lon="14.565281" version="1" timestamp="2010-03-27T00:54:02Z"  changeset="4243209" uid="20587" user="balrog-kun">

</node>
<node id="675387175" lat="53.430398" lon="14.5652885" version="1" timestamp="2010-03-27T00:54:02Z"  changeset="4243209" uid="20587" user="balrog-kun">

</node>
<node id="675387177" lat="53.4303929" lon="14.5652828" version="1" timestamp="2010-03-27T00:54:02Z"  changeset="4243209" uid="20587" user="balrog-kun">

</node>
<node id="675387178" lat="53.4303915" lon="14.5652875" version="1" timestamp="2010-03-27T00:54:02Z"  changeset="4243209" uid="20587" user="balrog-kun">

</node>
<node id="675387180" lat="53.4303842" lon="14.5652854" version="1" timestamp="2010-03-27T00:54:02Z"  changeset="4243209" uid="20587" user="balrog-kun">

</node>
<node id="675387181" lat="53.43038" lon="14.565289" version="1" timestamp="2010-03-27T00:54:02Z"  changeset="4243209" uid="20587" user="balrog-kun">

</node>
<node id="675387182" lat="53.4303766" lon="14.5652933" version="1" timestamp="2010-03-27T00:54:02Z"  changeset="4243209" uid="20587" user="balrog-kun">

</node>
<node id="675387183" lat="53.4303126" lon="14.5652328" version="1" timestamp="2010-03-27T00:54:02Z"  changeset="4243209" uid="20587" user="balrog-kun">

</node>
<node id="675387184" lat="53.4303134" lon="14.5652246" version="1" timestamp="2010-03-27T00:54:02Z"  changeset="4243209" uid="20587" user="balrog-kun">

</node>
<node id="675387185" lat="53.4303127" lon="14.5652164" version="1" timestamp="2010-03-27T00:54:02Z"  changeset="4243209" uid="20587" user="balrog-kun">

</node>
<node id="675387186" lat="53.4303094" lon="14.5652106" version="1" timestamp="2010-03-27T00:54:02Z"  changeset="4243209" uid="20587" user="balrog-kun">

</node>
<node id="675387187" lat="53.4303105" lon="14.5652037" version="1" timestamp="2010-03-27T00:54:02Z"  changeset="4243209" uid="20587" user="balrog-kun">

</node>
<node id="675387189" lat="53.430307" lon="14.5652012" version="1" timestamp="2010-03-27T00:54:02Z"  changeset="4243209" uid="20587" user="balrog-kun">

</node>
<node id="675387191" lat="53.4303088" lon="14.565196" version="1" timestamp="2010-03-27T00:54:02Z"  changeset="4243209" uid="20587" user="balrog-kun">

</node>
<node id="8423187271" lat="53.4304837" lon="14.5646602" version="1" timestamp="2021-02-14T17:42:39Z"  changeset="99260456" uid="394622" user="esce">

</node>
<way id="588169025" version="6" timestamp="2025-08-15T16:00:01Z" action="modify" changeset="170487625" uid="22039418" user="Grzesiek11">
	<tag k="fee" v="yes"/>
	<tag k="historic" v="castle"/>
	<tag k="name" v="Muzeum Zamkowe w Sandomierzu"/>
	<tag k="opening_hours" v="Mo 11:00-14:00; Tu-Su 11:00-18:00"/>
	<tag k="ref:ckkp" v="SK00409"/>
	<tag k="tourism" v="museum"/>
	<tag k="website" v="http://www.zamek-sandomierz.pl/"/>
	<tag k="wikidata" v="Q7416441"/>
	<tag k="wikipedia" v="pl:Zamek w Sandomierzu"/>
	<tag k="addr:postcode" v="27-600"/>
	<tag k="addr:city" v="Sandomierz"/>
	<tag k="addr:street" v="Zamkowa"/>
	<tag k="addr:housenumber" v="12"/>
	<tag k="operator" v="Minister Kultury i Dziedzictwa Narodowego"/>
	<tag k="operator:type" v="government"/>
	<tag k="source:tourism" v="Wykaz Muzeów, wypis na dzień 2026-04-09"/>
	<nd ref="3992550111"/>
	<nd ref="3992550110"/>
	<nd ref="3992550108"/>
	<nd ref="3992550109"/>
	<nd ref="3992550102"/>
	<nd ref="3992550101"/>
	<nd ref="3992550098"/>
	<nd ref="3992550099"/>
	<nd ref="3992550089"/>
	<nd ref="3992550088"/>
	<nd ref="3992550086"/>
	<nd ref="3992550087"/>
	<nd ref="3992550081"/>
	<nd ref="3992550079"/>
	<nd ref="3992550077"/>
	<nd ref="3992550078"/>
	<nd ref="3992550063"/>
	<nd ref="3992550061"/>
	<nd ref="3992535755"/>
	<nd ref="3992550059"/>
	<nd ref="3992535750"/>
	<nd ref="3992535745"/>
	<nd ref="3992535740"/>
	<nd ref="3992535744"/>
	<nd ref="3992535735"/>
	<nd ref="3992535731"/>
	<nd ref="3992535724"/>
	<nd ref="3992535732"/>
	<nd ref="3992535725"/>
	<nd ref="3992535716"/>
	<nd ref="3992535718"/>
	<nd ref="3992535723"/>
	<nd ref="3992535726"/>
	<nd ref="3992535719"/>
	<nd ref="3992535720"/>
	<nd ref="3992535728"/>
	<nd ref="3992535730"/>
	<nd ref="3992535722"/>
	<nd ref="3992535729"/>
	<nd ref="3992535733"/>
	<nd ref="3992535738"/>
	<nd ref="3992535734"/>
	<nd ref="3992535737"/>
	<nd ref="3992535739"/>
	<nd ref="3992535743"/>
	<nd ref="3992535741"/>
	<nd ref="3992535742"/>
	<nd ref="3992535747"/>
	<nd ref="3992535752"/>
	<nd ref="3992535749"/>
	<nd ref="3992535751"/>
	<nd ref="3992535754"/>
	<nd ref="3992550062"/>
	<nd ref="3992535756"/>
	<nd ref="3992550058"/>
	<nd ref="3992550066"/>
	<nd ref="3992550069"/>
	<nd ref="3992550064"/>
	<nd ref="3992550067"/>
	<nd ref="3992550071"/>
	<nd ref="3992550076"/>
	<nd ref="3992550072"/>
	<nd ref="3992550073"/>
	<nd ref="3992550065"/>
	<nd ref="3992550082"/>
	<nd ref="3623608137"/>
	<nd ref="3995400759"/>
	<nd ref="3995400760"/>
	<nd ref="3995400764"/>
	<nd ref="3995400767"/>
	<nd ref="3995400765"/>
	<nd ref="3995400766"/>
	<nd ref="3995400768"/>
	<nd ref="3995400771"/>
	<nd ref="3995400773"/>
	<nd ref="3995400774"/>
	<nd ref="1339115844"/>
	<nd ref="1339115849"/>
	<nd ref="1339115848"/>
	<nd ref="3992550124"/>
	<nd ref="3992550123"/>
	<nd ref="3992550122"/>
	<nd ref="3992550119"/>
	<nd ref="3992550118"/>
	<nd ref="3992550115"/>
	<nd ref="3992550111"/>
</way>
<node id="1339115844" lat="50.6764277" lon="21.7478054" version="1" timestamp="2011-06-26T01:04:40Z"  changeset="8547899" uid="467703" user="Zibior2">

</node>
<node id="1339115848" lat="50.6762959" lon="21.7479756" version="1" timestamp="2011-06-26T01:04:40Z"  changeset="8547899" uid="467703" user="Zibior2">

</node>
<node id="1339115849" lat="50.6763561" lon="21.7479254" version="1" timestamp="2011-06-26T01:04:40Z"  changeset="8547899" uid="467703" user="Zibior2">

</node>
<node id="3623608137" lat="50.675638" lon="21.7468234" version="1" timestamp="2015-06-28T16:59:33Z"  changeset="32267162" uid="1980824" user="wmyrda">

</node>
<node id="3992535716" lat="50.6754773" lon="21.7475334" version="1" timestamp="2016-02-06T20:23:10Z"  changeset="37048494" uid="52087" user="kocio">

</node>
<node id="3992535718" lat="50.6754782" lon="21.7475112" version="1" timestamp="2016-02-06T20:23:10Z"  changeset="37048494" uid="52087" user="kocio">

</node>
<node id="3992535719" lat="50.6754808" lon="21.7474541" version="1" timestamp="2016-02-06T20:23:10Z"  changeset="37048494" uid="52087" user="kocio">

</node>
<node id="3992535720" lat="50.675481" lon="21.7474323" version="1" timestamp="2016-02-06T20:23:10Z"  changeset="37048494" uid="52087" user="kocio">

</node>
<node id="3992535722" lat="50.675484" lon="21.7473713" version="1" timestamp="2016-02-06T20:23:10Z"  changeset="37048494" uid="52087" user="kocio">

</node>
<node id="3992535723" lat="50.6754841" lon="21.7475106" version="1" timestamp="2016-02-06T20:23:10Z"  changeset="37048494" uid="52087" user="kocio">

</node>
<node id="3992535724" lat="50.6754842" lon="21.7475862" version="1" timestamp="2016-02-06T20:23:10Z"  changeset="37048494" uid="52087" user="kocio">

</node>
<node id="3992535725" lat="50.6754845" lon="21.7475348" version="1" timestamp="2016-02-06T20:23:10Z"  changeset="37048494" uid="52087" user="kocio">

</node>
<node id="3992535726" lat="50.6754851" lon="21.7474558" version="1" timestamp="2016-02-06T20:23:10Z"  changeset="37048494" uid="52087" user="kocio">

</node>
<node id="3992535728" lat="50.6754881" lon="21.7474367" version="1" timestamp="2016-02-06T20:23:10Z"  changeset="37048494" uid="52087" user="kocio">

</node>
<node id="3992535729" lat="50.6754895" lon="21.7473489" version="1" timestamp="2016-02-06T20:23:10Z"  changeset="37048494" uid="52087" user="kocio">

</node>
<node id="3992535730" lat="50.6754911" lon="21.7473741" version="1" timestamp="2016-02-06T20:23:10Z"  changeset="37048494" uid="52087" user="kocio">

</node>
<node id="3992535731" lat="50.6754914" lon="21.7476286" version="1" timestamp="2016-02-06T20:23:10Z"  changeset="37048494" uid="52087" user="kocio">

</node>
<node id="3992535732" lat="50.6754917" lon="21.7475876" version="1" timestamp="2016-02-06T20:23:10Z"  changeset="37048494" uid="52087" user="kocio">

</node>
<node id="3992535733" lat="50.6754945" lon="21.7473516" version="1" timestamp="2016-02-06T20:23:10Z"  changeset="37048494" uid="52087" user="kocio">

</node>
<node id="3992535734" lat="50.6754962" lon="21.7472934" version="1" timestamp="2016-02-06T20:23:10Z"  changeset="37048494" uid="52087" user="kocio">

</node>
<node id="3992535735" lat="50.6754974" lon="21.7476265" version="1" timestamp="2016-02-06T20:23:10Z"  changeset="37048494" uid="52087" user="kocio">

</node>
<node id="3992535737" lat="50.6754999" lon="21.7472699" version="1" timestamp="2016-02-06T20:23:10Z"  changeset="37048494" uid="52087" user="kocio">

</node>
<node id="3992535738" lat="50.6755024" lon="21.7472958" version="1" timestamp="2016-02-06T20:23:10Z"  changeset="37048494" uid="52087" user="kocio">

</node>
<node id="3992535739" lat="50.675507" lon="21.7472728" version="1" timestamp="2016-02-06T20:23:10Z"  changeset="37048494" uid="52087" user="kocio">

</node>
<node id="3992535740" lat="50.6755098" lon="21.7477112" version="1" timestamp="2016-02-06T20:23:10Z"  changeset="37048494" uid="52087" user="kocio">

</node>
<node id="3992535741" lat="50.6755102" lon="21.7472152" version="1" timestamp="2016-02-06T20:23:10Z"  changeset="37048494" uid="52087" user="kocio">

</node>
<node id="3992535742" lat="50.6755124" lon="21.7471906" version="1" timestamp="2016-02-06T20:23:10Z"  changeset="37048494" uid="52087" user="kocio">

</node>
<node id="3992535743" lat="50.6755158" lon="21.7472185" version="1" timestamp="2016-02-06T20:23:10Z"  changeset="37048494" uid="52087" user="kocio">

</node>
<node id="3992535744" lat="50.6755159" lon="21.7477071" version="1" timestamp="2016-02-06T20:23:10Z"  changeset="37048494" uid="52087" user="kocio">

</node>
<node id="3992535745" lat="50.6755181" lon="21.7477349" version="1" timestamp="2016-02-06T20:23:10Z"  changeset="37048494" uid="52087" user="kocio">

</node>
<node id="3992535747" lat="50.6755189" lon="21.747195" version="1" timestamp="2016-02-06T20:23:10Z"  changeset="37048494" uid="52087" user="kocio">

</node>
<node id="3992535749" lat="50.6755228" lon="21.7471344" version="1" timestamp="2016-02-06T20:23:10Z"  changeset="37048494" uid="52087" user="kocio">

</node>
<node id="3992535750" lat="50.6755244" lon="21.7477313" version="1" timestamp="2016-02-06T20:23:10Z"  changeset="37048494" uid="52087" user="kocio">

</node>
<node id="3992535751" lat="50.6755268" lon="21.7471134" version="1" timestamp="2016-02-06T20:23:10Z"  changeset="37048494" uid="52087" user="kocio">

</node>
<node id="3992535752" lat="50.6755281" lon="21.7471387" version="1" timestamp="2016-02-06T20:23:10Z"  changeset="37048494" uid="52087" user="kocio">

</node>
<node id="3992535754" lat="50.6755339" lon="21.7471178" version="1" timestamp="2016-02-06T20:23:10Z"  changeset="37048494" uid="52087" user="kocio">

</node>
<node id="3992535755" lat="50.6755342" lon="21.7477971" version="1" timestamp="2016-02-06T20:23:10Z"  changeset="37048494" uid="52087" user="kocio">

</node>
<node id="3992535756" lat="50.6755353" lon="21.7470576" version="1" timestamp="2016-02-06T20:23:10Z"  changeset="37048494" uid="52087" user="kocio">

</node>
<node id="3992550058" lat="50.675539" lon="21.7470336" version="1" timestamp="2016-02-06T20:23:10Z"  changeset="37048494" uid="52087" user="kocio">

</node>
<node id="3992550059" lat="50.6755403" lon="21.7477895" version="1" timestamp="2016-02-06T20:23:10Z"  changeset="37048494" uid="52087" user="kocio">

</node>
<node id="3992550061" lat="50.6755425" lon="21.7478163" version="1" timestamp="2016-02-06T20:23:10Z"  changeset="37048494" uid="52087" user="kocio">

</node>
<node id="3992550062" lat="50.6755437" lon="21.7470616" version="1" timestamp="2016-02-06T20:23:10Z"  changeset="37048494" uid="52087" user="kocio">

</node>
<node id="3992550063" lat="50.675547" lon="21.7478121" version="1" timestamp="2016-02-06T20:23:10Z"  changeset="37048494" uid="52087" user="kocio">

</node>
<node id="3992550064" lat="50.6755483" lon="21.7469848" version="1" timestamp="2016-02-06T20:23:10Z"  changeset="37048494" uid="52087" user="kocio">

</node>
<node id="3992550065" lat="50.67555" lon="21.74687" version="1" timestamp="2016-02-06T20:23:10Z"  changeset="37048494" uid="52087" user="kocio">

</node>
<node id="3992550066" lat="50.6755502" lon="21.7470392" version="1" timestamp="2016-02-06T20:23:10Z"  changeset="37048494" uid="52087" user="kocio">

</node>
<node id="3992550067" lat="50.6755521" lon="21.7469583" version="1" timestamp="2016-02-06T20:23:10Z"  changeset="37048494" uid="52087" user="kocio">

</node>
<node id="3992550069" lat="50.6755563" lon="21.7469912" version="1" timestamp="2016-02-06T20:23:10Z"  changeset="37048494" uid="52087" user="kocio">

</node>
<node id="3992550071" lat="50.6755612" lon="21.7469587" version="1" timestamp="2016-02-06T20:23:10Z"  changeset="37048494" uid="52087" user="kocio">

</node>
<node id="3992550072" lat="50.6755616" lon="21.7469042" version="1" timestamp="2016-02-06T20:23:10Z"  changeset="37048494" uid="52087" user="kocio">

</node>
<node id="3992550073" lat="50.6755656" lon="21.7468849" version="1" timestamp="2016-02-06T20:23:10Z"  changeset="37048494" uid="52087" user="kocio">

</node>
<node id="3992550076" lat="50.6755712" lon="21.7469118" version="1" timestamp="2016-02-06T20:23:10Z"  changeset="37048494" uid="52087" user="kocio">

</node>
<node id="3992550077" lat="50.6755805" lon="21.7478981" version="1" timestamp="2016-02-06T20:23:10Z"  changeset="37048494" uid="52087" user="kocio">

</node>
<node id="3992550078" lat="50.6755847" lon="21.7478914" version="1" timestamp="2016-02-06T20:23:10Z"  changeset="37048494" uid="52087" user="kocio">

</node>
<node id="3992550079" lat="50.67559" lon="21.7479179" version="1" timestamp="2016-02-06T20:23:10Z"  changeset="37048494" uid="52087" user="kocio">

</node>
<node id="3992550081" lat="50.6755943" lon="21.7479107" version="1" timestamp="2016-02-06T20:23:10Z"  changeset="37048494" uid="52087" user="kocio">

</node>
<node id="3992550082" lat="50.6756043" lon="21.7467502" version="1" timestamp="2016-02-06T20:23:11Z"  changeset="37048494" uid="52087" user="kocio">

</node>
<node id="3992550086" lat="50.675657" lon="21.7479944" version="1" timestamp="2016-02-06T20:23:11Z"  changeset="37048494" uid="52087" user="kocio">

</node>
<node id="3992550087" lat="50.675659" lon="21.7479886" version="1" timestamp="2016-02-06T20:23:11Z"  changeset="37048494" uid="52087" user="kocio">

</node>
<node id="3992550088" lat="50.6756683" lon="21.7480079" version="1" timestamp="2016-02-06T20:23:11Z"  changeset="37048494" uid="52087" user="kocio">

</node>
<node id="3992550089" lat="50.6756734" lon="21.7480018" version="1" timestamp="2016-02-06T20:23:11Z"  changeset="37048494" uid="52087" user="kocio">

</node>
<node id="3992550098" lat="50.6757358" lon="21.7480598" version="1" timestamp="2016-02-06T20:23:11Z"  changeset="37048494" uid="52087" user="kocio">

</node>
<node id="3992550099" lat="50.6757375" lon="21.7480545" version="1" timestamp="2016-02-06T20:23:11Z"  changeset="37048494" uid="52087" user="kocio">

</node>
<node id="3992550101" lat="50.6757484" lon="21.7480709" version="1" timestamp="2016-02-06T20:23:11Z"  changeset="37048494" uid="52087" user="kocio">

</node>
<node id="3992550102" lat="50.6757526" lon="21.7480647" version="1" timestamp="2016-02-06T20:23:11Z"  changeset="37048494" uid="52087" user="kocio">

</node>
<node id="3992550108" lat="50.6758146" lon="21.748097" version="1" timestamp="2016-02-06T20:23:11Z"  changeset="37048494" uid="52087" user="kocio">

</node>
<node id="3992550109" lat="50.6758151" lon="21.7480921" version="1" timestamp="2016-02-06T20:23:11Z"  changeset="37048494" uid="52087" user="kocio">

</node>
<node id="3992550110" lat="50.6758305" lon="21.7481034" version="1" timestamp="2016-02-06T20:23:11Z"  changeset="37048494" uid="52087" user="kocio">

</node>
<node id="3992550111" lat="50.6758313" lon="21.748095" version="1" timestamp="2016-02-06T20:23:11Z"  changeset="37048494" uid="52087" user="kocio">

</node>
<node id="3992550115" lat="50.675916" lon="21.7481108" version="1" timestamp="2016-02-06T20:23:11Z"  changeset="37048494" uid="52087" user="kocio">

</node>
<node id="3992550118" lat="50.6759888" lon="21.7480978" version="1" timestamp="2016-02-06T20:23:11Z"  changeset="37048494" uid="52087" user="kocio">

</node>
<node id="3992550119" lat="50.6759925" lon="21.7481143" version="1" timestamp="2016-02-06T20:23:11Z"  changeset="37048494" uid="52087" user="kocio">

</node>
<node id="3992550122" lat="50.6759985" lon="21.7481127" version="1" timestamp="2016-02-06T20:23:11Z"  changeset="37048494" uid="52087" user="kocio">

</node>
<node id="3992550123" lat="50.6759986" lon="21.7480949" version="1" timestamp="2016-02-06T20:23:11Z"  changeset="37048494" uid="52087" user="kocio">

</node>
<node id="3992550124" lat="50.67605" lon="21.7480861" version="1" timestamp="2016-02-06T20:23:11Z"  changeset="37048494" uid="52087" user="kocio">

</node>
<node id="3995400759" lat="50.6757625" lon="21.7469088" version="1" timestamp="2016-02-08T13:16:22Z"  changeset="37079370" uid="52087" user="kocio">

</node>
<node id="3995400760" lat="50.6758039" lon="21.7468832" version="1" timestamp="2016-02-08T13:16:22Z"  changeset="37079370" uid="52087" user="kocio">

</node>
<node id="3995400764" lat="50.6760041" lon="21.7470357" version="1" timestamp="2016-02-08T13:16:22Z"  changeset="37079370" uid="52087" user="kocio">

</node>
<node id="3995400765" lat="50.6762448" lon="21.7473426" version="1" timestamp="2016-02-08T13:16:22Z"  changeset="37079370" uid="52087" user="kocio">

</node>
<node id="3995400766" lat="50.6762491" lon="21.7474111" version="1" timestamp="2016-02-08T13:16:22Z"  changeset="37079370" uid="52087" user="kocio">

</node>
<node id="3995400767" lat="50.6762652" lon="21.747174" version="1" timestamp="2016-02-08T13:16:22Z"  changeset="37079370" uid="52087" user="kocio">

</node>
<node id="3995400768" lat="50.6763182" lon="21.7475735" version="1" timestamp="2016-02-08T13:16:22Z"  changeset="37079370" uid="52087" user="kocio">

</node>
<node id="3995400771" lat="50.6764117" lon="21.7476793" version="1" timestamp="2016-02-08T13:16:22Z"  changeset="37079370" uid="52087" user="kocio">

</node>
<node id="3995400773" lat="50.6764281" lon="21.7477382" version="1" timestamp="2016-02-08T13:16:22Z"  changeset="37079370" uid="52087" user="kocio">

</node>
<node id="3995400774" lat="50.6764548" lon="21.747776" version="1" timestamp="2016-02-08T13:16:22Z"  changeset="37079370" uid="52087" user="kocio">

</node>
<way id="202523594" version="4" timestamp="2023-11-07T22:13:59Z" action="modify" changeset="143756558" uid="9451067" user="b-jazz-bot">
	<tag k="addr:city" v="Oświęcim"/>
	<tag k="addr:housenumber" v="2a"/>
	<tag k="addr:postcode" v="32-600"/>
	<tag k="addr:street" v="Maksymiliana Marii Kolbego"/>
	<tag k="building" v="yes"/>
	<tag k="museum" v="history"/>
	<tag k="name" v="Muzeum Pamięci Mieszkańców Ziemi Oświęcimskiej"/>
	<tag k="opening_hours" v="Tu-Su 10:00-18:00"/>
	<tag k="operator" v="Minister Kultury i Dziedzictwa Narodowego"/>
	<tag k="operator:type" v="government"/>
	<tag k="tourism" v="museum"/>
	<tag k="website" v="https://www.muzeumpamieci.pl/"/>
	<tag k="source:tourism" v="Wykaz Muzeów, wypis na dzień 2026-04-09"/>
	<nd ref="3804355132"/>
	<nd ref="3804391758"/>
	<nd ref="3804390885"/>
	<nd ref="3804390855"/>
	<nd ref="3804390255"/>
	<nd ref="3804390854"/>
	<nd ref="3804355128"/>
	<nd ref="3804390878"/>
	<nd ref="3804355132"/>
</way>
<node id="3804355128" lat="50.023462" lon="19.2008679" version="1" timestamp="2015-10-27T00:54:49Z"  changeset="34894631" uid="693154" user="Władysław Komorek">

</node>
<node id="3804355132" lat="50.0238109" lon="19.2006337" version="1" timestamp="2015-10-27T00:54:55Z"  changeset="34894631" uid="693154" user="Władysław Komorek">

</node>
<node id="3804390255" lat="50.0237574" lon="19.2005434" version="1" timestamp="2015-10-27T00:54:53Z"  changeset="34894631" uid="693154" user="Władysław Komorek">

</node>
<node id="3804390854" lat="50.0237267" lon="19.2004917" version="1" timestamp="2015-10-27T00:54:53Z"  changeset="34894631" uid="693154" user="Władysław Komorek">

</node>
<node id="3804390855" lat="50.0237641" lon="19.2005339" version="1" timestamp="2015-10-27T00:54:54Z"  changeset="34894631" uid="693154" user="Władysław Komorek">

</node>
<node id="3804390878" lat="50.0235475" lon="19.201006" version="1" timestamp="2015-10-27T00:54:50Z"  changeset="34894631" uid="693154" user="Władysław Komorek">

</node>
<node id="3804390885" lat="50.0237873" lon="19.2005732" version="1" timestamp="2015-10-27T00:54:54Z"  changeset="34894631" uid="693154" user="Władysław Komorek">

</node>
<node id="3804391758" lat="50.0237806" lon="19.2005829" version="1" timestamp="2015-10-27T00:54:54Z"  changeset="34894631" uid="693154" user="Władysław Komorek">

</node>
<way id="500086074" version="8" timestamp="2023-08-10T11:16:39Z" action="modify" changeset="139701549" uid="11515391" user="witkoo">
	<tag k="description" v="Upamiętnia Polaków ratujących Żydów skazanych na zagładę."/>
	<tag k="email" v="sekretariat@muzeumulmow.pl"/>
	<tag k="fee" v="yes"/>
	<tag k="image" v="http://culture.pl/sites/default/files/styles/galeria_style/public/images/culture.pl/mu-cult_003.jpg"/>
	<tag k="landuse" v="commercial"/>
	<tag k="name" v="Muzeum Polaków Ratujących Żydów podczas II wojny światowej im. Rodziny Ulmów w Markowej"/>
	<tag k="name:en" v="The Ulma Family Museum of Poles Saving Jews in World War II"/>
	<tag k="official_name" v="Muzeum Polaków Ratujących Żydów podczas II wojny światowej im. Rodziny Ulmów w Markowej"/>
	<tag k="opening_hours" v="Jan-Mar;Nov-Dec Tu-Su 10:00-16:00; Apr-Oct Tu-Su 10:00-18:00; Nov 1 off; Nov 11 off"/>
	<tag k="operator" v="Minister Kultury i Dziedzictwa Narodowego"/>
	<tag k="phone" v="+48 17 224 10 15"/>
	<tag k="start_date" v="2016-03-17"/>
	<tag k="tourism" v="museum"/>
	<tag k="website" v="https://muzeumulmow.pl/pl/"/>
	<tag k="wheelchair" v="yes"/>
	<tag k="wikidata" v="Q11787138"/>
	<tag k="wikipedia" v="pl:Muzeum Polaków Ratujących Żydów podczas II wojny światowej im. Rodziny Ulmów w Markowej"/>
	<tag k="addr:postcode" v="37-120"/>
	<tag k="addr:city" v="Markowa"/>
	<tag k="addr:housenumber" v="1487"/>
	<tag k="operator:type" v="government"/>
	<tag k="source:tourism" v="Wykaz Muzeów, wypis na dzień 2026-04-09"/>
	<nd ref="4570926999"/>
	<nd ref="4912330166"/>
	<nd ref="4912330164"/>
	<nd ref="11094262249"/>
	<nd ref="11094262235"/>
	<nd ref="11094262234"/>
	<nd ref="11094262250"/>
	<nd ref="4912330162"/>
	<nd ref="4570927001"/>
	<nd ref="4570926999"/>
</way>
<node id="4570926999" lat="50.0223821" lon="22.3167934" version="1" timestamp="2016-12-24T21:09:57Z"  changeset="44651912" uid="1119050" user="user_1119050">

</node>
<node id="4570927001" lat="50.0224493" lon="22.3176282" version="1" timestamp="2016-12-24T21:09:57Z"  changeset="44651912" uid="1119050" user="user_1119050">

</node>
<node id="4912330162" lat="50.0224629" lon="22.3177809" version="1" timestamp="2017-06-13T09:04:22Z"  changeset="49493094" uid="1980824" user="wmyrda">

</node>
<node id="4912330164" lat="50.0229232" lon="22.3166438" version="2" timestamp="2023-08-06T20:52:41Z"  changeset="139532395" uid="6549455" user="conradoos">

</node>
<node id="4912330166" lat="50.0223775" lon="22.31676" version="2" timestamp="2023-08-06T20:52:41Z"  changeset="139532395" uid="6549455" user="conradoos">

</node>
<node id="11094262234" lat="50.0236558" lon="22.3174944" version="1" timestamp="2023-08-06T20:52:41Z"  changeset="139532395" uid="6549455" user="conradoos">

</node>
<node id="11094262235" lat="50.0235472" lon="22.316502" version="1" timestamp="2023-08-06T20:52:41Z"  changeset="139532395" uid="6549455" user="conradoos">

</node>
<node id="11094262249" lat="50.0232696" lon="22.3165651" version="1" timestamp="2023-08-06T20:52:41Z"  changeset="139532395" uid="6549455" user="conradoos">

</node>
<node id="11094262250" lat="50.0236365" lon="22.3174991" version="1" timestamp="2023-08-06T20:52:41Z"  changeset="139532395" uid="6549455" user="conradoos">

</node>
<way id="1334909347" version="3" timestamp="2025-08-22T13:57:20Z" action="modify" changeset="170833774" uid="17295082" user="Aim311_">
	<tag k="contact:facebook" v="https://www.facebook.com/people/Muzeum-Ziemi-Mi%C4%99dzyrzeckiej-im-Alfa-Kowalskiego/100064419560424/"/>
	<tag k="email" v="sekretariat@muzeum.miedzyrzecz.pl"/>
	<tag k="fax" v="+48 95 741 25 67"/>
	<tag k="name" v="Muzeum Ziemi Międzyrzeckiej im. Alfa Kowalskiego"/>
	<tag k="phone" v="+48 95 742 18 50"/>
	<tag k="ref:ckkp" v="LB00377"/>
	<tag k="tourism" v="museum"/>
	<tag k="website" v="https://muzeum.miedzyrzecz.pl/"/>
	<tag k="addr:postcode" v="66-300"/>
	<tag k="addr:city" v="Międzyrzec"/>
	<tag k="addr:street" v="Podzamcze"/>
	<tag k="addr:housenumber" v="2"/>
	<tag k="operator" v="Minister Kultury i Dziedzictwa Narodowego"/>
	<tag k="operator:type" v="government"/>
	<tag k="source:tourism" v="Wykaz Muzeów, wypis na dzień 2026-04-09"/>
	<nd ref="12349559327"/>
	<nd ref="12349559328"/>
	<nd ref="3484542641"/>
	<nd ref="3484542618"/>
	<nd ref="13089243503"/>
	<nd ref="10032552362"/>
	<nd ref="13089243509"/>
	<nd ref="11892397408"/>
	<nd ref="12349559329"/>
	<nd ref="12349559330"/>
	<nd ref="12349559331"/>
	<nd ref="12349559332"/>
	<nd ref="13089243322"/>
	<nd ref="11892397410"/>
	<nd ref="12349559333"/>
	<nd ref="12349559350"/>
	<nd ref="2049431324"/>
	<nd ref="9481477451"/>
	<nd ref="2049431385"/>
	<nd ref="9481477450"/>
	<nd ref="9481477449"/>
	<nd ref="9481477447"/>
	<nd ref="9481477448"/>
	<nd ref="2049431387"/>
	<nd ref="2049431405"/>
	<nd ref="2519739234"/>
	<nd ref="10170352219"/>
	<nd ref="10211602266"/>
	<nd ref="2519739230"/>
	<nd ref="10170352218"/>
	<nd ref="2519739229"/>
	<nd ref="10211602265"/>
	<nd ref="2049431340"/>
	<nd ref="10211602264"/>
	<nd ref="10170352217"/>
	<nd ref="2519739233"/>
	<nd ref="2050326518"/>
	<nd ref="2050326527"/>
	<nd ref="2519739238"/>
	<nd ref="2049431360"/>
	<nd ref="10170351303"/>
	<nd ref="10170351305"/>
	<nd ref="2519739246"/>
	<nd ref="2049431338"/>
	<nd ref="10170351293"/>
	<nd ref="10170351294"/>
	<nd ref="10170351295"/>
	<nd ref="9191265959"/>
	<nd ref="9191265957"/>
	<nd ref="2049431403"/>
	<nd ref="9191265955"/>
	<nd ref="9191265956"/>
	<nd ref="9191265947"/>
	<nd ref="9191265958"/>
	<nd ref="10212104061"/>
	<nd ref="10212104059"/>
	<nd ref="10212104057"/>
	<nd ref="10212104055"/>
	<nd ref="10212104051"/>
	<nd ref="9191265944"/>
	<nd ref="10212104048"/>
	<nd ref="3484543835"/>
	<nd ref="9191265928"/>
	<nd ref="9191265927"/>
	<nd ref="3484543744"/>
	<nd ref="9741365279"/>
	<nd ref="9741365278"/>
	<nd ref="9741365277"/>
	<nd ref="9741365276"/>
	<nd ref="9741365275"/>
	<nd ref="9481423161"/>
	<nd ref="9481423194"/>
	<nd ref="3280328471"/>
	<nd ref="9481423195"/>
	<nd ref="12349559327"/>
</way>
<node id="2049431324" lat="52.4438065" lon="15.5702895" version="2" timestamp="2022-02-05T16:23:23Z"  changeset="117051295" uid="1381079" user="d3mol3k">

</node>
<node id="2049431338" lat="52.4456109" lon="15.5715944" version="3" timestamp="2022-11-09T00:47:13Z"  changeset="128662571" uid="3610826" user="km2bp">

</node>
<node id="2049431340" lat="52.4448598" lon="15.5695466" version="2" timestamp="2013-11-04T12:54:39Z"  changeset="18711163" uid="969918" user="radmar">

</node>
<node id="2049431360" lat="52.4451693" lon="15.5707746" version="2" timestamp="2013-11-04T12:54:39Z"  changeset="18711163" uid="969918" user="radmar">

</node>
<node id="2049431385" lat="52.4438838" lon="15.5700343" version="2" timestamp="2022-02-05T16:23:23Z"  changeset="117051295" uid="1381079" user="d3mol3k">

</node>
<node id="2049431387" lat="52.4441085" lon="15.5690189" version="4" timestamp="2024-11-17T23:45:29Z"  changeset="159263184" uid="6668641" user="syntex">

</node>
<node id="2049431403" lat="52.4459104" lon="15.5724668" version="3" timestamp="2023-03-07T09:26:42Z"  changeset="133395050" uid="1962926" user="Makaan">

</node>
<node id="2049431405" lat="52.4447747" lon="15.5681633" version="2" timestamp="2022-05-15T15:00:41Z"  changeset="121016120" uid="5909941" user="Łukasz Gajdamowicz">

</node>
<node id="2050326518" lat="52.4450183" lon="15.570327" version="4" timestamp="2022-11-23T09:32:28Z"  changeset="129272429" uid="1962926" user="Makaan">

</node>
<node id="2050326527" lat="52.4450411" lon="15.5704111" version="5" timestamp="2023-03-07T09:26:42Z"  changeset="133395050" uid="1962926" user="Makaan">

</node>
<node id="2519739229" lat="52.4448474" lon="15.5692379" version="3" timestamp="2022-11-23T09:03:53Z"  changeset="129271229" uid="1962926" user="Makaan">

</node>
<node id="2519739230" lat="52.4448605" lon="15.5689629" version="2" timestamp="2022-11-09T00:47:13Z"  changeset="128662571" uid="3610826" user="km2bp">

</node>
<node id="2519739233" lat="52.4449621" lon="15.5700845" version="2" timestamp="2022-11-09T00:47:13Z"  changeset="128662571" uid="3610826" user="km2bp">

</node>
<node id="2519739234" lat="52.4449896" lon="15.5684323" version="1" timestamp="2013-11-04T12:54:11Z"  changeset="18711163" uid="969918" user="radmar">

</node>
<node id="2519739238" lat="52.4451133" lon="15.570629" version="2" timestamp="2022-11-09T00:47:13Z"  changeset="128662571" uid="3610826" user="km2bp">

</node>
<node id="2519739246" lat="52.4453563" lon="15.5712387" version="2" timestamp="2022-11-09T00:47:13Z"  changeset="128662571" uid="3610826" user="km2bp">

</node>
<node id="3280328471" lat="52.4441269" lon="15.5731537" version="2" timestamp="2022-02-05T16:23:23Z"  changeset="117051295" uid="1381079" user="d3mol3k">
	<tag k="barrier" v="gate"/>
</node>
<node id="3484542618" lat="52.4433159" lon="15.5720834" version="1" timestamp="2015-04-28T17:06:11Z"  changeset="30588167" uid="722193" user="daviesp12">

</node>
<node id="3484542641" lat="52.4433506" lon="15.57228" version="1" timestamp="2015-04-28T17:06:12Z"  changeset="30588167" uid="722193" user="daviesp12">

</node>
<node id="3484543744" lat="52.445036" lon="15.5734237" version="6" timestamp="2024-11-17T23:45:29Z"  changeset="159263184" uid="6668641" user="syntex">

</node>
<node id="3484543835" lat="52.445193" lon="15.5734787" version="6" timestamp="2024-11-17T23:45:29Z"  changeset="159263184" uid="6668641" user="syntex">

</node>
<node id="9191265927" lat="52.4451057" lon="15.5734481" version="3" timestamp="2024-11-17T23:45:29Z"  changeset="159263184" uid="6668641" user="syntex">

</node>
<node id="9191265928" lat="52.4451232" lon="15.5734542" version="3" timestamp="2024-11-17T23:45:29Z"  changeset="159263184" uid="6668641" user="syntex">

</node>
<node id="9191265944" lat="52.4452778" lon="15.573575" version="1" timestamp="2021-10-21T19:33:50Z"  changeset="112807459" uid="6765127" user="Cristoffs">

</node>
<node id="9191265947" lat="52.4459419" lon="15.5730203" version="2" timestamp="2023-03-07T09:26:42Z"  changeset="133395050" uid="1962926" user="Makaan">

</node>
<node id="9191265955" lat="52.4459303" lon="15.5726775" version="2" timestamp="2023-03-07T09:26:42Z"  changeset="133395050" uid="1962926" user="Makaan">

</node>
<node id="9191265956" lat="52.4459361" lon="15.5728418" version="2" timestamp="2023-03-07T09:26:42Z"  changeset="133395050" uid="1962926" user="Makaan">

</node>
<node id="9191265957" lat="52.4458754" lon="15.5722537" version="3" timestamp="2023-03-07T09:26:42Z"  changeset="133395050" uid="1962926" user="Makaan">

</node>
<node id="9191265958" lat="52.4459348" lon="15.5731431" version="1" timestamp="2021-10-21T19:33:50Z"  changeset="112807459" uid="6765127" user="Cristoffs">

</node>
<node id="9191265959" lat="52.4457879" lon="15.5720164" version="2" timestamp="2023-03-07T09:26:42Z"  changeset="133395050" uid="1962926" user="Makaan">

</node>
<node id="9481423161" lat="52.4444268" lon="15.5734793" version="2" timestamp="2022-11-23T13:49:51Z"  changeset="129283472" uid="1962926" user="Makaan">

</node>
<node id="9481423194" lat="52.4443041" lon="15.5735094" version="2" timestamp="2022-05-15T15:00:41Z"  changeset="121016120" uid="5909941" user="Łukasz Gajdamowicz">

</node>
<node id="9481423195" lat="52.4439291" lon="15.5727263" version="2" timestamp="2022-05-15T15:00:41Z"  changeset="121016120" uid="5909941" user="Łukasz Gajdamowicz">

</node>
<node id="9481477447" lat="52.4440013" lon="15.5692212" version="3" timestamp="2024-11-17T23:45:29Z"  changeset="159263184" uid="6668641" user="syntex">

</node>
<node id="9481477448" lat="52.4440409" lon="15.569114" version="3" timestamp="2024-11-17T23:45:29Z"  changeset="159263184" uid="6668641" user="syntex">

</node>
<node id="9481477449" lat="52.4439731" lon="15.5693357" version="3" timestamp="2024-11-17T23:45:29Z"  changeset="159263184" uid="6668641" user="syntex">

</node>
<node id="9481477450" lat="52.4438874" lon="15.5699587" version="1" timestamp="2022-02-05T16:23:23Z"  changeset="117051295" uid="1381079" user="d3mol3k">

</node>
<node id="9481477451" lat="52.4438682" lon="15.5701569" version="1" timestamp="2022-02-05T16:23:23Z"  changeset="117051295" uid="1381079" user="d3mol3k">

</node>
<node id="9741365275" lat="52.4445674" lon="15.5734447" version="1" timestamp="2022-05-15T15:00:41Z"  changeset="121016120" uid="5909941" user="Łukasz Gajdamowicz">

</node>
<node id="9741365276" lat="52.4446436" lon="15.5734356" version="3" timestamp="2024-11-17T23:45:29Z"  changeset="159263184" uid="6668641" user="syntex">

</node>
<node id="9741365277" lat="52.4447203" lon="15.5734361" version="1" timestamp="2022-05-15T15:00:41Z"  changeset="121016120" uid="5909941" user="Łukasz Gajdamowicz">

</node>
<node id="9741365278" lat="52.4448507" lon="15.5734549" version="1" timestamp="2022-05-15T15:00:41Z"  changeset="121016120" uid="5909941" user="Łukasz Gajdamowicz">

</node>
<node id="9741365279" lat="52.4450135" lon="15.5735314" version="2" timestamp="2022-11-23T13:49:51Z"  changeset="129283472" uid="1962926" user="Makaan">

</node>
<node id="10032552362" lat="52.443386" lon="15.5720506" version="1" timestamp="2022-09-17T23:44:07Z"  changeset="126315062" uid="4493657" user="user_4493657">

</node>
<node id="10170351293" lat="52.4456308" lon="15.5716225" version="1" timestamp="2022-11-09T00:47:13Z"  changeset="128662571" uid="3610826" user="km2bp">

</node>
<node id="10170351294" lat="52.4456608" lon="15.5716733" version="2" timestamp="2022-11-23T09:32:28Z"  changeset="129272429" uid="1962926" user="Makaan">

</node>
<node id="10170351295" lat="52.4457237" lon="15.5717878" version="2" timestamp="2023-03-07T09:26:42Z"  changeset="133395050" uid="1962926" user="Makaan">

</node>
<node id="10170351303" lat="52.4452017" lon="15.5708625" version="1" timestamp="2022-11-09T00:47:13Z"  changeset="128662571" uid="3610826" user="km2bp">

</node>
<node id="10170351305" lat="52.4452434" lon="15.5709983" version="1" timestamp="2022-11-09T00:47:13Z"  changeset="128662571" uid="3610826" user="km2bp">

</node>
<node id="10170352217" lat="52.444924" lon="15.5699204" version="1" timestamp="2022-11-09T00:47:13Z"  changeset="128662571" uid="3610826" user="km2bp">

</node>
<node id="10170352218" lat="52.4448502" lon="15.5691053" version="1" timestamp="2022-11-09T00:47:13Z"  changeset="128662571" uid="3610826" user="km2bp">

</node>
<node id="10170352219" lat="52.4449142" lon="15.5686787" version="2" timestamp="2022-11-23T09:03:53Z"  changeset="129271229" uid="1962926" user="Makaan">

</node>
<node id="10211602264" lat="52.4448883" lon="15.5697347" version="1" timestamp="2022-11-23T09:03:53Z"  changeset="129271229" uid="1962926" user="Makaan">

</node>
<node id="10211602265" lat="52.4448525" lon="15.5693899" version="1" timestamp="2022-11-23T09:03:53Z"  changeset="129271229" uid="1962926" user="Makaan">

</node>
<node id="10211602266" lat="52.4448788" lon="15.5688377" version="1" timestamp="2022-11-23T09:03:53Z"  changeset="129271229" uid="1962926" user="Makaan">

</node>
<node id="10212104048" lat="52.4451784" lon="15.5735807" version="1" timestamp="2022-11-23T13:49:51Z"  changeset="129283472" uid="1962926" user="Makaan">

</node>
<node id="10212104051" lat="52.4453476" lon="15.5735382" version="1" timestamp="2022-11-23T13:49:51Z"  changeset="129283472" uid="1962926" user="Makaan">

</node>
<node id="10212104055" lat="52.4455225" lon="15.5734365" version="1" timestamp="2022-11-23T13:49:51Z"  changeset="129283472" uid="1962926" user="Makaan">

</node>
<node id="10212104057" lat="52.4456539" lon="15.5733477" version="1" timestamp="2022-11-23T13:49:51Z"  changeset="129283472" uid="1962926" user="Makaan">

</node>
<node id="10212104059" lat="52.4457876" lon="15.5732504" version="1" timestamp="2022-11-23T13:49:51Z"  changeset="129283472" uid="1962926" user="Makaan">

</node>
<node id="10212104061" lat="52.445861" lon="15.5731969" version="1" timestamp="2022-11-23T13:49:51Z"  changeset="129283472" uid="1962926" user="Makaan">

</node>
<node id="11892397408" lat="52.4433455" lon="15.5718674" version="2" timestamp="2024-11-17T23:45:29Z"  changeset="159263184" uid="6668641" user="syntex">
	<tag k="barrier" v="gate"/>
</node>
<node id="11892397410" lat="52.4435553" lon="15.5707703" version="3" timestamp="2025-08-22T13:57:20Z"  changeset="170833774" uid="17295082" user="Aim311_">
	<tag k="barrier" v="gate"/>
</node>
<node id="12349559327" lat="52.4436217" lon="15.5731201" version="2" timestamp="2025-08-22T13:57:20Z"  changeset="170833774" uid="17295082" user="Aim311_">

</node>
<node id="12349559328" lat="52.4434165" lon="15.5722498" version="1" timestamp="2024-11-17T23:45:29Z"  changeset="159263184" uid="6668641" user="syntex">

</node>
<node id="12349559329" lat="52.4432571" lon="15.5715018" version="1" timestamp="2024-11-17T23:45:29Z"  changeset="159263184" uid="6668641" user="syntex">

</node>
<node id="12349559330" lat="52.4432904" lon="15.5712094" version="1" timestamp="2024-11-17T23:45:29Z"  changeset="159263184" uid="6668641" user="syntex">

</node>
<node id="12349559331" lat="52.4434295" lon="15.5708684" version="1" timestamp="2024-11-17T23:45:29Z"  changeset="159263184" uid="6668641" user="syntex">

</node>
<node id="12349559332" lat="52.4435143" lon="15.5708285" version="2" timestamp="2025-08-22T13:57:20Z"  changeset="170833774" uid="17295082" user="Aim311_">

</node>
<node id="12349559333" lat="52.4435764" lon="15.5707261" version="2" timestamp="2025-08-22T13:57:20Z"  changeset="170833774" uid="17295082" user="Aim311_">

</node>
<node id="12349559350" lat="52.4436206" lon="15.5705802" version="1" timestamp="2024-11-17T23:45:29Z"  changeset="159263184" uid="6668641" user="syntex">

</node>
<node id="13089243322" lat="52.4435225" lon="15.5708123" version="1" timestamp="2025-08-22T13:57:20Z"  changeset="170833774" uid="17295082" user="Aim311_">

</node>
<node id="13089243503" lat="52.4433474" lon="15.5720687" version="1" timestamp="2025-08-22T13:57:20Z"  changeset="170833774" uid="17295082" user="Aim311_">

</node>
<node id="13089243509" lat="52.4433591" lon="15.571929" version="1" timestamp="2025-08-22T13:57:20Z"  changeset="170833774" uid="17295082" user="Aim311_">

</node>
<way id="1284375894" version="5" timestamp="2024-06-22T09:44:41Z" action="modify" changeset="153022102" uid="13913940" user="ElectroDriver">
	<tag k="addr:city" v="Kraków"/>
	<tag k="addr:country" v="PL"/>
	<tag k="addr:housenumber" v="1"/>
	<tag k="addr:postcode" v="30-062"/>
	<tag k="addr:street" v="Aleja 3 Maja"/>
	<tag k="building" v="yes"/>
	<tag k="fee" v="yes"/>
	<tag k="fee:conditional" v="no @ Tu; yes @ (temporary_exhibition)"/>
	<tag k="fixme" v="wysokość 0.1, żeby 3d nie renderowało jednej kondygnacji z całego obrysu budynku"/>
	<tag k="height" v="0.1"/>
	<tag k="name" v="Muzeum Narodowe w Krakowie"/>
	<tag k="name:de" v="Nationalmuseum in Krakau"/>
	<tag k="name:en" v="National Museum in Kraków"/>
	<tag k="name:hu" v="Krakkói Nemzeti Múzeum"/>
	<tag k="name:pl" v="Muzeum Narodowe w Krakowie"/>
	<tag k="opening_hours" v="Tu,Fr,Sa 10:00-19:00; Mo off; We,Th,Su 10:00-18:00"/>
	<tag k="tourism" v="museum"/>
	<tag k="wheelchair" v="yes"/>
	<tag k="wikidata" v="Q195311"/>
	<tag k="wikimedia_commons" v="Category:Building of the National Museum in Kraków"/>
	<tag k="wikipedia" v="pl:Muzeum Narodowe w Krakowie"/>
	<tag k="operator" v="Minister Kultury i Dziedzictwa Narodowego"/>
	<tag k="operator:type" v="government"/>
	<tag k="source:tourism" v="Wykaz Muzeów, wypis na dzień 2026-04-09"/>
	<nd ref="11915767575"/>
	<nd ref="11915767576"/>
	<nd ref="2401454000"/>
	<nd ref="2401454003"/>
	<nd ref="11915767596"/>
	<nd ref="11917963248"/>
	<nd ref="11917963249"/>
	<nd ref="11915767600"/>
	<nd ref="11915767601"/>
	<nd ref="11915767579"/>
	<nd ref="11915767597"/>
	<nd ref="11917963252"/>
	<nd ref="2401454016"/>
	<nd ref="2401454018"/>
	<nd ref="11915767583"/>
	<nd ref="11915767584"/>
	<nd ref="11915767585"/>
	<nd ref="11915767586"/>
	<nd ref="11915767587"/>
	<nd ref="11915767588"/>
	<nd ref="11915767589"/>
	<nd ref="11915767590"/>
	<nd ref="11915767575"/>
</way>
<node id="2401454000" lat="50.0599532" lon="19.9234287" version="4" timestamp="2024-06-22T09:44:41Z"  changeset="153022102" uid="13913940" user="ElectroDriver">

</node>
<node id="2401454003" lat="50.0599761" lon="19.9235376" version="3" timestamp="2024-06-22T09:44:41Z"  changeset="153022102" uid="13913940" user="ElectroDriver">

</node>
<node id="2401454016" lat="50.0600955" lon="19.9241043" version="4" timestamp="2024-06-22T09:44:41Z"  changeset="153022102" uid="13913940" user="ElectroDriver">

</node>
<node id="2401454018" lat="50.0601161" lon="19.9242026" version="3" timestamp="2024-06-22T09:44:41Z"  changeset="153022102" uid="13913940" user="ElectroDriver">

</node>
<node id="11915767575" lat="50.0599863" lon="19.9233662" version="1" timestamp="2024-05-18T10:51:34Z"  changeset="151487829" uid="13913940" user="ElectroDriver">

</node>
<node id="11915767576" lat="50.0599949" lon="19.9234073" version="1" timestamp="2024-05-18T10:51:34Z"  changeset="151487829" uid="13913940" user="ElectroDriver">

</node>
<node id="11915767579" lat="50.0600452" lon="19.9241092" version="1" timestamp="2024-05-18T10:51:34Z"  changeset="151487829" uid="13913940" user="ElectroDriver">

</node>
<node id="11915767583" lat="50.0601594" lon="19.9241806" version="1" timestamp="2024-05-18T10:51:34Z"  changeset="151487829" uid="13913940" user="ElectroDriver">

</node>
<node id="11915767584" lat="50.060168" lon="19.9242216" version="1" timestamp="2024-05-18T10:51:34Z"  changeset="151487829" uid="13913940" user="ElectroDriver">

</node>
<node id="11915767585" lat="50.060926" lon="19.9238367" version="1" timestamp="2024-05-18T10:51:34Z"  changeset="151487829" uid="13913940" user="ElectroDriver">

</node>
<node id="11915767586" lat="50.0609143" lon="19.9237807" version="1" timestamp="2024-05-18T10:51:34Z"  changeset="151487829" uid="13913940" user="ElectroDriver">

</node>
<node id="11915767587" lat="50.0609199" lon="19.9237778" version="1" timestamp="2024-05-18T10:51:34Z"  changeset="151487829" uid="13913940" user="ElectroDriver">

</node>
<node id="11915767588" lat="50.0607631" lon="19.9230323" version="1" timestamp="2024-05-18T10:51:34Z"  changeset="151487829" uid="13913940" user="ElectroDriver">

</node>
<node id="11915767589" lat="50.0607559" lon="19.9230359" version="1" timestamp="2024-05-18T10:51:34Z"  changeset="151487829" uid="13913940" user="ElectroDriver">

</node>
<node id="11915767590" lat="50.0607438" lon="19.9229786" version="1" timestamp="2024-05-18T10:51:34Z"  changeset="151487829" uid="13913940" user="ElectroDriver">

</node>
<node id="11915767596" lat="50.0599569" lon="19.9235474" version="1" timestamp="2024-05-18T10:51:34Z"  changeset="151487829" uid="13913940" user="ElectroDriver">

</node>
<node id="11915767597" lat="50.0600728" lon="19.9240942" version="1" timestamp="2024-05-18T10:51:34Z"  changeset="151487829" uid="13913940" user="ElectroDriver">

</node>
<node id="11915767600" lat="50.059935" lon="19.9235816" version="1" timestamp="2024-05-18T10:51:34Z"  changeset="151487829" uid="13913940" user="ElectroDriver">

</node>
<node id="11915767601" lat="50.0599902" lon="19.9238447" version="1" timestamp="2024-05-18T10:51:34Z"  changeset="151487829" uid="13913940" user="ElectroDriver">

</node>
<node id="11917963248" lat="50.0599613" lon="19.9235681" version="1" timestamp="2024-05-19T15:22:18Z"  changeset="151539223" uid="13913940" user="ElectroDriver">

</node>
<node id="11917963249" lat="50.0599604" lon="19.9235686" version="1" timestamp="2024-05-19T15:22:18Z"  changeset="151539223" uid="13913940" user="ElectroDriver">

</node>
<node id="11917963252" lat="50.0600771" lon="19.9241144" version="1" timestamp="2024-05-19T15:22:18Z"  changeset="151539223" uid="13913940" user="ElectroDriver">

</node>
<node id="2525928235" lat="51.2504791" lon="22.5717298" version="11" timestamp="2025-06-26T15:12:59Z" action="modify" changeset="168144827" uid="290680" user="wheelmap_visitor">
	<tag k="addr:city" v="Lublin"/>
	<tag k="addr:housenumber" v="9"/>
	<tag k="addr:postcode" v="20-117"/>
	<tag k="addr:street" v="Zamkowa"/>
	<tag k="charge" v="20.00 PLN"/>
	<tag k="fee" v="yes"/>
	<tag k="museum" v="history"/>
	<tag k="museum_type" v="national"/>
	<tag k="name" v="Muzeum Narodowe w Lublinie"/>
	<tag k="name:pl" v="Muzeum Narodowe w Lublinie"/>
	<tag k="opening_hours" v="Su-Th 09:00-18:00; Fr,Sa 09:00-19:00"/>
	<tag k="operator" v="Minister Kultury i Dziedzictwa Narodowego"/>
	<tag k="owner" v="Muzeum Narodowe w Lublinie"/>
	<tag k="payment:cards" v="yes"/>
	<tag k="payment:cash" v="yes"/>
	<tag k="payment:contactless" v="yes"/>
	<tag k="tourism" v="museum"/>
	<tag k="url" v="https://zamek-lublin.pl/"/>
	<tag k="wheelchair" v="limited"/>
	<tag k="wikidata" v="Q6695405"/>
	<tag k="wikipedia" v="pl:Muzeum Narodowe w Lublinie"/>
	<tag k="operator:type" v="government"/>
	<tag k="source:tourism" v="Wykaz Muzeów, wypis na dzień 2026-04-09"/>
</node>
<node id="9984134345" lat="52.2316938" lon="21.0247708" version="27" timestamp="2026-02-27T10:52:03Z" action="modify" changeset="179125421" uid="115880" user="mikmach">
	<tag k="check_date" v="2026-02-27"/>
	<tag k="fee" v="yes"/>
	<tag k="fee:conditional" v="no @ (Tu)"/>
	<tag k="int_name" v="National Museum in Warsaw"/>
	<tag k="museum" v="art"/>
	<tag k="name" v="Muzeum Narodowe w Warszawie"/>
	<tag k="name:ar" v="المتحف الوطني في وارسو"/>
	<tag k="name:az" v="Varşava Milli Muzeyi"/>
	<tag k="name:be" v="Нацыянальны музей у Варшаве"/>
	<tag k="name:bg" v="Национален музей във Варшава"/>
	<tag k="name:cs" v="Národní muzeum ve Varšavě"/>
	<tag k="name:de" v="Nationalmuseum in Warschau"/>
	<tag k="name:el" v="Εθνικό Μουσείο της Βαρσοβίας"/>
	<tag k="name:en" v="National Museum in Warsaw"/>
	<tag k="name:eo" v="Nacia Muzeo en Varsovio"/>
	<tag k="name:es" v="Museo Nacional en Varsovia"/>
	<tag k="name:fr" v="Musée national de Varsovie"/>
	<tag k="name:hu" v="Varsói Nemzeti Múzeum"/>
	<tag k="name:hy" v="Վարշավայի ազգային թանգարան"/>
	<tag k="name:id" v="Museum Nasional di Warsawa"/>
	<tag k="name:it" v="Museo nazionale di Varsavia"/>
	<tag k="name:ja" v="ワルシャワ国立美術館"/>
	<tag k="name:ka" v="ეროვნული მუზეუმი"/>
	<tag k="name:ko" v="바르샤바 국립미술관"/>
	<tag k="name:lt" v="Varšuvos nacionalinis muziejus"/>
	<tag k="name:nl" v="Nationaal Museum van Warschau"/>
	<tag k="name:pl" v="Muzeum Narodowe w Warszawie"/>
	<tag k="name:pt" v="Museu Nacional de Varsóvia"/>
	<tag k="name:ro" v="Muzeul Național din Varșovia"/>
	<tag k="name:ru" v="Национальный музей"/>
	<tag k="name:tr" v="Varşova Ulusal Müzesi"/>
	<tag k="name:uk" v="Національний музей у Варшаві"/>
	<tag k="name:uz" v="Varshava milliy muzeyi"/>
	<tag k="name:vi" v="Bảo tàng quốc gia tại Warszawa"/>
	<tag k="name:zh" v="华沙国家博物馆"/>
	<tag k="name:zh-Hant" v="華沙國家博物館"/>
	<tag k="opening_hours" v="Tu-Th 10:00-18:00; Fr 10:00-20:00; Sa-Su 10:00-18:00"/>
	<tag k="operator" v="Minister Kultury i Dziedzictwa Narodowego"/>
	<tag k="operator:type" v="government"/>
	<tag k="payment:contactless" v="yes"/>
	<tag k="payment:maestro" v="yes"/>
	<tag k="payment:mastercard" v="yes"/>
	<tag k="payment:v_pay" v="yes"/>
	<tag k="payment:visa" v="yes"/>
	<tag k="payment:visa_electron" v="yes"/>
	<tag k="tourism" v="museum"/>
	<tag k="website" v="https://www.mnw.art.pl/"/>
	<tag k="wheelchair" v="limited"/>
	<tag k="wikidata" v="Q153306"/>
	<tag k="wikipedia" v="pl:Muzeum Narodowe w Warszawie"/>
	<tag k="addr:postcode" v="00-495"/>
	<tag k="addr:city" v="Warszawa"/>
	<tag k="addr:street" v="Jerozolimsie"/>
	<tag k="addr:housenumber" v="3"/>
	<tag k="source:tourism" v="Wykaz Muzeów, wypis na dzień 2026-04-09"/>
</node>
<way id="8106732" version="44" timestamp="2024-09-29T15:17:23Z" action="modify" changeset="157258883" uid="10318941" user="Alanantos">
	<tag k="addr:city" v="Warszawa"/>
	<tag k="addr:housenumber" v="10/16"/>
	<tag k="addr:postcode" v="02-958"/>
	<tag k="addr:street" v="Stanisława Kostki Potockiego"/>
	<tag k="building" v="castle"/>
	<tag k="castle_type" v="palace"/>
	<tag k="email" v="muzeum@muzeum-wilanow.pl"/>
	<tag k="end_date" v="1679"/>
	<tag k="fee" v="yes"/>
	<tag k="heritage" v="2"/>
	<tag k="heritage:operator" v="nid"/>
	<tag k="heritage:website" v="https://zabytek.pl/pl/obiekty/zabytek?inspire_id=PL.1.9.ZIPOZ.NID_N_14_BK.202470&rejestr=rejestr-zabytkow"/>
	<tag k="historic" v="castle"/>
	<tag k="name" v="Muzeum Pałacu Króla Jana III w Wilanowie"/>
	<tag k="name:ca" v="Palau de Wilanów"/>
	<tag k="name:cs" v="Wilanowský palác"/>
	<tag k="name:de" v="Wilanów-Palast"/>
	<tag k="name:el" v="Παλάτι του Βιλάνουφ"/>
	<tag k="name:en" v="Wilanow Palace"/>
	<tag k="name:es" v="Palacio de Wilanów"/>
	<tag k="name:eu" v="Wilanów jauregia"/>
	<tag k="name:fi" v="Wilanówin palatsi"/>
	<tag k="name:fr" v="Palais de Wilanów"/>
	<tag k="name:he" v="ארמון וילאנוב"/>
	<tag k="name:hr" v="Palača u Wilanówu"/>
	<tag k="name:hy" v="Վիլանովի պալատ"/>
	<tag k="name:id" v="Istana Wilanów"/>
	<tag k="name:it" v="Palazzo di Wilanów"/>
	<tag k="name:ja" v="ヴィラヌフ宮殿"/>
	<tag k="name:jv" v="Istana Wilanów"/>
	<tag k="name:ka" v="ვილანუვის სასახლე"/>
	<tag k="name:ko" v="빌라누프궁"/>
	<tag k="name:nl" v="Wilanówpaleis"/>
	<tag k="name:no" v="Wilanów-palasset"/>
	<tag k="name:pl" v="Pałac w Wilanowie"/>
	<tag k="name:pt" v="Palácio Wilanów"/>
	<tag k="name:ro" v="Palatul Wilanów"/>
	<tag k="name:ru" v="Вилянувский дворец"/>
	<tag k="name:tr" v="Wilanów Sarayı"/>
	<tag k="name:uk" v="Вілянівський палац"/>
	<tag k="name:vi" v="Cung điện Wilanów"/>
	<tag k="name:zh" v="维拉诺宫"/>
	<tag k="name:zh-Hant" v="維拉諾宮"/>
	<tag k="official_name" v="Muzeum Pałacu Króla Jana III w Wilanowie"/>
	<tag k="opening_hours" v="Mo-Su 10:00-16:00"/>
	<tag k="phone" v="+48 22 544 27 00"/>
	<tag k="source" v="landsat"/>
	<tag k="start_date" v="1677"/>
	<tag k="toilets:wheelchair" v="yes"/>
	<tag k="tourism" v="museum"/>
	<tag k="website" v="https://www.wilanow-palac.pl/"/>
	<tag k="wheelchair" v="limited"/>
	<tag k="wikidata" v="Q47473"/>
	<tag k="wikipedia" v="pl:Pałac w Wilanowie"/>
	<tag k="operator" v="Minister Kultury i Dziedzictwa Narodowego"/>
	<tag k="operator:type" v="government"/>
	<tag k="source:tourism" v="Wykaz Muzeów, wypis na dzień 2026-04-09"/>
	<nd ref="3835810518"/>
	<nd ref="3835810523"/>
	<nd ref="3835810522"/>
	<nd ref="3835810532"/>
	<nd ref="3835810529"/>
	<nd ref="3835810536"/>
	<nd ref="3835810531"/>
	<nd ref="3835810524"/>
	<nd ref="3835810521"/>
	<nd ref="3835810517"/>
	<nd ref="3835810516"/>
	<nd ref="3835810510"/>
	<nd ref="3835810507"/>
	<nd ref="3835810515"/>
	<nd ref="3835810514"/>
	<nd ref="3835810505"/>
	<nd ref="3835810503"/>
	<nd ref="3835810511"/>
	<nd ref="3835810509"/>
	<nd ref="3835810501"/>
	<nd ref="3835810500"/>
	<nd ref="3835810508"/>
	<nd ref="3835810506"/>
	<nd ref="10116960485"/>
	<nd ref="10116960447"/>
	<nd ref="10116960448"/>
	<nd ref="3835810489"/>
	<nd ref="3835810483"/>
	<nd ref="3835810488"/>
	<nd ref="3835810487"/>
	<nd ref="3835810120"/>
	<nd ref="3835810124"/>
	<nd ref="3835810138"/>
	<nd ref="3835810139"/>
	<nd ref="3835810140"/>
	<nd ref="3835810145"/>
	<nd ref="3835810141"/>
	<nd ref="10116969450"/>
	<nd ref="3835810142"/>
	<nd ref="3835810147"/>
	<nd ref="3835810149"/>
	<nd ref="3835810143"/>
	<nd ref="3835810144"/>
	<nd ref="3835810151"/>
	<nd ref="3835810153"/>
	<nd ref="3835810146"/>
	<nd ref="3835810148"/>
	<nd ref="3835810155"/>
	<nd ref="3835810458"/>
	<nd ref="3835810150"/>
	<nd ref="3835810152"/>
	<nd ref="3835810460"/>
	<nd ref="3835810461"/>
	<nd ref="3835810154"/>
	<nd ref="3835810156"/>
	<nd ref="3835810462"/>
	<nd ref="3835810464"/>
	<nd ref="3835810457"/>
	<nd ref="10116969454"/>
	<nd ref="3835810459"/>
	<nd ref="3835810463"/>
	<nd ref="3835810468"/>
	<nd ref="3835810465"/>
	<nd ref="10116969466"/>
	<nd ref="3835810466"/>
	<nd ref="3835810470"/>
	<nd ref="3835810472"/>
	<nd ref="3835810469"/>
	<nd ref="3835810471"/>
	<nd ref="3835810474"/>
	<nd ref="3835810478"/>
	<nd ref="3835810473"/>
	<nd ref="3835810475"/>
	<nd ref="3835810481"/>
	<nd ref="3835810480"/>
	<nd ref="3835810492"/>
	<nd ref="3835810493"/>
	<nd ref="3835810495"/>
	<nd ref="3835810494"/>
	<nd ref="3835810512"/>
	<nd ref="3835810513"/>
	<nd ref="3835810545"/>
	<nd ref="3835810544"/>
	<nd ref="3835810550"/>
	<nd ref="3835810551"/>
	<nd ref="3835810556"/>
	<nd ref="3835810555"/>
	<nd ref="3835810661"/>
	<nd ref="3835810662"/>
	<nd ref="3835810667"/>
	<nd ref="3835810668"/>
	<nd ref="3835810669"/>
	<nd ref="3835810670"/>
	<nd ref="3835810681"/>
	<nd ref="3835810682"/>
	<nd ref="3835810671"/>
	<nd ref="3835810675"/>
	<nd ref="3835810686"/>
	<nd ref="3835810685"/>
	<nd ref="3835810753"/>
	<nd ref="3835810756"/>
	<nd ref="3835810870"/>
	<nd ref="3835810865"/>
	<nd ref="3835810858"/>
	<nd ref="3835810857"/>
	<nd ref="3835810862"/>
	<nd ref="3835810861"/>
	<nd ref="3835810864"/>
	<nd ref="3835810863"/>
	<nd ref="3835810869"/>
	<nd ref="3835810868"/>
	<nd ref="3835810875"/>
	<nd ref="3835810876"/>
	<nd ref="3835810881"/>
	<nd ref="3835810880"/>
	<nd ref="3835810915"/>
	<nd ref="3835810917"/>
	<nd ref="3835810936"/>
	<nd ref="3835810935"/>
	<nd ref="3835810941"/>
	<nd ref="3835810942"/>
	<nd ref="3835811059"/>
	<nd ref="3835811058"/>
	<nd ref="3835810955"/>
	<nd ref="3835810954"/>
	<nd ref="3835811057"/>
	<nd ref="3835810956"/>
	<nd ref="3835810952"/>
	<nd ref="3835810951"/>
	<nd ref="3835810950"/>
	<nd ref="3835810945"/>
	<nd ref="3835810949"/>
	<nd ref="3835810948"/>
	<nd ref="3835811072"/>
	<nd ref="3835811070"/>
	<nd ref="3835811068"/>
	<nd ref="3835811064"/>
	<nd ref="3835811067"/>
	<nd ref="3835811065"/>
	<nd ref="4338364186"/>
	<nd ref="3835810940"/>
	<nd ref="3835810939"/>
	<nd ref="3835810885"/>
	<nd ref="3835810887"/>
	<nd ref="3835810891"/>
	<nd ref="3835810896"/>
	<nd ref="3835810888"/>
	<nd ref="3835810890"/>
	<nd ref="3835810898"/>
	<nd ref="3835810902"/>
	<nd ref="3835810894"/>
	<nd ref="3835810897"/>
	<nd ref="3835810904"/>
	<nd ref="3835810905"/>
	<nd ref="3835810900"/>
	<nd ref="3835810901"/>
	<nd ref="3835810892"/>
	<nd ref="3835810895"/>
	<nd ref="3835810889"/>
	<nd ref="3835810893"/>
	<nd ref="3835810899"/>
	<nd ref="3835810903"/>
	<nd ref="3835810906"/>
	<nd ref="3835810907"/>
	<nd ref="3835810910"/>
	<nd ref="3835810913"/>
	<nd ref="3835810908"/>
	<nd ref="3835810909"/>
	<nd ref="3835810916"/>
	<nd ref="3835810919"/>
	<nd ref="3835810911"/>
	<nd ref="3835810914"/>
	<nd ref="3835810924"/>
	<nd ref="3835810925"/>
	<nd ref="3835810918"/>
	<nd ref="3835810921"/>
	<nd ref="3835810927"/>
	<nd ref="3835810929"/>
	<nd ref="3835810926"/>
	<nd ref="3835810928"/>
	<nd ref="3835810922"/>
	<nd ref="3835810923"/>
	<nd ref="3835810883"/>
	<nd ref="3835810882"/>
	<nd ref="3835810879"/>
	<nd ref="3835810878"/>
	<nd ref="3835810873"/>
	<nd ref="3835810874"/>
	<nd ref="3835810871"/>
	<nd ref="3835810872"/>
	<nd ref="3835810867"/>
	<nd ref="3835810866"/>
	<nd ref="3835810859"/>
	<nd ref="3835810860"/>
	<nd ref="3835810755"/>
	<nd ref="3835810754"/>
	<nd ref="3835810751"/>
	<nd ref="3835810752"/>
	<nd ref="3835810750"/>
	<nd ref="3835810749"/>
	<nd ref="3835810743"/>
	<nd ref="3835810744"/>
	<nd ref="3835810747"/>
	<nd ref="3835810748"/>
	<nd ref="3835810745"/>
	<nd ref="3835810746"/>
	<nd ref="3835810741"/>
	<nd ref="3835810742"/>
	<nd ref="3835810740"/>
	<nd ref="3835810739"/>
	<nd ref="3835810737"/>
	<nd ref="3835810738"/>
	<nd ref="3835810735"/>
	<nd ref="3835810733"/>
	<nd ref="3835810729"/>
	<nd ref="3835810730"/>
	<nd ref="4338359986"/>
	<nd ref="3835810728"/>
	<nd ref="3835810727"/>
	<nd ref="3835810724"/>
	<nd ref="3835810725"/>
	<nd ref="3835810713"/>
	<nd ref="3835810712"/>
	<nd ref="3835810707"/>
	<nd ref="3835810708"/>
	<nd ref="3835810701"/>
	<nd ref="3835810700"/>
	<nd ref="3835810696"/>
	<nd ref="3835810695"/>
	<nd ref="3835810692"/>
	<nd ref="3835810691"/>
	<nd ref="3835810694"/>
	<nd ref="4216735493"/>
	<nd ref="3835810689"/>
	<nd ref="3835810690"/>
	<nd ref="3835810684"/>
	<nd ref="3835810683"/>
	<nd ref="3835810678"/>
	<nd ref="3835810679"/>
	<nd ref="3835810673"/>
	<nd ref="3835810672"/>
	<nd ref="3835810664"/>
	<nd ref="3835810665"/>
	<nd ref="3835810658"/>
	<nd ref="3835810657"/>
	<nd ref="3835810554"/>
	<nd ref="3835810553"/>
	<nd ref="3835810548"/>
	<nd ref="3835810549"/>
	<nd ref="3835810546"/>
	<nd ref="3835810547"/>
	<nd ref="3835810543"/>
	<nd ref="3835810542"/>
	<nd ref="3835810541"/>
	<nd ref="3835810540"/>
	<nd ref="3835810538"/>
	<nd ref="3835810534"/>
	<nd ref="3835810539"/>
	<nd ref="3835810537"/>
	<nd ref="3835810530"/>
	<nd ref="3835810527"/>
	<nd ref="3835810535"/>
	<nd ref="3835810533"/>
	<nd ref="3835810525"/>
	<nd ref="3835810520"/>
	<nd ref="3835810528"/>
	<nd ref="3835810526"/>
	<nd ref="3835810519"/>
	<nd ref="3835810518"/>
</way>
<node id="3835810120" lat="52.1646117" lon="21.0893394" version="1" timestamp="2015-11-14T14:38:21Z"  changeset="35307365" uid="1973553" user="Maciej Zawiejski">

</node>
<node id="3835810124" lat="52.1646194" lon="21.089579" version="1" timestamp="2015-11-14T14:38:21Z"  changeset="35307365" uid="1973553" user="Maciej Zawiejski">

</node>
<node id="3835810138" lat="52.1646922" lon="21.0895727" version="1" timestamp="2015-11-14T14:38:21Z"  changeset="35307365" uid="1973553" user="Maciej Zawiejski">

</node>
<node id="3835810139" lat="52.1646936" lon="21.0896159" version="1" timestamp="2015-11-14T14:38:21Z"  changeset="35307365" uid="1973553" user="Maciej Zawiejski">

</node>
<node id="3835810140" lat="52.1647374" lon="21.0896121" version="1" timestamp="2015-11-14T14:38:21Z"  changeset="35307365" uid="1973553" user="Maciej Zawiejski">

</node>
<node id="3835810141" lat="52.1647408" lon="21.0898034" version="1" timestamp="2015-11-14T14:38:21Z"  changeset="35307365" uid="1973553" user="Maciej Zawiejski">

</node>
<node id="3835810142" lat="52.1647413" lon="21.0898189" version="1" timestamp="2015-11-14T14:38:21Z"  changeset="35307365" uid="1973553" user="Maciej Zawiejski">

</node>
<node id="3835810143" lat="52.1647428" lon="21.0898498" version="1" timestamp="2015-11-14T14:38:21Z"  changeset="35307365" uid="1973553" user="Maciej Zawiejski">

</node>
<node id="3835810144" lat="52.1647433" lon="21.0898655" version="1" timestamp="2015-11-14T14:38:21Z"  changeset="35307365" uid="1973553" user="Maciej Zawiejski">

</node>
<node id="3835810145" lat="52.1647437" lon="21.0898031" version="1" timestamp="2015-11-14T14:38:21Z"  changeset="35307365" uid="1973553" user="Maciej Zawiejski">

</node>
<node id="3835810146" lat="52.1647442" lon="21.0898957" version="1" timestamp="2015-11-14T14:38:21Z"  changeset="35307365" uid="1973553" user="Maciej Zawiejski">

</node>
<node id="3835810147" lat="52.1647443" lon="21.0898187" version="1" timestamp="2015-11-14T14:38:21Z"  changeset="35307365" uid="1973553" user="Maciej Zawiejski">

</node>
<node id="3835810148" lat="52.1647447" lon="21.0899115" version="1" timestamp="2015-11-14T14:38:21Z"  changeset="35307365" uid="1973553" user="Maciej Zawiejski">

</node>
<node id="3835810149" lat="52.1647453" lon="21.0898496" version="1" timestamp="2015-11-14T14:38:21Z"  changeset="35307365" uid="1973553" user="Maciej Zawiejski">

</node>
<node id="3835810150" lat="52.1647456" lon="21.0899419" version="1" timestamp="2015-11-14T14:38:21Z"  changeset="35307365" uid="1973553" user="Maciej Zawiejski">

</node>
<node id="3835810151" lat="52.1647459" lon="21.0898653" version="1" timestamp="2015-11-14T14:38:21Z"  changeset="35307365" uid="1973553" user="Maciej Zawiejski">

</node>
<node id="3835810152" lat="52.1647461" lon="21.0899574" version="1" timestamp="2015-11-14T14:38:21Z"  changeset="35307365" uid="1973553" user="Maciej Zawiejski">

</node>
<node id="3835810153" lat="52.1647469" lon="21.0898955" version="1" timestamp="2015-11-14T14:38:21Z"  changeset="35307365" uid="1973553" user="Maciej Zawiejski">

</node>
<node id="3835810154" lat="52.1647469" lon="21.0899882" version="1" timestamp="2015-11-14T14:38:21Z"  changeset="35307365" uid="1973553" user="Maciej Zawiejski">

</node>
<node id="3835810155" lat="52.1647474" lon="21.0899113" version="1" timestamp="2015-11-14T14:38:21Z"  changeset="35307365" uid="1973553" user="Maciej Zawiejski">

</node>
<node id="3835810156" lat="52.1647474" lon="21.0900035" version="1" timestamp="2015-11-14T14:38:21Z"  changeset="35307365" uid="1973553" user="Maciej Zawiejski">

</node>
<node id="3835810457" lat="52.1647482" lon="21.0900338" version="1" timestamp="2015-11-14T14:38:21Z"  changeset="35307365" uid="1973553" user="Maciej Zawiejski">

</node>
<node id="3835810458" lat="52.1647484" lon="21.0899417" version="1" timestamp="2015-11-14T14:38:21Z"  changeset="35307365" uid="1973553" user="Maciej Zawiejski">

</node>
<node id="3835810459" lat="52.1647488" lon="21.0900507" version="1" timestamp="2015-11-14T14:38:21Z"  changeset="35307365" uid="1973553" user="Maciej Zawiejski">

</node>
<node id="3835810460" lat="52.1647489" lon="21.0899571" version="1" timestamp="2015-11-14T14:38:21Z"  changeset="35307365" uid="1973553" user="Maciej Zawiejski">

</node>
<node id="3835810461" lat="52.1647499" lon="21.089988" version="1" timestamp="2015-11-14T14:38:21Z"  changeset="35307365" uid="1973553" user="Maciej Zawiejski">

</node>
<node id="3835810462" lat="52.1647505" lon="21.0900032" version="1" timestamp="2015-11-14T14:38:21Z"  changeset="35307365" uid="1973553" user="Maciej Zawiejski">

</node>
<node id="3835810463" lat="52.1647512" lon="21.0900505" version="1" timestamp="2015-11-14T14:38:21Z"  changeset="35307365" uid="1973553" user="Maciej Zawiejski">

</node>
<node id="3835810464" lat="52.1647515" lon="21.0900335" version="1" timestamp="2015-11-14T14:38:21Z"  changeset="35307365" uid="1973553" user="Maciej Zawiejski">

</node>
<node id="3835810465" lat="52.1647545" lon="21.0902386" version="1" timestamp="2015-11-14T14:38:21Z"  changeset="35307365" uid="1973553" user="Maciej Zawiejski">

</node>
<node id="3835810466" lat="52.1647556" lon="21.0902713" version="1" timestamp="2015-11-14T14:38:21Z"  changeset="35307365" uid="1973553" user="Maciej Zawiejski">

</node>
<node id="3835810468" lat="52.1647573" lon="21.0902383" version="1" timestamp="2015-11-14T14:38:21Z"  changeset="35307365" uid="1973553" user="Maciej Zawiejski">

</node>
<node id="3835810469" lat="52.1647578" lon="21.09033" version="1" timestamp="2015-11-14T14:38:21Z"  changeset="35307365" uid="1973553" user="Maciej Zawiejski">

</node>
<node id="3835810470" lat="52.1647579" lon="21.0902711" version="1" timestamp="2015-11-14T14:38:21Z"  changeset="35307365" uid="1973553" user="Maciej Zawiejski">

</node>
<node id="3835810471" lat="52.1647589" lon="21.0903618" version="1" timestamp="2015-11-14T14:38:21Z"  changeset="35307365" uid="1973553" user="Maciej Zawiejski">

</node>
<node id="3835810472" lat="52.1647598" lon="21.0903298" version="1" timestamp="2015-11-14T14:38:21Z"  changeset="35307365" uid="1973553" user="Maciej Zawiejski">

</node>
<node id="3835810473" lat="52.1647603" lon="21.0904206" version="1" timestamp="2015-11-14T14:38:21Z"  changeset="35307365" uid="1973553" user="Maciej Zawiejski">

</node>
<node id="3835810474" lat="52.1647609" lon="21.0903616" version="1" timestamp="2015-11-14T14:38:21Z"  changeset="35307365" uid="1973553" user="Maciej Zawiejski">

</node>
<node id="3835810475" lat="52.1647609" lon="21.0904375" version="1" timestamp="2015-11-14T14:38:21Z"  changeset="35307365" uid="1973553" user="Maciej Zawiejski">

</node>
<node id="3835810478" lat="52.1647629" lon="21.0904204" version="1" timestamp="2015-11-14T14:38:22Z"  changeset="35307365" uid="1973553" user="Maciej Zawiejski">

</node>
<node id="3835810480" lat="52.1647713" lon="21.0904316" version="1" timestamp="2015-11-14T14:38:22Z"  changeset="35307365" uid="1973553" user="Maciej Zawiejski">

</node>
<node id="3835810481" lat="52.1647715" lon="21.0904366" version="1" timestamp="2015-11-14T14:38:22Z"  changeset="35307365" uid="1973553" user="Maciej Zawiejski">

</node>
<node id="3835810483" lat="52.1647728" lon="21.0894195" version="1" timestamp="2015-11-14T14:38:22Z"  changeset="35307365" uid="1973553" user="Maciej Zawiejski">

</node>
<node id="3835810487" lat="52.1647747" lon="21.0893253" version="1" timestamp="2015-11-14T14:38:22Z"  changeset="35307365" uid="1973553" user="Maciej Zawiejski">

</node>
<node id="3835810488" lat="52.1647778" lon="21.089419" version="1" timestamp="2015-11-14T14:38:22Z"  changeset="35307365" uid="1973553" user="Maciej Zawiejski">

</node>
<node id="3835810489" lat="52.1647787" lon="21.0895981" version="1" timestamp="2015-11-14T14:38:22Z"  changeset="35307365" uid="1973553" user="Maciej Zawiejski">

</node>
<node id="3835810492" lat="52.164798" lon="21.0904293" version="1" timestamp="2015-11-14T14:38:22Z"  changeset="35307365" uid="1973553" user="Maciej Zawiejski">

</node>
<node id="3835810493" lat="52.1647981" lon="21.0904331" version="1" timestamp="2015-11-14T14:38:22Z"  changeset="35307365" uid="1973553" user="Maciej Zawiejski">

</node>
<node id="3835810494" lat="52.164824" lon="21.0904261" version="1" timestamp="2015-11-14T14:38:22Z"  changeset="35307365" uid="1973553" user="Maciej Zawiejski">

</node>
<node id="3835810495" lat="52.1648242" lon="21.0904308" version="1" timestamp="2015-11-14T14:38:22Z"  changeset="35307365" uid="1973553" user="Maciej Zawiejski">

</node>
<node id="3835810500" lat="52.1648427" lon="21.0896345" version="1" timestamp="2015-11-14T14:38:22Z"  changeset="35307365" uid="1973553" user="Maciej Zawiejski">

</node>
<node id="3835810501" lat="52.1648441" lon="21.0896774" version="1" timestamp="2015-11-14T14:38:22Z"  changeset="35307365" uid="1973553" user="Maciej Zawiejski">

</node>
<node id="3835810503" lat="52.1648452" lon="21.0897208" version="1" timestamp="2015-11-14T14:38:22Z"  changeset="35307365" uid="1973553" user="Maciej Zawiejski">

</node>
<node id="3835810505" lat="52.1648466" lon="21.0897639" version="1" timestamp="2015-11-14T14:38:22Z"  changeset="35307365" uid="1973553" user="Maciej Zawiejski">

</node>
<node id="3835810506" lat="52.1648467" lon="21.0895922" version="1" timestamp="2015-11-14T14:38:22Z"  changeset="35307365" uid="1973553" user="Maciej Zawiejski">

</node>
<node id="3835810507" lat="52.164848" lon="21.0898072" version="1" timestamp="2015-11-14T14:38:22Z"  changeset="35307365" uid="1973553" user="Maciej Zawiejski">

</node>
<node id="3835810508" lat="52.1648481" lon="21.089634" version="1" timestamp="2015-11-14T14:38:22Z"  changeset="35307365" uid="1973553" user="Maciej Zawiejski">

</node>
<node id="3835810509" lat="52.1648494" lon="21.089677" version="1" timestamp="2015-11-14T14:38:22Z"  changeset="35307365" uid="1973553" user="Maciej Zawiejski">

</node>
<node id="3835810510" lat="52.1648494" lon="21.0898502" version="1" timestamp="2015-11-14T14:38:22Z"  changeset="35307365" uid="1973553" user="Maciej Zawiejski">

</node>
<node id="3835810511" lat="52.1648508" lon="21.0897203" version="1" timestamp="2015-11-14T14:38:22Z"  changeset="35307365" uid="1973553" user="Maciej Zawiejski">

</node>
<node id="3835810512" lat="52.1648509" lon="21.0904238" version="1" timestamp="2015-11-14T14:38:22Z"  changeset="35307365" uid="1973553" user="Maciej Zawiejski">

</node>
<node id="3835810513" lat="52.164851" lon="21.0904277" version="1" timestamp="2015-11-14T14:38:22Z"  changeset="35307365" uid="1973553" user="Maciej Zawiejski">

</node>
<node id="3835810514" lat="52.164852" lon="21.0897635" version="1" timestamp="2015-11-14T14:38:22Z"  changeset="35307365" uid="1973553" user="Maciej Zawiejski">

</node>
<node id="3835810515" lat="52.1648534" lon="21.0898067" version="1" timestamp="2015-11-14T14:38:22Z"  changeset="35307365" uid="1973553" user="Maciej Zawiejski">

</node>
<node id="3835810516" lat="52.1648547" lon="21.0898497" version="1" timestamp="2015-11-14T14:38:22Z"  changeset="35307365" uid="1973553" user="Maciej Zawiejski">

</node>
<node id="3835810517" lat="52.1648548" lon="21.0898539" version="1" timestamp="2015-11-14T14:38:22Z"  changeset="35307365" uid="1973553" user="Maciej Zawiejski">

</node>
<node id="3835810518" lat="52.1648555" lon="21.0899885" version="1" timestamp="2015-11-14T14:38:22Z"  changeset="35307365" uid="1973553" user="Maciej Zawiejski">

</node>
<node id="3835810519" lat="52.1648569" lon="21.0900316" version="1" timestamp="2015-11-14T14:38:22Z"  changeset="35307365" uid="1973553" user="Maciej Zawiejski">

</node>
<node id="3835810520" lat="52.1648582" lon="21.0900751" version="1" timestamp="2015-11-14T14:38:22Z"  changeset="35307365" uid="1973553" user="Maciej Zawiejski">

</node>
<node id="3835810521" lat="52.1648586" lon="21.0898536" version="1" timestamp="2015-11-14T14:38:22Z"  changeset="35307365" uid="1973553" user="Maciej Zawiejski">

</node>
<node id="3835810522" lat="52.164859" lon="21.0899843" version="1" timestamp="2015-11-14T14:38:22Z"  changeset="35307365" uid="1973553" user="Maciej Zawiejski">

</node>
<node id="3835810523" lat="52.1648592" lon="21.0899882" version="1" timestamp="2015-11-14T14:38:22Z"  changeset="35307365" uid="1973553" user="Maciej Zawiejski">

</node>
<node id="3835810524" lat="52.1648595" lon="21.0898806" version="1" timestamp="2015-11-14T14:38:22Z"  changeset="35307365" uid="1973553" user="Maciej Zawiejski">

</node>
<node id="3835810525" lat="52.1648596" lon="21.0901185" version="1" timestamp="2015-11-14T14:38:22Z"  changeset="35307365" uid="1973553" user="Maciej Zawiejski">

</node>
<node id="3835810526" lat="52.1648604" lon="21.0900313" version="1" timestamp="2015-11-14T14:38:22Z"  changeset="35307365" uid="1973553" user="Maciej Zawiejski">

</node>
<node id="3835810527" lat="52.1648607" lon="21.0901614" version="1" timestamp="2015-11-14T14:38:22Z"  changeset="35307365" uid="1973553" user="Maciej Zawiejski">

</node>
<node id="3835810528" lat="52.1648618" lon="21.0900748" version="1" timestamp="2015-11-14T14:38:22Z"  changeset="35307365" uid="1973553" user="Maciej Zawiejski">

</node>
<node id="3835810529" lat="52.164862" lon="21.0899577" version="1" timestamp="2015-11-14T14:38:22Z"  changeset="35307365" uid="1973553" user="Maciej Zawiejski">

</node>
<node id="3835810530" lat="52.1648622" lon="21.0902051" version="1" timestamp="2015-11-14T14:38:22Z"  changeset="35307365" uid="1973553" user="Maciej Zawiejski">

</node>
<node id="3835810531" lat="52.1648625" lon="21.0898803" version="1" timestamp="2015-11-14T14:38:22Z"  changeset="35307365" uid="1973553" user="Maciej Zawiejski">

</node>
<node id="3835810532" lat="52.1648628" lon="21.089984" version="1" timestamp="2015-11-14T14:38:22Z"  changeset="35307365" uid="1973553" user="Maciej Zawiejski">

</node>
<node id="3835810533" lat="52.1648631" lon="21.0901182" version="1" timestamp="2015-11-14T14:38:22Z"  changeset="35307365" uid="1973553" user="Maciej Zawiejski">

</node>
<node id="3835810534" lat="52.1648639" lon="21.0902482" version="1" timestamp="2015-11-14T14:38:23Z"  changeset="35307365" uid="1973553" user="Maciej Zawiejski">

</node>
<node id="3835810535" lat="52.1648645" lon="21.0901611" version="1" timestamp="2015-11-14T14:38:23Z"  changeset="35307365" uid="1973553" user="Maciej Zawiejski">

</node>
<node id="3835810536" lat="52.164865" lon="21.0899574" version="1" timestamp="2015-11-14T14:38:23Z"  changeset="35307365" uid="1973553" user="Maciej Zawiejski">

</node>
<node id="3835810537" lat="52.1648658" lon="21.0902048" version="1" timestamp="2015-11-14T14:38:23Z"  changeset="35307365" uid="1973553" user="Maciej Zawiejski">

</node>
<node id="3835810538" lat="52.1648667" lon="21.0903327" version="1" timestamp="2015-11-14T14:38:23Z"  changeset="35307365" uid="1973553" user="Maciej Zawiejski">

</node>
<node id="3835810539" lat="52.1648672" lon="21.0902479" version="1" timestamp="2015-11-14T14:38:23Z"  changeset="35307365" uid="1973553" user="Maciej Zawiejski">

</node>
<node id="3835810540" lat="52.1648697" lon="21.0903324" version="1" timestamp="2015-11-14T14:38:23Z"  changeset="35307365" uid="1973553" user="Maciej Zawiejski">

</node>
<node id="3835810541" lat="52.1648699" lon="21.0903379" version="1" timestamp="2015-11-14T14:38:23Z"  changeset="35307365" uid="1973553" user="Maciej Zawiejski">

</node>
<node id="3835810542" lat="52.1648737" lon="21.0903376" version="1" timestamp="2015-11-14T14:38:23Z"  changeset="35307365" uid="1973553" user="Maciej Zawiejski">

</node>
<node id="3835810543" lat="52.1648738" lon="21.0903415" version="1" timestamp="2015-11-14T14:38:23Z"  changeset="35307365" uid="1973553" user="Maciej Zawiejski">

</node>
<node id="3835810544" lat="52.1648766" lon="21.0904204" version="1" timestamp="2015-11-14T14:38:23Z"  changeset="35307365" uid="1973553" user="Maciej Zawiejski">

</node>
<node id="3835810545" lat="52.1648768" lon="21.0904254" version="1" timestamp="2015-11-14T14:38:23Z"  changeset="35307365" uid="1973553" user="Maciej Zawiejski">

</node>
<node id="3835810546" lat="52.1648996" lon="21.0903343" version="1" timestamp="2015-11-14T14:38:23Z"  changeset="35307365" uid="1973553" user="Maciej Zawiejski">

</node>
<node id="3835810547" lat="52.1648998" lon="21.0903392" version="1" timestamp="2015-11-14T14:38:23Z"  changeset="35307365" uid="1973553" user="Maciej Zawiejski">

</node>
<node id="3835810548" lat="52.1649021" lon="21.090328" version="1" timestamp="2015-11-14T14:38:23Z"  changeset="35307365" uid="1973553" user="Maciej Zawiejski">

</node>
<node id="3835810549" lat="52.1649023" lon="21.0903341" version="1" timestamp="2015-11-14T14:38:23Z"  changeset="35307365" uid="1973553" user="Maciej Zawiejski">

</node>
<node id="3835810550" lat="52.164903" lon="21.0904181" version="1" timestamp="2015-11-14T14:38:23Z"  changeset="35307365" uid="1973553" user="Maciej Zawiejski">

</node>
<node id="3835810551" lat="52.1649031" lon="21.0904216" version="1" timestamp="2015-11-14T14:38:23Z"  changeset="35307365" uid="1973553" user="Maciej Zawiejski">

</node>
<node id="3835810553" lat="52.1649806" lon="21.0903212" version="1" timestamp="2015-11-14T14:38:23Z"  changeset="35307365" uid="1973553" user="Maciej Zawiejski">

</node>
<node id="3835810554" lat="52.1649808" lon="21.0903264" version="1" timestamp="2015-11-14T14:38:23Z"  changeset="35307365" uid="1973553" user="Maciej Zawiejski">

</node>
<node id="3835810555" lat="52.164982" lon="21.0904101" version="1" timestamp="2015-11-14T14:38:23Z"  changeset="35307365" uid="1973553" user="Maciej Zawiejski">

</node>
<node id="3835810556" lat="52.1649821" lon="21.0904148" version="1" timestamp="2015-11-14T14:38:23Z"  changeset="35307365" uid="1973553" user="Maciej Zawiejski">

</node>
<node id="3835810657" lat="52.1649837" lon="21.0903261" version="1" timestamp="2015-11-14T14:38:23Z"  changeset="35307365" uid="1973553" user="Maciej Zawiejski">

</node>
<node id="3835810658" lat="52.1649838" lon="21.0903311" version="1" timestamp="2015-11-14T14:38:23Z"  changeset="35307365" uid="1973553" user="Maciej Zawiejski">

</node>
<node id="3835810661" lat="52.165009" lon="21.0904078" version="1" timestamp="2015-11-14T14:38:23Z"  changeset="35307365" uid="1973553" user="Maciej Zawiejski">

</node>
<node id="3835810662" lat="52.1650091" lon="21.0904114" version="1" timestamp="2015-11-14T14:38:23Z"  changeset="35307365" uid="1973553" user="Maciej Zawiejski">

</node>
<node id="3835810664" lat="52.1650103" lon="21.0903223" version="1" timestamp="2015-11-14T14:38:23Z"  changeset="35307365" uid="1973553" user="Maciej Zawiejski">

</node>
<node id="3835810665" lat="52.1650106" lon="21.0903288" version="1" timestamp="2015-11-14T14:38:23Z"  changeset="35307365" uid="1973553" user="Maciej Zawiejski">

</node>
<node id="3835810667" lat="52.1650138" lon="21.090411" version="1" timestamp="2015-11-14T14:38:23Z"  changeset="35307365" uid="1973553" user="Maciej Zawiejski">

</node>
<node id="3835810668" lat="52.165014" lon="21.090417" version="1" timestamp="2015-11-14T14:38:23Z"  changeset="35307365" uid="1973553" user="Maciej Zawiejski">

</node>
<node id="3835810669" lat="52.1650174" lon="21.0904167" version="1" timestamp="2015-11-14T14:38:23Z"  changeset="35307365" uid="1973553" user="Maciej Zawiejski">

</node>
<node id="3835810670" lat="52.1650191" lon="21.0904705" version="1" timestamp="2015-11-14T14:38:23Z"  changeset="35307365" uid="1973553" user="Maciej Zawiejski">

</node>
<node id="3835810671" lat="52.1650207" lon="21.0905531" version="1" timestamp="2015-11-14T14:38:23Z"  changeset="35307365" uid="1973553" user="Maciej Zawiejski">

</node>
<node id="3835810672" lat="52.1650236" lon="21.0903211" version="1" timestamp="2015-11-14T14:38:23Z"  changeset="35307365" uid="1973553" user="Maciej Zawiejski">

</node>
<node id="3835810673" lat="52.1650238" lon="21.090327" version="1" timestamp="2015-11-14T14:38:23Z"  changeset="35307365" uid="1973553" user="Maciej Zawiejski">

</node>
<node id="3835810675" lat="52.1650254" lon="21.0906974" version="1" timestamp="2015-11-14T14:38:23Z"  changeset="35307365" uid="1973553" user="Maciej Zawiejski">

</node>
<node id="3835810678" lat="52.1650534" lon="21.0903187" version="1" timestamp="2015-11-14T14:38:23Z"  changeset="35307365" uid="1973553" user="Maciej Zawiejski">

</node>
<node id="3835810679" lat="52.1650536" lon="21.0903244" version="1" timestamp="2015-11-14T14:38:23Z"  changeset="35307365" uid="1973553" user="Maciej Zawiejski">

</node>
<node id="3835810681" lat="52.1650605" lon="21.0904669" version="1" timestamp="2015-11-14T14:38:23Z"  changeset="35307365" uid="1973553" user="Maciej Zawiejski">

</node>
<node id="3835810682" lat="52.1650632" lon="21.0905494" version="1" timestamp="2015-11-14T14:38:23Z"  changeset="35307365" uid="1973553" user="Maciej Zawiejski">

</node>
<node id="3835810683" lat="52.1650638" lon="21.0903178" version="1" timestamp="2015-11-14T14:38:23Z"  changeset="35307365" uid="1973553" user="Maciej Zawiejski">

</node>
<node id="3835810684" lat="52.165064" lon="21.0903238" version="1" timestamp="2015-11-14T14:38:23Z"  changeset="35307365" uid="1973553" user="Maciej Zawiejski">

</node>
<node id="3835810685" lat="52.1650716" lon="21.0906254" version="1" timestamp="2015-11-14T14:38:23Z"  changeset="35307365" uid="1973553" user="Maciej Zawiejski">

</node>
<node id="3835810686" lat="52.1650738" lon="21.0906932" version="1" timestamp="2015-11-14T14:38:23Z"  changeset="35307365" uid="1973553" user="Maciej Zawiejski">

</node>
<node id="3835810689" lat="52.1650952" lon="21.0903153" version="1" timestamp="2015-11-14T14:38:24Z"  changeset="35307365" uid="1973553" user="Maciej Zawiejski">

</node>
<node id="3835810690" lat="52.1650954" lon="21.0903211" version="1" timestamp="2015-11-14T14:38:24Z"  changeset="35307365" uid="1973553" user="Maciej Zawiejski">

</node>
<node id="3835810691" lat="52.1651018" lon="21.090332" version="1" timestamp="2015-11-14T14:38:24Z"  changeset="35307365" uid="1973553" user="Maciej Zawiejski">

</node>
<node id="3835810692" lat="52.1651033" lon="21.0903784" version="1" timestamp="2015-11-14T14:38:24Z"  changeset="35307365" uid="1973553" user="Maciej Zawiejski">

</node>
<node id="3835810694" lat="52.1651059" lon="21.0903317" version="1" timestamp="2015-11-14T14:38:24Z"  changeset="35307365" uid="1973553" user="Maciej Zawiejski">

</node>
<node id="3835810695" lat="52.1651067" lon="21.0903781" version="1" timestamp="2015-11-14T14:38:24Z"  changeset="35307365" uid="1973553" user="Maciej Zawiejski">

</node>
<node id="3835810696" lat="52.1651069" lon="21.0903846" version="1" timestamp="2015-11-14T14:38:24Z"  changeset="35307365" uid="1973553" user="Maciej Zawiejski">

</node>
<node id="3835810700" lat="52.165111" lon="21.0903842" version="1" timestamp="2015-11-14T14:38:24Z"  changeset="35307365" uid="1973553" user="Maciej Zawiejski">

</node>
<node id="3835810701" lat="52.1651111" lon="21.0903874" version="1" timestamp="2015-11-14T14:38:24Z"  changeset="35307365" uid="1973553" user="Maciej Zawiejski">

</node>
<node id="3835810707" lat="52.1651292" lon="21.0903783" version="1" timestamp="2015-11-14T14:38:24Z"  changeset="35307365" uid="1973553" user="Maciej Zawiejski">

</node>
<node id="3835810708" lat="52.1651295" lon="21.0903858" version="1" timestamp="2015-11-14T14:38:24Z"  changeset="35307365" uid="1973553" user="Maciej Zawiejski">

</node>
<node id="3835810712" lat="52.1651388" lon="21.0903775" version="1" timestamp="2015-11-14T14:38:24Z"  changeset="35307365" uid="1973553" user="Maciej Zawiejski">

</node>
<node id="3835810713" lat="52.1651391" lon="21.0903858" version="1" timestamp="2015-11-14T14:38:24Z"  changeset="35307365" uid="1973553" user="Maciej Zawiejski">

</node>
<node id="3835810724" lat="52.165155" lon="21.0903762" version="1" timestamp="2015-11-14T14:38:24Z"  changeset="35307365" uid="1973553" user="Maciej Zawiejski">

</node>
<node id="3835810725" lat="52.1651553" lon="21.0903844" version="1" timestamp="2015-11-14T14:38:24Z"  changeset="35307365" uid="1973553" user="Maciej Zawiejski">

</node>
<node id="3835810727" lat="52.1651647" lon="21.0903754" version="1" timestamp="2015-11-14T14:38:24Z"  changeset="35307365" uid="1973553" user="Maciej Zawiejski">

</node>
<node id="3835810728" lat="52.165165" lon="21.0903838" version="1" timestamp="2015-11-14T14:38:24Z"  changeset="35307365" uid="1973553" user="Maciej Zawiejski">

</node>
<node id="3835810729" lat="52.1651809" lon="21.0903739" version="1" timestamp="2015-11-14T14:38:24Z"  changeset="35307365" uid="1973553" user="Maciej Zawiejski">

</node>
<node id="3835810730" lat="52.1651811" lon="21.0903824" version="1" timestamp="2015-11-14T14:38:24Z"  changeset="35307365" uid="1973553" user="Maciej Zawiejski">

</node>
<node id="3835810733" lat="52.1651905" lon="21.0903731" version="1" timestamp="2015-11-14T14:38:24Z"  changeset="35307365" uid="1973553" user="Maciej Zawiejski">

</node>
<node id="3835810735" lat="52.1651908" lon="21.0903817" version="1" timestamp="2015-11-14T14:38:24Z"  changeset="35307365" uid="1973553" user="Maciej Zawiejski">

</node>
<node id="3835810737" lat="52.1652066" lon="21.0903725" version="1" timestamp="2015-11-14T14:38:24Z"  changeset="35307365" uid="1973553" user="Maciej Zawiejski">

</node>
<node id="3835810738" lat="52.1652069" lon="21.0903803" version="1" timestamp="2015-11-14T14:38:24Z"  changeset="35307365" uid="1973553" user="Maciej Zawiejski">

</node>
<node id="3835810739" lat="52.1652165" lon="21.0903716" version="1" timestamp="2015-11-14T14:38:24Z"  changeset="35307365" uid="1973553" user="Maciej Zawiejski">

</node>
<node id="3835810740" lat="52.1652168" lon="21.09038" version="1" timestamp="2015-11-14T14:38:24Z"  changeset="35307365" uid="1973553" user="Maciej Zawiejski">

</node>
<node id="3835810741" lat="52.1652355" lon="21.0903756" version="1" timestamp="2015-11-14T14:38:24Z"  changeset="35307365" uid="1973553" user="Maciej Zawiejski">

</node>
<node id="3835810742" lat="52.1652356" lon="21.0903784" version="1" timestamp="2015-11-14T14:38:24Z"  changeset="35307365" uid="1973553" user="Maciej Zawiejski">

</node>
<node id="3835810743" lat="52.165237" lon="21.0903051" version="1" timestamp="2015-11-14T14:38:24Z"  changeset="35307365" uid="1973553" user="Maciej Zawiejski">

</node>
<node id="3835810744" lat="52.1652375" lon="21.0903221" version="1" timestamp="2015-11-14T14:38:24Z"  changeset="35307365" uid="1973553" user="Maciej Zawiejski">

</node>
<node id="3835810745" lat="52.1652392" lon="21.0903686" version="1" timestamp="2015-11-14T14:38:24Z"  changeset="35307365" uid="1973553" user="Maciej Zawiejski">

</node>
<node id="3835810746" lat="52.1652395" lon="21.0903752" version="1" timestamp="2015-11-14T14:38:24Z"  changeset="35307365" uid="1973553" user="Maciej Zawiejski">

</node>
<node id="3835810747" lat="52.1652399" lon="21.0903219" version="1" timestamp="2015-11-14T14:38:24Z"  changeset="35307365" uid="1973553" user="Maciej Zawiejski">

</node>
<node id="3835810748" lat="52.1652414" lon="21.0903684" version="1" timestamp="2015-11-14T14:38:25Z"  changeset="35307365" uid="1973553" user="Maciej Zawiejski">

</node>
<node id="3835810749" lat="52.1652474" lon="21.0903042" version="1" timestamp="2015-11-14T14:38:25Z"  changeset="35307365" uid="1973553" user="Maciej Zawiejski">

</node>
<node id="3835810750" lat="52.1652476" lon="21.0903105" version="1" timestamp="2015-11-14T14:38:25Z"  changeset="35307365" uid="1973553" user="Maciej Zawiejski">

</node>
<node id="3835810751" lat="52.1652782" lon="21.0903024" version="1" timestamp="2015-11-14T14:38:25Z"  changeset="35307365" uid="1973553" user="Maciej Zawiejski">

</node>
<node id="3835810752" lat="52.1652784" lon="21.0903078" version="1" timestamp="2015-11-14T14:38:25Z"  changeset="35307365" uid="1973553" user="Maciej Zawiejski">

</node>
<node id="3835810753" lat="52.1652873" lon="21.0906068" version="1" timestamp="2015-11-14T14:38:25Z"  changeset="35307365" uid="1973553" user="Maciej Zawiejski">

</node>
<node id="3835810754" lat="52.1652887" lon="21.0903015" version="1" timestamp="2015-11-14T14:38:25Z"  changeset="35307365" uid="1973553" user="Maciej Zawiejski">

</node>
<node id="3835810755" lat="52.1652889" lon="21.0903075" version="1" timestamp="2015-11-14T14:38:25Z"  changeset="35307365" uid="1973553" user="Maciej Zawiejski">

</node>
<node id="3835810756" lat="52.1652896" lon="21.0906771" version="1" timestamp="2015-11-14T14:38:25Z"  changeset="35307365" uid="1973553" user="Maciej Zawiejski">

</node>
<node id="3835810857" lat="52.16529" lon="21.0904503" version="1" timestamp="2015-11-14T14:38:25Z"  changeset="35307365" uid="1973553" user="Maciej Zawiejski">

</node>
<node id="3835810858" lat="52.1652926" lon="21.0905322" version="1" timestamp="2015-11-14T14:38:25Z"  changeset="35307365" uid="1973553" user="Maciej Zawiejski">

</node>
<node id="3835810859" lat="52.1653201" lon="21.0902993" version="1" timestamp="2015-11-14T14:38:25Z"  changeset="35307365" uid="1973553" user="Maciej Zawiejski">

</node>
<node id="3835810860" lat="52.1653203" lon="21.0903048" version="1" timestamp="2015-11-14T14:38:25Z"  changeset="35307365" uid="1973553" user="Maciej Zawiejski">

</node>
<node id="3835810861" lat="52.16533" lon="21.0903909" version="1" timestamp="2015-11-14T14:38:25Z"  changeset="35307365" uid="1973553" user="Maciej Zawiejski">

</node>
<node id="3835810862" lat="52.1653318" lon="21.0904467" version="1" timestamp="2015-11-14T14:38:25Z"  changeset="35307365" uid="1973553" user="Maciej Zawiejski">

</node>
<node id="3835810863" lat="52.1653329" lon="21.0903877" version="1" timestamp="2015-11-14T14:38:25Z"  changeset="35307365" uid="1973553" user="Maciej Zawiejski">

</node>
<node id="3835810864" lat="52.165333" lon="21.0903907" version="1" timestamp="2015-11-14T14:38:25Z"  changeset="35307365" uid="1973553" user="Maciej Zawiejski">

</node>
<node id="3835810865" lat="52.1653339" lon="21.0905286" version="1" timestamp="2015-11-14T14:38:25Z"  changeset="35307365" uid="1973553" user="Maciej Zawiejski">

</node>
<node id="3835810866" lat="52.165334" lon="21.0902981" version="1" timestamp="2015-11-14T14:38:25Z"  changeset="35307365" uid="1973553" user="Maciej Zawiejski">

</node>
<node id="3835810867" lat="52.1653342" lon="21.0903035" version="1" timestamp="2015-11-14T14:38:25Z"  changeset="35307365" uid="1973553" user="Maciej Zawiejski">

</node>
<node id="3835810868" lat="52.165338" lon="21.090381" version="1" timestamp="2015-11-14T14:38:25Z"  changeset="35307365" uid="1973553" user="Maciej Zawiejski">

</node>
<node id="3835810869" lat="52.1653382" lon="21.0903872" version="1" timestamp="2015-11-14T14:38:25Z"  changeset="35307365" uid="1973553" user="Maciej Zawiejski">

</node>
<node id="3835810870" lat="52.1653386" lon="21.0906729" version="1" timestamp="2015-11-14T14:38:25Z"  changeset="35307365" uid="1973553" user="Maciej Zawiejski">

</node>
<node id="3835810871" lat="52.1653604" lon="21.0902975" version="1" timestamp="2015-11-14T14:38:25Z"  changeset="35307365" uid="1973553" user="Maciej Zawiejski">

</node>
<node id="3835810872" lat="52.1653605" lon="21.0903013" version="1" timestamp="2015-11-14T14:38:25Z"  changeset="35307365" uid="1973553" user="Maciej Zawiejski">

</node>
<node id="3835810873" lat="52.165363" lon="21.0902941" version="1" timestamp="2015-11-14T14:38:25Z"  changeset="35307365" uid="1973553" user="Maciej Zawiejski">

</node>
<node id="3835810874" lat="52.1653631" lon="21.0902972" version="1" timestamp="2015-11-14T14:38:25Z"  changeset="35307365" uid="1973553" user="Maciej Zawiejski">

</node>
<node id="3835810875" lat="52.165364" lon="21.0903787" version="1" timestamp="2015-11-14T14:38:25Z"  changeset="35307365" uid="1973553" user="Maciej Zawiejski">

</node>
<node id="3835810876" lat="52.1653643" lon="21.090387" version="1" timestamp="2015-11-14T14:38:25Z"  changeset="35307365" uid="1973553" user="Maciej Zawiejski">

</node>
<node id="3835810878" lat="52.1654419" lon="21.0902873" version="1" timestamp="2015-11-14T14:38:25Z"  changeset="35307365" uid="1973553" user="Maciej Zawiejski">

</node>
<node id="3835810879" lat="52.1654422" lon="21.0902943" version="1" timestamp="2015-11-14T14:38:25Z"  changeset="35307365" uid="1973553" user="Maciej Zawiejski">

</node>
<node id="3835810880" lat="52.1654428" lon="21.0903753" version="1" timestamp="2015-11-14T14:38:25Z"  changeset="35307365" uid="1973553" user="Maciej Zawiejski">

</node>
<node id="3835810881" lat="52.165443" lon="21.0903802" version="1" timestamp="2015-11-14T14:38:25Z"  changeset="35307365" uid="1973553" user="Maciej Zawiejski">

</node>
<node id="3835810882" lat="52.1654439" lon="21.0902941" version="1" timestamp="2015-11-14T14:38:25Z"  changeset="35307365" uid="1973553" user="Maciej Zawiejski">

</node>
<node id="3835810883" lat="52.1654441" lon="21.0903" version="1" timestamp="2015-11-14T14:38:25Z"  changeset="35307365" uid="1973553" user="Maciej Zawiejski">

</node>
<node id="3835810885" lat="52.1654503" lon="21.0895463" version="1" timestamp="2015-11-14T14:38:25Z"  changeset="35307365" uid="1973553" user="Maciej Zawiejski">

</node>
<node id="3835810887" lat="52.1654517" lon="21.0895898" version="1" timestamp="2015-11-14T14:38:25Z"  changeset="35307365" uid="1973553" user="Maciej Zawiejski">

</node>
<node id="3835810888" lat="52.1654532" lon="21.0896325" version="1" timestamp="2015-11-14T14:38:25Z"  changeset="35307365" uid="1973553" user="Maciej Zawiejski">

</node>
<node id="3835810889" lat="52.1654535" lon="21.0898419" version="1" timestamp="2015-11-14T14:38:25Z"  changeset="35307365" uid="1973553" user="Maciej Zawiejski">

</node>
<node id="3835810890" lat="52.1654546" lon="21.0896757" version="1" timestamp="2015-11-14T14:38:25Z"  changeset="35307365" uid="1973553" user="Maciej Zawiejski">

</node>
<node id="3835810891" lat="52.1654553" lon="21.0895894" version="1" timestamp="2015-11-14T14:38:25Z"  changeset="35307365" uid="1973553" user="Maciej Zawiejski">

</node>
<node id="3835810892" lat="52.1654554" lon="21.0898095" version="1" timestamp="2015-11-14T14:38:25Z"  changeset="35307365" uid="1973553" user="Maciej Zawiejski">

</node>
<node id="3835810893" lat="52.1654556" lon="21.0899076" version="1" timestamp="2015-11-14T14:38:25Z"  changeset="35307365" uid="1973553" user="Maciej Zawiejski">

</node>
<node id="3835810894" lat="52.1654563" lon="21.0897188" version="1" timestamp="2015-11-14T14:38:25Z"  changeset="35307365" uid="1973553" user="Maciej Zawiejski">

</node>
<node id="3835810895" lat="52.1654564" lon="21.0898416" version="1" timestamp="2015-11-14T14:38:25Z"  changeset="35307365" uid="1973553" user="Maciej Zawiejski">

</node>
<node id="3835810896" lat="52.1654567" lon="21.0896322" version="1" timestamp="2015-11-14T14:38:25Z"  changeset="35307365" uid="1973553" user="Maciej Zawiejski">

</node>
<node id="3835810897" lat="52.1654577" lon="21.0897618" version="1" timestamp="2015-11-14T14:38:25Z"  changeset="35307365" uid="1973553" user="Maciej Zawiejski">

</node>
<node id="3835810898" lat="52.1654582" lon="21.0896753" version="1" timestamp="2015-11-14T14:38:25Z"  changeset="35307365" uid="1973553" user="Maciej Zawiejski">

</node>
<node id="3835810899" lat="52.1654586" lon="21.0899073" version="1" timestamp="2015-11-14T14:38:25Z"  changeset="35307365" uid="1973553" user="Maciej Zawiejski">

</node>
<node id="3835810900" lat="52.1654591" lon="21.0898047" version="1" timestamp="2015-11-14T14:38:25Z"  changeset="35307365" uid="1973553" user="Maciej Zawiejski">

</node>
<node id="3835810901" lat="52.1654592" lon="21.0898092" version="1" timestamp="2015-11-14T14:38:25Z"  changeset="35307365" uid="1973553" user="Maciej Zawiejski">

</node>
<node id="3835810902" lat="52.1654596" lon="21.0897185" version="1" timestamp="2015-11-14T14:38:25Z"  changeset="35307365" uid="1973553" user="Maciej Zawiejski">

</node>
<node id="3835810903" lat="52.1654596" lon="21.0899394" version="1" timestamp="2015-11-14T14:38:25Z"  changeset="35307365" uid="1973553" user="Maciej Zawiejski">

</node>
<node id="3835810904" lat="52.1654614" lon="21.0897614" version="1" timestamp="2015-11-14T14:38:25Z"  changeset="35307365" uid="1973553" user="Maciej Zawiejski">

</node>
<node id="3835810905" lat="52.1654627" lon="21.0898043" version="1" timestamp="2015-11-14T14:38:25Z"  changeset="35307365" uid="1973553" user="Maciej Zawiejski">

</node>
<node id="3835810906" lat="52.1654636" lon="21.089939" version="1" timestamp="2015-11-14T14:38:25Z"  changeset="35307365" uid="1973553" user="Maciej Zawiejski">

</node>
<node id="3835810907" lat="52.1654637" lon="21.0899434" version="1" timestamp="2015-11-14T14:38:26Z"  changeset="35307365" uid="1973553" user="Maciej Zawiejski">

</node>
<node id="3835810908" lat="52.1654652" lon="21.0899863" version="1" timestamp="2015-11-14T14:38:26Z"  changeset="35307365" uid="1973553" user="Maciej Zawiejski">

</node>
<node id="3835810909" lat="52.1654666" lon="21.0900293" version="1" timestamp="2015-11-14T14:38:26Z"  changeset="35307365" uid="1973553" user="Maciej Zawiejski">

</node>
<node id="3835810910" lat="52.1654673" lon="21.0899431" version="1" timestamp="2015-11-14T14:38:26Z"  changeset="35307365" uid="1973553" user="Maciej Zawiejski">

</node>
<node id="3835810911" lat="52.1654681" lon="21.0900724" version="1" timestamp="2015-11-14T14:38:26Z"  changeset="35307365" uid="1973553" user="Maciej Zawiejski">

</node>
<node id="3835810913" lat="52.1654687" lon="21.089986" version="1" timestamp="2015-11-14T14:38:26Z"  changeset="35307365" uid="1973553" user="Maciej Zawiejski">

</node>
<node id="3835810914" lat="52.1654695" lon="21.0901159" version="1" timestamp="2015-11-14T14:38:26Z"  changeset="35307365" uid="1973553" user="Maciej Zawiejski">

</node>
<node id="3835810915" lat="52.1654701" lon="21.0903729" version="1" timestamp="2015-11-14T14:38:26Z"  changeset="35307365" uid="1973553" user="Maciej Zawiejski">

</node>
<node id="3835810916" lat="52.1654702" lon="21.090029" version="1" timestamp="2015-11-14T14:38:26Z"  changeset="35307365" uid="1973553" user="Maciej Zawiejski">

</node>
<node id="3835810917" lat="52.1654704" lon="21.0903803" version="1" timestamp="2015-11-14T14:38:26Z"  changeset="35307365" uid="1973553" user="Maciej Zawiejski">

</node>
<node id="3835810918" lat="52.1654711" lon="21.0901588" version="1" timestamp="2015-11-14T14:38:26Z"  changeset="35307365" uid="1973553" user="Maciej Zawiejski">

</node>
<node id="3835810919" lat="52.1654716" lon="21.0900721" version="1" timestamp="2015-11-14T14:38:26Z"  changeset="35307365" uid="1973553" user="Maciej Zawiejski">

</node>
<node id="3835810921" lat="52.1654725" lon="21.0902019" version="1" timestamp="2015-11-14T14:38:26Z"  changeset="35307365" uid="1973553" user="Maciej Zawiejski">

</node>
<node id="3835810922" lat="52.1654725" lon="21.0902918" version="1" timestamp="2015-11-14T14:38:26Z"  changeset="35307365" uid="1973553" user="Maciej Zawiejski">

</node>
<node id="3835810923" lat="52.1654727" lon="21.0902975" version="1" timestamp="2015-11-14T14:38:26Z"  changeset="35307365" uid="1973553" user="Maciej Zawiejski">

</node>
<node id="3835810924" lat="52.1654733" lon="21.0901156" version="1" timestamp="2015-11-14T14:38:26Z"  changeset="35307365" uid="1973553" user="Maciej Zawiejski">

</node>
<node id="3835810925" lat="52.1654747" lon="21.0901585" version="1" timestamp="2015-11-14T14:38:26Z"  changeset="35307365" uid="1973553" user="Maciej Zawiejski">

</node>
<node id="3835810926" lat="52.1654758" lon="21.0902863" version="1" timestamp="2015-11-14T14:38:26Z"  changeset="35307365" uid="1973553" user="Maciej Zawiejski">

</node>
<node id="3835810927" lat="52.165476" lon="21.0902016" version="1" timestamp="2015-11-14T14:38:26Z"  changeset="35307365" uid="1973553" user="Maciej Zawiejski">

</node>
<node id="3835810928" lat="52.165476" lon="21.0902915" version="1" timestamp="2015-11-14T14:38:26Z"  changeset="35307365" uid="1973553" user="Maciej Zawiejski">

</node>
<node id="3835810929" lat="52.1654787" lon="21.0902861" version="1" timestamp="2015-11-14T14:38:26Z"  changeset="35307365" uid="1973553" user="Maciej Zawiejski">

</node>
<node id="3835810935" lat="52.1654963" lon="21.0903724" version="1" timestamp="2015-11-14T14:38:26Z"  changeset="35307365" uid="1973553" user="Maciej Zawiejski">

</node>
<node id="3835810936" lat="52.1654964" lon="21.090378" version="1" timestamp="2015-11-14T14:38:26Z"  changeset="35307365" uid="1973553" user="Maciej Zawiejski">

</node>
<node id="3835810939" lat="52.1655164" lon="21.0895406" version="1" timestamp="2015-11-14T14:38:26Z"  changeset="35307365" uid="1973553" user="Maciej Zawiejski">

</node>
<node id="3835810940" lat="52.1655166" lon="21.0895464" version="1" timestamp="2015-11-14T14:38:26Z"  changeset="35307365" uid="1973553" user="Maciej Zawiejski">

</node>
<node id="3835810941" lat="52.1655233" lon="21.09037" version="1" timestamp="2015-11-14T14:38:26Z"  changeset="35307365" uid="1973553" user="Maciej Zawiejski">

</node>
<node id="3835810942" lat="52.1655235" lon="21.0903773" version="1" timestamp="2015-11-14T14:38:26Z"  changeset="35307365" uid="1973553" user="Maciej Zawiejski">

</node>
<node id="3835810945" lat="52.1655382" lon="21.0901946" version="1" timestamp="2015-11-14T14:38:26Z"  changeset="35307365" uid="1973553" user="Maciej Zawiejski">

</node>
<node id="3835810948" lat="52.1655405" lon="21.0901873" version="1" timestamp="2015-11-14T14:38:26Z"  changeset="35307365" uid="1973553" user="Maciej Zawiejski">

</node>
<node id="3835810949" lat="52.1655408" lon="21.0901944" version="1" timestamp="2015-11-14T14:38:26Z"  changeset="35307365" uid="1973553" user="Maciej Zawiejski">

</node>
<node id="3835810950" lat="52.165541" lon="21.090281" version="1" timestamp="2015-11-14T14:38:26Z"  changeset="35307365" uid="1973553" user="Maciej Zawiejski">

</node>
<node id="3835810951" lat="52.165543" lon="21.0902809" version="1" timestamp="2015-11-14T14:38:26Z"  changeset="35307365" uid="1973553" user="Maciej Zawiejski">

</node>
<node id="3835810952" lat="52.1655432" lon="21.0902875" version="1" timestamp="2015-11-14T14:38:26Z"  changeset="35307365" uid="1973553" user="Maciej Zawiejski">

</node>
<node id="3835810954" lat="52.1655459" lon="21.0903032" version="1" timestamp="2015-11-14T14:38:26Z"  changeset="35307365" uid="1973553" user="Maciej Zawiejski">

</node>
<node id="3835810955" lat="52.1655477" lon="21.0903583" version="1" timestamp="2015-11-14T14:38:26Z"  changeset="35307365" uid="1973553" user="Maciej Zawiejski">

</node>
<node id="3835810956" lat="52.1655486" lon="21.090287" version="1" timestamp="2015-11-14T14:38:26Z"  changeset="35307365" uid="1973553" user="Maciej Zawiejski">

</node>
<node id="3835811057" lat="52.1655491" lon="21.0903029" version="1" timestamp="2015-11-14T14:38:26Z"  changeset="35307365" uid="1973553" user="Maciej Zawiejski">

</node>
<node id="3835811058" lat="52.1655493" lon="21.0903582" version="1" timestamp="2015-11-14T14:38:26Z"  changeset="35307365" uid="1973553" user="Maciej Zawiejski">

</node>
<node id="3835811059" lat="52.1655498" lon="21.090375" version="1" timestamp="2015-11-14T14:38:26Z"  changeset="35307365" uid="1973553" user="Maciej Zawiejski">

</node>
<node id="3835811064" lat="52.1655677" lon="21.0896719" version="1" timestamp="2015-11-14T14:38:26Z"  changeset="35307365" uid="1973553" user="Maciej Zawiejski">

</node>
<node id="3835811065" lat="52.1655704" lon="21.0895418" version="1" timestamp="2015-11-14T14:38:26Z"  changeset="35307365" uid="1973553" user="Maciej Zawiejski">

</node>
<node id="3835811067" lat="52.1655746" lon="21.0896713" version="1" timestamp="2015-11-14T14:38:26Z"  changeset="35307365" uid="1973553" user="Maciej Zawiejski">

</node>
<node id="3835811068" lat="52.1655801" lon="21.0900545" version="1" timestamp="2015-11-14T14:38:26Z"  changeset="35307365" uid="1973553" user="Maciej Zawiejski">

</node>
<node id="3835811070" lat="52.1655876" lon="21.0900538" version="1" timestamp="2015-11-14T14:38:27Z"  changeset="35307365" uid="1973553" user="Maciej Zawiejski">

</node>
<node id="3835811072" lat="52.1655918" lon="21.0901829" version="1" timestamp="2015-11-14T14:38:27Z"  changeset="35307365" uid="1973553" user="Maciej Zawiejski">

</node>
<node id="4216735493" lat="52.1651053" lon="21.0903144" version="2" timestamp="2016-08-06T12:34:43Z"  changeset="41286619" uid="52087" user="kocio">

</node>
<node id="4338359986" lat="52.1651722" lon="21.0903832" version="1" timestamp="2016-08-06T12:42:28Z"  changeset="41286739" uid="52087" user="kocio">
	<tag k="entrance" v="main"/>
</node>
<node id="4338364186" lat="52.1655246" lon="21.0895457" version="1" timestamp="2016-08-06T12:47:46Z"  changeset="41286825" uid="52087" user="kocio">

</node>
<node id="10116960447" lat="52.1648166" lon="21.0895948" version="1" timestamp="2022-10-20T16:48:40Z"  changeset="127847791" uid="13547019" user="Coolawik">
	<tag k="entrance" v="yes"/>
</node>
<node id="10116960448" lat="52.1647891" lon="21.0895972" version="1" timestamp="2022-10-20T16:48:40Z"  changeset="127847791" uid="13547019" user="Coolawik">
	<tag k="entrance" v="yes"/>
</node>
<node id="10116960485" lat="52.1648298" lon="21.0895937" version="1" timestamp="2022-10-20T16:48:40Z"  changeset="127847791" uid="13547019" user="Coolawik">

</node>
<node id="10116969450" lat="52.164741" lon="21.0898089" version="1" timestamp="2022-10-20T16:48:40Z"  changeset="127847791" uid="13547019" user="Coolawik">

</node>
<node id="10116969454" lat="52.1647486" lon="21.0900442" version="1" timestamp="2022-10-20T16:48:40Z"  changeset="127847791" uid="13547019" user="Coolawik">

</node>
<node id="10116969466" lat="52.1647552" lon="21.0902608" version="1" timestamp="2022-10-20T16:48:40Z"  changeset="127847791" uid="13547019" user="Coolawik">

</node>
<way id="233371578" version="18" timestamp="2025-04-05T16:38:47Z" action="modify" changeset="164559690" uid="616774" user="mueschel">
	<tag k="addr:city" v="Kraków"/>
	<tag k="addr:country" v="PL"/>
	<tag k="addr:housenumber" v="26"/>
	<tag k="addr:postcode" v="30-302"/>
	<tag k="addr:street" v="Marii Konopnickiej"/>
	<tag k="building" v="civic"/>
	<tag k="building:levels" v="1.5"/>
	<tag k="building:part" v="yes"/>
	<tag k="contact:website" v="https://manggha.pl"/>
	<tag k="fee" v="yes"/>
	<tag k="fee:conditional" v="no @ Tu"/>
	<tag k="name" v="Muzeum Sztuki i Techniki Japońskiej MANGGHA"/>
	<tag k="name:hu" v="Manggha Japán Művészeti és Technológiai Múzeum"/>
	<tag k="source:fee" v="https://manggha.pl/informacje-praktyczne"/>
	<tag k="tourism" v="museum"/>
	<tag k="wikidata" v="Q572206"/>
	<tag k="wikipedia" v="pl:Muzeum Sztuki i Techniki Japońskiej „Manggha”"/>
	<tag k="operator" v="Minister Kultury i Dziedzictwa Narodowego"/>
	<tag k="operator:type" v="government"/>
	<tag k="source:tourism" v="Wykaz Muzeów, wypis na dzień 2026-04-09"/>
	<nd ref="3071746356"/>
	<nd ref="11933326352"/>
	<nd ref="7219309635"/>
	<nd ref="11933326356"/>
	<nd ref="11933326353"/>
	<nd ref="11933326355"/>
	<nd ref="3071746354"/>
	<nd ref="11933326354"/>
	<nd ref="3071745590"/>
	<nd ref="3071747071"/>
	<nd ref="11933326351"/>
	<nd ref="3071747070"/>
	<nd ref="3071746352"/>
	<nd ref="3071745588"/>
	<nd ref="3071747069"/>
	<nd ref="3071746351"/>
	<nd ref="3071745587"/>
	<nd ref="3071747068"/>
	<nd ref="3071746350"/>
	<nd ref="3071745586"/>
	<nd ref="11933423858"/>
	<nd ref="11933326357"/>
	<nd ref="3071746349"/>
	<nd ref="3071747067"/>
	<nd ref="3074942105"/>
	<nd ref="11933326358"/>
	<nd ref="3071745591"/>
	<nd ref="11181906934"/>
	<nd ref="3071746355"/>
	<nd ref="3071746357"/>
	<nd ref="11933326362"/>
	<nd ref="3071746356"/>
</way>
<node id="3071745586" lat="50.050641" lon="19.9314717" version="1" timestamp="2014-09-11T11:58:10Z"  changeset="25366588" uid="693154" user="Władysław Komorek">

</node>
<node id="3071745587" lat="50.0506953" lon="19.9314518" version="1" timestamp="2014-09-11T11:58:10Z"  changeset="25366588" uid="693154" user="Władysław Komorek">

</node>
<node id="3071745588" lat="50.0507491" lon="19.9314513" version="1" timestamp="2014-09-11T11:58:10Z"  changeset="25366588" uid="693154" user="Władysław Komorek">

</node>
<node id="3071745590" lat="50.0509128" lon="19.931523" version="2" timestamp="2024-05-25T16:05:04Z"  changeset="151818274" uid="13913940" user="ElectroDriver">

</node>
<node id="3071745591" lat="50.0509758" lon="19.931865" version="1" timestamp="2014-09-11T11:58:12Z"  changeset="25366588" uid="693154" user="Władysław Komorek">

</node>
<node id="3071746349" lat="50.0504807" lon="19.9315733" version="1" timestamp="2014-09-11T11:58:09Z"  changeset="25366588" uid="693154" user="Władysław Komorek">

</node>
<node id="3071746350" lat="50.0506599" lon="19.9314624" version="1" timestamp="2014-09-11T11:58:10Z"  changeset="25366588" uid="693154" user="Władysław Komorek">

</node>
<node id="3071746351" lat="50.050713" lon="19.9314496" version="1" timestamp="2014-09-11T11:58:10Z"  changeset="25366588" uid="693154" user="Władysław Komorek">

</node>
<node id="3071746352" lat="50.0507629" lon="19.9314543" version="2" timestamp="2024-05-25T16:05:04Z"  changeset="151818274" uid="13913940" user="ElectroDriver">

</node>
<node id="3071746354" lat="50.0509569" lon="19.9315278" version="2" timestamp="2024-05-25T16:05:04Z"  changeset="151818274" uid="13913940" user="ElectroDriver">

</node>
<node id="3071746355" lat="50.0509866" lon="19.9319034" version="1" timestamp="2014-09-11T11:58:12Z"  changeset="25366588" uid="693154" user="Władysław Komorek">

</node>
<node id="3071746356" lat="50.0511884" lon="19.9314127" version="1" timestamp="2014-09-11T11:58:12Z"  changeset="25366588" uid="693154" user="Władysław Komorek">

</node>
<node id="3071746357" lat="50.0512689" lon="19.9317316" version="1" timestamp="2014-09-11T11:58:13Z"  changeset="25366588" uid="693154" user="Władysław Komorek">

</node>
<node id="3071747067" lat="50.050525" lon="19.9316862" version="1" timestamp="2014-09-11T11:58:09Z"  changeset="25366588" uid="693154" user="Władysław Komorek">

</node>
<node id="3071747068" lat="50.0506775" lon="19.9314561" version="1" timestamp="2014-09-11T11:58:10Z"  changeset="25366588" uid="693154" user="Władysław Komorek">

</node>
<node id="3071747069" lat="50.0507309" lon="19.9314493" version="1" timestamp="2014-09-11T11:58:10Z"  changeset="25366588" uid="693154" user="Władysław Komorek">

</node>
<node id="3071747070" lat="50.0507799" lon="19.9314608" version="2" timestamp="2024-05-25T16:05:04Z"  changeset="151818274" uid="13913940" user="ElectroDriver">

</node>
<node id="3071747071" lat="50.0509057" lon="19.9314994" version="1" timestamp="2014-09-11T11:58:11Z"  changeset="25366588" uid="693154" user="Władysław Komorek">

</node>
<node id="3074942105" lat="50.0505277" lon="19.9316873" version="1" timestamp="2014-09-13T13:15:00Z"  changeset="25411174" uid="693154" user="Władysław Komorek">

</node>
<node id="7219309635" lat="50.0510408" lon="19.931503" version="3" timestamp="2024-05-25T16:05:04Z"  changeset="151818274" uid="13913940" user="ElectroDriver">
	<tag k="entrance" v="main"/>
</node>
<node id="11181906934" lat="50.0509829" lon="19.9318902" version="1" timestamp="2023-09-10T20:00:23Z"  changeset="141079740" uid="1745828" user="VA00">
	<tag k="entrance" v="yes"/>
</node>
<node id="11933326351" lat="50.0508862" lon="19.9315114" version="1" timestamp="2024-05-25T16:05:04Z"  changeset="151818274" uid="13913940" user="ElectroDriver">

</node>
<node id="11933326352" lat="50.0510753" lon="19.9314822" version="1" timestamp="2024-05-25T16:05:04Z"  changeset="151818274" uid="13913940" user="ElectroDriver">

</node>
<node id="11933326353" lat="50.0509953" lon="19.9315233" version="1" timestamp="2024-05-25T16:05:04Z"  changeset="151818274" uid="13913940" user="ElectroDriver">

</node>
<node id="11933326354" lat="50.0509363" lon="19.931527" version="1" timestamp="2024-05-25T16:05:04Z"  changeset="151818274" uid="13913940" user="ElectroDriver">

</node>
<node id="11933326355" lat="50.050975" lon="19.931527" version="1" timestamp="2024-05-25T16:05:04Z"  changeset="151818274" uid="13913940" user="ElectroDriver">

</node>
<node id="11933326356" lat="50.0510158" lon="19.931516" version="1" timestamp="2024-05-25T16:05:04Z"  changeset="151818274" uid="13913940" user="ElectroDriver">

</node>
<node id="11933326357" lat="50.05052" lon="19.9315484" version="1" timestamp="2024-05-25T16:05:04Z"  changeset="151818274" uid="13913940" user="ElectroDriver">

</node>
<node id="11933326358" lat="50.0505565" lon="19.9316987" version="1" timestamp="2024-05-25T16:05:04Z"  changeset="151818274" uid="13913940" user="ElectroDriver">

</node>
<node id="11933326362" lat="50.0512307" lon="19.9315802" version="1" timestamp="2024-05-25T16:05:04Z"  changeset="151818274" uid="13913940" user="ElectroDriver">

</node>
<node id="11933423858" lat="50.0505628" lon="19.9315213" version="1" timestamp="2024-05-25T17:06:27Z"  changeset="151820548" uid="13913940" user="ElectroDriver">

</node>
<way id="333551524" version="6" timestamp="2023-11-11T15:01:20Z" action="modify" changeset="143903344" uid="9451067" user="b-jazz-bot">
	<tag k="addr:city" v="Bydgoszcz"/>
	<tag k="barrier" v="fence"/>
	<tag k="name" v="Muzeum Wojsk Lądowych w Bydgoszczy"/>
	<tag k="name:de" v="Heeresmuseum Bromberg"/>
	<tag k="tourism" v="museum"/>
	<tag k="website" v="https://muzeumwl.pl/"/>
	<tag k="addr:postcode" v="85-641"/>
	<tag k="addr:street" v="Czerkaska"/>
	<tag k="addr:housenumber" v="2"/>
	<tag k="operator" v="Minister Obrony Narodowej"/>
	<tag k="operator:type" v="government"/>
	<tag k="source:tourism" v="Wykaz Muzeów, wypis na dzień 2026-04-09"/>
	<nd ref="2006210558"/>
	<nd ref="2006210557"/>
	<nd ref="2006210559"/>
	<nd ref="2006210556"/>
	<nd ref="2006210560"/>
	<nd ref="3406830339"/>
	<nd ref="2006210558"/>
</way>
<node id="2006210556" lat="53.1414733" lon="18.0211351" version="3" timestamp="2015-03-19T10:47:23Z"  changeset="29589283" uid="23168" user="adas">

</node>
<node id="2006210557" lat="53.1416239" lon="18.0203062" version="3" timestamp="2015-03-19T10:47:23Z"  changeset="29589283" uid="23168" user="adas">

</node>
<node id="2006210558" lat="53.1417513" lon="18.0199478" version="3" timestamp="2015-03-19T10:47:23Z"  changeset="29589283" uid="23168" user="adas">

</node>
<node id="2006210559" lat="53.1417429" lon="18.020423" version="4" timestamp="2015-03-19T10:47:23Z"  changeset="29589283" uid="23168" user="adas">

</node>
<node id="2006210560" lat="53.1418599" lon="18.0215566" version="2" timestamp="2015-03-19T10:47:22Z"  changeset="29589283" uid="23168" user="adas">

</node>
<node id="3406830339" lat="53.1422633" lon="18.020469" version="2" timestamp="2024-03-06T19:57:04Z"  changeset="148312910" uid="665048" user="bydgostia">

</node>
<node id="1304613073" lat="54.0402555" lon="19.0287745" version="9" timestamp="2025-08-02T18:43:54Z" action="modify" changeset="169876128" uid="91771" user="Alexey Vazhnov">
	<tag k="check_date" v="2025-07-27"/>
	<tag k="fee" v="yes"/>
	<tag k="name" v="Muzeum Zamkowe w Malborku"/>
	<tag k="name:de" v="Schloßmuseum"/>
	<tag k="name:pl" v="Muzeum Zamkowe w Malborku"/>
	<tag k="tourism" v="museum"/>
	<tag k="addr:postcode" v="82-200"/>
	<tag k="addr:city" v="Malbork"/>
	<tag k="addr:street" v="Starościńska"/>
	<tag k="addr:housenumber" v="1"/>
	<tag k="operator" v="Minister Kultury i Dziedzictwa Narodowego"/>
	<tag k="operator:type" v="government"/>
	<tag k="source:tourism" v="Wykaz Muzeów, wypis na dzień 2026-04-09"/>
</node>
<node id="2460414630" lat="52.1699121" lon="22.2746892" version="6" timestamp="2021-11-30T20:04:27Z" action="modify" changeset="114416642" uid="5060085" user="Piotr Strębski">
	<tag k="addr:city" v="Siedlce"/>
	<tag k="addr:city:simc" v="0975173"/>
	<tag k="addr:housenumber" v="56"/>
	<tag k="addr:postcode" v="08-110"/>
	<tag k="addr:street" v="Biskupa Ignacego Świrskiego"/>
	<tag k="name" v="Muzeum Diecezjalne w Siedlcach"/>
	<tag k="opening_hours" v="Tu-Fr 10:00-15:00; Sa 10:00-17:00; Su 12:00-16:00"/>
	<tag k="source" v="http://muzeum.siedlce.pl/pl/kontakt"/>
	<tag k="tourism" v="museum"/>
	<tag k="website" v="https://muzeum.siedlce.pl/"/>
	<tag k="wikidata" v="Q11786951"/>
	<tag k="wikipedia" v="pl:Muzeum Diecezjalne w Siedlcach"/>
	<tag k="operator" v="Diecezja Siedlecka"/>
	<tag k="operator:type" v="religious"/>
	<tag k="source:tourism" v="Wykaz Muzeów, wypis na dzień 2026-04-09"/>
</node>
<way id="135185576" version="8" timestamp="2021-02-08T12:26:47Z" action="modify" changeset="98909854" uid="3199858" user="Mateusz Konieczny - bot account">
	<tag k="addr:city" v="Gdynia"/>
	<tag k="addr:housenumber" v="2C"/>
	<tag k="addr:street" v="Żwirowa"/>
	<tag k="building" v="warehouse"/>
	<tag k="contact:email" v="muzeum@gdynskie-muzeum-motoryzacji.pl"/>
	<tag k="contact:phone" v="+48 58 663 87 40"/>
	<tag k="fee" v="yes"/>
	<tag k="name" v="Gdyńskie Muzeum Motoryzacji"/>
	<tag k="opening_hours" v="Mo-Su 09:00-17:00"/>
	<tag k="tourism" v="museum"/>
	<tag k="website" v="http://www.gdynskie-muzeum-motoryzacji.pl/"/>
	<tag k="wikidata" v="Q9266616"/>
	<tag k="wikipedia" v="pl:Gdyńskie Muzeum Motoryzacji"/>
	<tag k="addr:postcode" v="81-010"/>
	<tag k="operator" v="Witold Ciążkowski"/>
	<tag k="operator:type" v="private"/>
	<tag k="source:tourism" v="Wykaz Muzeów, wypis na dzień 2026-04-09"/>
	<nd ref="4308525369"/>
	<nd ref="4308525302"/>
	<nd ref="4308525204"/>
	<nd ref="4308525280"/>
	<nd ref="4308525369"/>
</way>
<node id="4308525204" lat="54.5469969" lon="18.4574822" version="1" timestamp="2016-07-18T08:57:22Z"  changeset="40813816" uid="681295" user="przemas75">

</node>
<node id="4308525280" lat="54.5470884" lon="18.4575538" version="1" timestamp="2016-07-18T08:57:23Z"  changeset="40813816" uid="681295" user="przemas75">

</node>
<node id="4308525302" lat="54.5471106" lon="18.4570521" version="1" timestamp="2016-07-18T08:57:24Z"  changeset="40813816" uid="681295" user="przemas75">

</node>
<node id="4308525369" lat="54.5472021" lon="18.4571237" version="1" timestamp="2016-07-18T08:57:24Z"  changeset="40813816" uid="681295" user="przemas75">

</node>
<node id="13248824320" lat="50.2505387" lon="21.7766965" version="1" timestamp="2025-10-21T22:23:04Z" action="modify" changeset="173603342" uid="12914377" user="Patryk2710">
	<tag k="museum" v="history"/>
	<tag k="name" v="Kolbuszowskie Muzeum Techniki Militarnej i Użytkowej"/>
	<tag k="tourism" v="museum"/>
	<tag k="addr:postcode" v="36-100"/>
	<tag k="addr:city" v="Kolbuszowa"/>
	<tag k="addr:street" v="P. Por. Sawy"/>
	<tag k="addr:housenumber" v="76"/>
	<tag k="operator" v="Zdzisław Smyrski"/>
	<tag k="operator:type" v="private"/>
	<tag k="source:tourism" v="Wykaz Muzeów, wypis na dzień 2026-04-09"/>
</node>
<node id="2771955077" lat="51.3217714" lon="17.0257836" version="5" timestamp="2022-10-31T07:57:30Z" action="modify" changeset="128283570" uid="3199858" user="Mateusz Konieczny - bot account">
	<tag k="addr:housenumber" v="2"/>
	<tag k="addr:place" v="Marcinowo"/>
	<tag k="addr:postcode" v="55-100"/>
	<tag k="name" v="Małe Muzeum Ludowe u Kowalskich"/>
	<tag k="phone" v="+48 606467843"/>
	<tag k="source:position" v="geoportal.gov.pl:ortofoto"/>
	<tag k="tourism" v="museum"/>
	<tag k="website" v="http://www.krainawzgorz.pl/marian-kowalski"/>
	<tag k="addr:city" v="Trzebnica"/>
	<tag k="addr:street" v="Marcinowo"/>
	<tag k="operator" v="Marian Kowalski"/>
	<tag k="operator:type" v="private"/>
	<tag k="source:tourism" v="Wykaz Muzeów, wypis na dzień 2026-04-09"/>
</node>
<way id="272680117" version="3" timestamp="2019-03-31T13:20:32Z" action="modify" changeset="68724241" uid="2298842" user="train_01">
	<tag k="addr:city" v="Lubiszyn"/>
	<tag k="addr:housenumber" v="6"/>
	<tag k="addr:postcode" v="66-433"/>
	<tag k="addr:street" v="Polna"/>
	<tag k="building" v="yes"/>
	<tag k="building:fireproof" v="yes"/>
	<tag k="building:levels" v="2"/>
	<tag k="building:type:pl" v="Przyziemie budynku ognioodpornego"/>
	<tag k="building:use:pl" v="Oświaty, nauki, sportowy lub kultury, kultu religijnego"/>
	<tag k="ewmapa:warstwa" v="Przyziemie lub obrys budynku"/>
	<tag k="name" v="Muzeum II Wojny Światowej w Lubiszynie"/>
	<tag k="source" v="PODGIK Gorzów"/>
	<tag k="tourism" v="museum"/>
	<tag k="operator" v="Jan Lewek"/>
	<tag k="operator:type" v="private"/>
	<tag k="source:tourism" v="Wykaz Muzeów, wypis na dzień 2026-04-09"/>
	<nd ref="2776155790"/>
	<nd ref="2776155795"/>
	<nd ref="2776155793"/>
	<nd ref="2776155797"/>
	<nd ref="2776155798"/>
	<nd ref="2776155792"/>
	<nd ref="2776155789"/>
	<nd ref="2776155790"/>
</way>
<node id="2776155789" lat="52.7774393" lon="14.9483696" version="1" timestamp="2014-04-07T20:59:54Z"  changeset="21560382" uid="969918" user="radmar">

</node>
<node id="2776155790" lat="52.7775167" lon="14.9484306" version="1" timestamp="2014-04-07T20:59:54Z"  changeset="21560382" uid="969918" user="radmar">

</node>
<node id="2776155792" lat="52.7775658" lon="14.9479432" version="1" timestamp="2014-04-07T20:59:54Z"  changeset="21560382" uid="969918" user="radmar">

</node>
<node id="2776155793" lat="52.7775827" lon="14.9482636" version="1" timestamp="2014-04-07T20:59:54Z"  changeset="21560382" uid="969918" user="radmar">

</node>
<node id="2776155795" lat="52.7775697" lon="14.9482533" version="1" timestamp="2014-04-07T20:59:54Z"  changeset="21560382" uid="969918" user="radmar">

</node>
<node id="2776155797" lat="52.777595" lon="14.9482731" version="1" timestamp="2014-04-07T20:59:54Z"  changeset="21560382" uid="969918" user="radmar">

</node>
<node id="2776155798" lat="52.77767" lon="14.9480246" version="1" timestamp="2014-04-07T20:59:54Z"  changeset="21560382" uid="969918" user="radmar">

</node>
<node id="7592399825" lat="50.7289331" lon="23.2520758" version="1" timestamp="2020-06-04T12:55:14Z" action="modify" changeset="86190956" uid="1479852" user="kubahahaha">
	<tag k="name" v="Muzeum 3 Dywizji Piechoty Legionów w Zamościu"/>
	<tag k="phone" v="+48 26 118 12 24"/>
	<tag k="tourism" v="museum"/>
	<tag k="website" v="https://www.facebook.com/3DPLeg/"/>
	<tag k="addr:postcode" v="22-400"/>
	<tag k="addr:city" v="Zamość"/>
	<tag k="addr:street" v="Ordynacka"/>
	<tag k="addr:housenumber" v="47"/>
	<tag k="operator" v="Maciej Podgórski"/>
	<tag k="operator:type" v="private"/>
	<tag k="source:tourism" v="Wykaz Muzeów, wypis na dzień 2026-04-09"/>
</node>
<node id="12539768584" lat="49.8075173" lon="19.0358023" version="1" timestamp="2025-01-28T19:38:37Z" action="modify" changeset="161871262" uid="10159422" user="Mamutinka">
	<tag k="name" v="Muzeum Fiata 126p"/>
	<tag k="phone" v="+48600152394"/>
	<tag k="tourism" v="museum"/>
	<tag k="addr:postcode" v="43-300"/>
	<tag k="addr:city" v="Bielsko - Biała"/>
	<tag k="addr:street" v="Karpacka"/>
	<tag k="addr:housenumber" v="44"/>
	<tag k="operator" v="Antoni Przychodzień"/>
	<tag k="operator:type" v="private"/>
	<tag k="source:tourism" v="Wykaz Muzeów, wypis na dzień 2026-04-09"/>
</node>
<node id="9509115000" lat="52.4024239" lon="16.9297798" version="3" timestamp="2023-06-05T00:28:36Z" action="modify" changeset="136951003" uid="10213768" user="moje_konto">
	<tag k="addr:city" v="Poznań"/>
	<tag k="addr:housenumber" v="14/2"/>
	<tag k="addr:postcode" v="61-881"/>
	<tag k="addr:street" v="Kwiatowa"/>
	<tag k="email" v="muzeum@mundiplumarii.com"/>
	<tag k="level" v="1"/>
	<tag k="museum" v="art"/>
	<tag k="name" v="Muzeum Historii Ubioru"/>
	<tag k="phone" v="+48794777243"/>
	<tag k="tourism" v="museum"/>
	<tag k="website" v="https://xixgallery.com/"/>
	<tag k="operator" v="Anna Moryto"/>
	<tag k="operator:type" v="private"/>
	<tag k="source:tourism" v="Wykaz Muzeów, wypis na dzień 2026-04-09"/>
</node>
<node id="8568058769" lat="54.5395666" lon="18.5039031" version="2" timestamp="2023-11-06T00:49:28Z" action="modify" changeset="143672633" uid="9451067" user="b-jazz-bot">
	<tag k="addr:city" v="Gdynia"/>
	<tag k="addr:housenumber" v="9"/>
	<tag k="addr:postcode" v="81-185"/>
	<tag k="addr:street" v="Gołębia"/>
	<tag k="name" v="Muzeum Kart do Gry"/>
	<tag k="operator" v="Andrzej Rzepkowski"/>
	<tag k="tourism" v="museum"/>
	<tag k="website" v="https://gca.edu.pl/muzeum-kart-do-gry/"/>
	<tag k="operator:type" v="private"/>
	<tag k="source:tourism" v="Wykaz Muzeów, wypis na dzień 2026-04-09"/>
</node>
<node id="9864396056" lat="49.5090089" lon="22.0055467" version="1" timestamp="2022-07-03T19:19:32Z" action="modify" changeset="123162541" uid="16063445" user="Majsterek WS">
	<tag k="name" v="Muzeum Militariów i Techniki w Woli Sękowej"/>
	<tag k="tourism" v="museum"/>
	<tag k="addr:postcode" v="28-505"/>
	<tag k="addr:city" v="Bukowsko"/>
	<tag k="addr:street" v="Wola Sękowa"/>
	<tag k="addr:housenumber" v="52"/>
	<tag k="operator" v="Krzysztof Mindur"/>
	<tag k="operator:type" v="private"/>
	<tag k="source:tourism" v="Wykaz Muzeów, wypis na dzień 2026-04-09"/>
</node>
<way id="958972484" version="1" timestamp="2021-06-28T21:34:47Z" action="modify" changeset="107111634" uid="813385" user="grelus">
	<tag k="landuse" v="industrial"/>
	<tag k="mobile" v="+48 608 733 030"/>
	<tag k="name" v="Muzeum Militarnej Historii w Bornem Sulinowie"/>
	<tag k="tourism" v="museum"/>
	<tag k="website" v="https://muzeum-borne.pl/"/>
	<tag k="addr:postcode" v="78-449"/>
	<tag k="addr:city" v="Borne Sulinowo"/>
	<tag k="addr:street" v="Wojska Polskiego"/>
	<tag k="addr:housenumber" v="1"/>
	<tag k="operator" v="Wiesław Bartoszek"/>
	<tag k="operator:type" v="private"/>
	<tag k="source:tourism" v="Wykaz Muzeów, wypis na dzień 2026-04-09"/>
	<nd ref="8873459676"/>
	<nd ref="8873459677"/>
	<nd ref="5943436539"/>
	<nd ref="5943436541"/>
	<nd ref="5943436542"/>
	<nd ref="5943436543"/>
	<nd ref="8873459676"/>
</way>
<node id="5943436539" lat="53.5771511" lon="16.5288293" version="2" timestamp="2021-06-28T21:34:47Z"  changeset="107111634" uid="813385" user="grelus">

</node>
<node id="5943436541" lat="53.5764197" lon="16.5285257" version="1" timestamp="2018-10-01T15:56:46Z"  changeset="63098695" uid="7692914" user="Qitay">

</node>
<node id="5943436542" lat="53.5763711" lon="16.5285083" version="1" timestamp="2018-10-01T15:56:46Z"  changeset="63098695" uid="7692914" user="Qitay">

</node>
<node id="5943436543" lat="53.5762394" lon="16.528915" version="1" timestamp="2018-10-01T15:56:46Z"  changeset="63098695" uid="7692914" user="Qitay">

</node>
<node id="8873459676" lat="53.5761845" lon="16.5293016" version="1" timestamp="2021-06-28T21:34:47Z"  changeset="107111634" uid="813385" user="grelus">

</node>
<node id="8873459677" lat="53.5770777" lon="16.52957" version="1" timestamp="2021-06-28T21:34:47Z"  changeset="107111634" uid="813385" user="grelus">

</node>
<node id="3703219548" lat="51.8983012" lon="16.6633013" version="3" timestamp="2017-11-25T06:43:00Z" action="modify" changeset="54065780" uid="558320" user="mrIimbsf">
	<tag k="name" v="Muzeum Młynarstwa i Rolnictwa w Osiecznej"/>
	<tag k="tourism" v="museum"/>
	<tag k="website" v="https://www.facebook.com/pages/Muzeum-Młynarstwa-i-Rolnictwa-w-Osiecznej/430378337027305"/>
	<tag k="wikidata" v="Q16476036"/>
	<tag k="wikipedia" v="pl:Muzeum Młynarstwa i Rolnictwa w Osiecznej"/>
	<tag k="addr:postcode" v="64-100"/>
	<tag k="addr:city" v="Leszno"/>
	<tag k="addr:street" v="Dekana"/>
	<tag k="addr:housenumber" v="8"/>
	<tag k="operator" v="Jarosław Jankowski"/>
	<tag k="operator:type" v="private"/>
	<tag k="source:tourism" v="Wykaz Muzeów, wypis na dzień 2026-04-09"/>
</node>
<node id="6289586941" lat="53.5387481" lon="14.4658716" version="1" timestamp="2019-02-19T19:56:04Z" action="modify" changeset="67365552" uid="4569366" user="JulesGabrielVerne">
	<tag k="name" v="Muzeum Motoryzacji i Wojskowości w Tanowie"/>
	<tag k="tourism" v="museum"/>
	<tag k="website" v="https://www.facebook.com/mmiw.tanowo/"/>
	<tag k="addr:postcode" v="72-004"/>
	<tag k="addr:city" v="Tanowo"/>
	<tag k="addr:street" v="Szczecińska"/>
	<tag k="addr:housenumber" v="16A"/>
	<tag k="operator" v="Leszek Budyłowski"/>
	<tag k="operator:type" v="private"/>
	<tag k="source:tourism" v="Wykaz Muzeów, wypis na dzień 2026-04-09"/>
</node>
<way id="956001714" version="4" timestamp="2023-07-06T11:39:59Z" action="modify" changeset="138184634" uid="6751278" user="G_P_J">
	<tag k="addr:housenumber" v="38"/>
	<tag k="addr:place" v="Bychowo"/>
	<tag k="addr:postcode" v="84-250"/>
	<tag k="building" v="yes"/>
	<tag k="building:levels" v="2"/>
	<tag k="name" v="Muzeum Przedmiotów Historycznych i Zapomnianych"/>
	<tag k="source" v="www.geoportal.gov.pl"/>
	<tag k="tourism" v="museum"/>
	<tag k="wikidata" v="Q112042306"/>
	<tag k="addr:city" v="Gniewino Bychowo"/>
	<tag k="operator" v="Jacek Bagnecki"/>
	<tag k="operator:type" v="private"/>
	<tag k="source:tourism" v="Wykaz Muzeów, wypis na dzień 2026-04-09"/>
	<nd ref="8847909604"/>
	<nd ref="8847891245"/>
	<nd ref="8847873107"/>
	<nd ref="8847934418"/>
	<nd ref="8847909604"/>
</way>
<node id="8847873107" lat="54.7417266" lon="18.0054026" version="1" timestamp="2021-06-19T09:38:10Z"  changeset="106624684" uid="6751278" user="G_P_J">

</node>
<node id="8847891245" lat="54.7416169" lon="18.0053874" version="1" timestamp="2021-06-19T09:38:14Z"  changeset="106624685" uid="6751278" user="G_P_J">

</node>
<node id="8847909604" lat="54.741611" lon="18.0055147" version="1" timestamp="2021-06-19T09:38:17Z"  changeset="106624687" uid="6751278" user="G_P_J">

</node>
<node id="8847934418" lat="54.7417206" lon="18.0055299" version="1" timestamp="2021-06-19T09:38:20Z"  changeset="106624690" uid="6751278" user="G_P_J">

</node>
<node id="4321332993" lat="54.5516389" lon="18.1713152" version="3" timestamp="2025-11-13T10:03:35Z" action="modify" changeset="174596884" uid="1682993" user="szedar">
	<tag k="addr:housenumber" v="2"/>
	<tag k="addr:postcode" v="84-242"/>
	<tag k="addr:street" v="Podpułkownika Ryszarda Lubowiedzkiego"/>
	<tag k="email" v="muzeum@explosive.pl"/>
	<tag k="name" v="Muzeum Saperskie Explosive"/>
	<tag k="phone" v="+48 606 257 067"/>
	<tag k="tourism" v="museum"/>
	<tag k="website" v="http://www.muzeumsaperskie.pl"/>
	<tag k="addr:city" v="Gdańsk"/>
	<tag k="operator" v="Piotr Bik"/>
	<tag k="operator:type" v="private"/>
	<tag k="source:tourism" v="Wykaz Muzeów, wypis na dzień 2026-04-09"/>
</node>
<node id="11209939683" lat="50.4173933" lon="18.768319" version="2" timestamp="2024-08-24T09:11:30Z" action="modify" changeset="155685318" uid="654148" user="Stone_X">
	<tag k="mobile" v="+48 731 201 555"/>
	<tag k="name" v="Muzeum Techniki Militarnej"/>
	<tag k="opening_hours" v="Sa[1] 10:00-14:00"/>
	<tag k="tourism" v="museum"/>
	<tag k="website" v="https://www.facebook.com/muzeumtechnikimilitarnejTG/"/>
	<tag k="addr:postcode" v="05-311"/>
	<tag k="addr:city" v="Dębe Wielkie"/>
	<tag k="addr:street" v="Polna"/>
	<tag k="addr:housenumber" v="15c"/>
	<tag k="operator" v="Bogdan Korziuk"/>
	<tag k="operator:type" v="private"/>
	<tag k="source:tourism" v="Wykaz Muzeów, wypis na dzień 2026-04-09"/>
</node>
<node id="7784972266" lat="52.3481314" lon="22.2468276" version="5" timestamp="2025-09-27T17:07:20Z" action="modify" changeset="172535416" uid="8341632" user="K4nciasty">
	<tag k="addr:housenumber" v="14"/>
	<tag k="addr:place" v="Bielany-Wąsy"/>
	<tag k="addr:postcode" v="08-311"/>
	<tag k="museum" v="history"/>
	<tag k="name" v="Muzeum Techniki Wojskowej i Użytkowej"/>
	<tag k="tourism" v="museum"/>
	<tag k="addr:city" v="Rzgów"/>
	<tag k="addr:street" v="Polna"/>
	<tag k="operator" v="Kordian Skalski"/>
	<tag k="operator:type" v="private"/>
	<tag k="source:tourism" v="Wykaz Muzeów, wypis na dzień 2026-04-09"/>
</node>
<way id="37059276" version="12" timestamp="2025-02-28T07:15:35Z" action="modify" changeset="163039240" uid="3610826" user="km2bp">
	<tag k="area" v="yes"/>
	<tag k="contact:facebook" v="https://www.facebook.com/muzeumuzbrojenia/?locale=pl_PL"/>
	<tag k="contact:instagram" v="https://www.instagram.com/muzeum_uzbrojenia"/>
	<tag k="email" v="cytadela@wmn.poznan.pl"/>
	<tag k="image" v="https://photos.app.goo.gl/kwsvtFjrPeeZz4Wx8"/>
	<tag k="name" v="Muzeum Uzbrojenia"/>
	<tag k="operator" v="Wojciech Goryca"/>
	<tag k="phone" v="+48 61 851 72 89"/>
	<tag k="tourism" v="museum"/>
	<tag k="url" v="https://youtu.be/9sZBiJUib4Y?si=ljDxG1IxhHJTNbuk"/>
	<tag k="url:0" v="https://polska-org.pl/9436680,Poznan,Muzeum_Uzbrojenia.html"/>
	<tag k="url:1" v="https://fotopolska.eu/Fort_Winiary_-_Cytadela_Ekspozycja?map_z=17"/>
	<tag k="url:2" v="https://youtu.be/Vb_PT39ygJc?si=oE6Ql2wo7DlvyimW"/>
	<tag k="website" v="https://www.wmn.poznan.pl/oddzialy/muzeum-uzbrojenia/"/>
	<tag k="wikidata" v="Q4306244"/>
	<tag k="wikipedia" v="pl:Muzeum Uzbrojenia w Poznaniu"/>
	<tag k="addr:postcode" v="05-220"/>
	<tag k="addr:city" v="Zielonka"/>
	<tag k="addr:street" v="Sprinterska"/>
	<tag k="addr:housenumber" v="5"/>
	<tag k="operator:type" v="private"/>
	<tag k="source:tourism" v="Wykaz Muzeów, wypis na dzień 2026-04-09"/>
	<nd ref="430999283"/>
	<nd ref="4298891541"/>
	<nd ref="430999284"/>
	<nd ref="4298891540"/>
	<nd ref="4298891539"/>
	<nd ref="4298891538"/>
	<nd ref="4298891537"/>
	<nd ref="4298962997"/>
	<nd ref="4298891535"/>
	<nd ref="4298962888"/>
	<nd ref="4298891533"/>
	<nd ref="4298891531"/>
	<nd ref="4298962875"/>
	<nd ref="4298962842"/>
	<nd ref="430999285"/>
	<nd ref="4298962772"/>
	<nd ref="4298962771"/>
	<nd ref="4298891522"/>
	<nd ref="4298891520"/>
	<nd ref="430999290"/>
	<nd ref="4298891518"/>
	<nd ref="4298891519"/>
	<nd ref="4298891521"/>
	<nd ref="4298891526"/>
	<nd ref="4298891527"/>
	<nd ref="4298891524"/>
	<nd ref="4298891523"/>
	<nd ref="430999292"/>
	<nd ref="4298962774"/>
	<nd ref="4298891525"/>
	<nd ref="430999295"/>
	<nd ref="4298891529"/>
	<nd ref="4298891530"/>
	<nd ref="430999297"/>
	<nd ref="4298962858"/>
	<nd ref="4298962874"/>
	<nd ref="4298891532"/>
	<nd ref="4298962885"/>
	<nd ref="4298891534"/>
	<nd ref="4298891536"/>
	<nd ref="430999300"/>
	<nd ref="430999302"/>
	<nd ref="4298891542"/>
	<nd ref="430999304"/>
	<nd ref="430999283"/>
</way>
<node id="430999283" lat="52.4212083" lon="16.9322782" version="2" timestamp="2016-07-12T18:01:18Z"  changeset="40694258" uid="1202050" user="TomaszWójcik">

</node>
<node id="430999284" lat="52.4210568" lon="16.932095" version="2" timestamp="2016-07-12T18:01:18Z"  changeset="40694258" uid="1202050" user="TomaszWójcik">

</node>
<node id="430999285" lat="52.4200724" lon="16.9321817" version="2" timestamp="2016-07-12T18:01:18Z"  changeset="40694258" uid="1202050" user="TomaszWójcik">

</node>
<node id="430999290" lat="52.4199939" lon="16.9325186" version="2" timestamp="2016-07-12T18:01:18Z"  changeset="40694258" uid="1202050" user="TomaszWójcik">

</node>
<node id="430999292" lat="52.4200748" lon="16.933136" version="2" timestamp="2016-07-12T18:01:18Z"  changeset="40694258" uid="1202050" user="TomaszWójcik">

</node>
<node id="430999295" lat="52.4200607" lon="16.933165" version="2" timestamp="2016-07-12T18:01:18Z"  changeset="40694258" uid="1202050" user="TomaszWójcik">

</node>
<node id="430999297" lat="52.4201249" lon="16.9333253" version="2" timestamp="2016-07-12T18:01:18Z"  changeset="40694258" uid="1202050" user="TomaszWójcik">

</node>
<node id="430999300" lat="52.4207445" lon="16.9328084" version="2" timestamp="2016-07-12T18:01:18Z"  changeset="40694258" uid="1202050" user="TomaszWójcik">

</node>
<node id="430999302" lat="52.4212391" lon="16.9330951" version="2" timestamp="2016-07-12T18:01:18Z"  changeset="40694258" uid="1202050" user="TomaszWójcik">

</node>
<node id="430999304" lat="52.4212883" lon="16.9330248" version="2" timestamp="2016-07-12T18:01:18Z"  changeset="40694258" uid="1202050" user="TomaszWójcik">

</node>
<node id="4298891518" lat="52.4200058" lon="16.9325314" version="1" timestamp="2016-07-12T18:01:17Z"  changeset="40694258" uid="1202050" user="TomaszWójcik">

</node>
<node id="4298891519" lat="52.4200145" lon="16.9325513" version="1" timestamp="2016-07-12T18:01:17Z"  changeset="40694258" uid="1202050" user="TomaszWójcik">

</node>
<node id="4298891520" lat="52.4200168" lon="16.9323719" version="2" timestamp="2016-07-12T19:21:34Z"  changeset="40696121" uid="1202050" user="TomaszWójcik">

</node>
<node id="4298891521" lat="52.4200192" lon="16.9325761" version="1" timestamp="2016-07-12T18:01:17Z"  changeset="40694258" uid="1202050" user="TomaszWójcik">

</node>
<node id="4298891522" lat="52.4200398" lon="16.9322245" version="1" timestamp="2016-07-12T18:01:17Z"  changeset="40694258" uid="1202050" user="TomaszWójcik">

</node>
<node id="4298891523" lat="52.4200566" lon="16.9330868" version="1" timestamp="2016-07-12T18:01:17Z"  changeset="40694258" uid="1202050" user="TomaszWójcik">

</node>
<node id="4298891524" lat="52.4200648" lon="16.9330678" version="1" timestamp="2016-07-12T18:01:17Z"  changeset="40694258" uid="1202050" user="TomaszWójcik">

</node>
<node id="4298891525" lat="52.4200649" lon="16.9331568" version="3" timestamp="2023-05-26T23:58:16Z"  changeset="136607820" uid="10213768" user="moje_konto">
	<tag k="barrier" v="gate"/>
	<tag k="material" v="metal"/>
</node>
<node id="4298891526" lat="52.4200682" lon="16.9330257" version="1" timestamp="2016-07-12T18:01:17Z"  changeset="40694258" uid="1202050" user="TomaszWójcik">

</node>
<node id="4298891527" lat="52.4200682" lon="16.9330461" version="1" timestamp="2016-07-12T18:01:17Z"  changeset="40694258" uid="1202050" user="TomaszWójcik">

</node>
<node id="4298891529" lat="52.4201056" lon="16.9333035" version="1" timestamp="2016-07-12T18:01:18Z"  changeset="40694258" uid="1202050" user="TomaszWójcik">

</node>
<node id="4298891530" lat="52.4201135" lon="16.9333218" version="1" timestamp="2016-07-12T18:01:18Z"  changeset="40694258" uid="1202050" user="TomaszWójcik">

</node>
<node id="4298891531" lat="52.4205451" lon="16.9321222" version="1" timestamp="2016-07-12T18:01:18Z"  changeset="40694258" uid="1202050" user="TomaszWójcik">

</node>
<node id="4298891532" lat="52.4205473" lon="16.9330524" version="1" timestamp="2016-07-12T18:01:18Z"  changeset="40694258" uid="1202050" user="TomaszWójcik">

</node>
<node id="4298891533" lat="52.4205524" lon="16.9321432" version="1" timestamp="2016-07-12T18:01:18Z"  changeset="40694258" uid="1202050" user="TomaszWójcik">

</node>
<node id="4298891534" lat="52.4205636" lon="16.9330087" version="1" timestamp="2016-07-12T18:01:18Z"  changeset="40694258" uid="1202050" user="TomaszWójcik">

</node>
<node id="4298891535" lat="52.4205771" lon="16.932155" version="2" timestamp="2024-02-23T08:36:25Z"  changeset="147801804" uid="3610826" user="km2bp">
	<tag k="barrier" v="gate"/>
	<tag k="image" v="https://photos.app.goo.gl/fMxe9QEVYW7Xb2TKA"/>
</node>
<node id="4298891536" lat="52.4205781" lon="16.9328938" version="1" timestamp="2016-07-12T18:01:18Z"  changeset="40694258" uid="1202050" user="TomaszWójcik">

</node>
<node id="4298891537" lat="52.4206003" lon="16.9321661" version="1" timestamp="2016-07-12T18:01:18Z"  changeset="40694258" uid="1202050" user="TomaszWójcik">

</node>
<node id="4298891538" lat="52.420607" lon="16.9321455" version="1" timestamp="2016-07-12T18:01:18Z"  changeset="40694258" uid="1202050" user="TomaszWójcik">

</node>
<node id="4298891539" lat="52.4206166" lon="16.9321285" version="1" timestamp="2016-07-12T18:01:18Z"  changeset="40694258" uid="1202050" user="TomaszWójcik">

</node>
<node id="4298891540" lat="52.4206303" lon="16.9321199" version="1" timestamp="2016-07-12T18:01:18Z"  changeset="40694258" uid="1202050" user="TomaszWójcik">

</node>
<node id="4298891541" lat="52.4210841" lon="16.9321102" version="1" timestamp="2016-07-12T18:01:18Z"  changeset="40694258" uid="1202050" user="TomaszWójcik">

</node>
<node id="4298891542" lat="52.4212693" lon="16.9330633" version="1" timestamp="2016-07-12T18:01:18Z"  changeset="40694258" uid="1202050" user="TomaszWójcik">

</node>
<node id="4298962771" lat="52.4200624" lon="16.9321946" version="1" timestamp="2016-07-12T19:21:26Z"  changeset="40696121" uid="1202050" user="TomaszWójcik">

</node>
<node id="4298962772" lat="52.4200668" lon="16.9321891" version="1" timestamp="2016-07-12T19:21:26Z"  changeset="40696121" uid="1202050" user="TomaszWójcik">
	<tag k="barrier" v="gate"/>
</node>
<node id="4298962774" lat="52.4200694" lon="16.9331472" version="1" timestamp="2016-07-12T19:21:26Z"  changeset="40696121" uid="1202050" user="TomaszWójcik">

</node>
<node id="4298962842" lat="52.4203308" lon="16.9321492" version="1" timestamp="2016-07-12T19:21:27Z"  changeset="40696121" uid="1202050" user="TomaszWójcik">

</node>
<node id="4298962858" lat="52.4204778" lon="16.9330973" version="2" timestamp="2023-05-26T23:58:16Z"  changeset="136607820" uid="10213768" user="moje_konto">
	<tag k="barrier" v="gate"/>
	<tag k="material" v="metal"/>
</node>
<node id="4298962874" lat="52.4205283" lon="16.9330647" version="1" timestamp="2016-07-12T19:21:27Z"  changeset="40696121" uid="1202050" user="TomaszWójcik">

</node>
<node id="4298962875" lat="52.4205289" lon="16.9321242" version="1" timestamp="2016-07-12T19:21:27Z"  changeset="40696121" uid="1202050" user="TomaszWójcik">

</node>
<node id="4298962885" lat="52.4205541" lon="16.9330341" version="1" timestamp="2016-07-12T19:21:27Z"  changeset="40696121" uid="1202050" user="TomaszWójcik">

</node>
<node id="4298962888" lat="52.4205579" lon="16.932146" version="1" timestamp="2016-07-12T19:21:27Z"  changeset="40696121" uid="1202050" user="TomaszWójcik">

</node>
<node id="4298962997" lat="52.420595" lon="16.9321634" version="1" timestamp="2016-07-12T19:21:27Z"  changeset="40696121" uid="1202050" user="TomaszWójcik">

</node>
<way id="518406466" version="7" timestamp="2025-02-01T01:14:07Z" action="modify" changeset="161997772" uid="10923513" user="theDM">
	<tag k="addr:city" v="Pępowo"/>
	<tag k="addr:housenumber" v="50"/>
	<tag k="addr:postcode" v="83-330"/>
	<tag k="addr:street" v="Armii Krajowej"/>
	<tag k="building" v="yes"/>
	<tag k="email" v="info@vwmuzeum.pl"/>
	<tag k="mobile" v="+48 604 704 050"/>
	<tag k="name" v="Muzeum Volkswagena"/>
	<tag k="phone" v="+48 58 681 82 05"/>
	<tag k="source:addr" v="UG Żukowo"/>
	<tag k="tourism" v="museum"/>
	<tag k="website" v="http://vwmuseum.pl/"/>
	<tag k="operator" v="Ewa Suchecka"/>
	<tag k="operator:type" v="private"/>
	<tag k="source:tourism" v="Wykaz Muzeów, wypis na dzień 2026-04-09"/>
	<nd ref="5056912076"/>
	<nd ref="5056912075"/>
	<nd ref="5056912074"/>
	<nd ref="5056912073"/>
	<nd ref="5056912072"/>
	<nd ref="5056912071"/>
	<nd ref="5056912070"/>
	<nd ref="5056912069"/>
	<nd ref="5056912068"/>
	<nd ref="5056912067"/>
	<nd ref="5056912066"/>
	<nd ref="5056912065"/>
	<nd ref="5056912064"/>
	<nd ref="5056912063"/>
	<nd ref="5056912076"/>
</way>
<node id="5056912063" lat="54.3610449" lon="18.3892243" version="1" timestamp="2017-08-24T18:42:33Z"  changeset="51415286" uid="791251" user="nzt">

</node>
<node id="5056912064" lat="54.3610157" lon="18.389155" version="1" timestamp="2017-08-24T18:42:33Z"  changeset="51415286" uid="791251" user="nzt">

</node>
<node id="5056912065" lat="54.3610302" lon="18.3891372" version="1" timestamp="2017-08-24T18:42:33Z"  changeset="51415286" uid="791251" user="nzt">

</node>
<node id="5056912066" lat="54.3610042" lon="18.3890753" version="1" timestamp="2017-08-24T18:42:33Z"  changeset="51415286" uid="791251" user="nzt">

</node>
<node id="5056912067" lat="54.3610409" lon="18.38903" version="1" timestamp="2017-08-24T18:42:33Z"  changeset="51415286" uid="791251" user="nzt">

</node>
<node id="5056912068" lat="54.3610298" lon="18.3890046" version="1" timestamp="2017-08-24T18:42:33Z"  changeset="51415286" uid="791251" user="nzt">

</node>
<node id="5056912069" lat="54.3610701" lon="18.3889547" version="1" timestamp="2017-08-24T18:42:33Z"  changeset="51415286" uid="791251" user="nzt">

</node>
<node id="5056912070" lat="54.361081" lon="18.3889805" version="1" timestamp="2017-08-24T18:42:33Z"  changeset="51415286" uid="791251" user="nzt">

</node>
<node id="5056912071" lat="54.3611025" lon="18.3889537" version="1" timestamp="2017-08-24T18:42:33Z"  changeset="51415286" uid="791251" user="nzt">

</node>
<node id="5056912072" lat="54.3611138" lon="18.38898" version="1" timestamp="2017-08-24T18:42:33Z"  changeset="51415286" uid="791251" user="nzt">

</node>
<node id="5056912073" lat="54.3611588" lon="18.3889241" version="1" timestamp="2017-08-24T18:42:33Z"  changeset="51415286" uid="791251" user="nzt">

</node>
<node id="5056912074" lat="54.3611709" lon="18.388831" version="1" timestamp="2017-08-24T18:42:33Z"  changeset="51415286" uid="791251" user="nzt">

</node>
<node id="5056912075" lat="54.3612438" lon="18.3888585" version="1" timestamp="2017-08-24T18:42:33Z"  changeset="51415286" uid="791251" user="nzt">

</node>
<node id="5056912076" lat="54.361225" lon="18.3889998" version="1" timestamp="2017-08-24T18:42:33Z"  changeset="51415286" uid="791251" user="nzt">

</node>
<node id="11878706186" lat="49.5202333" lon="21.4793668" version="1" timestamp="2024-05-04T11:38:28Z" action="modify" changeset="150875685" uid="17665316" user="Carpathians">
	<tag k="museum" v="history"/>
	<tag k="museum_type" v="municipal"/>
	<tag k="name" v="Muzeum Wielkiej Wojny w Kotani"/>
	<tag k="tourism" v="museum"/>
	<tag k="wheelchair" v="limited"/>
	<tag k="addr:postcode" v="38-232"/>
	<tag k="addr:city" v="Krempna"/>
	<tag k="addr:street" v="Kotań"/>
	<tag k="addr:housenumber" v="45C"/>
	<tag k="operator" v="Przemysław Wróbel"/>
	<tag k="operator:type" v="private"/>
	<tag k="source:tourism" v="Wykaz Muzeów, wypis na dzień 2026-04-09"/>
</node>
<node id="7259543362" lat="54.2976665" lon="18.455115" version="2" timestamp="2020-03-03T00:30:58Z" action="modify" changeset="81701366" uid="699708" user="Robercin">
	<tag k="name" v="Muzeum W Starej Papierni w Łapinie"/>
	<tag k="operator" v="Paweł Jaworski"/>
	<tag k="reservation" v="required"/>
	<tag k="tourism" v="museum"/>
	<tag k="website" v="https://papiernia.eu"/>
	<tag k="addr:postcode" v="83-050"/>
	<tag k="addr:city" v="Łapino"/>
	<tag k="addr:street" v="Michała Wołodyjowskiego"/>
	<tag k="addr:housenumber" v="18"/>
	<tag k="operator:type" v="private"/>
	<tag k="source:tourism" v="Wykaz Muzeów, wypis na dzień 2026-04-09"/>
</node>
<node id="10744842397" lat="50.1094371" lon="19.4440096" version="2" timestamp="2025-11-13T09:12:18Z" action="modify" changeset="174594451" uid="1682993" user="szedar">
	<tag k="museum" v="history"/>
	<tag k="name" v="Muzeum Życia Codziennego"/>
	<tag k="phone" v="+48 694 716 146"/>
	<tag k="tourism" v="museum"/>
	<tag k="addr:postcode" v="32-552"/>
	<tag k="addr:city" v="Płaza"/>
	<tag k="addr:street" v="Jana III Sobieskiego"/>
	<tag k="addr:housenumber" v="38"/>
	<tag k="operator" v="Stanisław Garlicki"/>
	<tag k="operator:type" v="private"/>
	<tag k="source:tourism" v="Wykaz Muzeów, wypis na dzień 2026-04-09"/>
</node>
<way id="440458476" version="8" timestamp="2023-05-18T11:18:23Z" action="modify" changeset="136249864" uid="19157467" user="Jakub W | Yanosik">
	<tag k="addr:city" v="Poznań"/>
	<tag k="addr:city:simc" v="0969400"/>
	<tag k="addr:housenumber" v="9"/>
	<tag k="addr:postcode" v="61-854"/>
	<tag k="addr:street" v="Mostowa"/>
	<tag k="building" v="yes"/>
	<tag k="building:levels" v="1"/>
	<tag k="name" v="Muzeum Bambrów Poznańskich"/>
	<tag k="source:addr" v="www.poznan.pl/api"/>
	<tag k="tourism" v="museum"/>
	<tag k="website" v="http://www.bambrzy.poznan.pl/"/>
	<tag k="wikidata" v="Q11786918"/>
	<tag k="wikipedia" v="pl:Muzeum Bambrów Poznańskich"/>
	<tag k="operator" v="Towarzystwo Bambrów Poznańskich w Poznaniu"/>
	<tag k="operator:type" v="ngo"/>
	<tag k="source:tourism" v="Wykaz Muzeów, wypis na dzień 2026-04-09"/>
	<nd ref="4381982360"/>
	<nd ref="4381982501"/>
	<nd ref="4383556678"/>
	<nd ref="4381982540"/>
	<nd ref="4381982543"/>
	<nd ref="4383556695"/>
	<nd ref="4381982586"/>
	<nd ref="4381982538"/>
	<nd ref="4383556677"/>
	<nd ref="4381982500"/>
	<nd ref="4381982360"/>
</way>
<node id="4381982360" lat="52.4048533" lon="16.940008" version="1" timestamp="2016-09-03T09:24:40Z"  changeset="41884860" uid="1202050" user="TomaszWójcik">

</node>
<node id="4381982500" lat="52.4049297" lon="16.9401527" version="1" timestamp="2016-09-03T09:24:41Z"  changeset="41884860" uid="1202050" user="TomaszWójcik">

</node>
<node id="4381982501" lat="52.4049338" lon="16.9399226" version="1" timestamp="2016-09-03T09:24:41Z"  changeset="41884860" uid="1202050" user="TomaszWójcik">

</node>
<node id="4381982538" lat="52.4049844" lon="16.9402559" version="1" timestamp="2016-09-03T09:24:41Z"  changeset="41884860" uid="1202050" user="TomaszWójcik">

</node>
<node id="4381982540" lat="52.4049855" lon="16.9400149" version="1" timestamp="2016-09-03T09:24:41Z"  changeset="41884860" uid="1202050" user="TomaszWójcik">

</node>
<node id="4381982543" lat="52.4049911" lon="16.940007" version="1" timestamp="2016-09-03T09:24:41Z"  changeset="41884860" uid="1202050" user="TomaszWójcik">

</node>
<node id="4381982586" lat="52.4050646" lon="16.9401407" version="1" timestamp="2016-09-03T09:24:42Z"  changeset="41884860" uid="1202050" user="TomaszWójcik">

</node>
<node id="4383556677" lat="52.404946" lon="16.9401834" version="1" timestamp="2016-09-04T11:15:39Z"  changeset="41905265" uid="1202050" user="TomaszWójcik">

</node>
<node id="4383556678" lat="52.4049473" lon="16.9399467" version="1" timestamp="2016-09-04T11:15:39Z"  changeset="41905265" uid="1202050" user="TomaszWójcik">

</node>
<node id="4383556695" lat="52.4050159" lon="16.940052" version="1" timestamp="2016-09-04T11:15:40Z"  changeset="41905265" uid="1202050" user="TomaszWójcik">

</node>
<node id="12848905551" lat="52.9869093" lon="18.5802551" version="2" timestamp="2025-05-20T05:36:11Z" action="modify" changeset="166505822" uid="20487573" user="P_kawa">
	<tag k="addr:city" v="Toruń"/>
	<tag k="addr:housenumber" v="191–199"/>
	<tag k="addr:postcode" v="87-100"/>
	<tag k="addr:street" v="Poznańska"/>
	<tag k="facebook" v="https://www.facebook.com/MuzeumTwierdzyTorun"/>
	<tag k="name" v="Muzeum Fortyfikacji Pancernej Twierdzy Toruń"/>
	<tag k="source" v="survey"/>
	<tag k="tourism" v="museum"/>
	<tag k="website" v="http://www.torun.fortyfikacje.pl"/>
	<tag k="operator" v="Toruńskie Towarzystwo Fortyfikacyjne"/>
	<tag k="operator:type" v="ngo"/>
	<tag k="source:tourism" v="Wykaz Muzeów, wypis na dzień 2026-04-09"/>
</node>
<way id="712683527" version="5" timestamp="2022-08-06T09:12:30Z" action="modify" changeset="124552713" uid="16759036" user="Maxchil">
	<tag k="email" v="biuro@muzeumgazownictwa.pl"/>
	<tag k="fee" v="yes"/>
	<tag k="name" v="Muzeum Gazownictwa w Paczkowie"/>
	<tag k="opening_hours" v="Tu-Sa 09:00-17:00"/>
	<tag k="operator" v="Górnośląska Spółka Gazownictwa Sp. z o.o."/>
	<tag k="phone" v="+48 77 431 68 34"/>
	<tag k="tourism" v="museum"/>
	<tag k="website" v="https://muzeumgazownictwa.pl/"/>
	<tag k="wikidata" v="Q11786976"/>
	<tag k="wikipedia" v="pl:Muzeum Gazownictwa w Paczkowie"/>
	<tag k="addr:postcode" v="48-370"/>
	<tag k="addr:city" v="Paczków"/>
	<tag k="addr:street" v="Pocztowa"/>
	<tag k="addr:housenumber" v="6"/>
	<tag k="operator:type" v="ngo"/>
	<tag k="source:tourism" v="Wykaz Muzeów, wypis na dzień 2026-04-09"/>
	<nd ref="6700738961"/>
	<nd ref="9103776990"/>
	<nd ref="6700738960"/>
	<nd ref="2340113653"/>
	<nd ref="2340113659"/>
	<nd ref="4179608766"/>
	<nd ref="6700738954"/>
	<nd ref="6700738953"/>
	<nd ref="6700738952"/>
	<nd ref="6700738951"/>
	<nd ref="6700738950"/>
	<nd ref="6700738949"/>
	<nd ref="4179608743"/>
	<nd ref="4179608755"/>
	<nd ref="6700738948"/>
	<nd ref="6700738947"/>
	<nd ref="4179608769"/>
	<nd ref="4179608890"/>
	<nd ref="4179608891"/>
	<nd ref="4179608897"/>
	<nd ref="6700738942"/>
	<nd ref="6700738961"/>
</way>
<node id="2340113653" lat="50.4664161" lon="17.0048668" version="2" timestamp="2021-09-18T15:22:02Z"  changeset="111379258" uid="3214275" user="pio2_122">

</node>
<node id="2340113659" lat="50.4662878" lon="17.0050735" version="2" timestamp="2021-09-18T15:22:02Z"  changeset="111379258" uid="3214275" user="pio2_122">

</node>
<node id="4179608743" lat="50.4658829" lon="17.0040782" version="3" timestamp="2021-09-18T15:06:28Z"  changeset="111378670" uid="3214275" user="pio2_122">

</node>
<node id="4179608755" lat="50.4659693" lon="17.0039489" version="3" timestamp="2021-09-18T15:06:28Z"  changeset="111378670" uid="3214275" user="pio2_122">

</node>
<node id="4179608766" lat="50.4661131" lon="17.0046977" version="2" timestamp="2021-09-18T15:06:28Z"  changeset="111378670" uid="3214275" user="pio2_122">

</node>
<node id="4179608769" lat="50.4661416" lon="17.0038755" version="3" timestamp="2021-09-18T15:06:28Z"  changeset="111378670" uid="3214275" user="pio2_122">

</node>
<node id="4179608890" lat="50.4663835" lon="17.0042801" version="3" timestamp="2021-09-18T15:06:28Z"  changeset="111378670" uid="3214275" user="pio2_122">

</node>
<node id="4179608891" lat="50.4663945" lon="17.0043017" version="2" timestamp="2021-09-18T15:06:28Z"  changeset="111378670" uid="3214275" user="pio2_122">

</node>
<node id="4179608897" lat="50.4664519" lon="17.0043967" version="2" timestamp="2021-09-18T15:06:28Z"  changeset="111378670" uid="3214275" user="pio2_122">

</node>
<node id="6700738942" lat="50.4664542" lon="17.0043989" version="2" timestamp="2021-09-18T15:06:28Z"  changeset="111378670" uid="3214275" user="pio2_122">

</node>
<node id="6700738947" lat="50.4661197" lon="17.0038446" version="1" timestamp="2019-08-11T18:26:26Z"  changeset="73247906" uid="3214275" user="pio2_122">

</node>
<node id="6700738948" lat="50.4660789" lon="17.0037829" version="1" timestamp="2019-08-11T18:26:26Z"  changeset="73247906" uid="3214275" user="pio2_122">

</node>
<node id="6700738949" lat="50.4658418" lon="17.0041383" version="1" timestamp="2019-08-11T18:26:26Z"  changeset="73247906" uid="3214275" user="pio2_122">

</node>
<node id="6700738950" lat="50.4659194" lon="17.0042896" version="2" timestamp="2021-09-18T15:06:28Z"  changeset="111378670" uid="3214275" user="pio2_122">

</node>
<node id="6700738951" lat="50.4659215" lon="17.0042936" version="1" timestamp="2019-08-11T18:26:26Z"  changeset="73247906" uid="3214275" user="pio2_122">

</node>
<node id="6700738952" lat="50.4659585" lon="17.0043708" version="1" timestamp="2019-08-11T18:26:26Z"  changeset="73247906" uid="3214275" user="pio2_122">

</node>
<node id="6700738953" lat="50.4660094" lon="17.0044766" version="2" timestamp="2021-09-18T15:06:28Z"  changeset="111378670" uid="3214275" user="pio2_122">

</node>
<node id="6700738954" lat="50.4660616" lon="17.0045898" version="1" timestamp="2019-08-11T18:26:26Z"  changeset="73247906" uid="3214275" user="pio2_122">

</node>
<node id="6700738960" lat="50.466669" lon="17.0044681" version="1" timestamp="2019-08-11T18:26:26Z"  changeset="73247906" uid="3214275" user="pio2_122">

</node>
<node id="6700738961" lat="50.4665446" lon="17.004262" version="2" timestamp="2021-09-18T15:06:28Z"  changeset="111378670" uid="3214275" user="pio2_122">

</node>
<node id="9103776990" lat="50.4665805" lon="17.0043209" version="1" timestamp="2021-09-18T14:49:57Z"  changeset="111378667" uid="3214275" user="pio2_122">

</node>
<node id="7955566477" lat="51.6410728" lon="22.4359976" version="4" timestamp="2024-08-17T12:05:58Z" action="modify" changeset="155367804" uid="8019013" user="charl3s">
	<tag k="check_date" v="2024-08-17"/>
	<tag k="museum" v="history"/>
	<tag k="name" v="Muzeum Historii Kocka"/>
	<tag k="tourism" v="museum"/>
	<tag k="addr:postcode" v="21-150"/>
	<tag k="addr:city" v="Kock"/>
	<tag k="addr:street" v="Marcina Stępnia"/>
	<tag k="addr:housenumber" v="6"/>
	<tag k="operator" v="Miejsko-Gminna Biblioteka Publiczna z siedzibą w Kocku"/>
	<tag k="operator:type" v="ngo"/>
	<tag k="source:tourism" v="Wykaz Muzeów, wypis na dzień 2026-04-09"/>
</node>
<node id="2975993772" lat="52.2064824" lon="20.9858781" version="4" timestamp="2024-01-16T19:24:04Z" action="modify" changeset="146336069" uid="11306447" user="starsep">
	<tag k="fee" v="no"/>
	<tag k="name" v="Muzeum Historii Medycyny Warszawskiego Uniwersytetu Medycznego"/>
	<tag k="name:be" v="Музей гісторыі медыцыны"/>
	<tag k="official_name" v="Muzeum Historii Medycyny Warszawskiego Uniwersytetu Medycznego"/>
	<tag k="opening_hours" v="Mo-Fr 09:30-15:30"/>
	<tag k="operator" v="Warszawski Uniwersytet Medyczny"/>
	<tag k="tourism" v="museum"/>
	<tag k="website" v="http://muzeum.wum.edu.pl/"/>
	<tag k="addr:postcode" v="02-091"/>
	<tag k="addr:city" v="Warszawa"/>
	<tag k="addr:street" v="Żwirki i Wigury"/>
	<tag k="addr:housenumber" v="63"/>
	<tag k="operator:type" v="ngo"/>
	<tag k="source:tourism" v="Wykaz Muzeów, wypis na dzień 2026-04-09"/>
</node>
<way id="283477347" version="1" timestamp="2014-05-21T19:27:40Z" action="modify" changeset="22473196" uid="703058" user="Kaliszanin">
	<tag k="addr:city" v="Kalisz"/>
	<tag k="addr:housenumber" v="189"/>
	<tag k="addr:postcode" v="62-800"/>
	<tag k="addr:street" v="Wrocławska"/>
	<tag k="building" v="yes"/>
	<tag k="name" v="Muzeum Historii Szczypiorna"/>
	<tag k="tourism" v="museum"/>
	<tag k="operator" v="Stowarzyszenie Szczypiorniak z siedzibą w Kaliszu"/>
	<tag k="operator:type" v="ngo"/>
	<tag k="source:tourism" v="Wykaz Muzeów, wypis na dzień 2026-04-09"/>
	<nd ref="2873371368"/>
	<nd ref="2873371369"/>
	<nd ref="2873371366"/>
	<nd ref="2873371380"/>
	<nd ref="2873371386"/>
	<nd ref="2873371387"/>
	<nd ref="2873371397"/>
	<nd ref="2873371374"/>
	<nd ref="2873371368"/>
</way>
<node id="2873371366" lat="51.7272676" lon="18.0252493" version="1" timestamp="2014-05-21T19:27:13Z"  changeset="22473196" uid="703058" user="Kaliszanin">

</node>
<node id="2873371368" lat="51.7272815" lon="18.0253174" version="1" timestamp="2014-05-21T19:27:13Z"  changeset="22473196" uid="703058" user="Kaliszanin">

</node>
<node id="2873371369" lat="51.7272905" lon="18.0253083" version="1" timestamp="2014-05-21T19:27:13Z"  changeset="22473196" uid="703058" user="Kaliszanin">

</node>
<node id="2873371374" lat="51.7273275" lon="18.025436" version="1" timestamp="2014-05-21T19:27:13Z"  changeset="22473196" uid="703058" user="Kaliszanin">

</node>
<node id="2873371380" lat="51.7273548" lon="18.0251611" version="1" timestamp="2014-05-21T19:27:14Z"  changeset="22473196" uid="703058" user="Kaliszanin">

</node>
<node id="2873371386" lat="51.7273773" lon="18.0252191" version="1" timestamp="2014-05-21T19:27:14Z"  changeset="22473196" uid="703058" user="Kaliszanin">

</node>
<node id="2873371387" lat="51.7273858" lon="18.0252105" version="1" timestamp="2014-05-21T19:27:14Z"  changeset="22473196" uid="703058" user="Kaliszanin">

</node>
<node id="2873371397" lat="51.7274322" lon="18.0253301" version="1" timestamp="2014-05-21T19:27:14Z"  changeset="22473196" uid="703058" user="Kaliszanin">

</node>
<node id="13125763066" lat="52.4422415" lon="20.679216" version="1" timestamp="2025-09-07T23:52:30Z" action="modify" changeset="171608707" uid="18089394" user="Mrksmlk">
	<tag k="fee" v="yes"/>
	<tag k="museum" v="military"/>
	<tag k="name" v="Muzeum Kampanii Wrześniowej i Twierdzy Modlin"/>
	<tag k="tourism" v="museum"/>
	<tag k="wikidata" v="Q112032044"/>
	<tag k="addr:postcode" v="05-100"/>
	<tag k="addr:city" v="Nowy Dwór Mazowiecki (Twierdza Modlin)"/>
	<tag k="addr:street" v="Baśki Murmańskiej"/>
	<tag k="addr:housenumber" v="164"/>
	<tag k="operator" v="Stowarzyszenie Przyjaciół Muzeum Kampanii Wrześniowej i Twierdzy Modlin"/>
	<tag k="operator:type" v="ngo"/>
	<tag k="source:tourism" v="Wykaz Muzeów, wypis na dzień 2026-04-09"/>
</node>
<way id="430178538" version="3" timestamp="2023-05-01T21:34:49Z" action="modify" changeset="135592028" uid="11443474" user="Psztomol">
	<tag k="addr:city" v="Kobyłka"/>
	<tag k="addr:housenumber" v="23"/>
	<tag k="addr:postcode" v="05-230"/>
	<tag k="addr:street" v="Leszka"/>
	<tag k="building" v="yes"/>
	<tag k="name" v="Muzeum Oręża i Techniki Użytkowej"/>
	<tag k="tourism" v="museum"/>
	<tag k="operator" v="Fundacja EKSPONAT"/>
	<tag k="operator:type" v="ngo"/>
	<tag k="source:tourism" v="Wykaz Muzeów, wypis na dzień 2026-04-09"/>
	<nd ref="4294490398"/>
	<nd ref="7735003979"/>
	<nd ref="7735003980"/>
	<nd ref="4294490399"/>
	<nd ref="4294490400"/>
	<nd ref="7735003981"/>
	<nd ref="7735003982"/>
	<nd ref="4294490401"/>
	<nd ref="4294490398"/>
</way>
<node id="4294490398" lat="52.350087" lon="21.1945876" version="3" timestamp="2023-05-01T21:34:49Z"  changeset="135592028" uid="11443474" user="Psztomol">

</node>
<node id="4294490399" lat="52.349966" lon="21.1945367" version="3" timestamp="2023-05-01T21:34:49Z"  changeset="135592028" uid="11443474" user="Psztomol">

</node>
<node id="4294490400" lat="52.3499589" lon="21.1946907" version="3" timestamp="2023-05-01T21:34:49Z"  changeset="135592028" uid="11443474" user="Psztomol">

</node>
<node id="4294490401" lat="52.3500818" lon="21.1947127" version="3" timestamp="2023-05-01T21:34:49Z"  changeset="135592028" uid="11443474" user="Psztomol">

</node>
<node id="7735003979" lat="52.3500229" lon="21.1945796" version="2" timestamp="2023-05-01T21:34:49Z"  changeset="135592028" uid="11443474" user="Psztomol">

</node>
<node id="7735003980" lat="52.3500245" lon="21.1945443" version="2" timestamp="2023-05-01T21:34:49Z"  changeset="135592028" uid="11443474" user="Psztomol">

</node>
<node id="7735003981" lat="52.350012" lon="21.194697" version="2" timestamp="2023-05-01T21:34:49Z"  changeset="135592028" uid="11443474" user="Psztomol">

</node>
<node id="7735003982" lat="52.3500123" lon="21.1947046" version="2" timestamp="2023-05-01T21:34:49Z"  changeset="135592028" uid="11443474" user="Psztomol">

</node>
<node id="11406365129" lat="49.9681343" lon="20.6060832" version="2" timestamp="2026-03-12T23:58:30Z" action="modify" changeset="179781085" uid="19942564" user="_Kostka_">
	<tag k="addr:city" v="Brzesko"/>
	<tag k="addr:housenumber" v="2"/>
	<tag k="addr:postcode" v="32-800"/>
	<tag k="addr:street" v="Tadeusza Kościuszki"/>
	<tag k="museum" v="local"/>
	<tag k="name" v="Muzeum Regionalne w Brzesku"/>
	<tag k="tourism" v="museum"/>
	<tag k="website" v="https://mok-brzesko.pl/muzeum-regionalne-w-brzesku/"/>
	<tag k="operator" v="wewnętrzna jednostka organizacyjna Miejskiego Ośrodka Kultury w Brzesku"/>
	<tag k="operator:type" v="ngo"/>
	<tag k="source:tourism" v="Wykaz Muzeów, wypis na dzień 2026-04-09"/>
</node>
<way id="30108431" version="16" timestamp="2025-12-13T12:58:18Z" action="modify" changeset="175882317" uid="21828911" user="Yukiroshi">
	<tag k="addr:city" v="Warszawa"/>
	<tag k="addr:city:simc" v="0918123"/>
	<tag k="addr:housenumber" v="2"/>
	<tag k="addr:postcode" v="00-588"/>
	<tag k="addr:street" v="Plac Unii Lubelskiej"/>
	<tag k="building" v="yes"/>
	<tag k="building:levels" v="1"/>
	<tag k="check_date" v="2022-08-15"/>
	<tag k="contact:phone" v="+48 22 646 58 55"/>
	<tag k="fee" v="yes"/>
	<tag k="historic" v="yes"/>
	<tag k="name" v="Muzeum Sue Ryder"/>
	<tag k="opening_hours" v="closed"/>
	<tag k="roof:shape" v="flat"/>
	<tag k="source:addr" v="gugik.gov.pl"/>
	<tag k="source:building" v="BDOT"/>
	<tag k="source:geometry" v="EGiB"/>
	<tag k="tourism" v="museum"/>
	<tag k="website" v="https://muzeumsueryder.pl/"/>
	<tag k="wheelchair" v="no"/>
	<tag k="operator" v="Fundacja Sue Ryder"/>
	<tag k="operator:type" v="ngo"/>
	<tag k="source:tourism" v="Wykaz Muzeów, wypis na dzień 2026-04-09"/>
	<nd ref="331751566"/>
	<nd ref="9203378511"/>
	<nd ref="9203384616"/>
	<nd ref="9203378483"/>
	<nd ref="3863834770"/>
	<nd ref="331751567"/>
	<nd ref="331751565"/>
	<nd ref="9203384723"/>
	<nd ref="9203384527"/>
	<nd ref="9203384689"/>
	<nd ref="3863834767"/>
	<nd ref="9203384664"/>
	<nd ref="9203378475"/>
	<nd ref="9203384637"/>
	<nd ref="9203384611"/>
	<nd ref="331751564"/>
	<nd ref="11947220190"/>
	<nd ref="331751566"/>
</way>
<node id="331751564" lat="52.2131257" lon="21.0217684" version="8" timestamp="2021-10-26T21:13:30Z"  changeset="113011192" uid="6668641" user="syntex">

</node>
<node id="331751565" lat="52.2131764" lon="21.0219158" version="8" timestamp="2021-10-26T21:13:30Z"  changeset="113011192" uid="6668641" user="syntex">

</node>
<node id="331751566" lat="52.2131892" lon="21.0217236" version="8" timestamp="2021-10-26T21:13:30Z"  changeset="113011192" uid="6668641" user="syntex">

</node>
<node id="331751567" lat="52.2132326" lon="21.0218566" version="8" timestamp="2021-10-26T21:13:30Z"  changeset="113011192" uid="6668641" user="syntex">

</node>
<node id="3863834767" lat="52.2131544" lon="21.0218611" version="3" timestamp="2021-10-26T21:13:30Z"  changeset="113011192" uid="6668641" user="syntex">

</node>
<node id="3863834770" lat="52.2132173" lon="21.021825" version="3" timestamp="2021-10-26T21:13:30Z"  changeset="113011192" uid="6668641" user="syntex">

</node>
<node id="9203378475" lat="52.213141" lon="21.0218306" version="1" timestamp="2021-10-26T21:13:30Z"  changeset="113011192" uid="6668641" user="syntex">

</node>
<node id="9203378483" lat="52.2132024" lon="21.0218378" version="1" timestamp="2021-10-26T21:13:30Z"  changeset="113011192" uid="6668641" user="syntex">

</node>
<node id="9203378511" lat="52.2131949" lon="21.0217569" version="1" timestamp="2021-10-26T21:13:30Z"  changeset="113011192" uid="6668641" user="syntex">

</node>
<node id="9203384527" lat="52.2131558" lon="21.0218714" version="1" timestamp="2021-10-26T21:13:30Z"  changeset="113011192" uid="6668641" user="syntex">

</node>
<node id="9203384611" lat="52.21314" lon="21.021819" version="1" timestamp="2021-10-26T21:13:30Z"  changeset="113011192" uid="6668641" user="syntex">

</node>
<node id="9203384616" lat="52.2131792" lon="21.0217704" version="1" timestamp="2021-10-26T21:13:30Z"  changeset="113011192" uid="6668641" user="syntex">

</node>
<node id="9203384637" lat="52.2131378" lon="21.0218212" version="1" timestamp="2021-10-26T21:13:30Z"  changeset="113011192" uid="6668641" user="syntex">

</node>
<node id="9203384664" lat="52.2131432" lon="21.0218287" version="1" timestamp="2021-10-26T21:13:30Z"  changeset="113011192" uid="6668641" user="syntex">

</node>
<node id="9203384689" lat="52.2131525" lon="21.0218635" version="1" timestamp="2021-10-26T21:13:30Z"  changeset="113011192" uid="6668641" user="syntex">

</node>
<node id="9203384723" lat="52.2131574" lon="21.0218696" version="1" timestamp="2021-10-26T21:13:30Z"  changeset="113011192" uid="6668641" user="syntex">

</node>
<node id="11947220190" lat="52.2131322" lon="21.0217638" version="3" timestamp="2026-02-28T15:20:12Z"  changeset="179174843" uid="6491543" user="Awizonosz">
	<tag k="board_type" v="history"/>
	<tag k="information" v="board"/>
	<tag k="internet_access" v="no"/>
	<tag k="name" v="Budynki Rogatek Mokotowskich"/>
	<tag k="tourism" v="information"/>
</node>
<node id="4947145524" lat="54.5513301" lon="18.1703133" version="5" timestamp="2023-03-24T15:19:48Z" action="modify" changeset="134073122" uid="7644157" user="Szymson">
	<tag k="addr:city" v="Dąbrówka"/>
	<tag k="addr:housenumber" v="2"/>
	<tag k="addr:postcode" v="84-242"/>
	<tag k="addr:street" v="Podpułkownika Ryszarda Lubowiedzkiego"/>
	<tag k="museum" v="military"/>
	<tag k="name" v="Muzeum Techniki Wojskowej GRYF"/>
	<tag k="start_date" v="2013"/>
	<tag k="tourism" v="museum"/>
	<tag k="wikidata" v="Q15714840"/>
	<tag k="wikipedia" v="pl:Muzeum Techniki Wojskowej Gryf"/>
	<tag k="operator" v="Fundacja Historyczna ,,Gryf"/>
	<tag k="operator:type" v="ngo"/>
	<tag k="source:tourism" v="Wykaz Muzeów, wypis na dzień 2026-04-09"/>
</node>
<node id="5115070766" lat="49.7813699" lon="22.769859" version="4" timestamp="2021-09-18T21:45:26Z" action="modify" changeset="111390328" uid="7666585" user="rdzik">
	<tag k="addr:city" v="Przemyśl"/>
	<tag k="addr:housenumber" v="6"/>
	<tag k="addr:postcode" v="37-700"/>
	<tag k="addr:street" v="Katedralna"/>
	<tag k="description" v="W ramach muzealnej wystawy prezentowane są eksponaty związane z powstaniem oraz historią Twierdzy Przemyśl. W zbiorach znajdują się militaria (broń, amunicja, wyposażenie żołnierskie), przedmioty codziennego użytku załogi twierdzy, zdjęcia oraz mapy"/>
	<tag k="email" v="muzeumtwierdzyprzemysl@wp.pl"/>
	<tag k="image" v="http://www.festung.vot.pl/data/images/plan.jpg"/>
	<tag k="museum" v="history"/>
	<tag k="name" v="Muzeum Twierdzy Przemyśl"/>
	<tag k="opening_hours" v="Mo, We-Su 10:00-15:00"/>
	<tag k="phone" v="+48 796 700 088"/>
	<tag k="start_date" v="2002"/>
	<tag k="tourism" v="museum"/>
	<tag k="website" v="http://www.festung.vot.pl/muzeum.php"/>
	<tag k="wikidata" v="Q24947813"/>
	<tag k="wikipedia" v="pl:Muzeum Twierdzy Przemyśl"/>
	<tag k="operator" v="Stowarzyszenie 3 Historycznego Galicyjskiego Pułku Artylerii Fortecznej im. Księcia Kinsky’ego z siedzibą w Przemyślu"/>
	<tag k="operator:type" v="ngo"/>
	<tag k="source:tourism" v="Wykaz Muzeów, wypis na dzień 2026-04-09"/>
</node>
<node id="471557583" lat="50.0615617" lon="19.9337367" version="13" timestamp="2025-07-19T16:40:21Z" action="modify" changeset="169161115" uid="12411427" user="ironalloy">
	<tag k="fee" v="yes"/>
	<tag k="name" v="Muzeum Uniwersytetu Jagiellońskiego"/>
	<tag k="name:de" v="Museum des Jagiellonen-Universitäts"/>
	<tag k="name:en" v="University Museum"/>
	<tag k="name:hu" v="Jagelló Egyetem Múzeuma"/>
	<tag k="opening_hours" v="Mo-Fr 10:00-17:00"/>
	<tag k="ref:ckkp" v="MA00421"/>
	<tag k="tourism" v="museum"/>
	<tag k="website" v="https://maius.uj.edu.pl/"/>
	<tag k="wikidata" v="Q11787234"/>
	<tag k="wikipedia" v="pl:Muzeum Uniwersytetu Jagiellońskiego"/>
	<tag k="addr:postcode" v="31-010"/>
	<tag k="addr:city" v="Kraków"/>
	<tag k="addr:street" v="Jagiellońska"/>
	<tag k="addr:housenumber" v="15"/>
	<tag k="operator" v="Uniwersytet Jagielloński"/>
	<tag k="operator:type" v="ngo"/>
	<tag k="source:tourism" v="Wykaz Muzeów, wypis na dzień 2026-04-09"/>
</node>
<node id="9988423346" lat="54.3818051" lon="19.8217262" version="1" timestamp="2022-08-30T13:15:31Z" action="modify" changeset="125569615" uid="6332587" user="lukbas">
	<tag k="name" v="Muzeum Ziemi Braniewskiej"/>
	<tag k="tourism" v="museum"/>
	<tag k="addr:postcode" v="15-500"/>
	<tag k="addr:city" v="Braniewo"/>
	<tag k="addr:street" v="Gdańska"/>
	<tag k="addr:housenumber" v="19"/>
	<tag k="operator" v="Towarzysto Miłośników Braniewa"/>
	<tag k="operator:type" v="ngo"/>
	<tag k="source:tourism" v="Wykaz Muzeów, wypis na dzień 2026-04-09"/>
</node>
<node id="853171560" lat="53.1772836" lon="16.7250936" version="5" timestamp="2025-10-06T14:39:11Z" action="modify" changeset="172918253" uid="23364710" user="Pomorze Zachodnie">
	<tag k="name" v="Pilskie Muzeum Wojskowe"/>
	<tag k="old_name" v="Muzeum Przedmoście Piła"/>
	<tag k="tourism" v="museum"/>
	<tag k="website" v="http://pila.fortyfikacje.pl"/>
	<tag k="addr:postcode" v="64-920"/>
	<tag k="addr:city" v="Piła"/>
	<tag k="addr:street" v="Chojnicka"/>
	<tag k="addr:housenumber" v="1"/>
	<tag k="operator" v="Pilskie Stowarzyszenie Historyczno-Militarne"/>
	<tag k="operator:type" v="ngo"/>
	<tag k="source:tourism" v="Wykaz Muzeów, wypis na dzień 2026-04-09"/>
</node>
<node id="4081926666" lat="53.0086526" lon="18.6048735" version="3" timestamp="2019-03-14T07:27:41Z" action="modify" changeset="68126458" uid="9451067" user="b-jazz-bot">
	<tag k="addr:city" v="Toruń"/>
	<tag k="addr:country" v="PL"/>
	<tag k="addr:housenumber" v="9"/>
	<tag k="addr:postcode" v="87-100"/>
	<tag k="addr:street" v="Rabiańska"/>
	<tag k="email" v="muzeumpiernika@muzeumpiernika.pl"/>
	<tag k="name" v="Żywe Muzeum Piernika"/>
	<tag k="name:be" v="Музей перніка"/>
	<tag k="phone" v="+48 56 663 66 17"/>
	<tag k="tourism" v="museum"/>
	<tag k="website" v="https://muzeumpiernika.pl/"/>
	<tag k="operator" v="TO-TUR Toruńska Turystyka Elżbieta Olszewska; DOM LEGEND"/>
	<tag k="operator:type" v="ngo"/>
	<tag k="source:tourism" v="Wykaz Muzeów, wypis na dzień 2026-04-09"/>
</node>
<way id="1220017200" version="6" timestamp="2026-04-05T19:18:45Z" action="modify" changeset="180912700" uid="16455917" user="spam46200">
	<tag k="addr:city" v="Oława"/>
	<tag k="addr:housenumber" v="1D"/>
	<tag k="addr:postcode" v="55-200"/>
	<tag k="addr:street" v="Zielna"/>
	<tag k="building" v="yes"/>
	<tag k="building:levels" v="1"/>
	<tag k="fee" v="yes"/>
	<tag k="museum" v="transport"/>
	<tag k="name" v="Muzeum Motoryzacji Wena w Oławie"/>
	<tag k="opening_hours" v="Mo-Su 09:00-18:00"/>
	<tag k="operator" v="Tomasz Jurczak"/>
	<tag k="operator:type" v="private"/>
	<tag k="source:building" v="EGiB"/>
	<tag k="start_date" v="2024-02"/>
	<tag k="toilets" v="yes"/>
	<tag k="toilets:wheelchair" v="yes"/>
	<tag k="tourism" v="museum"/>
	<tag k="url" v="https://tymrazem.pl/muzeum-motoryzacji-wena-w-olawie/"/>
	<tag k="website" v="https://muzeummotoryzacjiwena.pl/"/>
	<tag k="wheelchair" v="yes"/>
	<tag k="source:tourism" v="Wykaz Muzeów, wypis na dzień 2026-04-09"/>
	<nd ref="11304533649"/>
	<nd ref="11304533646"/>
	<nd ref="11304533647"/>
	<nd ref="13533003072"/>
	<nd ref="13533003071"/>
	<nd ref="13533003070"/>
	<nd ref="13533003069"/>
	<nd ref="11304533648"/>
	<nd ref="11304533649"/>
</way>
<node id="11304533646" lat="50.933303" lon="17.317161" version="4" timestamp="2026-02-07T22:15:55Z"  changeset="178246883" uid="16455917" user="spam46200">

</node>
<node id="11304533647" lat="50.932956" lon="17.316755" version="4" timestamp="2026-02-07T22:15:55Z"  changeset="178246883" uid="16455917" user="spam46200">

</node>
<node id="11304533648" lat="50.932346" lon="17.318058" version="4" timestamp="2026-02-07T22:15:55Z"  changeset="178246883" uid="16455917" user="spam46200">

</node>
<node id="11304533649" lat="50.932693" lon="17.318464" version="4" timestamp="2026-02-07T22:15:55Z"  changeset="178246883" uid="16455917" user="spam46200">

</node>
<node id="13533003069" lat="50.932377" lon="17.317992" version="1" timestamp="2026-02-07T22:15:55Z"  changeset="178246883" uid="16455917" user="spam46200">

</node>
<node id="13533003070" lat="50.932233" lon="17.317823" version="1" timestamp="2026-02-07T22:15:55Z"  changeset="178246883" uid="16455917" user="spam46200">

</node>
<node id="13533003071" lat="50.932365" lon="17.317542" version="1" timestamp="2026-02-07T22:15:55Z"  changeset="178246883" uid="16455917" user="spam46200">

</node>
<node id="13533003072" lat="50.932509" lon="17.317711" version="1" timestamp="2026-02-07T22:15:55Z"  changeset="178246883" uid="16455917" user="spam46200">

</node>
<node id="12539077870" lat="50.1672628" lon="18.9007297" version="1" timestamp="2025-01-28T13:08:42Z" action="modify" changeset="161857202" uid="10159422" user="Mamutinka">
	<tag k="addr:city" v="Mikołów"/>
	<tag k="addr:housenumber" v="18"/>
	<tag k="addr:postcode" v="43-190"/>
	<tag k="addr:street" v="Konstytucji 3 Maja"/>
	<tag k="email" v="wojciech.szwiec@muzeum.mikolow.eu"/>
	<tag k="facebook" v="https://www.facebook.com/muzeum.mikolow?locale=pl_PL"/>
	<tag k="name" v="Muzeum w Mikołowie"/>
	<tag k="opening_hours" v="Mo off; Tu-We 09:00-15:30; Th 09:00-18:00; Fr 09:00-14:00; Sa 11:00-16:00"/>
	<tag k="phone" v="+48570360927"/>
	<tag k="tourism" v="museum"/>
	<tag k="website" v="https://muzeum.mikolow.eu/"/>
	<tag k="operator" v="Gmina Mikołów"/>
	<tag k="operator:type" v="government"/>
	<tag k="source:tourism" v="Wykaz Muzeów, wypis na dzień 2026-04-09"/>
</node>
<node id="6815183915" lat="54.0370062" lon="19.0339057" version="3" timestamp="2023-11-04T15:47:30Z" action="modify" changeset="143619824" uid="9451067" user="b-jazz-bot">
	<tag k="addr:city" v="Malbork"/>
	<tag k="addr:housenumber" v="54"/>
	<tag k="addr:street" v="Tadeusza Kościuszki"/>
	<tag k="fee" v="yes"/>
	<tag k="name" v="Muzeum Miasta Malborka"/>
	<tag k="phone" v="+48 884 994 005"/>
	<tag k="tourism" v="museum"/>
	<tag k="website" v="https://muzeum.malbork.pl/"/>
	<tag k="addr:postcode" v="82-200"/>
	<tag k="operator" v="Miasto Malbork"/>
	<tag k="operator:type" v="government"/>
	<tag k="source:tourism" v="Wykaz Muzeów, wypis na dzień 2026-04-09"/>
</node>
<way id="506577074" version="4" timestamp="2025-01-15T18:05:21Z" action="modify" changeset="161390765" uid="14012830" user="kasztelan111">
	<tag k="addr:city" v="Przedbórz"/>
	<tag k="addr:housenumber" v="9"/>
	<tag k="addr:postcode" v="97-570"/>
	<tag k="addr:street" v="Kielecka"/>
	<tag k="building" v="yes"/>
	<tag k="name" v="Muzeum Ludowe im. Tadeusza Michalskiego w Przedborzu"/>
	<tag k="opening_hours" v="Tu-Fr 08:00-13:00; Su 10:00-13:00; PH off"/>
	<tag k="source:addr" v="przedborz.e-mapa.net"/>
	<tag k="tourism" v="museum"/>
	<tag k="operator" v="Gmina Przedbórz"/>
	<tag k="operator:type" v="government"/>
	<tag k="source:tourism" v="Wykaz Muzeów, wypis na dzień 2026-04-09"/>
	<nd ref="4962845252"/>
	<nd ref="4962845251"/>
	<nd ref="4962845250"/>
	<nd ref="4962845249"/>
	<nd ref="4962845252"/>
</way>
<node id="4962845249" lat="51.0858129" lon="19.8756858" version="1" timestamp="2017-07-10T22:57:31Z"  changeset="50188740" uid="2098272" user="maraf24">

</node>
<node id="4962845250" lat="51.0857746" lon="19.8756336" version="1" timestamp="2017-07-10T22:57:31Z"  changeset="50188740" uid="2098272" user="maraf24">

</node>
<node id="4962845251" lat="51.0858553" lon="19.8754842" version="1" timestamp="2017-07-10T22:57:31Z"  changeset="50188740" uid="2098272" user="maraf24">

</node>
<node id="4962845252" lat="51.0858936" lon="19.8755363" version="1" timestamp="2017-07-10T22:57:31Z"  changeset="50188740" uid="2098272" user="maraf24">

</node>
<way id="336686023" version="7" timestamp="2025-11-13T11:21:41Z" action="modify" changeset="174600083" uid="1682993" user="szedar">
	<tag k="addr:city" v="Mysłowice"/>
	<tag k="addr:housenumber" v="7A"/>
	<tag k="addr:postcode" v="41-400"/>
	<tag k="addr:street" v="Stadionowa"/>
	<tag k="building" v="museum"/>
	<tag k="contact:phone" v="+48 32 222 37 33; +48 32 222 36 12"/>
	<tag k="fee" v="yes"/>
	<tag k="name" v="Centralne Muzeum Pożarnictwa w Mysłowicach"/>
	<tag k="opening_hours" v="Tu-Su 10:00-16:00"/>
	<tag k="operator" v="Komenda Główna Państwowej Straży Pożarnej"/>
	<tag k="operator:type" v="government"/>
	<tag k="ref:ckkp" v="SL00432"/>
	<tag k="tourism" v="museum"/>
	<tag k="wikidata" v="Q11689573"/>
	<tag k="wikipedia" v="pl:Centralne Muzeum Pożarnictwa w Mysłowicach"/>
	<tag k="source:tourism" v="Wykaz Muzeów, wypis na dzień 2026-04-09"/>
	<nd ref="3437473109"/>
	<nd ref="3437473116"/>
	<nd ref="3437473134"/>
	<nd ref="3437473113"/>
	<nd ref="3437473120"/>
	<nd ref="3437473104"/>
	<nd ref="3437473097"/>
	<nd ref="3437471090"/>
	<nd ref="3437471080"/>
	<nd ref="3437471086"/>
	<nd ref="3437471089"/>
	<nd ref="3437473094"/>
	<nd ref="3437473102"/>
	<nd ref="3437473096"/>
	<nd ref="3437473109"/>
</way>
<node id="3437471080" lat="50.2272041" lon="19.1449618" version="1" timestamp="2015-04-04T15:16:07Z"  changeset="29974256" uid="147230" user="SQ9NIT">

</node>
<node id="3437471086" lat="50.2273413" lon="19.1448266" version="1" timestamp="2015-04-04T15:16:07Z"  changeset="29974256" uid="147230" user="SQ9NIT">

</node>
<node id="3437471089" lat="50.2274009" lon="19.1449731" version="1" timestamp="2015-04-04T15:16:07Z"  changeset="29974256" uid="147230" user="SQ9NIT">

</node>
<node id="3437471090" lat="50.2273759" lon="19.1453902" version="1" timestamp="2015-04-04T15:16:07Z"  changeset="29974256" uid="147230" user="SQ9NIT">

</node>
<node id="3437473094" lat="50.22747" lon="19.1449031" version="1" timestamp="2015-04-04T15:16:07Z"  changeset="29974256" uid="147230" user="SQ9NIT">

</node>
<node id="3437473096" lat="50.2274918" lon="19.1446868" version="1" timestamp="2015-04-04T15:16:07Z"  changeset="29974256" uid="147230" user="SQ9NIT">

</node>
<node id="3437473097" lat="50.2275131" lon="19.1452616" version="1" timestamp="2015-04-04T15:16:07Z"  changeset="29974256" uid="147230" user="SQ9NIT">

</node>
<node id="3437473102" lat="50.22755" lon="19.1448221" version="1" timestamp="2015-04-04T15:16:07Z"  changeset="29974256" uid="147230" user="SQ9NIT">

</node>
<node id="3437473104" lat="50.2275755" lon="19.1454058" version="1" timestamp="2015-04-04T15:16:07Z"  changeset="29974256" uid="147230" user="SQ9NIT">

</node>
<node id="3437473109" lat="50.2276252" lon="19.1445492" version="1" timestamp="2015-04-04T15:16:08Z"  changeset="29974256" uid="147230" user="SQ9NIT">

</node>
<node id="3437473113" lat="50.227665" lon="19.1451151" version="1" timestamp="2015-04-04T15:16:08Z"  changeset="29974256" uid="147230" user="SQ9NIT">

</node>
<node id="3437473120" lat="50.2277189" lon="19.145266" version="1" timestamp="2015-04-04T15:16:08Z"  changeset="29974256" uid="147230" user="SQ9NIT">

</node>
<way id="179130300" version="5" timestamp="2024-01-16T13:20:08Z" action="modify" changeset="146323691" uid="20442729" user="user_20442729">
	<tag k="addr:city" v="Chorzów"/>
	<tag k="addr:housenumber" v="25"/>
	<tag k="addr:postcode" v="41-500"/>
	<tag k="addr:street" v="Powstańców"/>
	<tag k="building" v="yes"/>
	<tag k="name" v="Muzeum Górnośląski Park Etnograficzny w Chorzowie"/>
	<tag k="tourism" v="museum"/>
	<tag k="wikidata" v="Q11787313"/>
	<tag k="wikimedia_commons" v="File:Chorzów - Muzeum.jpg"/>
	<tag k="wikipedia" v="pl:Muzeum w Chorzowie"/>
	<tag k="operator" v="Województwo Śląskie"/>
	<tag k="operator:type" v="government"/>
	<tag k="source:tourism" v="Wykaz Muzeów, wypis na dzień 2026-04-09"/>
	<nd ref="1894686327"/>
	<nd ref="1894686183"/>
	<nd ref="1894685993"/>
	<nd ref="1894685875"/>
	<nd ref="1894685954"/>
	<nd ref="1894686065"/>
	<nd ref="1894686081"/>
	<nd ref="11178914409"/>
	<nd ref="1894686209"/>
	<nd ref="1894686184"/>
	<nd ref="1894686327"/>
</way>
<node id="1894685875" lat="50.2935737" lon="18.9503668" version="3" timestamp="2023-10-01T15:45:12Z"  changeset="141994399" uid="20068374" user="MarcinMound">

</node>
<node id="1894685954" lat="50.2936298" lon="18.9502069" version="3" timestamp="2023-10-01T15:45:12Z"  changeset="141994399" uid="20068374" user="MarcinMound">

</node>
<node id="1894685993" lat="50.2936618" lon="18.9504425" version="2" timestamp="2023-09-09T15:28:36Z"  changeset="141029030" uid="20068374" user="MarcinMound">

</node>
<node id="1894686065" lat="50.2936962" lon="18.9502628" version="3" timestamp="2023-10-01T15:45:12Z"  changeset="141994399" uid="20068374" user="MarcinMound">

</node>
<node id="1894686081" lat="50.2937034" lon="18.9502426" version="3" timestamp="2023-10-01T15:45:12Z"  changeset="141994399" uid="20068374" user="MarcinMound">

</node>
<node id="1894686183" lat="50.2937518" lon="18.9505193" version="3" timestamp="2023-10-01T15:45:12Z"  changeset="141994399" uid="20068374" user="MarcinMound">

</node>
<node id="1894686184" lat="50.2937426" lon="18.9503025" version="3" timestamp="2023-10-01T15:45:12Z"  changeset="141994399" uid="20068374" user="MarcinMound">

</node>
<node id="1894686209" lat="50.2937497" lon="18.9502819" version="3" timestamp="2023-10-01T15:45:12Z"  changeset="141994399" uid="20068374" user="MarcinMound">

</node>
<node id="1894686327" lat="50.2938096" lon="18.9503587" version="3" timestamp="2023-10-01T15:45:12Z"  changeset="141994399" uid="20068374" user="MarcinMound">

</node>
<node id="11178914409" lat="50.2937254" lon="18.950261" version="2" timestamp="2023-10-01T15:45:12Z"  changeset="141994399" uid="20068374" user="MarcinMound">
	<tag k="entrance" v="yes"/>
</node>
<node id="4031826801" lat="50.061742" lon="19.9375879" version="11" timestamp="2025-09-05T11:42:17Z" action="modify" changeset="171494077" uid="21130589" user="Икчпук">
	<tag k="addr:city" v="Kraków"/>
	<tag k="addr:housenumber" v="3"/>
	<tag k="addr:postcode" v="31-042"/>
	<tag k="addr:street" v="Rynek Główny"/>
	<tag k="fee" v="yes"/>
	<tag k="fee:conditional" v="no @ Sunday for unchanging expositions"/>
	<tag k="name" v="Muzeum Archeologiczne w Krakowie"/>
	<tag k="name:en" v="National Museum The Nineteenth Century Polish Art Gallery at the Sukiennice"/>
	<tag k="name:hu" v="XIX. századi lengyel művészeti galéria"/>
	<tag k="name:ja" v="織物会館"/>
	<tag k="name:pl" v="Galeria Sztuki Polskiej XIX wieku"/>
	<tag k="opening_hours" v="Su 10:00-16:00; Th 10:00-20:00; Tu, We, Fr, Sa 10:00-18:00"/>
	<tag k="operator" v="Województwo Małopolskie"/>
	<tag k="phone" v="+48 12 433 54 00"/>
	<tag k="tourism" v="museum"/>
	<tag k="website" v="https://mnk.pl/oddzial/galeria-sztuki-polskiej/o-oddziale"/>
	<tag k="wheelchair" v="yes"/>
	<tag k="wikidata" v="Q7635861"/>
	<tag k="wikipedia" v="pl:Galeria Sztuki Polskiej XIX wieku w Sukiennicach"/>
	<tag k="operator:type" v="government"/>
	<tag k="source:tourism" v="Wykaz Muzeów, wypis na dzień 2026-04-09"/>
</node>
<node id="8151085121" lat="51.8906671" lon="15.398046" version="4" timestamp="2021-11-16T20:04:51Z" action="modify" changeset="113867424" uid="12603835" user="Sigridstorrada">
	<tag k="addr:city" v="Świdnica"/>
	<tag k="addr:city:simc" v="0914881"/>
	<tag k="addr:housenumber" v="27"/>
	<tag k="addr:postcode" v="66-008"/>
	<tag k="addr:street" v="Długa"/>
	<tag k="addr:street:sym_ul" v="03839"/>
	<tag k="contact:facebook" v="https://pl-pl.facebook.com/pages/category/Civilization-Museum/Muzeum-Archeologiczne-%C5%9Arodkowego-Nadodrza-150599061699023/"/>
	<tag k="description" v="https://fotopolska.eu/43343,obiekt.html?map_z=18 https://dolny-slask.org.pl/517738,Swidnica,Muzeum_Archeologiczne_Srodkowego_Nadodrza_d_palac_I.html"/>
	<tag k="fax" v="+48 68 327 31 13"/>
	<tag k="image" v="https://photos.app.goo.gl/SSRbZ83a3QqNmPwv6"/>
	<tag k="museum" v="archaeological"/>
	<tag k="name" v="Muzeum Archeologiczne Środkowego Nadodrza w Zielonej Górze z siedzibą w Świdnicy"/>
	<tag k="operator" v="Miasto Zielona Góra"/>
	<tag k="operator:type" v="government"/>
	<tag k="phone" v="+48 68 321 54 78"/>
	<tag k="source:addr" v="swidnica.e-mapa.net"/>
	<tag k="tourism" v="museum"/>
	<tag k="url" v="https://www.youtube.com/channel/UCMP8cgONBjDptOOxeOClYWQ"/>
	<tag k="website" v="http://www.muzeum-swidnica.org/"/>
	<tag k="wikidata" v="Q11786907"/>
	<tag k="wikipedia" v="pl:Muzeum Archeologiczne Środkowego Nadodrza w Świdnicy"/>
	<tag k="source:tourism" v="Wykaz Muzeów, wypis na dzień 2026-04-09"/>
</node>
<way id="261771182" version="6" timestamp="2025-11-25T06:12:08Z" action="modify" changeset="175094891" uid="5813965" user="Maplev">
	<tag k="addr:city" v="Elbląg"/>
	<tag k="addr:country" v="PL"/>
	<tag k="addr:housenumber" v="11"/>
	<tag k="addr:postcode" v="82-300"/>
	<tag k="addr:street" v="Bulwar Zygmunta Augusta"/>
	<tag k="building" v="yes"/>
	<tag k="check_date" v="2025-11-22"/>
	<tag k="contact:facebook" v="https://www.facebook.com/muzeumwelblagu/"/>
	<tag k="contact:instagram" v="https://www.instagram.com/muzeumelblag/"/>
	<tag k="contact:youtube" v="https://www.youtube.com/c/muzeumelbl%C4%85g"/>
	<tag k="email" v="muzeumel@elblag.com.pl"/>
	<tag k="museum" v="history;archaeological"/>
	<tag k="name" v="Muzeum Archeologiczno-Historyczne w Elblągu"/>
	<tag k="official_name" v="Muzeum Archeologiczno-Historyczne w Elblągu"/>
	<tag k="operator" v="Gmina Miasto Elbląg"/>
	<tag k="operator:type" v="government"/>
	<tag k="payment:cards" v="yes"/>
	<tag k="payment:cash" v="yes"/>
	<tag k="phone" v="+48 55 232 72 73"/>
	<tag k="short_name" v="Muzeum w Elblągu"/>
	<tag k="toilets" v="customers"/>
	<tag k="tourism" v="museum"/>
	<tag k="website" v="https://muzeum.elblag.pl/"/>
	<tag k="wikidata" v="Q15284137"/>
	<tag k="wikipedia" v="pl:Muzeum Archeologiczno-Historyczne w Elblągu"/>
	<tag k="source:tourism" v="Wykaz Muzeów, wypis na dzień 2026-04-09"/>
	<nd ref="1559586380"/>
	<nd ref="2673846314"/>
	<nd ref="2673846313"/>
	<nd ref="2673846318"/>
	<nd ref="2673846312"/>
	<nd ref="2673846335"/>
	<nd ref="9576048458"/>
	<nd ref="2673846338"/>
	<nd ref="2673846339"/>
	<nd ref="2673846337"/>
	<nd ref="2673846336"/>
	<nd ref="2673846333"/>
	<nd ref="2673846334"/>
	<nd ref="2673846332"/>
	<nd ref="2673846331"/>
	<nd ref="2673846327"/>
	<nd ref="2673846328"/>
	<nd ref="2673846326"/>
	<nd ref="2673846325"/>
	<nd ref="2673846322"/>
	<nd ref="2673846323"/>
	<nd ref="2673846320"/>
	<nd ref="2673846319"/>
	<nd ref="2673846321"/>
	<nd ref="1559586380"/>
</way>
<node id="1559586380" lat="54.1563707" lon="19.3935187" version="6" timestamp="2025-11-25T06:12:08Z"  changeset="175094891" uid="5813965" user="Maplev">

</node>
<node id="2673846312" lat="54.1563626" lon="19.3934305" version="2" timestamp="2022-03-13T18:54:38Z"  changeset="118442133" uid="10396575" user="Mariusz256">

</node>
<node id="2673846313" lat="54.1563629" lon="19.3934977" version="1" timestamp="2014-02-15T23:22:26Z"  changeset="20586872" uid="681295" user="przemas75">

</node>
<node id="2673846314" lat="54.1563658" lon="19.3935208" version="1" timestamp="2014-02-15T23:22:26Z"  changeset="20586872" uid="681295" user="przemas75">

</node>
<node id="2673846318" lat="54.1563717" lon="19.3934938" version="1" timestamp="2014-02-15T23:22:26Z"  changeset="20586872" uid="681295" user="przemas75">

</node>
<node id="2673846319" lat="54.1563775" lon="19.3936097" version="1" timestamp="2014-02-15T23:22:26Z"  changeset="20586872" uid="681295" user="przemas75">

</node>
<node id="2673846320" lat="54.1563821" lon="19.393638" version="1" timestamp="2014-02-15T23:22:26Z"  changeset="20586872" uid="681295" user="przemas75">

</node>
<node id="2673846321" lat="54.156386" lon="19.3936043" version="1" timestamp="2014-02-15T23:22:26Z"  changeset="20586872" uid="681295" user="przemas75">

</node>
<node id="2673846322" lat="54.1563986" lon="19.3936201" version="1" timestamp="2014-02-15T23:22:26Z"  changeset="20586872" uid="681295" user="przemas75">

</node>
<node id="2673846323" lat="54.1563996" lon="19.3936346" version="1" timestamp="2014-02-15T23:22:26Z"  changeset="20586872" uid="681295" user="przemas75">

</node>
<node id="2673846325" lat="54.1564528" lon="19.3936042" version="1" timestamp="2014-02-15T23:22:26Z"  changeset="20586872" uid="681295" user="przemas75">

</node>
<node id="2673846326" lat="54.1564543" lon="19.3936184" version="1" timestamp="2014-02-15T23:22:26Z"  changeset="20586872" uid="681295" user="przemas75">

</node>
<node id="2673846327" lat="54.1564654" lon="19.3936006" version="1" timestamp="2014-02-15T23:22:26Z"  changeset="20586872" uid="681295" user="przemas75">

</node>
<node id="2673846328" lat="54.1564668" lon="19.3936148" version="1" timestamp="2014-02-15T23:22:26Z"  changeset="20586872" uid="681295" user="przemas75">

</node>
<node id="2673846331" lat="54.1565256" lon="19.393583" version="1" timestamp="2014-02-15T23:22:26Z"  changeset="20586872" uid="681295" user="przemas75">

</node>
<node id="2673846332" lat="54.1565271" lon="19.3935972" version="1" timestamp="2014-02-15T23:22:26Z"  changeset="20586872" uid="681295" user="przemas75">

</node>
<node id="2673846333" lat="54.1565378" lon="19.3935796" version="1" timestamp="2014-02-15T23:22:26Z"  changeset="20586872" uid="681295" user="przemas75">

</node>
<node id="2673846334" lat="54.1565392" lon="19.3935936" version="1" timestamp="2014-02-15T23:22:26Z"  changeset="20586872" uid="681295" user="przemas75">

</node>
<node id="2673846335" lat="54.1565489" lon="19.3933819" version="2" timestamp="2022-03-13T18:54:38Z"  changeset="118442133" uid="10396575" user="Mariusz256">

</node>
<node id="2673846336" lat="54.1566627" lon="19.3935486" version="1" timestamp="2014-02-15T23:22:26Z"  changeset="20586872" uid="681295" user="przemas75">

</node>
<node id="2673846337" lat="54.1567281" lon="19.3935472" version="1" timestamp="2014-02-15T23:22:26Z"  changeset="20586872" uid="681295" user="przemas75">

</node>
<node id="2673846338" lat="54.156799" lon="19.3933231" version="1" timestamp="2014-02-15T23:22:26Z"  changeset="20586872" uid="681295" user="przemas75">

</node>
<node id="2673846339" lat="54.1568129" lon="19.3935279" version="1" timestamp="2014-02-15T23:22:26Z"  changeset="20586872" uid="681295" user="przemas75">

</node>
<node id="9576048458" lat="54.1566651" lon="19.3933541" version="1" timestamp="2022-03-13T18:54:38Z"  changeset="118442133" uid="10396575" user="Mariusz256">

</node>
<node id="1722297624" lat="51.6672398" lon="16.0905066" version="10" timestamp="2024-12-24T07:18:19Z" action="modify" changeset="160564503" uid="20338435" user="Catchfly">
	<tag k="addr:city" v="Głogów"/>
	<tag k="addr:housenumber" v="1"/>
	<tag k="addr:postcode" v="67-200"/>
	<tag k="addr:street" v="Brama Brzostowska"/>
	<tag k="check_date:opening_hours" v="2024-12-24"/>
	<tag k="contact:email" v="muzeum@muzeum.glogow.pl"/>
	<tag k="contact:phone" v="+48 76 8333038"/>
	<tag k="contact:website" v="http://www.muzeum.glogow.pl/"/>
	<tag k="fee" v="yes"/>
	<tag k="image" v="https://photos.app.goo.gl/ziXrKa4jBU3E4zPz7"/>
	<tag k="museum" v="archaeological"/>
	<tag k="name" v="Muzeum Archeologiczno-Historyczne w Głogowie"/>
	<tag k="opening_hours" v="We-Su 10:00-17:00"/>
	<tag k="operator" v="Gmina Miejska Głogów"/>
	<tag k="operator:type" v="government"/>
	<tag k="tourism" v="museum"/>
	<tag k="url" v="https://polska-org.pl/546199,Glogow,Zamek_Ksiazat_Glogowskich_Muzeum.html?photoOffset=200"/>
	<tag k="wikidata" v="Q9386534"/>
	<tag k="wikipedia" v="pl:Zamek Książąt Głogowskich"/>
	<tag k="source:tourism" v="Wykaz Muzeów, wypis na dzień 2026-04-09"/>
</node>
<node id="10573734931" lat="50.0601301" lon="19.939917" version="3" timestamp="2024-06-29T20:12:29Z" action="modify" changeset="153346502" uid="9451067" user="b-jazz-bot">
	<tag k="addr:city" v="Kraków"/>
	<tag k="addr:country" v="PL"/>
	<tag k="addr:housenumber" v="12"/>
	<tag k="addr:postcode" v="31-043"/>
	<tag k="addr:street" v="Stolarska"/>
	<tag k="email" v="kontakt@muzeumdominikanow.pl"/>
	<tag k="fee" v="no"/>
	<tag k="mobile" v="+48 694 480 689"/>
	<tag k="museum" v="art"/>
	<tag k="name" v="Muzeum Armii Krajowej im. gen. Emila Fieldorfa Nila w Krakowie"/>
	<tag k="opening_hours" v="Th 10:00-16:00; Fr 10:00-18:00; Sa 10:00-16:00"/>
	<tag k="operator" v="Gmina Miejska Kraków i Województwo Małopolskie"/>
	<tag k="operator:type" v="government"/>
	<tag k="reservation" v="required"/>
	<tag k="start_date" v="2022"/>
	<tag k="subject" v="arts;history"/>
	<tag k="tourism" v="museum"/>
	<tag k="website" v="https://muzeumdominikanow.pl/"/>
	<tag k="wheelchair" v="no"/>
	<tag k="source:tourism" v="Wykaz Muzeów, wypis na dzień 2026-04-09"/>
</node>
<way id="494004264" version="2" timestamp="2021-11-18T05:45:30Z" action="modify" changeset="113927537" uid="12603835" user="Sigridstorrada">
	<tag k="addr:city" v="Jabłoń"/>
	<tag k="addr:city:simc" v="0012799"/>
	<tag k="addr:housenumber" v="9A"/>
	<tag k="addr:postcode" v="21-205"/>
	<tag k="addr:street" v="Augusta Zamoyskiego"/>
	<tag k="addr:street:sym_ul" v="39762"/>
	<tag k="building" v="yes"/>
	<tag k="museum" v="history"/>
	<tag k="name" v="Muzeum Augusta Zamoyskiego w Jabłoniu"/>
	<tag k="operator" v="Gmina Jabłoń"/>
	<tag k="operator:type" v="government"/>
	<tag k="source:addr" v="jablon.e-mapa.net"/>
	<tag k="tourism" v="museum"/>
	<tag k="source:tourism" v="Wykaz Muzeów, wypis na dzień 2026-04-09"/>
	<nd ref="4858404250"/>
	<nd ref="4858404249"/>
	<nd ref="4858404248"/>
	<nd ref="4858404247"/>
	<nd ref="4858404250"/>
</way>
<node id="4858404247" lat="51.7235174" lon="23.0922612" version="2" timestamp="2020-10-03T09:09:42Z"  changeset="91895064" uid="418930" user="OpenStreetMap-WP">

</node>
<node id="4858404248" lat="51.7234373" lon="23.0922069" version="2" timestamp="2020-10-03T09:09:42Z"  changeset="91895064" uid="418930" user="OpenStreetMap-WP">

</node>
<node id="4858404249" lat="51.7234921" lon="23.0919959" version="2" timestamp="2020-10-03T09:09:42Z"  changeset="91895064" uid="418930" user="OpenStreetMap-WP">

</node>
<node id="4858404250" lat="51.7235722" lon="23.0920502" version="2" timestamp="2020-10-03T09:09:42Z"  changeset="91895064" uid="418930" user="OpenStreetMap-WP">

</node>
<way id="972583670" version="3" timestamp="2025-11-13T11:57:57Z" action="modify" changeset="174601643" uid="1682993" user="szedar">
	<tag k="addr:city" v="Warszawa"/>
	<tag k="addr:housenumber" v="24"/>
	<tag k="addr:postcode" v="00-665"/>
	<tag k="addr:street" v="Nowowiejska"/>
	<tag k="building" v="university"/>
	<tag k="building:levels" v="2"/>
	<tag k="email" v="muzeumpw@meil.pw.edu.pl;mpw@muzeumpw.com.pl"/>
	<tag k="fee" v="no"/>
	<tag k="name" v="Muzeum Azji i Pacyfiku w Warszawie"/>
	<tag k="opening_hours" v="Mo-Fr 08:30-15:30"/>
	<tag k="operator" v="Województwo Mazowieckie"/>
	<tag k="phone" v="+48 22 234 74 93"/>
	<tag k="roof:levels" v="1"/>
	<tag k="roof:shape" v="flat"/>
	<tag k="source:addr" v="mapa.um.warszawa.pl"/>
	<tag k="tourism" v="museum"/>
	<tag k="website" v="https://www.muzeum.pw.edu.pl/"/>
	<tag k="wikidata" v="Q11787141"/>
	<tag k="wikipedia" v="pl:Muzeum Politechniki Warszawskiej"/>
	<tag k="operator:type" v="government"/>
	<tag k="source:tourism" v="Wykaz Muzeów, wypis na dzień 2026-04-09"/>
	<nd ref="2943224220"/>
	<nd ref="9001508508"/>
	<nd ref="9001508509"/>
	<nd ref="255112295"/>
	<nd ref="9001508507"/>
	<nd ref="9001508502"/>
	<nd ref="9001508503"/>
	<nd ref="9001508505"/>
	<nd ref="9001508504"/>
	<nd ref="9001508506"/>
	<nd ref="255112296"/>
	<nd ref="255112297"/>
	<nd ref="2943224220"/>
</way>
<node id="255112295" lat="52.2203729" lon="21.0061422" version="3" timestamp="2021-08-12T12:55:26Z"  changeset="109573772" uid="1941027" user="matebart">

</node>
<node id="255112296" lat="52.2203785" lon="21.0059314" version="3" timestamp="2021-08-12T12:55:26Z"  changeset="109573772" uid="1941027" user="matebart">

</node>
<node id="255112297" lat="52.2204938" lon="21.0059386" version="3" timestamp="2021-08-12T12:55:26Z"  changeset="109573772" uid="1941027" user="matebart">

</node>
<node id="2943224220" lat="52.2204889" lon="21.0061476" version="2" timestamp="2021-08-12T12:55:26Z"  changeset="109573772" uid="1941027" user="matebart">

</node>
<node id="9001508502" lat="52.220362" lon="21.0060735" version="1" timestamp="2021-08-12T12:55:26Z"  changeset="109573772" uid="1941027" user="matebart">

</node>
<node id="9001508503" lat="52.2203537" lon="21.0060606" version="1" timestamp="2021-08-12T12:55:26Z"  changeset="109573772" uid="1941027" user="matebart">

</node>
<node id="9001508504" lat="52.2203633" lon="21.0059967" version="1" timestamp="2021-08-12T12:55:26Z"  changeset="109573772" uid="1941027" user="matebart">

</node>
<node id="9001508505" lat="52.2203549" lon="21.0060088" version="1" timestamp="2021-08-12T12:55:26Z"  changeset="109573772" uid="1941027" user="matebart">

</node>
<node id="9001508506" lat="52.220377" lon="21.0059975" version="1" timestamp="2021-08-12T12:55:26Z"  changeset="109573772" uid="1941027" user="matebart">

</node>
<node id="9001508507" lat="52.2203745" lon="21.0060743" version="1" timestamp="2021-08-12T12:55:26Z"  changeset="109573772" uid="1941027" user="matebart">

</node>
<node id="9001508508" lat="52.2204768" lon="21.0061468" version="1" timestamp="2021-08-12T12:55:26Z"  changeset="109573772" uid="1941027" user="matebart">

</node>
<node id="9001508509" lat="52.2204767" lon="21.0061486" version="1" timestamp="2021-08-12T12:55:26Z"  changeset="109573772" uid="1941027" user="matebart">

</node>
<way id="283396853" version="5" timestamp="2021-11-21T16:57:31Z" action="modify" changeset="114065367" uid="12603835" user="Sigridstorrada">
	<tag k="addr:city" v="Gorlice"/>
	<tag k="addr:housenumber" v="10A"/>
	<tag k="addr:postcode" v="38-300"/>
	<tag k="addr:street" v="Wróblewskiego"/>
	<tag k="alt_name" v="Muzeum Dwór Karwacjanów i Gładyszów"/>
	<tag k="building" v="yes"/>
	<tag k="historic" v="heritage"/>
	<tag k="museum" v="art"/>
	<tag k="name" v="Muzeum - Dwory Karwacjanów i Gładyszów w Gorlicach"/>
	<tag k="opening_hours" v="Mo-Su 08:00-18:00"/>
	<tag k="operator" v="Województwo Małopolskie"/>
	<tag k="operator:type" v="government"/>
	<tag k="phone" v="+48 18 353 56 18"/>
	<tag k="source:addr" v="EMUiA (emuia.gugik.gov.pl)"/>
	<tag k="source:geometry" v="geoportal.gov.pl- GPS/RTK"/>
	<tag k="tourism" v="museum"/>
	<tag k="source:tourism" v="Wykaz Muzeów, wypis na dzień 2026-04-09"/>
	<nd ref="2872617510"/>
	<nd ref="2872617393"/>
	<nd ref="2872617392"/>
	<nd ref="2872617391"/>
	<nd ref="2872617390"/>
	<nd ref="2872617327"/>
	<nd ref="2872617284"/>
	<nd ref="3376873413"/>
	<nd ref="2872617369"/>
	<nd ref="2872617368"/>
	<nd ref="2872617394"/>
	<nd ref="2872617510"/>
</way>
<node id="2872617284" lat="49.6585398" lon="21.1592381" version="1" timestamp="2014-05-21T11:52:43Z"  changeset="22463648" uid="558320" user="mrIimbsf">

</node>
<node id="2872617327" lat="49.6585696" lon="21.1589461" version="1" timestamp="2014-05-21T11:52:43Z"  changeset="22463648" uid="558320" user="mrIimbsf">

</node>
<node id="2872617368" lat="49.6586462" lon="21.1592385" version="1" timestamp="2014-05-21T11:52:44Z"  changeset="22463648" uid="558320" user="mrIimbsf">

</node>
<node id="2872617369" lat="49.6586437" lon="21.1592633" version="1" timestamp="2014-05-21T11:52:44Z"  changeset="22463648" uid="558320" user="mrIimbsf">

</node>
<node id="2872617390" lat="49.6586541" lon="21.1589668" version="1" timestamp="2014-05-21T11:52:45Z"  changeset="22463648" uid="558320" user="mrIimbsf">

</node>
<node id="2872617391" lat="49.6586545" lon="21.1589646" version="1" timestamp="2014-05-21T11:52:45Z"  changeset="22463648" uid="558320" user="mrIimbsf">

</node>
<node id="2872617392" lat="49.658664" lon="21.158967" version="1" timestamp="2014-05-21T11:52:45Z"  changeset="22463648" uid="558320" user="mrIimbsf">

</node>
<node id="2872617393" lat="49.6586622" lon="21.1589846" version="1" timestamp="2014-05-21T11:52:45Z"  changeset="22463648" uid="558320" user="mrIimbsf">

</node>
<node id="2872617394" lat="49.6586796" lon="21.1592465" version="1" timestamp="2014-05-21T11:52:45Z"  changeset="22463648" uid="558320" user="mrIimbsf">

</node>
<node id="2872617510" lat="49.6587058" lon="21.1589951" version="1" timestamp="2014-05-21T11:52:45Z"  changeset="22463648" uid="558320" user="mrIimbsf">

</node>
<node id="3376873413" lat="49.6585568" lon="21.1592422" version="1" timestamp="2015-02-28T19:28:00Z"  changeset="29163668" uid="2298184" user="Tomek100">

</node>
<node id="2127459002" lat="50.3006128" lon="18.7860707" version="5" timestamp="2019-03-31T15:46:49Z" action="modify" changeset="68727980" uid="9451067" user="b-jazz-bot">
	<tag k="addr:city" v="Zabrze"/>
	<tag k="addr:housename" v="Pałac pod orłem"/>
	<tag k="addr:housenumber" v="19"/>
	<tag k="addr:postcode" v="41-800"/>
	<tag k="addr:street" v="3 Maja"/>
	<tag k="name" v="Muzeum Górnictwa Węglowego w Zabrzu"/>
	<tag k="tourism" v="museum"/>
	<tag k="website" v="https://muzeumgornictwa.pl/"/>
	<tag k="wikidata" v="Q11786985"/>
	<tag k="wikipedia" v="pl:Muzeum Górnictwa Węglowego w Zabrzu"/>
	<tag k="operator" v="Miasto Zabrze i Województwo Śląskie"/>
	<tag k="operator:type" v="government"/>
	<tag k="source:tourism" v="Wykaz Muzeów, wypis na dzień 2026-04-09"/>
</node>
<way id="30807865" version="12" timestamp="2023-11-18T21:05:01Z" action="modify" changeset="144189880" uid="11239973" user="uprkos">
	<tag k="addr:city" v="Kraków"/>
	<tag k="addr:housenumber" v="16"/>
	<tag k="addr:postcode" v="31-504"/>
	<tag k="addr:street" v="Lubicz"/>
	<tag k="building" v="museum"/>
	<tag k="building:levels" v="2"/>
	<tag k="description:hu" v="A várostörténeti múzeum kiállítóhelye"/>
	<tag k="museum" v="history"/>
	<tag k="name" v="Muzeum Historii Fotografii im. Walerego Rzewuskiego w Krakowie"/>
	<tag k="opening_hours" v="We-Su 10:00-17:00"/>
	<tag k="operator" v="Gmina Miejska Kraków"/>
	<tag k="operator:type" v="government"/>
	<tag k="reservation" v="required"/>
	<tag k="tourism" v="museum"/>
	<tag k="website" v="https://muzeumkrakowa.pl/oddzialy/celestat"/>
	<tag k="wikidata" v="Q9185653"/>
	<tag k="wikipedia" v="pl:Celestat"/>
	<tag k="source:tourism" v="Wykaz Muzeów, wypis na dzień 2026-04-09"/>
	<nd ref="3486988114"/>
	<nd ref="3486988098"/>
	<nd ref="3486987459"/>
	<nd ref="341393253"/>
	<nd ref="3486987509"/>
	<nd ref="6077795785"/>
	<nd ref="6077795788"/>
	<nd ref="3486987858"/>
	<nd ref="3486988097"/>
	<nd ref="3486987474"/>
	<nd ref="3486988112"/>
	<nd ref="3486988118"/>
	<nd ref="3486987475"/>
	<nd ref="3486987863"/>
	<nd ref="3486988123"/>
	<nd ref="3486988124"/>
	<nd ref="3486987718"/>
	<nd ref="3486988114"/>
</way>
<node id="341393253" lat="50.0652351" lon="19.9492281" version="6" timestamp="2019-07-24T13:19:33Z"  changeset="72602774" uid="693154" user="Władysław Komorek">

</node>
<node id="3486987459" lat="50.0653183" lon="19.9492225" version="2" timestamp="2019-07-24T13:19:33Z"  changeset="72602774" uid="693154" user="Władysław Komorek">

</node>
<node id="3486987474" lat="50.0655198" lon="19.9494535" version="1" timestamp="2015-04-29T16:35:32Z"  changeset="30627451" uid="693154" user="Władysław Komorek">

</node>
<node id="3486987475" lat="50.0655598" lon="19.9494787" version="1" timestamp="2015-04-29T16:35:33Z"  changeset="30627451" uid="693154" user="Władysław Komorek">

</node>
<node id="3486987509" lat="50.0652179" lon="19.9493732" version="1" timestamp="2015-04-29T16:35:27Z"  changeset="30627451" uid="693154" user="Władysław Komorek">

</node>
<node id="3486987718" lat="50.0656789" lon="19.9493486" version="2" timestamp="2019-07-24T13:19:33Z"  changeset="72602774" uid="693154" user="Władysław Komorek">

</node>
<node id="3486987858" lat="50.0654007" lon="19.9494243" version="1" timestamp="2015-04-29T16:35:29Z"  changeset="30627451" uid="693154" user="Władysław Komorek">

</node>
<node id="3486987863" lat="50.0656084" lon="19.9495017" version="1" timestamp="2015-04-29T16:35:34Z"  changeset="30627451" uid="693154" user="Władysław Komorek">

</node>
<node id="3486988097" lat="50.0654012" lon="19.9494206" version="1" timestamp="2015-04-29T16:35:29Z"  changeset="30627451" uid="693154" user="Władysław Komorek">

</node>
<node id="3486988098" lat="50.0654183" lon="19.9492467" version="1" timestamp="2015-04-29T16:35:29Z"  changeset="30627451" uid="693154" user="Władysław Komorek">

</node>
<node id="3486988112" lat="50.0655191" lon="19.9494575" version="1" timestamp="2015-04-29T16:35:32Z"  changeset="30627451" uid="693154" user="Władysław Komorek">

</node>
<node id="3486988114" lat="50.0655476" lon="19.9492882" version="2" timestamp="2019-07-24T13:19:33Z"  changeset="72602774" uid="693154" user="Władysław Komorek">

</node>
<node id="3486988118" lat="50.0655601" lon="19.9494765" version="1" timestamp="2015-04-29T16:35:33Z"  changeset="30627451" uid="693154" user="Władysław Komorek">

</node>
<node id="3486988123" lat="50.0656089" lon="19.9494997" version="1" timestamp="2015-04-29T16:35:34Z"  changeset="30627451" uid="693154" user="Władysław Komorek">

</node>
<node id="3486988124" lat="50.0656502" lon="19.9495184" version="1" timestamp="2015-04-29T16:35:34Z"  changeset="30627451" uid="693154" user="Władysław Komorek">

</node>
<node id="6077795785" lat="50.0652768" lon="19.9493899" version="1" timestamp="2018-11-21T00:27:20Z"  changeset="64718007" uid="6529331" user="edc22">

</node>
<node id="6077795788" lat="50.065323" lon="19.9494024" version="1" timestamp="2018-11-21T00:27:20Z"  changeset="64718007" uid="6529331" user="edc22">

</node>
<way id="202159016" version="6" timestamp="2025-08-08T16:08:19Z" action="modify" changeset="170164092" uid="22940503" user="Nokroso">
	<tag k="addr:city" v="Katowice"/>
	<tag k="addr:housenumber" v="9"/>
	<tag k="addr:postcode" v="40-025"/>
	<tag k="addr:street" v="Księdza Józefa Szafranka"/>
	<tag k="building" v="apartments"/>
	<tag k="email" v="mhk@mhk.katowice.pl"/>
	<tag k="museum" v="history"/>
	<tag k="museum_type" v="municipal"/>
	<tag k="name" v="Muzeum Historii Katowic w Katowicach"/>
	<tag k="name:de" v="Museum für Geschichte der Stadt Kattowitz"/>
	<tag k="name:en" v="Museum of Katowice History"/>
	<tag k="name:hu" v="Katowicei Történeti Múzeum"/>
	<tag k="name:uk" v="Музей історії Катовіце"/>
	<tag k="opening_hours" v="Mo off; Tu-Fr 10:00-18:00; Sa 10:00-16:00; Su 11:00-15:00"/>
	<tag k="phone" v="+48322561810"/>
	<tag k="source" v="UM Katowice"/>
	<tag k="tourism" v="museum"/>
	<tag k="website" v="https://www.mhk.katowice.pl/"/>
	<tag k="wikidata" v="Q11786994"/>
	<tag k="wikipedia" v="pl:Muzeum Historii Katowic"/>
	<tag k="operator" v="Miasto Katowice"/>
	<tag k="operator:type" v="government"/>
	<tag k="source:tourism" v="Wykaz Muzeów, wypis na dzień 2026-04-09"/>
	<nd ref="2121344131"/>
	<nd ref="2121344126"/>
	<nd ref="2121344062"/>
	<nd ref="2121344063"/>
	<nd ref="2121344024"/>
	<nd ref="2121344023"/>
	<nd ref="2121344029"/>
	<nd ref="2121344025"/>
	<nd ref="2121344031"/>
	<nd ref="2121344026"/>
	<nd ref="2121343907"/>
	<nd ref="9969567158"/>
	<nd ref="2121343931"/>
	<nd ref="2121344144"/>
	<nd ref="2121344139"/>
	<nd ref="2121344131"/>
</way>
<node id="2121343907" lat="50.2551576" lon="19.0288179" version="1" timestamp="2013-01-20T17:14:37Z"  changeset="14723196" uid="1199534" user="umkatowice-import">

</node>
<node id="2121343931" lat="50.2551881" lon="19.0284186" version="1" timestamp="2013-01-20T17:14:37Z"  changeset="14723196" uid="1199534" user="umkatowice-import">

</node>
<node id="2121344023" lat="50.2552929" lon="19.0286745" version="1" timestamp="2013-01-20T17:14:40Z"  changeset="14723196" uid="1199534" user="umkatowice-import">

</node>
<node id="2121344024" lat="50.2552942" lon="19.028656" version="1" timestamp="2013-01-20T17:14:40Z"  changeset="14723196" uid="1199534" user="umkatowice-import">

</node>
<node id="2121344025" lat="50.2552957" lon="19.0287367" version="1" timestamp="2013-01-20T17:14:40Z"  changeset="14723196" uid="1199534" user="umkatowice-import">

</node>
<node id="2121344026" lat="50.255296" lon="19.0288466" version="1" timestamp="2013-01-20T17:14:40Z"  changeset="14723196" uid="1199534" user="umkatowice-import">

</node>
<node id="2121344029" lat="50.2552999" lon="19.0286757" version="1" timestamp="2013-01-20T17:14:41Z"  changeset="14723196" uid="1199534" user="umkatowice-import">

</node>
<node id="2121344031" lat="50.2553035" lon="19.028738" version="1" timestamp="2013-01-20T17:14:41Z"  changeset="14723196" uid="1199534" user="umkatowice-import">

</node>
<node id="2121344062" lat="50.2553556" lon="19.0286763" version="1" timestamp="2013-01-20T17:14:41Z"  changeset="14723196" uid="1199534" user="umkatowice-import">

</node>
<node id="2121344063" lat="50.2553563" lon="19.0286665" version="1" timestamp="2013-01-20T17:14:41Z"  changeset="14723196" uid="1199534" user="umkatowice-import">

</node>
<node id="2121344126" lat="50.2554396" lon="19.0286905" version="1" timestamp="2013-01-20T17:14:43Z"  changeset="14723196" uid="1199534" user="umkatowice-import">

</node>
<node id="2121344131" lat="50.255445" lon="19.0286311" version="1" timestamp="2013-01-20T17:14:43Z"  changeset="14723196" uid="1199534" user="umkatowice-import">

</node>
<node id="2121344139" lat="50.2554582" lon="19.0284861" version="1" timestamp="2013-01-20T17:14:43Z"  changeset="14723196" uid="1199534" user="umkatowice-import">

</node>
<node id="2121344144" lat="50.2554602" lon="19.0284642" version="1" timestamp="2013-01-20T17:14:43Z"  changeset="14723196" uid="1199534" user="umkatowice-import">

</node>
<node id="9969567158" lat="50.2551877" lon="19.0284242" version="1" timestamp="2022-08-22T09:56:27Z"  changeset="125218438" uid="12129601" user="Czev92">

</node>
<node id="8825451130" lat="52.1775191" lon="21.0339805" version="5" timestamp="2026-01-03T18:00:56Z" action="modify" changeset="176792421" uid="6668641" user="syntex">
	<tag k="addr:city" v="Warszawa"/>
	<tag k="addr:housenumber" v="204"/>
	<tag k="addr:postcode" v="02-765"/>
	<tag k="addr:street" v="Aleja Wilanowska"/>
	<tag k="check_date" v="2026-01-02"/>
	<tag k="fee" v="yes"/>
	<tag k="name" v="Muzeum Historii Polskiego Ruchu Ludowego w Warszawie"/>
	<tag k="opening_hours" v="Mo-Fr 08:30-15:30"/>
	<tag k="operator" v="Samorząd Województwa Mazowieckiego"/>
	<tag k="phone" v="+48 22 8433876"/>
	<tag k="source:addr" v="gugik.gov.pl"/>
	<tag k="tourism" v="museum"/>
	<tag k="website" v="https://mhprl.pl/"/>
	<tag k="wikidata" v="Q1590554"/>
	<tag k="wikipedia" v="pl:Muzeum Historii Polskiego Ruchu Ludowego"/>
	<tag k="operator:type" v="government"/>
	<tag k="source:tourism" v="Wykaz Muzeów, wypis na dzień 2026-04-09"/>
</node>
<way id="229823387" version="7" timestamp="2023-11-07T01:15:27Z" action="modify" changeset="143715333" uid="9451067" user="b-jazz-bot">
	<tag k="addr:city" v="Opatówek"/>
	<tag k="addr:city:simc" v="0205386"/>
	<tag k="addr:housenumber" v="1"/>
	<tag k="addr:postcode" v="62-860"/>
	<tag k="addr:street" v="Kościelna"/>
	<tag k="addr:street:sym_ul" v="09546"/>
	<tag k="building" v="yes"/>
	<tag k="heritage" v="2"/>
	<tag k="heritage:operator" v="nid"/>
	<tag k="name" v="Muzeum Historii Przemysłu w Opatówku"/>
	<tag k="ref:nid" v="96/35/A"/>
	<tag k="source:addr" v="emuia.gugik.gov.pl"/>
	<tag k="tourism" v="museum"/>
	<tag k="website" v="https://www.muzeum.opatowek.pl/"/>
	<tag k="wikidata" v="Q11787001"/>
	<tag k="wikipedia" v="pl:Muzeum Historii Przemysłu w Opatówku"/>
	<tag k="operator" v="Powiat Kaliski"/>
	<tag k="operator:type" v="government"/>
	<tag k="source:tourism" v="Wykaz Muzeów, wypis na dzień 2026-04-09"/>
	<nd ref="5194258065"/>
	<nd ref="5194258064"/>
	<nd ref="5194258067"/>
	<nd ref="5194258063"/>
	<nd ref="5194258062"/>
	<nd ref="5194258044"/>
	<nd ref="5194258061"/>
	<nd ref="5194258060"/>
	<nd ref="5194258039"/>
	<nd ref="5194258059"/>
	<nd ref="5194258058"/>
	<nd ref="5194258057"/>
	<nd ref="5194258056"/>
	<nd ref="5194258055"/>
	<nd ref="5194258054"/>
	<nd ref="5194258053"/>
	<nd ref="5194258065"/>
</way>
<node id="5194258039" lat="51.7382362" lon="18.2144746" version="1" timestamp="2017-10-27T14:40:19Z"  changeset="53291979" uid="2445224" user="rowers2">

</node>
<node id="5194258044" lat="51.7383636" lon="18.2143944" version="1" timestamp="2017-10-27T14:40:19Z"  changeset="53291979" uid="2445224" user="rowers2">

</node>
<node id="5194258053" lat="51.7386643" lon="18.214391" version="1" timestamp="2017-10-27T14:40:19Z"  changeset="53291979" uid="2445224" user="rowers2">

</node>
<node id="5194258054" lat="51.7385333" lon="18.2144902" version="1" timestamp="2017-10-27T14:40:19Z"  changeset="53291979" uid="2445224" user="rowers2">

</node>
<node id="5194258055" lat="51.7385344" lon="18.2144942" version="1" timestamp="2017-10-27T14:40:19Z"  changeset="53291979" uid="2445224" user="rowers2">

</node>
<node id="5194258056" lat="51.738449" lon="18.2145589" version="1" timestamp="2017-10-27T14:40:19Z"  changeset="53291979" uid="2445224" user="rowers2">

</node>
<node id="5194258057" lat="51.7384478" lon="18.2145549" version="1" timestamp="2017-10-27T14:40:19Z"  changeset="53291979" uid="2445224" user="rowers2">

</node>
<node id="5194258058" lat="51.7382823" lon="18.2146804" version="1" timestamp="2017-10-27T14:40:19Z"  changeset="53291979" uid="2445224" user="rowers2">

</node>
<node id="5194258059" lat="51.7382231" lon="18.2144844" version="1" timestamp="2017-10-27T14:40:19Z"  changeset="53291979" uid="2445224" user="rowers2">

</node>
<node id="5194258060" lat="51.7382584" lon="18.2144586" version="1" timestamp="2017-10-27T14:40:19Z"  changeset="53291979" uid="2445224" user="rowers2">

</node>
<node id="5194258061" lat="51.7382623" lon="18.2144718" version="1" timestamp="2017-10-27T14:40:19Z"  changeset="53291979" uid="2445224" user="rowers2">

</node>
<node id="5194258062" lat="51.7384975" lon="18.2142923" version="1" timestamp="2017-10-27T14:40:19Z"  changeset="53291979" uid="2445224" user="rowers2">

</node>
<node id="5194258063" lat="51.7383867" lon="18.2139166" version="1" timestamp="2017-10-27T14:40:19Z"  changeset="53291979" uid="2445224" user="rowers2">

</node>
<node id="5194258064" lat="51.7384997" lon="18.2138331" version="1" timestamp="2017-10-27T14:40:19Z"  changeset="53291979" uid="2445224" user="rowers2">

</node>
<node id="5194258065" lat="51.7385561" lon="18.2140208" version="1" timestamp="2017-10-27T14:40:19Z"  changeset="53291979" uid="2445224" user="rowers2">

</node>
<node id="5194258067" lat="51.7383962" lon="18.2139092" version="1" timestamp="2017-10-27T14:40:19Z"  changeset="53291979" uid="2445224" user="rowers2">

</node>
<way id="661339521" version="6" timestamp="2026-02-25T21:12:42Z" action="modify" changeset="179058215" uid="2044927" user="Mariusz Staniszewski">
	<tag k="addr:city" v="Bielsko-Biała"/>
	<tag k="addr:housename" v="Muzeum w Bielsku-Białej"/>
	<tag k="addr:housenumber" v="16"/>
	<tag k="addr:postcode" v="43-300"/>
	<tag k="addr:street" v="Wzgórze"/>
	<tag k="email" v="info@muzeum.bielsko.pl"/>
	<tag k="fax" v="+48 33 811 10 35"/>
	<tag k="fee" v="yes"/>
	<tag k="heritage" v="2"/>
	<tag k="heritage:operator" v="nid"/>
	<tag k="historic" v="castle"/>
	<tag k="image" v="https://commons.wikimedia.org/wiki/File:Su%C5%82kowski_Castle,_Bielsko-Bia%C5%82a_3.jpg"/>
	<tag k="name" v="Muzeum Historyczne w Bielsku-Białej"/>
	<tag k="phone" v="+48 33 822 06 56"/>
	<tag k="ref:ckkp" v="SL00034"/>
	<tag k="ref:nid" v="A/133/76"/>
	<tag k="tourism" v="museum"/>
	<tag k="website" v="http://www.muzeum.bielsko.pl/"/>
	<tag k="wikidata" v="Q1667897"/>
	<tag k="wikipedia" v="pl:Muzeum Historyczne w Bielsku-Białej – Zamek książąt Sułkowskich"/>
	<tag k="operator" v="Województwo Śląskie"/>
	<tag k="operator:type" v="government"/>
	<tag k="source:tourism" v="Wykaz Muzeów, wypis na dzień 2026-04-09"/>
	<nd ref="1072680756"/>
	<nd ref="1072680781"/>
	<nd ref="1072680777"/>
	<nd ref="1072680801"/>
	<nd ref="1072680698"/>
	<nd ref="1072680728"/>
	<nd ref="1072680743"/>
	<nd ref="1072680776"/>
	<nd ref="1072680799"/>
	<nd ref="1072680697"/>
	<nd ref="4387031582"/>
	<nd ref="1072680725"/>
	<nd ref="4387031581"/>
	<nd ref="1072680741"/>
	<nd ref="4387031574"/>
	<nd ref="4387031580"/>
	<nd ref="4387031579"/>
	<nd ref="4387031573"/>
	<nd ref="4387031571"/>
	<nd ref="4387031578"/>
	<nd ref="4387031577"/>
	<nd ref="4387031570"/>
	<nd ref="4387031569"/>
	<nd ref="4387031576"/>
	<nd ref="4387031575"/>
	<nd ref="4387031568"/>
	<nd ref="4387031566"/>
	<nd ref="4387031572"/>
	<nd ref="4387031567"/>
	<nd ref="4387031563"/>
	<nd ref="1072680766"/>
	<nd ref="4387031565"/>
	<nd ref="4387031564"/>
	<nd ref="1072680693"/>
	<nd ref="1072680730"/>
	<nd ref="1072680747"/>
	<nd ref="1072680795"/>
	<nd ref="1072680690"/>
	<nd ref="1072680715"/>
	<nd ref="1072680734"/>
	<nd ref="4387031554"/>
	<nd ref="1072680785"/>
	<nd ref="1072680684"/>
	<nd ref="1072680712"/>
	<nd ref="1072680733"/>
	<nd ref="1072680758"/>
	<nd ref="1072680783"/>
	<nd ref="4387031538"/>
	<nd ref="1072680683"/>
	<nd ref="1165481921"/>
	<nd ref="4387031515"/>
	<nd ref="4387031516"/>
	<nd ref="1232949184"/>
	<nd ref="4387031518"/>
	<nd ref="4387031517"/>
	<nd ref="1165482219"/>
	<nd ref="4387031521"/>
	<nd ref="4387031520"/>
	<nd ref="4387031526"/>
	<nd ref="4387031527"/>
	<nd ref="4387031529"/>
	<nd ref="4387031528"/>
	<nd ref="4387031530"/>
	<nd ref="4387031531"/>
	<nd ref="4387031533"/>
	<nd ref="4387031532"/>
	<nd ref="1165481807"/>
	<nd ref="4387031535"/>
	<nd ref="4387031534"/>
	<nd ref="4387031536"/>
	<nd ref="1072680709"/>
	<nd ref="4387031539"/>
	<nd ref="1072680731"/>
	<nd ref="4387031540"/>
	<nd ref="4387031541"/>
	<nd ref="1072680756"/>
</way>
<node id="1072680683" lat="49.8214477" lon="19.0446819" version="3" timestamp="2016-09-06T11:54:52Z"  changeset="41953570" uid="2274433" user="sorbovit">

</node>
<node id="1072680684" lat="49.8216045" lon="19.0447969" version="3" timestamp="2016-09-06T11:54:52Z"  changeset="41953570" uid="2274433" user="sorbovit">

</node>
<node id="1072680690" lat="49.821927" lon="19.0448276" version="3" timestamp="2016-09-06T11:54:52Z"  changeset="41953570" uid="2274433" user="sorbovit">

</node>
<node id="1072680693" lat="49.821973" lon="19.0448005" version="3" timestamp="2016-09-06T11:54:52Z"  changeset="41953570" uid="2274433" user="sorbovit">

</node>
<node id="1072680697" lat="49.8220381" lon="19.044373" version="3" timestamp="2016-09-06T11:54:52Z"  changeset="41953570" uid="2274433" user="sorbovit">

</node>
<node id="1072680698" lat="49.8218134" lon="19.0442589" version="3" timestamp="2016-09-06T11:54:52Z"  changeset="41953570" uid="2274433" user="sorbovit">

</node>
<node id="1072680709" lat="49.8215092" lon="19.0444987" version="3" timestamp="2016-09-06T11:54:52Z"  changeset="41953570" uid="2274433" user="sorbovit">

</node>
<node id="1072680712" lat="49.8215832" lon="19.0447837" version="3" timestamp="2016-09-06T11:54:52Z"  changeset="41953570" uid="2274433" user="sorbovit">

</node>
<node id="1072680715" lat="49.8218456" lon="19.0448086" version="3" timestamp="2016-09-06T11:54:52Z"  changeset="41953570" uid="2274433" user="sorbovit">

</node>
<node id="1072680725" lat="49.8220076" lon="19.0444942" version="3" timestamp="2016-09-06T11:54:52Z"  changeset="41953570" uid="2274433" user="sorbovit">

</node>
<node id="1072680728" lat="49.8218514" lon="19.0442733" version="3" timestamp="2016-09-06T11:54:52Z"  changeset="41953570" uid="2274433" user="sorbovit">

</node>
<node id="1072680730" lat="49.8219784" lon="19.0448387" version="3" timestamp="2016-09-06T11:54:52Z"  changeset="41953570" uid="2274433" user="sorbovit">

</node>
<node id="1072680731" lat="49.8215703" lon="19.0443468" version="3" timestamp="2016-09-06T11:54:52Z"  changeset="41953570" uid="2274433" user="sorbovit">

</node>
<node id="1072680733" lat="49.8215753" lon="19.0448064" version="3" timestamp="2016-09-06T11:54:52Z"  changeset="41953570" uid="2274433" user="sorbovit">

</node>
<node id="1072680734" lat="49.821833" lon="19.0448904" version="3" timestamp="2016-09-06T11:54:52Z"  changeset="41953570" uid="2274433" user="sorbovit">

</node>
<node id="1072680741" lat="49.821988" lon="19.0445056" version="3" timestamp="2016-09-06T11:54:52Z"  changeset="41953570" uid="2274433" user="sorbovit">

</node>
<node id="1072680743" lat="49.8218471" lon="19.0442989" version="3" timestamp="2016-09-06T11:54:52Z"  changeset="41953570" uid="2274433" user="sorbovit">

</node>
<node id="1072680747" lat="49.8219597" lon="19.0448666" version="3" timestamp="2016-09-06T11:54:52Z"  changeset="41953570" uid="2274433" user="sorbovit">

</node>
<node id="1072680756" lat="49.8216455" lon="19.0442247" version="3" timestamp="2016-09-06T11:54:52Z"  changeset="41953570" uid="2274433" user="sorbovit">

</node>
<node id="1072680758" lat="49.8215342" lon="19.0447818" version="3" timestamp="2016-09-06T11:54:52Z"  changeset="41953570" uid="2274433" user="sorbovit">

</node>
<node id="1072680766" lat="49.8219647" lon="19.0447929" version="3" timestamp="2016-09-06T11:54:52Z"  changeset="41953570" uid="2274433" user="sorbovit">

</node>
<node id="1072680776" lat="49.8219589" lon="19.0443402" version="3" timestamp="2016-09-06T11:54:52Z"  changeset="41953570" uid="2274433" user="sorbovit">

</node>
<node id="1072680777" lat="49.8217287" lon="19.0442553" version="3" timestamp="2016-09-06T11:54:52Z"  changeset="41953570" uid="2274433" user="sorbovit">

</node>
<node id="1072680781" lat="49.821722" lon="19.0442922" version="3" timestamp="2016-09-06T11:54:52Z"  changeset="41953570" uid="2274433" user="sorbovit">

</node>
<node id="1072680783" lat="49.8215413" lon="19.04476" version="3" timestamp="2016-09-06T11:54:52Z"  changeset="41953570" uid="2274433" user="sorbovit">

</node>
<node id="1072680785" lat="49.8216085" lon="19.0447837" version="3" timestamp="2016-09-06T11:54:52Z"  changeset="41953570" uid="2274433" user="sorbovit">

</node>
<node id="1072680795" lat="49.8219324" lon="19.0448601" version="3" timestamp="2016-09-06T11:54:52Z"  changeset="41953570" uid="2274433" user="sorbovit">

</node>
<node id="1072680799" lat="49.82196" lon="19.0443336" version="3" timestamp="2016-09-06T11:54:52Z"  changeset="41953570" uid="2274433" user="sorbovit">

</node>
<node id="1072680801" lat="49.821809" lon="19.0442852" version="3" timestamp="2016-09-06T11:54:53Z"  changeset="41953570" uid="2274433" user="sorbovit">

</node>
<node id="1165481807" lat="49.8214809" lon="19.0445856" version="3" timestamp="2016-09-06T11:54:53Z"  changeset="41953570" uid="2274433" user="sorbovit">

</node>
<node id="1165481921" lat="49.8213111" lon="19.044556" version="2" timestamp="2016-09-06T11:54:53Z"  changeset="41953570" uid="2274433" user="sorbovit">

</node>
<node id="1165482219" lat="49.8213475" lon="19.0444629" version="2" timestamp="2016-09-06T11:54:53Z"  changeset="41953570" uid="2274433" user="sorbovit">

</node>
<node id="1232949184" lat="49.8213363" lon="19.0445" version="2" timestamp="2016-09-06T11:54:53Z"  changeset="41953570" uid="2274433" user="sorbovit">

</node>
<node id="4387031515" lat="49.8213149" lon="19.0445463" version="1" timestamp="2016-09-06T11:54:50Z"  changeset="41953570" uid="2274433" user="sorbovit">

</node>
<node id="4387031516" lat="49.8213174" lon="19.0445484" version="1" timestamp="2016-09-06T11:54:50Z"  changeset="41953570" uid="2274433" user="sorbovit">

</node>
<node id="4387031517" lat="49.8213436" lon="19.0444728" version="1" timestamp="2016-09-06T11:54:50Z"  changeset="41953570" uid="2274433" user="sorbovit">

</node>
<node id="4387031518" lat="49.8213461" lon="19.0444753" version="1" timestamp="2016-09-06T11:54:50Z"  changeset="41953570" uid="2274433" user="sorbovit">

</node>
<node id="4387031520" lat="49.8213667" lon="19.044483" version="1" timestamp="2016-09-06T11:54:50Z"  changeset="41953570" uid="2274433" user="sorbovit">

</node>
<node id="4387031521" lat="49.8213675" lon="19.0444798" version="1" timestamp="2016-09-06T11:54:50Z"  changeset="41953570" uid="2274433" user="sorbovit">

</node>
<node id="4387031526" lat="49.8213959" lon="19.0445086" version="1" timestamp="2016-09-06T11:54:50Z"  changeset="41953570" uid="2274433" user="sorbovit">

</node>
<node id="4387031527" lat="49.8213968" lon="19.0445065" version="1" timestamp="2016-09-06T11:54:50Z"  changeset="41953570" uid="2274433" user="sorbovit">

</node>
<node id="4387031528" lat="49.8214067" lon="19.0445183" version="1" timestamp="2016-09-06T11:54:50Z"  changeset="41953570" uid="2274433" user="sorbovit">

</node>
<node id="4387031529" lat="49.8214075" lon="19.044516" version="1" timestamp="2016-09-06T11:54:50Z"  changeset="41953570" uid="2274433" user="sorbovit">

</node>
<node id="4387031530" lat="49.8214357" lon="19.0445445" version="1" timestamp="2016-09-06T11:54:50Z"  changeset="41953570" uid="2274433" user="sorbovit">

</node>
<node id="4387031531" lat="49.8214366" lon="19.0445424" version="1" timestamp="2016-09-06T11:54:50Z"  changeset="41953570" uid="2274433" user="sorbovit">

</node>
<node id="4387031532" lat="49.8214472" lon="19.044555" version="1" timestamp="2016-09-06T11:54:50Z"  changeset="41953570" uid="2274433" user="sorbovit">

</node>
<node id="4387031533" lat="49.821448" lon="19.0445526" version="1" timestamp="2016-09-06T11:54:50Z"  changeset="41953570" uid="2274433" user="sorbovit">

</node>
<node id="4387031534" lat="49.8214767" lon="19.0445749" version="1" timestamp="2016-09-06T11:54:50Z"  changeset="41953570" uid="2274433" user="sorbovit">

</node>
<node id="4387031535" lat="49.8214835" lon="19.0445814" version="1" timestamp="2016-09-06T11:54:50Z"  changeset="41953570" uid="2274433" user="sorbovit">

</node>
<node id="4387031536" lat="49.8215071" lon="19.0444969" version="1" timestamp="2016-09-06T11:54:50Z"  changeset="41953570" uid="2274433" user="sorbovit">

</node>
<node id="4387031538" lat="49.8215216" lon="19.0447463" version="1" timestamp="2016-09-06T11:54:50Z"  changeset="41953570" uid="2274433" user="sorbovit">

</node>
<node id="4387031539" lat="49.8215725" lon="19.0443501" version="1" timestamp="2016-09-06T11:54:50Z"  changeset="41953570" uid="2274433" user="sorbovit">

</node>
<node id="4387031540" lat="49.8216044" lon="19.0442818" version="1" timestamp="2016-09-06T11:54:50Z"  changeset="41953570" uid="2274433" user="sorbovit">

</node>
<node id="4387031541" lat="49.8216095" lon="19.0442886" version="1" timestamp="2016-09-06T11:54:50Z"  changeset="41953570" uid="2274433" user="sorbovit">

</node>
<node id="4387031554" lat="49.8217664" lon="19.0448655" version="1" timestamp="2016-09-06T11:54:50Z"  changeset="41953570" uid="2274433" user="sorbovit">

</node>
<node id="4387031563" lat="49.8219667" lon="19.0447675" version="1" timestamp="2016-09-06T11:54:50Z"  changeset="41953570" uid="2274433" user="sorbovit">

</node>
<node id="4387031564" lat="49.8219671" lon="19.0448002" version="1" timestamp="2016-09-06T11:54:50Z"  changeset="41953570" uid="2274433" user="sorbovit">

</node>
<node id="4387031565" lat="49.821968" lon="19.0447937" version="1" timestamp="2016-09-06T11:54:50Z"  changeset="41953570" uid="2274433" user="sorbovit">

</node>
<node id="4387031566" lat="49.8219689" lon="19.0446887" version="1" timestamp="2016-09-06T11:54:50Z"  changeset="41953570" uid="2274433" user="sorbovit">

</node>
<node id="4387031567" lat="49.8219725" lon="19.0447675" version="1" timestamp="2016-09-06T11:54:50Z"  changeset="41953570" uid="2274433" user="sorbovit">

</node>
<node id="4387031568" lat="49.8219728" lon="19.0446518" version="1" timestamp="2016-09-06T11:54:50Z"  changeset="41953570" uid="2274433" user="sorbovit">

</node>
<node id="4387031569" lat="49.8219745" lon="19.0446348" version="1" timestamp="2016-09-06T11:54:50Z"  changeset="41953570" uid="2274433" user="sorbovit">

</node>
<node id="4387031570" lat="49.821978" lon="19.0446012" version="1" timestamp="2016-09-06T11:54:50Z"  changeset="41953570" uid="2274433" user="sorbovit">

</node>
<node id="4387031571" lat="49.8219799" lon="19.0445829" version="1" timestamp="2016-09-06T11:54:50Z"  changeset="41953570" uid="2274433" user="sorbovit">

</node>
<node id="4387031572" lat="49.8219816" lon="19.0446934" version="1" timestamp="2016-09-06T11:54:50Z"  changeset="41953570" uid="2274433" user="sorbovit">

</node>
<node id="4387031573" lat="49.8219836" lon="19.0445476" version="1" timestamp="2016-09-06T11:54:50Z"  changeset="41953570" uid="2274433" user="sorbovit">

</node>
<node id="4387031574" lat="49.8219853" lon="19.0445315" version="1" timestamp="2016-09-06T11:54:50Z"  changeset="41953570" uid="2274433" user="sorbovit">

</node>
<node id="4387031575" lat="49.8219859" lon="19.0446554" version="1" timestamp="2016-09-06T11:54:50Z"  changeset="41953570" uid="2274433" user="sorbovit">

</node>
<node id="4387031576" lat="49.8219885" lon="19.0446397" version="1" timestamp="2016-09-06T11:54:50Z"  changeset="41953570" uid="2274433" user="sorbovit">

</node>
<node id="4387031577" lat="49.821993" lon="19.0446048" version="1" timestamp="2016-09-06T11:54:51Z"  changeset="41953570" uid="2274433" user="sorbovit">

</node>
<node id="4387031578" lat="49.8219954" lon="19.0445883" version="1" timestamp="2016-09-06T11:54:51Z"  changeset="41953570" uid="2274433" user="sorbovit">

</node>
<node id="4387031579" lat="49.8219997" lon="19.0445519" version="1" timestamp="2016-09-06T11:54:51Z"  changeset="41953570" uid="2274433" user="sorbovit">

</node>
<node id="4387031580" lat="49.8220016" lon="19.0445366" version="1" timestamp="2016-09-06T11:54:51Z"  changeset="41953570" uid="2274433" user="sorbovit">

</node>
<node id="4387031581" lat="49.8220049" lon="19.0445108" version="1" timestamp="2016-09-06T11:54:51Z"  changeset="41953570" uid="2274433" user="sorbovit">

</node>
<node id="4387031582" lat="49.822013" lon="19.0444966" version="1" timestamp="2016-09-06T11:54:51Z"  changeset="41953570" uid="2274433" user="sorbovit">

</node>
<node id="558869021" lat="49.8829179" lon="19.2215217" version="3" timestamp="2020-08-30T08:46:58Z" action="modify" changeset="90139001" uid="2027953" user="Adam_Piszczek">
	<tag k="addr:city" v="Kęty"/>
	<tag k="addr:housenumber" v="16"/>
	<tag k="addr:postcode" v="32-650"/>
	<tag k="addr:street" v="Rynek"/>
	<tag k="museum" v="history"/>
	<tag k="name" v="Muzeum im. Aleksandra Kłosińskiego w Kętach"/>
	<tag k="opening_hours" v="Tu-We 10:00-15:00; Th 12:00-17:00; Fr 10:00-15:00; Su 12:00-16:00"/>
	<tag k="phone" v="+48 33 845 31 07"/>
	<tag k="tourism" v="museum"/>
	<tag k="website" v="https://www.muzeum.kety.pl/"/>
	<tag k="operator" v="Gmina Kęty"/>
	<tag k="operator:type" v="government"/>
	<tag k="source:tourism" v="Wykaz Muzeów, wypis na dzień 2026-04-09"/>
</node>
<way id="262732316" version="9" timestamp="2024-11-16T12:01:27Z" action="modify" changeset="159205196" uid="16604999" user="Skywaltuh">
	<tag k="addr:city" v="Kluczbork"/>
	<tag k="addr:housenumber" v="10"/>
	<tag k="addr:postcode" v="46-200"/>
	<tag k="addr:street" v="Zamkowa"/>
	<tag k="barrier" v="city_wall"/>
	<tag k="building" v="yes"/>
	<tag k="building:levels" v="4"/>
	<tag k="historic" v="building"/>
	<tag k="image" v="https://photos.app.goo.gl/zUbTYSX4otecUo3L9"/>
	<tag k="name" v="Muzeum im. Jana Dzierżona w Kluczborku"/>
	<tag k="phone" v="+48 77 418 27 07"/>
	<tag k="source" v="http://sdi.opolskie.pl/mapa_bazowa/request.aspx"/>
	<tag k="tourism" v="museum"/>
	<tag k="url" v="https://fotopolska.eu/13814,obiekt.html?map_z=18"/>
	<tag k="url:0" v="https://polska-org.pl/511358,Kluczbork,Muzeum_im_Jana_Dzierzona_dawny_Zamek.html"/>
	<tag k="website" v="https://www.muzeum.kluczbork.pl/"/>
	<tag k="wikidata" v="Q16580252"/>
	<tag k="wikipedia" v="pl:Muzeum im. Jana Dzierżona w Kluczborku"/>
	<tag k="operator" v="Gmina Kluczbork"/>
	<tag k="operator:type" v="government"/>
	<tag k="source:tourism" v="Wykaz Muzeów, wypis na dzień 2026-04-09"/>
	<nd ref="2683819240"/>
	<nd ref="2683820278"/>
	<nd ref="3152504108"/>
	<nd ref="9122993785"/>
	<nd ref="10691048059"/>
	<nd ref="3152504109"/>
	<nd ref="2683825427"/>
	<nd ref="2683825486"/>
	<nd ref="3152504110"/>
	<nd ref="9122993742"/>
	<nd ref="9122993786"/>
	<nd ref="2631894475"/>
	<nd ref="10691048060"/>
	<nd ref="9122993752"/>
	<nd ref="2683819718"/>
	<nd ref="2683819240"/>
</way>
<node id="2631894475" lat="50.9729894" lon="18.2177845" version="5" timestamp="2023-02-24T15:25:28Z"  changeset="132973055" uid="8165703" user="matema">

</node>
<node id="2683819240" lat="50.9729389" lon="18.217706" version="5" timestamp="2023-02-24T15:25:28Z"  changeset="132973055" uid="8165703" user="matema">

</node>
<node id="2683819718" lat="50.9729548" lon="18.2177084" version="5" timestamp="2023-02-24T15:25:28Z"  changeset="132973055" uid="8165703" user="matema">

</node>
<node id="2683820278" lat="50.972938" lon="18.217627" version="4" timestamp="2023-02-24T15:25:28Z"  changeset="132973055" uid="8165703" user="matema">

</node>
<node id="2683825427" lat="50.9732221" lon="18.2176051" version="4" timestamp="2023-02-24T15:25:28Z"  changeset="132973055" uid="8165703" user="matema">

</node>
<node id="2683825486" lat="50.973234" lon="18.2177589" version="4" timestamp="2023-02-24T15:25:28Z"  changeset="132973055" uid="8165703" user="matema">

</node>
<node id="3152504108" lat="50.9730055" lon="18.2176316" version="5" timestamp="2023-02-24T15:25:28Z"  changeset="132973055" uid="8165703" user="matema">

</node>
<node id="3152504109" lat="50.9731223" lon="18.2176242" version="3" timestamp="2021-09-25T19:20:47Z"  changeset="111699286" uid="3610826" user="km2bp">
	<tag k="entrance" v="yes"/>
</node>
<node id="3152504110" lat="50.9731168" lon="18.2177884" version="4" timestamp="2023-02-24T15:25:28Z"  changeset="132973055" uid="8165703" user="matema">

</node>
<node id="9122993742" lat="50.9730681" lon="18.2177881" version="2" timestamp="2023-02-24T15:25:28Z"  changeset="132973055" uid="8165703" user="matema">

</node>
<node id="9122993752" lat="50.9729469" lon="18.2177808" version="2" timestamp="2023-02-24T15:25:28Z"  changeset="132973055" uid="8165703" user="matema">

</node>
<node id="9122993785" lat="50.9730657" lon="18.2176328" version="2" timestamp="2023-02-24T15:25:28Z"  changeset="132973055" uid="8165703" user="matema">

</node>
<node id="9122993786" lat="50.9730501" lon="18.2177872" version="2" timestamp="2023-02-24T15:25:28Z"  changeset="132973055" uid="8165703" user="matema">

</node>
<node id="10691048059" lat="50.973082" lon="18.2176335" version="1" timestamp="2023-02-24T15:25:28Z"  changeset="132973055" uid="8165703" user="matema">

</node>
<node id="10691048060" lat="50.9729696" lon="18.2177828" version="1" timestamp="2023-02-24T15:25:28Z"  changeset="132973055" uid="8165703" user="matema">

</node>
<way id="684465948" version="6" timestamp="2025-08-03T11:16:24Z" action="modify" changeset="169899295" uid="4443269" user="Acredrom7">
	<tag k="addr:city" v="Inowrocław"/>
	<tag k="addr:housenumber" v="33"/>
	<tag k="addr:street" v="Solankowa"/>
	<tag k="building" v="yes"/>
	<tag k="building:levels" v="2"/>
	<tag k="fee" v="yes"/>
	<tag k="historic" v="yes"/>
	<tag k="name" v="Muzeum im. Jana Kasprowicza w Inowrocławiu"/>
	<tag k="opening_hours" v="Tu-Fr 10:00-17:00; Sa,Su 10:00-16:00; Mo off"/>
	<tag k="ref:ckkp" v="KP00200"/>
	<tag k="source:building" v="BDOT"/>
	<tag k="tourism" v="museum"/>
	<tag k="wikidata" v="Q17619113"/>
	<tag k="wikipedia" v="pl:Muzeum im. Jana Kasprowicza w Inowrocławiu"/>
	<tag k="addr:postcode" v="88-100"/>
	<tag k="operator" v="Powiat Inowrocławski"/>
	<tag k="operator:type" v="government"/>
	<tag k="source:tourism" v="Wykaz Muzeów, wypis na dzień 2026-04-09"/>
	<nd ref="6412724378"/>
	<nd ref="6412724369"/>
	<nd ref="6412724370"/>
	<nd ref="6412724366"/>
	<nd ref="6412724371"/>
	<nd ref="6412724372"/>
	<nd ref="6412724373"/>
	<nd ref="6412724374"/>
	<nd ref="6412724368"/>
	<nd ref="12323949137"/>
	<nd ref="12323949136"/>
	<nd ref="12323949135"/>
	<nd ref="12323949134"/>
	<nd ref="12323949133"/>
	<nd ref="12323949132"/>
	<nd ref="6412724376"/>
	<nd ref="6412724375"/>
	<nd ref="6412724367"/>
	<nd ref="6412724377"/>
	<nd ref="6412724378"/>
</way>
<node id="6412724366" lat="52.795184" lon="18.251194" version="2" timestamp="2024-11-08T15:57:55Z"  changeset="158901409" uid="12901812" user="Alicja1">

</node>
<node id="6412724367" lat="52.795148" lon="18.251356" version="2" timestamp="2024-11-08T15:57:55Z"  changeset="158901409" uid="12901812" user="Alicja1">

</node>
<node id="6412724368" lat="52.795274" lon="18.251426" version="2" timestamp="2024-11-08T15:57:55Z"  changeset="158901409" uid="12901812" user="Alicja1">

</node>
<node id="6412724369" lat="52.795161" lon="18.251171" version="2" timestamp="2024-11-08T15:57:55Z"  changeset="158901409" uid="12901812" user="Alicja1">

</node>
<node id="6412724370" lat="52.79518" lon="18.251178" version="2" timestamp="2024-11-08T15:57:55Z"  changeset="158901409" uid="12901812" user="Alicja1">

</node>
<node id="6412724371" lat="52.795246" lon="18.251149" version="2" timestamp="2024-11-08T15:57:55Z"  changeset="158901409" uid="12901812" user="Alicja1">

</node>
<node id="6412724372" lat="52.7953" lon="18.251322" version="2" timestamp="2024-11-08T15:57:55Z"  changeset="158901409" uid="12901812" user="Alicja1">

</node>
<node id="6412724373" lat="52.795307" lon="18.251317" version="2" timestamp="2024-11-08T15:57:55Z"  changeset="158901409" uid="12901812" user="Alicja1">

</node>
<node id="6412724374" lat="52.795327" lon="18.251379" version="2" timestamp="2024-11-08T15:57:55Z"  changeset="158901409" uid="12901812" user="Alicja1">

</node>
<node id="6412724375" lat="52.795191" lon="18.251494" version="2" timestamp="2024-11-08T15:57:55Z"  changeset="158901409" uid="12901812" user="Alicja1">

</node>
<node id="6412724376" lat="52.795236" lon="18.251458" version="2" timestamp="2024-11-08T15:57:55Z"  changeset="158901409" uid="12901812" user="Alicja1">

</node>
<node id="6412724377" lat="52.795074" lon="18.251417" version="2" timestamp="2024-11-08T15:57:55Z"  changeset="158901409" uid="12901812" user="Alicja1">

</node>
<node id="6412724378" lat="52.79503" lon="18.251274" version="2" timestamp="2024-11-08T15:57:55Z"  changeset="158901409" uid="12901812" user="Alicja1">

</node>
<node id="12323949132" lat="52.795243" lon="18.251484" version="1" timestamp="2024-11-08T15:57:55Z"  changeset="158901409" uid="12901812" user="Alicja1">

</node>
<node id="12323949133" lat="52.795251" lon="18.251478" version="1" timestamp="2024-11-08T15:57:55Z"  changeset="158901409" uid="12901812" user="Alicja1">

</node>
<node id="12323949134" lat="52.795255" lon="18.251493" version="1" timestamp="2024-11-08T15:57:55Z"  changeset="158901409" uid="12901812" user="Alicja1">

</node>
<node id="12323949135" lat="52.795279" lon="18.251472" version="1" timestamp="2024-11-08T15:57:55Z"  changeset="158901409" uid="12901812" user="Alicja1">

</node>
<node id="12323949136" lat="52.795275" lon="18.251458" version="1" timestamp="2024-11-08T15:57:55Z"  changeset="158901409" uid="12901812" user="Alicja1">

</node>
<node id="12323949137" lat="52.795283" lon="18.251451" version="1" timestamp="2024-11-08T15:57:55Z"  changeset="158901409" uid="12901812" user="Alicja1">

</node>
<way id="397165284" version="4" timestamp="2025-12-07T20:53:31Z" action="modify" changeset="175639906" uid="2027953" user="Adam_Piszczek">
	<tag k="addr:city" v="Krośniewice"/>
	<tag k="addr:housenumber" v="1"/>
	<tag k="addr:postcode" v="99-340"/>
	<tag k="addr:street" v="Plac Wolności"/>
	<tag k="building" v="yes"/>
	<tag k="museum" v="history"/>
	<tag k="name" v="Muzeum im. Jerzego Dunin-Borkowskiego w Krośniewicach"/>
	<tag k="opening_hours" v="Mo off; Tu-Fr 09:00-16:00; Sa-Su 10:00-15:00"/>
	<tag k="phone" v="+48 24 252 33 47"/>
	<tag k="source" v="geoportal.gov.pl:ortofoto"/>
	<tag k="tourism" v="museum"/>
	<tag k="website" v="http://www.muzeumkrosniewice.pl/"/>
	<tag k="wikidata" v="Q11787301"/>
	<tag k="wikipedia" v="pl:Muzeum im. Jerzego Dunin-Borkowskiego w Krośniewicach"/>
	<tag k="operator" v="Powiat Kutnowski"/>
	<tag k="operator:type" v="government"/>
	<tag k="source:tourism" v="Wykaz Muzeów, wypis na dzień 2026-04-09"/>
	<nd ref="3999862065"/>
	<nd ref="7160144442"/>
	<nd ref="7160144440"/>
	<nd ref="7160144439"/>
	<nd ref="7160144441"/>
	<nd ref="7160144438"/>
	<nd ref="7160144437"/>
	<nd ref="7160144436"/>
	<nd ref="7160144443"/>
	<nd ref="7160144430"/>
	<nd ref="7160144429"/>
	<nd ref="7160144428"/>
	<nd ref="7160144434"/>
	<nd ref="7160144433"/>
	<nd ref="7160144432"/>
	<nd ref="7160144431"/>
	<nd ref="7160144435"/>
	<nd ref="3999862068"/>
	<nd ref="3999862067"/>
	<nd ref="7160144421"/>
	<nd ref="3999862066"/>
	<nd ref="3999862065"/>
</way>
<node id="3999862065" lat="52.2558283" lon="19.1697476" version="3" timestamp="2020-01-26T10:18:37Z"  changeset="80093313" uid="1646919" user="ara861">

</node>
<node id="3999862066" lat="52.2558273" lon="19.1695428" version="3" timestamp="2020-01-26T10:18:37Z"  changeset="80093313" uid="1646919" user="ara861">

</node>
<node id="3999862067" lat="52.2555827" lon="19.1695746" version="3" timestamp="2020-01-26T10:18:37Z"  changeset="80093313" uid="1646919" user="ara861">

</node>
<node id="3999862068" lat="52.255592" lon="19.1697784" version="3" timestamp="2020-01-26T10:18:37Z"  changeset="80093313" uid="1646919" user="ara861">

</node>
<node id="7160144421" lat="52.2557381" lon="19.1695544" version="1" timestamp="2020-01-26T10:18:37Z"  changeset="80093313" uid="1646919" user="ara861">

</node>
<node id="7160144428" lat="52.2556928" lon="19.1697701" version="1" timestamp="2020-01-26T10:18:37Z"  changeset="80093313" uid="1646919" user="ara861">

</node>
<node id="7160144429" lat="52.2557037" lon="19.1697689" version="1" timestamp="2020-01-26T10:18:37Z"  changeset="80093313" uid="1646919" user="ara861">

</node>
<node id="7160144430" lat="52.2557035" lon="19.1697643" version="1" timestamp="2020-01-26T10:18:37Z"  changeset="80093313" uid="1646919" user="ara861">

</node>
<node id="7160144431" lat="52.255667" lon="19.1697737" version="1" timestamp="2020-01-26T10:18:37Z"  changeset="80093313" uid="1646919" user="ara861">

</node>
<node id="7160144432" lat="52.2556778" lon="19.1697725" version="1" timestamp="2020-01-26T10:18:37Z"  changeset="80093313" uid="1646919" user="ara861">

</node>
<node id="7160144433" lat="52.2556776" lon="19.169768" version="1" timestamp="2020-01-26T10:18:37Z"  changeset="80093313" uid="1646919" user="ara861">

</node>
<node id="7160144434" lat="52.2556927" lon="19.1697663" version="1" timestamp="2020-01-26T10:18:37Z"  changeset="80093313" uid="1646919" user="ara861">

</node>
<node id="7160144435" lat="52.2556669" lon="19.16977" version="1" timestamp="2020-01-26T10:18:37Z"  changeset="80093313" uid="1646919" user="ara861">

</node>
<node id="7160144436" lat="52.2557188" lon="19.1697665" version="1" timestamp="2020-01-26T10:18:37Z"  changeset="80093313" uid="1646919" user="ara861">

</node>
<node id="7160144437" lat="52.2557302" lon="19.1697652" version="1" timestamp="2020-01-26T10:18:37Z"  changeset="80093313" uid="1646919" user="ara861">

</node>
<node id="7160144438" lat="52.25573" lon="19.1697609" version="1" timestamp="2020-01-26T10:18:37Z"  changeset="80093313" uid="1646919" user="ara861">

</node>
<node id="7160144439" lat="52.2557448" lon="19.169763" version="1" timestamp="2020-01-26T10:18:37Z"  changeset="80093313" uid="1646919" user="ara861">

</node>
<node id="7160144440" lat="52.2557561" lon="19.1697617" version="1" timestamp="2020-01-26T10:18:37Z"  changeset="80093313" uid="1646919" user="ara861">

</node>
<node id="7160144441" lat="52.2557446" lon="19.1697593" version="1" timestamp="2020-01-26T10:18:37Z"  changeset="80093313" uid="1646919" user="ara861">

</node>
<node id="7160144442" lat="52.2557559" lon="19.1697563" version="1" timestamp="2020-01-26T10:18:37Z"  changeset="80093313" uid="1646919" user="ara861">

</node>
<node id="7160144443" lat="52.2557187" lon="19.1697626" version="1" timestamp="2020-01-26T10:18:37Z"  changeset="80093313" uid="1646919" user="ara861">

</node>
<way id="203781162" version="13" timestamp="2026-03-03T10:16:47Z" action="modify" changeset="179293957" uid="17298212" user="mrbeef12">
	<tag k="addr:city" v="Jelenia Góra"/>
	<tag k="addr:housenumber" v="28"/>
	<tag k="addr:street" v="Jana Matejki"/>
	<tag k="building" v="yes"/>
	<tag k="building:levels" v="3"/>
	<tag k="fee" v="yes"/>
	<tag k="historic" v="yes"/>
	<tag k="internet_access" v="wlan"/>
	<tag k="name" v="Muzeum Karkonoskie w Jeleniej Górze"/>
	<tag k="opening_hours" v="Tu-Su 09:00-17:00"/>
	<tag k="phone" v="+48757523465"/>
	<tag k="ref:ckkp" v="DS00212"/>
	<tag k="source:building" v="BDOT"/>
	<tag k="source:geometry" v="geoportal.gov.pl, GPS"/>
	<tag k="tourism" v="museum"/>
	<tag k="website" v="https://muzeumkarkonoskie.pl/"/>
	<tag k="wikidata" v="Q61857976"/>
	<tag k="wikipedia" v="pl:Muzeum Karkonoskie w Jeleniej Górze"/>
	<tag k="addr:postcode" v="58-500"/>
	<tag k="operator" v="Województwo Dolnośląskie"/>
	<tag k="operator:type" v="government"/>
	<tag k="source:tourism" v="Wykaz Muzeów, wypis na dzień 2026-04-09"/>
	<nd ref="4067748653"/>
	<nd ref="12319197533"/>
	<nd ref="12319197532"/>
	<nd ref="12319197531"/>
	<nd ref="12319197530"/>
	<nd ref="4067748624"/>
	<nd ref="4067748610"/>
	<nd ref="12319197529"/>
	<nd ref="12319197528"/>
	<nd ref="12319197527"/>
	<nd ref="12319197506"/>
	<nd ref="12319197507"/>
	<nd ref="12319197526"/>
	<nd ref="12319197525"/>
	<nd ref="12319197524"/>
	<nd ref="12319197523"/>
	<nd ref="12319197522"/>
	<nd ref="12319197521"/>
	<nd ref="12319197520"/>
	<nd ref="4067748633"/>
	<nd ref="12319197519"/>
	<nd ref="12319197518"/>
	<nd ref="12319197517"/>
	<nd ref="4067748644"/>
	<nd ref="12319197516"/>
	<nd ref="12319197515"/>
	<nd ref="12319197514"/>
	<nd ref="4067748647"/>
	<nd ref="4067748653"/>
</way>
<node id="4067748610" lat="50.8972634" lon="15.7383765" version="2" timestamp="2024-11-06T18:09:18Z"  changeset="158828548" uid="21936500" user="33Hubert33">

</node>
<node id="4067748624" lat="50.8973247" lon="15.7385457" version="2" timestamp="2024-11-06T18:09:18Z"  changeset="158828548" uid="21936500" user="33Hubert33">

</node>
<node id="4067748633" lat="50.897429" lon="15.738224" version="2" timestamp="2024-11-06T18:09:18Z"  changeset="158828548" uid="21936500" user="33Hubert33">

</node>
<node id="4067748644" lat="50.897438" lon="15.738166" version="2" timestamp="2024-11-06T18:09:18Z"  changeset="158828548" uid="21936500" user="33Hubert33">

</node>
<node id="4067748647" lat="50.897458" lon="15.738158" version="2" timestamp="2024-11-06T18:09:18Z"  changeset="158828548" uid="21936500" user="33Hubert33">

</node>
<node id="4067748653" lat="50.89753" lon="15.738358" version="2" timestamp="2024-11-06T18:09:18Z"  changeset="158828548" uid="21936500" user="33Hubert33">

</node>
<node id="12319197506" lat="50.897159" lon="15.738043" version="1" timestamp="2024-11-06T18:09:18Z"  changeset="158828548" uid="21936500" user="33Hubert33">

</node>
<node id="12319197507" lat="50.897108" lon="15.737894" version="1" timestamp="2024-11-06T18:09:18Z"  changeset="158828548" uid="21936500" user="33Hubert33">

</node>
<node id="12319197514" lat="50.897484" lon="15.738135" version="1" timestamp="2024-11-06T18:09:18Z"  changeset="158828548" uid="21936500" user="33Hubert33">

</node>
<node id="12319197515" lat="50.897454" lon="15.738053" version="1" timestamp="2024-11-06T18:09:18Z"  changeset="158828548" uid="21936500" user="33Hubert33">

</node>
<node id="12319197516" lat="50.897409" lon="15.738093" version="1" timestamp="2024-11-06T18:09:18Z"  changeset="158828548" uid="21936500" user="33Hubert33">

</node>
<node id="12319197517" lat="50.897409" lon="15.73819" version="1" timestamp="2024-11-06T18:09:18Z"  changeset="158828548" uid="21936500" user="33Hubert33">

</node>
<node id="12319197518" lat="50.897413" lon="15.738202" version="1" timestamp="2024-11-06T18:09:18Z"  changeset="158828548" uid="21936500" user="33Hubert33">

</node>
<node id="12319197519" lat="50.897419" lon="15.738197" version="1" timestamp="2024-11-06T18:09:18Z"  changeset="158828548" uid="21936500" user="33Hubert33">

</node>
<node id="12319197520" lat="50.897368" lon="15.738279" version="1" timestamp="2024-11-06T18:09:18Z"  changeset="158828548" uid="21936500" user="33Hubert33">

</node>
<node id="12319197521" lat="50.897279" lon="15.738015" version="1" timestamp="2024-11-06T18:09:18Z"  changeset="158828548" uid="21936500" user="33Hubert33">

</node>
<node id="12319197522" lat="50.897358" lon="15.737949" version="1" timestamp="2024-11-06T18:09:18Z"  changeset="158828548" uid="21936500" user="33Hubert33">

</node>
<node id="12319197523" lat="50.897325" lon="15.737852" version="1" timestamp="2024-11-06T18:09:18Z"  changeset="158828548" uid="21936500" user="33Hubert33">

</node>
<node id="12319197524" lat="50.897297" lon="15.737876" version="1" timestamp="2024-11-06T18:09:18Z"  changeset="158828548" uid="21936500" user="33Hubert33">

</node>
<node id="12319197525" lat="50.897239" lon="15.737703" version="1" timestamp="2024-11-06T18:09:18Z"  changeset="158828548" uid="21936500" user="33Hubert33">

</node>
<node id="12319197526" lat="50.8970878" lon="15.7378316" version="1" timestamp="2024-11-06T18:09:18Z"  changeset="158828548" uid="21936500" user="33Hubert33">

</node>
<node id="12319197527" lat="50.8972094" lon="15.7381941" version="1" timestamp="2024-11-06T18:09:18Z"  changeset="158828548" uid="21936500" user="33Hubert33">

</node>
<node id="12319197528" lat="50.8971841" lon="15.7382485" version="1" timestamp="2024-11-06T18:09:18Z"  changeset="158828548" uid="21936500" user="33Hubert33">

</node>
<node id="12319197529" lat="50.897236" lon="15.7384017" version="1" timestamp="2024-11-06T18:09:18Z"  changeset="158828548" uid="21936500" user="33Hubert33">

</node>
<node id="12319197530" lat="50.897395" lon="15.738482" version="1" timestamp="2024-11-06T18:09:18Z"  changeset="158828548" uid="21936500" user="33Hubert33">

</node>
<node id="12319197531" lat="50.897405" lon="15.738509" version="1" timestamp="2024-11-06T18:09:18Z"  changeset="158828548" uid="21936500" user="33Hubert33">

</node>
<node id="12319197532" lat="50.897472" lon="15.738448" version="1" timestamp="2024-11-06T18:09:18Z"  changeset="158828548" uid="21936500" user="33Hubert33">

</node>
<node id="12319197533" lat="50.897462" lon="15.73842" version="1" timestamp="2024-11-06T18:09:18Z"  changeset="158828548" uid="21936500" user="33Hubert33">

</node>
<node id="9323553309" lat="54.3293615" lon="18.20412" version="2" timestamp="2024-01-02T18:20:18Z" action="modify" changeset="145809637" uid="6765127" user="Cristoffs">
	<tag k="addr:city" v="Kartuzy"/>
	<tag k="addr:city:simc" v="0934547"/>
	<tag k="addr:housenumber" v="1"/>
	<tag k="addr:postcode" v="83-300"/>
	<tag k="addr:street" v="Kościerska"/>
	<tag k="addr:street:sym_ul" v="09556"/>
	<tag k="contact:email" v="muzeum@muzeum-kaszubskie.com.pl"/>
	<tag k="contact:fax" v="+48 58 681 03 78"/>
	<tag k="contact:phone" v="+48 58 681 03 78"/>
	<tag k="contact:website" v="https://www.muzeum-kaszubskie.pl"/>
	<tag k="name" v="Muzeum Kaszubskie im. Franciszka Tredera w Kartuzach"/>
	<tag k="opening_hours" v="Mo off; Tu-Fr 08:00-16:00; Sa 08:00-15:00; Su off; May, Jun, Sep: Su 10:00-14:00; Jul, Aug: Tu-Fr 09:00-18:00; Jul, Aug: Sa, Su 09:00-17:00"/>
	<tag k="source:addr" v="kartuzy.e-mapa.net"/>
	<tag k="tourism" v="museum"/>
	<tag k="wikidata" v="Q10981619"/>
	<tag k="wikipedia" v="pl:Muzeum Kaszubskie im. Franciszka Tredera w Kartuzach"/>
	<tag k="operator" v="Gmina Kartuzy"/>
	<tag k="operator:type" v="government"/>
	<tag k="source:tourism" v="Wykaz Muzeów, wypis na dzień 2026-04-09"/>
</node>
<way id="174195288" version="6" timestamp="2025-10-02T12:50:17Z" action="modify" changeset="172747757" uid="2972499" user="Николай Кейдо">
	<tag k="addr:city" v="Łódź"/>
	<tag k="addr:housenumber" v="1"/>
	<tag k="addr:postcode" v="90-312"/>
	<tag k="addr:street" v="Plac Zwycięstwa"/>
	<tag k="building" v="yes"/>
	<tag k="name" v="Muzeum Kinematografii w Łodzi"/>
	<tag k="tourism" v="museum"/>
	<tag k="wikidata" v="Q4572696"/>
	<tag k="wikipedia" v="pl:Pałac Karola Scheiblera"/>
	<tag k="operator" v="Miasto Łódź"/>
	<tag k="operator:type" v="government"/>
	<tag k="source:tourism" v="Wykaz Muzeów, wypis na dzień 2026-04-09"/>
	<nd ref="1849110788"/>
	<nd ref="9373375811"/>
	<nd ref="9373375810"/>
	<nd ref="9373375809"/>
	<nd ref="9373375808"/>
	<nd ref="1849110790"/>
	<nd ref="1849110789"/>
	<nd ref="9373375805"/>
	<nd ref="9373375806"/>
	<nd ref="9373375807"/>
	<nd ref="9373375804"/>
	<nd ref="9373405720"/>
	<nd ref="9373405721"/>
	<nd ref="9373405719"/>
	<nd ref="9373405718"/>
	<nd ref="9373375813"/>
	<nd ref="9373375814"/>
	<nd ref="9373375815"/>
	<nd ref="9373375816"/>
	<nd ref="9373405717"/>
	<nd ref="9373405734"/>
	<nd ref="9373405735"/>
	<nd ref="9373405736"/>
	<nd ref="9373405733"/>
	<nd ref="9373375803"/>
	<nd ref="9373405724"/>
	<nd ref="9373405732"/>
	<nd ref="9373405731"/>
	<nd ref="9373405730"/>
	<nd ref="9373405729"/>
	<nd ref="9373405728"/>
	<nd ref="9373405727"/>
	<nd ref="9373405726"/>
	<nd ref="9373405725"/>
	<nd ref="9373375802"/>
	<nd ref="9373405722"/>
	<nd ref="9373375801"/>
	<nd ref="9373405723"/>
	<nd ref="9373375800"/>
	<nd ref="9373375799"/>
	<nd ref="9373375798"/>
	<nd ref="1849110792"/>
	<nd ref="1849110798"/>
	<nd ref="1849110795"/>
	<nd ref="1849110788"/>
</way>
<node id="1849110788" lat="51.7595181" lon="19.4739372" version="4" timestamp="2021-12-28T15:36:54Z"  changeset="115476636" uid="3016300" user="Aleksander Hugo">

</node>
<node id="1849110789" lat="51.7595152" lon="19.4743686" version="4" timestamp="2021-12-28T15:36:54Z"  changeset="115476636" uid="3016300" user="Aleksander Hugo">

</node>
<node id="1849110790" lat="51.759538" lon="19.4743629" version="4" timestamp="2021-12-28T15:36:54Z"  changeset="115476636" uid="3016300" user="Aleksander Hugo">

</node>
<node id="1849110792" lat="51.7596167" lon="19.4751677" version="4" timestamp="2021-12-28T15:36:54Z"  changeset="115476636" uid="3016300" user="Aleksander Hugo">

</node>
<node id="1849110795" lat="51.7595978" lon="19.4739255" version="4" timestamp="2021-12-28T15:36:54Z"  changeset="115476636" uid="3016300" user="Aleksander Hugo">

</node>
<node id="1849110798" lat="51.7596981" lon="19.4751486" version="4" timestamp="2021-12-28T15:36:54Z"  changeset="115476636" uid="3016300" user="Aleksander Hugo">

</node>
<node id="9373375798" lat="51.7596028" lon="19.4751616" version="1" timestamp="2021-12-28T15:36:54Z"  changeset="115476636" uid="3016300" user="Aleksander Hugo">

</node>
<node id="9373375799" lat="51.7595951" lon="19.4751517" version="1" timestamp="2021-12-28T15:36:54Z"  changeset="115476636" uid="3016300" user="Aleksander Hugo">

</node>
<node id="9373375800" lat="51.7595849" lon="19.4751349" version="1" timestamp="2021-12-28T15:36:54Z"  changeset="115476636" uid="3016300" user="Aleksander Hugo">

</node>
<node id="9373375801" lat="51.7595801" lon="19.4751087" version="1" timestamp="2021-12-28T15:36:54Z"  changeset="115476636" uid="3016300" user="Aleksander Hugo">

</node>
<node id="9373375802" lat="51.7595688" lon="19.475003" version="1" timestamp="2021-12-28T15:36:54Z"  changeset="115476636" uid="3016300" user="Aleksander Hugo">

</node>
<node id="9373375803" lat="51.7595269" lon="19.4750144" version="1" timestamp="2021-12-28T15:36:54Z"  changeset="115476636" uid="3016300" user="Aleksander Hugo">

</node>
<node id="9373375804" lat="51.7595456" lon="19.4747336" version="1" timestamp="2021-12-28T15:36:54Z"  changeset="115476636" uid="3016300" user="Aleksander Hugo">

</node>
<node id="9373375805" lat="51.7595389" lon="19.4746388" version="1" timestamp="2021-12-28T15:36:54Z"  changeset="115476636" uid="3016300" user="Aleksander Hugo">

</node>
<node id="9373375806" lat="51.7595305" lon="19.4746424" version="1" timestamp="2021-12-28T15:36:54Z"  changeset="115476636" uid="3016300" user="Aleksander Hugo">

</node>
<node id="9373375807" lat="51.7595382" lon="19.4747353" version="1" timestamp="2021-12-28T15:36:54Z"  changeset="115476636" uid="3016300" user="Aleksander Hugo">

</node>
<node id="9373375808" lat="51.7595364" lon="19.4743415" version="1" timestamp="2021-12-28T15:36:54Z"  changeset="115476636" uid="3016300" user="Aleksander Hugo">

</node>
<node id="9373375809" lat="51.7595589" lon="19.4743375" version="1" timestamp="2021-12-28T15:36:54Z"  changeset="115476636" uid="3016300" user="Aleksander Hugo">

</node>
<node id="9373375810" lat="51.7595562" lon="19.4743179" version="1" timestamp="2021-12-28T15:36:54Z"  changeset="115476636" uid="3016300" user="Aleksander Hugo">

</node>
<node id="9373375811" lat="51.7595494" lon="19.474312" version="1" timestamp="2021-12-28T15:36:54Z"  changeset="115476636" uid="3016300" user="Aleksander Hugo">

</node>
<node id="9373375813" lat="51.7595473" lon="19.4748209" version="1" timestamp="2021-12-28T15:36:54Z"  changeset="115476636" uid="3016300" user="Aleksander Hugo">

</node>
<node id="9373375814" lat="51.7595237" lon="19.4748256" version="1" timestamp="2021-12-28T15:36:54Z"  changeset="115476636" uid="3016300" user="Aleksander Hugo">

</node>
<node id="9373375815" lat="51.7595211" lon="19.4748299" version="1" timestamp="2021-12-28T15:36:54Z"  changeset="115476636" uid="3016300" user="Aleksander Hugo">

</node>
<node id="9373375816" lat="51.7595206" lon="19.4748355" version="1" timestamp="2021-12-28T15:36:54Z"  changeset="115476636" uid="3016300" user="Aleksander Hugo">

</node>
<node id="9373405717" lat="51.7595118" lon="19.4748378" version="1" timestamp="2021-12-28T15:36:54Z"  changeset="115476636" uid="3016300" user="Aleksander Hugo">

</node>
<node id="9373405718" lat="51.7595494" lon="19.4748215" version="1" timestamp="2021-12-28T15:36:54Z"  changeset="115476636" uid="3016300" user="Aleksander Hugo">

</node>
<node id="9373405719" lat="51.7595513" lon="19.4748236" version="1" timestamp="2021-12-28T15:36:54Z"  changeset="115476636" uid="3016300" user="Aleksander Hugo">

</node>
<node id="9373405720" lat="51.7595535" lon="19.4748288" version="1" timestamp="2021-12-28T15:36:54Z"  changeset="115476636" uid="3016300" user="Aleksander Hugo">

</node>
<node id="9373405721" lat="51.7595518" lon="19.4748296" version="1" timestamp="2021-12-28T15:36:54Z"  changeset="115476636" uid="3016300" user="Aleksander Hugo">

</node>
<node id="9373405722" lat="51.7595774" lon="19.4751086" version="1" timestamp="2021-12-28T15:36:54Z"  changeset="115476636" uid="3016300" user="Aleksander Hugo">

</node>
<node id="9373405723" lat="51.7595817" lon="19.4751178" version="1" timestamp="2021-12-28T15:36:54Z"  changeset="115476636" uid="3016300" user="Aleksander Hugo">

</node>
<node id="9373405724" lat="51.7595354" lon="19.4750129" version="1" timestamp="2021-12-28T15:36:54Z"  changeset="115476636" uid="3016300" user="Aleksander Hugo">

</node>
<node id="9373405725" lat="51.7595668" lon="19.4750036" version="1" timestamp="2021-12-28T15:36:54Z"  changeset="115476636" uid="3016300" user="Aleksander Hugo">

</node>
<node id="9373405726" lat="51.7595669" lon="19.4750066" version="1" timestamp="2021-12-28T15:36:54Z"  changeset="115476636" uid="3016300" user="Aleksander Hugo">

</node>
<node id="9373405727" lat="51.7595664" lon="19.4750101" version="1" timestamp="2021-12-28T15:36:54Z"  changeset="115476636" uid="3016300" user="Aleksander Hugo">

</node>
<node id="9373405728" lat="51.7595651" lon="19.475013" version="1" timestamp="2021-12-28T15:36:54Z"  changeset="115476636" uid="3016300" user="Aleksander Hugo">

</node>
<node id="9373405729" lat="51.7595633" lon="19.4750148" version="1" timestamp="2021-12-28T15:36:54Z"  changeset="115476636" uid="3016300" user="Aleksander Hugo">

</node>
<node id="9373405730" lat="51.7595398" lon="19.4750205" version="1" timestamp="2021-12-28T15:36:54Z"  changeset="115476636" uid="3016300" user="Aleksander Hugo">

</node>
<node id="9373405731" lat="51.7595377" lon="19.47502" version="1" timestamp="2021-12-28T15:36:54Z"  changeset="115476636" uid="3016300" user="Aleksander Hugo">

</node>
<node id="9373405732" lat="51.7595363" lon="19.475018" version="1" timestamp="2021-12-28T15:36:54Z"  changeset="115476636" uid="3016300" user="Aleksander Hugo">

</node>
<node id="9373405733" lat="51.7595212" lon="19.4749478" version="1" timestamp="2021-12-28T15:36:54Z"  changeset="115476636" uid="3016300" user="Aleksander Hugo">

</node>
<node id="9373405734" lat="51.7595176" lon="19.4749054" version="1" timestamp="2021-12-28T15:36:54Z"  changeset="115476636" uid="3016300" user="Aleksander Hugo">

</node>
<node id="9373405735" lat="51.7595148" lon="19.4749065" version="1" timestamp="2021-12-28T15:36:54Z"  changeset="115476636" uid="3016300" user="Aleksander Hugo">

</node>
<node id="9373405736" lat="51.7595181" lon="19.4749486" version="1" timestamp="2021-12-28T15:36:54Z"  changeset="115476636" uid="3016300" user="Aleksander Hugo">

</node>
<way id="244036571" version="10" timestamp="2025-03-02T19:38:40Z" action="modify" changeset="163135744" uid="4749992" user="KrzysztZ">
	<tag k="addr:city" v="Lubaczów"/>
	<tag k="addr:housenumber" v="4"/>
	<tag k="addr:postcode" v="37-600"/>
	<tag k="addr:street" v="Jana III Sobieskiego"/>
	<tag k="building" v="yes"/>
	<tag k="description" v="Ponad 8000 zbiorów historycznych, etnograficznych oraz sztuki"/>
	<tag k="email" v="biuro@muzeumkresow.eu"/>
	<tag k="fee" v="yes"/>
	<tag k="heritage" v="2"/>
	<tag k="heritage:operator" v="nid"/>
	<tag k="image" v="https://pl.wikipedia.org/wiki/Muzeum_Kres%C3%B3w_w_Lubaczowie#/media/File:Muzeum_Kres%C3%B3w.JPG"/>
	<tag k="name" v="Muzeum Kresów w Lubaczowie"/>
	<tag k="opening_hours" v="Tu-Fr 9:00-15:00; Sa-Su 10:30-17:30"/>
	<tag k="phone" v="+48 16 632 18 02"/>
	<tag k="ref:nid" v="A-708 z 1984-01-16"/>
	<tag k="source:addr" v="EMUiA (emuia.geoportal.gov.pl)"/>
	<tag k="start_date" v="1958"/>
	<tag k="tourism" v="museum"/>
	<tag k="website" v="https://www.muzeumkresow.eu/"/>
	<tag k="wikidata" v="Q16913424"/>
	<tag k="wikipedia" v="pl:Muzeum Kresów w Lubaczowie"/>
	<tag k="operator" v="Powiat Lubaczowski"/>
	<tag k="operator:type" v="government"/>
	<tag k="source:tourism" v="Wykaz Muzeów, wypis na dzień 2026-04-09"/>
	<nd ref="3721489949"/>
	<nd ref="3721493688"/>
	<nd ref="3721493796"/>
	<nd ref="8176607886"/>
	<nd ref="3721493808"/>
	<nd ref="3721489949"/>
</way>
<node id="3721489949" lat="50.1535387" lon="23.1280628" version="3" timestamp="2024-04-02T07:07:19Z"  changeset="149465073" uid="761348" user="pelekPL">

</node>
<node id="3721493688" lat="50.1532372" lon="23.1282661" version="3" timestamp="2024-04-02T07:07:19Z"  changeset="149465073" uid="761348" user="pelekPL">

</node>
<node id="3721493796" lat="50.1532855" lon="23.1284393" version="3" timestamp="2024-04-02T07:07:19Z"  changeset="149465073" uid="761348" user="pelekPL">

</node>
<node id="3721493808" lat="50.1535873" lon="23.1282359" version="3" timestamp="2024-04-02T07:07:19Z"  changeset="149465073" uid="761348" user="pelekPL">

</node>
<node id="8176607886" lat="50.1534521" lon="23.1283294" version="3" timestamp="2024-04-02T07:07:19Z"  changeset="149465073" uid="761348" user="pelekPL">
	<tag k="entrance" v="main"/>
</node>
<node id="1954878863" lat="54.2109047" lon="21.7375101" version="4" timestamp="2026-03-10T13:41:53Z" action="modify" changeset="179640094" uid="107686" user="owiecc">
	<tag k="addr:city" v="Węgorzewo"/>
	<tag k="addr:housenumber" v="1"/>
	<tag k="addr:postcode" v="11-600"/>
	<tag k="addr:street" v="Portowa"/>
	<tag k="contact:facebook" v="https://www.facebook.com/MuzeumKulturyLudowejwWegorzewie/?locale=pl_PL"/>
	<tag k="email" v="sekretariat@muzeum-wegorzewo.pl"/>
	<tag k="museum" v="local"/>
	<tag k="name" v="Muzeum Kultury Ludowej w Węgorzewie"/>
	<tag k="phone" v="+48 87 427 52 78; +48 87 427 32 42"/>
	<tag k="start_date" v="1991"/>
	<tag k="tourism" v="museum"/>
	<tag k="website" v="https://www.muzeum-wegorzewo.pl/"/>
	<tag k="operator" v="Województwo Warmińsko – Mazurskie"/>
	<tag k="operator:type" v="government"/>
	<tag k="source:tourism" v="Wykaz Muzeów, wypis na dzień 2026-04-09"/>
</node>
<way id="719685818" version="4" timestamp="2025-07-12T17:21:22Z" action="modify" changeset="168845553" uid="6668641" user="syntex">
	<tag k="addr:city" v="Żyrardów"/>
	<tag k="addr:city:simc" v="0977210"/>
	<tag k="addr:housenumber" v="18"/>
	<tag k="addr:postcode" v="96-300"/>
	<tag k="addr:street" v="Karola Dittricha"/>
	<tag k="building" v="industrial"/>
	<tag k="building:levels" v="1"/>
	<tag k="name" v="Muzeum Lniarstwa im. Filipa De Girarda w Żyrardowie"/>
	<tag k="opening_hours" v="Tu-Fr 10:00-15:00; Sa, Su 11:00-18:00"/>
	<tag k="phone" v="+48 793 134 703"/>
	<tag k="source:addr" v="zyrardow.e-mapa.net"/>
	<tag k="source:building" v="BDOT"/>
	<tag k="source:geometry" v="EGiB"/>
	<tag k="tourism" v="museum"/>
	<tag k="website" v="https://www.muzeumlniarstwa.pl/"/>
	<tag k="operator" v="Miasto Żyrardów"/>
	<tag k="operator:type" v="government"/>
	<tag k="source:tourism" v="Wykaz Muzeów, wypis na dzień 2026-04-09"/>
	<nd ref="6755863017"/>
	<nd ref="12996118935"/>
	<nd ref="12996118936"/>
	<nd ref="12996118934"/>
	<nd ref="12996118937"/>
	<nd ref="12996118938"/>
	<nd ref="12996118939"/>
	<nd ref="12996118933"/>
	<nd ref="12996118932"/>
	<nd ref="6755863014"/>
	<nd ref="6755863015"/>
	<nd ref="6755863016"/>
	<nd ref="6755863017"/>
</way>
<node id="6755863014" lat="52.061127" lon="20.430098" version="2" timestamp="2025-07-12T17:21:21Z"  changeset="168845553" uid="6668641" user="syntex">

</node>
<node id="6755863015" lat="52.060926" lon="20.430344" version="2" timestamp="2025-07-12T17:21:21Z"  changeset="168845553" uid="6668641" user="syntex">

</node>
<node id="6755863016" lat="52.060952" lon="20.4304" version="2" timestamp="2025-07-12T17:21:21Z"  changeset="168845553" uid="6668641" user="syntex">

</node>
<node id="6755863017" lat="52.060799" lon="20.430586" version="2" timestamp="2025-07-12T17:21:21Z"  changeset="168845553" uid="6668641" user="syntex">

</node>
<node id="12996118932" lat="52.06113" lon="20.430104" version="1" timestamp="2025-07-12T17:21:21Z"  changeset="168845553" uid="6668641" user="syntex">

</node>
<node id="12996118933" lat="52.061184" lon="20.430039" version="1" timestamp="2025-07-12T17:21:21Z"  changeset="168845553" uid="6668641" user="syntex">

</node>
<node id="12996118934" lat="52.06027" lon="20.429434" version="1" timestamp="2025-07-12T17:21:21Z"  changeset="168845553" uid="6668641" user="syntex">

</node>
<node id="12996118935" lat="52.060637" lon="20.430235" version="1" timestamp="2025-07-12T17:21:21Z"  changeset="168845553" uid="6668641" user="syntex">

</node>
<node id="12996118936" lat="52.060275" lon="20.429446" version="1" timestamp="2025-07-12T17:21:21Z"  changeset="168845553" uid="6668641" user="syntex">

</node>
<node id="12996118937" lat="52.060566" lon="20.429072" version="1" timestamp="2025-07-12T17:21:21Z"  changeset="168845553" uid="6668641" user="syntex">

</node>
<node id="12996118938" lat="52.060783" lon="20.429542" version="1" timestamp="2025-07-12T17:21:21Z"  changeset="168845553" uid="6668641" user="syntex">

</node>
<node id="12996118939" lat="52.060894" lon="20.429408" version="1" timestamp="2025-07-12T17:21:21Z"  changeset="168845553" uid="6668641" user="syntex">

</node>
<way id="193932728" version="6" timestamp="2022-03-23T19:13:00Z" action="modify" changeset="118835014" uid="2298842" user="train_01">
	<tag k="addr:city" v="Gorzów Wielkopolski"/>
	<tag k="addr:housenumber" v="35"/>
	<tag k="addr:postcode" v="66-400"/>
	<tag k="addr:street" v="Warszawska"/>
	<tag k="building" v="yes"/>
	<tag k="building:levels" v="3"/>
	<tag k="building:usage:pl" v="Kultury, oświaty, kultu religijnego"/>
	<tag k="name" v="Muzeum Lubuskie im. Jana Dekerta w Gorzowie Wielkopolskim"/>
	<tag k="source" v="UM Gorzów"/>
	<tag k="tourism" v="museum"/>
	<tag k="operator" v="Województwo Lubuskie"/>
	<tag k="operator:type" v="government"/>
	<tag k="source:tourism" v="Wykaz Muzeów, wypis na dzień 2026-04-09"/>
	<nd ref="2044431307"/>
	<nd ref="2044431309"/>
	<nd ref="2044431311"/>
	<nd ref="2044431276"/>
	<nd ref="2044431296"/>
	<nd ref="2044431274"/>
	<nd ref="2044431281"/>
	<nd ref="2044431279"/>
	<nd ref="2044431283"/>
	<nd ref="2044431285"/>
	<nd ref="2044431287"/>
	<nd ref="2044431290"/>
	<nd ref="2044431292"/>
	<nd ref="2044431294"/>
	<nd ref="2044431301"/>
	<nd ref="2044431299"/>
	<nd ref="2044431305"/>
	<nd ref="2044431307"/>
</way>
<node id="2044431274" lat="52.7342634" lon="15.249473" version="1" timestamp="2012-12-01T17:40:31Z"  changeset="14114509" uid="1071265" user="balrog-kun-imports">

</node>
<node id="2044431276" lat="52.7343333" lon="15.2495989" version="1" timestamp="2012-12-01T17:40:31Z"  changeset="14114509" uid="1071265" user="balrog-kun-imports">

</node>
<node id="2044431279" lat="52.7341805" lon="15.249471" version="1" timestamp="2012-12-01T17:40:31Z"  changeset="14114509" uid="1071265" user="balrog-kun-imports">

</node>
<node id="2044431281" lat="52.7341878" lon="15.2494824" version="1" timestamp="2012-12-01T17:40:31Z"  changeset="14114509" uid="1071265" user="balrog-kun-imports">

</node>
<node id="2044431283" lat="52.7341604" lon="15.2494736" version="1" timestamp="2012-12-01T17:40:31Z"  changeset="14114509" uid="1071265" user="balrog-kun-imports">

</node>
<node id="2044431285" lat="52.7341472" lon="15.2494972" version="1" timestamp="2012-12-01T17:40:31Z"  changeset="14114509" uid="1071265" user="balrog-kun-imports">

</node>
<node id="2044431287" lat="52.7341486" lon="15.2495295" version="1" timestamp="2012-12-01T17:40:31Z"  changeset="14114509" uid="1071265" user="balrog-kun-imports">

</node>
<node id="2044431290" lat="52.7341553" lon="15.2495427" version="1" timestamp="2012-12-01T17:40:31Z"  changeset="14114509" uid="1071265" user="balrog-kun-imports">

</node>
<node id="2044431292" lat="52.7341569" lon="15.2496232" version="1" timestamp="2012-12-01T17:40:31Z"  changeset="14114509" uid="1071265" user="balrog-kun-imports">

</node>
<node id="2044431294" lat="52.7341435" lon="15.2496251" version="1" timestamp="2012-12-01T17:40:31Z"  changeset="14114509" uid="1071265" user="balrog-kun-imports">

</node>
<node id="2044431296" lat="52.7342693" lon="15.2496066" version="1" timestamp="2012-12-01T17:40:31Z"  changeset="14114509" uid="1071265" user="balrog-kun-imports">

</node>
<node id="2044431299" lat="52.7341658" lon="15.2497922" version="1" timestamp="2012-12-01T17:40:31Z"  changeset="14114509" uid="1071265" user="balrog-kun-imports">

</node>
<node id="2044431301" lat="52.7341523" lon="15.2497941" version="1" timestamp="2012-12-01T17:40:31Z"  changeset="14114509" uid="1071265" user="balrog-kun-imports">

</node>
<node id="2044431305" lat="52.7341708" lon="15.2498867" version="1" timestamp="2012-12-01T17:40:31Z"  changeset="14114509" uid="1071265" user="balrog-kun-imports">

</node>
<node id="2044431307" lat="52.7342437" lon="15.2498762" version="1" timestamp="2012-12-01T17:40:31Z"  changeset="14114509" uid="1071265" user="balrog-kun-imports">

</node>
<node id="2044431309" lat="52.7342457" lon="15.2499133" version="1" timestamp="2012-12-01T17:40:31Z"  changeset="14114509" uid="1071265" user="balrog-kun-imports">

</node>
<node id="2044431311" lat="52.7343465" lon="15.2498974" version="1" timestamp="2012-12-01T17:40:31Z"  changeset="14114509" uid="1071265" user="balrog-kun-imports">

</node>
<node id="5757184804" lat="51.1565522" lon="14.9963989" version="3" timestamp="2019-02-11T16:41:29Z" action="modify" changeset="67105997" uid="502270" user="Arnebius">
	<tag k="addr:city" v="Zgorzelec"/>
	<tag k="addr:housenumber" v="15"/>
	<tag k="addr:postcode" v="59-900"/>
	<tag k="addr:street" v="Ignacego Daszyńskiego"/>
	<tag k="name" v="Muzeum Łużyckie w Zgorzelcu"/>
	<tag k="operator" v="Gmina Zgorzelec"/>
	<tag k="tourism" v="museum"/>
	<tag k="operator:type" v="government"/>
	<tag k="source:tourism" v="Wykaz Muzeów, wypis na dzień 2026-04-09"/>
</node>
<node id="338509175" lat="52.2515313" lon="21.0085201" version="48" timestamp="2026-03-03T11:48:08Z" action="modify" changeset="179297880" uid="16643939" user="nikita-skakun">
	<tag k="addr:city" v="Warszawa"/>
	<tag k="addr:housenumber" v="16"/>
	<tag k="addr:street" v="Freta"/>
	<tag k="check_date" v="2026-03-03"/>
	<tag k="contact:facebook" v="https://www.facebook.com/mmscwarszawa"/>
	<tag k="contact:instagram" v="https://www.instagram.com/maria_sklodowska_curie_museum"/>
	<tag k="contact:website" v="https://www.mmsc.waw.pl/"/>
	<tag k="email" v="kontakt@mmsc.waw.pl; edukacja@mmsc.waw.pl"/>
	<tag k="fax" v="+48 22 831 13 04"/>
	<tag k="fee" v="yes"/>
	<tag k="level" v="1"/>
	<tag k="museum" v="person"/>
	<tag k="name" v="Muzeum Marii Skłodowskiej - Curie w Warszawie"/>
	<tag k="name:be" v="Музей Марыі Складоўскай-Кюры"/>
	<tag k="name:en" v="Maria Skłodowska-Curie Museum"/>
	<tag k="name:pl" v="Muzeum Marii Skłodowskiej-Curie"/>
	<tag k="name:ru" v="Музей Марии Склодовской-Кюри"/>
	<tag k="opening_hours" v="Tu-Sa 12:00-18:00"/>
	<tag k="operator" v="Miasto Stołeczne Warszawa"/>
	<tag k="payment:cash" v="yes"/>
	<tag k="payment:coins" v="yes"/>
	<tag k="payment:mastercard" v="yes"/>
	<tag k="payment:visa" v="yes"/>
	<tag k="phone" v="+48 22 831 80 92; +48 513 814 963; +48 508 131 210"/>
	<tag k="subject:wikidata" v="Q7186"/>
	<tag k="subject:wikipedia" v="pl:Marie_Curie"/>
	<tag k="tourism" v="museum"/>
	<tag k="wheelchair" v="yes"/>
	<tag k="wikidata" v="Q3559646"/>
	<tag k="wikipedia" v="pl:Muzeum Marii Skłodowskiej-Curie w Warszawie"/>
	<tag k="addr:postcode" v="00-227"/>
	<tag k="operator:type" v="government"/>
	<tag k="source:tourism" v="Wykaz Muzeów, wypis na dzień 2026-04-09"/>
</node>
<way id="196601097" version="8" timestamp="2025-07-12T19:10:18Z" action="modify" changeset="168849252" uid="6668641" user="syntex">
	<tag k="addr:city" v="Żyrardów"/>
	<tag k="addr:housenumber" v="1"/>
	<tag k="addr:postcode" v="96-300"/>
	<tag k="addr:street" v="Karola Dittricha"/>
	<tag k="building" v="yes"/>
	<tag k="building:levels" v="2"/>
	<tag k="heritage" v="2"/>
	<tag k="heritage:operator" v="nid"/>
	<tag k="historic" v="palace"/>
	<tag k="name" v="Muzeum Mazowsza Zachodniego w Żyrardowie"/>
	<tag k="opening_hours" v="Tu-Fr 08:00-16:00; Sa-Su 11:00-17:00"/>
	<tag k="source:building" v="BDOT"/>
	<tag k="source:geometry" v="EGiB"/>
	<tag k="tourism" v="museum"/>
	<tag k="website" v="http://www.muzeumzyrardow.pl/"/>
	<tag k="wikidata" v="Q11787062"/>
	<tag k="wikipedia" v="pl:Muzeum Mazowsza Zachodniego w Żyrardowie"/>
	<tag k="operator" v="Powiat Żyrardowski"/>
	<tag k="operator:type" v="government"/>
	<tag k="source:tourism" v="Wykaz Muzeów, wypis na dzień 2026-04-09"/>
	<nd ref="2069154361"/>
	<nd ref="2069154359"/>
	<nd ref="2069154352"/>
	<nd ref="12996243215"/>
	<nd ref="12996243214"/>
	<nd ref="12996243213"/>
	<nd ref="12996243212"/>
	<nd ref="12996243211"/>
	<nd ref="12996243210"/>
	<nd ref="2069154342"/>
	<nd ref="2069154345"/>
	<nd ref="2069154346"/>
	<nd ref="2069154350"/>
	<nd ref="12996243209"/>
	<nd ref="2069154351"/>
	<nd ref="2069154353"/>
	<nd ref="12996243208"/>
	<nd ref="2069154354"/>
	<nd ref="2069154356"/>
	<nd ref="12996243207"/>
	<nd ref="12996243206"/>
	<nd ref="2069154360"/>
	<nd ref="12996243205"/>
	<nd ref="12996243204"/>
	<nd ref="2069154366"/>
	<nd ref="2069154381"/>
	<nd ref="2069154371"/>
	<nd ref="2069154373"/>
	<nd ref="12996243203"/>
	<nd ref="12996243216"/>
	<nd ref="2069154367"/>
	<nd ref="12996243202"/>
	<nd ref="12996243201"/>
	<nd ref="2069154361"/>
</way>
<node id="2069154342" lat="52.056807" lon="20.433032" version="2" timestamp="2025-07-12T19:10:18Z"  changeset="168849252" uid="6668641" user="syntex">

</node>
<node id="2069154345" lat="52.056844" lon="20.432994" version="2" timestamp="2025-07-12T19:10:18Z"  changeset="168849252" uid="6668641" user="syntex">

</node>
<node id="2069154346" lat="52.05685" lon="20.43301" version="2" timestamp="2025-07-12T19:10:18Z"  changeset="168849252" uid="6668641" user="syntex">

</node>
<node id="2069154350" lat="52.05687" lon="20.43299" version="2" timestamp="2025-07-12T19:10:18Z"  changeset="168849252" uid="6668641" user="syntex">

</node>
<node id="2069154351" lat="52.056873" lon="20.43297" version="2" timestamp="2025-07-12T19:10:18Z"  changeset="168849252" uid="6668641" user="syntex">

</node>
<node id="2069154352" lat="52.056888" lon="20.433233" version="2" timestamp="2025-07-12T19:10:18Z"  changeset="168849252" uid="6668641" user="syntex">

</node>
<node id="2069154353" lat="52.056884" lon="20.432958" version="2" timestamp="2025-07-12T19:10:18Z"  changeset="168849252" uid="6668641" user="syntex">

</node>
<node id="2069154354" lat="52.056899" lon="20.43296" version="2" timestamp="2025-07-12T19:10:18Z"  changeset="168849252" uid="6668641" user="syntex">

</node>
<node id="2069154356" lat="52.056914" lon="20.432944" version="2" timestamp="2025-07-12T19:10:18Z"  changeset="168849252" uid="6668641" user="syntex">

</node>
<node id="2069154359" lat="52.056925" lon="20.433195" version="2" timestamp="2025-07-12T19:10:18Z"  changeset="168849252" uid="6668641" user="syntex">

</node>
<node id="2069154360" lat="52.056925" lon="20.432959" version="2" timestamp="2025-07-12T19:10:18Z"  changeset="168849252" uid="6668641" user="syntex">

</node>
<node id="2069154361" lat="52.056929" lon="20.433205" version="2" timestamp="2025-07-12T19:10:18Z"  changeset="168849252" uid="6668641" user="syntex">

</node>
<node id="2069154366" lat="52.056964" lon="20.432941" version="2" timestamp="2025-07-12T19:10:18Z"  changeset="168849252" uid="6668641" user="syntex">

</node>
<node id="2069154367" lat="52.056964" lon="20.4331735" version="2" timestamp="2025-07-12T19:10:18Z"  changeset="168849252" uid="6668641" user="syntex">
	<tag k="entrance" v="main"/>
</node>
<node id="2069154371" lat="52.056987" lon="20.433121" version="2" timestamp="2025-07-12T19:10:18Z"  changeset="168849252" uid="6668641" user="syntex">

</node>
<node id="2069154373" lat="52.056992" lon="20.433135" version="2" timestamp="2025-07-12T19:10:18Z"  changeset="168849252" uid="6668641" user="syntex">

</node>
<node id="2069154381" lat="52.057026" lon="20.433083" version="2" timestamp="2025-07-12T19:10:18Z"  changeset="168849252" uid="6668641" user="syntex">

</node>
<node id="12996243201" lat="52.05695" lon="20.433182" version="1" timestamp="2025-07-12T19:10:18Z"  changeset="168849252" uid="6668641" user="syntex">

</node>
<node id="12996243202" lat="52.056952" lon="20.433186" version="1" timestamp="2025-07-12T19:10:18Z"  changeset="168849252" uid="6668641" user="syntex">

</node>
<node id="12996243203" lat="52.056973" lon="20.433153" version="1" timestamp="2025-07-12T19:10:18Z"  changeset="168849252" uid="6668641" user="syntex">

</node>
<node id="12996243204" lat="52.056953" lon="20.432951" version="1" timestamp="2025-07-12T19:10:18Z"  changeset="168849252" uid="6668641" user="syntex">

</node>
<node id="12996243205" lat="52.056948" lon="20.432936" version="1" timestamp="2025-07-12T19:10:18Z"  changeset="168849252" uid="6668641" user="syntex">

</node>
<node id="12996243206" lat="52.05693" lon="20.432971" version="1" timestamp="2025-07-12T19:10:18Z"  changeset="168849252" uid="6668641" user="syntex">

</node>
<node id="12996243207" lat="52.056926" lon="20.432975" version="1" timestamp="2025-07-12T19:10:18Z"  changeset="168849252" uid="6668641" user="syntex">

</node>
<node id="12996243208" lat="52.056897" lon="20.432955" version="1" timestamp="2025-07-12T19:10:18Z"  changeset="168849252" uid="6668641" user="syntex">

</node>
<node id="12996243209" lat="52.056868" lon="20.432985" version="1" timestamp="2025-07-12T19:10:18Z"  changeset="168849252" uid="6668641" user="syntex">

</node>
<node id="12996243210" lat="52.056829" lon="20.433087" version="1" timestamp="2025-07-12T19:10:18Z"  changeset="168849252" uid="6668641" user="syntex">

</node>
<node id="12996243211" lat="52.056827" lon="20.433089" version="1" timestamp="2025-07-12T19:10:18Z"  changeset="168849252" uid="6668641" user="syntex">

</node>
<node id="12996243212" lat="52.056848" lon="20.433143" version="1" timestamp="2025-07-12T19:10:18Z"  changeset="168849252" uid="6668641" user="syntex">

</node>
<node id="12996243213" lat="52.056839" lon="20.433152" version="1" timestamp="2025-07-12T19:10:18Z"  changeset="168849252" uid="6668641" user="syntex">

</node>
<node id="12996243214" lat="52.056854" lon="20.43319" version="1" timestamp="2025-07-12T19:10:18Z"  changeset="168849252" uid="6668641" user="syntex">

</node>
<node id="12996243215" lat="52.056866" lon="20.433178" version="1" timestamp="2025-07-12T19:10:18Z"  changeset="168849252" uid="6668641" user="syntex">

</node>
<node id="12996243216" lat="52.056976" lon="20.433161" version="1" timestamp="2025-07-12T19:10:18Z"  changeset="168849252" uid="6668641" user="syntex">

</node>
<way id="892383655" version="3" timestamp="2024-11-11T21:47:05Z" action="modify" changeset="159027947" uid="12901812" user="Alicja1">
	<tag k="addr:city" v="Legnica"/>
	<tag k="addr:housenumber" v="3"/>
	<tag k="addr:postcode" v="59-220"/>
	<tag k="addr:street" v="Partyzantów"/>
	<tag k="museum" v="local"/>
	<tag k="name" v="Muzeum Miedzi w Legnicy"/>
	<tag k="ref:ckkp" v="DS00333"/>
	<tag k="tourism" v="museum"/>
	<tag k="website" v="http://muzeum-miedzi.art.pl/"/>
	<tag k="wikidata" v="Q1330379"/>
	<tag k="wikipedia" v="pl:Muzeum Miedzi w Legnicy"/>
	<tag k="operator" v="Gmina Legnica"/>
	<tag k="operator:type" v="government"/>
	<tag k="source:tourism" v="Wykaz Muzeów, wypis na dzień 2026-04-09"/>
	<nd ref="7151224758"/>
	<nd ref="8294124285"/>
	<nd ref="8294124284"/>
	<nd ref="8294124283"/>
	<nd ref="8294124282"/>
	<nd ref="8294124281"/>
	<nd ref="8294124280"/>
	<nd ref="8294124279"/>
	<nd ref="8294124251"/>
	<nd ref="8294124250"/>
	<nd ref="8294124278"/>
	<nd ref="8294124277"/>
	<nd ref="8294124247"/>
	<nd ref="8294124269"/>
	<nd ref="8294124276"/>
	<nd ref="8294124275"/>
	<nd ref="8294124274"/>
	<nd ref="8294124273"/>
	<nd ref="8294124272"/>
	<nd ref="8294124258"/>
	<nd ref="4542501278"/>
	<nd ref="4542501250"/>
	<nd ref="4542501304"/>
	<nd ref="4542501185"/>
	<nd ref="7151224761"/>
	<nd ref="4542501161"/>
	<nd ref="4542501130"/>
	<nd ref="4542501132"/>
	<nd ref="4542501133"/>
	<nd ref="11811332659"/>
	<nd ref="4542501274"/>
	<nd ref="4542501275"/>
	<nd ref="4542501395"/>
	<nd ref="4542501392"/>
	<nd ref="4542501394"/>
	<nd ref="4542501390"/>
	<nd ref="4542501393"/>
	<nd ref="4542501389"/>
	<nd ref="4542501391"/>
	<nd ref="4542501419"/>
	<nd ref="4542501418"/>
	<nd ref="4542501415"/>
	<nd ref="4542501417"/>
	<nd ref="4542501317"/>
	<nd ref="4542501416"/>
	<nd ref="4542501320"/>
	<nd ref="4542501318"/>
	<nd ref="4542501319"/>
	<nd ref="4542501321"/>
	<nd ref="4542501359"/>
	<nd ref="4542501360"/>
	<nd ref="4542501361"/>
	<nd ref="4542501362"/>
	<nd ref="4542501490"/>
	<nd ref="4542501492"/>
	<nd ref="4542501489"/>
	<nd ref="4542501491"/>
	<nd ref="4542501494"/>
	<nd ref="4542501493"/>
	<nd ref="4542501510"/>
	<nd ref="4542501511"/>
	<nd ref="4542501512"/>
	<nd ref="4542501513"/>
	<nd ref="4542501536"/>
	<nd ref="4542501538"/>
	<nd ref="4542501535"/>
	<nd ref="4542501537"/>
	<nd ref="4542501539"/>
	<nd ref="4542501571"/>
	<nd ref="4542501572"/>
	<nd ref="4542501573"/>
	<nd ref="4542501575"/>
	<nd ref="4542501574"/>
	<nd ref="4542501695"/>
	<nd ref="4542501693"/>
	<nd ref="4542501694"/>
	<nd ref="4542501696"/>
	<nd ref="4542501721"/>
	<nd ref="4542501723"/>
	<nd ref="4542501724"/>
	<nd ref="8294124271"/>
	<nd ref="4542501743"/>
	<nd ref="4542501745"/>
	<nd ref="4542501744"/>
	<nd ref="4542501746"/>
	<nd ref="4542501770"/>
	<nd ref="4542501768"/>
	<nd ref="4542501769"/>
	<nd ref="4542501771"/>
	<nd ref="4542501772"/>
	<nd ref="4542501773"/>
	<nd ref="4542501894"/>
	<nd ref="4542501892"/>
	<nd ref="4542501893"/>
	<nd ref="7151224758"/>
</way>
<node id="4542501130" lat="51.2083335" lon="16.1592459" version="1" timestamp="2016-12-07T06:14:51Z"  changeset="44226787" uid="2445224" user="rowers2">

</node>
<node id="4542501132" lat="51.2083356" lon="16.1592421" version="1" timestamp="2016-12-07T06:14:51Z"  changeset="44226787" uid="2445224" user="rowers2">

</node>
<node id="4542501133" lat="51.208337" lon="16.1592444" version="1" timestamp="2016-12-07T06:14:51Z"  changeset="44226787" uid="2445224" user="rowers2">

</node>
<node id="4542501161" lat="51.2083893" lon="16.1593758" version="1" timestamp="2016-12-07T06:14:51Z"  changeset="44226787" uid="2445224" user="rowers2">

</node>
<node id="4542501185" lat="51.2085119" lon="16.1592447" version="1" timestamp="2016-12-07T06:14:51Z"  changeset="44226787" uid="2445224" user="rowers2">

</node>
<node id="4542501250" lat="51.2085695" lon="16.1593156" version="1" timestamp="2016-12-07T06:14:52Z"  changeset="44226787" uid="2445224" user="rowers2">

</node>
<node id="4542501274" lat="51.2086244" lon="16.1589425" version="1" timestamp="2016-12-07T06:14:53Z"  changeset="44226787" uid="2445224" user="rowers2">

</node>
<node id="4542501275" lat="51.2086231" lon="16.1589373" version="1" timestamp="2016-12-07T06:14:53Z"  changeset="44226787" uid="2445224" user="rowers2">

</node>
<node id="4542501278" lat="51.2086122" lon="16.1594151" version="1" timestamp="2016-12-07T06:14:53Z"  changeset="44226787" uid="2445224" user="rowers2">

</node>
<node id="4542501304" lat="51.2085513" lon="16.1593361" version="1" timestamp="2016-12-07T06:14:52Z"  changeset="44226787" uid="2445224" user="rowers2">

</node>
<node id="4542501317" lat="51.2086812" lon="16.1588653" version="1" timestamp="2016-12-07T06:14:54Z"  changeset="44226787" uid="2445224" user="rowers2">

</node>
<node id="4542501318" lat="51.2086925" lon="16.1588519" version="1" timestamp="2016-12-07T06:14:54Z"  changeset="44226787" uid="2445224" user="rowers2">

</node>
<node id="4542501319" lat="51.2086997" lon="16.1588649" version="1" timestamp="2016-12-07T06:14:54Z"  changeset="44226787" uid="2445224" user="rowers2">

</node>
<node id="4542501320" lat="51.2086885" lon="16.1588515" version="1" timestamp="2016-12-07T06:14:54Z"  changeset="44226787" uid="2445224" user="rowers2">

</node>
<node id="4542501321" lat="51.2086976" lon="16.1588678" version="1" timestamp="2016-12-07T06:14:54Z"  changeset="44226787" uid="2445224" user="rowers2">

</node>
<node id="4542501359" lat="51.208713" lon="16.1588965" version="1" timestamp="2016-12-07T06:14:54Z"  changeset="44226787" uid="2445224" user="rowers2">

</node>
<node id="4542501360" lat="51.2087153" lon="16.1588935" version="1" timestamp="2016-12-07T06:14:54Z"  changeset="44226787" uid="2445224" user="rowers2">

</node>
<node id="4542501361" lat="51.2087225" lon="16.1589067" version="1" timestamp="2016-12-07T06:14:54Z"  changeset="44226787" uid="2445224" user="rowers2">

</node>
<node id="4542501362" lat="51.2087205" lon="16.1589093" version="1" timestamp="2016-12-07T06:14:54Z"  changeset="44226787" uid="2445224" user="rowers2">

</node>
<node id="4542501389" lat="51.2086495" lon="16.1589016" version="1" timestamp="2016-12-07T06:14:53Z"  changeset="44226787" uid="2445224" user="rowers2">

</node>
<node id="4542501390" lat="51.208643" lon="16.1589152" version="1" timestamp="2016-12-07T06:14:53Z"  changeset="44226787" uid="2445224" user="rowers2">

</node>
<node id="4542501391" lat="51.2086513" lon="16.1589051" version="1" timestamp="2016-12-07T06:14:53Z"  changeset="44226787" uid="2445224" user="rowers2">

</node>
<node id="4542501392" lat="51.2086337" lon="16.158922" version="1" timestamp="2016-12-07T06:14:53Z"  changeset="44226787" uid="2445224" user="rowers2">

</node>
<node id="4542501393" lat="51.2086412" lon="16.1589122" version="1" timestamp="2016-12-07T06:14:53Z"  changeset="44226787" uid="2445224" user="rowers2">

</node>
<node id="4542501394" lat="51.2086353" lon="16.1589245" version="1" timestamp="2016-12-07T06:14:53Z"  changeset="44226787" uid="2445224" user="rowers2">

</node>
<node id="4542501395" lat="51.2086252" lon="16.1589328" version="1" timestamp="2016-12-07T06:14:53Z"  changeset="44226787" uid="2445224" user="rowers2">

</node>
<node id="4542501415" lat="51.2086727" lon="16.1588717" version="1" timestamp="2016-12-07T06:14:53Z"  changeset="44226787" uid="2445224" user="rowers2">

</node>
<node id="4542501416" lat="51.20868" lon="16.1588622" version="1" timestamp="2016-12-07T06:14:53Z"  changeset="44226787" uid="2445224" user="rowers2">

</node>
<node id="4542501417" lat="51.2086747" lon="16.1588743" version="1" timestamp="2016-12-07T06:14:53Z"  changeset="44226787" uid="2445224" user="rowers2">

</node>
<node id="4542501418" lat="51.2086643" lon="16.1588825" version="1" timestamp="2016-12-07T06:14:53Z"  changeset="44226787" uid="2445224" user="rowers2">

</node>
<node id="4542501419" lat="51.2086658" lon="16.1588849" version="1" timestamp="2016-12-07T06:14:53Z"  changeset="44226787" uid="2445224" user="rowers2">

</node>
<node id="4542501489" lat="51.2087453" lon="16.1589483" version="1" timestamp="2016-12-07T06:14:55Z"  changeset="44226787" uid="2445224" user="rowers2">

</node>
<node id="4542501490" lat="51.2087362" lon="16.1589382" version="1" timestamp="2016-12-07T06:14:55Z"  changeset="44226787" uid="2445224" user="rowers2">

</node>
<node id="4542501491" lat="51.2087434" lon="16.1589507" version="1" timestamp="2016-12-07T06:14:55Z"  changeset="44226787" uid="2445224" user="rowers2">

</node>
<node id="4542501492" lat="51.2087381" lon="16.1589351" version="1" timestamp="2016-12-07T06:14:55Z"  changeset="44226787" uid="2445224" user="rowers2">

</node>
<node id="4542501493" lat="51.208761" lon="16.158977" version="1" timestamp="2016-12-07T06:14:55Z"  changeset="44226787" uid="2445224" user="rowers2">

</node>
<node id="4542501494" lat="51.2087592" lon="16.1589791" version="1" timestamp="2016-12-07T06:14:55Z"  changeset="44226787" uid="2445224" user="rowers2">

</node>
<node id="4542501510" lat="51.208768" lon="16.1589901" version="1" timestamp="2016-12-07T06:14:55Z"  changeset="44226787" uid="2445224" user="rowers2">

</node>
<node id="4542501511" lat="51.2087662" lon="16.158993" version="1" timestamp="2016-12-07T06:14:55Z"  changeset="44226787" uid="2445224" user="rowers2">

</node>
<node id="4542501512" lat="51.208782" lon="16.1590203" version="1" timestamp="2016-12-07T06:14:55Z"  changeset="44226787" uid="2445224" user="rowers2">

</node>
<node id="4542501513" lat="51.2087842" lon="16.1590181" version="1" timestamp="2016-12-07T06:14:55Z"  changeset="44226787" uid="2445224" user="rowers2">

</node>
<node id="4542501535" lat="51.2088081" lon="16.1590669" version="1" timestamp="2016-12-07T06:14:56Z"  changeset="44226787" uid="2445224" user="rowers2">

</node>
<node id="4542501536" lat="51.2087993" lon="16.1590455" version="1" timestamp="2016-12-07T06:14:56Z"  changeset="44226787" uid="2445224" user="rowers2">

</node>
<node id="4542501537" lat="51.2088095" lon="16.1590644" version="1" timestamp="2016-12-07T06:14:56Z"  changeset="44226787" uid="2445224" user="rowers2">

</node>
<node id="4542501538" lat="51.2087971" lon="16.1590483" version="1" timestamp="2016-12-07T06:14:56Z"  changeset="44226787" uid="2445224" user="rowers2">

</node>
<node id="4542501539" lat="51.2088179" lon="16.1590785" version="1" timestamp="2016-12-07T06:14:56Z"  changeset="44226787" uid="2445224" user="rowers2">

</node>
<node id="4542501571" lat="51.2088223" lon="16.1590785" version="1" timestamp="2016-12-07T06:14:56Z"  changeset="44226787" uid="2445224" user="rowers2">

</node>
<node id="4542501572" lat="51.2088399" lon="16.159111" version="1" timestamp="2016-12-07T06:14:56Z"  changeset="44226787" uid="2445224" user="rowers2">

</node>
<node id="4542501573" lat="51.2088399" lon="16.1591184" version="1" timestamp="2016-12-07T06:14:56Z"  changeset="44226787" uid="2445224" user="rowers2">

</node>
<node id="4542501574" lat="51.2088453" lon="16.1591365" version="1" timestamp="2016-12-07T06:14:56Z"  changeset="44226787" uid="2445224" user="rowers2">

</node>
<node id="4542501575" lat="51.2088472" lon="16.1591332" version="1" timestamp="2016-12-07T06:14:56Z"  changeset="44226787" uid="2445224" user="rowers2">

</node>
<node id="4542501693" lat="51.2088573" lon="16.1591522" version="1" timestamp="2016-12-07T06:14:56Z"  changeset="44226787" uid="2445224" user="rowers2">

</node>
<node id="4542501694" lat="51.2088724" lon="16.1591801" version="1" timestamp="2016-12-07T06:14:56Z"  changeset="44226787" uid="2445224" user="rowers2">

</node>
<node id="4542501695" lat="51.2088556" lon="16.159155" version="1" timestamp="2016-12-07T06:14:56Z"  changeset="44226787" uid="2445224" user="rowers2">

</node>
<node id="4542501696" lat="51.2088707" lon="16.1591834" version="1" timestamp="2016-12-07T06:14:56Z"  changeset="44226787" uid="2445224" user="rowers2">

</node>
<node id="4542501721" lat="51.2088859" lon="16.1592112" version="1" timestamp="2016-12-07T06:14:57Z"  changeset="44226787" uid="2445224" user="rowers2">

</node>
<node id="4542501723" lat="51.2088876" lon="16.1592089" version="1" timestamp="2016-12-07T06:14:57Z"  changeset="44226787" uid="2445224" user="rowers2">

</node>
<node id="4542501724" lat="51.2088948" lon="16.1592221" version="1" timestamp="2016-12-07T06:14:57Z"  changeset="44226787" uid="2445224" user="rowers2">

</node>
<node id="4542501743" lat="51.2089089" lon="16.1592542" version="1" timestamp="2016-12-07T06:14:57Z"  changeset="44226787" uid="2445224" user="rowers2">

</node>
<node id="4542501744" lat="51.2089175" lon="16.1592637" version="1" timestamp="2016-12-07T06:14:57Z"  changeset="44226787" uid="2445224" user="rowers2">

</node>
<node id="4542501745" lat="51.2089103" lon="16.159251" version="1" timestamp="2016-12-07T06:14:57Z"  changeset="44226787" uid="2445224" user="rowers2">

</node>
<node id="4542501746" lat="51.2089157" lon="16.159267" version="1" timestamp="2016-12-07T06:14:57Z"  changeset="44226787" uid="2445224" user="rowers2">

</node>
<node id="4542501768" lat="51.2089331" lon="16.1592932" version="1" timestamp="2016-12-07T06:14:58Z"  changeset="44226787" uid="2445224" user="rowers2">

</node>
<node id="4542501769" lat="51.2089404" lon="16.159306" version="1" timestamp="2016-12-07T06:14:58Z"  changeset="44226787" uid="2445224" user="rowers2">

</node>
<node id="4542501770" lat="51.2089315" lon="16.1592954" version="1" timestamp="2016-12-07T06:14:58Z"  changeset="44226787" uid="2445224" user="rowers2">

</node>
<node id="4542501771" lat="51.2089385" lon="16.1593091" version="1" timestamp="2016-12-07T06:14:58Z"  changeset="44226787" uid="2445224" user="rowers2">

</node>
<node id="4542501772" lat="51.2089541" lon="16.1593369" version="1" timestamp="2016-12-07T06:14:58Z"  changeset="44226787" uid="2445224" user="rowers2">

</node>
<node id="4542501773" lat="51.2089561" lon="16.1593346" version="1" timestamp="2016-12-07T06:14:58Z"  changeset="44226787" uid="2445224" user="rowers2">

</node>
<node id="4542501892" lat="51.2089622" lon="16.1593501" version="1" timestamp="2016-12-07T06:14:58Z"  changeset="44226787" uid="2445224" user="rowers2">

</node>
<node id="4542501893" lat="51.2089652" lon="16.1593568" version="1" timestamp="2016-12-07T06:14:58Z"  changeset="44226787" uid="2445224" user="rowers2">

</node>
<node id="4542501894" lat="51.2089632" lon="16.1593474" version="1" timestamp="2016-12-07T06:14:58Z"  changeset="44226787" uid="2445224" user="rowers2">

</node>
<node id="7151224758" lat="51.208952" lon="16.1593726" version="1" timestamp="2020-01-22T12:46:43Z"  changeset="79917119" uid="2274390" user="dzidek23">

</node>
<node id="7151224761" lat="51.208464" lon="16.1592958" version="2" timestamp="2021-01-05T16:11:40Z"  changeset="96992583" uid="2567476" user="_AENL">

</node>
<node id="8294124247" lat="51.2088381" lon="16.1599439" version="1" timestamp="2021-01-05T16:11:40Z"  changeset="96992583" uid="2567476" user="_AENL">

</node>
<node id="8294124250" lat="51.2090559" lon="16.1597341" version="1" timestamp="2021-01-05T16:11:40Z"  changeset="96992583" uid="2567476" user="_AENL">

</node>
<node id="8294124251" lat="51.2090788" lon="16.159709" version="1" timestamp="2021-01-05T16:11:40Z"  changeset="96992583" uid="2567476" user="_AENL">

</node>
<node id="8294124258" lat="51.2086301" lon="16.1594581" version="1" timestamp="2021-01-05T16:11:40Z"  changeset="96992583" uid="2567476" user="_AENL">

</node>
<node id="8294124269" lat="51.2088164" lon="16.1599682" version="1" timestamp="2021-01-05T16:11:40Z"  changeset="96992583" uid="2567476" user="_AENL">

</node>
<node id="8294124271" lat="51.2088946" lon="16.1592295" version="1" timestamp="2021-01-05T16:11:40Z"  changeset="96992583" uid="2567476" user="_AENL">

</node>
<node id="8294124272" lat="51.2087579" lon="16.1597641" version="1" timestamp="2021-01-05T16:11:40Z"  changeset="96992583" uid="2567476" user="_AENL">

</node>
<node id="8294124273" lat="51.2087353" lon="16.1597857" version="1" timestamp="2021-01-05T16:11:40Z"  changeset="96992583" uid="2567476" user="_AENL">

</node>
<node id="8294124274" lat="51.2087634" lon="16.1598529" version="1" timestamp="2021-01-05T16:11:40Z"  changeset="96992583" uid="2567476" user="_AENL">

</node>
<node id="8294124275" lat="51.2087456" lon="16.1598738" version="1" timestamp="2021-01-05T16:11:40Z"  changeset="96992583" uid="2567476" user="_AENL">

</node>
<node id="8294124276" lat="51.2087985" lon="16.1599882" version="1" timestamp="2021-01-05T16:11:40Z"  changeset="96992583" uid="2567476" user="_AENL">

</node>
<node id="8294124277" lat="51.2088765" lon="16.159901" version="1" timestamp="2021-01-05T16:11:40Z"  changeset="96992583" uid="2567476" user="_AENL">

</node>
<node id="8294124278" lat="51.208885" lon="16.1599218" version="1" timestamp="2021-01-05T16:11:40Z"  changeset="96992583" uid="2567476" user="_AENL">

</node>
<node id="8294124279" lat="51.2090891" lon="16.1596976" version="1" timestamp="2021-01-05T16:11:40Z"  changeset="96992583" uid="2567476" user="_AENL">

</node>
<node id="8294124280" lat="51.20905" lon="16.1596192" version="1" timestamp="2021-01-05T16:11:40Z"  changeset="96992583" uid="2567476" user="_AENL">

</node>
<node id="8294124281" lat="51.2090207" lon="16.159654" version="1" timestamp="2021-01-05T16:11:40Z"  changeset="96992583" uid="2567476" user="_AENL">

</node>
<node id="8294124282" lat="51.2089918" lon="16.1595871" version="1" timestamp="2021-01-05T16:11:40Z"  changeset="96992583" uid="2567476" user="_AENL">

</node>
<node id="8294124283" lat="51.2090134" lon="16.1595631" version="1" timestamp="2021-01-05T16:11:40Z"  changeset="96992583" uid="2567476" user="_AENL">

</node>
<node id="8294124284" lat="51.2089823" lon="16.1594951" version="1" timestamp="2021-01-05T16:11:40Z"  changeset="96992583" uid="2567476" user="_AENL">

</node>
<node id="8294124285" lat="51.2090014" lon="16.1594686" version="1" timestamp="2021-01-05T16:11:40Z"  changeset="96992583" uid="2567476" user="_AENL">

</node>
<node id="11811332659" lat="51.2084554" lon="16.1591201" version="1" timestamp="2024-04-12T08:57:21Z"  changeset="149899743" uid="2274390" user="dzidek23">
	<tag k="entrance" v="main"/>
	<tag k="name" v="Wejście do muzeum"/>
</node>
<way id="240434076" version="10" timestamp="2025-11-13T11:21:41Z" action="modify" changeset="174600083" uid="1682993" user="szedar">
	<tag k="addr:city" v="Żywiec"/>
	<tag k="addr:housenumber" v="2"/>
	<tag k="addr:postcode" v="34-300"/>
	<tag k="addr:street" v="Zamkowa"/>
	<tag k="building" v="yes"/>
	<tag k="heritage" v="2"/>
	<tag k="heritage:operator" v="nid"/>
	<tag k="historic" v="castle"/>
	<tag k="name" v="Muzeum Miejskie w Żywcu"/>
	<tag k="phone" v="+48 33 861 21 24"/>
	<tag k="ref:ckkp" v="SL00837"/>
	<tag k="ref:nid" v="A-488/86"/>
	<tag k="tourism" v="museum"/>
	<tag k="website" v="http://www.muzeum-zywiec.pl/"/>
	<tag k="wikidata" v="Q9344377"/>
	<tag k="wikipedia" v="pl:Stary Zamek w Żywcu"/>
	<tag k="operator" v="Miasto Żywiec"/>
	<tag k="operator:type" v="government"/>
	<tag k="source:tourism" v="Wykaz Muzeów, wypis na dzień 2026-04-09"/>
	<nd ref="3842931884"/>
	<nd ref="3842931883"/>
	<nd ref="3842936972"/>
	<nd ref="3842935289"/>
	<nd ref="3842932788"/>
	<nd ref="3842931826"/>
	<nd ref="3842931392"/>
	<nd ref="3842932671"/>
	<nd ref="3842932673"/>
	<nd ref="3842932670"/>
	<nd ref="3842953858"/>
	<nd ref="3842931382"/>
	<nd ref="3842931384"/>
	<nd ref="3842932668"/>
	<nd ref="3842935283"/>
	<nd ref="3842930966"/>
	<nd ref="3842935276"/>
	<nd ref="3842931820"/>
	<nd ref="3842931819"/>
	<nd ref="3842931376"/>
	<nd ref="3842931372"/>
	<nd ref="3842930961"/>
	<nd ref="3842936970"/>
	<nd ref="3842933467"/>
	<nd ref="3842930962"/>
	<nd ref="6460153712"/>
	<nd ref="3842931375"/>
	<nd ref="3842931374"/>
	<nd ref="3842930964"/>
	<nd ref="3842935275"/>
	<nd ref="3842953857"/>
	<nd ref="3842931818"/>
	<nd ref="3842930965"/>
	<nd ref="3842935277"/>
	<nd ref="3842935279"/>
	<nd ref="3842932781"/>
	<nd ref="3842932780"/>
	<nd ref="3842931822"/>
	<nd ref="6460153729"/>
	<nd ref="3842931876"/>
	<nd ref="3842932783"/>
	<nd ref="3842933468"/>
	<nd ref="3842931874"/>
	<nd ref="3842932662"/>
	<nd ref="3842932669"/>
	<nd ref="6460153728"/>
	<nd ref="6460153727"/>
	<nd ref="3842931880"/>
	<nd ref="3842954159"/>
	<nd ref="3842954167"/>
	<nd ref="3842954171"/>
	<nd ref="3842931388"/>
	<nd ref="3842931824"/>
	<nd ref="3842931389"/>
	<nd ref="3842931886"/>
	<nd ref="3842931887"/>
	<nd ref="3842931889"/>
	<nd ref="3842931827"/>
	<nd ref="3842932787"/>
	<nd ref="3842954176"/>
	<nd ref="3842932677"/>
	<nd ref="3842931884"/>
</way>
<node id="3842930961" lat="49.687857" lon="19.2000138" version="1" timestamp="2015-11-18T16:54:16Z"  changeset="35411886" uid="693154" user="Władysław Komorek">

</node>
<node id="3842930962" lat="49.6878692" lon="19.2000261" version="1" timestamp="2015-11-18T16:54:17Z"  changeset="35411886" uid="693154" user="Władysław Komorek">

</node>
<node id="3842930964" lat="49.6879057" lon="19.2000696" version="1" timestamp="2015-11-18T16:54:18Z"  changeset="35411886" uid="693154" user="Władysław Komorek">

</node>
<node id="3842930965" lat="49.6879999" lon="19.2001523" version="1" timestamp="2015-11-18T16:54:19Z"  changeset="35411886" uid="693154" user="Władysław Komorek">

</node>
<node id="3842930966" lat="49.6880061" lon="19.1996069" version="1" timestamp="2015-11-18T16:54:19Z"  changeset="35411886" uid="693154" user="Władysław Komorek">

</node>
<node id="3842931372" lat="49.6878529" lon="19.2000089" version="1" timestamp="2015-11-18T16:54:16Z"  changeset="35411886" uid="693154" user="Władysław Komorek">

</node>
<node id="3842931374" lat="49.6878921" lon="19.200055" version="1" timestamp="2015-11-18T16:54:17Z"  changeset="35411886" uid="693154" user="Władysław Komorek">

</node>
<node id="3842931375" lat="49.6878933" lon="19.2000511" version="1" timestamp="2015-11-18T16:54:17Z"  changeset="35411886" uid="693154" user="Władysław Komorek">

</node>
<node id="3842931376" lat="49.6879054" lon="19.1998849" version="1" timestamp="2015-11-18T16:54:17Z"  changeset="35411886" uid="693154" user="Władysław Komorek">

</node>
<node id="3842931382" lat="49.6882233" lon="19.1997442" version="1" timestamp="2015-11-18T16:54:26Z"  changeset="35411886" uid="693154" user="Władysław Komorek">

</node>
<node id="3842931384" lat="49.688236" lon="19.1997018" version="1" timestamp="2015-11-18T16:54:26Z"  changeset="35411886" uid="693154" user="Władysław Komorek">

</node>
<node id="3842931388" lat="49.6883288" lon="19.2004044" version="1" timestamp="2015-11-18T16:54:32Z"  changeset="35411886" uid="693154" user="Władysław Komorek">

</node>
<node id="3842931389" lat="49.6883548" lon="19.2004054" version="1" timestamp="2015-11-18T16:54:33Z"  changeset="35411886" uid="693154" user="Władysław Komorek">

</node>
<node id="3842931392" lat="49.6883724" lon="19.199871" version="1" timestamp="2015-11-18T16:54:34Z"  changeset="35411886" uid="693154" user="Władysław Komorek">

</node>
<node id="3842931818" lat="49.6879499" lon="19.2001035" version="1" timestamp="2015-11-18T16:54:18Z"  changeset="35411886" uid="693154" user="Władysław Komorek">

</node>
<node id="3842931819" lat="49.6879571" lon="19.1999313" version="1" timestamp="2015-11-18T16:54:18Z"  changeset="35411886" uid="693154" user="Władysław Komorek">

</node>
<node id="3842931820" lat="49.6880061" lon="19.1997879" version="1" timestamp="2015-11-18T16:54:19Z"  changeset="35411886" uid="693154" user="Władysław Komorek">

</node>
<node id="3842931822" lat="49.6881158" lon="19.2002693" version="1" timestamp="2015-11-18T16:54:21Z"  changeset="35411886" uid="693154" user="Władysław Komorek">

</node>
<node id="3842931824" lat="49.6883477" lon="19.2004111" version="1" timestamp="2015-11-18T16:54:33Z"  changeset="35411886" uid="693154" user="Władysław Komorek">

</node>
<node id="3842931826" lat="49.6883983" lon="19.1998516" version="1" timestamp="2015-11-18T16:54:36Z"  changeset="35411886" uid="693154" user="Władysław Komorek">

</node>
<node id="3842931827" lat="49.6884389" lon="19.2003153" version="1" timestamp="2015-11-18T16:54:37Z"  changeset="35411886" uid="693154" user="Władysław Komorek">

</node>
<node id="3842931874" lat="49.6880515" lon="19.2000432" version="1" timestamp="2015-11-18T16:54:20Z"  changeset="35411886" uid="693154" user="Władysław Komorek">

</node>
<node id="3842931876" lat="49.6881376" lon="19.200242" version="1" timestamp="2015-11-18T16:54:22Z"  changeset="35411886" uid="693154" user="Władysław Komorek">

</node>
<node id="3842931880" lat="49.6881696" lon="19.2003031" version="1" timestamp="2015-11-18T16:54:23Z"  changeset="35411886" uid="693154" user="Władysław Komorek">

</node>
<node id="3842931883" lat="49.6883329" lon="19.2001932" version="1" timestamp="2015-11-18T16:54:32Z"  changeset="35411886" uid="693154" user="Władysław Komorek">

</node>
<node id="3842931884" lat="49.688344" lon="19.2001847" version="1" timestamp="2015-11-18T16:54:33Z"  changeset="35411886" uid="693154" user="Władysław Komorek">

</node>
<node id="3842931886" lat="49.6883653" lon="19.2003638" version="1" timestamp="2015-11-18T16:54:34Z"  changeset="35411886" uid="693154" user="Władysław Komorek">

</node>
<node id="3842931887" lat="49.6883979" lon="19.2003384" version="1" timestamp="2015-11-18T16:54:36Z"  changeset="35411886" uid="693154" user="Władysław Komorek">

</node>
<node id="3842931889" lat="49.6884302" lon="19.2003568" version="1" timestamp="2015-11-18T16:54:37Z"  changeset="35411886" uid="693154" user="Władysław Komorek">

</node>
<node id="3842932662" lat="49.6881063" lon="19.1998673" version="1" timestamp="2015-11-18T16:54:21Z"  changeset="35411886" uid="693154" user="Władysław Komorek">

</node>
<node id="3842932668" lat="49.6882157" lon="19.1996868" version="1" timestamp="2015-11-18T16:54:26Z"  changeset="35411886" uid="693154" user="Władysław Komorek">

</node>
<node id="3842932669" lat="49.6882465" lon="19.199971" version="1" timestamp="2015-11-18T16:54:27Z"  changeset="35411886" uid="693154" user="Władysław Komorek">

</node>
<node id="3842932670" lat="49.6882599" lon="19.1997167" version="1" timestamp="2015-11-18T16:54:27Z"  changeset="35411886" uid="693154" user="Władysław Komorek">

</node>
<node id="3842932671" lat="49.6882672" lon="19.1997768" version="1" timestamp="2015-11-18T16:54:27Z"  changeset="35411886" uid="693154" user="Władysław Komorek">

</node>
<node id="3842932673" lat="49.6882809" lon="19.1997321" version="1" timestamp="2015-11-18T16:54:28Z"  changeset="35411886" uid="693154" user="Władysław Komorek">

</node>
<node id="3842932677" lat="49.6883636" lon="19.2002386" version="1" timestamp="2015-11-18T16:54:33Z"  changeset="35411886" uid="693154" user="Władysław Komorek">

</node>
<node id="3842932780" lat="49.6881138" lon="19.2002566" version="1" timestamp="2015-11-18T16:54:21Z"  changeset="35411886" uid="693154" user="Władysław Komorek">

</node>
<node id="3842932781" lat="49.6881165" lon="19.2002459" version="1" timestamp="2015-11-18T16:54:21Z"  changeset="35411886" uid="693154" user="Władysław Komorek">

</node>
<node id="3842932783" lat="49.6881356" lon="19.2002389" version="1" timestamp="2015-11-18T16:54:22Z"  changeset="35411886" uid="693154" user="Władysław Komorek">

</node>
<node id="3842932787" lat="49.6884018" lon="19.2002896" version="1" timestamp="2015-11-18T16:54:36Z"  changeset="35411886" uid="693154" user="Władysław Komorek">

</node>
<node id="3842932788" lat="49.6884022" lon="19.199915" version="1" timestamp="2015-11-18T16:54:36Z"  changeset="35411886" uid="693154" user="Władysław Komorek">

</node>
<node id="3842933467" lat="49.6878678" lon="19.2000301" version="1" timestamp="2015-11-18T16:54:16Z"  changeset="35411886" uid="693154" user="Władysław Komorek">

</node>
<node id="3842933468" lat="49.6881657" lon="19.2001278" version="1" timestamp="2015-11-18T16:54:23Z"  changeset="35411886" uid="693154" user="Władysław Komorek">

</node>
<node id="3842935275" lat="49.6879081" lon="19.2000656" version="1" timestamp="2015-11-18T16:54:18Z"  changeset="35411886" uid="693154" user="Władysław Komorek">

</node>
<node id="3842935276" lat="49.6879578" lon="19.1997432" version="1" timestamp="2015-11-18T16:54:19Z"  changeset="35411886" uid="693154" user="Władysław Komorek">

</node>
<node id="3842935277" lat="49.6879999" lon="19.2001524" version="1" timestamp="2015-11-18T16:54:19Z"  changeset="35411886" uid="693154" user="Władysław Komorek">

</node>
<node id="3842935279" lat="49.6880277" lon="19.2001795" version="1" timestamp="2015-11-18T16:54:19Z"  changeset="35411886" uid="693154" user="Władysław Komorek">

</node>
<node id="3842935283" lat="49.6882011" lon="19.199729" version="1" timestamp="2015-11-18T16:54:25Z"  changeset="35411886" uid="693154" user="Władysław Komorek">

</node>
<node id="3842935289" lat="49.6883762" lon="19.1999023" version="1" timestamp="2015-11-18T16:54:35Z"  changeset="35411886" uid="693154" user="Władysław Komorek">

</node>
<node id="3842936970" lat="49.687856" lon="19.2000172" version="1" timestamp="2015-11-18T16:54:16Z"  changeset="35411886" uid="693154" user="Władysław Komorek">

</node>
<node id="3842936972" lat="49.6882979" lon="19.2001657" version="1" timestamp="2015-11-18T16:54:29Z"  changeset="35411886" uid="693154" user="Władysław Komorek">

</node>
<node id="3842953857" lat="49.6879476" lon="19.2001073" version="1" timestamp="2015-11-18T16:54:18Z"  changeset="35411886" uid="693154" user="Władysław Komorek">

</node>
<node id="3842953858" lat="49.688245" lon="19.1997591" version="1" timestamp="2015-11-18T16:54:27Z"  changeset="35411886" uid="693154" user="Władysław Komorek">

</node>
<node id="3842954159" lat="49.6881759" lon="19.2002689" version="1" timestamp="2015-11-18T16:54:24Z"  changeset="35411886" uid="693154" user="Władysław Komorek">

</node>
<node id="3842954167" lat="49.6883189" lon="19.2003187" version="1" timestamp="2015-11-18T16:54:31Z"  changeset="35411886" uid="693154" user="Władysław Komorek">

</node>
<node id="3842954171" lat="49.6883372" lon="19.2003574" version="1" timestamp="2015-11-18T16:54:32Z"  changeset="35411886" uid="693154" user="Władysław Komorek">

</node>
<node id="3842954176" lat="49.6883724" lon="19.2002303" version="1" timestamp="2015-11-18T16:54:34Z"  changeset="35411886" uid="693154" user="Władysław Komorek">

</node>
<node id="6460153712" lat="49.6878814" lon="19.2000383" version="1" timestamp="2019-05-08T22:52:15Z"  changeset="70051506" uid="6529331" user="edc22">
	<tag k="artwork_type" v="painting"/>
	<tag k="location" v="wall"/>
	<tag k="subject:wikidata" v="Q53452"/>
	<tag k="subject:wikipedia" v="pl:Jan II Kazimierz Waza"/>
	<tag k="tourism" v="artwork"/>
</node>
<node id="6460153727" lat="49.6881611" lon="19.2003089" version="1" timestamp="2019-05-08T22:52:16Z"  changeset="70051506" uid="6529331" user="edc22">

</node>
<node id="6460153728" lat="49.688147" lon="19.2002904" version="1" timestamp="2019-05-08T22:52:16Z"  changeset="70051506" uid="6529331" user="edc22">

</node>
<node id="6460153729" lat="49.6881194" lon="19.2002823" version="1" timestamp="2019-05-08T22:52:16Z"  changeset="70051506" uid="6529331" user="edc22">

</node>
<way id="144723180" version="15" timestamp="2024-08-08T20:43:04Z" action="modify" changeset="154996907" uid="2313574" user="szydzio">
	<tag k="addr:city" v="Jelenia Góra"/>
	<tag k="addr:housenumber" v="32"/>
	<tag k="addr:postcode" v="58-570"/>
	<tag k="addr:street" v="Michałowicka"/>
	<tag k="air_conditioning" v="no"/>
	<tag k="architect" v="Hans Grisebach"/>
	<tag k="architect:wikidata" v="Q98559"/>
	<tag k="architect:wikipedia" v="pl:Hans Grisebach"/>
	<tag k="building" v="yes"/>
	<tag k="historic" v="villa"/>
	<tag k="museum" v="person"/>
	<tag k="museum_type" v="municipal"/>
	<tag k="name" v="Muzeum Miejskie Dom Gerharta Hauptmanna w Jeleniej Górze"/>
	<tag k="name:de" v="Gerhart-Hauptmann-Haus"/>
	<tag k="official_name" v="Muzeum Miejskie Dom Gerharta Hauptmanna"/>
	<tag k="payment:apple_pay" v="yes"/>
	<tag k="payment:cards" v="yes"/>
	<tag k="payment:cash" v="yes"/>
	<tag k="payment:contactless" v="yes"/>
	<tag k="payment:credit_cards" v="yes"/>
	<tag k="payment:debit_cards" v="yes"/>
	<tag k="payment:google_pay" v="yes"/>
	<tag k="payment:mastercard" v="yes"/>
	<tag k="payment:visa" v="yes"/>
	<tag k="payment:visa_debit" v="yes"/>
	<tag k="short_name" v="Dom Hauptmanna"/>
	<tag k="source:addr" v="gugik.gov.pl"/>
	<tag k="tourism" v="museum"/>
	<tag k="website" v="http://www.muzeum-dgh.pl/"/>
	<tag k="wikidata" v="Q11787071"/>
	<tag k="wikipedia" v="pl:Muzeum Miejskie „Dom Gerharta Hauptmanna”"/>
	<tag k="operator" v="Miasto Jelenia Góra"/>
	<tag k="operator:type" v="government"/>
	<tag k="source:tourism" v="Wykaz Muzeów, wypis na dzień 2026-04-09"/>
	<nd ref="4982440394"/>
	<nd ref="4982440393"/>
	<nd ref="4002478005"/>
	<nd ref="4002478013"/>
	<nd ref="4002478014"/>
	<nd ref="4002478020"/>
	<nd ref="4002478021"/>
	<nd ref="11743276522"/>
	<nd ref="4982440396"/>
	<nd ref="4982440376"/>
	<nd ref="4982440386"/>
	<nd ref="4982440385"/>
	<nd ref="4982440384"/>
	<nd ref="4982440383"/>
	<nd ref="4982440382"/>
	<nd ref="4982440381"/>
	<nd ref="4982440380"/>
	<nd ref="4982440387"/>
	<nd ref="4982440379"/>
	<nd ref="4982440378"/>
	<nd ref="4982440377"/>
	<nd ref="4982440375"/>
	<nd ref="4982440395"/>
	<nd ref="4002478006"/>
	<nd ref="4982440392"/>
	<nd ref="4982440391"/>
	<nd ref="4982440390"/>
	<nd ref="4982440389"/>
	<nd ref="4982440388"/>
	<nd ref="4982440394"/>
</way>
<node id="4002478005" lat="50.816835" lon="15.6080873" version="3" timestamp="2024-03-19T05:53:07Z"  changeset="148843736" uid="4670268" user="editore">

</node>
<node id="4002478006" lat="50.8168406" lon="15.6077507" version="3" timestamp="2024-03-19T05:53:07Z"  changeset="148843736" uid="4670268" user="editore">

</node>
<node id="4002478013" lat="50.8169044" lon="15.6080915" version="3" timestamp="2024-03-19T05:53:07Z"  changeset="148843736" uid="4670268" user="editore">

</node>
<node id="4002478014" lat="50.8169051" lon="15.6080464" version="3" timestamp="2024-03-19T05:53:07Z"  changeset="148843736" uid="4670268" user="editore">

</node>
<node id="4002478020" lat="50.8169708" lon="15.6080491" version="3" timestamp="2024-03-19T05:53:07Z"  changeset="148843736" uid="4670268" user="editore">

</node>
<node id="4002478021" lat="50.8169723" lon="15.6079641" version="3" timestamp="2024-03-19T05:53:07Z"  changeset="148843736" uid="4670268" user="editore">

</node>
<node id="4982440375" lat="50.8170004" lon="15.6078615" version="2" timestamp="2024-03-19T05:53:07Z"  changeset="148843736" uid="4670268" user="editore">

</node>
<node id="4982440376" lat="50.8169999" lon="15.6078944" version="2" timestamp="2024-03-19T05:53:07Z"  changeset="148843736" uid="4670268" user="editore">

</node>
<node id="4982440377" lat="50.8170028" lon="15.6078593" version="2" timestamp="2024-03-19T05:53:07Z"  changeset="148843736" uid="4670268" user="editore">

</node>
<node id="4982440378" lat="50.8170077" lon="15.6078582" version="2" timestamp="2024-03-19T05:53:07Z"  changeset="148843736" uid="4670268" user="editore">

</node>
<node id="4982440379" lat="50.8170125" lon="15.6078602" version="2" timestamp="2024-03-19T05:53:07Z"  changeset="148843736" uid="4670268" user="editore">

</node>
<node id="4982440380" lat="50.8170189" lon="15.6078718" version="2" timestamp="2024-03-19T05:53:07Z"  changeset="148843736" uid="4670268" user="editore">

</node>
<node id="4982440381" lat="50.8170196" lon="15.6078795" version="2" timestamp="2024-03-19T05:53:07Z"  changeset="148843736" uid="4670268" user="editore">

</node>
<node id="4982440382" lat="50.8170183" lon="15.6078871" version="2" timestamp="2024-03-19T05:53:07Z"  changeset="148843736" uid="4670268" user="editore">

</node>
<node id="4982440383" lat="50.8170153" lon="15.6078933" version="2" timestamp="2024-03-19T05:53:07Z"  changeset="148843736" uid="4670268" user="editore">

</node>
<node id="4982440384" lat="50.8170111" lon="15.6078972" version="2" timestamp="2024-03-19T05:53:07Z"  changeset="148843736" uid="4670268" user="editore">

</node>
<node id="4982440385" lat="50.8170062" lon="15.6078983" version="2" timestamp="2024-03-19T05:53:07Z"  changeset="148843736" uid="4670268" user="editore">

</node>
<node id="4982440386" lat="50.8170014" lon="15.6078963" version="2" timestamp="2024-03-19T05:53:07Z"  changeset="148843736" uid="4670268" user="editore">

</node>
<node id="4982440387" lat="50.8170165" lon="15.607865" version="2" timestamp="2024-03-19T05:53:07Z"  changeset="148843736" uid="4670268" user="editore">

</node>
<node id="4982440388" lat="50.8168086" lon="15.6080441" version="2" timestamp="2024-03-19T05:53:07Z"  changeset="148843736" uid="4670268" user="editore">

</node>
<node id="4982440389" lat="50.8168087" lon="15.6080227" version="2" timestamp="2024-03-19T05:53:07Z"  changeset="148843736" uid="4670268" user="editore">

</node>
<node id="4982440390" lat="50.816814" lon="15.6080029" version="2" timestamp="2024-03-19T05:53:07Z"  changeset="148843736" uid="4670268" user="editore">

</node>
<node id="4982440391" lat="50.8168237" lon="15.6079879" version="2" timestamp="2024-03-19T05:53:07Z"  changeset="148843736" uid="4670268" user="editore">

</node>
<node id="4982440392" lat="50.8168362" lon="15.6079799" version="2" timestamp="2024-03-19T05:53:07Z"  changeset="148843736" uid="4670268" user="editore">

</node>
<node id="4982440393" lat="50.8168231" lon="15.6080793" version="2" timestamp="2024-03-19T05:53:07Z"  changeset="148843736" uid="4670268" user="editore">

</node>
<node id="4982440394" lat="50.8168136" lon="15.608064" version="2" timestamp="2024-03-19T05:53:07Z"  changeset="148843736" uid="4670268" user="editore">

</node>
<node id="4982440395" lat="50.8170021" lon="15.6077574" version="2" timestamp="2024-03-19T05:53:07Z"  changeset="148843736" uid="4670268" user="editore">

</node>
<node id="4982440396" lat="50.8169987" lon="15.6079652" version="2" timestamp="2024-03-19T05:53:07Z"  changeset="148843736" uid="4670268" user="editore">

</node>
<node id="11743276522" lat="50.8169855" lon="15.6079647" version="1" timestamp="2024-03-19T05:53:07Z"  changeset="148843736" uid="4670268" user="editore">
	<tag k="access" v="customers"/>
	<tag k="check_date" v="2024-03-19"/>
	<tag k="door" v="manual"/>
	<tag k="entrance" v="main"/>
	<tag k="level" v="1"/>
</node>
<way id="61845560" version="11" timestamp="2024-07-15T08:44:36Z" action="modify" changeset="153960781" uid="9451067" user="b-jazz-bot">
	<tag k="addr:city" v="Piła"/>
	<tag k="addr:city:simc" v="0966530"/>
	<tag k="addr:housenumber" v="7"/>
	<tag k="addr:postcode" v="64-920"/>
	<tag k="addr:street" v="Browarna"/>
	<tag k="addr:street:sym_ul" v="02148"/>
	<tag k="building" v="yes"/>
	<tag k="building:levels" v="3"/>
	<tag k="name" v="Muzeum Okręgowe im. Stanisława Staszica w Pile"/>
	<tag k="opening_hours" v="Mo-Fr 10:00-16:00; Sa 11:00-16:00; Su 11:00-16:00"/>
	<tag k="source:addr" v="pila.e-mapa.net"/>
	<tag k="tourism" v="museum"/>
	<tag k="website" v="https://www.muzeum.pila.pl/"/>
	<tag k="operator" v="Województwo Wielkopolskie"/>
	<tag k="operator:type" v="government"/>
	<tag k="source:tourism" v="Wykaz Muzeów, wypis na dzień 2026-04-09"/>
	<nd ref="6042670521"/>
	<nd ref="6042670520"/>
	<nd ref="6042670519"/>
	<nd ref="6042670518"/>
	<nd ref="6042670517"/>
	<nd ref="6042670516"/>
	<nd ref="6042670515"/>
	<nd ref="6042670514"/>
	<nd ref="6042670513"/>
	<nd ref="6042670512"/>
	<nd ref="6042670511"/>
	<nd ref="6042670510"/>
	<nd ref="6042670509"/>
	<nd ref="6042670508"/>
	<nd ref="6042670507"/>
	<nd ref="6042670506"/>
	<nd ref="3752686414"/>
	<nd ref="6042670505"/>
	<nd ref="6042670504"/>
	<nd ref="6042670503"/>
	<nd ref="6042670502"/>
	<nd ref="770630966"/>
	<nd ref="6042670501"/>
	<nd ref="6042670500"/>
	<nd ref="6042670521"/>
</way>
<node id="770630966" lat="53.1517346" lon="16.7437677" version="4" timestamp="2018-11-06T20:51:22Z"  changeset="64244892" uid="2383924" user="Tomasz_R">

</node>
<node id="3752686414" lat="53.1516153" lon="16.7438684" version="2" timestamp="2018-11-06T20:51:22Z"  changeset="64244892" uid="2383924" user="Tomasz_R">

</node>
<node id="6042670500" lat="53.15173" lon="16.7437608" version="1" timestamp="2018-11-06T20:51:21Z"  changeset="64244892" uid="2383924" user="Tomasz_R">

</node>
<node id="6042670501" lat="53.151732" lon="16.7437592" version="1" timestamp="2018-11-06T20:51:21Z"  changeset="64244892" uid="2383924" user="Tomasz_R">

</node>
<node id="6042670502" lat="53.1517" lon="16.7437968" version="1" timestamp="2018-11-06T20:51:21Z"  changeset="64244892" uid="2383924" user="Tomasz_R">

</node>
<node id="6042670503" lat="53.1516914" lon="16.7437683" version="1" timestamp="2018-11-06T20:51:21Z"  changeset="64244892" uid="2383924" user="Tomasz_R">

</node>
<node id="6042670504" lat="53.1516477" lon="16.743805" version="1" timestamp="2018-11-06T20:51:21Z"  changeset="64244892" uid="2383924" user="Tomasz_R">

</node>
<node id="6042670505" lat="53.1516564" lon="16.7438339" version="1" timestamp="2018-11-06T20:51:21Z"  changeset="64244892" uid="2383924" user="Tomasz_R">

</node>
<node id="6042670506" lat="53.1516067" lon="16.74384" version="1" timestamp="2018-11-06T20:51:21Z"  changeset="64244892" uid="2383924" user="Tomasz_R">

</node>
<node id="6042670507" lat="53.1515586" lon="16.7438803" version="1" timestamp="2018-11-06T20:51:21Z"  changeset="64244892" uid="2383924" user="Tomasz_R">

</node>
<node id="6042670508" lat="53.1515554" lon="16.7438696" version="1" timestamp="2018-11-06T20:51:22Z"  changeset="64244892" uid="2383924" user="Tomasz_R">

</node>
<node id="6042670509" lat="53.1515269" lon="16.7438936" version="1" timestamp="2018-11-06T20:51:22Z"  changeset="64244892" uid="2383924" user="Tomasz_R">

</node>
<node id="6042670510" lat="53.1514822" lon="16.7437457" version="1" timestamp="2018-11-06T20:51:22Z"  changeset="64244892" uid="2383924" user="Tomasz_R">

</node>
<node id="6042670511" lat="53.1515107" lon="16.7437218" version="1" timestamp="2018-11-06T20:51:22Z"  changeset="64244892" uid="2383924" user="Tomasz_R">

</node>
<node id="6042670512" lat="53.1515078" lon="16.7437122" version="1" timestamp="2018-11-06T20:51:22Z"  changeset="64244892" uid="2383924" user="Tomasz_R">

</node>
<node id="6042670513" lat="53.1516246" lon="16.7436141" version="1" timestamp="2018-11-06T20:51:22Z"  changeset="64244892" uid="2383924" user="Tomasz_R">

</node>
<node id="6042670514" lat="53.1516133" lon="16.7435766" version="1" timestamp="2018-11-06T20:51:22Z"  changeset="64244892" uid="2383924" user="Tomasz_R">

</node>
<node id="6042670515" lat="53.151679" lon="16.7435214" version="1" timestamp="2018-11-06T20:51:22Z"  changeset="64244892" uid="2383924" user="Tomasz_R">

</node>
<node id="6042670516" lat="53.1517001" lon="16.7435915" version="1" timestamp="2018-11-06T20:51:22Z"  changeset="64244892" uid="2383924" user="Tomasz_R">

</node>
<node id="6042670517" lat="53.1516837" lon="16.7436052" version="1" timestamp="2018-11-06T20:51:22Z"  changeset="64244892" uid="2383924" user="Tomasz_R">

</node>
<node id="6042670518" lat="53.1516956" lon="16.7436445" version="1" timestamp="2018-11-06T20:51:22Z"  changeset="64244892" uid="2383924" user="Tomasz_R">

</node>
<node id="6042670519" lat="53.1516975" lon="16.7436429" version="1" timestamp="2018-11-06T20:51:22Z"  changeset="64244892" uid="2383924" user="Tomasz_R">

</node>
<node id="6042670520" lat="53.1517156" lon="16.7437028" version="1" timestamp="2018-11-06T20:51:22Z"  changeset="64244892" uid="2383924" user="Tomasz_R">

</node>
<node id="6042670521" lat="53.1517131" lon="16.7437049" version="1" timestamp="2018-11-06T20:51:22Z"  changeset="64244892" uid="2383924" user="Tomasz_R">

</node>
<way id="178396191" version="4" timestamp="2025-11-18T15:08:46Z" action="modify" changeset="174820247" uid="1682993" user="szedar">
	<tag k="addr:city" v="Sieradz"/>
	<tag k="addr:country" v="PL"/>
	<tag k="addr:housenumber" v="2"/>
	<tag k="addr:postcode" v="98-200"/>
	<tag k="addr:street" v="Dominikańska"/>
	<tag k="building" v="yes"/>
	<tag k="contact:email" v="mos@pro.onet.pl"/>
	<tag k="contact:fax" v="+48 43 822 30 20"/>
	<tag k="contact:phone" v="+48 43 827 16 39"/>
	<tag k="contact:website" v="http://www.muzeum-sieradz.com.pl/"/>
	<tag k="name" v="Muzeum Okręgowe w Sieradzu"/>
	<tag k="tourism" v="museum"/>
	<tag k="operator" v="Powiat Sieradzki"/>
	<tag k="operator:type" v="government"/>
	<tag k="source:tourism" v="Wykaz Muzeów, wypis na dzień 2026-04-09"/>
	<nd ref="1887474451"/>
	<nd ref="1887474443"/>
	<nd ref="3840571882"/>
	<nd ref="1887474442"/>
	<nd ref="1887474451"/>
</way>
<node id="1887474442" lat="51.59481" lon="18.7388724" version="6" timestamp="2024-11-07T22:13:01Z"  changeset="158873889" uid="11239973" user="uprkos">

</node>
<node id="1887474443" lat="51.594867" lon="18.7393142" version="6" timestamp="2024-11-07T22:13:01Z"  changeset="158873889" uid="11239973" user="uprkos">

</node>
<node id="1887474451" lat="51.5949425" lon="18.73893" version="6" timestamp="2024-11-07T22:13:01Z"  changeset="158873889" uid="11239973" user="uprkos">

</node>
<node id="3840571882" lat="51.5947349" lon="18.7392523" version="4" timestamp="2024-11-07T22:13:01Z"  changeset="158873889" uid="11239973" user="uprkos">

</node>
<way id="224085211" version="9" timestamp="2025-11-19T11:56:43Z" action="modify" changeset="174855941" uid="11705186" user="DmitriyA">
	<tag k="addr:city" v="Suwałki"/>
	<tag k="addr:city:simc" v="0977456"/>
	<tag k="addr:housenumber" v="81"/>
	<tag k="addr:postcode" v="16-400"/>
	<tag k="addr:street" v="Tadeusza Kościuszki"/>
	<tag k="building" v="yes"/>
	<tag k="name" v="Muzeum Okręgowe w Suwałkach"/>
	<tag k="source:addr" v="EMUiA (emuia.gugik.gov.pl)"/>
	<tag k="tourism" v="museum"/>
	<tag k="website" v="https://muzeum.suwalki.pl"/>
	<tag k="operator" v="Miasto Suwałki"/>
	<tag k="operator:type" v="government"/>
	<tag k="source:tourism" v="Wykaz Muzeów, wypis na dzień 2026-04-09"/>
	<nd ref="2329198761"/>
	<nd ref="2329198762"/>
	<nd ref="2329198766"/>
	<nd ref="13316312598"/>
	<nd ref="2329198767"/>
	<nd ref="2329198763"/>
	<nd ref="2329198764"/>
	<nd ref="2329198768"/>
	<nd ref="2329198771"/>
	<nd ref="2329198759"/>
	<nd ref="3997785017"/>
	<nd ref="2329198760"/>
	<nd ref="2329198769"/>
	<nd ref="2329198770"/>
	<nd ref="2329198773"/>
	<nd ref="3997785021"/>
	<nd ref="3997785023"/>
	<nd ref="3997785022"/>
	<nd ref="3997785020"/>
	<nd ref="2329198772"/>
	<nd ref="2329198761"/>
</way>
<node id="2329198759" lat="54.1041777" lon="22.9276051" version="4" timestamp="2020-12-20T02:28:57Z"  changeset="96127232" uid="553541" user="B_KSL">

</node>
<node id="2329198760" lat="54.1041748" lon="22.9276915" version="5" timestamp="2023-07-27T10:53:50Z"  changeset="139080197" uid="5060085" user="Piotr Strębski">

</node>
<node id="2329198761" lat="54.1041982" lon="22.9269268" version="3" timestamp="2017-08-09T10:51:25Z"  changeset="50969220" uid="1708624" user="Sierz_Kr">

</node>
<node id="2329198762" lat="54.1042017" lon="22.927098" version="3" timestamp="2017-08-09T10:51:25Z"  changeset="50969220" uid="1708624" user="Sierz_Kr">

</node>
<node id="2329198763" lat="54.1042096" lon="22.9272859" version="3" timestamp="2017-08-09T10:51:25Z"  changeset="50969220" uid="1708624" user="Sierz_Kr">

</node>
<node id="2329198764" lat="54.1042126" lon="22.9274321" version="3" timestamp="2017-08-09T10:51:25Z"  changeset="50969220" uid="1708624" user="Sierz_Kr">

</node>
<node id="2329198766" lat="54.1042407" lon="22.9270957" version="3" timestamp="2017-08-09T10:51:25Z"  changeset="50969220" uid="1708624" user="Sierz_Kr">

</node>
<node id="2329198767" lat="54.1042446" lon="22.9272839" version="3" timestamp="2017-08-09T10:51:25Z"  changeset="50969220" uid="1708624" user="Sierz_Kr">

</node>
<node id="2329198768" lat="54.1042396" lon="22.9274305" version="3" timestamp="2017-08-09T10:51:25Z"  changeset="50969220" uid="1708624" user="Sierz_Kr">

</node>
<node id="2329198769" lat="54.1042476" lon="22.9276861" version="3" timestamp="2017-08-09T10:51:25Z"  changeset="50969220" uid="1708624" user="Sierz_Kr">

</node>
<node id="2329198770" lat="54.1042489" lon="22.9277504" version="3" timestamp="2017-08-09T10:51:25Z"  changeset="50969220" uid="1708624" user="Sierz_Kr">

</node>
<node id="2329198771" lat="54.1042431" lon="22.9276012" version="3" timestamp="2017-08-09T10:51:25Z"  changeset="50969220" uid="1708624" user="Sierz_Kr">

</node>
<node id="2329198772" lat="54.1043588" lon="22.9269174" version="3" timestamp="2017-08-09T10:51:25Z"  changeset="50969220" uid="1708624" user="Sierz_Kr">

</node>
<node id="2329198773" lat="54.1043766" lon="22.9277428" version="3" timestamp="2017-08-09T10:51:25Z"  changeset="50969220" uid="1708624" user="Sierz_Kr">

</node>
<node id="3997785017" lat="54.1041708" lon="22.9276251" version="4" timestamp="2023-07-27T10:53:50Z"  changeset="139080197" uid="5060085" user="Piotr Strębski">

</node>
<node id="3997785020" lat="54.1043692" lon="22.9274273" version="2" timestamp="2017-08-09T10:51:25Z"  changeset="50969220" uid="1708624" user="Sierz_Kr">

</node>
<node id="3997785021" lat="54.1043723" lon="22.9275271" version="2" timestamp="2017-08-09T10:51:25Z"  changeset="50969220" uid="1708624" user="Sierz_Kr">

</node>
<node id="3997785022" lat="54.1043927" lon="22.9274259" version="2" timestamp="2017-08-09T10:51:25Z"  changeset="50969220" uid="1708624" user="Sierz_Kr">

</node>
<node id="3997785023" lat="54.1043947" lon="22.9275258" version="2" timestamp="2017-08-09T10:51:25Z"  changeset="50969220" uid="1708624" user="Sierz_Kr">

</node>
<node id="13316312598" lat="54.1042426" lon="22.9271877" version="1" timestamp="2025-11-19T11:56:43Z"  changeset="174855941" uid="11705186" user="DmitriyA">
	<tag k="entrance" v="main"/>
</node>
<way id="167821345" version="8" timestamp="2024-12-22T10:24:08Z" action="modify" changeset="160495913" uid="15308033" user="Gajusz Kubasik">
	<tag k="addr:city" v="Kalisz"/>
	<tag k="addr:housenumber" v="12"/>
	<tag k="addr:postcode" v="62-800"/>
	<tag k="addr:street" v="Tadeusza Kościuszki"/>
	<tag k="building" v="public"/>
	<tag k="building:levels" v="3"/>
	<tag k="heritage" v="2"/>
	<tag k="heritage:operator" v="nid"/>
	<tag k="name" v="Muzeum Okręgowe Ziemi Kaliskiej w Kaliszu"/>
	<tag k="opening_hours" v="Tu 10:00-15:30; We 10:00-18:00; Th-Fr 10:00-15:30; Sa-Su 10:00-17:00"/>
	<tag k="ref:ckkp" v="WP00224"/>
	<tag k="ref:nid" v="682/A"/>
	<tag k="tourism" v="museum"/>
	<tag k="website" v="https://www.muzeumwkaliszu.pl/"/>
	<tag k="wikidata" v="Q11787107"/>
	<tag k="wikipedia" v="pl:Muzeum Okręgowe Ziemi Kaliskiej w Kaliszu"/>
	<tag k="operator" v="Województwo Wielkopolskie"/>
	<tag k="operator:type" v="government"/>
	<tag k="source:tourism" v="Wykaz Muzeów, wypis na dzień 2026-04-09"/>
	<nd ref="1791768730"/>
	<nd ref="1791768726"/>
	<nd ref="1791768728"/>
	<nd ref="2761969622"/>
	<nd ref="2761969619"/>
	<nd ref="1791768725"/>
	<nd ref="1791768729"/>
	<nd ref="12441312999"/>
	<nd ref="2761969636"/>
	<nd ref="1791768731"/>
	<nd ref="4334097281"/>
	<nd ref="4334097280"/>
	<nd ref="2761969633"/>
	<nd ref="1791768730"/>
</way>
<node id="1791768725" lat="51.7605213" lon="18.0821563" version="3" timestamp="2016-08-03T17:00:52Z"  changeset="41219072" uid="703058" user="Kaliszanin">

</node>
<node id="1791768726" lat="51.7606075" lon="18.0822771" version="3" timestamp="2016-08-03T17:00:52Z"  changeset="41219072" uid="703058" user="Kaliszanin">

</node>
<node id="1791768728" lat="51.7606429" lon="18.0822103" version="3" timestamp="2016-08-03T17:00:52Z"  changeset="41219072" uid="703058" user="Kaliszanin">

</node>
<node id="1791768729" lat="51.7606991" lon="18.0818209" version="3" timestamp="2016-08-03T17:00:52Z"  changeset="41219072" uid="703058" user="Kaliszanin">

</node>
<node id="1791768730" lat="51.7607346" lon="18.082453" version="3" timestamp="2016-08-03T17:00:52Z"  changeset="41219072" uid="703058" user="Kaliszanin">

</node>
<node id="1791768731" lat="51.7608698" lon="18.0821113" version="3" timestamp="2016-08-03T17:00:52Z"  changeset="41219072" uid="703058" user="Kaliszanin">

</node>
<node id="2761969619" lat="51.7605841" lon="18.0822432" version="2" timestamp="2016-08-03T17:00:52Z"  changeset="41219072" uid="703058" user="Kaliszanin">

</node>
<node id="2761969622" lat="51.7606191" lon="18.0821773" version="2" timestamp="2016-08-03T17:00:52Z"  changeset="41219072" uid="703058" user="Kaliszanin">

</node>
<node id="2761969633" lat="51.7608723" lon="18.0821932" version="2" timestamp="2016-08-03T17:00:52Z"  changeset="41219072" uid="703058" user="Kaliszanin">

</node>
<node id="2761969636" lat="51.7608864" lon="18.0820801" version="2" timestamp="2016-08-03T17:00:52Z"  changeset="41219072" uid="703058" user="Kaliszanin">

</node>
<node id="4334097280" lat="51.760859" lon="18.0821748" version="1" timestamp="2016-08-03T17:00:49Z"  changeset="41219072" uid="703058" user="Kaliszanin">

</node>
<node id="4334097281" lat="51.760883" lon="18.0821295" version="1" timestamp="2016-08-03T17:00:49Z"  changeset="41219072" uid="703058" user="Kaliszanin">

</node>
<node id="12441312999" lat="51.7607788" lon="18.0819311" version="1" timestamp="2024-12-22T10:24:08Z"  changeset="160495913" uid="15308033" user="Gajusz Kubasik">
	<tag k="entrance" v="main"/>
</node>
<way id="124439109" version="16" timestamp="2026-04-06T20:48:04Z" action="modify" changeset="180966891" uid="31911" user="Mathias Klein">
	<tag k="addr:city" v="Kołobrzeg"/>
	<tag k="addr:housenumber" v="13"/>
	<tag k="addr:postcode" v="78-100"/>
	<tag k="addr:street" v="Armii Krajowej"/>
	<tag k="building" v="public"/>
	<tag k="building:levels" v="3"/>
	<tag k="contact:facebook" v="https://www.facebook.com/muzeumorezapolskiegokolobrzeg"/>
	<tag k="email" v="muzeum@muzeum.kolobrzeg.pl"/>
	<tag k="fee" v="yes"/>
	<tag k="name" v="Muzeum Oręża Polskiego w Kołobrzegu"/>
	<tag k="opening_hours" v="Mo 08:00-12:00; Tu-Fr 08:00-16:00"/>
	<tag k="phone" v="+48 94 352 12 88"/>
	<tag k="roof:colour" v="darksalmon"/>
	<tag k="roof:height" v="4"/>
	<tag k="roof:levels" v="1"/>
	<tag k="roof:shape" v="gabled"/>
	<tag k="source" v="local knowledge"/>
	<tag k="tourism" v="museum"/>
	<tag k="website" v="http://www.muzeum.kolobrzeg.pl/pl/"/>
	<tag k="wheelchair" v="yes"/>
	<tag k="wikidata" v="Q6940993"/>
	<tag k="wikipedia" v="pl:Muzeum Oręża Polskiego w Kołobrzegu"/>
	<tag k="operator" v="Powiat Kołobrzeski"/>
	<tag k="operator:type" v="government"/>
	<tag k="source:tourism" v="Wykaz Muzeów, wypis na dzień 2026-04-09"/>
	<nd ref="1385200124"/>
	<nd ref="1385200102"/>
	<nd ref="4029497806"/>
	<nd ref="13062981812"/>
	<nd ref="4029497810"/>
	<nd ref="13062981811"/>
	<nd ref="4029497808"/>
	<nd ref="4029497803"/>
	<nd ref="4029497799"/>
	<nd ref="4029497807"/>
	<nd ref="4029497800"/>
	<nd ref="1385200104"/>
	<nd ref="4029497798"/>
	<nd ref="2610440634"/>
	<nd ref="4029497795"/>
	<nd ref="1385200098"/>
	<nd ref="4029497794"/>
	<nd ref="4029497793"/>
	<nd ref="13062981813"/>
	<nd ref="4029497796"/>
	<nd ref="4029497797"/>
	<nd ref="1385200124"/>
</way>
<node id="1385200098" lat="54.1769319" lon="15.5741855" version="6" timestamp="2016-02-27T08:41:16Z"  changeset="37476998" uid="657596" user="taxi301">

</node>
<node id="1385200102" lat="54.1771806" lon="15.5740299" version="6" timestamp="2016-02-27T08:41:16Z"  changeset="37476998" uid="657596" user="taxi301">

</node>
<node id="1385200104" lat="54.1770653" lon="15.5743702" version="6" timestamp="2016-02-27T08:41:16Z"  changeset="37476998" uid="657596" user="taxi301">

</node>
<node id="1385200124" lat="54.1770804" lon="15.5738928" version="6" timestamp="2016-02-27T08:41:16Z"  changeset="37476998" uid="657596" user="taxi301">

</node>
<node id="2610440634" lat="54.1770312" lon="15.5743302" version="4" timestamp="2016-02-27T08:41:16Z"  changeset="37476998" uid="657596" user="taxi301">

</node>
<node id="4029497793" lat="54.1769799" lon="15.574088" version="1" timestamp="2016-02-27T08:40:49Z"  changeset="37476998" uid="657596" user="taxi301">

</node>
<node id="4029497794" lat="54.1769816" lon="15.5740908" version="1" timestamp="2016-02-27T08:40:49Z"  changeset="37476998" uid="657596" user="taxi301">

</node>
<node id="4029497795" lat="54.1770257" lon="15.5743223" version="1" timestamp="2016-02-27T08:40:49Z"  changeset="37476998" uid="657596" user="taxi301">

</node>
<node id="4029497796" lat="54.1770306" lon="15.5739863" version="1" timestamp="2016-02-27T08:40:49Z"  changeset="37476998" uid="657596" user="taxi301">

</node>
<node id="4029497797" lat="54.1770324" lon="15.5739889" version="1" timestamp="2016-02-27T08:40:49Z"  changeset="37476998" uid="657596" user="taxi301">

</node>
<node id="4029497798" lat="54.177034" lon="15.5743245" version="1" timestamp="2016-02-27T08:40:49Z"  changeset="37476998" uid="657596" user="taxi301">

</node>
<node id="4029497799" lat="54.1770686" lon="15.5742522" version="1" timestamp="2016-02-27T08:40:49Z"  changeset="37476998" uid="657596" user="taxi301">

</node>
<node id="4029497800" lat="54.177084" lon="15.5743935" version="1" timestamp="2016-02-27T08:40:49Z"  changeset="37476998" uid="657596" user="taxi301">

</node>
<node id="4029497803" lat="54.177092" lon="15.5741997" version="1" timestamp="2016-02-27T08:40:50Z"  changeset="37476998" uid="657596" user="taxi301">

</node>
<node id="4029497806" lat="54.1771179" lon="15.5741493" version="1" timestamp="2016-02-27T08:40:50Z"  changeset="37476998" uid="657596" user="taxi301">

</node>
<node id="4029497807" lat="54.1771197" lon="15.574322" version="1" timestamp="2016-02-27T08:40:50Z"  changeset="37476998" uid="657596" user="taxi301">

</node>
<node id="4029497808" lat="54.1771315" lon="15.5742535" version="1" timestamp="2016-02-27T08:40:50Z"  changeset="37476998" uid="657596" user="taxi301">

</node>
<node id="4029497810" lat="54.1771552" lon="15.5742035" version="1" timestamp="2016-02-27T08:40:50Z"  changeset="37476998" uid="657596" user="taxi301">

</node>
<node id="13062981811" lat="54.1771434" lon="15.5742285" version="1" timestamp="2025-08-11T06:27:23Z"  changeset="170275483" uid="657596" user="taxi301">
	<tag k="access" v="customers"/>
	<tag k="door" v="hinged"/>
	<tag k="entrance" v="yes"/>
	<tag k="wheelchair" v="yes"/>
</node>
<node id="13062981812" lat="54.1771251" lon="15.5741597" version="1" timestamp="2025-08-11T06:27:23Z"  changeset="170275483" uid="657596" user="taxi301">
	<tag k="door" v="hinged"/>
	<tag k="entrance" v="yes"/>
	<tag k="wheelchair" v="no"/>
</node>
<node id="13062981813" lat="54.1770053" lon="15.5740372" version="1" timestamp="2025-08-11T06:27:23Z"  changeset="170275483" uid="657596" user="taxi301">
	<tag k="access" v="customers"/>
	<tag k="door" v="hinged"/>
	<tag k="entrance" v="main"/>
	<tag k="wheelchair" v="no"/>
</node>
<way id="235878700" version="11" timestamp="2025-11-25T22:12:06Z" action="modify" changeset="175130380" uid="145231" user="woodpeck_repair">
	<tag k="addr:city" v="Piaseczno"/>
	<tag k="addr:city:simc" v="0921438"/>
	<tag k="addr:housenumber" v="10"/>
	<tag k="addr:postcode" v="05-500"/>
	<tag k="addr:street" v="Plac Józefa Piłsudskiego"/>
	<tag k="building" v="public"/>
	<tag k="building:levels" v="1"/>
	<tag k="name" v="Muzeum Piaseczna"/>
	<tag k="source:addr" v="gugik.gov.pl"/>
	<tag k="tourism" v="museum"/>
	<tag k="wikidata" v="Q17619156"/>
	<tag k="wikipedia" v="pl:Muzeum Regionalne w Piasecznie"/>
	<tag k="operator" v="Gmina Piaseczno"/>
	<tag k="operator:type" v="government"/>
	<tag k="source:tourism" v="Wykaz Muzeów, wypis na dzień 2026-04-09"/>
	<nd ref="2439585094"/>
	<nd ref="7239076067"/>
	<nd ref="7239076066"/>
	<nd ref="2439585100"/>
	<nd ref="2439585094"/>
</way>
<node id="2439585094" lat="52.0749428" lon="21.0266209" version="5" timestamp="2023-06-09T20:27:51Z"  changeset="137152871" uid="6668641" user="syntex">

</node>
<node id="2439585100" lat="52.0749683" lon="21.0268005" version="5" timestamp="2023-06-09T20:27:51Z"  changeset="137152871" uid="6668641" user="syntex">

</node>
<node id="7239076066" lat="52.0747816" lon="21.0268707" version="2" timestamp="2023-06-09T20:27:51Z"  changeset="137152871" uid="6668641" user="syntex">

</node>
<node id="7239076067" lat="52.0747561" lon="21.026691" version="2" timestamp="2023-06-09T20:27:51Z"  changeset="137152871" uid="6668641" user="syntex">

</node>
<way id="234859031" version="9" timestamp="2025-01-24T18:36:39Z" action="modify" changeset="161724131" uid="22373062" user="Nero Borgia">
	<tag k="addr:city" v="Żary"/>
	<tag k="addr:city:simc" v="0988684"/>
	<tag k="addr:housenumber" v="2"/>
	<tag k="addr:postcode" v="68-200"/>
	<tag k="addr:street" v="Plac Kardynała Stefana Wyszyńskiego"/>
	<tag k="addr:street:sym_ul" v="25106"/>
	<tag k="building" v="yes"/>
	<tag k="email" v="muzeum@muzeumzary.pl"/>
	<tag k="name" v="Muzeum Pogranicza Śląsko – Łużyckiego w Żarach"/>
	<tag k="phone" v="+48 68 3638370"/>
	<tag k="source:addr" v="mzary.e-mapa.net"/>
	<tag k="tourism" v="museum"/>
	<tag k="url" v="https://polska-org.pl/539514,Zary,Muzeum_Pogranicza_Slasko_Luzyckiego.html"/>
	<tag k="website" v="https://www.muzeumzary.pl/"/>
	<tag k="wikidata" v="Q96249023"/>
	<tag k="wikivoyage" v="de:Żary#vCard_Museum_des_Schlesisch-Lausitzer_Grenzlandes"/>
	<tag k="operator" v="Gmina Żary o statusie miejskim"/>
	<tag k="operator:type" v="government"/>
	<tag k="source:tourism" v="Wykaz Muzeów, wypis na dzień 2026-04-09"/>
	<nd ref="5274637161"/>
	<nd ref="5274637160"/>
	<nd ref="5274637159"/>
	<nd ref="5274637158"/>
	<nd ref="5274637157"/>
	<nd ref="5274637156"/>
	<nd ref="12529900766"/>
	<nd ref="12529900803"/>
	<nd ref="7660001464"/>
	<nd ref="7660001463"/>
	<nd ref="5274637155"/>
	<nd ref="5274637154"/>
	<nd ref="5274637161"/>
</way>
<node id="5274637154" lat="51.6378374" lon="15.146306" version="2" timestamp="2019-11-24T14:23:08Z"  changeset="77483363" uid="3610826" user="km2bp">

</node>
<node id="5274637155" lat="51.6377267" lon="15.1460741" version="2" timestamp="2019-11-24T14:23:08Z"  changeset="77483363" uid="3610826" user="km2bp">

</node>
<node id="5274637156" lat="51.6378839" lon="15.1458792" version="2" timestamp="2019-11-24T14:23:08Z"  changeset="77483363" uid="3610826" user="km2bp">

</node>
<node id="5274637157" lat="51.6379331" lon="15.1459822" version="2" timestamp="2019-11-24T14:23:08Z"  changeset="77483363" uid="3610826" user="km2bp">

</node>
<node id="5274637158" lat="51.6379554" lon="15.1459546" version="2" timestamp="2019-11-24T14:23:08Z"  changeset="77483363" uid="3610826" user="km2bp">

</node>
<node id="5274637159" lat="51.6379877" lon="15.1460223" version="2" timestamp="2019-11-24T14:23:08Z"  changeset="77483363" uid="3610826" user="km2bp">

</node>
<node id="5274637160" lat="51.6379645" lon="15.1460511" version="2" timestamp="2019-11-24T14:23:08Z"  changeset="77483363" uid="3610826" user="km2bp">

</node>
<node id="5274637161" lat="51.6379937" lon="15.1461123" version="2" timestamp="2019-11-24T14:23:08Z"  changeset="77483363" uid="3610826" user="km2bp">

</node>
<node id="7660001463" lat="51.637733" lon="15.1460663" version="1" timestamp="2020-06-28T05:38:20Z"  changeset="87241005" uid="553541" user="B_KSL">

</node>
<node id="7660001464" lat="51.6377401" lon="15.1460575" version="1" timestamp="2020-06-28T05:38:20Z"  changeset="87241005" uid="553541" user="B_KSL">

</node>
<node id="12529900766" lat="51.6378324" lon="15.1459431" version="1" timestamp="2025-01-24T18:36:39Z"  changeset="161724131" uid="22373062" user="Nero Borgia">

</node>
<node id="12529900803" lat="51.6377471" lon="15.1460489" version="1" timestamp="2025-01-24T18:36:39Z"  changeset="161724131" uid="22373062" user="Nero Borgia">

</node>
<way id="403071605" version="5" timestamp="2022-06-15T07:13:37Z" action="modify" changeset="122402006" uid="813385" user="grelus">
	<tag k="addr:city" v="Myślibórz"/>
	<tag k="addr:city:simc" v="0935558"/>
	<tag k="addr:housenumber" v="74"/>
	<tag k="addr:postcode" v="74-300"/>
	<tag k="addr:street" v="Bohaterów Warszawy"/>
	<tag k="addr:street:sym_ul" v="01679"/>
	<tag k="building" v="commercial"/>
	<tag k="building:levels" v="3"/>
	<tag k="historic" v="building"/>
	<tag k="name" v="Muzeum Pojezierza Myśliborskiego w Myśliborzu"/>
	<tag k="source:addr" v="mysliborz.e-mapa.net"/>
	<tag k="tourism" v="museum"/>
	<tag k="website" v="https://muzeum.mysliborz.pl"/>
	<tag k="operator" v="Gmina Myślibórz"/>
	<tag k="operator:type" v="government"/>
	<tag k="source:tourism" v="Wykaz Muzeów, wypis na dzień 2026-04-09"/>
	<nd ref="5169910794"/>
	<nd ref="5169910793"/>
	<nd ref="5169910792"/>
	<nd ref="5169910791"/>
	<nd ref="5169910790"/>
	<nd ref="5169910789"/>
	<nd ref="5169910794"/>
</way>
<node id="5169910789" lat="52.9228595" lon="14.8644332" version="1" timestamp="2017-10-15T20:24:10Z"  changeset="52965094" uid="2445224" user="rowers2">

</node>
<node id="5169910790" lat="52.9227843" lon="14.8644992" version="1" timestamp="2017-10-15T20:24:10Z"  changeset="52965094" uid="2445224" user="rowers2">

</node>
<node id="5169910791" lat="52.9226927" lon="14.8642079" version="1" timestamp="2017-10-15T20:24:10Z"  changeset="52965094" uid="2445224" user="rowers2">

</node>
<node id="5169910792" lat="52.9227694" lon="14.8641413" version="1" timestamp="2017-10-15T20:24:10Z"  changeset="52965094" uid="2445224" user="rowers2">

</node>
<node id="5169910793" lat="52.9228051" lon="14.8642526" version="1" timestamp="2017-10-15T20:24:10Z"  changeset="52965094" uid="2445224" user="rowers2">

</node>
<node id="5169910794" lat="52.9228051" lon="14.8642614" version="1" timestamp="2017-10-15T20:24:10Z"  changeset="52965094" uid="2445224" user="rowers2">

</node>
<way id="400981579" version="4" timestamp="2023-08-30T09:22:39Z" action="modify" changeset="140577971" uid="6776248" user="WieKo68">
	<tag k="addr:city" v="Biała Podlaska"/>
	<tag k="addr:city:simc" v="0922018"/>
	<tag k="addr:country" v="PL"/>
	<tag k="addr:housenumber" v="12"/>
	<tag k="addr:postcode" v="21-500"/>
	<tag k="addr:street" v="Warszawska"/>
	<tag k="addr:street:sym_ul" v="23682"/>
	<tag k="building" v="chapel"/>
	<tag k="church:type" v="castle"/>
	<tag k="deanery" v="Dekanat bialski północ"/>
	<tag k="denomination" v="roman_catholic"/>
	<tag k="description" v="na terenie Zespołu pałacowo-parkowego Radziwiłłów"/>
	<tag k="diocese" v="Diecezja siedlecka"/>
	<tag k="name" v="Muzeum Południowego Podlasia w Białej Podlaskiej"/>
	<tag k="parish" v="Parafia św. Anny w Białej Podlaskiej"/>
	<tag k="parish:wikidata" v="Q3956360"/>
	<tag k="parish:wikipedia" v="pl:Parafia św. Anny w Białej Podlaskiej"/>
	<tag k="religion" v="christian"/>
	<tag k="tourism" v="museum"/>
	<tag k="wikimedia_commons" v="File:Zespół_zamku_Radziwiłłów_(XVIIw.,XIXw.)_(kaplica_XVIIw.)_-_Biała_Podlaska_ul._Warszawska_woj._lubelskie_ArPiCh_A-134.JPG"/>
	<tag k="operator" v="Gmina Miejska Biała Podlaska"/>
	<tag k="operator:type" v="government"/>
	<tag k="source:tourism" v="Wykaz Muzeów, wypis na dzień 2026-04-09"/>
	<nd ref="4034625893"/>
	<nd ref="10935337007"/>
	<nd ref="10935329103"/>
	<nd ref="10935329102"/>
	<nd ref="10935337015"/>
	<nd ref="10935337014"/>
	<nd ref="10935329101"/>
	<nd ref="10935329100"/>
	<nd ref="10935337006"/>
	<nd ref="4034625898"/>
	<nd ref="10935337005"/>
	<nd ref="10935329099"/>
	<nd ref="10935329098"/>
	<nd ref="10935329104"/>
	<nd ref="4034625891"/>
	<nd ref="10935337011"/>
	<nd ref="10935329097"/>
	<nd ref="10935329096"/>
	<nd ref="10935337012"/>
	<nd ref="10935337013"/>
	<nd ref="10935329095"/>
	<nd ref="10935329094"/>
	<nd ref="10935337010"/>
	<nd ref="4034623688"/>
	<nd ref="10935337009"/>
	<nd ref="10935329093"/>
	<nd ref="10935329092"/>
	<nd ref="10935337008"/>
	<nd ref="4034625893"/>
</way>
<node id="4034623688" lat="52.0302816" lon="23.1152063" version="2" timestamp="2023-05-28T21:44:04Z"  changeset="136673049" uid="14118843" user="MaciekMma">

</node>
<node id="4034625891" lat="52.0303089" lon="23.1153252" version="2" timestamp="2023-05-28T21:44:04Z"  changeset="136673049" uid="14118843" user="MaciekMma">

</node>
<node id="4034625893" lat="52.0303388" lon="23.1151691" version="2" timestamp="2023-05-28T21:44:04Z"  changeset="136673049" uid="14118843" user="MaciekMma">

</node>
<node id="4034625898" lat="52.0303665" lon="23.1152893" version="2" timestamp="2023-05-28T21:44:04Z"  changeset="136673049" uid="14118843" user="MaciekMma">

</node>
<node id="10935329092" lat="52.0303325" lon="23.1151784" version="1" timestamp="2023-05-28T21:44:04Z"  changeset="136673049" uid="14118843" user="MaciekMma">

</node>
<node id="10935329093" lat="52.0302901" lon="23.1152058" version="1" timestamp="2023-05-28T21:44:04Z"  changeset="136673049" uid="14118843" user="MaciekMma">

</node>
<node id="10935329094" lat="52.0302881" lon="23.1152211" version="1" timestamp="2023-05-28T21:44:04Z"  changeset="136673049" uid="14118843" user="MaciekMma">

</node>
<node id="10935329095" lat="52.0302963" lon="23.1152581" version="1" timestamp="2023-05-28T21:44:04Z"  changeset="136673049" uid="14118843" user="MaciekMma">

</node>
<node id="10935329096" lat="52.0302992" lon="23.1152704" version="1" timestamp="2023-05-28T21:44:04Z"  changeset="136673049" uid="14118843" user="MaciekMma">

</node>
<node id="10935329097" lat="52.0303076" lon="23.1153077" version="1" timestamp="2023-05-28T21:44:04Z"  changeset="136673049" uid="14118843" user="MaciekMma">

</node>
<node id="10935329098" lat="52.0303177" lon="23.1153152" version="1" timestamp="2023-05-28T21:44:04Z"  changeset="136673049" uid="14118843" user="MaciekMma">

</node>
<node id="10935329099" lat="52.0303557" lon="23.1152913" version="1" timestamp="2023-05-28T21:44:04Z"  changeset="136673049" uid="14118843" user="MaciekMma">

</node>
<node id="10935329100" lat="52.0303607" lon="23.1152767" version="1" timestamp="2023-05-28T21:44:04Z"  changeset="136673049" uid="14118843" user="MaciekMma">

</node>
<node id="10935329101" lat="52.0303515" lon="23.115237" version="1" timestamp="2023-05-28T21:44:04Z"  changeset="136673049" uid="14118843" user="MaciekMma">

</node>
<node id="10935329102" lat="52.0303487" lon="23.1152249" version="1" timestamp="2023-05-28T21:44:04Z"  changeset="136673049" uid="14118843" user="MaciekMma">

</node>
<node id="10935329103" lat="52.0303403" lon="23.1151879" version="1" timestamp="2023-05-28T21:44:04Z"  changeset="136673049" uid="14118843" user="MaciekMma">

</node>
<node id="10935329104" lat="52.0303187" lon="23.1153192" version="1" timestamp="2023-05-28T21:44:04Z"  changeset="136673049" uid="14118843" user="MaciekMma">

</node>
<node id="10935337005" lat="52.0303568" lon="23.1152952" version="1" timestamp="2023-05-28T21:44:04Z"  changeset="136673049" uid="14118843" user="MaciekMma">

</node>
<node id="10935337006" lat="52.0303633" lon="23.1152752" version="1" timestamp="2023-05-28T21:44:04Z"  changeset="136673049" uid="14118843" user="MaciekMma">

</node>
<node id="10935337007" lat="52.0303426" lon="23.1151861" version="1" timestamp="2023-05-28T21:44:04Z"  changeset="136673049" uid="14118843" user="MaciekMma">

</node>
<node id="10935337008" lat="52.0303315" lon="23.1151744" version="1" timestamp="2023-05-28T21:44:04Z"  changeset="136673049" uid="14118843" user="MaciekMma">

</node>
<node id="10935337009" lat="52.0302891" lon="23.1152018" version="1" timestamp="2023-05-28T21:44:04Z"  changeset="136673049" uid="14118843" user="MaciekMma">

</node>
<node id="10935337010" lat="52.0302855" lon="23.1152227" version="1" timestamp="2023-05-28T21:44:04Z"  changeset="136673049" uid="14118843" user="MaciekMma">

</node>
<node id="10935337011" lat="52.0303052" lon="23.1153094" version="1" timestamp="2023-05-28T21:44:04Z"  changeset="136673049" uid="14118843" user="MaciekMma">

</node>
<node id="10935337012" lat="52.0302966" lon="23.1152717" version="1" timestamp="2023-05-28T21:44:04Z"  changeset="136673049" uid="14118843" user="MaciekMma">

</node>
<node id="10935337013" lat="52.0302939" lon="23.1152597" version="1" timestamp="2023-05-28T21:44:04Z"  changeset="136673049" uid="14118843" user="MaciekMma">

</node>
<node id="10935337014" lat="52.030354" lon="23.1152354" version="1" timestamp="2023-05-28T21:44:04Z"  changeset="136673049" uid="14118843" user="MaciekMma">

</node>
<node id="10935337015" lat="52.0303514" lon="23.1152236" version="1" timestamp="2023-05-28T21:44:04Z"  changeset="136673049" uid="14118843" user="MaciekMma">

</node>
<node id="1055417673" lat="52.4336851" lon="16.694348" version="6" timestamp="2020-12-19T00:12:37Z" action="modify" changeset="96094640" uid="576108" user="m@rio">
	<tag k="addr:city" v="Lusowo"/>
	<tag k="addr:city:simc" v="0597357"/>
	<tag k="addr:housenumber" v="3a"/>
	<tag k="addr:postcode" v="62-080"/>
	<tag k="addr:street" v="Ogrodowa"/>
	<tag k="name" v="Muzeum Powstańców Wielkopolskich im. Generała Józefa Dowbora Muśnickiego w Lusowie"/>
	<tag k="phone" v="+48 61 814 69 52"/>
	<tag k="tourism" v="museum"/>
	<tag k="website" v="http://muzeumlusowo.pl"/>
	<tag k="operator" v="Gmina Tarnowo Podgórne"/>
	<tag k="operator:type" v="government"/>
	<tag k="source:tourism" v="Wykaz Muzeów, wypis na dzień 2026-04-09"/>
</node>
<way id="164859420" version="8" timestamp="2017-04-26T22:51:27Z" action="modify" changeset="48177320" uid="69607" user="rmikke">
	<tag k="addr:city" v="Łomża"/>
	<tag k="addr:housenumber" v="22C"/>
	<tag k="addr:postcode" v="18-400"/>
	<tag k="addr:street" v="Dworna"/>
	<tag k="building" v="yes"/>
	<tag k="name" v="Muzeum Północno – Mazowieckie w Łomży"/>
	<tag k="tourism" v="museum"/>
	<tag k="wikidata" v="Q11787164"/>
	<tag k="wikipedia" v="pl:Muzeum Północno-Mazowieckie w Łomży"/>
	<tag k="operator" v="Miasto Łomża"/>
	<tag k="operator:type" v="government"/>
	<tag k="source:tourism" v="Wykaz Muzeów, wypis na dzień 2026-04-09"/>
	<nd ref="1764540647"/>
	<nd ref="1764540655"/>
	<nd ref="2775888461"/>
	<nd ref="1764540653"/>
	<nd ref="2820813902"/>
	<nd ref="1764540637"/>
	<nd ref="1764540639"/>
	<nd ref="2775888440"/>
	<nd ref="2775888436"/>
	<nd ref="1764540645"/>
	<nd ref="2897874310"/>
	<nd ref="2897874313"/>
	<nd ref="2897874316"/>
	<nd ref="2897874315"/>
	<nd ref="2897874318"/>
	<nd ref="2897874320"/>
	<nd ref="1764540649"/>
	<nd ref="2897874319"/>
	<nd ref="2897874317"/>
	<nd ref="2897874314"/>
	<nd ref="2897874311"/>
	<nd ref="2897874308"/>
	<nd ref="2897874309"/>
	<nd ref="2775888445"/>
	<nd ref="2775888442"/>
	<nd ref="1764540643"/>
	<nd ref="1764540647"/>
</way>
<node id="1764540637" lat="53.1772152" lon="22.0812612" version="3" timestamp="2014-06-03T19:42:41Z"  changeset="22721681" uid="536107" user="RoboD">

</node>
<node id="1764540639" lat="53.1772539" lon="22.0811418" version="3" timestamp="2014-06-03T19:42:42Z"  changeset="22721681" uid="536107" user="RoboD">

</node>
<node id="1764540643" lat="53.177304" lon="22.0810629" version="3" timestamp="2014-06-03T19:42:42Z"  changeset="22721681" uid="536107" user="RoboD">

</node>
<node id="1764540645" lat="53.1774331" lon="22.0813227" version="3" timestamp="2014-06-03T19:42:42Z"  changeset="22721681" uid="536107" user="RoboD">

</node>
<node id="1764540647" lat="53.1773542" lon="22.0808998" version="3" timestamp="2014-06-03T19:42:42Z"  changeset="22721681" uid="536107" user="RoboD">

</node>
<node id="1764540649" lat="53.1774968" lon="22.0811881" version="3" timestamp="2014-06-03T19:42:42Z"  changeset="22721681" uid="536107" user="RoboD">

</node>
<node id="1764540653" lat="53.1775243" lon="22.0815526" version="4" timestamp="2014-06-03T19:42:42Z"  changeset="22721681" uid="536107" user="RoboD">

</node>
<node id="1764540655" lat="53.1776234" lon="22.0811328" version="4" timestamp="2014-06-03T19:42:42Z"  changeset="22721681" uid="536107" user="RoboD">

</node>
<node id="2775888436" lat="53.1773369" lon="22.0812358" version="2" timestamp="2014-06-03T19:42:42Z"  changeset="22721681" uid="536107" user="RoboD">

</node>
<node id="2775888440" lat="53.1773428" lon="22.0812221" version="2" timestamp="2014-06-03T19:42:42Z"  changeset="22721681" uid="536107" user="RoboD">

</node>
<node id="2775888442" lat="53.1773946" lon="22.0811392" version="2" timestamp="2014-06-03T19:42:42Z"  changeset="22721681" uid="536107" user="RoboD">

</node>
<node id="2775888445" lat="53.1774074" lon="22.0810978" version="2" timestamp="2014-06-03T19:42:42Z"  changeset="22721681" uid="536107" user="RoboD">

</node>
<node id="2775888461" lat="53.1776388" lon="22.0812112" version="3" timestamp="2014-06-03T19:42:42Z"  changeset="22721681" uid="536107" user="RoboD">

</node>
<node id="2820813902" lat="53.1775121" lon="22.0815408" version="2" timestamp="2014-06-03T19:42:43Z"  changeset="22721681" uid="536107" user="RoboD">

</node>
<node id="2897874308" lat="53.1774289" lon="22.08113" version="1" timestamp="2014-06-03T19:42:36Z"  changeset="22721681" uid="536107" user="RoboD">

</node>
<node id="2897874309" lat="53.1774318" lon="22.0811192" version="1" timestamp="2014-06-03T19:42:36Z"  changeset="22721681" uid="536107" user="RoboD">

</node>
<node id="2897874310" lat="53.1774386" lon="22.0813051" version="1" timestamp="2014-06-03T19:42:36Z"  changeset="22721681" uid="536107" user="RoboD">

</node>
<node id="2897874311" lat="53.1774509" lon="22.0811484" version="1" timestamp="2014-06-03T19:42:36Z"  changeset="22721681" uid="536107" user="RoboD">

</node>
<node id="2897874313" lat="53.1774527" lon="22.0813162" version="1" timestamp="2014-06-03T19:42:36Z"  changeset="22721681" uid="536107" user="RoboD">

</node>
<node id="2897874314" lat="53.1774541" lon="22.0811624" version="1" timestamp="2014-06-03T19:42:36Z"  changeset="22721681" uid="536107" user="RoboD">

</node>
<node id="2897874315" lat="53.1774716" lon="22.0812381" version="1" timestamp="2014-06-03T19:42:36Z"  changeset="22721681" uid="536107" user="RoboD">

</node>
<node id="2897874316" lat="53.1774732" lon="22.0812522" version="1" timestamp="2014-06-03T19:42:36Z"  changeset="22721681" uid="536107" user="RoboD">

</node>
<node id="2897874317" lat="53.1774778" lon="22.0811824" version="1" timestamp="2014-06-03T19:42:36Z"  changeset="22721681" uid="536107" user="RoboD">

</node>
<node id="2897874318" lat="53.1774842" lon="22.0812043" version="1" timestamp="2014-06-03T19:42:36Z"  changeset="22721681" uid="536107" user="RoboD">

</node>
<node id="2897874319" lat="53.1774846" lon="22.0811781" version="1" timestamp="2014-06-03T19:42:36Z"  changeset="22721681" uid="536107" user="RoboD">

</node>
<node id="2897874320" lat="53.1774925" lon="22.0812012" version="1" timestamp="2014-06-03T19:42:36Z"  changeset="22721681" uid="536107" user="RoboD">

</node>
<way id="255864308" version="9" timestamp="2023-11-03T17:19:57Z" action="modify" changeset="143584555" uid="9451067" user="b-jazz-bot">
	<tag k="addr:city" v="Września"/>
	<tag k="addr:city:simc" v="0971637"/>
	<tag k="addr:housenumber" v="13"/>
	<tag k="addr:postcode" v="62-300"/>
	<tag k="addr:street" v="Dzieci Wrzesińskich"/>
	<tag k="building" v="yes"/>
	<tag k="fee" v="yes"/>
	<tag k="heritage" v="2"/>
	<tag k="heritage:operator" v="nid"/>
	<tag k="name" v="Muzeum Regionalne im. Dzieci Wrzesińskich we Wrześni"/>
	<tag k="opening_hours" v="Tu,Fr 09:00-17:00; We,Th 09:00-15:00; Sa 12:00-14:00; Su,Mo off"/>
	<tag k="ref:nid" v="1596/A"/>
	<tag k="source:addr" v="EMUiA (wrzesnia.e-mapa.net)"/>
	<tag k="tourism" v="museum"/>
	<tag k="website" v="https://www.muzeum.wrzesnia.pl/"/>
	<tag k="wikidata" v="Q11787169"/>
	<tag k="wikipedia" v="pl:Muzeum Regionalne im. Dzieci Wrzesińskich we Wrześni"/>
	<tag k="operator" v="Miasto i Gmina Września"/>
	<tag k="operator:type" v="government"/>
	<tag k="source:tourism" v="Wykaz Muzeów, wypis na dzień 2026-04-09"/>
	<nd ref="2615778364"/>
	<nd ref="2615778141"/>
	<nd ref="2615778186"/>
	<nd ref="2615778247"/>
	<nd ref="2615778211"/>
	<nd ref="2615778389"/>
	<nd ref="2615778364"/>
</way>
<node id="2615778141" lat="52.3256824" lon="17.5645439" version="2" timestamp="2014-02-22T07:14:08Z"  changeset="20708143" uid="1202050" user="TomaszWójcik">

</node>
<node id="2615778186" lat="52.3257109" lon="17.564842" version="2" timestamp="2014-02-22T07:14:08Z"  changeset="20708143" uid="1202050" user="TomaszWójcik">

</node>
<node id="2615778211" lat="52.3257424" lon="17.5647056" version="2" timestamp="2014-02-22T07:14:08Z"  changeset="20708143" uid="1202050" user="TomaszWójcik">

</node>
<node id="2615778247" lat="52.325754" lon="17.5648292" version="2" timestamp="2014-02-22T07:14:08Z"  changeset="20708143" uid="1202050" user="TomaszWójcik">

</node>
<node id="2615778364" lat="52.3258726" lon="17.564495" version="2" timestamp="2014-02-22T07:14:08Z"  changeset="20708143" uid="1202050" user="TomaszWójcik">

</node>
<node id="2615778389" lat="52.3258888" lon="17.5646704" version="2" timestamp="2014-02-22T07:14:08Z"  changeset="20708143" uid="1202050" user="TomaszWójcik">

</node>
<way id="273773197" version="5" timestamp="2022-02-03T01:27:59Z" action="modify" changeset="116941623" uid="6649623" user="Patryk Piotrowski">
	<tag k="addr:city" v="Krotoszyn"/>
	<tag k="addr:city:simc" v="0936931"/>
	<tag k="addr:housenumber" v="1"/>
	<tag k="addr:postcode" v="63-700"/>
	<tag k="addr:street" v="Mały Rynek"/>
	<tag k="addr:street:sym_ul" v="12209"/>
	<tag k="building" v="yes"/>
	<tag k="name" v="Muzeum Regionalne im. Hieronima Ławniczaka w Krotoszynie"/>
	<tag k="source:addr" v="krotoszyn.e-mapa.net"/>
	<tag k="tourism" v="museum"/>
	<tag k="operator" v="Miasto i Gmina Krotoszyn"/>
	<tag k="operator:type" v="government"/>
	<tag k="source:tourism" v="Wykaz Muzeów, wypis na dzień 2026-04-09"/>
	<nd ref="2785925749"/>
	<nd ref="2785925743"/>
	<nd ref="2785925741"/>
	<nd ref="9470258307"/>
	<nd ref="9470258306"/>
	<nd ref="2785925748"/>
	<nd ref="2785925749"/>
</way>
<node id="2785925741" lat="51.695683" lon="17.4352964" version="3" timestamp="2022-02-03T01:27:59Z"  changeset="116941623" uid="6649623" user="Patryk Piotrowski">

</node>
<node id="2785925743" lat="51.6957358" lon="17.4347452" version="3" timestamp="2022-02-03T01:27:59Z"  changeset="116941623" uid="6649623" user="Patryk Piotrowski">

</node>
<node id="2785925748" lat="51.6958415" lon="17.4353649" version="3" timestamp="2022-02-03T01:27:59Z"  changeset="116941623" uid="6649623" user="Patryk Piotrowski">

</node>
<node id="2785925749" lat="51.695897" lon="17.4347853" version="3" timestamp="2022-02-03T01:27:59Z"  changeset="116941623" uid="6649623" user="Patryk Piotrowski">

</node>
<node id="9470258306" lat="51.6957616" lon="17.435345" version="1" timestamp="2022-02-03T01:27:59Z"  changeset="116941623" uid="6649623" user="Patryk Piotrowski">

</node>
<node id="9470258307" lat="51.6957643" lon="17.4353167" version="1" timestamp="2022-02-03T01:27:59Z"  changeset="116941623" uid="6649623" user="Patryk Piotrowski">

</node>
<way id="138412161" version="13" timestamp="2025-11-10T12:44:44Z" action="modify" changeset="174461410" uid="1744629" user="voltairovicz">
	<tag k="addr:city" v="Kozienice"/>
	<tag k="addr:city:simc" v="0973524"/>
	<tag k="addr:housenumber" v="5b"/>
	<tag k="addr:postcode" v="26-900"/>
	<tag k="addr:street" v="Parkowa"/>
	<tag k="addr:street:sym_ul" v="15710"/>
	<tag k="building" v="yes"/>
	<tag k="historic" v="building"/>
	<tag k="name" v="Muzeum Regionalne im. prof. Tomasza Mikockiego w Kozienicach"/>
	<tag k="opening_hours" v="Tu-Fr 09:00-15:30"/>
	<tag k="phone" v="+48 48 614 35 75"/>
	<tag k="source:addr" v="emuia.gugik.gov.pl"/>
	<tag k="tourism" v="museum"/>
	<tag k="website" v="https://www.muzeum-kozienice.pl/"/>
	<tag k="wikidata" v="Q30072685"/>
	<tag k="operator" v="Gmina Kozienice"/>
	<tag k="operator:type" v="government"/>
	<tag k="source:tourism" v="Wykaz Muzeów, wypis na dzień 2026-04-09"/>
	<nd ref="1517724816"/>
	<nd ref="1517724822"/>
	<nd ref="1517724814"/>
	<nd ref="1517724811"/>
	<nd ref="1517724805"/>
	<nd ref="13294502472"/>
	<nd ref="13294502474"/>
	<nd ref="13294502624"/>
	<nd ref="1517724812"/>
	<nd ref="13294502642"/>
	<nd ref="1517724825"/>
	<nd ref="13294502707"/>
	<nd ref="1517724833"/>
	<nd ref="13294502643"/>
	<nd ref="6453068716"/>
	<nd ref="6453068717"/>
	<nd ref="1517724827"/>
	<nd ref="13294502695"/>
	<nd ref="13294502662"/>
	<nd ref="6453068722"/>
	<nd ref="6453068721"/>
	<nd ref="6453068720"/>
	<nd ref="6453068719"/>
	<nd ref="13294502671"/>
	<nd ref="13294502697"/>
	<nd ref="6453068718"/>
	<nd ref="6453068725"/>
	<nd ref="6453068723"/>
	<nd ref="6453068724"/>
	<nd ref="13294502672"/>
	<nd ref="6453068727"/>
	<nd ref="6453068726"/>
	<nd ref="1517724852"/>
	<nd ref="1517724855"/>
	<nd ref="1820533784"/>
	<nd ref="1820533773"/>
	<nd ref="6453068710"/>
	<nd ref="6453068712"/>
	<nd ref="6453068711"/>
	<nd ref="6453068713"/>
	<nd ref="1517724839"/>
	<nd ref="1517724840"/>
	<nd ref="6453068714"/>
	<nd ref="6453068715"/>
	<nd ref="1517724820"/>
	<nd ref="1517724816"/>
</way>
<node id="1517724805" lat="51.5882744" lon="21.5538182" version="6" timestamp="2019-05-06T20:30:44Z"  changeset="69950929" uid="558945" user="kesikp">

</node>
<node id="1517724811" lat="51.5883441" lon="21.5537043" version="6" timestamp="2019-05-06T20:30:44Z"  changeset="69950929" uid="558945" user="kesikp">

</node>
<node id="1517724812" lat="51.5884328" lon="21.5540695" version="6" timestamp="2019-05-06T20:30:44Z"  changeset="69950929" uid="558945" user="kesikp">

</node>
<node id="1517724814" lat="51.5884309" lon="21.553842" version="6" timestamp="2019-05-06T20:30:44Z"  changeset="69950929" uid="558945" user="kesikp">

</node>
<node id="1517724816" lat="51.5884584" lon="21.5535289" version="6" timestamp="2019-05-06T20:30:44Z"  changeset="69950929" uid="558945" user="kesikp">

</node>
<node id="1517724820" lat="51.5885262" lon="21.5534182" version="6" timestamp="2019-05-06T20:30:44Z"  changeset="69950929" uid="558945" user="kesikp">

</node>
<node id="1517724822" lat="51.5885417" lon="21.5536611" version="6" timestamp="2019-05-06T20:30:44Z"  changeset="69950929" uid="558945" user="kesikp">

</node>
<node id="1517724825" lat="51.5886256" lon="21.5537547" version="6" timestamp="2019-05-06T20:30:44Z"  changeset="69950929" uid="558945" user="kesikp">

</node>
<node id="1517724827" lat="51.5887115" lon="21.5541025" version="6" timestamp="2019-05-06T20:30:44Z"  changeset="69950929" uid="558945" user="kesikp">

</node>
<node id="1517724833" lat="51.5887356" lon="21.5539291" version="6" timestamp="2019-05-06T20:30:44Z"  changeset="69950929" uid="558945" user="kesikp">

</node>
<node id="1517724839" lat="51.5888252" lon="21.5539849" version="6" timestamp="2019-05-06T20:30:44Z"  changeset="69950929" uid="558945" user="kesikp">

</node>
<node id="1517724840" lat="51.5888562" lon="21.5539343" version="6" timestamp="2019-05-06T20:30:44Z"  changeset="69950929" uid="558945" user="kesikp">

</node>
<node id="1517724852" lat="51.5890361" lon="21.554631" version="6" timestamp="2019-05-06T20:30:44Z"  changeset="69950929" uid="558945" user="kesikp">

</node>
<node id="1517724855" lat="51.5891621" lon="21.5544252" version="6" timestamp="2019-05-06T20:30:44Z"  changeset="69950929" uid="558945" user="kesikp">

</node>
<node id="1820533773" lat="51.5890716" lon="21.5543746" version="5" timestamp="2019-05-06T20:30:45Z"  changeset="69950929" uid="558945" user="kesikp">

</node>
<node id="1820533784" lat="51.5891005" lon="21.5543274" version="5" timestamp="2019-05-06T20:30:45Z"  changeset="69950929" uid="558945" user="kesikp">

</node>
<node id="6453068710" lat="51.5889828" lon="21.5542336" version="1" timestamp="2019-05-06T20:30:43Z"  changeset="69950929" uid="558945" user="kesikp">

</node>
<node id="6453068711" lat="51.5889165" lon="21.5541139" version="1" timestamp="2019-05-06T20:30:43Z"  changeset="69950929" uid="558945" user="kesikp">

</node>
<node id="6453068712" lat="51.5889873" lon="21.5542262" version="1" timestamp="2019-05-06T20:30:43Z"  changeset="69950929" uid="558945" user="kesikp">

</node>
<node id="6453068713" lat="51.5889116" lon="21.554122" version="1" timestamp="2019-05-06T20:30:43Z"  changeset="69950929" uid="558945" user="kesikp">

</node>
<node id="6453068714" lat="51.588795" lon="21.5538371" version="1" timestamp="2019-05-06T20:30:43Z"  changeset="69950929" uid="558945" user="kesikp">

</node>
<node id="6453068715" lat="51.5887926" lon="21.5538409" version="1" timestamp="2019-05-06T20:30:43Z"  changeset="69950929" uid="558945" user="kesikp">

</node>
<node id="6453068716" lat="51.588666" lon="21.5540426" version="1" timestamp="2019-05-06T20:30:44Z"  changeset="69950929" uid="558945" user="kesikp">

</node>
<node id="6453068717" lat="51.5887077" lon="21.5541088" version="1" timestamp="2019-05-06T20:30:44Z"  changeset="69950929" uid="558945" user="kesikp">

</node>
<node id="6453068718" lat="51.5888628" lon="21.5543664" version="1" timestamp="2019-05-06T20:30:44Z"  changeset="69950929" uid="558945" user="kesikp">

</node>
<node id="6453068719" lat="51.5888312" lon="21.5543162" version="1" timestamp="2019-05-06T20:30:44Z"  changeset="69950929" uid="558945" user="kesikp">

</node>
<node id="6453068720" lat="51.5888348" lon="21.5543103" version="1" timestamp="2019-05-06T20:30:44Z"  changeset="69950929" uid="558945" user="kesikp">

</node>
<node id="6453068721" lat="51.5888147" lon="21.5542784" version="1" timestamp="2019-05-06T20:30:44Z"  changeset="69950929" uid="558945" user="kesikp">

</node>
<node id="6453068722" lat="51.5888185" lon="21.5542722" version="1" timestamp="2019-05-06T20:30:44Z"  changeset="69950929" uid="558945" user="kesikp">

</node>
<node id="6453068723" lat="51.5888872" lon="21.5543927" version="1" timestamp="2019-05-06T20:30:44Z"  changeset="69950929" uid="558945" user="kesikp">

</node>
<node id="6453068724" lat="51.5888913" lon="21.5543859" version="1" timestamp="2019-05-06T20:30:44Z"  changeset="69950929" uid="558945" user="kesikp">

</node>
<node id="6453068725" lat="51.5888666" lon="21.5543601" version="1" timestamp="2019-05-06T20:30:44Z"  changeset="69950929" uid="558945" user="kesikp">

</node>
<node id="6453068726" lat="51.5889927" lon="21.5545622" version="1" timestamp="2019-05-06T20:30:44Z"  changeset="69950929" uid="558945" user="kesikp">

</node>
<node id="6453068727" lat="51.5889975" lon="21.5545543" version="1" timestamp="2019-05-06T20:30:44Z"  changeset="69950929" uid="558945" user="kesikp">

</node>
<node id="13294502472" lat="51.5883327" lon="21.5539107" version="1" timestamp="2025-11-10T12:44:44Z"  changeset="174461410" uid="1744629" user="voltairovicz">

</node>
<node id="13294502474" lat="51.5883715" lon="21.5539723" version="1" timestamp="2025-11-10T12:44:44Z"  changeset="174461410" uid="1744629" user="voltairovicz">

</node>
<node id="13294502624" lat="51.5883813" lon="21.5539879" version="1" timestamp="2025-11-10T12:44:44Z"  changeset="174461410" uid="1744629" user="voltairovicz">

</node>
<node id="13294502642" lat="51.5886105" lon="21.5537793" version="1" timestamp="2025-11-10T12:44:44Z"  changeset="174461410" uid="1744629" user="voltairovicz">

</node>
<node id="13294502643" lat="51.5887217" lon="21.5539518" version="1" timestamp="2025-11-10T12:44:44Z"  changeset="174461410" uid="1744629" user="voltairovicz">

</node>
<node id="13294502662" lat="51.5887304" lon="21.5541324" version="1" timestamp="2025-11-10T12:44:44Z"  changeset="174461410" uid="1744629" user="voltairovicz">

</node>
<node id="13294502671" lat="51.5888389" lon="21.5543284" version="1" timestamp="2025-11-10T12:44:44Z"  changeset="174461410" uid="1744629" user="voltairovicz">

</node>
<node id="13294502672" lat="51.5889801" lon="21.5545267" version="1" timestamp="2025-11-10T12:44:44Z"  changeset="174461410" uid="1744629" user="voltairovicz">

</node>
<node id="13294502695" lat="51.5887212" lon="21.554118" version="1" timestamp="2025-11-10T12:44:44Z"  changeset="174461410" uid="1744629" user="voltairovicz">

</node>
<node id="13294502697" lat="51.5888458" lon="21.5543395" version="1" timestamp="2025-11-10T12:44:44Z"  changeset="174461410" uid="1744629" user="voltairovicz">

</node>
<node id="13294502707" lat="51.5886399" lon="21.5537774" version="1" timestamp="2025-11-10T12:44:44Z"  changeset="174461410" uid="1744629" user="voltairovicz">

</node>
<way id="242404482" version="4" timestamp="2023-11-10T04:37:58Z" action="modify" changeset="143846783" uid="9451067" user="b-jazz-bot">
	<tag k="addr:city" v="Radomsko"/>
	<tag k="addr:housenumber" v="1"/>
	<tag k="addr:postcode" v="97-500"/>
	<tag k="addr:street" v="Gabriela Narutowicza"/>
	<tag k="building" v="public"/>
	<tag k="building:levels" v="2"/>
	<tag k="email" v="muzeum@radomsko.pl"/>
	<tag k="name" v="Muzeum Regionalne im. Stanisława Sankowskiego w Radomsku"/>
	<tag k="phone" v="+48 44 6850076"/>
	<tag k="tourism" v="museum"/>
	<tag k="website" v="https://muzeum.radomsko.pl/"/>
	<tag k="operator" v="Miasto Radomsko"/>
	<tag k="operator:type" v="government"/>
	<tag k="source:tourism" v="Wykaz Muzeów, wypis na dzień 2026-04-09"/>
	<nd ref="2498849273"/>
	<nd ref="2498849275"/>
	<nd ref="2498849177"/>
	<nd ref="2498849179"/>
	<nd ref="2498849129"/>
	<nd ref="2498849128"/>
	<nd ref="2498849101"/>
	<nd ref="2498849103"/>
	<nd ref="2498849040"/>
	<nd ref="2498849038"/>
	<nd ref="2498848785"/>
	<nd ref="2498848782"/>
	<nd ref="2498848770"/>
	<nd ref="3080598126"/>
	<nd ref="690924020"/>
	<nd ref="2498848765"/>
	<nd ref="2498848762"/>
	<nd ref="690924022"/>
	<nd ref="2498848960"/>
	<nd ref="2498848971"/>
	<nd ref="2498848978"/>
	<nd ref="2498849010"/>
	<nd ref="2498849276"/>
	<nd ref="2498849278"/>
	<nd ref="2498849308"/>
	<nd ref="2498849314"/>
	<nd ref="2498849302"/>
	<nd ref="2498849306"/>
	<nd ref="690924102"/>
	<nd ref="2498849273"/>
</way>
<node id="690924020" lat="51.0678396" lon="19.4447061" version="2" timestamp="2013-10-16T20:40:14Z"  changeset="18393355" uid="504620" user="JakubS">

</node>
<node id="690924022" lat="51.067822" lon="19.4444826" version="2" timestamp="2013-10-16T20:40:14Z"  changeset="18393355" uid="504620" user="JakubS">

</node>
<node id="690924102" lat="51.0684927" lon="19.4447924" version="2" timestamp="2013-10-16T20:40:14Z"  changeset="18393355" uid="504620" user="JakubS">

</node>
<node id="2498848762" lat="51.0678408" lon="19.4446739" version="1" timestamp="2013-10-16T20:39:53Z"  changeset="18393355" uid="504620" user="JakubS">

</node>
<node id="2498848765" lat="51.0678437" lon="19.4446738" version="1" timestamp="2013-10-16T20:39:53Z"  changeset="18393355" uid="504620" user="JakubS">

</node>
<node id="2498848770" lat="51.0678637" lon="19.4447395" version="1" timestamp="2013-10-16T20:39:53Z"  changeset="18393355" uid="504620" user="JakubS">

</node>
<node id="2498848782" lat="51.0678838" lon="19.4447274" version="1" timestamp="2013-10-16T20:39:53Z"  changeset="18393355" uid="504620" user="JakubS">

</node>
<node id="2498848785" lat="51.0678855" lon="19.444732" version="1" timestamp="2013-10-16T20:39:53Z"  changeset="18393355" uid="504620" user="JakubS">

</node>
<node id="2498848960" lat="51.0679369" lon="19.44446" version="1" timestamp="2013-10-16T20:39:55Z"  changeset="18393355" uid="504620" user="JakubS">

</node>
<node id="2498848971" lat="51.0679443" lon="19.4445496" version="1" timestamp="2013-10-16T20:39:55Z"  changeset="18393355" uid="504620" user="JakubS">

</node>
<node id="2498848978" lat="51.0679456" lon="19.4445572" version="1" timestamp="2013-10-16T20:39:55Z"  changeset="18393355" uid="504620" user="JakubS">

</node>
<node id="2498849010" lat="51.067961" lon="19.4445908" version="1" timestamp="2013-10-16T20:39:55Z"  changeset="18393355" uid="504620" user="JakubS">

</node>
<node id="2498849038" lat="51.0680042" lon="19.4447414" version="1" timestamp="2013-10-16T20:39:56Z"  changeset="18393355" uid="504620" user="JakubS">

</node>
<node id="2498849040" lat="51.0680044" lon="19.4447382" version="1" timestamp="2013-10-16T20:39:56Z"  changeset="18393355" uid="504620" user="JakubS">

</node>
<node id="2498849101" lat="51.0680911" lon="19.4447479" version="1" timestamp="2013-10-16T20:39:57Z"  changeset="18393355" uid="504620" user="JakubS">

</node>
<node id="2498849103" lat="51.0680912" lon="19.4447447" version="1" timestamp="2013-10-16T20:39:57Z"  changeset="18393355" uid="504620" user="JakubS">

</node>
<node id="2498849128" lat="51.0681373" lon="19.4447517" version="1" timestamp="2013-10-16T20:39:57Z"  changeset="18393355" uid="504620" user="JakubS">

</node>
<node id="2498849129" lat="51.0681375" lon="19.4447474" version="1" timestamp="2013-10-16T20:39:57Z"  changeset="18393355" uid="504620" user="JakubS">

</node>
<node id="2498849177" lat="51.0682287" lon="19.4447575" version="1" timestamp="2013-10-16T20:39:58Z"  changeset="18393355" uid="504620" user="JakubS">

</node>
<node id="2498849179" lat="51.0682289" lon="19.4447542" version="1" timestamp="2013-10-16T20:39:58Z"  changeset="18393355" uid="504620" user="JakubS">

</node>
<node id="2498849273" lat="51.0684431" lon="19.444785" version="1" timestamp="2013-10-16T20:39:59Z"  changeset="18393355" uid="504620" user="JakubS">

</node>
<node id="2498849275" lat="51.0684437" lon="19.4447717" version="1" timestamp="2013-10-16T20:39:59Z"  changeset="18393355" uid="504620" user="JakubS">

</node>
<node id="2498849276" lat="51.0684452" lon="19.4446225" version="1" timestamp="2013-10-16T20:39:59Z"  changeset="18393355" uid="504620" user="JakubS">

</node>
<node id="2498849278" lat="51.0684465" lon="19.444574" version="1" timestamp="2013-10-16T20:39:59Z"  changeset="18393355" uid="504620" user="JakubS">

</node>
<node id="2498849302" lat="51.0684921" lon="19.4447231" version="1" timestamp="2013-10-16T20:40:00Z"  changeset="18393355" uid="504620" user="JakubS">

</node>
<node id="2498849306" lat="51.0684956" lon="19.4447235" version="1" timestamp="2013-10-16T20:40:00Z"  changeset="18393355" uid="504620" user="JakubS">

</node>
<node id="2498849308" lat="51.068496" lon="19.4445784" version="1" timestamp="2013-10-16T20:40:00Z"  changeset="18393355" uid="504620" user="JakubS">

</node>
<node id="2498849314" lat="51.0684981" lon="19.4445784" version="1" timestamp="2013-10-16T20:40:00Z"  changeset="18393355" uid="504620" user="JakubS">

</node>
<node id="3080598126" lat="51.0678521" lon="19.4447234" version="1" timestamp="2014-09-16T17:54:00Z"  changeset="25484953" uid="504620" user="JakubS">
	<tag k="entrance" v="main"/>
	<tag k="source" v="geoportal.gov.pl:ortofoto"/>
</node>
<way id="491308270" version="6" timestamp="2025-06-28T15:33:47Z" action="modify" changeset="168232018" uid="16478494" user="wojtdid">
	<tag k="addr:city" v="Lipce Reymontowskie"/>
	<tag k="addr:city:simc" v="0729882"/>
	<tag k="addr:housenumber" v="10"/>
	<tag k="addr:postcode" v="96-127"/>
	<tag k="addr:street" v="Wiatraczna"/>
	<tag k="addr:street:sym_ul" v="23972"/>
	<tag k="building" v="yes"/>
	<tag k="source:addr" v="lipcereymontowskie.e-mapa.net"/>
	<tag k="tourism" v="museum"/>
	<tag k="name" v="Muzeum Regionalne im. Wł. St. Reymonta w Lipcach Reymontowskich"/>
	<tag k="operator" v="Powiat Skierniewicki"/>
	<tag k="operator:type" v="government"/>
	<tag k="source:tourism" v="Wykaz Muzeów, wypis na dzień 2026-04-09"/>
	<nd ref="5181280495"/>
	<nd ref="5181280494"/>
	<nd ref="5181280493"/>
	<nd ref="5181280492"/>
	<nd ref="5181280495"/>
</way>
<node id="5181280492" lat="51.8965769" lon="19.9396163" version="1" timestamp="2017-10-22T08:09:47Z"  changeset="53145193" uid="2445224" user="rowers2">

</node>
<node id="5181280493" lat="51.8964916" lon="19.9396398" version="1" timestamp="2017-10-22T08:09:47Z"  changeset="53145193" uid="2445224" user="rowers2">

</node>
<node id="5181280494" lat="51.8964762" lon="19.9394942" version="1" timestamp="2017-10-22T08:09:47Z"  changeset="53145193" uid="2445224" user="rowers2">

</node>
<node id="5181280495" lat="51.8965616" lon="19.9394709" version="1" timestamp="2017-10-22T08:09:47Z"  changeset="53145193" uid="2445224" user="rowers2">

</node>
<way id="169712651" version="11" timestamp="2023-10-29T17:37:19Z" action="modify" changeset="143323534" uid="3199858" user="Mateusz Konieczny - bot account">
	<tag k="addr:city" v="Bełchatów"/>
	<tag k="addr:housenumber" v="11"/>
	<tag k="addr:postcode" v="97-400"/>
	<tag k="addr:street" v="Rodziny Hellwigów"/>
	<tag k="building" v="yes"/>
	<tag k="email" v="muzeum@muzeum-belchatow.pl"/>
	<tag k="fax" v="+48 44 633 06 67"/>
	<tag k="heritage" v="2"/>
	<tag k="heritage:operator" v="nid"/>
	<tag k="historic" v="manor"/>
	<tag k="name" v="Muzeum Regionalne w Bełchatowie"/>
	<tag k="nid:inscription_date" v="1967-05-26"/>
	<tag k="old_name" v="Dwór Olszewskich"/>
	<tag k="opening_hours" v="Mo 09:00-15:00; Tu-Fr 09:00-18:00; Su 11:00-17:00"/>
	<tag k="phone" v="+48 44 633 11 33"/>
	<tag k="ref:nid" v="167"/>
	<tag k="source:addr" v="EMUiA (emuia.geoportal.gov.pl)"/>
	<tag k="start_date" v="early C18"/>
	<tag k="tourism" v="museum"/>
	<tag k="website" v="http://muzeum.belchatow.pl/"/>
	<tag k="wikidata" v="Q9213374"/>
	<tag k="wikipedia" v="pl:Dwór Olszewskich w Bełchatowie"/>
	<tag k="operator" v="Miasto Bełchatów"/>
	<tag k="operator:type" v="government"/>
	<tag k="source:tourism" v="Wykaz Muzeów, wypis na dzień 2026-04-09"/>
	<nd ref="5216064777"/>
	<nd ref="5216064776"/>
	<nd ref="5216064775"/>
	<nd ref="5216064774"/>
	<nd ref="5216064773"/>
	<nd ref="5216064772"/>
	<nd ref="5216064771"/>
	<nd ref="5216064770"/>
	<nd ref="5216064769"/>
	<nd ref="5216064768"/>
	<nd ref="5216064767"/>
	<nd ref="5216064766"/>
	<nd ref="5216064765"/>
	<nd ref="5216064764"/>
	<nd ref="5216064763"/>
	<nd ref="5216064762"/>
	<nd ref="9317803532"/>
	<nd ref="5216064761"/>
	<nd ref="5216064760"/>
	<nd ref="5216064759"/>
	<nd ref="5216064758"/>
	<nd ref="5216064757"/>
	<nd ref="5216064756"/>
	<nd ref="5216064755"/>
	<nd ref="5216064777"/>
</way>
<node id="5216064755" lat="51.364497" lon="19.3677346" version="1" timestamp="2017-11-07T11:51:08Z"  changeset="53579485" uid="717069" user="Ventlan">

</node>
<node id="5216064756" lat="51.3644719" lon="19.3677413" version="1" timestamp="2017-11-07T11:51:08Z"  changeset="53579485" uid="717069" user="Ventlan">

</node>
<node id="5216064757" lat="51.3644772" lon="19.3677914" version="1" timestamp="2017-11-07T11:51:08Z"  changeset="53579485" uid="717069" user="Ventlan">

</node>
<node id="5216064758" lat="51.3644181" lon="19.3678094" version="1" timestamp="2017-11-07T11:51:08Z"  changeset="53579485" uid="717069" user="Ventlan">

</node>
<node id="5216064759" lat="51.3644141" lon="19.3677736" version="1" timestamp="2017-11-07T11:51:08Z"  changeset="53579485" uid="717069" user="Ventlan">

</node>
<node id="5216064760" lat="51.3643245" lon="19.3678013" version="1" timestamp="2017-11-07T11:51:08Z"  changeset="53579485" uid="717069" user="Ventlan">

</node>
<node id="5216064761" lat="51.3643307" lon="19.3678542" version="1" timestamp="2017-11-07T11:51:08Z"  changeset="53579485" uid="717069" user="Ventlan">

</node>
<node id="5216064762" lat="51.3642653" lon="19.3678754" version="1" timestamp="2017-11-07T11:51:08Z"  changeset="53579485" uid="717069" user="Ventlan">

</node>
<node id="5216064763" lat="51.3642582" lon="19.367821" version="1" timestamp="2017-11-07T11:51:08Z"  changeset="53579485" uid="717069" user="Ventlan">

</node>
<node id="5216064764" lat="51.3641651" lon="19.367846" version="1" timestamp="2017-11-07T11:51:08Z"  changeset="53579485" uid="717069" user="Ventlan">

</node>
<node id="5216064765" lat="51.3641675" lon="19.3678875" version="1" timestamp="2017-11-07T11:51:08Z"  changeset="53579485" uid="717069" user="Ventlan">

</node>
<node id="5216064766" lat="51.3641093" lon="19.3679055" version="1" timestamp="2017-11-07T11:51:08Z"  changeset="53579485" uid="717069" user="Ventlan">

</node>
<node id="5216064767" lat="51.3640752" lon="19.3676526" version="1" timestamp="2017-11-07T11:51:08Z"  changeset="53579485" uid="717069" user="Ventlan">

</node>
<node id="5216064768" lat="51.3642362" lon="19.3676036" version="1" timestamp="2017-11-07T11:51:08Z"  changeset="53579485" uid="717069" user="Ventlan">

</node>
<node id="5216064769" lat="51.3642468" lon="19.3675902" version="1" timestamp="2017-11-07T11:51:08Z"  changeset="53579485" uid="717069" user="Ventlan">

</node>
<node id="5216064770" lat="51.3642561" lon="19.3675839" version="1" timestamp="2017-11-07T11:51:08Z"  changeset="53579485" uid="717069" user="Ventlan">

</node>
<node id="5216064771" lat="51.3642704" lon="19.367577" version="1" timestamp="2017-11-07T11:51:08Z"  changeset="53579485" uid="717069" user="Ventlan">

</node>
<node id="5216064772" lat="51.3642929" lon="19.367586" version="1" timestamp="2017-11-07T11:51:08Z"  changeset="53579485" uid="717069" user="Ventlan">

</node>
<node id="5216064773" lat="51.3644447" lon="19.3675399" version="1" timestamp="2017-11-07T11:51:08Z"  changeset="53579485" uid="717069" user="Ventlan">

</node>
<node id="5216064774" lat="51.3644642" lon="19.3676973" version="1" timestamp="2017-11-07T11:51:08Z"  changeset="53579485" uid="717069" user="Ventlan">

</node>
<node id="5216064775" lat="51.3644658" lon="19.3676965" version="1" timestamp="2017-11-07T11:51:08Z"  changeset="53579485" uid="717069" user="Ventlan">

</node>
<node id="5216064776" lat="51.3644671" lon="19.3677083" version="1" timestamp="2017-11-07T11:51:08Z"  changeset="53579485" uid="717069" user="Ventlan">

</node>
<node id="5216064777" lat="51.3644929" lon="19.3677002" version="1" timestamp="2017-11-07T11:51:08Z"  changeset="53579485" uid="717069" user="Ventlan">

</node>
<node id="9317803532" lat="51.3642969" lon="19.3678652" version="1" timestamp="2021-12-07T10:47:50Z"  changeset="114654889" uid="8165703" user="matema">

</node>
<way id="176543415" version="7" timestamp="2016-11-21T05:29:47Z" action="modify" changeset="43837876" uid="2445224" user="rowers2">
	<tag k="addr:city" v="Brzeziny"/>
	<tag k="addr:city:simc" v="0977025"/>
	<tag k="addr:housenumber" v="49"/>
	<tag k="addr:postcode" v="95-060"/>
	<tag k="addr:street" v="Józefa Piłsudskiego"/>
	<tag k="addr:street:sym_ul" v="16264"/>
	<tag k="building" v="yes"/>
	<tag k="heritage" v="2"/>
	<tag k="heritage:operator" v="nid"/>
	<tag k="historic" v="yes"/>
	<tag k="name" v="Muzeum Regionalne w Brzezinach"/>
	<tag k="ref:nid" v="430 z 30.09.1976"/>
	<tag k="source:addr" v="emuia.gugik.gov.pl"/>
	<tag k="tourism" v="museum"/>
	<tag k="operator" v="Gmina Miasto Brzeziny"/>
	<tag k="operator:type" v="government"/>
	<tag k="source:tourism" v="Wykaz Muzeów, wypis na dzień 2026-04-09"/>
	<nd ref="4513113754"/>
	<nd ref="4513113755"/>
	<nd ref="4513113781"/>
	<nd ref="4513113753"/>
	<nd ref="4513113752"/>
	<nd ref="4513113692"/>
	<nd ref="4513113693"/>
	<nd ref="4513113592"/>
	<nd ref="4513113593"/>
	<nd ref="4513113594"/>
	<nd ref="4513113596"/>
	<nd ref="4513113595"/>
	<nd ref="4513113469"/>
	<nd ref="4513113597"/>
	<nd ref="4513113470"/>
	<nd ref="4513113759"/>
	<nd ref="4513113757"/>
	<nd ref="4513113758"/>
	<nd ref="4513113613"/>
	<nd ref="4513113756"/>
	<nd ref="4513113754"/>
</way>
<node id="4513113469" lat="51.7990381" lon="19.7447606" version="1" timestamp="2016-11-21T05:02:49Z"  changeset="43837625" uid="2445224" user="rowers2">

</node>
<node id="4513113470" lat="51.7990358" lon="19.7448583" version="1" timestamp="2016-11-21T05:02:49Z"  changeset="43837625" uid="2445224" user="rowers2">

</node>
<node id="4513113592" lat="51.7990589" lon="19.744504" version="1" timestamp="2016-11-21T05:02:50Z"  changeset="43837625" uid="2445224" user="rowers2">

</node>
<node id="4513113593" lat="51.7990515" lon="19.7445928" version="1" timestamp="2016-11-21T05:02:50Z"  changeset="43837625" uid="2445224" user="rowers2">

</node>
<node id="4513113594" lat="51.7990569" lon="19.744594" version="1" timestamp="2016-11-21T05:02:50Z"  changeset="43837625" uid="2445224" user="rowers2">

</node>
<node id="4513113595" lat="51.7990435" lon="19.744693" version="1" timestamp="2016-11-21T05:02:50Z"  changeset="43837625" uid="2445224" user="rowers2">

</node>
<node id="4513113596" lat="51.7990489" lon="19.744694" version="1" timestamp="2016-11-21T05:02:50Z"  changeset="43837625" uid="2445224" user="rowers2">

</node>
<node id="4513113597" lat="51.7990435" lon="19.7447617" version="1" timestamp="2016-11-21T05:02:50Z"  changeset="43837625" uid="2445224" user="rowers2">

</node>
<node id="4513113613" lat="51.7991586" lon="19.7447227" version="1" timestamp="2016-11-21T05:02:52Z"  changeset="43837625" uid="2445224" user="rowers2">

</node>
<node id="4513113692" lat="51.799094" lon="19.7444937" version="1" timestamp="2016-11-21T05:02:51Z"  changeset="43837625" uid="2445224" user="rowers2">

</node>
<node id="4513113693" lat="51.7990925" lon="19.7445113" version="1" timestamp="2016-11-21T05:02:51Z"  changeset="43837625" uid="2445224" user="rowers2">

</node>
<node id="4513113752" lat="51.799133" lon="19.7445022" version="1" timestamp="2016-11-21T05:02:51Z"  changeset="43837625" uid="2445224" user="rowers2">

</node>
<node id="4513113753" lat="51.7991316" lon="19.7445196" version="1" timestamp="2016-11-21T05:02:51Z"  changeset="43837625" uid="2445224" user="rowers2">

</node>
<node id="4513113754" lat="51.799147" lon="19.744607" version="1" timestamp="2016-11-21T05:02:51Z"  changeset="43837625" uid="2445224" user="rowers2">

</node>
<node id="4513113755" lat="51.7991502" lon="19.7446078" version="1" timestamp="2016-11-21T05:02:51Z"  changeset="43837625" uid="2445224" user="rowers2">

</node>
<node id="4513113756" lat="51.7991399" lon="19.7447164" version="1" timestamp="2016-11-21T05:02:52Z"  changeset="43837625" uid="2445224" user="rowers2">

</node>
<node id="4513113757" lat="51.7991365" lon="19.7447961" version="1" timestamp="2016-11-21T05:02:52Z"  changeset="43837625" uid="2445224" user="rowers2">

</node>
<node id="4513113758" lat="51.7991523" lon="19.7447966" version="1" timestamp="2016-11-21T05:02:52Z"  changeset="43837625" uid="2445224" user="rowers2">

</node>
<node id="4513113759" lat="51.7991318" lon="19.7448766" version="1" timestamp="2016-11-21T05:02:52Z"  changeset="43837625" uid="2445224" user="rowers2">

</node>
<node id="4513113781" lat="51.799158" lon="19.7445258" version="1" timestamp="2016-11-21T05:02:52Z"  changeset="43837625" uid="2445224" user="rowers2">

</node>
<way id="361278695" version="6" timestamp="2019-10-01T19:29:13Z" action="modify" changeset="75168193" uid="3214275" user="pio2_122">
	<tag k="addr:city" v="Cedynia"/>
	<tag k="addr:city:simc" v="0978734"/>
	<tag k="addr:housenumber" v="4"/>
	<tag k="addr:postcode" v="74-520"/>
	<tag k="addr:street" v="Plac Wolności"/>
	<tag k="addr:street:sym_ul" v="24685"/>
	<tag k="building" v="residential"/>
	<tag k="building:levels" v="2"/>
	<tag k="name" v="Muzeum Regionalne w Cedyni"/>
	<tag k="source:addr" v="cedynia.e-mapa.net"/>
	<tag k="tourism" v="museum"/>
	<tag k="wheelchair" v="no"/>
	<tag k="wikidata" v="Q18432489"/>
	<tag k="wikipedia" v="pl:Muzeum Regionalne w Cedyni"/>
	<tag k="operator" v="Gmina Cedynia"/>
	<tag k="operator:type" v="government"/>
	<tag k="source:tourism" v="Wykaz Muzeów, wypis na dzień 2026-04-09"/>
	<nd ref="3657781937"/>
	<nd ref="3657781900"/>
	<nd ref="3657781901"/>
	<nd ref="3657781917"/>
	<nd ref="3657781938"/>
	<nd ref="3657781941"/>
	<nd ref="3657781955"/>
	<nd ref="3657781973"/>
	<nd ref="3657781945"/>
	<nd ref="3657781937"/>
</way>
<node id="3657781900" lat="52.8775655" lon="14.2025338" version="1" timestamp="2015-07-19T15:13:26Z"  changeset="32734735" uid="603523" user="maciek-szn">

</node>
<node id="3657781901" lat="52.877568" lon="14.2025153" version="1" timestamp="2015-07-19T15:13:26Z"  changeset="32734735" uid="603523" user="maciek-szn">

</node>
<node id="3657781917" lat="52.8776097" lon="14.2023639" version="1" timestamp="2015-07-19T15:13:26Z"  changeset="32734735" uid="603523" user="maciek-szn">

</node>
<node id="3657781937" lat="52.8776458" lon="14.2025947" version="1" timestamp="2015-07-19T15:13:26Z"  changeset="32734735" uid="603523" user="maciek-szn">

</node>
<node id="3657781938" lat="52.8776504" lon="14.2023902" version="1" timestamp="2015-07-19T15:13:26Z"  changeset="32734735" uid="603523" user="maciek-szn">

</node>
<node id="3657781941" lat="52.8776595" lon="14.2023649" version="1" timestamp="2015-07-19T15:13:26Z"  changeset="32734735" uid="603523" user="maciek-szn">

</node>
<node id="3657781945" lat="52.877662" lon="14.2025838" version="1" timestamp="2015-07-19T15:13:27Z"  changeset="32734735" uid="603523" user="maciek-szn">

</node>
<node id="3657781955" lat="52.8776785" lon="14.2023802" version="1" timestamp="2015-07-19T15:13:27Z"  changeset="32734735" uid="603523" user="maciek-szn">

</node>
<node id="3657781973" lat="52.8777063" lon="14.2024025" version="1" timestamp="2015-07-19T15:13:27Z"  changeset="32734735" uid="603523" user="maciek-szn">

</node>
<way id="283614400" version="8" timestamp="2025-11-25T22:12:06Z" action="modify" changeset="175130380" uid="145231" user="woodpeck_repair">
	<tag k="addr:city" v="Janów Lubelski"/>
	<tag k="addr:housenumber" v="3A"/>
	<tag k="addr:postcode" v="23-300"/>
	<tag k="addr:street" v="Ogrodowa"/>
	<tag k="building" v="commercial"/>
	<tag k="image" v="https://photos.app.goo.gl/o8XDVZ44h6v3KVWk8"/>
	<tag k="name" v="Muzeum Regionalne w Janowie Lubelskim"/>
	<tag k="source:addr" v="EMUiA (emuia.geoportal.gov.pl)"/>
	<tag k="tourism" v="museum"/>
	<tag k="url" v="https://fotopolska.eu/300506,obiekt.html?map_z=18"/>
	<tag k="operator" v="Gmina Janów Lubelski"/>
	<tag k="operator:type" v="government"/>
	<tag k="source:tourism" v="Wykaz Muzeów, wypis na dzień 2026-04-09"/>
	<nd ref="4752337153"/>
	<nd ref="4752337152"/>
	<nd ref="4752337151"/>
	<nd ref="4752337150"/>
	<nd ref="4752337149"/>
	<nd ref="4752337148"/>
	<nd ref="4752337147"/>
	<nd ref="4752337146"/>
	<nd ref="4752337145"/>
	<nd ref="4752337144"/>
	<nd ref="4752337143"/>
	<nd ref="4752337142"/>
	<nd ref="4752337141"/>
	<nd ref="13087611886"/>
	<nd ref="13087611888"/>
	<nd ref="12059088848"/>
	<nd ref="4752337140"/>
	<nd ref="4752337153"/>
</way>
<node id="4752337140" lat="50.7051433" lon="22.4181176" version="1" timestamp="2017-03-24T08:10:04Z"  changeset="47117807" uid="1980824" user="wmyrda">

</node>
<node id="4752337141" lat="50.704926" lon="22.4178107" version="1" timestamp="2017-03-24T08:10:04Z"  changeset="47117807" uid="1980824" user="wmyrda">

</node>
<node id="4752337142" lat="50.7049811" lon="22.4177139" version="1" timestamp="2017-03-24T08:10:04Z"  changeset="47117807" uid="1980824" user="wmyrda">

</node>
<node id="4752337143" lat="50.7051326" lon="22.4179279" version="1" timestamp="2017-03-24T08:10:04Z"  changeset="47117807" uid="1980824" user="wmyrda">

</node>
<node id="4752337144" lat="50.7052137" lon="22.4177856" version="1" timestamp="2017-03-24T08:10:04Z"  changeset="47117807" uid="1980824" user="wmyrda">

</node>
<node id="4752337145" lat="50.7050648" lon="22.4175754" version="1" timestamp="2017-03-24T08:10:04Z"  changeset="47117807" uid="1980824" user="wmyrda">

</node>
<node id="4752337146" lat="50.7051009" lon="22.4175118" version="1" timestamp="2017-03-24T08:10:04Z"  changeset="47117807" uid="1980824" user="wmyrda">

</node>
<node id="4752337147" lat="50.7050784" lon="22.41748" version="1" timestamp="2017-03-24T08:10:04Z"  changeset="47117807" uid="1980824" user="wmyrda">

</node>
<node id="4752337148" lat="50.7051006" lon="22.4174409" version="1" timestamp="2017-03-24T08:10:04Z"  changeset="47117807" uid="1980824" user="wmyrda">

</node>
<node id="4752337149" lat="50.7053379" lon="22.4177761" version="1" timestamp="2017-03-24T08:10:04Z"  changeset="47117807" uid="1980824" user="wmyrda">

</node>
<node id="4752337150" lat="50.7052563" lon="22.4179193" version="1" timestamp="2017-03-24T08:10:04Z"  changeset="47117807" uid="1980824" user="wmyrda">

</node>
<node id="4752337151" lat="50.7053002" lon="22.4179812" version="1" timestamp="2017-03-24T08:10:04Z"  changeset="47117807" uid="1980824" user="wmyrda">

</node>
<node id="4752337152" lat="50.705268" lon="22.4180376" version="1" timestamp="2017-03-24T08:10:04Z"  changeset="47117807" uid="1980824" user="wmyrda">

</node>
<node id="4752337153" lat="50.7052241" lon="22.4179757" version="1" timestamp="2017-03-24T08:10:04Z"  changeset="47117807" uid="1980824" user="wmyrda">

</node>
<node id="12059088848" lat="50.7050733" lon="22.4180187" version="1" timestamp="2024-07-17T11:59:46Z"  changeset="154055069" uid="21758575" user="qumil">

</node>
<node id="13087611886" lat="50.7049591" lon="22.4178575" version="1" timestamp="2025-08-21T20:51:00Z"  changeset="170799987" uid="3610826" user="km2bp">
	<tag k="entrance" v="yes"/>
	<tag k="image" v="https://photos.app.goo.gl/PSDL6W9cKcjmx5Mq6"/>
</node>
<node id="13087611888" lat="50.7049719" lon="22.4178749" version="1" timestamp="2025-08-21T20:51:00Z"  changeset="170799987" uid="3610826" user="km2bp">

</node>
<way id="354076310" version="9" timestamp="2024-02-22T12:31:24Z" action="modify" changeset="147771501" uid="10436620" user="Xaruss18">
	<tag k="addr:city" v="Jasło"/>
	<tag k="addr:housenumber" v="11"/>
	<tag k="addr:postcode" v="38-200"/>
	<tag k="addr:street" v="Stanisława Kadyiego"/>
	<tag k="building" v="yes"/>
	<tag k="email" v="muzeumjaslo@neostrada.pl"/>
	<tag k="fax" v="+48 13 446 35 98"/>
	<tag k="name" v="Muzeum Regionalne w Jaśle im. dr. Stanisława Kadyiego"/>
	<tag k="official_name" v="Muzeum Regionalne w Jaśle"/>
	<tag k="opening_hours" v="Mo-Fr 08:00-14:30; Sa-Su 10:00-14:00"/>
	<tag k="operator" v="Miasto Jasło"/>
	<tag k="phone" v="+48 13 446 23 59"/>
	<tag k="start_date" v="1970"/>
	<tag k="tourism" v="museum"/>
	<tag k="website" v="https://muzeumjaslo.pl/"/>
	<tag k="wikidata" v="Q11787176"/>
	<tag k="wikipedia" v="pl:Muzeum Regionalne w Jaśle"/>
	<tag k="operator:type" v="government"/>
	<tag k="source:tourism" v="Wykaz Muzeów, wypis na dzień 2026-04-09"/>
	<nd ref="3598536319"/>
	<nd ref="3598536012"/>
	<nd ref="3598536011"/>
	<nd ref="3598535987"/>
	<nd ref="3598536010"/>
	<nd ref="4059987698"/>
	<nd ref="11652698913"/>
	<nd ref="4059987697"/>
	<nd ref="4059987696"/>
	<nd ref="4059987695"/>
	<nd ref="3598536009"/>
	<nd ref="11652698910"/>
	<nd ref="3598536349"/>
	<nd ref="3598536351"/>
	<nd ref="3598536319"/>
</way>
<node id="3598535987" lat="49.7455845" lon="21.4741051" version="3" timestamp="2024-02-22T12:31:24Z"  changeset="147771501" uid="10436620" user="Xaruss18">

</node>
<node id="3598536009" lat="49.7455828" lon="21.4742616" version="3" timestamp="2024-02-22T12:31:24Z"  changeset="147771501" uid="10436620" user="Xaruss18">

</node>
<node id="3598536010" lat="49.7453275" lon="21.4740968" version="3" timestamp="2024-02-22T12:31:24Z"  changeset="147771501" uid="10436620" user="Xaruss18">

</node>
<node id="3598536011" lat="49.7455847" lon="21.4740961" version="3" timestamp="2024-02-22T12:31:24Z"  changeset="147771501" uid="10436620" user="Xaruss18">

</node>
<node id="3598536319" lat="49.7456736" lon="21.4741652" version="3" timestamp="2024-02-22T12:31:24Z"  changeset="147771501" uid="10436620" user="Xaruss18">

</node>
<node id="4059987695" lat="49.7455834" lon="21.4741969" version="2" timestamp="2024-02-22T12:31:24Z"  changeset="147771501" uid="10436620" user="Xaruss18">

</node>
<node id="4059987696" lat="49.7455325" lon="21.4741948" version="2" timestamp="2024-02-22T12:31:24Z"  changeset="147771501" uid="10436620" user="Xaruss18">

</node>
<node id="4059987697" lat="49.7455325" lon="21.4742146" version="2" timestamp="2024-02-22T12:31:24Z"  changeset="147771501" uid="10436620" user="Xaruss18">

</node>
<node id="4059987698" lat="49.7453264" lon="21.4742069" version="2" timestamp="2024-02-22T12:31:24Z"  changeset="147771501" uid="10436620" user="Xaruss18">

</node>
<node id="11652698910" lat="49.7455845" lon="21.4742616" version="1" timestamp="2024-02-22T12:31:24Z"  changeset="147771501" uid="10436620" user="Xaruss18">

</node>
<node id="11652698913" lat="49.7455308" lon="21.4742146" version="1" timestamp="2024-02-22T12:31:24Z"  changeset="147771501" uid="10436620" user="Xaruss18">

</node>
<node id="5368380372" lat="50.5206357" lon="20.5279262" version="2" timestamp="2021-03-01T20:30:52Z" action="modify" changeset="100229365" uid="6751278" user="G_P_J">
	<tag k="addr:city" v="Pińczów"/>
	<tag k="addr:housenumber" v="2a"/>
	<tag k="addr:postcode" v="28-400"/>
	<tag k="addr:street" v="Marszałka Józefa Piłsudskiego"/>
	<tag k="name" v="Muzeum Regionalne w Pińczowie"/>
	<tag k="tourism" v="museum"/>
	<tag k="operator" v="Gmina Pińczów"/>
	<tag k="operator:type" v="government"/>
	<tag k="source:tourism" v="Wykaz Muzeów, wypis na dzień 2026-04-09"/>
</node>
<way id="264902084" version="5" timestamp="2018-11-18T15:19:36Z" action="modify" changeset="64623168" uid="576108" user="m@rio">
	<tag k="addr:city" v="Słupca"/>
	<tag k="addr:city:simc" v="0949247"/>
	<tag k="addr:housenumber" v="53"/>
	<tag k="addr:postcode" v="62-400"/>
	<tag k="addr:street" v="Warszawska"/>
	<tag k="building" v="yes"/>
	<tag k="name" v="Muzeum Regionalne w Słupcy"/>
	<tag k="source:addr" v="mslupca.e-mapa.net"/>
	<tag k="tourism" v="museum"/>
	<tag k="website" v="http://www.muzeumslupca.pl/"/>
	<tag k="wikidata" v="Q16580159"/>
	<tag k="wikipedia" v="pl:Muzeum Regionalne w Słupcy"/>
	<tag k="operator" v="Gmina Miejska Słupca"/>
	<tag k="operator:type" v="government"/>
	<tag k="source:tourism" v="Wykaz Muzeów, wypis na dzień 2026-04-09"/>
	<nd ref="3736751405"/>
	<nd ref="3736751383"/>
	<nd ref="3736751385"/>
	<nd ref="3736751370"/>
	<nd ref="3736751368"/>
	<nd ref="3736751351"/>
	<nd ref="3736751341"/>
	<nd ref="3736751345"/>
	<nd ref="3736751338"/>
	<nd ref="3736751332"/>
	<nd ref="3736751322"/>
	<nd ref="3736751386"/>
	<nd ref="3736751405"/>
</way>
<node id="3736751322" lat="52.2862028" lon="17.8795138" version="1" timestamp="2015-09-09T23:29:48Z"  changeset="33921705" uid="1911765" user="lks1[konto usunięte]">

</node>
<node id="3736751332" lat="52.2862166" lon="17.8794245" version="1" timestamp="2015-09-09T23:29:49Z"  changeset="33921705" uid="1911765" user="lks1[konto usunięte]">

</node>
<node id="3736751338" lat="52.2862269" lon="17.8794161" version="1" timestamp="2015-09-09T23:29:49Z"  changeset="33921705" uid="1911765" user="lks1[konto usunięte]">

</node>
<node id="3736751341" lat="52.2862304" lon="17.8793341" version="1" timestamp="2015-09-09T23:29:49Z"  changeset="33921705" uid="1911765" user="lks1[konto usunięte]">

</node>
<node id="3736751345" lat="52.2862369" lon="17.8793508" version="1" timestamp="2015-09-09T23:29:49Z"  changeset="33921705" uid="1911765" user="lks1[konto usunięte]">

</node>
<node id="3736751351" lat="52.2862442" lon="17.8792441" version="1" timestamp="2015-09-09T23:29:49Z"  changeset="33921705" uid="1911765" user="lks1[konto usunięte]">

</node>
<node id="3736751368" lat="52.2862877" lon="17.8792616" version="1" timestamp="2015-09-09T23:29:49Z"  changeset="33921705" uid="1911765" user="lks1[konto usunięte]">

</node>
<node id="3736751370" lat="52.286293" lon="17.8792267" version="1" timestamp="2015-09-09T23:29:49Z"  changeset="33921705" uid="1911765" user="lks1[konto usunięte]">

</node>
<node id="3736751383" lat="52.2863211" lon="17.8792743" version="1" timestamp="2015-09-09T23:29:49Z"  changeset="33921705" uid="1911765" user="lks1[konto usunięte]">

</node>
<node id="3736751385" lat="52.2863263" lon="17.8792401" version="1" timestamp="2015-09-09T23:29:49Z"  changeset="33921705" uid="1911765" user="lks1[konto usunięte]">

</node>
<node id="3736751386" lat="52.2863283" lon="17.8795624" version="1" timestamp="2015-09-09T23:29:49Z"  changeset="33921705" uid="1911765" user="lks1[konto usunięte]">

</node>
<node id="3736751405" lat="52.2863676" lon="17.8792944" version="1" timestamp="2015-09-09T23:29:50Z"  changeset="33921705" uid="1911765" user="lks1[konto usunięte]">

</node>
<way id="299709377" version="2" timestamp="2025-03-18T20:36:31Z" action="modify" changeset="163791753" uid="10159422" user="Mamutinka">
	<tag k="addr:city" v="Stęszew"/>
	<tag k="addr:housenumber" v="8"/>
	<tag k="addr:postcode" v="62-060"/>
	<tag k="addr:street" v="Rynek"/>
	<tag k="building" v="yes"/>
	<tag k="email" v="muzeumsteszew@wp.pl"/>
	<tag k="name" v="Muzeum Regionalne w Stęszewie"/>
	<tag k="opening_hours" v="Mo off; Tu-Su 10:00-14:00"/>
	<tag k="phone" v="+48618134012;+48511946000"/>
	<tag k="tourism" v="museum"/>
	<tag k="website" v="https://muzeumregionalnesteszew.naszastrona.net/"/>
	<tag k="operator" v="Gmina Stęszew"/>
	<tag k="operator:type" v="government"/>
	<tag k="source:tourism" v="Wykaz Muzeów, wypis na dzień 2026-04-09"/>
	<nd ref="3037431697"/>
	<nd ref="3037431699"/>
	<nd ref="3037431698"/>
	<nd ref="3037431696"/>
	<nd ref="3037431697"/>
</way>
<node id="3037431696" lat="52.2785277" lon="16.7002808" version="1" timestamp="2014-08-23T18:33:22Z"  changeset="24962134" uid="1202050" user="TomaszWójcik">

</node>
<node id="3037431697" lat="52.2785734" lon="16.7003761" version="1" timestamp="2014-08-23T18:33:22Z"  changeset="24962134" uid="1202050" user="TomaszWójcik">

</node>
<node id="3037431698" lat="52.2788078" lon="16.6999224" version="1" timestamp="2014-08-23T18:33:22Z"  changeset="24962134" uid="1202050" user="TomaszWójcik">

</node>
<node id="3037431699" lat="52.2788534" lon="16.7000178" version="1" timestamp="2014-08-23T18:33:22Z"  changeset="24962134" uid="1202050" user="TomaszWójcik">

</node>
<way id="272714113" version="8" timestamp="2023-11-02T02:51:52Z" action="modify" changeset="143505951" uid="9451067" user="b-jazz-bot">
	<tag k="addr:city" v="Szczecinek"/>
	<tag k="addr:city:simc" v="0950262"/>
	<tag k="addr:housenumber" v="1"/>
	<tag k="addr:postcode" v="78-400"/>
	<tag k="addr:street" v="Szkolna"/>
	<tag k="addr:street:sym_ul" v="21970"/>
	<tag k="building" v="yes"/>
	<tag k="name" v="Muzeum Regionalne w Szczecinku"/>
	<tag k="note" v="Otwarte od wtorku do niedzieli od 10:00 do 16:00. Do 1996 roku w budynku mieściła się Szkoła Podstawowa nr 2 w Szczecinku. Dniem wolnym od opłat za bilety wstępu jest piątek."/>
	<tag k="phone" v="+ 48 94 374 09 77"/>
	<tag k="source" v="UM Szczecinek"/>
	<tag k="tourism" v="museum"/>
	<tag k="website" v="https://muzeum.szczecinek.pl/"/>
	<tag k="wheelchair" v="yes"/>
	<tag k="wikidata" v="Q11787183"/>
	<tag k="wikipedia" v="pl:Muzeum Regionalne w Szczecinku"/>
	<tag k="operator" v="Miasto Szczecinek"/>
	<tag k="operator:type" v="government"/>
	<tag k="source:tourism" v="Wykaz Muzeów, wypis na dzień 2026-04-09"/>
	<nd ref="2776468725"/>
	<nd ref="2776468728"/>
	<nd ref="3097677741"/>
	<nd ref="3097677744"/>
	<nd ref="3097677743"/>
	<nd ref="3097677742"/>
	<nd ref="3097677746"/>
	<nd ref="3097677745"/>
	<nd ref="3097677740"/>
	<nd ref="2776468726"/>
	<nd ref="2776468724"/>
	<nd ref="3097677737"/>
	<nd ref="3097677733"/>
	<nd ref="3097677732"/>
	<nd ref="3097677736"/>
	<nd ref="3097677739"/>
	<nd ref="3097677734"/>
	<nd ref="3097677735"/>
	<nd ref="3097677738"/>
	<nd ref="2776468725"/>
</way>
<node id="2776468724" lat="53.7113115" lon="16.6921049" version="2" timestamp="2014-09-26T19:38:58Z"  changeset="25693737" uid="2356123" user="Vercyngetorix">

</node>
<node id="2776468725" lat="53.711319" lon="16.6924185" version="2" timestamp="2014-09-26T19:38:58Z"  changeset="25693737" uid="2356123" user="Vercyngetorix">

</node>
<node id="2776468726" lat="53.7114271" lon="16.6920998" version="2" timestamp="2014-09-26T19:38:58Z"  changeset="25693737" uid="2356123" user="Vercyngetorix">

</node>
<node id="2776468728" lat="53.7114287" lon="16.6924114" version="2" timestamp="2014-09-26T19:38:58Z"  changeset="25693737" uid="2356123" user="Vercyngetorix">

</node>
<node id="3097677732" lat="53.7113123" lon="16.6922383" version="1" timestamp="2014-09-26T19:38:57Z"  changeset="25693737" uid="2356123" user="Vercyngetorix">

</node>
<node id="3097677733" lat="53.7113124" lon="16.6922311" version="1" timestamp="2014-09-26T19:38:57Z"  changeset="25693737" uid="2356123" user="Vercyngetorix">

</node>
<node id="3097677734" lat="53.7113133" lon="16.692285" version="1" timestamp="2014-09-26T19:38:57Z"  changeset="25693737" uid="2356123" user="Vercyngetorix">

</node>
<node id="3097677735" lat="53.7113135" lon="16.692292" version="1" timestamp="2014-09-26T19:38:57Z"  changeset="25693737" uid="2356123" user="Vercyngetorix">

</node>
<node id="3097677736" lat="53.7113147" lon="16.6922385" version="1" timestamp="2014-09-26T19:38:57Z"  changeset="25693737" uid="2356123" user="Vercyngetorix">

</node>
<node id="3097677737" lat="53.7113149" lon="16.6922314" version="1" timestamp="2014-09-26T19:38:57Z"  changeset="25693737" uid="2356123" user="Vercyngetorix">

</node>
<node id="3097677738" lat="53.7113157" lon="16.6922919" version="1" timestamp="2014-09-26T19:38:57Z"  changeset="25693737" uid="2356123" user="Vercyngetorix">

</node>
<node id="3097677739" lat="53.7113158" lon="16.6922847" version="1" timestamp="2014-09-26T19:38:57Z"  changeset="25693737" uid="2356123" user="Vercyngetorix">

</node>
<node id="3097677740" lat="53.7114299" lon="16.6922214" version="1" timestamp="2014-09-26T19:38:58Z"  changeset="25693737" uid="2356123" user="Vercyngetorix">

</node>
<node id="3097677741" lat="53.7114302" lon="16.6924121" version="1" timestamp="2014-09-26T19:38:58Z"  changeset="25693737" uid="2356123" user="Vercyngetorix">

</node>
<node id="3097677742" lat="53.7114316" lon="16.692285" version="1" timestamp="2014-09-26T19:38:58Z"  changeset="25693737" uid="2356123" user="Vercyngetorix">

</node>
<node id="3097677743" lat="53.7114338" lon="16.6923886" version="1" timestamp="2014-09-26T19:38:58Z"  changeset="25693737" uid="2356123" user="Vercyngetorix">

</node>
<node id="3097677744" lat="53.7114346" lon="16.6923896" version="1" timestamp="2014-09-26T19:38:58Z"  changeset="25693737" uid="2356123" user="Vercyngetorix">

</node>
<node id="3097677745" lat="53.7114517" lon="16.6922195" version="1" timestamp="2014-09-26T19:38:58Z"  changeset="25693737" uid="2356123" user="Vercyngetorix">

</node>
<node id="3097677746" lat="53.7114532" lon="16.6922843" version="1" timestamp="2014-09-26T19:38:58Z"  changeset="25693737" uid="2356123" user="Vercyngetorix">

</node>
<node id="2657687917" lat="51.1636495" lon="16.5952122" version="4" timestamp="2023-02-27T21:15:07Z" action="modify" changeset="133104397" uid="530338" user="tomzyl">
	<tag k="addr:city" v="Środa Śląska"/>
	<tag k="addr:housenumber" v="3"/>
	<tag k="addr:postcode" v="55-300"/>
	<tag k="addr:street" v="Plac Wolności"/>
	<tag k="fee" v="yes"/>
	<tag k="name" v="Muzeum Regionalne w Środzie Śląskiej"/>
	<tag k="tourism" v="museum"/>
	<tag k="operator" v="Powiat Średzki"/>
	<tag k="operator:type" v="government"/>
	<tag k="source:tourism" v="Wykaz Muzeów, wypis na dzień 2026-04-09"/>
</node>
<way id="686357548" version="1" timestamp="2019-04-27T23:06:34Z" action="modify" changeset="69651821" uid="2605901" user="azalizh">
	<tag k="addr:city" v="Niechorze"/>
	<tag k="addr:housenumber" v="28"/>
	<tag k="addr:postcode" v="72-350"/>
	<tag k="addr:street" v="Aleja Bursztynowa"/>
	<tag k="name" v="Muzeum Rybołówstwa Morskiego w Niechorzu"/>
	<tag k="opening_hours" v="Mo-Su 10:00-18:00"/>
	<tag k="phone" v="+48 91 38 63 250"/>
	<tag k="tourism" v="museum"/>
	<tag k="website" v="http://muzeumniechorze.pl"/>
	<tag k="wikidata" v="Q11787199"/>
	<tag k="wikipedia" v="pl:Muzeum Rybołówstwa Morskiego w Niechorzu"/>
	<tag k="operator" v="Gmina Rewal"/>
	<tag k="operator:type" v="government"/>
	<tag k="source:tourism" v="Wykaz Muzeów, wypis na dzień 2026-04-09"/>
	<nd ref="6433276741"/>
	<nd ref="6433276728"/>
	<nd ref="6433276740"/>
	<nd ref="6433276739"/>
	<nd ref="6433276738"/>
	<nd ref="6433276737"/>
	<nd ref="6433276736"/>
	<nd ref="6433276735"/>
	<nd ref="6433276734"/>
	<nd ref="6433276741"/>
</way>
<node id="6433276728" lat="54.095166" lon="15.0861175" version="1" timestamp="2019-04-27T23:06:34Z"  changeset="69651821" uid="2605901" user="azalizh">

</node>
<node id="6433276734" lat="54.0955029" lon="15.0856538" version="1" timestamp="2019-04-27T23:06:34Z"  changeset="69651821" uid="2605901" user="azalizh">

</node>
<node id="6433276735" lat="54.0955087" lon="15.0856862" version="1" timestamp="2019-04-27T23:06:34Z"  changeset="69651821" uid="2605901" user="azalizh">

</node>
<node id="6433276736" lat="54.095521" lon="15.0856835" version="1" timestamp="2019-04-27T23:06:34Z"  changeset="69651821" uid="2605901" user="azalizh">

</node>
<node id="6433276737" lat="54.0956539" lon="15.0864662" version="1" timestamp="2019-04-27T23:06:34Z"  changeset="69651821" uid="2605901" user="azalizh">

</node>
<node id="6433276738" lat="54.0956386" lon="15.0864694" version="1" timestamp="2019-04-27T23:06:34Z"  changeset="69651821" uid="2605901" user="azalizh">

</node>
<node id="6433276739" lat="54.0956447" lon="15.0865073" version="1" timestamp="2019-04-27T23:06:34Z"  changeset="69651821" uid="2605901" user="azalizh">

</node>
<node id="6433276740" lat="54.0951872" lon="15.0865752" version="1" timestamp="2019-04-27T23:06:34Z"  changeset="69651821" uid="2605901" user="azalizh">

</node>
<node id="6433276741" lat="54.0951491" lon="15.0857245" version="1" timestamp="2019-04-27T23:06:34Z"  changeset="69651821" uid="2605901" user="azalizh">

</node>
<way id="500174056" version="4" timestamp="2023-11-02T22:00:21Z" action="modify" changeset="143550667" uid="9451067" user="b-jazz-bot">
	<tag k="addr:city" v="Krosno"/>
	<tag k="addr:housenumber" v="19"/>
	<tag k="addr:postcode" v="38-400"/>
	<tag k="addr:street" v="Józefa Piłsudskiego"/>
	<tag k="building" v="yes"/>
	<tag k="email" v="krosno@muzeumrzemiosla.pl"/>
	<tag k="fee" v="yes"/>
	<tag k="name" v="Muzeum Rzemiosła w Krośnie"/>
	<tag k="opening_hours" v="Oct-Apr Mo-Fr 08:00-15:30; Oct-Apr Sa 10:00-14:00; May-Sep Mo-Fr 08:00-18:00; May-Sep Sa-Su 10:00-16:00"/>
	<tag k="phone" v="+48 134324188"/>
	<tag k="source" v="http://ump.waw.pl/ retrieved 01:32:52 09/02/09 (UMP-Przemysl/src/POI-Przemysl.pnt-converted.txt)"/>
	<tag k="source:addr" v="EMUiA (emuia.geoportal.gov.pl)"/>
	<tag k="tourism" v="museum"/>
	<tag k="website" v="https://muzeumrzemiosla.pl/"/>
	<tag k="wikidata" v="Q17619121"/>
	<tag k="wikipedia" v="pl:Muzeum Rzemiosła w Krośnie"/>
	<tag k="operator" v="Gmina Krosno"/>
	<tag k="operator:type" v="government"/>
	<tag k="source:tourism" v="Wykaz Muzeów, wypis na dzień 2026-04-09"/>
	<nd ref="4912907226"/>
	<nd ref="4912907225"/>
	<nd ref="4912907224"/>
	<nd ref="4912907223"/>
	<nd ref="4912907222"/>
	<nd ref="4912907221"/>
	<nd ref="4912907120"/>
	<nd ref="4912907119"/>
	<nd ref="4912907118"/>
	<nd ref="4912907117"/>
	<nd ref="4912907346"/>
	<nd ref="4912907116"/>
	<nd ref="4912907115"/>
	<nd ref="4912907114"/>
	<nd ref="4912907113"/>
	<nd ref="4912907112"/>
	<nd ref="4912907226"/>
</way>
<node id="4912907112" lat="49.6952979" lon="21.7631591" version="1" timestamp="2017-06-13T13:47:30Z"  changeset="49501014" uid="1980824" user="wmyrda">

</node>
<node id="4912907113" lat="49.6952962" lon="21.7631675" version="1" timestamp="2017-06-13T13:47:30Z"  changeset="49501014" uid="1980824" user="wmyrda">

</node>
<node id="4912907114" lat="49.6952303" lon="21.7631944" version="1" timestamp="2017-06-13T13:47:30Z"  changeset="49501014" uid="1980824" user="wmyrda">

</node>
<node id="4912907115" lat="49.6952253" lon="21.763165" version="1" timestamp="2017-06-13T13:47:30Z"  changeset="49501014" uid="1980824" user="wmyrda">

</node>
<node id="4912907116" lat="49.6951958" lon="21.763177" version="1" timestamp="2017-06-13T13:47:30Z"  changeset="49501014" uid="1980824" user="wmyrda">

</node>
<node id="4912907117" lat="49.6951599" lon="21.7630265" version="1" timestamp="2017-06-13T13:47:30Z"  changeset="49501014" uid="1980824" user="wmyrda">

</node>
<node id="4912907118" lat="49.6951669" lon="21.7630238" version="1" timestamp="2017-06-13T13:47:30Z"  changeset="49501014" uid="1980824" user="wmyrda">

</node>
<node id="4912907119" lat="49.6951561" lon="21.7629383" version="1" timestamp="2017-06-13T13:47:30Z"  changeset="49501014" uid="1980824" user="wmyrda">

</node>
<node id="4912907120" lat="49.6951936" lon="21.7629306" version="1" timestamp="2017-06-13T13:47:30Z"  changeset="49501014" uid="1980824" user="wmyrda">

</node>
<node id="4912907221" lat="49.6952016" lon="21.7630073" version="1" timestamp="2017-06-13T13:47:30Z"  changeset="49501014" uid="1980824" user="wmyrda">

</node>
<node id="4912907222" lat="49.6952954" lon="21.7629687" version="1" timestamp="2017-06-13T13:47:30Z"  changeset="49501014" uid="1980824" user="wmyrda">

</node>
<node id="4912907223" lat="49.6953063" lon="21.7630465" version="1" timestamp="2017-06-13T13:47:30Z"  changeset="49501014" uid="1980824" user="wmyrda">

</node>
<node id="4912907224" lat="49.6952998" lon="21.7630489" version="1" timestamp="2017-06-13T13:47:30Z"  changeset="49501014" uid="1980824" user="wmyrda">

</node>
<node id="4912907225" lat="49.6953028" lon="21.7630711" version="1" timestamp="2017-06-13T13:47:30Z"  changeset="49501014" uid="1980824" user="wmyrda">

</node>
<node id="4912907226" lat="49.6952858" lon="21.7630769" version="1" timestamp="2017-06-13T13:47:30Z"  changeset="49501014" uid="1980824" user="wmyrda">

</node>
<node id="4912907346" lat="49.6951645" lon="21.7630474" version="1" timestamp="2017-06-13T13:47:32Z"  changeset="49501014" uid="1980824" user="wmyrda">

</node>
<way id="179565455" version="10" timestamp="2019-03-21T16:54:41Z" action="modify" changeset="68380527" uid="9451067" user="b-jazz-bot">
	<tag k="addr:city" v="Strzyżów"/>
	<tag k="addr:housenumber" v="10"/>
	<tag k="addr:postcode" v="38-100"/>
	<tag k="addr:street" v="Ignacego Łukasiewicza"/>
	<tag k="building" v="yes"/>
	<tag k="construction_date" v="1900"/>
	<tag k="description" v="Historia Strzyżowa (dokumenty, militaria, numizmaty, pamiątki z okresu II wojny światowej) oraz etnografia i kultura materialna regionu (meble, bibliofilia, wyroby rzemiosła, narzędzia rolnicze, sprzęty domowe oraz obrazy i rzeźby miejscowych twórców)."/>
	<tag k="email" v="muzeum.samorzadowe.strzyzow@gmail.com"/>
	<tag k="heritage" v="2"/>
	<tag k="image" v="http://www.muzeum-strzyzow.pl/uploads/4/9/1/9/49192843/4589216_orig.jpg"/>
	<tag k="name" v="Muzeum Samorządowe Ziemi Strzyżowskiej im. Zygmunta Leśniaka w Strzyżowie"/>
	<tag k="official_name" v="Muzeum Samorządowe Ziemi Strzyżowskiej w Strzyżowie"/>
	<tag k="opening_hours" v="Tu-Fr,Su 10:00-16:00"/>
	<tag k="operator" v="Gmina Strzyżów"/>
	<tag k="phone" v="+48 889 839 031"/>
	<tag k="ref:nid" v="A-1374"/>
	<tag k="start_date" v="2011"/>
	<tag k="tourism" v="museum"/>
	<tag k="website" v="https://www.muzeum-strzyzow.pl/"/>
	<tag k="wikidata" v="Q16913356"/>
	<tag k="wikipedia" v="pl:Muzeum Samorządowe Ziemi Strzyżowskiej w Strzyżowie"/>
	<tag k="operator:type" v="government"/>
	<tag k="source:tourism" v="Wykaz Muzeów, wypis na dzień 2026-04-09"/>
	<nd ref="1899623387"/>
	<nd ref="1899623337"/>
	<nd ref="1899623408"/>
	<nd ref="1899623399"/>
	<nd ref="1899623385"/>
	<nd ref="1899623383"/>
	<nd ref="1899623387"/>
</way>
<node id="1899623337" lat="49.8689338" lon="21.7850713" version="4" timestamp="2013-03-09T14:00:05Z"  changeset="15302594" uid="389325" user="painkill">

</node>
<node id="1899623383" lat="49.8691085" lon="21.784882" version="4" timestamp="2013-03-09T14:00:05Z"  changeset="15302594" uid="389325" user="painkill">

</node>
<node id="1899623385" lat="49.8691016" lon="21.7849998" version="4" timestamp="2013-03-09T14:00:05Z"  changeset="15302594" uid="389325" user="painkill">

</node>
<node id="1899623387" lat="49.8689556" lon="21.7848626" version="4" timestamp="2013-03-09T14:00:05Z"  changeset="15302594" uid="389325" user="painkill">

</node>
<node id="1899623399" lat="49.8692012" lon="21.7850127" version="4" timestamp="2013-03-09T14:00:05Z"  changeset="15302594" uid="389325" user="painkill">

</node>
<node id="1899623408" lat="49.8691962" lon="21.7851051" version="4" timestamp="2013-03-09T14:00:05Z"  changeset="15302594" uid="389325" user="painkill">

</node>
<way id="218856444" version="9" timestamp="2024-11-08T15:36:44Z" action="modify" changeset="158900633" uid="12901812" user="Alicja1">
	<tag k="addr:city" v="Pruszków"/>
	<tag k="addr:city:simc" v="0921510"/>
	<tag k="addr:housenumber" v="2"/>
	<tag k="addr:postcode" v="05-800"/>
	<tag k="addr:street" v="Plac Jana Pawła II"/>
	<tag k="building" v="yes"/>
	<tag k="building:levels" v="2"/>
	<tag k="charge" v="20 PLN"/>
	<tag k="check_date" v="2024-07-14"/>
	<tag k="fee" v="yes"/>
	<tag k="fee:conditional" v="no @ Su"/>
	<tag k="historic" v="yes"/>
	<tag k="name" v="Muzeum Starożytnego Hutnictwa Mazowieckiego im. Stefana Woydy w Pruszkowie"/>
	<tag k="ref:ckkp" v="MZ00545"/>
	<tag k="source" v="www.geoportal.gov.pl"/>
	<tag k="tourism" v="museum"/>
	<tag k="wikidata" v="Q11787217"/>
	<tag k="wikipedia" v="pl:Muzeum Starożytnego Hutnictwa Mazowieckiego w Pruszkowie"/>
	<tag k="operator" v="Miasto Pruszków"/>
	<tag k="operator:type" v="government"/>
	<tag k="source:tourism" v="Wykaz Muzeów, wypis na dzień 2026-04-09"/>
	<nd ref="2280593984"/>
	<nd ref="2280594055"/>
	<nd ref="2280593955"/>
	<nd ref="5960375218"/>
	<nd ref="5960375219"/>
	<nd ref="2280594132"/>
	<nd ref="2280593981"/>
	<nd ref="3957171556"/>
	<nd ref="3957171559"/>
	<nd ref="3957171558"/>
	<nd ref="3957171557"/>
	<nd ref="2280594089"/>
	<nd ref="3957171552"/>
	<nd ref="3957171553"/>
	<nd ref="9899490850"/>
	<nd ref="9899490849"/>
	<nd ref="9899490848"/>
	<nd ref="9899490847"/>
	<nd ref="3957171554"/>
	<nd ref="3957171555"/>
	<nd ref="2280593984"/>
</way>
<node id="2280593955" lat="52.1647504" lon="20.808865" version="4" timestamp="2018-10-06T01:36:36Z"  changeset="63246632" uid="52087" user="kocio">

</node>
<node id="2280593981" lat="52.1646128" lon="20.8084966" version="5" timestamp="2022-07-20T10:08:12Z"  changeset="123843616" uid="530338" user="tomzyl">

</node>
<node id="2280593984" lat="52.1648715" lon="20.8089961" version="4" timestamp="2018-10-06T01:36:36Z"  changeset="63246632" uid="52087" user="kocio">

</node>
<node id="2280594055" lat="52.1647458" lon="20.8088783" version="4" timestamp="2018-10-06T01:36:36Z"  changeset="63246632" uid="52087" user="kocio">

</node>
<node id="2280594089" lat="52.1649397" lon="20.8088036" version="4" timestamp="2018-10-06T01:36:36Z"  changeset="63246632" uid="52087" user="kocio">

</node>
<node id="2280594132" lat="52.1645441" lon="20.8086886" version="4" timestamp="2018-10-06T01:36:36Z"  changeset="63246632" uid="52087" user="kocio">

</node>
<node id="3957171552" lat="52.1649312" lon="20.8088277" version="2" timestamp="2018-10-06T01:36:36Z"  changeset="63246632" uid="52087" user="kocio">

</node>
<node id="3957171553" lat="52.16496" lon="20.8088553" version="3" timestamp="2022-07-20T10:08:12Z"  changeset="123843616" uid="530338" user="tomzyl">

</node>
<node id="3957171554" lat="52.1649085" lon="20.8089987" version="3" timestamp="2022-07-20T10:08:12Z"  changeset="123843616" uid="530338" user="tomzyl">

</node>
<node id="3957171555" lat="52.1648801" lon="20.8089716" version="2" timestamp="2018-10-06T01:36:36Z"  changeset="63246632" uid="52087" user="kocio">

</node>
<node id="3957171556" lat="52.1647007" lon="20.8085783" version="2" timestamp="2018-10-06T01:36:36Z"  changeset="63246632" uid="52087" user="kocio">

</node>
<node id="3957171557" lat="52.1648158" lon="20.8086883" version="3" timestamp="2022-07-20T10:08:12Z"  changeset="123843616" uid="530338" user="tomzyl">

</node>
<node id="3957171558" lat="52.1648115" lon="20.8087007" version="3" timestamp="2022-07-20T10:08:12Z"  changeset="123843616" uid="530338" user="tomzyl">

</node>
<node id="3957171559" lat="52.164696" lon="20.8085919" version="2" timestamp="2018-10-06T01:36:36Z"  changeset="63246632" uid="52087" user="kocio">

</node>
<node id="5960375218" lat="52.1646374" lon="20.8087592" version="1" timestamp="2018-10-06T01:36:34Z"  changeset="63246632" uid="52087" user="kocio">

</node>
<node id="5960375219" lat="52.1646328" lon="20.8087717" version="1" timestamp="2018-10-06T01:36:34Z"  changeset="63246632" uid="52087" user="kocio">

</node>
<node id="9899490847" lat="52.1649304" lon="20.8089369" version="1" timestamp="2022-07-20T10:08:12Z"  changeset="123843616" uid="530338" user="tomzyl">

</node>
<node id="9899490848" lat="52.1649245" lon="20.8089314" version="1" timestamp="2022-07-20T10:08:12Z"  changeset="123843616" uid="530338" user="tomzyl">

</node>
<node id="9899490849" lat="52.1649337" lon="20.8089053" version="1" timestamp="2022-07-20T10:08:12Z"  changeset="123843616" uid="530338" user="tomzyl">

</node>
<node id="9899490850" lat="52.1649401" lon="20.8089114" version="1" timestamp="2022-07-20T10:08:12Z"  changeset="123843616" uid="530338" user="tomzyl">

</node>
<way id="261569617" version="9" timestamp="2023-06-28T07:39:51Z" action="modify" changeset="137865715" uid="19687851" user="Natalia | Yanosik">
	<tag k="addr:city" v="Piła"/>
	<tag k="addr:housenumber" v="18"/>
	<tag k="addr:postcode" v="64-920"/>
	<tag k="addr:street" v="Browarna"/>
	<tag k="building" v="yes"/>
	<tag k="building:levels" v="2"/>
	<tag k="heritage" v="2"/>
	<tag k="heritage:operator" v="nid"/>
	<tag k="name" v="Muzeum Stanisława Staszica w Pile"/>
	<tag k="ref:nid" v="A-121"/>
	<tag k="tourism" v="museum"/>
	<tag k="website" v="https://www.muzeumstaszica.pl/"/>
	<tag k="wikidata" v="Q9209409"/>
	<tag k="wikimedia_commons" v="File:PL Piła Dom.JPG"/>
	<tag k="wikipedia" v="pl:Dom Stanisława Staszica w Pile"/>
	<tag k="operator" v="Gmina Piła"/>
	<tag k="operator:type" v="government"/>
	<tag k="source:tourism" v="Wykaz Muzeów, wypis na dzień 2026-04-09"/>
	<nd ref="2671672796"/>
	<nd ref="2671672790"/>
	<nd ref="2671672786"/>
	<nd ref="2671672793"/>
	<nd ref="2671672796"/>
</way>
<node id="2671672786" lat="53.1512132" lon="16.7450134" version="3" timestamp="2019-06-24T08:47:06Z"  changeset="71553015" uid="2383924" user="Tomasz_R">

</node>
<node id="2671672790" lat="53.1512909" lon="16.7448728" version="3" timestamp="2019-06-24T08:47:06Z"  changeset="71553015" uid="2383924" user="Tomasz_R">

</node>
<node id="2671672793" lat="53.1511552" lon="16.7449246" version="3" timestamp="2019-06-24T08:47:06Z"  changeset="71553015" uid="2383924" user="Tomasz_R">

</node>
<node id="2671672796" lat="53.1512329" lon="16.744784" version="3" timestamp="2019-06-24T08:47:06Z"  changeset="71553015" uid="2383924" user="Tomasz_R">

</node>
<way id="129769859" version="9" timestamp="2024-12-05T22:04:57Z" action="modify" changeset="159974320" uid="10002090" user="zuicz">
	<tag k="addr:city" v="Cieszyn"/>
	<tag k="addr:housenumber" v="6"/>
	<tag k="addr:street" v="Tadeusza Regera"/>
	<tag k="building" v="yes"/>
	<tag k="heritage" v="2"/>
	<tag k="heritage:operator" v="nid"/>
	<tag k="name" v="Muzeum Śląska Cieszyńskiego w Cieszynie"/>
	<tag k="ref:nid" v="A-245/77"/>
	<tag k="tourism" v="museum"/>
	<tag k="website" v="https://www.muzeumcieszyn.pl/"/>
	<tag k="wikidata" v="Q6944434"/>
	<tag k="wikipedia" v="pl:Muzeum Śląska Cieszyńskiego"/>
	<tag k="addr:postcode" v="43-400"/>
	<tag k="operator" v="Powiat Cieszyński"/>
	<tag k="operator:type" v="government"/>
	<tag k="source:tourism" v="Wykaz Muzeów, wypis na dzień 2026-04-09"/>
	<nd ref="1431016806"/>
	<nd ref="1431016775"/>
	<nd ref="2088295080"/>
	<nd ref="2471961941"/>
	<nd ref="2088295064"/>
	<nd ref="2471961921"/>
	<nd ref="2088295019"/>
	<nd ref="2088295043"/>
	<nd ref="12398743390"/>
	<nd ref="1431016759"/>
	<nd ref="1431016741"/>
	<nd ref="2471961915"/>
	<nd ref="1431016778"/>
	<nd ref="2471961944"/>
	<nd ref="1431016794"/>
	<nd ref="1431016806"/>
</way>
<node id="1431016741" lat="49.7475133" lon="18.6337835" version="4" timestamp="2013-09-26T09:58:22Z"  changeset="18042009" uid="1635586" user="royas">

</node>
<node id="1431016759" lat="49.7476656" lon="18.633488" version="5" timestamp="2021-03-04T09:53:46Z"  changeset="100410506" uid="2966428" user="Leszek Czudek">

</node>
<node id="1431016775" lat="49.747858" lon="18.6337629" version="5" timestamp="2021-03-04T09:53:46Z"  changeset="100410506" uid="2966428" user="Leszek Czudek">

</node>
<node id="1431016778" lat="49.7479203" lon="18.6341577" version="3" timestamp="2013-09-26T09:58:22Z"  changeset="18042009" uid="1635586" user="royas">

</node>
<node id="1431016794" lat="49.7480351" lon="18.633788" version="4" timestamp="2013-09-26T09:58:22Z"  changeset="18042009" uid="1635586" user="royas">

</node>
<node id="1431016806" lat="49.7478866" lon="18.6336752" version="5" timestamp="2021-03-04T09:53:46Z"  changeset="100410506" uid="2966428" user="Leszek Czudek">

</node>
<node id="2088295019" lat="49.7476948" lon="18.6337647" version="3" timestamp="2021-03-04T09:53:46Z"  changeset="100410506" uid="2966428" user="Leszek Czudek">

</node>
<node id="2088295043" lat="49.7477854" lon="18.6335887" version="3" timestamp="2021-03-04T09:53:46Z"  changeset="100410506" uid="2966428" user="Leszek Czudek">

</node>
<node id="2088295064" lat="49.7478333" lon="18.6338929" version="3" timestamp="2021-03-04T09:53:46Z"  changeset="100410506" uid="2966428" user="Leszek Czudek">

</node>
<node id="2088295080" lat="49.7478766" lon="18.633775" version="3" timestamp="2021-03-04T09:53:46Z"  changeset="100410506" uid="2966428" user="Leszek Czudek">

</node>
<node id="2471961915" lat="49.7476509" lon="18.63391" version="1" timestamp="2013-09-26T09:58:18Z"  changeset="18042009" uid="1635586" user="royas">

</node>
<node id="2471961921" lat="49.7477109" lon="18.633782" version="1" timestamp="2013-09-26T09:58:18Z"  changeset="18042009" uid="1635586" user="royas">

</node>
<node id="2471961941" lat="49.7478416" lon="18.6338704" version="2" timestamp="2021-03-04T09:53:46Z"  changeset="100410506" uid="2966428" user="Leszek Czudek">

</node>
<node id="2471961944" lat="49.7479706" lon="18.6339957" version="1" timestamp="2013-09-26T09:58:19Z"  changeset="18042009" uid="1635586" user="royas">

</node>
<node id="12398743390" lat="49.7477427" lon="18.6335528" version="1" timestamp="2024-12-05T22:04:57Z"  changeset="159974320" uid="10002090" user="zuicz">

</node>
<way id="264903621" version="7" timestamp="2022-02-18T17:38:16Z" action="modify" changeset="117575329" uid="4947720" user="Wilcze łapy">
	<tag k="addr:city" v="Śrem"/>
	<tag k="addr:city:simc" v="0971560"/>
	<tag k="addr:housenumber" v="89"/>
	<tag k="addr:postcode" v="63-100"/>
	<tag k="addr:street" v="Adama Mickiewicza"/>
	<tag k="building" v="yes"/>
	<tag k="name" v="Muzeum Śremskie w Śremie"/>
	<tag k="source:addr" v="EMUiA (srem.e-mapa.net)"/>
	<tag k="tourism" v="museum"/>
	<tag k="website" v="http://www.muzeum.srem.pl/"/>
	<tag k="wikidata" v="Q11787328"/>
	<tag k="wikipedia" v="pl:Muzeum Śremskie"/>
	<tag k="operator" v="Miasto i Gmina Śrem"/>
	<tag k="operator:type" v="government"/>
	<tag k="source:tourism" v="Wykaz Muzeów, wypis na dzień 2026-04-09"/>
	<nd ref="3675807453"/>
	<nd ref="3675807451"/>
	<nd ref="3675807444"/>
	<nd ref="3675807441"/>
	<nd ref="3675807442"/>
	<nd ref="9517184953"/>
	<nd ref="3675807434"/>
	<nd ref="3675807426"/>
	<nd ref="3675807405"/>
	<nd ref="3675807424"/>
	<nd ref="3675807425"/>
	<nd ref="3675807435"/>
	<nd ref="3675807446"/>
	<nd ref="3675807439"/>
	<nd ref="3675807450"/>
	<nd ref="3675807457"/>
	<nd ref="3675807455"/>
	<nd ref="3675807458"/>
	<nd ref="3675807461"/>
	<nd ref="3675807464"/>
	<nd ref="3675807465"/>
	<nd ref="3675807480"/>
	<nd ref="3675807489"/>
	<nd ref="3675807471"/>
	<nd ref="3675807476"/>
	<nd ref="3675807453"/>
</way>
<node id="3675807405" lat="52.0857313" lon="17.0238271" version="1" timestamp="2015-08-01T04:13:21Z"  changeset="33023572" uid="147230" user="SQ9NIT">

</node>
<node id="3675807424" lat="52.0858" lon="17.0239231" version="1" timestamp="2015-08-01T04:13:21Z"  changeset="33023572" uid="147230" user="SQ9NIT">

</node>
<node id="3675807425" lat="52.0858023" lon="17.0239199" version="1" timestamp="2015-08-01T04:13:21Z"  changeset="33023572" uid="147230" user="SQ9NIT">

</node>
<node id="3675807426" lat="52.0858038" lon="17.0236902" version="1" timestamp="2015-08-01T04:13:21Z"  changeset="33023572" uid="147230" user="SQ9NIT">

</node>
<node id="3675807434" lat="52.0858147" lon="17.0237055" version="1" timestamp="2015-08-01T04:13:22Z"  changeset="33023572" uid="147230" user="SQ9NIT">

</node>
<node id="3675807435" lat="52.0858186" lon="17.0239434" version="1" timestamp="2015-08-01T04:13:22Z"  changeset="33023572" uid="147230" user="SQ9NIT">

</node>
<node id="3675807439" lat="52.085825" lon="17.0238785" version="1" timestamp="2015-08-01T04:13:22Z"  changeset="33023572" uid="147230" user="SQ9NIT">

</node>
<node id="3675807441" lat="52.0858268" lon="17.0236548" version="1" timestamp="2015-08-01T04:13:22Z"  changeset="33023572" uid="147230" user="SQ9NIT">

</node>
<node id="3675807442" lat="52.085829" lon="17.0236783" version="1" timestamp="2015-08-01T04:13:22Z"  changeset="33023572" uid="147230" user="SQ9NIT">

</node>
<node id="3675807444" lat="52.0858404" lon="17.023629" version="1" timestamp="2015-08-01T04:13:22Z"  changeset="33023572" uid="147230" user="SQ9NIT">

</node>
<node id="3675807446" lat="52.0858413" lon="17.0239019" version="1" timestamp="2015-08-01T04:13:22Z"  changeset="33023572" uid="147230" user="SQ9NIT">

</node>
<node id="3675807450" lat="52.0858544" lon="17.0238231" version="1" timestamp="2015-08-01T04:13:22Z"  changeset="33023572" uid="147230" user="SQ9NIT">

</node>
<node id="3675807451" lat="52.0858558" lon="17.0236279" version="1" timestamp="2015-08-01T04:13:22Z"  changeset="33023572" uid="147230" user="SQ9NIT">

</node>
<node id="3675807453" lat="52.0858601" lon="17.0236196" version="1" timestamp="2015-08-01T04:13:22Z"  changeset="33023572" uid="147230" user="SQ9NIT">

</node>
<node id="3675807455" lat="52.0858748" lon="17.0238622" version="1" timestamp="2015-08-01T04:13:22Z"  changeset="33023572" uid="147230" user="SQ9NIT">

</node>
<node id="3675807457" lat="52.0858772" lon="17.023855" version="1" timestamp="2015-08-01T04:13:22Z"  changeset="33023572" uid="147230" user="SQ9NIT">

</node>
<node id="3675807458" lat="52.0858827" lon="17.0238823" version="1" timestamp="2015-08-01T04:13:22Z"  changeset="33023572" uid="147230" user="SQ9NIT">

</node>
<node id="3675807461" lat="52.0858902" lon="17.0238883" version="1" timestamp="2015-08-01T04:13:22Z"  changeset="33023572" uid="147230" user="SQ9NIT">

</node>
<node id="3675807464" lat="52.085899" lon="17.0238862" version="1" timestamp="2015-08-01T04:13:22Z"  changeset="33023572" uid="147230" user="SQ9NIT">

</node>
<node id="3675807465" lat="52.0859073" lon="17.0238736" version="1" timestamp="2015-08-01T04:13:22Z"  changeset="33023572" uid="147230" user="SQ9NIT">

</node>
<node id="3675807471" lat="52.0859386" lon="17.0237993" version="1" timestamp="2015-08-01T04:13:22Z"  changeset="33023572" uid="147230" user="SQ9NIT">

</node>
<node id="3675807476" lat="52.0859594" lon="17.0237594" version="1" timestamp="2015-08-01T04:13:22Z"  changeset="33023572" uid="147230" user="SQ9NIT">

</node>
<node id="3675807480" lat="52.0859847" lon="17.0239828" version="1" timestamp="2015-08-01T04:13:22Z"  changeset="33023572" uid="147230" user="SQ9NIT">

</node>
<node id="3675807489" lat="52.0860208" lon="17.0239154" version="1" timestamp="2015-08-01T04:13:23Z"  changeset="33023572" uid="147230" user="SQ9NIT">

</node>
<node id="9517184953" lat="52.0858226" lon="17.0236905" version="1" timestamp="2022-02-18T17:38:16Z"  changeset="117575329" uid="4947720" user="Wilcze łapy">
	<tag k="entrance" v="yes"/>
</node>
<way id="136778728" version="7" timestamp="2025-01-28T19:51:18Z" action="modify" changeset="161871576" uid="49730" user="Maciej9">
	<tag k="addr:city" v="Chrzanów"/>
	<tag k="addr:city:simc" v="0938982"/>
	<tag k="addr:housenumber" v="13"/>
	<tag k="addr:postcode" v="32-500"/>
	<tag k="addr:street" v="Adama Mickiewicza"/>
	<tag k="addr:street:sym_ul" v="12734"/>
	<tag k="building" v="yes"/>
	<tag k="fee" v="yes"/>
	<tag k="name" v="Muzeum w Chrzanowie im. Ireny i Mieczysława Mazarakich"/>
	<tag k="source:addr" v="emuia.gugik.gov.pl"/>
	<tag k="tourism" v="museum"/>
	<tag k="operator" v="Gmina Chrzanów"/>
	<tag k="operator:type" v="government"/>
	<tag k="source:tourism" v="Wykaz Muzeów, wypis na dzień 2026-04-09"/>
	<nd ref="1500655527"/>
	<nd ref="1500655515"/>
	<nd ref="3935483225"/>
	<nd ref="1500655510"/>
	<nd ref="1500655615"/>
	<nd ref="11206673540"/>
	<nd ref="5751127298"/>
	<nd ref="11206673545"/>
	<nd ref="1500655527"/>
</way>
<node id="1500655510" lat="50.1433676" lon="19.402066" version="3" timestamp="2021-09-22T19:27:52Z"  changeset="111559597" uid="1564183" user="Sinus Pi">

</node>
<node id="1500655515" lat="50.1434105" lon="19.4018741" version="3" timestamp="2021-09-22T19:27:52Z"  changeset="111559597" uid="1564183" user="Sinus Pi">

</node>
<node id="1500655527" lat="50.1435292" lon="19.4019377" version="4" timestamp="2021-09-22T19:27:52Z"  changeset="111559597" uid="1564183" user="Sinus Pi">

</node>
<node id="1500655615" lat="50.1434862" lon="19.4021307" version="3" timestamp="2021-09-22T19:27:52Z"  changeset="111559597" uid="1564183" user="Sinus Pi">

</node>
<node id="3935483225" lat="50.143384" lon="19.4019846" version="2" timestamp="2021-09-22T19:27:52Z"  changeset="111559597" uid="1564183" user="Sinus Pi">

</node>
<node id="5751127298" lat="50.1435109" lon="19.4020116" version="1" timestamp="2018-07-10T08:20:08Z"  changeset="60565376" uid="1745828" user="VA00">
	<tag k="entrance" v="yes"/>
</node>
<node id="11206673540" lat="50.1435004" lon="19.4020623" version="1" timestamp="2023-09-21T00:56:12Z"  changeset="141535748" uid="13280752" user="stary kalosz">

</node>
<node id="11206673545" lat="50.1435157" lon="19.4019923" version="1" timestamp="2023-09-21T00:56:12Z"  changeset="141535748" uid="13280752" user="stary kalosz">

</node>
<way id="275452144" version="19" timestamp="2024-11-08T15:08:03Z" action="modify" changeset="158899584" uid="12901812" user="Alicja1">
	<tag k="addr:city" v="Jarosław"/>
	<tag k="addr:housename" v="Kamienica Orsettich"/>
	<tag k="addr:housenumber" v="4"/>
	<tag k="addr:postcode" v="37-500"/>
	<tag k="addr:street" v="Rynek"/>
	<tag k="building" v="apartments"/>
	<tag k="contact:email" v="sekretariat@muzeum-jaroslaw.pl"/>
	<tag k="fax" v="+48 16 621 54 37"/>
	<tag k="heritage" v="2"/>
	<tag k="heritage:operator" v="nid"/>
	<tag k="historic" v="building"/>
	<tag k="name" v="Muzeum w Jarosławiu Kamienica Orsettich"/>
	<tag k="opening_hours" v="Oct-Apr: Tu-Sa 09:00-16:00; Su 11:00-16:00; May-Sep: Tu-Sa 09:00-17:00; Su 11:00-17:00; Ph off"/>
	<tag k="phone" v="+48 16 621 54 37"/>
	<tag k="ref:ckkp" v="PK00206"/>
	<tag k="ref:nid" v="46;A-298"/>
	<tag k="source:opening_hours" v="https://www.muzeum-jaroslaw.pl/cenybiletow.php"/>
	<tag k="start_date" v="before 1600"/>
	<tag k="tourism" v="museum"/>
	<tag k="website" v="http://www.muzeum-jaroslaw.pl/"/>
	<tag k="wikidata" v="Q11787024"/>
	<tag k="wikimedia_commons" v="File:Jaroslaw rynek kamienica orsettich.jpg"/>
	<tag k="wikipedia" v="pl:Muzeum w Jarosławiu Kamienica Orsettich"/>
	<tag k="operator" v="Powiat Jarosławski"/>
	<tag k="operator:type" v="government"/>
	<tag k="source:tourism" v="Wykaz Muzeów, wypis na dzień 2026-04-09"/>
	<nd ref="2800783608"/>
	<nd ref="2800783609"/>
	<nd ref="10763335165"/>
	<nd ref="2800783606"/>
	<nd ref="3200710588"/>
	<nd ref="3200710562"/>
	<nd ref="3200710353"/>
	<nd ref="3200710320"/>
	<nd ref="2800783607"/>
	<nd ref="3201311450"/>
	<nd ref="3201311882"/>
	<nd ref="2800783608"/>
</way>
<node id="2800783606" lat="50.0180876" lon="22.6837771" version="3" timestamp="2014-11-22T22:16:43Z"  changeset="26961858" uid="2144790" user="WMietek">

</node>
<node id="2800783607" lat="50.0180028" lon="22.6841064" version="3" timestamp="2014-11-22T22:16:43Z"  changeset="26961858" uid="2144790" user="WMietek">

</node>
<node id="2800783608" lat="50.0183449" lon="22.683796" version="3" timestamp="2014-11-22T22:16:43Z"  changeset="26961858" uid="2144790" user="WMietek">

</node>
<node id="2800783609" lat="50.0182323" lon="22.6836279" version="3" timestamp="2014-11-22T22:16:43Z"  changeset="26961858" uid="2144790" user="WMietek">

</node>
<node id="3200710320" lat="50.0179607" lon="22.683999" version="1" timestamp="2014-11-22T22:16:02Z"  changeset="26961858" uid="2144790" user="WMietek">

</node>
<node id="3200710353" lat="50.0180546" lon="22.6839146" version="1" timestamp="2014-11-22T22:16:03Z"  changeset="26961858" uid="2144790" user="WMietek">

</node>
<node id="3200710562" lat="50.0180676" lon="22.683945" version="1" timestamp="2014-11-22T22:16:03Z"  changeset="26961858" uid="2144790" user="WMietek">

</node>
<node id="3200710588" lat="50.0181284" lon="22.6838918" version="1" timestamp="2014-11-22T22:16:04Z"  changeset="26961858" uid="2144790" user="WMietek">

</node>
<node id="3201311450" lat="50.0180951" lon="22.6840231" version="1" timestamp="2014-11-23T11:12:06Z"  changeset="26970540" uid="2144790" user="WMietek">

</node>
<node id="3201311882" lat="50.0182967" lon="22.6838348" version="1" timestamp="2014-11-23T11:12:06Z"  changeset="26970540" uid="2144790" user="WMietek">

</node>
<node id="10763335165" lat="50.0182029" lon="22.6836582" version="1" timestamp="2023-03-26T10:09:46Z"  changeset="134129952" uid="11220113" user="ivanbranco">

</node>
<way id="337053694" version="4" timestamp="2017-08-19T17:58:14Z" action="modify" changeset="51261953" uid="2608567" user="Rafaeelbedna">
	<tag k="addr:city" v="Wągrowiec"/>
	<tag k="addr:city:simc" v="0967297"/>
	<tag k="addr:housenumber" v="15"/>
	<tag k="addr:postcode" v="62-100"/>
	<tag k="addr:street" v="Opacka"/>
	<tag k="addr:street:sym_ul" v="15055"/>
	<tag k="building" v="yes"/>
	<tag k="source:addr" v="mwagrowiec.e-mapa.net"/>
	<tag k="tourism" v="museum"/>
	<tag k="name" v="Muzeum Regionalne w Wągrowcu"/>
	<tag k="operator" v="Gmina Miejska Wągrowiec"/>
	<tag k="operator:type" v="government"/>
	<tag k="source:tourism" v="Wykaz Muzeów, wypis na dzień 2026-04-09"/>
	<nd ref="3441505871"/>
	<nd ref="3441506078"/>
	<nd ref="3441506070"/>
	<nd ref="3441505873"/>
	<nd ref="3441506295"/>
	<nd ref="3441505885"/>
	<nd ref="3441505872"/>
	<nd ref="3441505871"/>
</way>
<node id="3441505871" lat="52.8060139" lon="17.1925947" version="1" timestamp="2015-04-06T18:44:20Z"  changeset="30023367" uid="2098272" user="maraf24">

</node>
<node id="3441505872" lat="52.8060021" lon="17.1931321" version="1" timestamp="2015-04-06T18:44:20Z"  changeset="30023367" uid="2098272" user="maraf24">

</node>
<node id="3441505873" lat="52.8059947" lon="17.1932304" version="1" timestamp="2015-04-06T18:44:20Z"  changeset="30023367" uid="2098272" user="maraf24">

</node>
<node id="3441505885" lat="52.8060316" lon="17.1930908" version="1" timestamp="2015-04-06T18:44:20Z"  changeset="30023367" uid="2098272" user="maraf24">

</node>
<node id="3441506070" lat="52.8059231" lon="17.193225" version="1" timestamp="2015-04-06T18:44:19Z"  changeset="30023367" uid="2098272" user="maraf24">

</node>
<node id="3441506078" lat="52.8059376" lon="17.1925899" version="1" timestamp="2015-04-06T18:44:19Z"  changeset="30023367" uid="2098272" user="maraf24">

</node>
<node id="3441506295" lat="52.806057" lon="17.1931431" version="1" timestamp="2015-04-06T18:44:21Z"  changeset="30023367" uid="2098272" user="maraf24">

</node>
<node id="423200594" lat="50.0959137" lon="18.5415527" version="10" timestamp="2023-11-04T06:03:32Z" action="modify" changeset="143599684" uid="9451067" user="b-jazz-bot">
	<tag k="addr:city" v="Rybnik"/>
	<tag k="addr:housenumber" v="18"/>
	<tag k="addr:postcode" v="44-200"/>
	<tag k="addr:street" v="Rynek"/>
	<tag k="fee" v="yes"/>
	<tag k="heritage" v="2"/>
	<tag k="heritage:operator" v="nid"/>
	<tag k="historic" v="yes"/>
	<tag k="name" v="Muzeum w Rybniku"/>
	<tag k="ref:nid" v="A/549/66"/>
	<tag k="tourism" v="museum"/>
	<tag k="website" v="https://www.muzeum.rybnik.pl/"/>
	<tag k="operator" v="Miasto Rybnik"/>
	<tag k="operator:type" v="government"/>
	<tag k="source:tourism" v="Wykaz Muzeów, wypis na dzień 2026-04-09"/>
</node>
<way id="446919408" version="30" timestamp="2026-03-30T10:18:00Z" action="modify" changeset="180622191" uid="3167354" user="Adikso">
	<tag k="addr:city" v="Radom"/>
	<tag k="addr:housenumber" v="30"/>
	<tag k="addr:postcode" v="26-600"/>
	<tag k="addr:street" v="Szydłowiecka"/>
	<tag k="barrier" v="fence"/>
	<tag k="email" v="muzeumwsi@muzeum-radom.pl"/>
	<tag k="fee" v="yes"/>
	<tag k="historic" v="farm"/>
	<tag k="museum" v="open_air"/>
	<tag k="name" v="Muzeum Wsi Radomskiej w Radomiu"/>
	<tag k="opening_hours" v="Mo-Fr 09:00-17:00; Sa-Su 10:00-18:00"/>
	<tag k="phone" v="+48 48 332 92 81"/>
	<tag k="ref:ckkp" v="MZ00559"/>
	<tag k="tourism" v="museum"/>
	<tag k="website" v="https://www.muzeum-radom.pl/"/>
	<tag k="wikidata" v="Q11787255"/>
	<tag k="wikipedia" v="pl:Muzeum Wsi Radomskiej w Radomiu"/>
	<tag k="operator" v="Samorząd Województwa Mazowieckiego"/>
	<tag k="operator:type" v="government"/>
	<tag k="source:tourism" v="Wykaz Muzeów, wypis na dzień 2026-04-09"/>
	<nd ref="8252891561"/>
	<nd ref="5920468205"/>
	<nd ref="5920468204"/>
	<nd ref="10651950228"/>
	<nd ref="5920468158"/>
	<nd ref="8252891613"/>
	<nd ref="5920468203"/>
	<nd ref="5920468202"/>
	<nd ref="8252891607"/>
	<nd ref="8252891628"/>
	<nd ref="8252891627"/>
	<nd ref="5920467784"/>
	<nd ref="9089708550"/>
	<nd ref="5920467713"/>
	<nd ref="9089708556"/>
	<nd ref="8252891631"/>
	<nd ref="8252891629"/>
	<nd ref="9089708555"/>
	<nd ref="12480192443"/>
	<nd ref="5920467708"/>
	<nd ref="12480192444"/>
	<nd ref="12480192445"/>
	<nd ref="12480192447"/>
	<nd ref="12480192446"/>
	<nd ref="12480192448"/>
	<nd ref="12480192449"/>
	<nd ref="12480192450"/>
	<nd ref="12480192451"/>
	<nd ref="12480192452"/>
	<nd ref="12480192453"/>
	<nd ref="12480192460"/>
	<nd ref="12480192454"/>
	<nd ref="12480192459"/>
	<nd ref="12480192463"/>
	<nd ref="12480192461"/>
	<nd ref="12480192462"/>
	<nd ref="4441350549"/>
	<nd ref="5921006929"/>
	<nd ref="9833879448"/>
	<nd ref="4441350548"/>
	<nd ref="3100319098"/>
	<nd ref="9833879441"/>
	<nd ref="9833879451"/>
	<nd ref="4441350547"/>
	<nd ref="4441350546"/>
	<nd ref="4441350545"/>
	<nd ref="4441350543"/>
	<nd ref="3100319100"/>
	<nd ref="4441350544"/>
	<nd ref="5920644672"/>
	<nd ref="9833879431"/>
	<nd ref="5920468192"/>
	<nd ref="5920644674"/>
	<nd ref="9833877813"/>
	<nd ref="3100319096"/>
	<nd ref="4577682559"/>
	<nd ref="4441350552"/>
	<nd ref="9833855903"/>
	<nd ref="7706980405"/>
	<nd ref="9833877784"/>
	<nd ref="10585209364"/>
	<nd ref="4441350555"/>
	<nd ref="9833877785"/>
	<nd ref="4441350553"/>
	<nd ref="9833855899"/>
	<nd ref="4441350557"/>
	<nd ref="4441350559"/>
	<nd ref="5920468168"/>
	<nd ref="4441350560"/>
	<nd ref="9833877780"/>
	<nd ref="5920468209"/>
	<nd ref="10651950208"/>
	<nd ref="4441350561"/>
	<nd ref="5920468208"/>
	<nd ref="9833877776"/>
	<nd ref="5920468173"/>
	<nd ref="9833877775"/>
	<nd ref="5920468172"/>
	<nd ref="10651950241"/>
	<nd ref="10651950240"/>
	<nd ref="10651950211"/>
	<nd ref="10651950212"/>
	<nd ref="10651901003"/>
	<nd ref="10651950239"/>
	<nd ref="10651950231"/>
	<nd ref="8252891563"/>
	<nd ref="10651950230"/>
	<nd ref="5920468217"/>
	<nd ref="10651950229"/>
	<nd ref="8252891561"/>
</way>
<node id="3100319096" lat="51.3610547" lon="21.0818394" version="2" timestamp="2016-10-10T21:50:50Z"  changeset="42788112" uid="693154" user="Władysław Komorek">

</node>
<node id="3100319098" lat="51.3610513" lon="21.0804593" version="2" timestamp="2016-10-10T21:50:50Z"  changeset="42788112" uid="693154" user="Władysław Komorek">

</node>
<node id="3100319100" lat="51.3607378" lon="21.0813486" version="2" timestamp="2016-10-10T21:50:50Z"  changeset="42788112" uid="693154" user="Władysław Komorek">

</node>
<node id="4441350543" lat="51.3607189" lon="21.0811499" version="2" timestamp="2018-09-21T13:47:41Z"  changeset="62798432" uid="68689" user="jawojx">

</node>
<node id="4441350544" lat="51.3607187" lon="21.0814122" version="2" timestamp="2018-09-21T13:47:41Z"  changeset="62798432" uid="68689" user="jawojx">
	<tag k="barrier" v="gate"/>
</node>
<node id="4441350545" lat="51.360968" lon="21.0805947" version="2" timestamp="2018-09-21T13:47:41Z"  changeset="62798432" uid="68689" user="jawojx">

</node>
<node id="4441350546" lat="51.3609942" lon="21.0805603" version="2" timestamp="2018-09-21T13:47:41Z"  changeset="62798432" uid="68689" user="jawojx">

</node>
<node id="4441350547" lat="51.3610251" lon="21.0805164" version="3" timestamp="2022-06-20T15:50:18Z"  changeset="122630158" uid="1744629" user="voltairovicz">
	<tag k="barrier" v="gate"/>
</node>
<node id="4441350548" lat="51.3611574" lon="21.0802221" version="1" timestamp="2016-10-10T21:50:48Z"  changeset="42788112" uid="693154" user="Władysław Komorek">

</node>
<node id="4441350549" lat="51.3612128" lon="21.0801008" version="2" timestamp="2018-09-25T15:55:54Z"  changeset="62918330" uid="68689" user="jawojx">

</node>
<node id="4441350552" lat="51.3613529" lon="21.082086" version="2" timestamp="2018-09-21T12:29:43Z"  changeset="62795508" uid="68689" user="jawojx">

</node>
<node id="4441350553" lat="51.3622946" lon="21.0841374" version="5" timestamp="2022-06-20T15:55:01Z"  changeset="122630303" uid="1744629" user="voltairovicz">

</node>
<node id="4441350555" lat="51.3625658" lon="21.0827854" version="3" timestamp="2022-06-20T15:50:18Z"  changeset="122630158" uid="1744629" user="voltairovicz">

</node>
<node id="4441350557" lat="51.3627612" lon="21.084337" version="3" timestamp="2022-06-20T15:50:18Z"  changeset="122630158" uid="1744629" user="voltairovicz">

</node>
<node id="4441350559" lat="51.3629375" lon="21.0844543" version="3" timestamp="2022-06-20T15:50:18Z"  changeset="122630158" uid="1744629" user="voltairovicz">

</node>
<node id="4441350560" lat="51.3638084" lon="21.0841383" version="4" timestamp="2022-06-20T15:50:18Z"  changeset="122630158" uid="1744629" user="voltairovicz">

</node>
<node id="4441350561" lat="51.3651542" lon="21.08459" version="5" timestamp="2022-06-20T15:50:18Z"  changeset="122630158" uid="1744629" user="voltairovicz">

</node>
<node id="4577682559" lat="51.3611082" lon="21.0818854" version="1" timestamp="2016-12-28T15:46:36Z"  changeset="44733530" uid="1744629" user="voltairovicz">

</node>
<node id="5920467708" lat="51.3674804" lon="21.0780855" version="2" timestamp="2018-09-21T17:25:25Z"  changeset="62805197" uid="68689" user="jawojx">

</node>
<node id="5920467713" lat="51.3679851" lon="21.0810333" version="3" timestamp="2021-09-13T23:06:56Z"  changeset="111168169" uid="1744629" user="voltairovicz">

</node>
<node id="5920467784" lat="51.3679571" lon="21.0812232" version="3" timestamp="2021-09-13T23:06:56Z"  changeset="111168169" uid="1744629" user="voltairovicz">
	<tag k="barrier" v="gate"/>
</node>
<node id="5920468158" lat="51.3677268" lon="21.0821776" version="3" timestamp="2026-04-10T16:58:55Z"  changeset="181158662" uid="24030079" user="x_Kinga_x">
	<tag k="barrier" v="gate"/>
</node>
<node id="5920468168" lat="51.3630982" lon="21.08387" version="2" timestamp="2022-06-20T15:50:18Z"  changeset="122630158" uid="1744629" user="voltairovicz">

</node>
<node id="5920468172" lat="51.365575" lon="21.0840344" version="3" timestamp="2023-02-12T15:28:16Z"  changeset="132450534" uid="1744629" user="voltairovicz">

</node>
<node id="5920468173" lat="51.3654966" lon="21.0843154" version="3" timestamp="2023-02-12T15:28:16Z"  changeset="132450534" uid="1744629" user="voltairovicz">

</node>
<node id="5920468192" lat="51.3606746" lon="21.0815358" version="1" timestamp="2018-09-21T12:29:36Z"  changeset="62795508" uid="68689" user="jawojx">

</node>
<node id="5920468202" lat="51.3678535" lon="21.0820505" version="2" timestamp="2020-12-22T21:05:20Z"  changeset="96280711" uid="1744629" user="voltairovicz">

</node>
<node id="5920468203" lat="51.3677511" lon="21.0820671" version="2" timestamp="2020-12-22T21:05:20Z"  changeset="96280711" uid="1744629" user="voltairovicz">

</node>
<node id="5920468204" lat="51.3677051" lon="21.0822619" version="2" timestamp="2020-12-22T21:05:20Z"  changeset="96280711" uid="1744629" user="voltairovicz">

</node>
<node id="5920468205" lat="51.367769" lon="21.082353" version="4" timestamp="2023-02-12T15:28:16Z"  changeset="132450534" uid="1744629" user="voltairovicz">

</node>
<node id="5920468208" lat="51.3651827" lon="21.0843745" version="3" timestamp="2022-06-20T15:50:18Z"  changeset="122630158" uid="1744629" user="voltairovicz">

</node>
<node id="5920468209" lat="51.3645977" lon="21.0844073" version="3" timestamp="2022-06-20T15:50:18Z"  changeset="122630158" uid="1744629" user="voltairovicz">

</node>
<node id="5920468217" lat="51.3676172" lon="21.0829484" version="2" timestamp="2023-02-12T15:28:16Z"  changeset="132450534" uid="1744629" user="voltairovicz">

</node>
<node id="5920644672" lat="51.3607059" lon="21.0814497" version="2" timestamp="2022-06-20T15:50:18Z"  changeset="122630158" uid="1744629" user="voltairovicz">

</node>
<node id="5920644674" lat="51.3608185" lon="21.0816497" version="2" timestamp="2022-06-20T15:50:18Z"  changeset="122630158" uid="1744629" user="voltairovicz">

</node>
<node id="5921006929" lat="51.3612006" lon="21.0801263" version="1" timestamp="2018-09-21T16:41:58Z"  changeset="62803835" uid="68689" user="jawojx">
	<tag k="barrier" v="gate"/>
</node>
<node id="7706980405" lat="51.3616009" lon="21.0822871" version="2" timestamp="2022-06-20T15:50:18Z"  changeset="122630158" uid="1744629" user="voltairovicz">

</node>
<node id="8252891561" lat="51.3677093" lon="21.0826331" version="2" timestamp="2023-02-12T15:28:16Z"  changeset="132450534" uid="1744629" user="voltairovicz">

</node>
<node id="8252891563" lat="51.3674393" lon="21.0838397" version="2" timestamp="2023-02-12T15:28:16Z"  changeset="132450534" uid="1744629" user="voltairovicz">

</node>
<node id="8252891607" lat="51.3679477" lon="21.0815704" version="1" timestamp="2020-12-22T21:05:20Z"  changeset="96280711" uid="1744629" user="voltairovicz">

</node>
<node id="8252891613" lat="51.3677361" lon="21.0821362" version="1" timestamp="2020-12-22T21:05:20Z"  changeset="96280711" uid="1744629" user="voltairovicz">

</node>
<node id="8252891627" lat="51.367931" lon="21.0813571" version="2" timestamp="2021-09-13T23:06:56Z"  changeset="111168169" uid="1744629" user="voltairovicz">

</node>
<node id="8252891628" lat="51.3679848" lon="21.0813814" version="1" timestamp="2020-12-22T21:05:20Z"  changeset="96280711" uid="1744629" user="voltairovicz">

</node>
<node id="8252891629" lat="51.3684377" lon="21.0791202" version="2" timestamp="2021-09-13T23:06:56Z"  changeset="111168169" uid="1744629" user="voltairovicz">

</node>
<node id="8252891631" lat="51.3681155" lon="21.0805947" version="2" timestamp="2021-09-13T23:06:56Z"  changeset="111168169" uid="1744629" user="voltairovicz">

</node>
<node id="9089708550" lat="51.367961" lon="21.0811967" version="1" timestamp="2021-09-13T23:06:56Z"  changeset="111168169" uid="1744629" user="voltairovicz">

</node>
<node id="9089708555" lat="51.368441" lon="21.0791085" version="1" timestamp="2021-09-13T23:06:56Z"  changeset="111168169" uid="1744629" user="voltairovicz">

</node>
<node id="9089708556" lat="51.3680292" lon="21.0810174" version="1" timestamp="2021-09-13T23:06:56Z"  changeset="111168169" uid="1744629" user="voltairovicz">

</node>
<node id="9833855899" lat="51.3626882" lon="21.0843058" version="1" timestamp="2022-06-20T15:55:01Z"  changeset="122630303" uid="1744629" user="voltairovicz">

</node>
<node id="9833855903" lat="51.3614408" lon="21.0821572" version="1" timestamp="2022-06-20T15:55:01Z"  changeset="122630303" uid="1744629" user="voltairovicz">

</node>
<node id="9833877775" lat="51.3655269" lon="21.08425" version="2" timestamp="2023-02-12T15:28:16Z"  changeset="132450534" uid="1744629" user="voltairovicz">

</node>
<node id="9833877776" lat="51.36543" lon="21.0843529" version="2" timestamp="2023-02-12T15:28:16Z"  changeset="132450534" uid="1744629" user="voltairovicz">

</node>
<node id="9833877780" lat="51.3638271" lon="21.084396" version="1" timestamp="2022-06-20T15:50:18Z"  changeset="122630158" uid="1744629" user="voltairovicz">

</node>
<node id="9833877784" lat="51.3620697" lon="21.08253" version="1" timestamp="2022-06-20T15:50:18Z"  changeset="122630158" uid="1744629" user="voltairovicz">

</node>
<node id="9833877785" lat="51.3624527" lon="21.0832194" version="1" timestamp="2022-06-20T15:50:18Z"  changeset="122630158" uid="1744629" user="voltairovicz">

</node>
<node id="9833877813" lat="51.3610437" lon="21.0818317" version="1" timestamp="2022-06-20T15:50:18Z"  changeset="122630158" uid="1744629" user="voltairovicz">

</node>
<node id="9833879431" lat="51.360699" lon="21.0814687" version="1" timestamp="2022-06-20T15:50:18Z"  changeset="122630158" uid="1744629" user="voltairovicz">

</node>
<node id="9833879441" lat="51.3610457" lon="21.0804741" version="1" timestamp="2022-06-20T15:50:18Z"  changeset="122630158" uid="1744629" user="voltairovicz">

</node>
<node id="9833879448" lat="51.3611907" lon="21.0801483" version="1" timestamp="2022-06-20T15:50:18Z"  changeset="122630158" uid="1744629" user="voltairovicz">

</node>
<node id="9833879451" lat="51.3610408" lon="21.0804872" version="2" timestamp="2025-05-01T14:19:04Z"  changeset="165678629" uid="67255" user="Rogoyski">
	<tag k="barrier" v="gate"/>
</node>
<node id="10585209364" lat="51.3623453" lon="21.0826719" version="1" timestamp="2023-01-26T23:42:01Z"  changeset="131752254" uid="18089394" user="Mrksmlk">

</node>
<node id="10651901003" lat="51.3667689" lon="21.0837312" version="1" timestamp="2023-02-12T15:28:16Z"  changeset="132450534" uid="1744629" user="voltairovicz">

</node>
<node id="10651950208" lat="51.3646974" lon="21.08444" version="1" timestamp="2023-02-12T15:28:16Z"  changeset="132450534" uid="1744629" user="voltairovicz">

</node>
<node id="10651950211" lat="51.3662095" lon="21.083654" version="1" timestamp="2023-02-12T15:28:16Z"  changeset="132450534" uid="1744629" user="voltairovicz">

</node>
<node id="10651950212" lat="51.3665598" lon="21.0837002" version="1" timestamp="2023-02-12T15:28:16Z"  changeset="132450534" uid="1744629" user="voltairovicz">

</node>
<node id="10651950228" lat="51.3677099" lon="21.0822433" version="1" timestamp="2023-02-12T15:28:16Z"  changeset="132450534" uid="1744629" user="voltairovicz">

</node>
<node id="10651950229" lat="51.3676785" lon="21.0826511" version="1" timestamp="2023-02-12T15:28:16Z"  changeset="132450534" uid="1744629" user="voltairovicz">

</node>
<node id="10651950230" lat="51.3675917" lon="21.0830714" version="1" timestamp="2023-02-12T15:28:16Z"  changeset="132450534" uid="1744629" user="voltairovicz">

</node>
<node id="10651950231" lat="51.3671849" lon="21.0837957" version="1" timestamp="2023-02-12T15:28:16Z"  changeset="132450534" uid="1744629" user="voltairovicz">

</node>
<node id="10651950239" lat="51.3670748" lon="21.0837767" version="1" timestamp="2023-02-12T15:28:16Z"  changeset="132450534" uid="1744629" user="voltairovicz">

</node>
<node id="10651950240" lat="51.3661854" lon="21.0841277" version="1" timestamp="2023-02-12T15:28:16Z"  changeset="132450534" uid="1744629" user="voltairovicz">

</node>
<node id="10651950241" lat="51.365706" lon="21.0840547" version="1" timestamp="2023-02-12T15:28:16Z"  changeset="132450534" uid="1744629" user="voltairovicz">

</node>
<node id="12480192443" lat="51.3684573" lon="21.0790397" version="1" timestamp="2025-01-07T10:36:45Z"  changeset="161090119" uid="1744629" user="voltairovicz">

</node>
<node id="12480192444" lat="51.3674485" lon="21.0780547" version="1" timestamp="2025-01-07T10:36:45Z"  changeset="161090119" uid="1744629" user="voltairovicz">

</node>
<node id="12480192445" lat="51.3670998" lon="21.0776969" version="1" timestamp="2025-01-07T10:36:45Z"  changeset="161090119" uid="1744629" user="voltairovicz">

</node>
<node id="12480192446" lat="51.3669863" lon="21.077344" version="1" timestamp="2025-01-07T10:36:45Z"  changeset="161090119" uid="1744629" user="voltairovicz">

</node>
<node id="12480192447" lat="51.3670574" lon="21.0775665" version="1" timestamp="2025-01-07T10:36:45Z"  changeset="161090119" uid="1744629" user="voltairovicz">

</node>
<node id="12480192448" lat="51.3665544" lon="21.077445" version="1" timestamp="2025-01-07T10:36:45Z"  changeset="161090119" uid="1744629" user="voltairovicz">

</node>
<node id="12480192449" lat="51.3655016" lon="21.0776702" version="1" timestamp="2025-01-07T10:36:45Z"  changeset="161090119" uid="1744629" user="voltairovicz">

</node>
<node id="12480192450" lat="51.365206" lon="21.0777444" version="1" timestamp="2025-01-07T10:36:45Z"  changeset="161090119" uid="1744629" user="voltairovicz">

</node>
<node id="12480192451" lat="51.3643247" lon="21.0791109" version="1" timestamp="2025-01-07T10:36:45Z"  changeset="161090119" uid="1744629" user="voltairovicz">

</node>
<node id="12480192452" lat="51.3632014" lon="21.0785414" version="1" timestamp="2025-01-07T10:36:45Z"  changeset="161090119" uid="1744629" user="voltairovicz">

</node>
<node id="12480192453" lat="51.3623707" lon="21.078111" version="1" timestamp="2025-01-07T10:36:45Z"  changeset="161090119" uid="1744629" user="voltairovicz">

</node>
<node id="12480192454" lat="51.3612715" lon="21.0781858" version="1" timestamp="2025-01-07T10:36:45Z"  changeset="161090119" uid="1744629" user="voltairovicz">

</node>
<node id="12480192459" lat="51.3612141" lon="21.0789825" version="1" timestamp="2025-01-07T10:36:45Z"  changeset="161090119" uid="1744629" user="voltairovicz">

</node>
<node id="12480192460" lat="51.3613775" lon="21.0767152" version="1" timestamp="2025-01-07T10:36:45Z"  changeset="161090119" uid="1744629" user="voltairovicz">

</node>
<node id="12480192461" lat="51.361128" lon="21.0799434" version="1" timestamp="2025-01-07T10:36:45Z"  changeset="161090119" uid="1744629" user="voltairovicz">

</node>
<node id="12480192462" lat="51.3611472" lon="21.0799624" version="1" timestamp="2025-01-07T10:36:45Z"  changeset="161090119" uid="1744629" user="voltairovicz">

</node>
<node id="12480192463" lat="51.3612149" lon="21.0795265" version="1" timestamp="2025-01-07T10:36:45Z"  changeset="161090119" uid="1744629" user="voltairovicz">

</node>
<node id="1904638174" lat="50.8681237" lon="20.6348209" version="4" timestamp="2023-05-28T20:56:24Z" action="modify" changeset="136672041" uid="13948004" user="bartgron">
	<tag k="addr:city" v="Kielce"/>
	<tag k="addr:housenumber" v="2"/>
	<tag k="addr:postcode" v="25-367"/>
	<tag k="addr:street" v="Plac Wolności"/>
	<tag k="email" v="poczta@muzeumzabawek.eu"/>
	<tag k="fax" v="+48 41 344 48 19"/>
	<tag k="fee" v="yes"/>
	<tag k="name" v="Muzeum Zabawek i Zabawy w Kielcach"/>
	<tag k="opening_hours" v="Tu-Su 09:00-17:00"/>
	<tag k="phone" v="+48 41 344 40 78"/>
	<tag k="tourism" v="museum"/>
	<tag k="website" v="http://www.muzeumzabawek.eu/"/>
	<tag k="wikidata" v="Q11787262"/>
	<tag k="wikipedia" v="pl:Muzeum Zabawek i Zabawy w Kielcach"/>
	<tag k="operator" v="Miasto Kielce"/>
	<tag k="operator:type" v="government"/>
	<tag k="source:tourism" v="Wykaz Muzeów, wypis na dzień 2026-04-09"/>
</node>
<way id="260179737" version="12" timestamp="2024-11-09T11:31:59Z" action="modify" changeset="158928967" uid="21936500" user="33Hubert33">
	<tag k="addr:city" v="Szamotuły"/>
	<tag k="addr:city:simc" v="0971531"/>
	<tag k="addr:housenumber" v="30"/>
	<tag k="addr:postcode" v="64-500"/>
	<tag k="addr:street" v="Wroniecka"/>
	<tag k="building" v="yes"/>
	<tag k="building:levels" v="2"/>
	<tag k="email" v="zamek@zamek.org.pl"/>
	<tag k="fax" v="+48 61 29 226 29"/>
	<tag k="heritage" v="2"/>
	<tag k="heritage:operator" v="nid"/>
	<tag k="historic" v="castle"/>
	<tag k="name" v="Muzeum - Zamek Górków w Szamotułach"/>
	<tag k="operator" v="Powiat Szamotulski"/>
	<tag k="phone" v="+48 61 29 218 13"/>
	<tag k="ref:ckkp" v="WP00639"/>
	<tag k="ref:nid" v="109/A"/>
	<tag k="roof:colour" v="red"/>
	<tag k="roof:shape" v="mansard"/>
	<tag k="source:addr" v="szamotuly.e-mapa.net"/>
	<tag k="source:building" v="BDOT"/>
	<tag k="tourism" v="museum"/>
	<tag k="url" v="https://youtu.be/x1B2u8BY2O4"/>
	<tag k="website" v="https://www.zamek.org.pl/"/>
	<tag k="wikidata" v="Q16619092"/>
	<tag k="wikipedia" v="pl:Zamek w Szamotułach"/>
	<tag k="operator:type" v="government"/>
	<tag k="source:tourism" v="Wykaz Muzeów, wypis na dzień 2026-04-09"/>
	<nd ref="12325694747"/>
	<nd ref="12325694746"/>
	<nd ref="12325694745"/>
	<nd ref="12325694744"/>
	<nd ref="2656642470"/>
	<nd ref="12325694743"/>
	<nd ref="12325694742"/>
	<nd ref="12325694741"/>
	<nd ref="12325694740"/>
	<nd ref="12325694739"/>
	<nd ref="12325694738"/>
	<nd ref="12325694737"/>
	<nd ref="12325694736"/>
	<nd ref="12325694735"/>
	<nd ref="12325694734"/>
	<nd ref="2656642467"/>
	<nd ref="12325694733"/>
	<nd ref="12325694732"/>
	<nd ref="12325694731"/>
	<nd ref="12325694730"/>
	<nd ref="12325694729"/>
	<nd ref="12325694728"/>
	<nd ref="12325694727"/>
	<nd ref="12325694726"/>
	<nd ref="2656642475"/>
	<nd ref="12325694725"/>
	<nd ref="12325694724"/>
	<nd ref="12325694723"/>
	<nd ref="2656642486"/>
	<nd ref="12325694722"/>
	<nd ref="12325694721"/>
	<nd ref="12325694720"/>
	<nd ref="12325694719"/>
	<nd ref="12325694718"/>
	<nd ref="12325694717"/>
	<nd ref="12325694716"/>
	<nd ref="12325694715"/>
	<nd ref="12325694714"/>
	<nd ref="12325694713"/>
	<nd ref="12325694712"/>
	<nd ref="12325694711"/>
	<nd ref="12325694710"/>
	<nd ref="12325694709"/>
	<nd ref="12325694708"/>
	<nd ref="12325694707"/>
	<nd ref="2656642457"/>
	<nd ref="12325694706"/>
	<nd ref="12325694705"/>
	<nd ref="12325694704"/>
	<nd ref="2656642465"/>
	<nd ref="12325694703"/>
	<nd ref="12325694702"/>
	<nd ref="12325694701"/>
	<nd ref="12325685200"/>
	<nd ref="12325685199"/>
	<nd ref="12325685198"/>
	<nd ref="12325685197"/>
	<nd ref="12325694747"/>
</way>
<node id="2656642457" lat="52.615042" lon="16.577195" version="3" timestamp="2024-11-09T11:31:59Z"  changeset="158928967" uid="21936500" user="33Hubert33">

</node>
<node id="2656642465" lat="52.615166" lon="16.577188" version="3" timestamp="2024-11-09T11:31:59Z"  changeset="158928967" uid="21936500" user="33Hubert33">

</node>
<node id="2656642467" lat="52.61498" lon="16.57771" version="3" timestamp="2024-11-09T11:31:59Z"  changeset="158928967" uid="21936500" user="33Hubert33">

</node>
<node id="2656642470" lat="52.615197" lon="16.577654" version="3" timestamp="2024-11-09T11:31:59Z"  changeset="158928967" uid="21936500" user="33Hubert33">

</node>
<node id="2656642475" lat="52.614993" lon="16.577538" version="3" timestamp="2024-11-09T11:31:59Z"  changeset="158928967" uid="21936500" user="33Hubert33">

</node>
<node id="2656642486" lat="52.615093" lon="16.577502" version="3" timestamp="2024-11-09T11:31:59Z"  changeset="158928967" uid="21936500" user="33Hubert33">

</node>
<node id="12325685197" lat="52.6152141" lon="16.5774161" version="1" timestamp="2024-11-09T11:31:59Z"  changeset="158928967" uid="21936500" user="33Hubert33">
	<tag k="entrance" v="main"/>
</node>
<node id="12325685198" lat="52.615211" lon="16.577362" version="1" timestamp="2024-11-09T11:31:59Z"  changeset="158928967" uid="21936500" user="33Hubert33">

</node>
<node id="12325685199" lat="52.615208" lon="16.577359" version="1" timestamp="2024-11-09T11:31:59Z"  changeset="158928967" uid="21936500" user="33Hubert33">

</node>
<node id="12325685200" lat="52.615204" lon="16.577367" version="1" timestamp="2024-11-09T11:31:59Z"  changeset="158928967" uid="21936500" user="33Hubert33">

</node>
<node id="12325694701" lat="52.615188" lon="16.57737" version="1" timestamp="2024-11-09T11:31:59Z"  changeset="158928967" uid="21936500" user="33Hubert33">

</node>
<node id="12325694702" lat="52.615187" lon="16.577359" version="1" timestamp="2024-11-09T11:31:59Z"  changeset="158928967" uid="21936500" user="33Hubert33">

</node>
<node id="12325694703" lat="52.615179" lon="16.57736" version="1" timestamp="2024-11-09T11:31:59Z"  changeset="158928967" uid="21936500" user="33Hubert33">

</node>
<node id="12325694704" lat="52.615083" lon="16.577204" version="1" timestamp="2024-11-09T11:31:59Z"  changeset="158928967" uid="21936500" user="33Hubert33">

</node>
<node id="12325694705" lat="52.615082" lon="16.577199" version="1" timestamp="2024-11-09T11:31:59Z"  changeset="158928967" uid="21936500" user="33Hubert33">

</node>
<node id="12325694706" lat="52.615044" lon="16.57718" version="1" timestamp="2024-11-09T11:31:59Z"  changeset="158928967" uid="21936500" user="33Hubert33">

</node>
<node id="12325694707" lat="52.615079" lon="16.577217" version="1" timestamp="2024-11-09T11:31:59Z"  changeset="158928967" uid="21936500" user="33Hubert33">

</node>
<node id="12325694708" lat="52.615084" lon="16.577273" version="1" timestamp="2024-11-09T11:31:59Z"  changeset="158928967" uid="21936500" user="33Hubert33">

</node>
<node id="12325694709" lat="52.615074" lon="16.577276" version="1" timestamp="2024-11-09T11:31:59Z"  changeset="158928967" uid="21936500" user="33Hubert33">

</node>
<node id="12325694710" lat="52.615075" lon="16.577293" version="1" timestamp="2024-11-09T11:31:59Z"  changeset="158928967" uid="21936500" user="33Hubert33">

</node>
<node id="12325694711" lat="52.615086" lon="16.57729" version="1" timestamp="2024-11-09T11:31:59Z"  changeset="158928967" uid="21936500" user="33Hubert33">

</node>
<node id="12325694712" lat="52.615089" lon="16.577321" version="1" timestamp="2024-11-09T11:31:59Z"  changeset="158928967" uid="21936500" user="33Hubert33">

</node>
<node id="12325694713" lat="52.615078" lon="16.577323" version="1" timestamp="2024-11-09T11:31:59Z"  changeset="158928967" uid="21936500" user="33Hubert33">

</node>
<node id="12325694714" lat="52.615079" lon="16.57734" version="1" timestamp="2024-11-09T11:31:59Z"  changeset="158928967" uid="21936500" user="33Hubert33">

</node>
<node id="12325694715" lat="52.615091" lon="16.577338" version="1" timestamp="2024-11-09T11:31:59Z"  changeset="158928967" uid="21936500" user="33Hubert33">

</node>
<node id="12325694716" lat="52.615094" lon="16.57738" version="1" timestamp="2024-11-09T11:31:59Z"  changeset="158928967" uid="21936500" user="33Hubert33">

</node>
<node id="12325694717" lat="52.615088" lon="16.577381" version="1" timestamp="2024-11-09T11:31:59Z"  changeset="158928967" uid="21936500" user="33Hubert33">

</node>
<node id="12325694718" lat="52.61509" lon="16.5774" version="1" timestamp="2024-11-09T11:31:59Z"  changeset="158928967" uid="21936500" user="33Hubert33">

</node>
<node id="12325694719" lat="52.615096" lon="16.577398" version="1" timestamp="2024-11-09T11:31:59Z"  changeset="158928967" uid="21936500" user="33Hubert33">

</node>
<node id="12325694720" lat="52.615098" lon="16.577416" version="1" timestamp="2024-11-09T11:31:59Z"  changeset="158928967" uid="21936500" user="33Hubert33">

</node>
<node id="12325694721" lat="52.615096" lon="16.577416" version="1" timestamp="2024-11-09T11:31:59Z"  changeset="158928967" uid="21936500" user="33Hubert33">

</node>
<node id="12325694722" lat="52.615104" lon="16.577493" version="1" timestamp="2024-11-09T11:31:59Z"  changeset="158928967" uid="21936500" user="33Hubert33">

</node>
<node id="12325694723" lat="52.615005" lon="16.577517" version="1" timestamp="2024-11-09T11:31:59Z"  changeset="158928967" uid="21936500" user="33Hubert33">

</node>
<node id="12325694724" lat="52.614981" lon="16.577482" version="1" timestamp="2024-11-09T11:31:59Z"  changeset="158928967" uid="21936500" user="33Hubert33">

</node>
<node id="12325694725" lat="52.614968" lon="16.577509" version="1" timestamp="2024-11-09T11:31:59Z"  changeset="158928967" uid="21936500" user="33Hubert33">

</node>
<node id="12325694726" lat="52.614993" lon="16.577543" version="1" timestamp="2024-11-09T11:31:59Z"  changeset="158928967" uid="21936500" user="33Hubert33">

</node>
<node id="12325694727" lat="52.614962" lon="16.577549" version="1" timestamp="2024-11-09T11:31:59Z"  changeset="158928967" uid="21936500" user="33Hubert33">

</node>
<node id="12325694728" lat="52.614965" lon="16.577585" version="1" timestamp="2024-11-09T11:31:59Z"  changeset="158928967" uid="21936500" user="33Hubert33">

</node>
<node id="12325694729" lat="52.614924" lon="16.577593" version="1" timestamp="2024-11-09T11:31:59Z"  changeset="158928967" uid="21936500" user="33Hubert33">

</node>
<node id="12325694730" lat="52.614929" lon="16.577646" version="1" timestamp="2024-11-09T11:31:59Z"  changeset="158928967" uid="21936500" user="33Hubert33">

</node>
<node id="12325694731" lat="52.614969" lon="16.577637" version="1" timestamp="2024-11-09T11:31:59Z"  changeset="158928967" uid="21936500" user="33Hubert33">

</node>
<node id="12325694732" lat="52.614972" lon="16.577672" version="1" timestamp="2024-11-09T11:31:59Z"  changeset="158928967" uid="21936500" user="33Hubert33">

</node>
<node id="12325694733" lat="52.615002" lon="16.577667" version="1" timestamp="2024-11-09T11:31:59Z"  changeset="158928967" uid="21936500" user="33Hubert33">

</node>
<node id="12325694734" lat="52.615001" lon="16.577735" version="1" timestamp="2024-11-09T11:31:59Z"  changeset="158928967" uid="21936500" user="33Hubert33">

</node>
<node id="12325694735" lat="52.61502" lon="16.577688" version="1" timestamp="2024-11-09T11:31:59Z"  changeset="158928967" uid="21936500" user="33Hubert33">

</node>
<node id="12325694736" lat="52.615059" lon="16.577679" version="1" timestamp="2024-11-09T11:31:59Z"  changeset="158928967" uid="21936500" user="33Hubert33">

</node>
<node id="12325694737" lat="52.61506" lon="16.577698" version="1" timestamp="2024-11-09T11:31:59Z"  changeset="158928967" uid="21936500" user="33Hubert33">

</node>
<node id="12325694738" lat="52.615073" lon="16.577695" version="1" timestamp="2024-11-09T11:31:59Z"  changeset="158928967" uid="21936500" user="33Hubert33">

</node>
<node id="12325694739" lat="52.615072" lon="16.577676" version="1" timestamp="2024-11-09T11:31:59Z"  changeset="158928967" uid="21936500" user="33Hubert33">

</node>
<node id="12325694740" lat="52.61511" lon="16.577666" version="1" timestamp="2024-11-09T11:31:59Z"  changeset="158928967" uid="21936500" user="33Hubert33">

</node>
<node id="12325694741" lat="52.615111" lon="16.577686" version="1" timestamp="2024-11-09T11:31:59Z"  changeset="158928967" uid="21936500" user="33Hubert33">

</node>
<node id="12325694742" lat="52.615124" lon="16.577683" version="1" timestamp="2024-11-09T11:31:59Z"  changeset="158928967" uid="21936500" user="33Hubert33">

</node>
<node id="12325694743" lat="52.615122" lon="16.577668" version="1" timestamp="2024-11-09T11:31:59Z"  changeset="158928967" uid="21936500" user="33Hubert33">

</node>
<node id="12325694744" lat="52.615188" lon="16.577467" version="1" timestamp="2024-11-09T11:31:59Z"  changeset="158928967" uid="21936500" user="33Hubert33">

</node>
<node id="12325694745" lat="52.615211" lon="16.577463" version="1" timestamp="2024-11-09T11:31:59Z"  changeset="158928967" uid="21936500" user="33Hubert33">

</node>
<node id="12325694746" lat="52.615216" lon="16.577469" version="1" timestamp="2024-11-09T11:31:59Z"  changeset="158928967" uid="21936500" user="33Hubert33">

</node>
<node id="12325694747" lat="52.615217" lon="16.577466" version="1" timestamp="2024-11-09T11:31:59Z"  changeset="158928967" uid="21936500" user="33Hubert33">

</node>
<way id="425621504" version="6" timestamp="2024-11-08T15:48:38Z" action="modify" changeset="158901058" uid="12901812" user="Alicja1">
	<tag k="addr:city" v="Sochaczew"/>
	<tag k="addr:housenumber" v="12"/>
	<tag k="addr:postcode" v="96-500"/>
	<tag k="addr:street" v="Plac Tadeusza Kościuszki"/>
	<tag k="building" v="public"/>
	<tag k="building:levels" v="3"/>
	<tag k="email" v="kontakt@muzeumsochaczew.pl"/>
	<tag k="fax" v="+48 46 862 33 09"/>
	<tag k="name" v="Muzeum Ziemi Sochaczewskiej w Pola Bitwy nad Bzurą w Sochaczewie"/>
	<tag k="opening_hours" v="Mo off; Tu-Su 10:00-16:00"/>
	<tag k="phone" v="+48 46 862 33 09"/>
	<tag k="ref:ckkp" v="MZ00613"/>
	<tag k="source" v="Starostwo Powiatowe w Sochaczewie"/>
	<tag k="source:addr" v="EMUiA (msochaczew.e-mapa.net)"/>
	<tag k="tourism" v="museum"/>
	<tag k="website" v="https://www.muzeumsochaczew.pl/pl/"/>
	<tag k="wikidata" v="Q11787284"/>
	<tag k="wikipedia" v="pl:Muzeum Ziemi Sochaczewskiej i Pola Bitwy nad Bzurą"/>
	<tag k="operator" v="Gmina Sochaczew"/>
	<tag k="operator:type" v="government"/>
	<tag k="source:tourism" v="Wykaz Muzeów, wypis na dzień 2026-04-09"/>
	<nd ref="2132560919"/>
	<nd ref="6186595843"/>
	<nd ref="6186595844"/>
	<nd ref="6186595845"/>
	<nd ref="6186595846"/>
	<nd ref="6186595847"/>
	<nd ref="6186595848"/>
	<nd ref="6186595849"/>
	<nd ref="6186595850"/>
	<nd ref="6186595851"/>
	<nd ref="6186595852"/>
	<nd ref="6186595853"/>
	<nd ref="6186595854"/>
	<nd ref="6186595855"/>
	<nd ref="6186595856"/>
	<nd ref="6186595857"/>
	<nd ref="6186595858"/>
	<nd ref="2132560965"/>
	<nd ref="4249045458"/>
	<nd ref="4249045459"/>
	<nd ref="6186595859"/>
	<nd ref="2132560919"/>
</way>
<node id="2132560919" lat="52.2299715" lon="20.2372688" version="4" timestamp="2019-01-05T20:22:35Z"  changeset="66056462" uid="3214275" user="pio2_122">

</node>
<node id="2132560965" lat="52.2300204" lon="20.2368662" version="4" timestamp="2019-01-05T20:22:35Z"  changeset="66056462" uid="3214275" user="pio2_122">

</node>
<node id="4249045458" lat="52.2301129" lon="20.2368955" version="2" timestamp="2019-01-05T20:22:39Z"  changeset="66056462" uid="3214275" user="pio2_122">

</node>
<node id="4249045459" lat="52.2300775" lon="20.2371926" version="2" timestamp="2019-01-05T20:22:39Z"  changeset="66056462" uid="3214275" user="pio2_122">

</node>
<node id="6186595843" lat="52.2299875" lon="20.2371344" version="1" timestamp="2019-01-05T20:22:08Z"  changeset="66056462" uid="3214275" user="pio2_122">

</node>
<node id="6186595844" lat="52.2299829" lon="20.237133" version="1" timestamp="2019-01-05T20:22:08Z"  changeset="66056462" uid="3214275" user="pio2_122">

</node>
<node id="6186595845" lat="52.2299849" lon="20.2371161" version="1" timestamp="2019-01-05T20:22:08Z"  changeset="66056462" uid="3214275" user="pio2_122">

</node>
<node id="6186595846" lat="52.2299898" lon="20.2371177" version="1" timestamp="2019-01-05T20:22:08Z"  changeset="66056462" uid="3214275" user="pio2_122">

</node>
<node id="6186595847" lat="52.2299924" lon="20.2370965" version="1" timestamp="2019-01-05T20:22:08Z"  changeset="66056462" uid="3214275" user="pio2_122">

</node>
<node id="6186595848" lat="52.2299876" lon="20.2370949" version="1" timestamp="2019-01-05T20:22:08Z"  changeset="66056462" uid="3214275" user="pio2_122">

</node>
<node id="6186595849" lat="52.2299896" lon="20.237078" version="1" timestamp="2019-01-05T20:22:08Z"  changeset="66056462" uid="3214275" user="pio2_122">

</node>
<node id="6186595850" lat="52.2299945" lon="20.2370796" version="1" timestamp="2019-01-05T20:22:08Z"  changeset="66056462" uid="3214275" user="pio2_122">

</node>
<node id="6186595851" lat="52.2299975" lon="20.2370544" version="1" timestamp="2019-01-05T20:22:08Z"  changeset="66056462" uid="3214275" user="pio2_122">

</node>
<node id="6186595852" lat="52.2299928" lon="20.2370529" version="1" timestamp="2019-01-05T20:22:08Z"  changeset="66056462" uid="3214275" user="pio2_122">

</node>
<node id="6186595853" lat="52.2299948" lon="20.2370361" version="1" timestamp="2019-01-05T20:22:08Z"  changeset="66056462" uid="3214275" user="pio2_122">

</node>
<node id="6186595854" lat="52.2299996" lon="20.2370376" version="1" timestamp="2019-01-05T20:22:08Z"  changeset="66056462" uid="3214275" user="pio2_122">

</node>
<node id="6186595855" lat="52.2300021" lon="20.2370167" version="1" timestamp="2019-01-05T20:22:08Z"  changeset="66056462" uid="3214275" user="pio2_122">

</node>
<node id="6186595856" lat="52.2299974" lon="20.2370152" version="1" timestamp="2019-01-05T20:22:08Z"  changeset="66056462" uid="3214275" user="pio2_122">

</node>
<node id="6186595857" lat="52.2299994" lon="20.2369984" version="1" timestamp="2019-01-05T20:22:08Z"  changeset="66056462" uid="3214275" user="pio2_122">

</node>
<node id="6186595858" lat="52.2300044" lon="20.237" version="1" timestamp="2019-01-05T20:22:08Z"  changeset="66056462" uid="3214275" user="pio2_122">

</node>
<node id="6186595859" lat="52.2300648" lon="20.2372984" version="1" timestamp="2019-01-05T20:22:08Z"  changeset="66056462" uid="3214275" user="pio2_122">

</node>
<way id="264900248" version="6" timestamp="2025-01-16T23:26:36Z" action="modify" changeset="161437383" uid="576108" user="m@rio">
	<tag k="addr:city" v="Sieraków"/>
	<tag k="addr:city:simc" v="0971436"/>
	<tag k="addr:housenumber" v="3a"/>
	<tag k="addr:postcode" v="64-410"/>
	<tag k="addr:street" v="Stadnina"/>
	<tag k="building" v="yes"/>
	<tag k="building:levels" v="3"/>
	<tag k="heritage" v="2"/>
	<tag k="heritage:operator" v="nid"/>
	<tag k="historic" v="castle"/>
	<tag k="name" v="Muzeum Zamek Opalińskich w Sierakowie"/>
	<tag k="ref:ckkp" v="WP00604"/>
	<tag k="ref:nid" v="302/A"/>
	<tag k="source" v="https://sierakow.e-mapa.net"/>
	<tag k="source:building" v="BDOT"/>
	<tag k="source:geometry" v="EGiB"/>
	<tag k="tourism" v="museum"/>
	<tag k="website" v="https://www.muzeum-sierakow.pl/"/>
	<tag k="wikidata" v="Q11787267"/>
	<tag k="wikipedia" v="pl:Muzeum Zamek Opalińskich"/>
	<tag k="operator" v="Powiat Międzychodzki"/>
	<tag k="operator:type" v="government"/>
	<tag k="source:tourism" v="Wykaz Muzeów, wypis na dzień 2026-04-09"/>
	<nd ref="2705504072"/>
	<nd ref="12325607580"/>
	<nd ref="2705504065"/>
	<nd ref="12325607579"/>
	<nd ref="12325607578"/>
	<nd ref="12325607577"/>
	<nd ref="12325607576"/>
	<nd ref="6632330598"/>
	<nd ref="12325607575"/>
	<nd ref="2705504071"/>
	<nd ref="12325607574"/>
	<nd ref="12325607573"/>
	<nd ref="12325607572"/>
	<nd ref="12325607571"/>
	<nd ref="2705504072"/>
</way>
<node id="2705504065" lat="52.6515" lon="16.0847" version="3" timestamp="2024-11-09T10:53:30Z"  changeset="158927674" uid="21936500" user="33Hubert33">

</node>
<node id="2705504071" lat="52.65138" lon="16.084365" version="3" timestamp="2024-11-09T10:53:30Z"  changeset="158927674" uid="21936500" user="33Hubert33">

</node>
<node id="2705504072" lat="52.651403" lon="16.084724" version="3" timestamp="2024-11-09T10:53:30Z"  changeset="158927674" uid="21936500" user="33Hubert33">

</node>
<node id="6632330598" lat="52.651481" lon="16.084342" version="2" timestamp="2024-11-09T10:53:30Z"  changeset="158927674" uid="21936500" user="33Hubert33">

</node>
<node id="12325607571" lat="52.651395" lon="16.084708" version="1" timestamp="2024-11-09T10:53:30Z"  changeset="158927674" uid="21936500" user="33Hubert33">

</node>
<node id="12325607572" lat="52.651407" lon="16.084703" version="1" timestamp="2024-11-09T10:53:30Z"  changeset="158927674" uid="21936500" user="33Hubert33">

</node>
<node id="12325607573" lat="52.65139" lon="16.084398" version="1" timestamp="2024-11-09T10:53:30Z"  changeset="158927674" uid="21936500" user="33Hubert33">

</node>
<node id="12325607574" lat="52.651382" lon="16.084399" version="1" timestamp="2024-11-09T10:53:30Z"  changeset="158927674" uid="21936500" user="33Hubert33">

</node>
<node id="12325607575" lat="52.651388" lon="16.084364" version="1" timestamp="2024-11-09T10:53:30Z"  changeset="158927674" uid="21936500" user="33Hubert33">

</node>
<node id="12325607576" lat="52.651484" lon="16.084365" version="1" timestamp="2024-11-09T10:53:30Z"  changeset="158927674" uid="21936500" user="33Hubert33">

</node>
<node id="12325607577" lat="52.651476" lon="16.084368" version="1" timestamp="2024-11-09T10:53:30Z"  changeset="158927674" uid="21936500" user="33Hubert33">

</node>
<node id="12325607578" lat="52.651493" lon="16.084682" version="1" timestamp="2024-11-09T10:53:30Z"  changeset="158927674" uid="21936500" user="33Hubert33">

</node>
<node id="12325607579" lat="52.651499" lon="16.084682" version="1" timestamp="2024-11-09T10:53:30Z"  changeset="158927674" uid="21936500" user="33Hubert33">

</node>
<node id="12325607580" lat="52.651417" lon="16.084715" version="1" timestamp="2024-11-09T10:53:30Z"  changeset="158927674" uid="21936500" user="33Hubert33">

</node>
<way id="187528811" version="8" timestamp="2024-02-04T05:48:41Z" action="modify" changeset="147041507" uid="1863681" user="The Polish">
	<tag k="addr:city" v="Oświęcim"/>
	<tag k="addr:city:simc" v="0924997"/>
	<tag k="addr:housenumber" v="1"/>
	<tag k="addr:postcode" v="32-600"/>
	<tag k="addr:street" v="Zamkowa"/>
	<tag k="building" v="yes"/>
	<tag k="historic" v="castle"/>
	<tag k="name" v="Muzeum Zamek w Oświęcimiu"/>
	<tag k="source:addr" v="gugik.gov.pl"/>
	<tag k="tourism" v="museum"/>
	<tag k="wikidata" v="Q9386704"/>
	<tag k="wikipedia" v="pl:Zamek w Oświęcimiu"/>
	<tag k="operator" v="Gmina Miasto Oświęcim"/>
	<tag k="operator:type" v="government"/>
	<tag k="source:tourism" v="Wykaz Muzeów, wypis na dzień 2026-04-09"/>
	<nd ref="3910563508"/>
	<nd ref="1981977033"/>
	<nd ref="3910563561"/>
	<nd ref="3910563673"/>
	<nd ref="3910563675"/>
	<nd ref="3910563277"/>
	<nd ref="3910562623"/>
	<nd ref="3910563260"/>
	<nd ref="3910563258"/>
	<nd ref="3910562250"/>
	<nd ref="3910562232"/>
	<nd ref="10861873990"/>
	<nd ref="3910562207"/>
	<nd ref="3910505723"/>
	<nd ref="3910562679"/>
	<nd ref="3910562221"/>
	<nd ref="3910510476"/>
	<nd ref="3910562686"/>
	<nd ref="3910562343"/>
	<nd ref="3910562688"/>
	<nd ref="3910562240"/>
	<nd ref="3910505735"/>
	<nd ref="3910562251"/>
	<nd ref="3910562354"/>
	<nd ref="3910562975"/>
	<nd ref="3910563261"/>
	<nd ref="3910562604"/>
	<nd ref="3910563264"/>
	<nd ref="3910561074"/>
	<nd ref="3910563265"/>
	<nd ref="3910563266"/>
	<nd ref="3910562608"/>
	<nd ref="3910562979"/>
	<nd ref="3910562612"/>
	<nd ref="3910505743"/>
	<nd ref="3910562638"/>
	<nd ref="3910562987"/>
	<nd ref="3910563486"/>
	<nd ref="3910563488"/>
	<nd ref="3910563667"/>
	<nd ref="3910563671"/>
	<nd ref="3910563504"/>
	<nd ref="3910563508"/>
</way>
<node id="1981977033" lat="50.040072" lon="19.2194229" version="2" timestamp="2015-12-26T13:00:00Z"  changeset="36175154" uid="693154" user="Władysław Komorek">

</node>
<node id="3910505723" lat="50.0397342" lon="19.2193615" version="1" timestamp="2015-12-26T12:29:39Z"  changeset="36175154" uid="693154" user="Władysław Komorek">

</node>
<node id="3910505735" lat="50.0398391" lon="19.2194616" version="1" timestamp="2015-12-26T12:29:59Z"  changeset="36175154" uid="693154" user="Władysław Komorek">

</node>
<node id="3910505743" lat="50.0399083" lon="19.2194886" version="1" timestamp="2015-12-26T12:30:11Z"  changeset="36175154" uid="693154" user="Władysław Komorek">

</node>
<node id="3910510476" lat="50.0397495" lon="19.2193838" version="1" timestamp="2015-12-26T12:29:44Z"  changeset="36175154" uid="693154" user="Władysław Komorek">

</node>
<node id="3910561074" lat="50.0398831" lon="19.2194879" version="1" timestamp="2015-12-26T12:30:07Z"  changeset="36175154" uid="693154" user="Władysław Komorek">

</node>
<node id="3910562207" lat="50.0397067" lon="19.2193272" version="1" timestamp="2015-12-26T12:29:34Z"  changeset="36175154" uid="693154" user="Władysław Komorek">

</node>
<node id="3910562221" lat="50.0397388" lon="19.2194044" version="1" timestamp="2015-12-26T12:29:40Z"  changeset="36175154" uid="693154" user="Władysław Komorek">

</node>
<node id="3910562232" lat="50.0397768" lon="19.219206" version="1" timestamp="2015-12-26T12:29:49Z"  changeset="36175154" uid="693154" user="Władysław Komorek">

</node>
<node id="3910562240" lat="50.0398012" lon="19.2194455" version="1" timestamp="2015-12-26T12:29:52Z"  changeset="36175154" uid="693154" user="Władysław Komorek">

</node>
<node id="3910562250" lat="50.0398339" lon="19.2192755" version="1" timestamp="2015-12-26T12:29:58Z"  changeset="36175154" uid="693154" user="Władysław Komorek">

</node>
<node id="3910562251" lat="50.0398367" lon="19.2194792" version="1" timestamp="2015-12-26T12:29:59Z"  changeset="36175154" uid="693154" user="Władysław Komorek">

</node>
<node id="3910562343" lat="50.0397878" lon="19.2194459" version="1" timestamp="2015-12-26T12:29:50Z"  changeset="36175154" uid="693154" user="Władysław Komorek">

</node>
<node id="3910562354" lat="50.0398474" lon="19.2194828" version="1" timestamp="2015-12-26T12:30:00Z"  changeset="36175154" uid="693154" user="Władysław Komorek">

</node>
<node id="3910562604" lat="50.039871" lon="19.2194928" version="1" timestamp="2015-12-26T12:30:05Z"  changeset="36175154" uid="693154" user="Władysław Komorek">

</node>
<node id="3910562608" lat="50.0398996" lon="19.2194844" version="1" timestamp="2015-12-26T12:30:09Z"  changeset="36175154" uid="693154" user="Władysław Komorek">

</node>
<node id="3910562612" lat="50.0399038" lon="19.2195216" version="1" timestamp="2015-12-26T12:30:10Z"  changeset="36175154" uid="693154" user="Władysław Komorek">

</node>
<node id="3910562623" lat="50.0399419" lon="19.2192824" version="1" timestamp="2015-12-26T12:30:16Z"  changeset="36175154" uid="693154" user="Władysław Komorek">

</node>
<node id="3910562638" lat="50.0399889" lon="19.2195155" version="1" timestamp="2015-12-26T12:30:25Z"  changeset="36175154" uid="693154" user="Władysław Komorek">

</node>
<node id="3910562679" lat="50.0397225" lon="19.2193842" version="1" timestamp="2015-12-26T12:29:37Z"  changeset="36175154" uid="693154" user="Władysław Komorek">

</node>
<node id="3910562686" lat="50.0397922" lon="19.2194369" version="1" timestamp="2015-12-26T12:29:51Z"  changeset="36175154" uid="693154" user="Władysław Komorek">

</node>
<node id="3910562688" lat="50.039796" lon="19.2194558" version="1" timestamp="2015-12-26T12:29:51Z"  changeset="36175154" uid="693154" user="Władysław Komorek">

</node>
<node id="3910562975" lat="50.0398495" lon="19.2194675" version="1" timestamp="2015-12-26T12:30:01Z"  changeset="36175154" uid="693154" user="Władysław Komorek">

</node>
<node id="3910562979" lat="50.0398949" lon="19.2195185" version="1" timestamp="2015-12-26T12:30:09Z"  changeset="36175154" uid="693154" user="Władysław Komorek">

</node>
<node id="3910562987" lat="50.0399863" lon="19.2195348" version="1" timestamp="2015-12-26T12:30:24Z"  changeset="36175154" uid="693154" user="Władysław Komorek">

</node>
<node id="3910563258" lat="50.0398644" lon="19.2192951" version="1" timestamp="2015-12-26T12:30:04Z"  changeset="36175154" uid="693154" user="Władysław Komorek">

</node>
<node id="3910563260" lat="50.0398704" lon="19.2192547" version="1" timestamp="2015-12-26T12:30:05Z"  changeset="36175154" uid="693154" user="Władysław Komorek">

</node>
<node id="3910563261" lat="50.0398727" lon="19.2194801" version="1" timestamp="2015-12-26T12:30:05Z"  changeset="36175154" uid="693154" user="Władysław Komorek">

</node>
<node id="3910563264" lat="50.0398819" lon="19.2194964" version="1" timestamp="2015-12-26T12:30:07Z"  changeset="36175154" uid="693154" user="Władysław Komorek">

</node>
<node id="3910563265" lat="50.0398898" lon="19.2194902" version="1" timestamp="2015-12-26T12:30:08Z"  changeset="36175154" uid="693154" user="Władysław Komorek">

</node>
<node id="3910563266" lat="50.039891" lon="19.2194814" version="1" timestamp="2015-12-26T12:30:08Z"  changeset="36175154" uid="693154" user="Władysław Komorek">

</node>
<node id="3910563277" lat="50.0399377" lon="19.2193087" version="1" timestamp="2015-12-26T12:30:16Z"  changeset="36175154" uid="693154" user="Władysław Komorek">

</node>
<node id="3910563486" lat="50.0399988" lon="19.219539" version="1" timestamp="2015-12-26T12:30:26Z"  changeset="36175154" uid="693154" user="Władysław Komorek">

</node>
<node id="3910563488" lat="50.0400015" lon="19.2195206" version="1" timestamp="2015-12-26T12:30:27Z"  changeset="36175154" uid="693154" user="Władysław Komorek">

</node>
<node id="3910563504" lat="50.0400797" lon="19.2195117" version="1" timestamp="2015-12-26T12:30:39Z"  changeset="36175154" uid="693154" user="Władysław Komorek">

</node>
<node id="3910563508" lat="50.0400924" lon="19.2194319" version="1" timestamp="2015-12-26T12:30:40Z"  changeset="36175154" uid="693154" user="Władysław Komorek">

</node>
<node id="3910563561" lat="50.0400786" lon="19.219379" version="1" timestamp="2015-12-26T12:30:39Z"  changeset="36175154" uid="693154" user="Władysław Komorek">

</node>
<node id="3910563667" lat="50.0400479" lon="19.2195363" version="1" timestamp="2015-12-26T12:30:34Z"  changeset="36175154" uid="693154" user="Władysław Komorek">

</node>
<node id="3910563671" lat="50.0400504" lon="19.2195233" version="1" timestamp="2015-12-26T12:30:35Z"  changeset="36175154" uid="693154" user="Władysław Komorek">

</node>
<node id="3910563673" lat="50.0400519" lon="19.2193705" version="1" timestamp="2015-12-26T12:30:35Z"  changeset="36175154" uid="693154" user="Władysław Komorek">

</node>
<node id="3910563675" lat="50.0400545" lon="19.219354" version="1" timestamp="2015-12-26T12:30:35Z"  changeset="36175154" uid="693154" user="Władysław Komorek">

</node>
<node id="10861873990" lat="50.0397491" lon="19.2192538" version="1" timestamp="2023-05-02T08:09:38Z"  changeset="135604463" uid="2465271" user="m_p_13">

</node>
<way id="325284835" version="5" timestamp="2024-11-06T19:32:46Z" action="modify" changeset="158830712" uid="21936500" user="33Hubert33">
	<tag k="addr:city" v="Biecz"/>
	<tag k="addr:city:simc" v="0952752"/>
	<tag k="addr:housenumber" v="1"/>
	<tag k="addr:postcode" v="38-340"/>
	<tag k="addr:street" v="Marcina Kromera"/>
	<tag k="addr:street:sym_ul" v="09952"/>
	<tag k="building" v="yes"/>
	<tag k="building:levels" v="1"/>
	<tag k="historic" v="yes"/>
	<tag k="name" v="Muzeum Ziemi Bieckiej"/>
	<tag k="opening_hours" v="May,Jun,Sep: Tu-Fr 08:00-17:00; Sa,Su 09:00-17:00; Jul,Aug: Tu-Fr 08:00-19:00; Sa,Su 10:00-19:00; Jan,Feb,Mar,Apr,Oct,Nov,Dec: Tu-Sa 08:00-16:00"/>
	<tag k="source:addr" v="biecz.e-mapa.net"/>
	<tag k="source:building" v="BDOT"/>
	<tag k="source:geometry" v="EGiB"/>
	<tag k="tourism" v="museum"/>
	<tag k="operator" v="Gmina Biecz"/>
	<tag k="operator:type" v="government"/>
	<tag k="source:tourism" v="Wykaz Muzeów, wypis na dzień 2026-04-09"/>
	<nd ref="3319556703"/>
	<nd ref="3319556517"/>
	<nd ref="3319556871"/>
	<nd ref="3319557120"/>
	<nd ref="3319556703"/>
</way>
<node id="3319556517" lat="49.7304978" lon="21.2479591" version="2" timestamp="2024-11-06T19:32:46Z"  changeset="158830712" uid="21936500" user="33Hubert33">

</node>
<node id="3319556703" lat="49.7304051" lon="21.2479729" version="2" timestamp="2024-11-06T19:32:46Z"  changeset="158830712" uid="21936500" user="33Hubert33">

</node>
<node id="3319556871" lat="49.7304857" lon="21.247823" version="2" timestamp="2024-11-06T19:32:46Z"  changeset="158830712" uid="21936500" user="33Hubert33">

</node>
<node id="3319557120" lat="49.7303981" lon="21.2478406" version="2" timestamp="2024-11-06T19:32:46Z"  changeset="158830712" uid="21936500" user="33Hubert33">

</node>
<way id="299133098" version="3" timestamp="2020-12-08T18:33:05Z" action="modify" changeset="95505557" uid="10642775" user="Dawid2849">
	<tag k="addr:city" v="Chełm"/>
	<tag k="addr:housenumber" v="55"/>
	<tag k="addr:postcode" v="22-100"/>
	<tag k="addr:street" v="Lubelska"/>
	<tag k="building" v="yes"/>
	<tag k="name" v="Muzeum Ziemi Chełmskiej im. Wiktora Ambroziewicza w Chełmie"/>
	<tag k="phone" v="+48855652693"/>
	<tag k="tourism" v="museum"/>
	<tag k="operator" v="Miasto Chełm"/>
	<tag k="operator:type" v="government"/>
	<tag k="source:tourism" v="Wykaz Muzeów, wypis na dzień 2026-04-09"/>
	<nd ref="3666571516"/>
	<nd ref="3666573788"/>
	<nd ref="3666574446"/>
	<nd ref="3666571505"/>
	<nd ref="3666571516"/>
</way>
<node id="3666571505" lat="51.1346642" lon="23.4701644" version="1" timestamp="2015-07-26T00:52:15Z"  changeset="32880794" uid="693154" user="Władysław Komorek">

</node>
<node id="3666571516" lat="51.134756" lon="23.4700191" version="2" timestamp="2020-12-08T18:33:05Z"  changeset="95505557" uid="10642775" user="Dawid2849">

</node>
<node id="3666573788" lat="51.1347027" lon="23.469946" version="1" timestamp="2015-07-26T00:52:28Z"  changeset="32880794" uid="693154" user="Władysław Komorek">

</node>
<node id="3666574446" lat="51.1346159" lon="23.4700963" version="1" timestamp="2015-07-26T00:52:00Z"  changeset="32880794" uid="693154" user="Władysław Komorek">

</node>
<way id="221552425" version="8" timestamp="2024-11-09T10:15:48Z" action="modify" changeset="158926384" uid="21936644" user="eszymans">
	<tag k="addr:city" v="Kłodzko"/>
	<tag k="addr:housenumber" v="4"/>
	<tag k="addr:postcode" v="57-300"/>
	<tag k="addr:street" v="Ignacego Łukasiewicza"/>
	<tag k="building" v="public"/>
	<tag k="email" v="sekretariat@muzeum.klodzko.pl"/>
	<tag k="heritage" v="2"/>
	<tag k="heritage:operator" v="nid"/>
	<tag k="historic" v="building"/>
	<tag k="image" v="File:Kłodzko, Łukasiewicza 4, muzeum, 02.JPG"/>
	<tag k="name" v="Muzeum Ziemi Kłodzkiej w Kłodzku"/>
	<tag k="opening_hours" v="Tu-Su 10:00-16:00; PH open"/>
	<tag k="ref:ckkp" v="DS00256"/>
	<tag k="ref:nid" v="A/4323/994/WŁ"/>
	<tag k="source" v="mklodzko.e-mapa.net"/>
	<tag k="tourism" v="museum"/>
	<tag k="website" v="http://www.muzeum.klodzko.pl/"/>
	<tag k="wheelchair" v="yes"/>
	<tag k="wikidata" v="Q11787277"/>
	<tag k="wikipedia" v="pl:Muzeum Ziemi Kłodzkiej w Kłodzku"/>
	<tag k="operator" v="Gmina Miasto Kłodzko"/>
	<tag k="operator:type" v="government"/>
	<tag k="source:tourism" v="Wykaz Muzeów, wypis na dzień 2026-04-09"/>
	<nd ref="3324245241"/>
	<nd ref="3202425616"/>
	<nd ref="2305813427"/>
	<nd ref="2305813442"/>
	<nd ref="2305813426"/>
	<nd ref="3324245051"/>
	<nd ref="3324245046"/>
	<nd ref="3324245055"/>
	<nd ref="3324245057"/>
	<nd ref="3324245170"/>
	<nd ref="3324245164"/>
	<nd ref="3324245173"/>
	<nd ref="3324245175"/>
	<nd ref="3324245183"/>
	<nd ref="3324245177"/>
	<nd ref="3324245186"/>
	<nd ref="3202425625"/>
	<nd ref="3324245195"/>
	<nd ref="3324245194"/>
	<nd ref="3324245199"/>
	<nd ref="3324245200"/>
	<nd ref="3324245203"/>
	<nd ref="3202425618"/>
	<nd ref="3202425611"/>
	<nd ref="3324245297"/>
	<nd ref="3324245213"/>
	<nd ref="3324245168"/>
	<nd ref="3324245059"/>
	<nd ref="3324244962"/>
	<nd ref="3324245207"/>
	<nd ref="3324245241"/>
</way>
<node id="2305813426" lat="50.4381717" lon="16.6513584" version="3" timestamp="2018-09-11T13:40:15Z"  changeset="62489616" uid="4026498" user="cedaros">

</node>
<node id="2305813427" lat="50.4382054" lon="16.6514666" version="3" timestamp="2018-09-11T13:40:15Z"  changeset="62489616" uid="4026498" user="cedaros">

</node>
<node id="2305813442" lat="50.4382257" lon="16.6513935" version="3" timestamp="2018-09-11T13:40:15Z"  changeset="62489616" uid="4026498" user="cedaros">

</node>
<node id="3202425611" lat="50.4384245" lon="16.6511533" version="1" timestamp="2014-11-23T23:23:15Z"  changeset="26984881" uid="976599" user="Hons084">

</node>
<node id="3202425616" lat="50.4383148" lon="16.6515581" version="2" timestamp="2018-09-11T13:40:15Z"  changeset="62489616" uid="4026498" user="cedaros">

</node>
<node id="3202425618" lat="50.4384139" lon="16.6511997" version="2" timestamp="2018-09-11T13:40:15Z"  changeset="62489616" uid="4026498" user="cedaros">

</node>
<node id="3202425625" lat="50.4382275" lon="16.6511488" version="2" timestamp="2018-09-11T13:40:15Z"  changeset="62489616" uid="4026498" user="cedaros">

</node>
<node id="3324244962" lat="50.4380383" lon="16.651582" version="1" timestamp="2015-01-31T22:37:53Z"  changeset="28534645" uid="2098272" user="maraf24">

</node>
<node id="3324245046" lat="50.4381685" lon="16.6513517" version="1" timestamp="2015-01-31T22:37:56Z"  changeset="28534645" uid="2098272" user="maraf24">

</node>
<node id="3324245051" lat="50.438173" lon="16.6513553" version="1" timestamp="2015-01-31T22:37:56Z"  changeset="28534645" uid="2098272" user="maraf24">

</node>
<node id="3324245055" lat="50.4381781" lon="16.6513177" version="1" timestamp="2015-01-31T22:37:56Z"  changeset="28534645" uid="2098272" user="maraf24">

</node>
<node id="3324245057" lat="50.4381822" lon="16.65132" version="1" timestamp="2015-01-31T22:37:56Z"  changeset="28534645" uid="2098272" user="maraf24">

</node>
<node id="3324245059" lat="50.4381847" lon="16.6509978" version="1" timestamp="2015-01-31T22:37:56Z"  changeset="28534645" uid="2098272" user="maraf24">

</node>
<node id="3324245164" lat="50.4381979" lon="16.6512383" version="1" timestamp="2015-01-31T22:37:56Z"  changeset="28534645" uid="2098272" user="maraf24">

</node>
<node id="3324245168" lat="50.4382021" lon="16.651009" version="1" timestamp="2015-01-31T22:37:56Z"  changeset="28534645" uid="2098272" user="maraf24">

</node>
<node id="3324245170" lat="50.4382032" lon="16.6512426" version="1" timestamp="2015-01-31T22:37:56Z"  changeset="28534645" uid="2098272" user="maraf24">

</node>
<node id="3324245173" lat="50.4382074" lon="16.6512039" version="1" timestamp="2015-01-31T22:37:56Z"  changeset="28534645" uid="2098272" user="maraf24">

</node>
<node id="3324245175" lat="50.4382117" lon="16.6512068" version="1" timestamp="2015-01-31T22:37:56Z"  changeset="28534645" uid="2098272" user="maraf24">

</node>
<node id="3324245177" lat="50.4382131" lon="16.6511808" version="1" timestamp="2015-01-31T22:37:56Z"  changeset="28534645" uid="2098272" user="maraf24">

</node>
<node id="3324245183" lat="50.4382184" lon="16.6511852" version="1" timestamp="2015-01-31T22:37:57Z"  changeset="28534645" uid="2098272" user="maraf24">

</node>
<node id="3324245186" lat="50.4382229" lon="16.6511453" version="1" timestamp="2015-01-31T22:37:57Z"  changeset="28534645" uid="2098272" user="maraf24">

</node>
<node id="3324245194" lat="50.438231" lon="16.6511248" version="1" timestamp="2015-01-31T22:37:57Z"  changeset="28534645" uid="2098272" user="maraf24">

</node>
<node id="3324245195" lat="50.4382338" lon="16.6511281" version="1" timestamp="2015-01-31T22:37:57Z"  changeset="28534645" uid="2098272" user="maraf24">

</node>
<node id="3324245199" lat="50.4382402" lon="16.6510906" version="1" timestamp="2015-01-31T22:37:57Z"  changeset="28534645" uid="2098272" user="maraf24">

</node>
<node id="3324245200" lat="50.438242" lon="16.6510918" version="1" timestamp="2015-01-31T22:37:57Z"  changeset="28534645" uid="2098272" user="maraf24">

</node>
<node id="3324245203" lat="50.4382443" lon="16.6510869" version="1" timestamp="2015-01-31T22:37:57Z"  changeset="28534645" uid="2098272" user="maraf24">

</node>
<node id="3324245207" lat="50.4382505" lon="16.6518596" version="1" timestamp="2015-01-31T22:37:57Z"  changeset="28534645" uid="2098272" user="maraf24">

</node>
<node id="3324245213" lat="50.4382626" lon="16.6510479" version="1" timestamp="2015-01-31T22:37:57Z"  changeset="28534645" uid="2098272" user="maraf24">

</node>
<node id="3324245241" lat="50.4383333" lon="16.6515735" version="1" timestamp="2015-01-31T22:37:58Z"  changeset="28534645" uid="2098272" user="maraf24">

</node>
<node id="3324245297" lat="50.4384226" lon="16.651151" version="1" timestamp="2015-01-31T22:37:59Z"  changeset="28534645" uid="2098272" user="maraf24">

</node>
<way id="404489162" version="4" timestamp="2022-11-22T15:45:30Z" action="modify" changeset="129245332" uid="17583167" user="Mariusz189">
	<tag k="addr:city" v="Koszyce"/>
	<tag k="addr:city:simc" v="0244630"/>
	<tag k="addr:housenumber" v="11"/>
	<tag k="addr:postcode" v="32-130"/>
	<tag k="addr:street" v="Wspólna"/>
	<tag k="addr:street:sym_ul" v="24885"/>
	<tag k="building" v="yes"/>
	<tag k="name" v="Muzeum Ziemi Koszyckiej im. Stanisława Boducha w Koszycach"/>
	<tag k="source:addr" v="koszyce.e-mapa.net"/>
	<tag k="tourism" v="museum"/>
	<tag k="wikidata" v="Q11787273"/>
	<tag k="wikipedia" v="pl:Muzeum Ziemi Koszyckiej"/>
	<tag k="operator" v="Gmina Koszyce"/>
	<tag k="operator:type" v="government"/>
	<tag k="source:tourism" v="Wykaz Muzeów, wypis na dzień 2026-04-09"/>
	<nd ref="4067820934"/>
	<nd ref="4067820862"/>
	<nd ref="4067805596"/>
	<nd ref="4067820878"/>
	<nd ref="4067820934"/>
</way>
<node id="4067805596" lat="50.1670004" lon="20.5777514" version="1" timestamp="2016-03-19T00:38:28Z"  changeset="37930531" uid="693154" user="Władysław Komorek">

</node>
<node id="4067820862" lat="50.166867" lon="20.577594" version="1" timestamp="2016-03-19T00:38:18Z"  changeset="37930531" uid="693154" user="Władysław Komorek">

</node>
<node id="4067820878" lat="50.1670519" lon="20.5776403" version="1" timestamp="2016-03-19T00:38:32Z"  changeset="37930531" uid="693154" user="Władysław Komorek">

</node>
<node id="4067820934" lat="50.1669185" lon="20.577483" version="1" timestamp="2016-03-19T00:38:22Z"  changeset="37930531" uid="693154" user="Władysław Komorek">

</node>
<way id="1206722260" version="2" timestamp="2025-12-25T10:34:50Z" action="modify" changeset="176389151" uid="11239973" user="uprkos">
	<tag k="addr:city" v="Kędzierzyn-Koźle"/>
	<tag k="addr:housenumber" v="5b"/>
	<tag k="addr:postcode" v="47-200"/>
	<tag k="addr:street" v="Józefa Ignacego Kraszewskiego"/>
	<tag k="building" v="museum"/>
	<tag k="check_date" v="2025-12-25"/>
	<tag k="name" v="Muzeum Ziemi Kozielskiej w Kędzierzynie Koźlu"/>
	<tag k="opening_hours" v="Tu-Fr 9:00-13:00; Sa-Su 13.00-17.00"/>
	<tag k="tourism" v="museum"/>
	<tag k="operator" v="Gmina Kędzierzyn-Koźle"/>
	<tag k="operator:type" v="government"/>
	<tag k="source:tourism" v="Wykaz Muzeów, wypis na dzień 2026-04-09"/>
	<nd ref="4297415334"/>
	<nd ref="4294590873"/>
	<nd ref="4297415333"/>
	<nd ref="8957185591"/>
	<nd ref="4297415325"/>
	<nd ref="11181993730"/>
	<nd ref="4297415332"/>
	<nd ref="4297415334"/>
</way>
<node id="4294590873" lat="50.334797" lon="18.1424195" version="1" timestamp="2016-07-10T13:35:55Z"  changeset="40630563" uid="2445224" user="rowers2">

</node>
<node id="4297415325" lat="50.3344928" lon="18.1423941" version="2" timestamp="2021-07-28T12:55:25Z"  changeset="108759907" uid="6134980" user="Bacteriophag">

</node>
<node id="4297415332" lat="50.3345704" lon="18.1423478" version="2" timestamp="2021-07-28T12:55:25Z"  changeset="108759907" uid="6134980" user="Bacteriophag">

</node>
<node id="4297415333" lat="50.3346131" lon="18.1425027" version="1" timestamp="2016-07-12T05:40:34Z"  changeset="40672307" uid="2445224" user="rowers2">

</node>
<node id="4297415334" lat="50.3347506" lon="18.1422545" version="1" timestamp="2016-07-12T05:40:34Z"  changeset="40672307" uid="2445224" user="rowers2">

</node>
<node id="8957185591" lat="50.3345096" lon="18.1424739" version="1" timestamp="2021-07-28T12:55:25Z"  changeset="108759907" uid="6134980" user="Bacteriophag">

</node>
<node id="11181993730" lat="50.3345409" lon="18.1423654" version="1" timestamp="2023-09-10T20:35:05Z"  changeset="141081086" uid="11239973" user="uprkos">
	<tag k="entrance" v="main"/>
</node>
<way id="254915691" version="4" timestamp="2024-11-08T15:52:48Z" action="modify" changeset="158901215" uid="12901812" user="Alicja1">
	<tag k="addr:city" v="Włocławek"/>
	<tag k="addr:housenumber" v="1A"/>
	<tag k="addr:postcode" v="87-800"/>
	<tag k="addr:street" v="Juliusza Słowackiego"/>
	<tag k="building" v="yes"/>
	<tag k="building:levels" v="3"/>
	<tag k="historic" v="yes"/>
	<tag k="name" v="Muzeum Ziemi Kujawskiej i Dobrzyńskiej we Włocławku"/>
	<tag k="opening_hours" v="Tu-Su 08:00-15:00; Sa 08:00-12:00"/>
	<tag k="ref:ckkp" v="KP00731"/>
	<tag k="source:building" v="BDOT"/>
	<tag k="tourism" v="museum"/>
	<tag k="website" v="https://muzeum.wloclawek.pl/"/>
	<tag k="wikidata" v="Q11787275"/>
	<tag k="wikipedia" v="pl:Muzeum Ziemi Kujawskiej i Dobrzyńskiej we Włocławku"/>
	<tag k="operator" v="Województwo Kujawsko-Pomorskie"/>
	<tag k="operator:type" v="government"/>
	<tag k="source:tourism" v="Wykaz Muzeów, wypis na dzień 2026-04-09"/>
	<nd ref="2606959326"/>
	<nd ref="2606959329"/>
	<nd ref="12323930584"/>
	<nd ref="12323930583"/>
	<nd ref="12323930582"/>
	<nd ref="12323930581"/>
	<nd ref="2606959335"/>
	<nd ref="12323930580"/>
	<nd ref="12323930579"/>
	<nd ref="12323930578"/>
	<nd ref="12323930577"/>
	<nd ref="2606959324"/>
	<nd ref="12323930576"/>
	<nd ref="12323930575"/>
	<nd ref="2606959309"/>
	<nd ref="2606959313"/>
	<nd ref="2606959315"/>
	<nd ref="2606959320"/>
	<nd ref="2606959318"/>
	<nd ref="2606959322"/>
	<nd ref="2606959327"/>
	<nd ref="2606959333"/>
	<nd ref="2606959326"/>
</way>
<node id="2606959309" lat="52.657012" lon="19.064847" version="2" timestamp="2024-11-08T15:52:48Z"  changeset="158901215" uid="12901812" user="Alicja1">

</node>
<node id="2606959313" lat="52.657039" lon="19.064776" version="2" timestamp="2024-11-08T15:52:48Z"  changeset="158901215" uid="12901812" user="Alicja1">

</node>
<node id="2606959315" lat="52.657061" lon="19.064796" version="2" timestamp="2024-11-08T15:52:48Z"  changeset="158901215" uid="12901812" user="Alicja1">

</node>
<node id="2606959318" lat="52.657058" lon="19.064725" version="2" timestamp="2024-11-08T15:52:48Z"  changeset="158901215" uid="12901812" user="Alicja1">

</node>
<node id="2606959320" lat="52.65708" lon="19.064747" version="2" timestamp="2024-11-08T15:52:48Z"  changeset="158901215" uid="12901812" user="Alicja1">

</node>
<node id="2606959322" lat="52.657092" lon="19.064638" version="2" timestamp="2024-11-08T15:52:48Z"  changeset="158901215" uid="12901812" user="Alicja1">

</node>
<node id="2606959324" lat="52.657099" lon="19.064973" version="2" timestamp="2024-11-08T15:52:48Z"  changeset="158901215" uid="12901812" user="Alicja1">

</node>
<node id="2606959326" lat="52.657111" lon="19.064588" version="2" timestamp="2024-11-08T15:52:48Z"  changeset="158901215" uid="12901812" user="Alicja1">

</node>
<node id="2606959327" lat="52.657131" lon="19.064678" version="2" timestamp="2024-11-08T15:52:48Z"  changeset="158901215" uid="12901812" user="Alicja1">

</node>
<node id="2606959329" lat="52.657135" lon="19.064522" version="2" timestamp="2024-11-08T15:52:48Z"  changeset="158901215" uid="12901812" user="Alicja1">

</node>
<node id="2606959333" lat="52.65715" lon="19.064628" version="2" timestamp="2024-11-08T15:52:48Z"  changeset="158901215" uid="12901812" user="Alicja1">

</node>
<node id="2606959335" lat="52.657253" lon="19.064712" version="2" timestamp="2024-11-08T15:52:48Z"  changeset="158901215" uid="12901812" user="Alicja1">

</node>
<node id="12323930575" lat="52.657044" lon="19.064897" version="1" timestamp="2024-11-08T15:52:48Z"  changeset="158901215" uid="12901812" user="Alicja1">

</node>
<node id="12323930576" lat="52.657048" lon="19.064893" version="1" timestamp="2024-11-08T15:52:48Z"  changeset="158901215" uid="12901812" user="Alicja1">

</node>
<node id="12323930577" lat="52.657125" lon="19.064929" version="1" timestamp="2024-11-08T15:52:48Z"  changeset="158901215" uid="12901812" user="Alicja1">

</node>
<node id="12323930578" lat="52.657127" lon="19.06493" version="1" timestamp="2024-11-08T15:52:48Z"  changeset="158901215" uid="12901812" user="Alicja1">

</node>
<node id="12323930579" lat="52.657228" lon="19.06476" version="1" timestamp="2024-11-08T15:52:48Z"  changeset="158901215" uid="12901812" user="Alicja1">

</node>
<node id="12323930580" lat="52.657226" lon="19.064758" version="1" timestamp="2024-11-08T15:52:48Z"  changeset="158901215" uid="12901812" user="Alicja1">

</node>
<node id="12323930581" lat="52.657204" lon="19.064627" version="1" timestamp="2024-11-08T15:52:48Z"  changeset="158901215" uid="12901812" user="Alicja1">

</node>
<node id="12323930582" lat="52.657206" lon="19.064624" version="1" timestamp="2024-11-08T15:52:48Z"  changeset="158901215" uid="12901812" user="Alicja1">

</node>
<node id="12323930583" lat="52.657183" lon="19.06459" version="1" timestamp="2024-11-08T15:52:48Z"  changeset="158901215" uid="12901812" user="Alicja1">

</node>
<node id="12323930584" lat="52.657182" lon="19.064592" version="1" timestamp="2024-11-08T15:52:48Z"  changeset="158901215" uid="12901812" user="Alicja1">

</node>
<way id="359323629" version="3" timestamp="2022-11-25T22:50:22Z" action="modify" changeset="129384919" uid="15215305" user="NorthCrab">
	<tag k="addr:city" v="Lubartów"/>
	<tag k="addr:housenumber" v="28"/>
	<tag k="addr:postcode" v="21-100"/>
	<tag k="addr:street" v="Tadeusza Kościuszki"/>
	<tag k="building" v="yes"/>
	<tag k="museum" v="history"/>
	<tag k="name" v="Muzeum Ziemi Lubartowskiej w Lubartowie"/>
	<tag k="source:addr" v="mlubartow.e-mapa.net"/>
	<tag k="tourism" v="museum"/>
	<tag k="operator" v="Miasto Lubartów"/>
	<tag k="operator:type" v="government"/>
	<tag k="source:tourism" v="Wykaz Muzeów, wypis na dzień 2026-04-09"/>
	<nd ref="2934905378"/>
	<nd ref="3640622121"/>
	<nd ref="3640626995"/>
	<nd ref="3640623779"/>
	<nd ref="3640627000"/>
	<nd ref="3640591861"/>
	<nd ref="3640626029"/>
	<nd ref="3640626133"/>
	<nd ref="2934905378"/>
</way>
<node id="2934905378" lat="51.4643041" lon="22.6100421" version="4" timestamp="2022-11-25T22:50:22Z"  changeset="129384919" uid="15215305" user="NorthCrab">

</node>
<node id="3640591861" lat="51.4642536" lon="22.6102241" version="1" timestamp="2015-07-08T10:27:49Z"  changeset="32491735" uid="693154" user="Władysław Komorek">

</node>
<node id="3640622121" lat="51.4641102" lon="22.6100874" version="1" timestamp="2015-07-08T10:27:24Z"  changeset="32491735" uid="693154" user="Władysław Komorek">

</node>
<node id="3640623779" lat="51.4641891" lon="22.6102379" version="1" timestamp="2015-07-08T10:27:39Z"  changeset="32491735" uid="693154" user="Władysław Komorek">

</node>
<node id="3640626029" lat="51.4642536" lon="22.6102226" version="1" timestamp="2015-07-08T10:27:49Z"  changeset="32491735" uid="693154" user="Władysław Komorek">

</node>
<node id="3640626133" lat="51.4643181" lon="22.6102071" version="1" timestamp="2015-07-08T10:27:59Z"  changeset="32491735" uid="693154" user="Władysław Komorek">

</node>
<node id="3640626995" lat="51.4641271" lon="22.6102526" version="1" timestamp="2015-07-08T10:27:27Z"  changeset="32491735" uid="693154" user="Władysław Komorek">

</node>
<node id="3640627000" lat="51.4641894" lon="22.6102392" version="1" timestamp="2015-07-08T10:27:39Z"  changeset="32491735" uid="693154" user="Władysław Komorek">

</node>
<way id="220600349" version="21" timestamp="2026-04-06T21:01:36Z" action="modify" changeset="180969416" uid="3610826" user="km2bp">
	<tag k="addr:city" v="Zielona Góra"/>
	<tag k="addr:housenumber" v="15"/>
	<tag k="addr:postcode" v="65-048"/>
	<tag k="addr:street" v="Aleja Niepodległości"/>
	<tag k="building" v="yes"/>
	<tag k="building:levels" v="3"/>
	<tag k="contact:facebook" v="https://www.facebook.com/muzeumziemilubuskiej"/>
	<tag k="image" v="https://photos.app.goo.gl/6zrQYJUNug1zBF9S6"/>
	<tag k="mapillary" v="1134607557047802"/>
	<tag k="name" v="Muzeum Ziemi Lubuskiej w Zielonej Górze"/>
	<tag k="old_name" v="Kreishaus"/>
	<tag k="phone" v="+48 68 327 23 45"/>
	<tag k="ref:ckkp" v="LB00801"/>
	<tag k="toilets:wheelchair" v="no"/>
	<tag k="tourism" v="museum"/>
	<tag k="url" v="https://youtu.be/5WeTiYaGY5g"/>
	<tag k="url:0" v="https://lubuskie.fotopolska.eu/7719,obiekt.html?map_z=19"/>
	<tag k="url:1" v="https://dolny-slask.org.pl/537096,Zielona_Gora,Muzeum_Ziemi_Lubuskiej.html"/>
	<tag k="website" v="http://www.mzl.zgora.pl/"/>
	<tag k="wheelchair" v="yes"/>
	<tag k="wikidata" v="Q11787278"/>
	<tag k="wikipedia" v="pl:Muzeum Ziemi Lubuskiej w Zielonej Górze"/>
	<tag k="operator" v="Województwo Lubuskie"/>
	<tag k="operator:type" v="government"/>
	<tag k="source:tourism" v="Wykaz Muzeów, wypis na dzień 2026-04-09"/>
	<nd ref="3865447679"/>
	<nd ref="3865447672"/>
	<nd ref="3865447558"/>
	<nd ref="3865447564"/>
	<nd ref="3865447546"/>
	<nd ref="3865447550"/>
	<nd ref="3865447504"/>
	<nd ref="3865447498"/>
	<nd ref="3865447471"/>
	<nd ref="3865447348"/>
	<nd ref="3865447342"/>
	<nd ref="3865447294"/>
	<nd ref="3865447297"/>
	<nd ref="3865447278"/>
	<nd ref="3865447279"/>
	<nd ref="3865446665"/>
	<nd ref="8034194894"/>
	<nd ref="10550747986"/>
	<nd ref="10550747983"/>
	<nd ref="3865447132"/>
	<nd ref="3865447643"/>
	<nd ref="3865447792"/>
	<nd ref="3865447866"/>
	<nd ref="3865447884"/>
	<nd ref="3865447940"/>
	<nd ref="3865447927"/>
	<nd ref="3865448012"/>
	<nd ref="3865447725"/>
	<nd ref="3865447727"/>
	<nd ref="13712390419"/>
	<nd ref="3865447679"/>
</way>
<node id="3865446665" lat="51.9413611" lon="15.5085205" version="3" timestamp="2023-01-13T17:28:26Z"  changeset="131239095" uid="3610826" user="km2bp">

</node>
<node id="3865447132" lat="51.9416068" lon="15.5090838" version="3" timestamp="2023-01-13T17:28:26Z"  changeset="131239095" uid="3610826" user="km2bp">

</node>
<node id="3865447278" lat="51.9415251" lon="15.5083272" version="1" timestamp="2015-11-28T17:29:23Z"  changeset="35632291" uid="722193" user="daviesp12">

</node>
<node id="3865447279" lat="51.9415257" lon="15.5083317" version="1" timestamp="2015-11-28T17:29:23Z"  changeset="35632291" uid="722193" user="daviesp12">

</node>
<node id="3865447294" lat="51.9415339" lon="15.5083112" version="3" timestamp="2023-01-13T17:28:26Z"  changeset="131239095" uid="3610826" user="km2bp">

</node>
<node id="3865447297" lat="51.9415356" lon="15.5083151" version="3" timestamp="2023-01-13T17:28:26Z"  changeset="131239095" uid="3610826" user="km2bp">

</node>
<node id="3865447342" lat="51.9415634" lon="15.5082772" version="3" timestamp="2023-01-13T17:28:26Z"  changeset="131239095" uid="3610826" user="km2bp">

</node>
<node id="3865447348" lat="51.9415649" lon="15.5082806" version="3" timestamp="2023-01-13T17:28:26Z"  changeset="131239095" uid="3610826" user="km2bp">

</node>
<node id="3865447471" lat="51.9415757" lon="15.5082682" version="3" timestamp="2023-01-13T17:28:26Z"  changeset="131239095" uid="3610826" user="km2bp">

</node>
<node id="3865447498" lat="51.9415855" lon="15.5082905" version="3" timestamp="2023-01-13T17:28:26Z"  changeset="131239095" uid="3610826" user="km2bp">

</node>
<node id="3865447504" lat="51.9415882" lon="15.5082874" version="3" timestamp="2023-01-13T17:28:26Z"  changeset="131239095" uid="3610826" user="km2bp">

</node>
<node id="3865447546" lat="51.9416067" lon="15.5083382" version="3" timestamp="2023-01-13T17:28:26Z"  changeset="131239095" uid="3610826" user="km2bp">

</node>
<node id="3865447550" lat="51.9416092" lon="15.5083353" version="3" timestamp="2023-01-13T17:28:26Z"  changeset="131239095" uid="3610826" user="km2bp">

</node>
<node id="3865447558" lat="51.9416115" lon="15.5083673" version="3" timestamp="2023-01-13T17:28:26Z"  changeset="131239095" uid="3610826" user="km2bp">

</node>
<node id="3865447564" lat="51.9416167" lon="15.5083613" version="3" timestamp="2023-01-13T17:28:26Z"  changeset="131239095" uid="3610826" user="km2bp">

</node>
<node id="3865447643" lat="51.9416726" lon="15.509009" version="3" timestamp="2023-01-13T17:28:26Z"  changeset="131239095" uid="3610826" user="km2bp">

</node>
<node id="3865447672" lat="51.941665" lon="15.5084895" version="3" timestamp="2023-01-13T17:28:26Z"  changeset="131239095" uid="3610826" user="km2bp">

</node>
<node id="3865447679" lat="51.9416674" lon="15.5084868" version="3" timestamp="2023-01-13T17:28:26Z"  changeset="131239095" uid="3610826" user="km2bp">

</node>
<node id="3865447725" lat="51.9416957" lon="15.5085601" version="3" timestamp="2023-01-13T17:28:26Z"  changeset="131239095" uid="3610826" user="km2bp">

</node>
<node id="3865447727" lat="51.9416982" lon="15.5085573" version="3" timestamp="2023-01-13T17:28:26Z"  changeset="131239095" uid="3610826" user="km2bp">

</node>
<node id="3865447792" lat="51.941751" lon="15.5091991" version="3" timestamp="2023-01-13T17:28:26Z"  changeset="131239095" uid="3610826" user="km2bp">

</node>
<node id="3865447866" lat="51.9418102" lon="15.5091311" version="3" timestamp="2023-01-13T17:28:26Z"  changeset="131239095" uid="3610826" user="km2bp">

</node>
<node id="3865447884" lat="51.9418191" lon="15.5091515" version="3" timestamp="2023-01-13T17:28:26Z"  changeset="131239095" uid="3610826" user="km2bp">

</node>
<node id="3865447927" lat="51.9418389" lon="15.5091027" version="3" timestamp="2023-01-13T17:28:26Z"  changeset="131239095" uid="3610826" user="km2bp">

</node>
<node id="3865447940" lat="51.9418465" lon="15.5091201" version="3" timestamp="2023-01-13T17:28:26Z"  changeset="131239095" uid="3610826" user="km2bp">

</node>
<node id="3865448012" lat="51.9419013" lon="15.5090311" version="3" timestamp="2023-01-13T17:28:26Z"  changeset="131239095" uid="3610826" user="km2bp">

</node>
<node id="8034194894" lat="51.9413654" lon="15.5085303" version="2" timestamp="2023-01-13T17:28:26Z"  changeset="131239095" uid="3610826" user="km2bp">

</node>
<node id="10550747983" lat="51.9416053" lon="15.5090805" version="1" timestamp="2023-01-13T17:28:26Z"  changeset="131239095" uid="3610826" user="km2bp">

</node>
<node id="10550747986" lat="51.9415949" lon="15.5090566" version="1" timestamp="2023-01-13T17:28:26Z"  changeset="131239095" uid="3610826" user="km2bp">

</node>
<node id="13712390419" lat="51.9416911" lon="15.5085409" version="1" timestamp="2026-04-06T21:01:36Z"  changeset="180969416" uid="3610826" user="km2bp">

</node>
<way id="199495391" version="6" timestamp="2021-02-07T13:43:27Z" action="modify" changeset="98849827" uid="3199858" user="Mateusz Konieczny - bot account">
	<tag k="addr:city" v="Mińsk Mazowiecki"/>
	<tag k="addr:housenumber" v="16"/>
	<tag k="addr:postcode" v="05-300"/>
	<tag k="addr:street" v="Stefana Okrzei"/>
	<tag k="building" v="yes"/>
	<tag k="name" v="Muzeum Ziemi Mińskiej w Mińsku Mazowieckim"/>
	<tag k="phone" v="+48 25 759 67 15"/>
	<tag k="tourism" v="museum"/>
	<tag k="website" v="https://plus.google.com/105382402409555238848/about"/>
	<tag k="wikidata" v="Q17619134"/>
	<tag k="wikipedia" v="pl:Muzeum Ziemi Mińskiej w Mińsku Mazowieckim"/>
	<tag k="operator" v="Miasto Mińsk Mazowiecki"/>
	<tag k="operator:type" v="government"/>
	<tag k="source:tourism" v="Wykaz Muzeów, wypis na dzień 2026-04-09"/>
	<nd ref="2094817716"/>
	<nd ref="2094817739"/>
	<nd ref="2094817728"/>
	<nd ref="2094817733"/>
	<nd ref="2094817716"/>
</way>
<node id="2094817716" lat="52.1807439" lon="21.5554456" version="1" timestamp="2013-01-04T12:32:44Z"  changeset="14524787" uid="1154485" user="Voitcus2">

</node>
<node id="2094817728" lat="52.1807989" lon="21.5558161" version="1" timestamp="2013-01-04T12:32:44Z"  changeset="14524787" uid="1154485" user="Voitcus2">

</node>
<node id="2094817733" lat="52.1806746" lon="21.5557375" version="1" timestamp="2013-01-04T12:32:44Z"  changeset="14524787" uid="1154485" user="Voitcus2">

</node>
<node id="2094817739" lat="52.1808683" lon="21.5555242" version="1" timestamp="2013-01-04T12:32:44Z"  changeset="14524787" uid="1154485" user="Voitcus2">

</node>
<way id="299321173" version="5" timestamp="2023-06-30T05:24:42Z" action="modify" changeset="137941593" uid="13948004" user="bartgron">
	<tag k="addr:city" v="Żnin"/>
	<tag k="addr:housenumber" v="1"/>
	<tag k="addr:postcode" v="88-400"/>
	<tag k="addr:street" v="Plac Wolności"/>
	<tag k="building" v="yes"/>
	<tag k="fee" v="yes"/>
	<tag k="name" v="Muzeum Ziemi Pałuckiej w Żninie"/>
	<tag k="source:addr" v="znin.e-mapa.net"/>
	<tag k="tourism" v="museum"/>
	<tag k="operator" v="Gmina Żnin"/>
	<tag k="operator:type" v="government"/>
	<tag k="source:tourism" v="Wykaz Muzeów, wypis na dzień 2026-04-09"/>
	<nd ref="3033179221"/>
	<nd ref="3033179224"/>
	<nd ref="3033179223"/>
	<nd ref="3506050810"/>
	<nd ref="3506050809"/>
	<nd ref="3506050808"/>
	<nd ref="3506050807"/>
	<nd ref="3506050806"/>
	<nd ref="3033179221"/>
</way>
<node id="3033179221" lat="52.8462618" lon="17.7229769" version="3" timestamp="2015-05-08T22:00:48Z"  changeset="30921887" uid="1736346" user="Zmianowy">

</node>
<node id="3033179223" lat="52.8465513" lon="17.7229183" version="3" timestamp="2015-05-08T22:00:48Z"  changeset="30921887" uid="1736346" user="Zmianowy">

</node>
<node id="3033179224" lat="52.8464873" lon="17.7231652" version="3" timestamp="2015-05-08T22:00:48Z"  changeset="30921887" uid="1736346" user="Zmianowy">

</node>
<node id="3506050806" lat="52.8462836" lon="17.722779" version="2" timestamp="2015-05-08T22:00:48Z"  changeset="30921887" uid="1736346" user="Zmianowy">

</node>
<node id="3506050807" lat="52.8464213" lon="17.7228903" version="2" timestamp="2015-05-08T22:00:48Z"  changeset="30921887" uid="1736346" user="Zmianowy">

</node>
<node id="3506050808" lat="52.8464138" lon="17.7229158" version="2" timestamp="2015-05-08T22:00:48Z"  changeset="30921887" uid="1736346" user="Zmianowy">

</node>
<node id="3506050809" lat="52.8464749" lon="17.7229645" version="2" timestamp="2015-05-08T22:00:48Z"  changeset="30921887" uid="1736346" user="Zmianowy">

</node>
<node id="3506050810" lat="52.8464974" lon="17.7228793" version="2" timestamp="2015-05-08T22:00:48Z"  changeset="30921887" uid="1736346" user="Zmianowy">

</node>
<node id="1856915759" lat="53.6279406" lon="21.8077986" version="4" timestamp="2025-06-12T10:34:19Z" action="modify" changeset="167527404" uid="22709462" user="Szotowy">
	<tag k="addr:city" v="Pisz"/>
	<tag k="addr:housenumber" v="7"/>
	<tag k="addr:postcode" v="12-200"/>
	<tag k="addr:street" v="Plac Ignacego Daszyńskiego"/>
	<tag k="name" v="Muzeum Ziemi Piskiej w Piszu"/>
	<tag k="tourism" v="museum"/>
	<tag k="operator" v="Gmina Pisz"/>
	<tag k="operator:type" v="government"/>
	<tag k="source:tourism" v="Wykaz Muzeów, wypis na dzień 2026-04-09"/>
</node>
<way id="234802710" version="7" timestamp="2022-07-13T11:29:21Z" action="modify" changeset="123560864" uid="1744629" user="voltairovicz">
	<tag k="addr:city" v="Rawicz"/>
	<tag k="addr:city:simc" v="0954604"/>
	<tag k="addr:housenumber" v="1"/>
	<tag k="addr:postcode" v="63-900"/>
	<tag k="addr:street" v="Rynek"/>
	<tag k="building" v="yes"/>
	<tag k="heritage" v="2"/>
	<tag k="heritage:operator" v="nid"/>
	<tag k="name" v="Muzeum Ziemi Rawickiej w Rawiczu"/>
	<tag k="ref:nid" v="329/Wlkp/A"/>
	<tag k="source:addr" v="emuia.gugik.gov.pl"/>
	<tag k="tourism" v="museum"/>
	<tag k="wikidata" v="Q9304533"/>
	<tag k="wikipedia" v="pl:Ratusz w Rawiczu"/>
	<tag k="operator" v="Gmina Rawicz"/>
	<tag k="operator:type" v="government"/>
	<tag k="source:tourism" v="Wykaz Muzeów, wypis na dzień 2026-04-09"/>
	<nd ref="2429352293"/>
	<nd ref="2429352292"/>
	<nd ref="2429352294"/>
	<nd ref="2429352295"/>
	<nd ref="9884915567"/>
	<nd ref="2429352293"/>
</way>
<node id="2429352292" lat="51.6088601" lon="16.8580036" version="6" timestamp="2021-03-17T09:36:54Z"  changeset="101176332" uid="4827054" user="jk_7">

</node>
<node id="2429352293" lat="51.608878" lon="16.8577399" version="6" timestamp="2021-03-17T09:36:54Z"  changeset="101176332" uid="4827054" user="jk_7">

</node>
<node id="2429352294" lat="51.6091975" lon="16.858063" version="6" timestamp="2021-03-17T09:36:54Z"  changeset="101176332" uid="4827054" user="jk_7">

</node>
<node id="2429352295" lat="51.6092154" lon="16.8577992" version="6" timestamp="2021-03-17T09:36:54Z"  changeset="101176332" uid="4827054" user="jk_7">

</node>
<node id="9884915567" lat="51.6090459" lon="16.8577694" version="1" timestamp="2022-07-13T11:29:21Z"  changeset="123560864" uid="1744629" user="voltairovicz">
	<tag k="entrance" v="main"/>
</node>
<way id="448314447" version="4" timestamp="2024-08-22T17:08:42Z" action="modify" changeset="155617091" uid="17079474" user="bluemywn">
	<tag k="addr:city" v="Rawa Mazowiecka"/>
	<tag k="addr:city:simc" v="0977077"/>
	<tag k="addr:housenumber" v="26"/>
	<tag k="addr:postcode" v="96-200"/>
	<tag k="addr:street" v="Łowicka"/>
	<tag k="addr:street:sym_ul" v="11694"/>
	<tag k="building" v="yes"/>
	<tag k="check_date:opening_hours" v="2024-08-22"/>
	<tag k="fee" v="yes"/>
	<tag k="name" v="Muzeum Ziemi Rawskiej w Rawie Mazowieckiej"/>
	<tag k="opening_hours" v="Mo-Fr 09:00-16:00; Sa 10:00-14:00"/>
	<tag k="source:addr" v="mrawamazowiecka.e-mapa.net"/>
	<tag k="tourism" v="museum"/>
	<tag k="operator" v="Miasto Rawa Mazowiecka"/>
	<tag k="operator:type" v="government"/>
	<tag k="source:tourism" v="Wykaz Muzeów, wypis na dzień 2026-04-09"/>
	<nd ref="717187290"/>
	<nd ref="4453367674"/>
	<nd ref="4453367675"/>
	<nd ref="4453367676"/>
	<nd ref="717187290"/>
</way>
<node id="717187290" lat="51.7684205" lon="20.249787" version="6" timestamp="2023-07-27T18:04:44Z"  changeset="139100544" uid="13948004" user="bartgron">

</node>
<node id="4453367674" lat="51.7683261" lon="20.2496977" version="1" timestamp="2016-10-18T12:42:15Z"  changeset="42983083" uid="1949400" user="mpd_cbm">

</node>
<node id="4453367675" lat="51.7682426" lon="20.2499281" version="1" timestamp="2016-10-18T12:42:15Z"  changeset="42983083" uid="1949400" user="mpd_cbm">

</node>
<node id="4453367676" lat="51.768337" lon="20.2500175" version="1" timestamp="2016-10-18T12:42:15Z"  changeset="42983083" uid="1949400" user="mpd_cbm">

</node>
<way id="358666782" version="6" timestamp="2022-11-30T13:38:34Z" action="modify" changeset="129562529" uid="6332587" user="lukbas">
	<tag k="addr:city" v="Szubin"/>
	<tag k="addr:housenumber" v="2"/>
	<tag k="addr:postcode" v="89-200"/>
	<tag k="addr:street" v="Szkolna"/>
	<tag k="building" v="yes"/>
	<tag k="museum" v="local"/>
	<tag k="name" v="Muzeum Ziemi Szubińskiej im. Zenona Erdmanna w Szubinie"/>
	<tag k="operator" v="Gmina Szubin"/>
	<tag k="operator:type" v="government"/>
	<tag k="source:addr" v="EMUiA (emuia.gugik.gov.pl)"/>
	<tag k="tourism" v="museum"/>
	<tag k="source:tourism" v="Wykaz Muzeów, wypis na dzień 2026-04-09"/>
	<nd ref="5181897056"/>
	<nd ref="5181897052"/>
	<nd ref="5181897055"/>
	<nd ref="5181897054"/>
	<nd ref="5181897053"/>
	<nd ref="5181897056"/>
</way>
<node id="5181897052" lat="53.0078406" lon="17.7435461" version="1" timestamp="2017-10-22T15:18:36Z"  changeset="53154293" uid="2445224" user="rowers2">

</node>
<node id="5181897053" lat="53.0079702" lon="17.7437027" version="1" timestamp="2017-10-22T15:18:36Z"  changeset="53154293" uid="2445224" user="rowers2">

</node>
<node id="5181897054" lat="53.0077482" lon="17.7437976" version="1" timestamp="2017-10-22T15:18:36Z"  changeset="53154293" uid="2445224" user="rowers2">

</node>
<node id="5181897055" lat="53.0077162" lon="17.7435997" version="1" timestamp="2017-10-22T15:18:36Z"  changeset="53154293" uid="2445224" user="rowers2">

</node>
<node id="5181897056" lat="53.0079389" lon="17.7435046" version="1" timestamp="2017-10-22T15:18:36Z"  changeset="53154293" uid="2445224" user="rowers2">

</node>
<way id="148875018" version="16" timestamp="2025-11-25T22:11:45Z" action="modify" changeset="175130380" uid="145231" user="woodpeck_repair">
	<tag k="addr:city" v="Wieluń"/>
	<tag k="addr:housenumber" v="13"/>
	<tag k="addr:postcode" v="98-300"/>
	<tag k="addr:street" v="Gabriela Narutowicza"/>
	<tag k="building" v="yes"/>
	<tag k="building:colour" v="white"/>
	<tag k="building:levels" v="2"/>
	<tag k="description" v="Klasztor, ob. Muzeum Ziemi Wieluńskiej, w zespole klasztornym bernardynek, mur., XVII, XX"/>
	<tag k="height" v="15"/>
	<tag k="heritage" v="2"/>
	<tag k="heritage:operator" v="nid"/>
	<tag k="name" v="Muzeum Ziemi Wieluńskiej w Wieluniu"/>
	<tag k="note" v="wysokoscnaoko,do poprawki"/>
	<tag k="ref:nid" v="182/970 z 30.12.1967"/>
	<tag k="roof:colour" v="red"/>
	<tag k="roof:height" v="6"/>
	<tag k="roof:shape" v="gabled"/>
	<tag k="source" v="Bing"/>
	<tag k="source:addr" v="EMUiA (emuia.geoportal.gov.pl)"/>
	<tag k="tourism" v="museum"/>
	<tag k="operator" v="Gmina Wieluń"/>
	<tag k="operator:type" v="government"/>
	<tag k="source:tourism" v="Wykaz Muzeów, wypis na dzień 2026-04-09"/>
	<nd ref="5206594899"/>
	<nd ref="5206594898"/>
	<nd ref="5206594895"/>
	<nd ref="5206594897"/>
	<nd ref="2835257713"/>
	<nd ref="5206594896"/>
	<nd ref="5206594899"/>
</way>
<node id="2835257713" lat="51.2199209" lon="18.5676579" version="2" timestamp="2017-11-02T14:34:17Z"  changeset="53453562" uid="717069" user="Ventlan">

</node>
<node id="5206594895" lat="51.2201014" lon="18.5672708" version="1" timestamp="2017-11-02T14:34:16Z"  changeset="53453562" uid="717069" user="Ventlan">

</node>
<node id="5206594896" lat="51.2199521" lon="18.5677134" version="1" timestamp="2017-11-02T14:34:16Z"  changeset="53453562" uid="717069" user="Ventlan">

</node>
<node id="5206594897" lat="51.2198819" lon="18.5675847" version="1" timestamp="2017-11-02T14:34:16Z"  changeset="53453562" uid="717069" user="Ventlan">

</node>
<node id="5206594898" lat="51.220108" lon="18.5672613" version="1" timestamp="2017-11-02T14:34:16Z"  changeset="53453562" uid="717069" user="Ventlan">

</node>
<node id="5206594899" lat="51.2201795" lon="18.567388" version="1" timestamp="2017-11-02T14:34:16Z"  changeset="53453562" uid="717069" user="Ventlan">

</node>
<node id="3049651293" lat="53.1121865" lon="20.380133" version="4" timestamp="2023-09-04T09:36:08Z" action="modify" changeset="140795337" uid="5060085" user="Piotr Strębski">
	<tag k="addr:city" v="Mława"/>
	<tag k="addr:city:simc" v="0930696"/>
	<tag k="addr:housenumber" v="5"/>
	<tag k="addr:postcode" v="06-500"/>
	<tag k="addr:street" v="3 Maja"/>
	<tag k="name" v="Muzeum Ziemi Zawkrzeńskiej w Mławie"/>
	<tag k="opening_hours" v="Tu, Th 08:00-17:00; We, Fr-Sa 08:00-15:00; Su 10:00-13:00"/>
	<tag k="tourism" v="museum"/>
	<tag k="operator" v="Miasto Mława"/>
	<tag k="operator:type" v="government"/>
	<tag k="source:tourism" v="Wykaz Muzeów, wypis na dzień 2026-04-09"/>
</node>
<way id="264931327" version="6" timestamp="2023-12-28T21:15:13Z" action="modify" changeset="145637321" uid="4732840" user="Jerry_W2k">
	<tag k="addr:city" v="Złotów"/>
	<tag k="addr:city:simc" v="0967423"/>
	<tag k="addr:housenumber" v="2a"/>
	<tag k="addr:postcode" v="77-400"/>
	<tag k="addr:street" v="Wojska Polskiego"/>
	<tag k="addr:street:sym_ul" v="24628"/>
	<tag k="building" v="yes"/>
	<tag k="building:levels" v="2"/>
	<tag k="heritage" v="2"/>
	<tag k="heritage:operator" v="nid"/>
	<tag k="historic" v="yes"/>
	<tag k="image" v="File:Muzeum_Ziemi_Złotowskiej.JPG"/>
	<tag k="name" v="Muzeum Ziemi Złotowskiej w Złotowie"/>
	<tag k="ref:nid" v="657461"/>
	<tag k="source:addr" v="emuia.gugik.gov.pl"/>
	<tag k="source:building" v="BDOT"/>
	<tag k="tourism" v="museum"/>
	<tag k="website" v="https://www.muzeum-zlotow.pl/"/>
	<tag k="operator" v="Gmina Miasto Złotów"/>
	<tag k="operator:type" v="government"/>
	<tag k="source:tourism" v="Wykaz Muzeów, wypis na dzień 2026-04-09"/>
	<nd ref="11463747561"/>
	<nd ref="3674712416"/>
	<nd ref="11463747560"/>
	<nd ref="11463747559"/>
	<nd ref="3674712473"/>
	<nd ref="11463747558"/>
	<nd ref="11463747557"/>
	<nd ref="11463747561"/>
</way>
<node id="3674712416" lat="53.3633931" lon="17.0363236" version="2" timestamp="2023-12-28T21:15:13Z"  changeset="145637321" uid="4732840" user="Jerry_W2k">

</node>
<node id="3674712473" lat="53.3634928" lon="17.0363791" version="2" timestamp="2023-12-28T21:15:13Z"  changeset="145637321" uid="4732840" user="Jerry_W2k">

</node>
<node id="11463747557" lat="53.3634899" lon="17.0364767" version="1" timestamp="2023-12-28T21:15:13Z"  changeset="145637321" uid="4732840" user="Jerry_W2k">

</node>
<node id="11463747558" lat="53.3634914" lon="17.0364347" version="1" timestamp="2023-12-28T21:15:13Z"  changeset="145637321" uid="4732840" user="Jerry_W2k">

</node>
<node id="11463747559" lat="53.3635706" lon="17.0363816" version="1" timestamp="2023-12-28T21:15:13Z"  changeset="145637321" uid="4732840" user="Jerry_W2k">

</node>
<node id="11463747560" lat="53.3635702" lon="17.0363197" version="1" timestamp="2023-12-28T21:15:13Z"  changeset="145637321" uid="4732840" user="Jerry_W2k">

</node>
<node id="11463747561" lat="53.363391" lon="17.0364754" version="1" timestamp="2023-12-28T21:15:13Z"  changeset="145637321" uid="4732840" user="Jerry_W2k">

</node>
<way id="302134636" version="7" timestamp="2025-11-11T09:08:51Z" action="modify" changeset="174500038" uid="1682993" user="szedar">
	<tag k="addr:city" v="Olesno"/>
	<tag k="addr:housenumber" v="7"/>
	<tag k="addr:postcode" v="46-300"/>
	<tag k="addr:street" v="Jana Nikodema Jaronia"/>
	<tag k="building" v="yes"/>
	<tag k="email" v="oleskiemuzeum@op.pl"/>
	<tag k="historic" v="building"/>
	<tag k="image" v="http://www.olesno.pl/images/objects/61/1273054404_0.jpg"/>
	<tag k="name" v="Oleskie Muzeum Regionalne w Oleśnie"/>
	<tag k="opening_hours" v="Mo-Fr 09:00-14:00; Tu 09:00-15:00; We 09:00-17:00"/>
	<tag k="phone" v="+48 34 358 24 38"/>
	<tag k="source" v="http://sdi.opolskie.pl/mapa_bazowa/request.aspx"/>
	<tag k="tourism" v="museum"/>
	<tag k="website" v="https://www.oleskiemuzeum.pl/"/>
	<tag k="operator" v="Gmina Olesno"/>
	<tag k="operator:type" v="government"/>
	<tag k="source:tourism" v="Wykaz Muzeów, wypis na dzień 2026-04-09"/>
	<nd ref="3063783212"/>
	<nd ref="3063783208"/>
	<nd ref="3081449443"/>
	<nd ref="3081449440"/>
	<nd ref="3063783209"/>
	<nd ref="3063783210"/>
	<nd ref="3063783213"/>
	<nd ref="3063783212"/>
</way>
<node id="3063783208" lat="50.8761319" lon="18.4228023" version="3" timestamp="2017-02-04T17:59:23Z"  changeset="45811537" uid="2319082" user="jacek_zwik">

</node>
<node id="3063783209" lat="50.8761336" lon="18.4226694" version="2" timestamp="2014-09-07T21:02:07Z"  changeset="25295674" uid="91056" user="Yarl">

</node>
<node id="3063783210" lat="50.8761527" lon="18.4226705" version="2" timestamp="2014-09-07T21:02:07Z"  changeset="25295674" uid="91056" user="Yarl">

</node>
<node id="3063783212" lat="50.876236" lon="18.4228036" version="2" timestamp="2014-09-07T21:02:07Z"  changeset="25295674" uid="91056" user="Yarl">

</node>
<node id="3063783213" lat="50.8762396" lon="18.4226735" version="3" timestamp="2016-11-20T15:44:03Z"  changeset="43824597" uid="2319082" user="jacek_zwik">

</node>
<node id="3081449440" lat="50.8761324" lon="18.4227506" version="2" timestamp="2017-02-04T17:59:23Z"  changeset="45811537" uid="2319082" user="jacek_zwik">

</node>
<node id="3081449443" lat="50.8761314" lon="18.4227963" version="2" timestamp="2017-02-04T17:59:23Z"  changeset="45811537" uid="2319082" user="jacek_zwik">

</node>
<way id="262848267" version="18" timestamp="2025-03-07T22:15:45Z" action="modify" changeset="163345503" uid="10914070" user="Yog Sot">
	<tag k="addr:city" v="Poznań"/>
	<tag k="addr:housenumber" v="3"/>
	<tag k="addr:postcode" v="61-772"/>
	<tag k="addr:street" v="Stary Rynek"/>
	<tag k="building" v="civic"/>
	<tag k="building:levels" v="1"/>
	<tag k="contact:facebook" v="https://www.facebook.com/MuzeumPowstaniaWielkopolskiego"/>
	<tag k="contact:phone" v="+48 61 853 19 93"/>
	<tag k="fee" v="yes"/>
	<tag k="heritage" v="2"/>
	<tag k="heritage:operator" v="nid"/>
	<tag k="layer" v="2"/>
	<tag k="name" v="Wielkopolskie Muzeum Niepodległości"/>
	<tag k="name:en" v="Museum of the Wielkopolska Uprising of 1918-1919"/>
	<tag k="note" v="MUZEUM POWSTANIA WIELKOPOLSKIEGO 1918-1919 | Museum of the Wielkopolska Uprising of 1918-1919. Wystawa stała Muzeum jest nowoczesną i atrakcyjną dla widza formą przekazu historycznego, i muzealnego o Powstaniu Wielkopolskim. Wystawę uzupełniają multimedia"/>
	<tag k="operator" v="Minister Kultury i Dziedzictwa Narodowego"/>
	<tag k="ref:nid" v="A-8, 246"/>
	<tag k="source" v="http://www.muzeumniepodleglosci.poznan.pl/"/>
	<tag k="source:addr" v="EMUiA (emuia.geoportal.gov.pl)"/>
	<tag k="tourism" v="museum"/>
	<tag k="website" v="http://www.muzeumniepodleglosci.poznan.pl/index.php?module=htmlpages&func=display&pid=49"/>
	<tag k="wheelchair" v="limited"/>
	<tag k="wikidata" v="Q11787146"/>
	<tag k="wikipedia" v="pl:Muzeum Powstania Wielkopolskiego 1918–1919"/>
	<tag k="operator:type" v="government"/>
	<tag k="source:tourism" v="Wykaz Muzeów, wypis na dzień 2026-04-09"/>
	<nd ref="3506568702"/>
	<nd ref="3506568701"/>
	<nd ref="3506568706"/>
	<nd ref="3506568707"/>
	<nd ref="3506568709"/>
	<nd ref="3506568708"/>
	<nd ref="3506568710"/>
	<nd ref="3506568711"/>
	<nd ref="3506568712"/>
	<nd ref="3506568705"/>
	<nd ref="3506568704"/>
	<nd ref="3506566490"/>
	<nd ref="3506566491"/>
	<nd ref="3506566489"/>
	<nd ref="3506566488"/>
	<nd ref="3506566486"/>
	<nd ref="3506566485"/>
	<nd ref="3506566487"/>
	<nd ref="3506566484"/>
	<nd ref="3506566481"/>
	<nd ref="3506566480"/>
	<nd ref="3506566463"/>
	<nd ref="3506566464"/>
	<nd ref="3506566462"/>
	<nd ref="3506566465"/>
	<nd ref="3506566467"/>
	<nd ref="3506566469"/>
	<nd ref="3506566466"/>
	<nd ref="3506566468"/>
	<nd ref="3506566461"/>
	<nd ref="3506566460"/>
	<nd ref="3506566456"/>
	<nd ref="3506566457"/>
	<nd ref="3506566454"/>
	<nd ref="3506566453"/>
	<nd ref="3506566455"/>
	<nd ref="9275183202"/>
	<nd ref="3506566452"/>
	<nd ref="3506566451"/>
	<nd ref="3506566449"/>
	<nd ref="3506566450"/>
	<nd ref="3506566448"/>
	<nd ref="3506566447"/>
	<nd ref="3506566445"/>
	<nd ref="3506566446"/>
	<nd ref="3506566444"/>
	<nd ref="3506566443"/>
	<nd ref="3506566440"/>
	<nd ref="3506566442"/>
	<nd ref="3506566441"/>
	<nd ref="3506566436"/>
	<nd ref="6031878096"/>
	<nd ref="3506566434"/>
	<nd ref="3506566438"/>
	<nd ref="3506566439"/>
	<nd ref="3506568730"/>
	<nd ref="3506568734"/>
	<nd ref="3506568716"/>
	<nd ref="3506568694"/>
	<nd ref="3506568693"/>
	<nd ref="3506568696"/>
	<nd ref="3506568698"/>
	<nd ref="3506568697"/>
	<nd ref="3506568699"/>
	<nd ref="3506568700"/>
	<nd ref="3506568702"/>
</way>
<node id="3506566434" lat="52.4080276" lon="16.9331717" version="1" timestamp="2015-05-09T08:23:30Z"  changeset="30930619" uid="1202050" user="TomaszWójcik">

</node>
<node id="3506566436" lat="52.4080423" lon="16.9330362" version="1" timestamp="2015-05-09T08:23:30Z"  changeset="30930619" uid="1202050" user="TomaszWójcik">

</node>
<node id="3506566438" lat="52.4080769" lon="16.9331869" version="1" timestamp="2015-05-09T08:23:30Z"  changeset="30930619" uid="1202050" user="TomaszWójcik">

</node>
<node id="3506566439" lat="52.408083" lon="16.9331297" version="1" timestamp="2015-05-09T08:23:30Z"  changeset="30930619" uid="1202050" user="TomaszWójcik">

</node>
<node id="3506566440" lat="52.4081986" lon="16.9330778" version="1" timestamp="2015-05-09T08:23:30Z"  changeset="30930619" uid="1202050" user="TomaszWójcik">

</node>
<node id="3506566441" lat="52.4081996" lon="16.9330812" version="1" timestamp="2015-05-09T08:23:30Z"  changeset="30930619" uid="1202050" user="TomaszWójcik">

</node>
<node id="3506566442" lat="52.4081999" lon="16.9330783" version="1" timestamp="2015-05-09T08:23:30Z"  changeset="30930619" uid="1202050" user="TomaszWójcik">

</node>
<node id="3506566443" lat="52.4082002" lon="16.9330631" version="1" timestamp="2015-05-09T08:23:30Z"  changeset="30930619" uid="1202050" user="TomaszWójcik">

</node>
<node id="3506566444" lat="52.4082015" lon="16.9330636" version="1" timestamp="2015-05-09T08:23:30Z"  changeset="30930619" uid="1202050" user="TomaszWójcik">

</node>
<node id="3506566445" lat="52.4082029" lon="16.9330374" version="1" timestamp="2015-05-09T08:23:30Z"  changeset="30930619" uid="1202050" user="TomaszWójcik">

</node>
<node id="3506566446" lat="52.4082042" lon="16.9330378" version="1" timestamp="2015-05-09T08:23:30Z"  changeset="30930619" uid="1202050" user="TomaszWójcik">

</node>
<node id="3506566447" lat="52.4082048" lon="16.9330191" version="1" timestamp="2015-05-09T08:23:30Z"  changeset="30930619" uid="1202050" user="TomaszWójcik">

</node>
<node id="3506566448" lat="52.4082061" lon="16.9330191" version="1" timestamp="2015-05-09T08:23:30Z"  changeset="30930619" uid="1202050" user="TomaszWójcik">

</node>
<node id="3506566449" lat="52.4082076" lon="16.9329926" version="1" timestamp="2015-05-09T08:23:30Z"  changeset="30930619" uid="1202050" user="TomaszWójcik">

</node>
<node id="3506566450" lat="52.4082089" lon="16.9329931" version="1" timestamp="2015-05-09T08:23:30Z"  changeset="30930619" uid="1202050" user="TomaszWójcik">

</node>
<node id="3506566451" lat="52.4082093" lon="16.9329756" version="1" timestamp="2015-05-09T08:23:30Z"  changeset="30930619" uid="1202050" user="TomaszWójcik">

</node>
<node id="3506566452" lat="52.4082107" lon="16.9329761" version="1" timestamp="2015-05-09T08:23:30Z"  changeset="30930619" uid="1202050" user="TomaszWójcik">

</node>
<node id="3506566453" lat="52.4082116" lon="16.9329481" version="1" timestamp="2015-05-09T08:23:30Z"  changeset="30930619" uid="1202050" user="TomaszWójcik">

</node>
<node id="3506566454" lat="52.4082127" lon="16.9329372" version="2" timestamp="2018-11-02T12:25:30Z"  changeset="64111425" uid="1202050" user="TomaszWójcik">

</node>
<node id="3506566455" lat="52.4082129" lon="16.9329487" version="1" timestamp="2015-05-09T08:23:30Z"  changeset="30930619" uid="1202050" user="TomaszWójcik">

</node>
<node id="3506566456" lat="52.4082194" lon="16.9329414" version="1" timestamp="2015-05-09T08:23:30Z"  changeset="30930619" uid="1202050" user="TomaszWójcik">

</node>
<node id="3506566457" lat="52.4082197" lon="16.9329392" version="1" timestamp="2015-05-09T08:23:30Z"  changeset="30930619" uid="1202050" user="TomaszWójcik">

</node>
<node id="3506566460" lat="52.4082429" lon="16.9329484" version="1" timestamp="2015-05-09T08:23:30Z"  changeset="30930619" uid="1202050" user="TomaszWójcik">

</node>
<node id="3506566461" lat="52.4082432" lon="16.932946" version="1" timestamp="2015-05-09T08:23:30Z"  changeset="30930619" uid="1202050" user="TomaszWójcik">

</node>
<node id="3506566462" lat="52.4082445" lon="16.9329965" version="1" timestamp="2015-05-09T08:23:30Z"  changeset="30930619" uid="1202050" user="TomaszWójcik">

</node>
<node id="3506566463" lat="52.4082456" lon="16.9329996" version="1" timestamp="2015-05-09T08:23:30Z"  changeset="30930619" uid="1202050" user="TomaszWójcik">

</node>
<node id="3506566464" lat="52.4082459" lon="16.9329972" version="1" timestamp="2015-05-09T08:23:30Z"  changeset="30930619" uid="1202050" user="TomaszWójcik">

</node>
<node id="3506566465" lat="52.4082482" lon="16.9329637" version="1" timestamp="2015-05-09T08:23:30Z"  changeset="30930619" uid="1202050" user="TomaszWójcik">

</node>
<node id="3506566466" lat="52.4082495" lon="16.9329525" version="1" timestamp="2015-05-09T08:23:30Z"  changeset="30930619" uid="1202050" user="TomaszWójcik">

</node>
<node id="3506566467" lat="52.4082495" lon="16.9329637" version="1" timestamp="2015-05-09T08:23:30Z"  changeset="30930619" uid="1202050" user="TomaszWójcik">

</node>
<node id="3506566468" lat="52.4082499" lon="16.9329481" version="1" timestamp="2015-05-09T08:23:30Z"  changeset="30930619" uid="1202050" user="TomaszWójcik">

</node>
<node id="3506566469" lat="52.4082508" lon="16.9329531" version="1" timestamp="2015-05-09T08:23:30Z"  changeset="30930619" uid="1202050" user="TomaszWójcik">

</node>
<node id="3506566480" lat="52.4083619" lon="16.9330343" version="1" timestamp="2015-05-09T08:23:30Z"  changeset="30930619" uid="1202050" user="TomaszWójcik">

</node>
<node id="3506566481" lat="52.4083623" lon="16.9330315" version="1" timestamp="2015-05-09T08:23:31Z"  changeset="30930619" uid="1202050" user="TomaszWójcik">

</node>
<node id="3506566484" lat="52.4083637" lon="16.933032" version="1" timestamp="2015-05-09T08:23:31Z"  changeset="30930619" uid="1202050" user="TomaszWójcik">

</node>
<node id="3506566485" lat="52.4083659" lon="16.9329983" version="1" timestamp="2015-05-09T08:23:31Z"  changeset="30930619" uid="1202050" user="TomaszWójcik">

</node>
<node id="3506566486" lat="52.4083671" lon="16.9329873" version="1" timestamp="2015-05-09T08:23:31Z"  changeset="30930619" uid="1202050" user="TomaszWójcik">

</node>
<node id="3506566487" lat="52.4083673" lon="16.9329988" version="1" timestamp="2015-05-09T08:23:31Z"  changeset="30930619" uid="1202050" user="TomaszWójcik">

</node>
<node id="3506566488" lat="52.4083686" lon="16.9329878" version="1" timestamp="2015-05-09T08:23:31Z"  changeset="30930619" uid="1202050" user="TomaszWójcik">

</node>
<node id="3506566489" lat="52.4083691" lon="16.9329835" version="1" timestamp="2015-05-09T08:23:31Z"  changeset="30930619" uid="1202050" user="TomaszWójcik">

</node>
<node id="3506566490" lat="52.4083755" lon="16.9329876" version="1" timestamp="2015-05-09T08:23:31Z"  changeset="30930619" uid="1202050" user="TomaszWójcik">

</node>
<node id="3506566491" lat="52.4083757" lon="16.9329856" version="1" timestamp="2015-05-09T08:23:31Z"  changeset="30930619" uid="1202050" user="TomaszWójcik">

</node>
<node id="3506568693" lat="52.408389" lon="16.9331332" version="1" timestamp="2015-05-09T08:23:31Z"  changeset="30930619" uid="1202050" user="TomaszWójcik">

</node>
<node id="3506568694" lat="52.408389" lon="16.9331343" version="1" timestamp="2015-05-09T08:23:31Z"  changeset="30930619" uid="1202050" user="TomaszWójcik">

</node>
<node id="3506568696" lat="52.4083897" lon="16.9331335" version="1" timestamp="2015-05-09T08:23:31Z"  changeset="30930619" uid="1202050" user="TomaszWójcik">

</node>
<node id="3506568697" lat="52.40839" lon="16.9331248" version="1" timestamp="2015-05-09T08:23:31Z"  changeset="30930619" uid="1202050" user="TomaszWójcik">

</node>
<node id="3506568698" lat="52.4083908" lon="16.9331248" version="1" timestamp="2015-05-09T08:23:31Z"  changeset="30930619" uid="1202050" user="TomaszWójcik">

</node>
<node id="3506568699" lat="52.4083937" lon="16.9330935" version="1" timestamp="2015-05-09T08:23:31Z"  changeset="30930619" uid="1202050" user="TomaszWójcik">

</node>
<node id="3506568700" lat="52.4083944" lon="16.9330939" version="1" timestamp="2015-05-09T08:23:31Z"  changeset="30930619" uid="1202050" user="TomaszWójcik">

</node>
<node id="3506568701" lat="52.4083947" lon="16.9330849" version="1" timestamp="2015-05-09T08:23:31Z"  changeset="30930619" uid="1202050" user="TomaszWójcik">

</node>
<node id="3506568702" lat="52.4083954" lon="16.9330853" version="1" timestamp="2015-05-09T08:23:31Z"  changeset="30930619" uid="1202050" user="TomaszWójcik">

</node>
<node id="3506568704" lat="52.4083991" lon="16.9329946" version="1" timestamp="2015-05-09T08:23:31Z"  changeset="30930619" uid="1202050" user="TomaszWójcik">

</node>
<node id="3506568705" lat="52.4083994" lon="16.9329924" version="1" timestamp="2015-05-09T08:23:31Z"  changeset="30930619" uid="1202050" user="TomaszWójcik">

</node>
<node id="3506568706" lat="52.4083995" lon="16.9330439" version="1" timestamp="2015-05-09T08:23:31Z"  changeset="30930619" uid="1202050" user="TomaszWójcik">

</node>
<node id="3506568707" lat="52.4084002" lon="16.9330444" version="1" timestamp="2015-05-09T08:23:31Z"  changeset="30930619" uid="1202050" user="TomaszWójcik">

</node>
<node id="3506568708" lat="52.4084004" lon="16.9330354" version="1" timestamp="2015-05-09T08:23:31Z"  changeset="30930619" uid="1202050" user="TomaszWójcik">

</node>
<node id="3506568709" lat="52.4084011" lon="16.9330354" version="1" timestamp="2015-05-09T08:23:31Z"  changeset="30930619" uid="1202050" user="TomaszWójcik">

</node>
<node id="3506568710" lat="52.4084039" lon="16.9330055" version="1" timestamp="2015-05-09T08:23:31Z"  changeset="30930619" uid="1202050" user="TomaszWójcik">

</node>
<node id="3506568711" lat="52.4084047" lon="16.9330055" version="1" timestamp="2015-05-09T08:23:31Z"  changeset="30930619" uid="1202050" user="TomaszWójcik">

</node>
<node id="3506568712" lat="52.4084062" lon="16.9329944" version="2" timestamp="2018-11-02T12:25:30Z"  changeset="64111425" uid="1202050" user="TomaszWójcik">

</node>
<node id="3506568716" lat="52.4084137" lon="16.9331437" version="1" timestamp="2015-05-09T08:23:31Z"  changeset="30930619" uid="1202050" user="TomaszWójcik">

</node>
<node id="3506568730" lat="52.4084808" lon="16.9332497" version="1" timestamp="2015-05-09T08:23:31Z"  changeset="30930619" uid="1202050" user="TomaszWójcik">

</node>
<node id="3506568734" lat="52.4084902" lon="16.9331673" version="1" timestamp="2015-05-09T08:23:31Z"  changeset="30930619" uid="1202050" user="TomaszWójcik">

</node>
<node id="6031878096" lat="52.4080393" lon="16.9330641" version="1" timestamp="2018-11-02T12:25:29Z"  changeset="64111425" uid="1202050" user="TomaszWójcik">
	<tag k="historic" v="memorial"/>
	<tag k="memorial" v="plaque"/>
</node>
<node id="9275183202" lat="52.4082117" lon="16.9329631" version="1" timestamp="2021-11-22T14:47:50Z"  changeset="114101688" uid="1202050" user="TomaszWójcik">
	<tag k="historic" v="memorial"/>
	<tag k="memorial" v="plaque"/>
	<tag k="name" v="Odwach"/>
</node>
<way id="207048130" version="7" timestamp="2023-11-07T18:53:29Z" action="modify" changeset="143749644" uid="9451067" user="b-jazz-bot">
	<tag k="addr:city" v="Opole"/>
	<tag k="addr:housenumber" v="3"/>
	<tag k="addr:postcode" v="45-017"/>
	<tag k="addr:street" v="Minorytów"/>
	<tag k="building" v="office"/>
	<tag k="building:levels" v="2"/>
	<tag k="building:usage:pl" v="biurowy"/>
	<tag k="name" v="Centralne Muzeum Jeńców Wojennych"/>
	<tag k="source" v="UM Opole"/>
	<tag k="tourism" v="museum"/>
	<tag k="website" v="https://www.cmjw.pl/"/>
	<tag k="wikidata" v="Q9186030"/>
	<tag k="wikipedia" v="pl:Centralne Muzeum Jeńców Wojennych"/>
	<tag k="operator" v="Minister Kultury i Dziedzictwa Narodowego"/>
	<tag k="operator:type" v="government"/>
	<tag k="source:tourism" v="Wykaz Muzeów, wypis na dzień 2026-04-09"/>
	<nd ref="2171384434"/>
	<nd ref="2171384163"/>
	<nd ref="2171383168"/>
	<nd ref="2171385308"/>
	<nd ref="2171385894"/>
	<nd ref="2171385964"/>
	<nd ref="2171384434"/>
</way>
<node id="2171383168" lat="50.6667779" lon="17.9218758" version="1" timestamp="2013-02-24T14:07:05Z"  changeset="15148374" uid="1228094" user="Yarl (import)">

</node>
<node id="2171384163" lat="50.6668169" lon="17.9220001" version="1" timestamp="2013-02-24T14:07:14Z"  changeset="15148374" uid="1228094" user="Yarl (import)">

</node>
<node id="2171384434" lat="50.6668238" lon="17.9220221" version="1" timestamp="2013-02-24T14:07:16Z"  changeset="15148374" uid="1228094" user="Yarl (import)">

</node>
<node id="2171385308" lat="50.6669075" lon="17.9217884" version="1" timestamp="2013-02-24T14:07:24Z"  changeset="15148374" uid="1228094" user="Yarl (import)">

</node>
<node id="2171385894" lat="50.6669383" lon="17.921917" version="1" timestamp="2013-02-24T14:07:30Z"  changeset="15148374" uid="1228094" user="Yarl (import)">

</node>
<node id="2171385964" lat="50.6669453" lon="17.9219464" version="1" timestamp="2013-02-24T14:07:30Z"  changeset="15148374" uid="1228094" user="Yarl (import)">

</node>
<node id="3997820176" lat="49.8833683" lon="19.4939096" version="9" timestamp="2024-10-23T15:51:45Z" action="modify" changeset="158260588" uid="21927916" user="AnnaGórska32">
	<tag k="addr:city" v="Wadowice"/>
	<tag k="addr:housenumber" v="7"/>
	<tag k="addr:postcode" v="34-100"/>
	<tag k="addr:street" v="Kościelna"/>
	<tag k="contact:phone" v="+48 33 823 35 55"/>
	<tag k="name" v="Muzeum Dom Rodzinny Ojca Świętego Jana Pawła II w Wadowicach"/>
	<tag k="name:eo" v="Muzeo Hejmdomo de sankta Patro Johano Paŭlo la 2-a"/>
	<tag k="name:hu" v="Szent II. János Pál pápa szülőháza"/>
	<tag k="name:pl" v="Muzeum Dom Rodzinny Ojca Świętego Jana Pawła II"/>
	<tag k="opening_hours" v="May-Sep Mo-Su 09:00-17:40; Nov-Mar Mo-Su 09:00-14:40; Apr,Oct Mo-Su 09:00-16:40"/>
	<tag k="ref:ckkp" v="MA00702"/>
	<tag k="tourism" v="museum"/>
	<tag k="website" v="https://domjp2.pl/"/>
	<tag k="wikidata" v="Q5885537"/>
	<tag k="wikipedia" v="pl:Dom Rodzinny Ojca Świętego Jana Pawła II w Wadowicach"/>
	<tag k="operator" v="Minister Kultury i Dziedzictwa Narodowego"/>
	<tag k="operator:type" v="government"/>
	<tag k="source:tourism" v="Wykaz Muzeów, wypis na dzień 2026-04-09"/>
</node>
<way id="331985671" version="5" timestamp="2024-03-07T19:40:45Z" action="modify" changeset="148357429" uid="213831" user="Josef73">
	<tag k="addr:city" v="Ostrów Mazowiecka"/>
	<tag k="addr:housenumber" v="4"/>
	<tag k="addr:postcode" v="07-300"/>
	<tag k="addr:street" v="Warszawska"/>
	<tag k="air_conditioning" v="yes"/>
	<tag k="building" v="yes"/>
	<tag k="contact:facebook" v="https://www.facebook.com/muzeum.pileckich/"/>
	<tag k="museum" v="history"/>
	<tag k="name" v="Muzeum - Dom Rodziny Pileckich w Ostrowi Mazowieckiej"/>
	<tag k="opening_hours" v="We-Fr 10:00-18:00; Sa,Su 10:00-17:00"/>
	<tag k="source:addr" v="EMUiA (mostrowmazowiecka.e-mapa.net)"/>
	<tag k="toilets" v="yes"/>
	<tag k="tourism" v="museum"/>
	<tag k="website" v="https://muzeumpileckich.pl"/>
	<tag k="wheelchair" v="yes"/>
	<tag k="operator" v="Minister Kultury i Dziedzictwa Narodowego"/>
	<tag k="operator:type" v="government"/>
	<tag k="source:tourism" v="Wykaz Muzeów, wypis na dzień 2026-04-09"/>
	<nd ref="3390896073"/>
	<nd ref="10996875261"/>
	<nd ref="3390896035"/>
	<nd ref="3390896024"/>
	<nd ref="3390896003"/>
	<nd ref="3390895985"/>
	<nd ref="10996875262"/>
	<nd ref="10989714005"/>
	<nd ref="3390896016"/>
	<nd ref="3390895944"/>
	<nd ref="3390895977"/>
	<nd ref="3390896005"/>
	<nd ref="3390896015"/>
	<nd ref="3390896032"/>
	<nd ref="3390896021"/>
	<nd ref="3390896073"/>
</way>
<node id="3390895944" lat="52.7956642" lon="21.8838393" version="2" timestamp="2023-06-22T09:04:35Z"  changeset="137637998" uid="4083821" user="tmginter">

</node>
<node id="3390895977" lat="52.7957067" lon="21.8839002" version="2" timestamp="2023-06-22T09:04:35Z"  changeset="137637998" uid="4083821" user="tmginter">

</node>
<node id="3390895985" lat="52.7957987" lon="21.8836259" version="2" timestamp="2023-06-22T09:04:35Z"  changeset="137637998" uid="4083821" user="tmginter">

</node>
<node id="3390896003" lat="52.7957073" lon="21.8834951" version="2" timestamp="2023-06-22T09:04:35Z"  changeset="137637998" uid="4083821" user="tmginter">

</node>
<node id="3390896005" lat="52.7957421" lon="21.8838326" version="2" timestamp="2023-06-22T09:04:35Z"  changeset="137637998" uid="4083821" user="tmginter">

</node>
<node id="3390896015" lat="52.7957523" lon="21.8838471" version="2" timestamp="2023-06-22T09:04:35Z"  changeset="137637998" uid="4083821" user="tmginter">

</node>
<node id="3390896016" lat="52.7957549" lon="21.883666" version="2" timestamp="2023-06-22T09:04:35Z"  changeset="137637998" uid="4083821" user="tmginter">

</node>
<node id="3390896021" lat="52.7957584" lon="21.8838037" version="2" timestamp="2023-06-22T09:04:35Z"  changeset="137637998" uid="4083821" user="tmginter">

</node>
<node id="3390896024" lat="52.7957978" lon="21.8833221" version="2" timestamp="2023-06-22T09:04:35Z"  changeset="137637998" uid="4083821" user="tmginter">

</node>
<node id="3390896032" lat="52.7957679" lon="21.8838173" version="2" timestamp="2023-06-22T09:04:35Z"  changeset="137637998" uid="4083821" user="tmginter">

</node>
<node id="3390896035" lat="52.7959363" lon="21.8835203" version="2" timestamp="2023-06-22T09:04:35Z"  changeset="137637998" uid="4083821" user="tmginter">

</node>
<node id="3390896073" lat="52.7958311" lon="21.8836647" version="2" timestamp="2023-06-22T09:04:35Z"  changeset="137637998" uid="4083821" user="tmginter">

</node>
<node id="10989714005" lat="52.7957637" lon="21.8836787" version="2" timestamp="2023-06-22T09:04:35Z"  changeset="137637998" uid="4083821" user="tmginter">
	<tag k="access" v="customers"/>
	<tag k="check_date" v="2023-06-19"/>
	<tag k="defibrillator:location:pl" v="ul. Warszawska 4. Muzeum - Dom Rodziny Pileckich. W holu muzeum na ścianie przy windzie znajduje się kapsuła z defibrylatorem."/>
	<tag k="emergency" v="defibrillator"/>
	<tag k="indoor" v="yes"/>
	<tag k="level" v="0"/>
</node>
<node id="10996875261" lat="52.795848" lon="21.883689" version="1" timestamp="2023-06-22T09:04:35Z"  changeset="137637998" uid="4083821" user="tmginter">

</node>
<node id="10996875262" lat="52.7957679" lon="21.8836847" version="1" timestamp="2023-06-22T09:04:35Z"  changeset="137637998" uid="4083821" user="tmginter">

</node>
<way id="243270514" version="2" timestamp="2020-04-30T23:36:50Z" action="modify" changeset="84443553" uid="10284193" user="szydzio-imports">
	<tag k="addr:city" v="Wałbrzych"/>
	<tag k="addr:city:simc" v="0983681"/>
	<tag k="addr:housenumber" v="9"/>
	<tag k="addr:postcode" v="58-304"/>
	<tag k="addr:street" v="Szarych Szeregów"/>
	<tag k="building" v="public"/>
	<tag k="name" v="Muzeum Gross-Rosen w Rogoźnicy. Niemiecki nazistowski obóz koncentracyjny i zagłady (1940 - 1945)"/>
	<tag k="source" v="geoportal.gov.pl:ortofotomapa"/>
	<tag k="tourism" v="museum"/>
	<tag k="operator" v="Minister Kultury i Dziedzictwa Narodowego"/>
	<tag k="operator:type" v="government"/>
	<tag k="source:tourism" v="Wykaz Muzeów, wypis na dzień 2026-04-09"/>
	<nd ref="2506920721"/>
	<nd ref="2506920717"/>
	<nd ref="2506920729"/>
	<nd ref="2506920740"/>
	<nd ref="2506920707"/>
	<nd ref="2506920703"/>
	<nd ref="2506920721"/>
</way>
<node id="2506920703" lat="50.7969787" lon="16.2344596" version="1" timestamp="2013-10-24T09:20:42Z"  changeset="18516463" uid="1780729" user="krystianbuczak">

</node>
<node id="2506920707" lat="50.7970044" lon="16.2346053" version="1" timestamp="2013-10-24T09:20:42Z"  changeset="18516463" uid="1780729" user="krystianbuczak">

</node>
<node id="2506920717" lat="50.7970774" lon="16.2343289" version="1" timestamp="2013-10-24T09:20:42Z"  changeset="18516463" uid="1780729" user="krystianbuczak">

</node>
<node id="2506920721" lat="50.7970916" lon="16.2344098" version="1" timestamp="2013-10-24T09:20:42Z"  changeset="18516463" uid="1780729" user="krystianbuczak">

</node>
<node id="2506920729" lat="50.7971578" lon="16.2342934" version="1" timestamp="2013-10-24T09:20:42Z"  changeset="18516463" uid="1780729" user="krystianbuczak">

</node>
<node id="2506920740" lat="50.7971978" lon="16.2345199" version="1" timestamp="2013-10-24T09:20:42Z"  changeset="18516463" uid="1780729" user="krystianbuczak">

</node>
<way id="230535120" version="18" timestamp="2025-10-23T06:37:32Z" action="modify" changeset="173657501" uid="3917110" user="Mac76">
	<tag k="addr:city" v="Brzeg"/>
	<tag k="addr:housenumber" v="1"/>
	<tag k="addr:postcode" v="49-306"/>
	<tag k="addr:street" v="Plac Zamkowy"/>
	<tag k="building" v="yes"/>
	<tag k="building:colour" v="white"/>
	<tag k="building:levels" v="3"/>
	<tag k="check_date" v="2024-04-06"/>
	<tag k="check_date:opening_hours" v="2024-04-06"/>
	<tag k="fee" v="yes"/>
	<tag k="fee:conditional" v="no @ We 10:00-17:00"/>
	<tag k="heritage" v="2"/>
	<tag k="heritage:operator" v="nid"/>
	<tag k="historic" v="castle"/>
	<tag k="name" v="Muzeum Piastów Śląskich w Brzegu"/>
	<tag k="name:en" v="Brzeg Silesian Piasts' Castle"/>
	<tag k="name:pl" v="Zamek Piastów Śląskich"/>
	<tag k="opening_hours" v="Tu-Su 10:00-17:00; Mo off"/>
	<tag k="owner" v="Muzeum Piastów Śląskich"/>
	<tag k="phone" v="+48 77 401 91 05"/>
	<tag k="ref:ckkp" v="OP00056"/>
	<tag k="roof:colour" v="#E96B39"/>
	<tag k="roof:levels" v="1"/>
	<tag k="roof:shape" v="hipped"/>
	<tag k="source" v="http://sdi.opolskie.pl/mapa_bazowa/request.aspx;https://pl.wikipedia.org/wiki/Zamek_Piast%C3%B3w_%C5%9Al%C4%85skich_w_Brzegu"/>
	<tag k="start_date" v="1235"/>
	<tag k="toilets" v="yes"/>
	<tag k="toilets:access" v="customers"/>
	<tag k="toilets:unisex" v="yes"/>
	<tag k="toilets:wheelchair" v="no"/>
	<tag k="tourism" v="museum"/>
	<tag k="website" v="https://www.zamek.brzeg.pl/"/>
	<tag k="wikidata" v="Q9386548"/>
	<tag k="wikipedia" v="pl:Zamek Piastów Śląskich w Brzegu"/>
	<tag k="operator" v="Minister Kultury i Dziedzictwa Narodowego"/>
	<tag k="operator:type" v="government"/>
	<tag k="source:tourism" v="Wykaz Muzeów, wypis na dzień 2026-04-09"/>
	<nd ref="3975223474"/>
	<nd ref="3975223475"/>
	<nd ref="3975223471"/>
	<nd ref="3975223473"/>
	<nd ref="3975223476"/>
	<nd ref="3975223477"/>
	<nd ref="3975223478"/>
	<nd ref="3975223483"/>
	<nd ref="3975223481"/>
	<nd ref="3975223482"/>
	<nd ref="3975223479"/>
	<nd ref="3975223480"/>
	<nd ref="3975223484"/>
	<nd ref="3975223486"/>
	<nd ref="3975223490"/>
	<nd ref="7245440345"/>
	<nd ref="3975223500"/>
	<nd ref="3975223494"/>
	<nd ref="3975223499"/>
	<nd ref="3975223493"/>
	<nd ref="3975223497"/>
	<nd ref="3975223502"/>
	<nd ref="3975223503"/>
	<nd ref="3975223506"/>
	<nd ref="3975223507"/>
	<nd ref="3975223558"/>
	<nd ref="3975223663"/>
	<nd ref="3975223898"/>
	<nd ref="3975223861"/>
	<nd ref="3975223850"/>
	<nd ref="3975223838"/>
	<nd ref="3975223818"/>
	<nd ref="3975223831"/>
	<nd ref="3975223715"/>
	<nd ref="3975223708"/>
	<nd ref="3975223704"/>
	<nd ref="3975223695"/>
	<nd ref="3975223678"/>
	<nd ref="3975223621"/>
	<nd ref="3975223643"/>
	<nd ref="2474527457"/>
	<nd ref="3975223610"/>
	<nd ref="3975223592"/>
	<nd ref="3975223572"/>
	<nd ref="3975223722"/>
	<nd ref="3975223726"/>
	<nd ref="3975223746"/>
	<nd ref="3975223756"/>
	<nd ref="3975223734"/>
	<nd ref="3975223719"/>
	<nd ref="3975223702"/>
	<nd ref="12041047650"/>
	<nd ref="3975223599"/>
	<nd ref="3975223604"/>
	<nd ref="3975223586"/>
	<nd ref="3975223565"/>
	<nd ref="12041047654"/>
	<nd ref="3975223511"/>
	<nd ref="3975223549"/>
	<nd ref="3975223521"/>
	<nd ref="3975223474"/>
</way>
<node id="2474527457" lat="50.8637212" lon="17.4665187" version="2" timestamp="2024-07-08T05:58:14Z"  changeset="153687092" uid="8671948" user="Volodymyr D-k">

</node>
<node id="3975223471" lat="50.8635003" lon="17.4665768" version="1" timestamp="2016-01-29T05:35:42Z"  changeset="36872650" uid="2445224" user="rowers2">

</node>
<node id="3975223473" lat="50.8635023" lon="17.466586" version="1" timestamp="2016-01-29T05:35:42Z"  changeset="36872650" uid="2445224" user="rowers2">

</node>
<node id="3975223474" lat="50.8635032" lon="17.4665711" version="2" timestamp="2021-02-05T22:34:46Z"  changeset="98794471" uid="693154" user="Władysław Komorek">

</node>
<node id="3975223475" lat="50.8635034" lon="17.4665749" version="1" timestamp="2016-01-29T05:35:43Z"  changeset="36872650" uid="2445224" user="rowers2">

</node>
<node id="3975223476" lat="50.8635052" lon="17.4665847" version="1" timestamp="2016-01-29T05:35:43Z"  changeset="36872650" uid="2445224" user="rowers2">

</node>
<node id="3975223477" lat="50.8635059" lon="17.4665893" version="1" timestamp="2016-01-29T05:35:43Z"  changeset="36872650" uid="2445224" user="rowers2">

</node>
<node id="3975223478" lat="50.8635081" lon="17.4665883" version="1" timestamp="2016-01-29T05:35:43Z"  changeset="36872650" uid="2445224" user="rowers2">

</node>
<node id="3975223479" lat="50.8635083" lon="17.4666195" version="1" timestamp="2016-01-29T05:35:43Z"  changeset="36872650" uid="2445224" user="rowers2">

</node>
<node id="3975223480" lat="50.8635102" lon="17.466629" version="1" timestamp="2016-01-29T05:35:43Z"  changeset="36872650" uid="2445224" user="rowers2">

</node>
<node id="3975223481" lat="50.8635106" lon="17.4666133" version="1" timestamp="2016-01-29T05:35:43Z"  changeset="36872650" uid="2445224" user="rowers2">

</node>
<node id="3975223482" lat="50.8635113" lon="17.466618" version="1" timestamp="2016-01-29T05:35:43Z"  changeset="36872650" uid="2445224" user="rowers2">

</node>
<node id="3975223483" lat="50.8635127" lon="17.4666124" version="1" timestamp="2016-01-29T05:35:43Z"  changeset="36872650" uid="2445224" user="rowers2">

</node>
<node id="3975223484" lat="50.8635132" lon="17.4666276" version="1" timestamp="2016-01-29T05:35:43Z"  changeset="36872650" uid="2445224" user="rowers2">

</node>
<node id="3975223486" lat="50.8635141" lon="17.4666322" version="1" timestamp="2016-01-29T05:35:43Z"  changeset="36872650" uid="2445224" user="rowers2">

</node>
<node id="3975223490" lat="50.863516" lon="17.4666313" version="1" timestamp="2016-01-29T05:35:43Z"  changeset="36872650" uid="2445224" user="rowers2">

</node>
<node id="3975223493" lat="50.8635274" lon="17.4666918" version="1" timestamp="2016-01-29T05:35:43Z"  changeset="36872650" uid="2445224" user="rowers2">

</node>
<node id="3975223494" lat="50.863529" lon="17.4666857" version="1" timestamp="2016-01-29T05:35:43Z"  changeset="36872650" uid="2445224" user="rowers2">

</node>
<node id="3975223497" lat="50.8635301" lon="17.4667006" version="1" timestamp="2016-01-29T05:35:43Z"  changeset="36872650" uid="2445224" user="rowers2">

</node>
<node id="3975223499" lat="50.8635302" lon="17.4666897" version="1" timestamp="2016-01-29T05:35:43Z"  changeset="36872650" uid="2445224" user="rowers2">

</node>
<node id="3975223500" lat="50.863531" lon="17.4666841" version="1" timestamp="2016-01-29T05:35:43Z"  changeset="36872650" uid="2445224" user="rowers2">

</node>
<node id="3975223502" lat="50.8635327" lon="17.4666985" version="1" timestamp="2016-01-29T05:35:43Z"  changeset="36872650" uid="2445224" user="rowers2">

</node>
<node id="3975223503" lat="50.8635341" lon="17.4667026" version="1" timestamp="2016-01-29T05:35:43Z"  changeset="36872650" uid="2445224" user="rowers2">

</node>
<node id="3975223506" lat="50.8635358" lon="17.4667014" version="1" timestamp="2016-01-29T05:35:43Z"  changeset="36872650" uid="2445224" user="rowers2">

</node>
<node id="3975223507" lat="50.8635395" lon="17.4667143" version="1" timestamp="2016-01-29T05:35:43Z"  changeset="36872650" uid="2445224" user="rowers2">

</node>
<node id="3975223511" lat="50.8635485" lon="17.4662367" version="1" timestamp="2016-01-29T05:35:43Z"  changeset="36872650" uid="2445224" user="rowers2">

</node>
<node id="3975223521" lat="50.8635621" lon="17.4664429" version="1" timestamp="2016-01-29T05:35:43Z"  changeset="36872650" uid="2445224" user="rowers2">

</node>
<node id="3975223549" lat="50.8636061" lon="17.4663969" version="1" timestamp="2016-01-29T05:35:44Z"  changeset="36872650" uid="2445224" user="rowers2">

</node>
<node id="3975223558" lat="50.8636114" lon="17.4666669" version="1" timestamp="2016-01-29T05:35:44Z"  changeset="36872650" uid="2445224" user="rowers2">

</node>
<node id="3975223565" lat="50.8636197" lon="17.4661726" version="1" timestamp="2016-01-29T05:35:44Z"  changeset="36872650" uid="2445224" user="rowers2">

</node>
<node id="3975223572" lat="50.8636284" lon="17.4663198" version="1" timestamp="2016-01-29T05:35:44Z"  changeset="36872650" uid="2445224" user="rowers2">

</node>
<node id="3975223586" lat="50.8636618" lon="17.4661316" version="1" timestamp="2016-01-29T05:35:44Z"  changeset="36872650" uid="2445224" user="rowers2">

</node>
<node id="3975223592" lat="50.8636692" lon="17.4664587" version="1" timestamp="2016-01-29T05:35:45Z"  changeset="36872650" uid="2445224" user="rowers2">

</node>
<node id="3975223599" lat="50.8636778" lon="17.4660786" version="1" timestamp="2016-01-29T05:35:45Z"  changeset="36872650" uid="2445224" user="rowers2">

</node>
<node id="3975223604" lat="50.8636889" lon="17.4661085" version="1" timestamp="2016-01-29T05:35:45Z"  changeset="36872650" uid="2445224" user="rowers2">

</node>
<node id="3975223610" lat="50.8636951" lon="17.4664328" version="1" timestamp="2016-01-29T05:35:45Z"  changeset="36872650" uid="2445224" user="rowers2">

</node>
<node id="3975223621" lat="50.8637061" lon="17.466584" version="1" timestamp="2016-01-29T05:35:45Z"  changeset="36872650" uid="2445224" user="rowers2">

</node>
<node id="3975223643" lat="50.8637345" lon="17.4665626" version="1" timestamp="2016-01-29T05:35:45Z"  changeset="36872650" uid="2445224" user="rowers2">

</node>
<node id="3975223663" lat="50.8637698" lon="17.4672457" version="1" timestamp="2016-01-29T05:35:46Z"  changeset="36872650" uid="2445224" user="rowers2">

</node>
<node id="3975223678" lat="50.8637949" lon="17.4668984" version="1" timestamp="2016-01-29T05:35:46Z"  changeset="36872650" uid="2445224" user="rowers2">

</node>
<node id="3975223695" lat="50.8638225" lon="17.4668698" version="1" timestamp="2016-01-29T05:35:46Z"  changeset="36872650" uid="2445224" user="rowers2">

</node>
<node id="3975223702" lat="50.8638314" lon="17.4659363" version="1" timestamp="2016-01-29T05:35:46Z"  changeset="36872650" uid="2445224" user="rowers2">

</node>
<node id="3975223704" lat="50.8638344" lon="17.4669001" version="1" timestamp="2016-01-29T05:35:46Z"  changeset="36872650" uid="2445224" user="rowers2">

</node>
<node id="3975223708" lat="50.8638377" lon="17.4668974" version="1" timestamp="2016-01-29T05:35:46Z"  changeset="36872650" uid="2445224" user="rowers2">

</node>
<node id="3975223715" lat="50.8638535" lon="17.4669391" version="1" timestamp="2016-01-29T05:35:47Z"  changeset="36872650" uid="2445224" user="rowers2">

</node>
<node id="3975223719" lat="50.8638628" lon="17.4660197" version="1" timestamp="2016-01-29T05:35:47Z"  changeset="36872650" uid="2445224" user="rowers2">

</node>
<node id="3975223722" lat="50.8638752" lon="17.4660969" version="1" timestamp="2016-01-29T05:35:47Z"  changeset="36872650" uid="2445224" user="rowers2">

</node>
<node id="3975223726" lat="50.8638884" lon="17.4661347" version="1" timestamp="2016-01-29T05:35:47Z"  changeset="36872650" uid="2445224" user="rowers2">

</node>
<node id="3975223734" lat="50.8639102" lon="17.4659765" version="1" timestamp="2016-01-29T05:35:47Z"  changeset="36872650" uid="2445224" user="rowers2">

</node>
<node id="3975223746" lat="50.8639384" lon="17.4660889" version="1" timestamp="2016-01-29T05:35:48Z"  changeset="36872650" uid="2445224" user="rowers2">

</node>
<node id="3975223756" lat="50.8639491" lon="17.466077" version="1" timestamp="2016-01-29T05:35:48Z"  changeset="36872650" uid="2445224" user="rowers2">

</node>
<node id="3975223818" lat="50.8640697" lon="17.4666213" version="1" timestamp="2016-01-29T05:35:49Z"  changeset="36872650" uid="2445224" user="rowers2">

</node>
<node id="3975223831" lat="50.8640978" lon="17.4666879" version="1" timestamp="2016-01-29T05:35:49Z"  changeset="36872650" uid="2445224" user="rowers2">

</node>
<node id="3975223838" lat="50.8641193" lon="17.4665697" version="1" timestamp="2016-01-29T05:35:49Z"  changeset="36872650" uid="2445224" user="rowers2">

</node>
<node id="3975223850" lat="50.8641487" lon="17.4666359" version="1" timestamp="2016-01-29T05:35:49Z"  changeset="36872650" uid="2445224" user="rowers2">

</node>
<node id="3975223861" lat="50.8641676" lon="17.4666123" version="1" timestamp="2016-01-29T05:35:50Z"  changeset="36872650" uid="2445224" user="rowers2">

</node>
<node id="3975223898" lat="50.8642328" lon="17.4667711" version="1" timestamp="2016-01-29T05:35:50Z"  changeset="36872650" uid="2445224" user="rowers2">

</node>
<node id="7245440345" lat="50.8635234" lon="17.4666574" version="1" timestamp="2020-02-26T16:03:27Z"  changeset="81511574" uid="340741" user="CRCulver">

</node>
<node id="12041047650" lat="50.8636819" lon="17.4660748" version="1" timestamp="2024-07-08T05:58:14Z"  changeset="153687092" uid="8671948" user="Volodymyr D-k">

</node>
<node id="12041047654" lat="50.863551" lon="17.4662344" version="1" timestamp="2024-07-08T05:58:14Z"  changeset="153687092" uid="8671948" user="Volodymyr D-k">

</node>
<node id="841774137" lat="53.1323898" lon="23.1587714" version="13" timestamp="2025-11-18T15:08:04Z" action="modify" changeset="174820230" uid="1682993" user="szedar">
	<tag k="addr:city" v="Białystok"/>
	<tag k="addr:housename" v="Ratusz"/>
	<tag k="addr:housenumber" v="10"/>
	<tag k="addr:street" v="Rynek Kościuszki"/>
	<tag k="contact:email" v="muzeum@muzeum.bialystok.pl"/>
	<tag k="contact:facebook" v="https://www.facebook.com/MuzeumPodlaskie"/>
	<tag k="contact:instagram" v="https://www.instagram.com/muzeumpodlaskie/"/>
	<tag k="contact:twitter" v="https://twitter.com/muzeumpodlaskie"/>
	<tag k="contact:website" v="http://www.muzeum.bialystok.pl/"/>
	<tag k="contact:youtube" v="https://www.youtube.com/user/PodlaskieMuzeum"/>
	<tag k="email" v="muzeum@muzeum.bialystok.pl"/>
	<tag k="fax" v="+48 85 740 77 39"/>
	<tag k="fee" v="yes"/>
	<tag k="image" v="File:Bialystok_-_ratusz_miejski_fc05.jpg"/>
	<tag k="mobile" v="+48 509 336 930"/>
	<tag k="name" v="Muzeum Podlaskie w Białymstoku"/>
	<tag k="name:be" v="Падляшскі музей у Беластоку - Ратуша"/>
	<tag k="name:be-tarask" v="Падляшскі музэй у Беластоку - Ратуша"/>
	<tag k="opening_hours" v="Tu-Th 10:00-17:00; Fr 10:00-18:00; Sa-Su 10:00-17:00"/>
	<tag k="phone" v="+48 85 740 77 31"/>
	<tag k="source:addr" v="EMUiA (emuia.gugik.gov.pl)"/>
	<tag k="tourism" v="museum"/>
	<tag k="website" v="http://www.muzeum.bialystok.pl/"/>
	<tag k="wheelchair" v="yes"/>
	<tag k="wikidata" v="Q11787133"/>
	<tag k="wikipedia" v="pl:Muzeum Podlaskie w Białymstoku"/>
	<tag k="addr:postcode" v="15-426"/>
	<tag k="operator" v="Minister Kultury i Dziedzictwa Narodowego"/>
	<tag k="operator:type" v="government"/>
	<tag k="source:tourism" v="Wykaz Muzeów, wypis na dzień 2026-04-09"/>
</node>
<way id="104292250" version="13" timestamp="2026-04-10T13:13:32Z" action="modify" changeset="181147216" uid="2972499" user="Николай Кейдо">
	<tag k="addr:city" v="Łódź"/>
	<tag k="addr:housenumber" v="36"/>
	<tag k="addr:postcode" v="90-734"/>
	<tag k="addr:street" v="Pułkownika Doktora Stanisława Więckowskiego"/>
	<tag k="building" v="yes"/>
	<tag k="building:levels" v="4"/>
	<tag k="name" v="Muzeum Sztuki w Łodzi"/>
	<tag k="ref:ckkp" v="LD00823"/>
	<tag k="source:addr" v="EMUiA (emuia.geoportal.gov.pl)"/>
	<tag k="tourism" v="museum"/>
	<tag k="website" v="https://msl.org.pl/"/>
	<tag k="wikidata" v="Q1141934"/>
	<tag k="wikipedia" v="pl:Muzeum Sztuki w Łodzi"/>
	<tag k="operator" v="Minister Kultury i Dziedzictwa Narodowego"/>
	<tag k="operator:type" v="government"/>
	<tag k="source:tourism" v="Wykaz Muzeów, wypis na dzień 2026-04-09"/>
	<nd ref="1243643118"/>
	<nd ref="1947709235"/>
	<nd ref="1243643038"/>
	<nd ref="1243643071"/>
	<nd ref="1243642938"/>
	<nd ref="1243642914"/>
	<nd ref="1947709220"/>
	<nd ref="1947732667"/>
	<nd ref="1243643047"/>
	<nd ref="1947735345"/>
	<nd ref="1947735347"/>
	<nd ref="1947735349"/>
	<nd ref="1947735344"/>
	<nd ref="1947735348"/>
	<nd ref="1947735350"/>
	<nd ref="1947735353"/>
	<nd ref="1947735351"/>
	<nd ref="1947735352"/>
	<nd ref="1947735355"/>
	<nd ref="1947735359"/>
	<nd ref="1947735357"/>
	<nd ref="1947735361"/>
	<nd ref="1947735362"/>
	<nd ref="1947735366"/>
	<nd ref="1947735364"/>
	<nd ref="1947732672"/>
	<nd ref="1947732666"/>
	<nd ref="1947732668"/>
	<nd ref="1947732670"/>
	<nd ref="1947732677"/>
	<nd ref="1947732665"/>
	<nd ref="1947732649"/>
	<nd ref="1947732641"/>
	<nd ref="1947732633"/>
	<nd ref="1947732639"/>
	<nd ref="1947732626"/>
	<nd ref="1947732624"/>
	<nd ref="1947732621"/>
	<nd ref="1947732622"/>
	<nd ref="1947732628"/>
	<nd ref="1947732637"/>
	<nd ref="1947732632"/>
	<nd ref="1947732635"/>
	<nd ref="1947732646"/>
	<nd ref="1947732651"/>
	<nd ref="1947732671"/>
	<nd ref="1947732669"/>
	<nd ref="1947732674"/>
	<nd ref="1947732683"/>
	<nd ref="1947732681"/>
	<nd ref="1947732697"/>
	<nd ref="1947709222"/>
	<nd ref="1947709221"/>
	<nd ref="1243643070"/>
	<nd ref="1870393548"/>
	<nd ref="1243642888"/>
	<nd ref="1203357613"/>
	<nd ref="1947709223"/>
	<nd ref="1947709224"/>
	<nd ref="1870393550"/>
	<nd ref="1870393551"/>
	<nd ref="1947709237"/>
	<nd ref="1870393552"/>
	<nd ref="1870393553"/>
	<nd ref="1870393554"/>
	<nd ref="1870393555"/>
	<nd ref="1870393556"/>
	<nd ref="1870393557"/>
	<nd ref="1203357585"/>
	<nd ref="1870393564"/>
	<nd ref="1870393560"/>
	<nd ref="1870393559"/>
	<nd ref="1870393561"/>
	<nd ref="1870393562"/>
	<nd ref="1870393566"/>
	<nd ref="1870393567"/>
	<nd ref="1870393565"/>
	<nd ref="1870393563"/>
	<nd ref="1243642893"/>
	<nd ref="1203357509"/>
	<nd ref="1203357481"/>
	<nd ref="1947709300"/>
	<nd ref="1203357655"/>
	<nd ref="1243642949"/>
	<nd ref="1243643118"/>
</way>
<node id="1203357481" lat="51.7719219" lon="19.4484154" version="4" timestamp="2012-10-05T16:10:21Z"  changeset="13374977" uid="607553" user="Duke83">

</node>
<node id="1203357509" lat="51.7717405" lon="19.4484496" version="4" timestamp="2016-06-30T17:56:45Z"  changeset="40398675" uid="537860" user="awulkiew">

</node>
<node id="1203357585" lat="51.7717214" lon="19.4479841" version="5" timestamp="2012-10-05T16:10:21Z"  changeset="13374977" uid="607553" user="Duke83">

</node>
<node id="1203357613" lat="51.7715906" lon="19.4480275" version="5" timestamp="2012-10-05T16:10:21Z"  changeset="13374977" uid="607553" user="Duke83">

</node>
<node id="1203357655" lat="51.7718664" lon="19.44785" version="4" timestamp="2012-10-05T16:10:21Z"  changeset="13374977" uid="607553" user="Duke83">

</node>
<node id="1243642888" lat="51.771586" lon="19.4479678" version="4" timestamp="2012-10-05T16:10:22Z"  changeset="13374977" uid="607553" user="Duke83">

</node>
<node id="1243642893" lat="51.7717254" lon="19.4482419" version="3" timestamp="2012-08-17T17:51:44Z"  changeset="12765164" uid="607553" user="Duke83">

</node>
<node id="1243642914" lat="51.771491" lon="19.447273" version="6" timestamp="2012-10-05T16:25:01Z"  changeset="13375115" uid="607553" user="Duke83">

</node>
<node id="1243642938" lat="51.7715135" lon="19.4473722" version="3" timestamp="2012-10-05T16:10:22Z"  changeset="13374977" uid="607553" user="Duke83">

</node>
<node id="1243642949" lat="51.7717318" lon="19.4478824" version="3" timestamp="2012-10-05T16:10:22Z"  changeset="13374977" uid="607553" user="Duke83">

</node>
<node id="1243643038" lat="51.7715661" lon="19.4475961" version="3" timestamp="2012-08-17T17:51:44Z"  changeset="12765164" uid="607553" user="Duke83">

</node>
<node id="1243643047" lat="51.7714261" lon="19.4473055" version="5" timestamp="2012-10-05T16:25:01Z"  changeset="13375115" uid="607553" user="Duke83">

</node>
<node id="1243643070" lat="51.7715692" lon="19.4479599" version="4" timestamp="2012-10-05T16:10:22Z"  changeset="13374977" uid="607553" user="Duke83">

</node>
<node id="1243643071" lat="51.7715434" lon="19.4475012" version="4" timestamp="2012-10-05T16:10:22Z"  changeset="13374977" uid="607553" user="Duke83">

</node>
<node id="1243643118" lat="51.7716393" lon="19.4479044" version="4" timestamp="2012-10-05T16:10:22Z"  changeset="13374977" uid="607553" user="Duke83">

</node>
<node id="1870393548" lat="51.7715744" lon="19.4479703" version="1" timestamp="2012-08-17T17:51:37Z"  changeset="12765164" uid="607553" user="Duke83">

</node>
<node id="1870393550" lat="51.7715988" lon="19.4480419" version="2" timestamp="2012-10-05T16:10:23Z"  changeset="13374977" uid="607553" user="Duke83">

</node>
<node id="1870393551" lat="51.7716209" lon="19.4480345" version="2" timestamp="2012-10-05T16:10:23Z"  changeset="13374977" uid="607553" user="Duke83">

</node>
<node id="1870393552" lat="51.7716279" lon="19.4480176" version="2" timestamp="2012-10-05T16:10:24Z"  changeset="13374977" uid="607553" user="Duke83">

</node>
<node id="1870393553" lat="51.7716254" lon="19.4480031" version="2" timestamp="2012-10-05T16:10:24Z"  changeset="13374977" uid="607553" user="Duke83">

</node>
<node id="1870393554" lat="51.771675" lon="19.447989" version="1" timestamp="2012-08-17T17:51:37Z"  changeset="12765164" uid="607553" user="Duke83">

</node>
<node id="1870393555" lat="51.7716771" lon="19.4479761" version="1" timestamp="2012-08-17T17:51:38Z"  changeset="12765164" uid="607553" user="Duke83">

</node>
<node id="1870393556" lat="51.7716886" lon="19.4479704" version="1" timestamp="2012-08-17T17:51:38Z"  changeset="12765164" uid="607553" user="Duke83">

</node>
<node id="1870393557" lat="51.7717013" lon="19.447968" version="2" timestamp="2012-10-05T16:10:24Z"  changeset="13374977" uid="607553" user="Duke83">

</node>
<node id="1870393559" lat="51.7717156" lon="19.4480892" version="2" timestamp="2012-10-05T16:10:24Z"  changeset="13374977" uid="607553" user="Duke83">

</node>
<node id="1870393560" lat="51.7717204" lon="19.4480786" version="2" timestamp="2012-10-05T16:10:24Z"  changeset="13374977" uid="607553" user="Duke83">

</node>
<node id="1870393561" lat="51.7717181" lon="19.4481329" version="1" timestamp="2012-08-17T17:51:38Z"  changeset="12765164" uid="607553" user="Duke83">

</node>
<node id="1870393562" lat="51.771725" lon="19.448147" version="2" timestamp="2012-10-05T16:10:24Z"  changeset="13374977" uid="607553" user="Duke83">

</node>
<node id="1870393563" lat="51.7717253" lon="19.4482196" version="1" timestamp="2012-08-17T17:51:38Z"  changeset="12765164" uid="607553" user="Duke83">

</node>
<node id="1870393564" lat="51.7717308" lon="19.4480779" version="2" timestamp="2012-10-05T16:10:24Z"  changeset="13374977" uid="607553" user="Duke83">

</node>
<node id="1870393565" lat="51.7717303" lon="19.4482079" version="1" timestamp="2012-08-17T17:51:38Z"  changeset="12765164" uid="607553" user="Duke83">

</node>
<node id="1870393566" lat="51.771768" lon="19.4481386" version="1" timestamp="2012-08-17T17:51:38Z"  changeset="12765164" uid="607553" user="Duke83">

</node>
<node id="1870393567" lat="51.7717715" lon="19.4482018" version="1" timestamp="2012-08-17T17:51:38Z"  changeset="12765164" uid="607553" user="Duke83">

</node>
<node id="1947709220" lat="51.7714904" lon="19.4472703" version="3" timestamp="2012-10-05T16:25:02Z"  changeset="13375115" uid="607553" user="Duke83">

</node>
<node id="1947709221" lat="51.771495" lon="19.4476426" version="2" timestamp="2012-10-05T16:23:03Z"  changeset="13375100" uid="607553" user="Duke83">

</node>
<node id="1947709222" lat="51.7714987" lon="19.4476401" version="2" timestamp="2012-10-05T16:23:03Z"  changeset="13375100" uid="607553" user="Duke83">

</node>
<node id="1947709223" lat="51.7715939" lon="19.4480285" version="1" timestamp="2012-10-05T16:10:16Z"  changeset="13374977" uid="607553" user="Duke83">

</node>
<node id="1947709224" lat="51.7715992" lon="19.4480369" version="1" timestamp="2012-10-05T16:10:16Z"  changeset="13374977" uid="607553" user="Duke83">

</node>
<node id="1947709235" lat="51.771617" lon="19.4478117" version="1" timestamp="2012-10-05T16:10:16Z"  changeset="13374977" uid="607553" user="Duke83">

</node>
<node id="1947709237" lat="51.7716202" lon="19.4480299" version="1" timestamp="2012-10-05T16:10:16Z"  changeset="13374977" uid="607553" user="Duke83">

</node>
<node id="1947709300" lat="51.7718678" lon="19.4478499" version="1" timestamp="2012-10-05T16:10:17Z"  changeset="13374977" uid="607553" user="Duke83">

</node>
<node id="1947732621" lat="51.7714463" lon="19.4475848" version="1" timestamp="2012-10-05T16:23:00Z"  changeset="13375100" uid="607553" user="Duke83">

</node>
<node id="1947732622" lat="51.7714484" lon="19.4475937" version="1" timestamp="2012-10-05T16:23:00Z"  changeset="13375100" uid="607553" user="Duke83">

</node>
<node id="1947732624" lat="51.7714488" lon="19.4475768" version="1" timestamp="2012-10-05T16:23:00Z"  changeset="13375100" uid="607553" user="Duke83">

</node>
<node id="1947732626" lat="51.7714509" lon="19.4475797" version="1" timestamp="2012-10-05T16:23:00Z"  changeset="13375100" uid="607553" user="Duke83">

</node>
<node id="1947732628" lat="51.7714509" lon="19.4475918" version="1" timestamp="2012-10-05T16:23:00Z"  changeset="13375100" uid="607553" user="Duke83">

</node>
<node id="1947732632" lat="51.7714532" lon="19.4476132" version="1" timestamp="2012-10-05T16:23:00Z"  changeset="13375100" uid="607553" user="Duke83">

</node>
<node id="1947732633" lat="51.7714537" lon="19.4475586" version="1" timestamp="2012-10-05T16:23:00Z"  changeset="13375100" uid="607553" user="Duke83">

</node>
<node id="1947732635" lat="51.7714551" lon="19.447621" version="1" timestamp="2012-10-05T16:23:00Z"  changeset="13375100" uid="607553" user="Duke83">

</node>
<node id="1947732637" lat="51.7714556" lon="19.4476113" version="1" timestamp="2012-10-05T16:23:00Z"  changeset="13375100" uid="607553" user="Duke83">

</node>
<node id="1947732639" lat="51.7714563" lon="19.4475608" version="1" timestamp="2012-10-05T16:23:00Z"  changeset="13375100" uid="607553" user="Duke83">

</node>
<node id="1947732641" lat="51.7714564" lon="19.4475506" version="1" timestamp="2012-10-05T16:23:00Z"  changeset="13375100" uid="607553" user="Duke83">

</node>
<node id="1947732646" lat="51.7714596" lon="19.4476248" version="1" timestamp="2012-10-05T16:23:00Z"  changeset="13375100" uid="607553" user="Duke83">

</node>
<node id="1947732649" lat="51.7714608" lon="19.4475494" version="1" timestamp="2012-10-05T16:23:00Z"  changeset="13375100" uid="607553" user="Duke83">

</node>
<node id="1947732651" lat="51.7714611" lon="19.4476211" version="1" timestamp="2012-10-05T16:23:00Z"  changeset="13375100" uid="607553" user="Duke83">

</node>
<node id="1947732665" lat="51.771462" lon="19.4475541" version="1" timestamp="2012-10-05T16:23:00Z"  changeset="13375100" uid="607553" user="Duke83">

</node>
<node id="1947732666" lat="51.7714656" lon="19.4475161" version="1" timestamp="2012-10-05T16:23:01Z"  changeset="13375100" uid="607553" user="Duke83">

</node>
<node id="1947732667" lat="51.7714661" lon="19.4472837" version="2" timestamp="2012-10-05T16:25:02Z"  changeset="13375115" uid="607553" user="Duke83">

</node>
<node id="1947732668" lat="51.7714679" lon="19.4475247" version="1" timestamp="2012-10-05T16:23:01Z"  changeset="13375100" uid="607553" user="Duke83">

</node>
<node id="1947732669" lat="51.7714714" lon="19.4476332" version="1" timestamp="2012-10-05T16:23:01Z"  changeset="13375100" uid="607553" user="Duke83">

</node>
<node id="1947732670" lat="51.7714716" lon="19.4475227" version="1" timestamp="2012-10-05T16:23:01Z"  changeset="13375100" uid="607553" user="Duke83">

</node>
<node id="1947732671" lat="51.7714731" lon="19.4476285" version="1" timestamp="2012-10-05T16:23:01Z"  changeset="13375100" uid="607553" user="Duke83">

</node>
<node id="1947732672" lat="51.7714745" lon="19.447511" version="1" timestamp="2012-10-05T16:23:01Z"  changeset="13375100" uid="607553" user="Duke83">

</node>
<node id="1947732674" lat="51.7714762" lon="19.4476357" version="1" timestamp="2012-10-05T16:23:01Z"  changeset="13375100" uid="607553" user="Duke83">

</node>
<node id="1947732677" lat="51.7714765" lon="19.4475452" version="1" timestamp="2012-10-05T16:23:01Z"  changeset="13375100" uid="607553" user="Duke83">

</node>
<node id="1947732681" lat="51.7714786" lon="19.447629" version="1" timestamp="2012-10-05T16:23:01Z"  changeset="13375100" uid="607553" user="Duke83">

</node>
<node id="1947732683" lat="51.7714799" lon="19.4476331" version="1" timestamp="2012-10-05T16:23:01Z"  changeset="13375100" uid="607553" user="Duke83">

</node>
<node id="1947732697" lat="51.7714936" lon="19.4476196" version="1" timestamp="2012-10-05T16:23:01Z"  changeset="13375100" uid="607553" user="Duke83">

</node>
<node id="1947735344" lat="51.7714282" lon="19.4473215" version="1" timestamp="2012-10-05T16:25:00Z"  changeset="13375115" uid="607553" user="Duke83">

</node>
<node id="1947735345" lat="51.7714283" lon="19.4473148" version="1" timestamp="2012-10-05T16:25:00Z"  changeset="13375115" uid="607553" user="Duke83">

</node>
<node id="1947735347" lat="51.7714293" lon="19.4473154" version="1" timestamp="2012-10-05T16:25:01Z"  changeset="13375115" uid="607553" user="Duke83">

</node>
<node id="1947735348" lat="51.7714299" lon="19.4473281" version="1" timestamp="2012-10-05T16:25:01Z"  changeset="13375115" uid="607553" user="Duke83">

</node>
<node id="1947735349" lat="51.7714303" lon="19.4473202" version="1" timestamp="2012-10-05T16:25:01Z"  changeset="13375115" uid="607553" user="Duke83">

</node>
<node id="1947735350" lat="51.7714319" lon="19.4473268" version="1" timestamp="2012-10-05T16:25:01Z"  changeset="13375115" uid="607553" user="Duke83">

</node>
<node id="1947735351" lat="51.7714343" lon="19.4473468" version="1" timestamp="2012-10-05T16:25:01Z"  changeset="13375115" uid="607553" user="Duke83">

</node>
<node id="1947735352" lat="51.771436" lon="19.4473536" version="1" timestamp="2012-10-05T16:25:01Z"  changeset="13375115" uid="607553" user="Duke83">

</node>
<node id="1947735353" lat="51.7714365" lon="19.4473455" version="1" timestamp="2012-10-05T16:25:01Z"  changeset="13375115" uid="607553" user="Duke83">

</node>
<node id="1947735355" lat="51.771438" lon="19.4473526" version="1" timestamp="2012-10-05T16:25:01Z"  changeset="13375115" uid="607553" user="Duke83">

</node>
<node id="1947735357" lat="51.7714387" lon="19.4473582" version="1" timestamp="2012-10-05T16:25:01Z"  changeset="13375115" uid="607553" user="Duke83">

</node>
<node id="1947735359" lat="51.7714392" lon="19.4473578" version="1" timestamp="2012-10-05T16:25:01Z"  changeset="13375115" uid="607553" user="Duke83">

</node>
<node id="1947735361" lat="51.7714407" lon="19.4473672" version="1" timestamp="2012-10-05T16:25:01Z"  changeset="13375115" uid="607553" user="Duke83">

</node>
<node id="1947735362" lat="51.7714451" lon="19.4473646" version="1" timestamp="2012-10-05T16:25:01Z"  changeset="13375115" uid="607553" user="Duke83">

</node>
<node id="1947735364" lat="51.7714619" lon="19.4474591" version="1" timestamp="2012-10-05T16:25:01Z"  changeset="13375115" uid="607553" user="Duke83">

</node>
<node id="1947735366" lat="51.7714666" lon="19.447457" version="1" timestamp="2012-10-05T16:25:01Z"  changeset="13375115" uid="607553" user="Duke83">

</node>
<way id="263930273" version="17" timestamp="2024-10-21T16:54:15Z" action="modify" changeset="158179358" uid="21927922" user="Agnieszka Górska1860">
	<tag k="addr:city" v="Zakopane"/>
	<tag k="addr:housenumber" v="10"/>
	<tag k="addr:postcode" v="34-500"/>
	<tag k="addr:street" v="Krupówki"/>
	<tag k="building" v="public"/>
	<tag k="building:levels" v="3"/>
	<tag k="fee" v="yes"/>
	<tag k="fee:conditional" v="no @ Th"/>
	<tag k="heritage" v="2"/>
	<tag k="heritage:operator" v="nid"/>
	<tag k="historic" v="yes"/>
	<tag k="image" v="https://commons.wikimedia.org/wiki/File:Muzeum_Tatrza%C5%84skie%E2%80%9D,_Zakopane,_A-1130_M_05.jpg"/>
	<tag k="name" v="Muzeum Tatrzańskie im. dra Tytusa Chałubińskiego w Zakopanem"/>
	<tag k="name:uk" v="Музей Татр"/>
	<tag k="opening_hours" v="We-Su 10:00-18:00"/>
	<tag k="operator" v="Minister Kultury i Dziedzictwa Narodowego"/>
	<tag k="operator:type" v="government"/>
	<tag k="ref:ckkp" v="MA00757"/>
	<tag k="ref:nid" v="A-693"/>
	<tag k="source" v="emuia.gugik.gov.pl"/>
	<tag k="tourism" v="museum"/>
	<tag k="website" v="https://muzeumtatrzanskie.pl/filie/gmach-glowny-muzeum-tatrzanskiego/"/>
	<tag k="wheelchair" v="no"/>
	<tag k="wikidata" v="Q6619380"/>
	<tag k="wikipedia" v="pl:Muzeum Tatrzańskie im. dra Tytusa Chałubińskiego w Zakopanem"/>
	<tag k="source:tourism" v="Wykaz Muzeów, wypis na dzień 2026-04-09"/>
	<nd ref="2696139137"/>
	<nd ref="12276971308"/>
	<nd ref="12276971306"/>
	<nd ref="12276971305"/>
	<nd ref="12276971307"/>
	<nd ref="12276971304"/>
	<nd ref="12276971302"/>
	<nd ref="12276971301"/>
	<nd ref="12276971303"/>
	<nd ref="12276891900"/>
	<nd ref="12276891898"/>
	<nd ref="12276891897"/>
	<nd ref="12276891899"/>
	<nd ref="12276891896"/>
	<nd ref="12276891894"/>
	<nd ref="12276891893"/>
	<nd ref="12276891895"/>
	<nd ref="3273716135"/>
	<nd ref="3273716134"/>
	<nd ref="12276971311"/>
	<nd ref="12276971310"/>
	<nd ref="12276971309"/>
	<nd ref="12276971312"/>
	<nd ref="2696139138"/>
	<nd ref="2696139139"/>
	<nd ref="2696139140"/>
	<nd ref="7202799968"/>
	<nd ref="2696139141"/>
	<nd ref="2696139142"/>
	<nd ref="2696139143"/>
	<nd ref="3273716143"/>
	<nd ref="3273716140"/>
	<nd ref="2696139144"/>
	<nd ref="2696139137"/>
</way>
<node id="2696139137" lat="49.2948975" lon="19.9498413" version="6" timestamp="2024-10-21T16:54:15Z"  changeset="158179358" uid="21927922" user="Agnieszka Górska1860">

</node>
<node id="2696139138" lat="49.2950473" lon="19.9501474" version="6" timestamp="2024-10-21T16:54:15Z"  changeset="158179358" uid="21927922" user="Agnieszka Górska1860">

</node>
<node id="2696139139" lat="49.2950783" lon="19.9501094" version="6" timestamp="2024-10-21T16:54:15Z"  changeset="158179358" uid="21927922" user="Agnieszka Górska1860">

</node>
<node id="2696139140" lat="49.295093" lon="19.9501374" version="6" timestamp="2024-10-21T16:54:15Z"  changeset="158179358" uid="21927922" user="Agnieszka Górska1860">

</node>
<node id="2696139141" lat="49.2951465" lon="19.9500718" version="6" timestamp="2024-10-21T16:54:15Z"  changeset="158179358" uid="21927922" user="Agnieszka Górska1860">

</node>
<node id="2696139142" lat="49.2951313" lon="19.9500428" version="6" timestamp="2024-10-21T16:54:15Z"  changeset="158179358" uid="21927922" user="Agnieszka Górska1860">

</node>
<node id="2696139143" lat="49.2951635" lon="19.9500033" version="6" timestamp="2024-10-21T16:54:15Z"  changeset="158179358" uid="21927922" user="Agnieszka Górska1860">

</node>
<node id="2696139144" lat="49.2950024" lon="19.9497126" version="6" timestamp="2024-10-21T16:54:15Z"  changeset="158179358" uid="21927922" user="Agnieszka Górska1860">

</node>
<node id="3273716134" lat="49.2950045" lon="19.9500653" version="2" timestamp="2024-10-21T16:54:15Z"  changeset="158179358" uid="21927922" user="Agnieszka Górska1860">

</node>
<node id="3273716135" lat="49.2950105" lon="19.9500579" version="2" timestamp="2024-10-21T16:54:15Z"  changeset="158179358" uid="21927922" user="Agnieszka Górska1860">

</node>
<node id="3273716140" lat="49.2951168" lon="19.9499319" version="2" timestamp="2024-10-21T16:54:15Z"  changeset="158179358" uid="21927922" user="Agnieszka Górska1860">

</node>
<node id="3273716143" lat="49.2951226" lon="19.9499248" version="2" timestamp="2024-10-21T16:54:15Z"  changeset="158179358" uid="21927922" user="Agnieszka Górska1860">

</node>
<node id="7202799968" lat="49.2951236" lon="19.9501" version="1" timestamp="2020-02-11T07:56:30Z"  changeset="80835603" uid="7354698" user="mickul">
	<tag k="entrance" v="main"/>
</node>
<node id="12276891893" lat="49.2950114" lon="19.9500426" version="1" timestamp="2024-10-21T16:54:15Z"  changeset="158179358" uid="21927922" user="Agnieszka Górska1860">

</node>
<node id="12276891894" lat="49.2949996" lon="19.95002" version="1" timestamp="2024-10-21T16:54:15Z"  changeset="158179358" uid="21927922" user="Agnieszka Górska1860">

</node>
<node id="12276891895" lat="49.295006" lon="19.9500492" version="1" timestamp="2024-10-21T16:54:15Z"  changeset="158179358" uid="21927922" user="Agnieszka Górska1860">

</node>
<node id="12276891896" lat="49.2949942" lon="19.9500266" version="1" timestamp="2024-10-21T16:54:15Z"  changeset="158179358" uid="21927922" user="Agnieszka Górska1860">

</node>
<node id="12276891897" lat="49.2949809" lon="19.9499852" version="1" timestamp="2024-10-21T16:54:15Z"  changeset="158179358" uid="21927922" user="Agnieszka Górska1860">

</node>
<node id="12276891898" lat="49.2949721" lon="19.9499684" version="1" timestamp="2024-10-21T16:54:15Z"  changeset="158179358" uid="21927922" user="Agnieszka Górska1860">

</node>
<node id="12276891899" lat="49.2949758" lon="19.9499914" version="1" timestamp="2024-10-21T16:54:15Z"  changeset="158179358" uid="21927922" user="Agnieszka Górska1860">

</node>
<node id="12276891900" lat="49.2949671" lon="19.9499746" version="1" timestamp="2024-10-21T16:54:15Z"  changeset="158179358" uid="21927922" user="Agnieszka Górska1860">

</node>
<node id="12276971301" lat="49.2949603" lon="19.9499458" version="1" timestamp="2024-10-21T16:54:15Z"  changeset="158179358" uid="21927922" user="Agnieszka Górska1860">

</node>
<node id="12276971302" lat="49.2949514" lon="19.9499288" version="1" timestamp="2024-10-21T16:54:15Z"  changeset="158179358" uid="21927922" user="Agnieszka Górska1860">

</node>
<node id="12276971303" lat="49.2949553" lon="19.949952" version="1" timestamp="2024-10-21T16:54:15Z"  changeset="158179358" uid="21927922" user="Agnieszka Górska1860">

</node>
<node id="12276971304" lat="49.2949464" lon="19.949935" version="1" timestamp="2024-10-21T16:54:15Z"  changeset="158179358" uid="21927922" user="Agnieszka Górska1860">

</node>
<node id="12276971305" lat="49.2949337" lon="19.9498941" version="1" timestamp="2024-10-21T16:54:15Z"  changeset="158179358" uid="21927922" user="Agnieszka Górska1860">

</node>
<node id="12276971306" lat="49.2949206" lon="19.9498689" version="1" timestamp="2024-10-21T16:54:15Z"  changeset="158179358" uid="21927922" user="Agnieszka Górska1860">

</node>
<node id="12276971307" lat="49.2949284" lon="19.9499005" version="1" timestamp="2024-10-21T16:54:15Z"  changeset="158179358" uid="21927922" user="Agnieszka Górska1860">

</node>
<node id="12276971308" lat="49.2949153" lon="19.9498754" version="1" timestamp="2024-10-21T16:54:15Z"  changeset="158179358" uid="21927922" user="Agnieszka Górska1860">

</node>
<node id="12276971309" lat="49.2950352" lon="19.9501096" version="1" timestamp="2024-10-21T16:54:15Z"  changeset="158179358" uid="21927922" user="Agnieszka Górska1860">

</node>
<node id="12276971310" lat="49.2950255" lon="19.9500909" version="1" timestamp="2024-10-21T16:54:15Z"  changeset="158179358" uid="21927922" user="Agnieszka Górska1860">

</node>
<node id="12276971311" lat="49.2950208" lon="19.9500966" version="1" timestamp="2024-10-21T16:54:15Z"  changeset="158179358" uid="21927922" user="Agnieszka Górska1860">

</node>
<node id="12276971312" lat="49.2950306" lon="19.9501153" version="1" timestamp="2024-10-21T16:54:15Z"  changeset="158179358" uid="21927922" user="Agnieszka Górska1860">

</node>
<way id="354859750" version="15" timestamp="2025-10-25T05:07:56Z" action="modify" changeset="173741726" uid="8671948" user="Volodymyr D-k">
	<tag k="addr:city" v="Dęblin"/>
	<tag k="addr:housenumber" v="12"/>
	<tag k="addr:postcode" v="08-530"/>
	<tag k="addr:street" v="Lotników Polskich"/>
	<tag k="building" v="yes"/>
	<tag k="fee" v="yes"/>
	<tag k="museum" v="aerospace"/>
	<tag k="name" v="Muzeum Sił Powietrznych w Dęblinie"/>
	<tag k="name:en" v="Air Forces Museum"/>
	<tag k="name:hr" v="Muzej Zračnih Snaga"/>
	<tag k="opening_hours" v="Sep-Mar Tu-Su 09:00-16:00; Apr-Aug Tu-Th 09:00-17:00; Sa-Su 10:00-18:00"/>
	<tag k="operator" v="Minister Obrony Narodowej"/>
	<tag k="operator:type" v="government"/>
	<tag k="phone" v="+48261519462"/>
	<tag k="toilets" v="yes"/>
	<tag k="tourism" v="museum"/>
	<tag k="website" v="https://www.muzeumsp.pl/"/>
	<tag k="wikidata" v="Q11787205"/>
	<tag k="wikipedia" v="pl:Muzeum Sił Powietrznych w Dęblinie"/>
	<tag k="source:tourism" v="Wykaz Muzeów, wypis na dzień 2026-04-09"/>
	<nd ref="3605119241"/>
	<nd ref="13255309190"/>
	<nd ref="3605119253"/>
	<nd ref="3605119243"/>
	<nd ref="3605119244"/>
	<nd ref="9943387723"/>
	<nd ref="9943387722"/>
	<nd ref="9943387724"/>
	<nd ref="9943387720"/>
	<nd ref="9943387725"/>
	<nd ref="9943387721"/>
	<nd ref="3605119245"/>
	<nd ref="3605119246"/>
	<nd ref="3605119247"/>
	<nd ref="3605119248"/>
	<nd ref="3605119240"/>
	<nd ref="12828270630"/>
	<nd ref="12828270632"/>
	<nd ref="3605119241"/>
</way>
<node id="3605119241" lat="51.5593779" lon="21.863052" version="2" timestamp="2018-05-14T16:15:48Z"  changeset="58957833" uid="790921" user="Laxentis">

</node>
<node id="3605119243" lat="51.5596169" lon="21.8637591" version="2" timestamp="2018-05-14T16:15:48Z"  changeset="58957833" uid="790921" user="Laxentis">

</node>
<node id="3605119244" lat="51.5596254" lon="21.8637846" version="3" timestamp="2022-08-09T19:45:30Z"  changeset="124700972" uid="1788692" user="Krzychna">

</node>
<node id="3605119245" lat="51.5595445" lon="21.8639932" version="3" timestamp="2022-08-09T19:45:30Z"  changeset="124700972" uid="1788692" user="Krzychna">

</node>
<node id="3605119246" lat="51.559296" lon="21.8642079" version="3" timestamp="2022-08-09T19:45:30Z"  changeset="124700972" uid="1788692" user="Krzychna">

</node>
<node id="3605119247" lat="51.5592478" lon="21.8640665" version="2" timestamp="2018-05-14T16:15:48Z"  changeset="58957833" uid="790921" user="Laxentis">

</node>
<node id="3605119248" lat="51.559499" lon="21.863848" version="2" timestamp="2018-05-14T16:15:48Z"  changeset="58957833" uid="790921" user="Laxentis">

</node>
<node id="9943387720" lat="51.559615" lon="21.8639117" version="1" timestamp="2022-08-09T19:45:30Z"  changeset="124700972" uid="1788692" user="Krzychna">

</node>
<node id="9943387721" lat="51.5595845" lon="21.8639534" version="1" timestamp="2022-08-09T19:45:30Z"  changeset="124700972" uid="1788692" user="Krzychna">

</node>
<node id="9943387722" lat="51.5596312" lon="21.8638484" version="1" timestamp="2022-08-09T19:45:30Z"  changeset="124700972" uid="1788692" user="Krzychna">

</node>
<node id="9943387723" lat="51.5596308" lon="21.8638152" version="1" timestamp="2022-08-09T19:45:30Z"  changeset="124700972" uid="1788692" user="Krzychna">

</node>
<node id="9943387724" lat="51.559625" lon="21.8638851" version="1" timestamp="2022-08-09T19:45:30Z"  changeset="124700972" uid="1788692" user="Krzychna">

</node>
<node id="9943387725" lat="51.559602" lon="21.8639329" version="1" timestamp="2022-08-09T19:45:30Z"  changeset="124700972" uid="1788692" user="Krzychna">

</node>
<node id="12828270630" lat="51.5593156" lon="21.8631062" version="1" timestamp="2025-05-11T12:04:59Z"  changeset="166105476" uid="8671948" user="Volodymyr D-k">
	<tag k="entrance" v="main"/>
</node>
<node id="12828270632" lat="51.5593687" lon="21.86306" version="1" timestamp="2025-05-11T12:04:59Z"  changeset="166105476" uid="8671948" user="Volodymyr D-k">
	<tag k="historic" v="memorial"/>
	<tag k="inscription" v="W latach 1961-1964 w Oficerskiej Szkole Lotniczej studiował pierwszy polski lotnik-kosmonauta mjr. dypl. pil. Mirosław Hermaszewski Tablica ta upamiętnia pierwszy lot kosmiczny polsko-radzieckiej załogi, który odbył się w dniach 27 czerwca-5 lipca 1978 r."/>
	<tag k="memorial" v="plaque"/>
	<tag k="name" v="Mirosław Hermaszewski"/>
</node>
<node id="13255309190" lat="51.5594217" lon="21.8631813" version="1" timestamp="2025-10-25T05:07:56Z"  changeset="173741726" uid="8671948" user="Volodymyr D-k">
	<tag k="historic" v="memorial"/>
	<tag k="memorial" v="plaque"/>
	<tag k="name" v="Stulecie Szkoły Orląt"/>
	<tag k="start_date" v="2025"/>
	<tag k="subject:wikidata" v="Q2015914"/>
	<tag k="subject:wikipedia" v="pl:Lotnicza Akademia Wojskowa"/>
	<tag k="wikimedia_commons" v="File:Tablica upamiętniająca stuletni jubileusz Szkoły Orląt w Dęblinie.jpg"/>
</node>
<way id="143872002" version="25" timestamp="2025-11-03T08:54:50Z" action="modify" changeset="174136721" uid="10504312" user="Jobigutenburg">
	<tag k="addr:city" v="Sztutowo"/>
	<tag k="addr:housenumber" v="6"/>
	<tag k="addr:postcode" v="82-110"/>
	<tag k="addr:street" v="Muzealna"/>
	<tag k="barrier" v="fence"/>
	<tag k="contact:facebook" v="https://www.facebook.com/Stutthof/"/>
	<tag k="email" v="sekretariat@stutthof.org"/>
	<tag k="fee" v="no"/>
	<tag k="historic" v="yes"/>
	<tag k="mobile" v="+48 798 418 024"/>
	<tag k="museum" v="history"/>
	<tag k="name" v="Muzeum Stutthof w Sztutowie. Niemiecki nazistowski obóz koncentracyjny i zagłady (1939-1945)"/>
	<tag k="name:da" v="Stutthof"/>
	<tag k="name:de" v="Museum Stutthof"/>
	<tag k="name:en" v="Stutthof Museum"/>
	<tag k="opening_hours" v="Jul-Aug: 09:00-17:00; 08:00-15:00"/>
	<tag k="source:addr" v="sztutowo.e-mapa.net"/>
	<tag k="start_date" v="1962-03-12"/>
	<tag k="toilets" v="yes"/>
	<tag k="tourism" v="museum"/>
	<tag k="website" v="https://stutthof.org/"/>
	<tag k="wikidata" v="Q326193"/>
	<tag k="wikipedia" v="en:Stutthof concentration camp"/>
	<tag k="operator" v="Minister Kultury i Dziedzictwa Narodowego"/>
	<tag k="operator:type" v="government"/>
	<tag k="source:tourism" v="Wykaz Muzeów, wypis na dzień 2026-04-09"/>
	<nd ref="1956073304"/>
	<nd ref="1874173701"/>
	<nd ref="1874173702"/>
	<nd ref="10866740349"/>
	<nd ref="10866740350"/>
	<nd ref="1874173742"/>
	<nd ref="1574374851"/>
	<nd ref="1574375563"/>
	<nd ref="10052157600"/>
	<nd ref="1574375938"/>
	<nd ref="1574375902"/>
	<nd ref="1574376114"/>
	<nd ref="1574376098"/>
	<nd ref="1574375861"/>
	<nd ref="1574375849"/>
	<nd ref="5628921034"/>
	<nd ref="1574375776"/>
	<nd ref="1574375853"/>
	<nd ref="1574375837"/>
	<nd ref="1874196742"/>
	<nd ref="1874196741"/>
	<nd ref="4316685205"/>
	<nd ref="1574375061"/>
	<nd ref="4316685204"/>
	<nd ref="13048888616"/>
	<nd ref="4316685201"/>
	<nd ref="1874263975"/>
	<nd ref="1956073304"/>
</way>
<node id="1574374851" lat="54.3283762" lon="19.1617681" version="5" timestamp="2022-09-25T19:58:29Z"  changeset="126628301" uid="23168" user="adas">

</node>
<node id="1574375061" lat="54.3289014" lon="19.1544256" version="5" timestamp="2024-01-28T23:39:51Z"  changeset="146798556" uid="11437083" user="czebureks">

</node>
<node id="1574375563" lat="54.3295779" lon="19.1613837" version="4" timestamp="2022-09-25T19:58:29Z"  changeset="126628301" uid="23168" user="adas">

</node>
<node id="1574375776" lat="54.3309125" lon="19.1537059" version="1" timestamp="2012-01-02T17:50:43Z"  changeset="10273473" uid="91056" user="Yarl">

</node>
<node id="1574375837" lat="54.3312483" lon="19.1512826" version="2" timestamp="2012-08-20T10:32:41Z"  changeset="12794121" uid="681407" user="Berrt">

</node>
<node id="1574375849" lat="54.3312576" lon="19.1571276" version="1" timestamp="2012-01-02T17:50:46Z"  changeset="10273473" uid="91056" user="Yarl">

</node>
<node id="1574375853" lat="54.3313241" lon="19.1535944" version="1" timestamp="2012-01-02T17:50:46Z"  changeset="10273473" uid="91056" user="Yarl">

</node>
<node id="1574375861" lat="54.3313716" lon="19.1582534" version="2" timestamp="2021-08-26T17:39:27Z"  changeset="110300902" uid="3418763" user="Bąbel">

</node>
<node id="1574375902" lat="54.3316851" lon="19.1595014" version="1" timestamp="2012-01-02T17:50:47Z"  changeset="10273473" uid="91056" user="Yarl">

</node>
<node id="1574375938" lat="54.3317946" lon="19.1606653" version="2" timestamp="2021-08-26T19:36:45Z"  changeset="110305162" uid="3418763" user="Bąbel">

</node>
<node id="1574376098" lat="54.3323433" lon="19.1579963" version="2" timestamp="2014-08-23T18:47:22Z"  changeset="24962461" uid="536107" user="RoboD">

</node>
<node id="1574376114" lat="54.332465" lon="19.1592537" version="1" timestamp="2012-01-02T17:50:52Z"  changeset="10273473" uid="91056" user="Yarl">

</node>
<node id="1874173701" lat="54.326964" lon="19.1541052" version="3" timestamp="2016-07-23T07:39:37Z"  changeset="40966084" uid="3418763" user="Bąbel">

</node>
<node id="1874173702" lat="54.326756" lon="19.1568736" version="3" timestamp="2016-07-23T07:39:37Z"  changeset="40966084" uid="3418763" user="Bąbel">

</node>
<node id="1874173742" lat="54.3279085" lon="19.1576648" version="3" timestamp="2023-05-04T06:46:54Z"  changeset="135686282" uid="256949" user="basilisk">

</node>
<node id="1874196741" lat="54.330508" lon="19.1539733" version="2" timestamp="2016-07-23T07:29:53Z"  changeset="40965917" uid="3418763" user="Bąbel">

</node>
<node id="1874196742" lat="54.3304999" lon="19.1512038" version="3" timestamp="2016-07-23T07:29:53Z"  changeset="40965917" uid="3418763" user="Bąbel">

</node>
<node id="1874263975" lat="54.3272893" lon="19.1532163" version="2" timestamp="2016-07-23T07:29:53Z"  changeset="40965917" uid="3418763" user="Bąbel">

</node>
<node id="1956073304" lat="54.3271276" lon="19.1531437" version="2" timestamp="2016-07-23T07:29:53Z"  changeset="40965917" uid="3418763" user="Bąbel">

</node>
<node id="4316685201" lat="54.3281128" lon="19.153774" version="1" timestamp="2016-07-23T07:29:51Z"  changeset="40965917" uid="3418763" user="Bąbel">
	<tag k="entrance" v="yes"/>
</node>
<node id="4316685204" lat="54.328885" lon="19.1542821" version="1" timestamp="2016-07-23T07:29:51Z"  changeset="40965917" uid="3418763" user="Bąbel">

</node>
<node id="4316685205" lat="54.3289582" lon="19.1544105" version="3" timestamp="2024-01-28T23:39:51Z"  changeset="146798556" uid="11437083" user="czebureks">
	<tag k="barrier" v="gate"/>
	<tag k="entrance" v="exit"/>
</node>
<node id="5628921034" lat="54.3309305" lon="19.1538847" version="1" timestamp="2018-05-19T16:10:51Z"  changeset="59105978" uid="2065166" user="suff">

</node>
<node id="10052157600" lat="54.3301431" lon="19.1611887" version="1" timestamp="2022-09-25T19:58:29Z"  changeset="126628301" uid="23168" user="adas">

</node>
<node id="10866740349" lat="54.3276743" lon="19.1575871" version="1" timestamp="2023-05-04T06:46:54Z"  changeset="135686282" uid="256949" user="basilisk">

</node>
<node id="10866740350" lat="54.3278848" lon="19.1576569" version="1" timestamp="2023-05-04T06:46:54Z"  changeset="135686282" uid="256949" user="basilisk">
	<tag k="barrier" v="gate"/>
</node>
<node id="13048888616" lat="54.3281869" lon="19.1538228" version="1" timestamp="2025-08-04T19:40:57Z"  changeset="169973867" uid="198183" user="Loshu">
	<tag k="entrance" v="entrance"/>
</node>
<node id="457391498" lat="51.2253195" lon="22.6062576" version="5" timestamp="2022-05-26T21:17:43Z" action="modify" changeset="121546166" uid="9451067" user="b-jazz-bot">
	<tag k="addr:city" v="Lublin"/>
	<tag k="addr:housenumber" v="67"/>
	<tag k="addr:postcode" v="20-325"/>
	<tag k="addr:street" v="Droga Męczenników Majdanka"/>
	<tag k="fee" v="no"/>
	<tag k="name" v="Państwowe Muzeum na Majdanku. Niemiecki nazistowski obóz koncentracyjny i zagłady (1941-1944)"/>
	<tag k="name:en" v="Majdanek State Museum"/>
	<tag k="phone" v="+48817102833"/>
	<tag k="tourism" v="museum"/>
	<tag k="website" v="https://www.majdanek.eu/"/>
	<tag k="wikidata" v="Q13060293"/>
	<tag k="wikipedia" v="en:Majdanek State Museum"/>
	<tag k="operator" v="Minister Kultury i Dziedzictwa Narodowego"/>
	<tag k="operator:type" v="government"/>
	<tag k="source:tourism" v="Wykaz Muzeów, wypis na dzień 2026-04-09"/>
</node>
<node id="562752395" lat="49.6922473" lon="21.7611328" version="7" timestamp="2023-11-02T22:00:37Z" action="modify" changeset="143550667" uid="9451067" user="b-jazz-bot">
	<tag k="addr:city" v="Krosno"/>
	<tag k="addr:housenumber" v="62"/>
	<tag k="addr:street" v="Ignacego Łukasiewicza"/>
	<tag k="image" v="http://www.krosno.pl/gfx/krosnoum/pl/defaultopisy/203/1/1/1229883011.jpg"/>
	<tag k="name" v="Muzeum Misyjne Sióstr Klawerianek w Krośnie"/>
	<tag k="official_name" v="Muzeum Misyjne Sióstr Misjonarek św. Piotra Klawera w Krośnie"/>
	<tag k="opening_hours" v="Mo-Sa 09:00-17:00"/>
	<tag k="phone" v="+48134321676"/>
	<tag k="source" v="http://ump.waw.pl/ retrieved 01:32:52 09/02/09 (UMP-Przemysl/src/POI-Przemysl.pnt-converted.txt)"/>
	<tag k="tourism" v="museum"/>
	<tag k="website" v="https://www.krosno.pl/pl/dla-turystow/muzea/muzeum-misyjne/"/>
	<tag k="wikidata" v="Q17619120"/>
	<tag k="wikipedia" v="pl:Muzeum Misyjne w Krośnie"/>
	<tag k="addr:postcode" v="38-400"/>
	<tag k="operator" v="Zgromadzenie Sióstr Misjonarek Św. Piotra Klawera w Krośnie"/>
	<tag k="operator:type" v="religious"/>
	<tag k="source:tourism" v="Wykaz Muzeów, wypis na dzień 2026-04-09"/>
</node>
<way id="312333124" version="4" timestamp="2024-05-31T12:37:24Z" action="modify" changeset="152079312" uid="11306447" user="starsep">
	<tag k="addr:city" v="Starogard Gdański"/>
	<tag k="addr:housenumber" v="2"/>
	<tag k="addr:postcode" v="83-200"/>
	<tag k="addr:street" v="Boczna"/>
	<tag k="building" v="yes"/>
	<tag k="check_date" v="2024-05-31"/>
	<tag k="fee" v="yes"/>
	<tag k="name" v="Kociewskie Muzeum Motoryzacji i Przemysłu w Starogardzie Gdańskim"/>
	<tag k="source:addr" v="SIP Staarogardu Gdańskiego, stg.procad.pl"/>
	<tag k="source:geometry" v="webewid.powiatstarogard.pl"/>
	<tag k="tourism" v="museum"/>
	<tag k="operator" v="Zbigniew Pielecki, Michał Pielecki, Paweł Pielecki"/>
	<tag k="operator:type" v="private"/>
	<tag k="source:tourism" v="Wykaz Muzeów, wypis na dzień 2026-04-09"/>
	<nd ref="1152702425"/>
	<nd ref="3181814825"/>
	<nd ref="3181814821"/>
	<nd ref="3181814817"/>
	<nd ref="3181814830"/>
	<nd ref="3181814831"/>
	<nd ref="1152702425"/>
</way>
<node id="1152702425" lat="53.9685144" lon="18.530866" version="5" timestamp="2023-08-02T14:32:56Z"  changeset="139350983" uid="13948004" user="bartgron">

</node>
<node id="3181814817" lat="53.9684293" lon="18.5311826" version="1" timestamp="2014-11-11T22:38:35Z"  changeset="26724278" uid="604437" user="RicoElectrico">

</node>
<node id="3181814821" lat="53.9684416" lon="18.5310216" version="1" timestamp="2014-11-11T22:38:35Z"  changeset="26724278" uid="604437" user="RicoElectrico">

</node>
<node id="3181814825" lat="53.9684667" lon="18.5308407" version="1" timestamp="2014-11-11T22:38:35Z"  changeset="26724278" uid="604437" user="RicoElectrico">

</node>
<node id="3181814830" lat="53.9684806" lon="18.5311886" version="1" timestamp="2014-11-11T22:38:35Z"  changeset="26724278" uid="604437" user="RicoElectrico">

</node>
<node id="3181814831" lat="53.968493" lon="18.5310444" version="1" timestamp="2014-11-11T22:38:35Z"  changeset="26724278" uid="604437" user="RicoElectrico">

</node>
<way id="360867327" version="3" timestamp="2022-09-11T12:38:16Z" action="modify" changeset="126047641" uid="55292" user="Marek_P">
	<tag k="addr:city" v="Nowa Dęba"/>
	<tag k="addr:housenumber" v="1C"/>
	<tag k="addr:postcode" v="39-460"/>
	<tag k="addr:street" v="Wojska Polskiego"/>
	<tag k="building" v="yes"/>
	<tag k="name" v="Muzeum Bombek Choinkowych w Nowej Dębie"/>
	<tag k="source:addr" v="EMUiA (emuia.geoportal.gov.pl)"/>
	<tag k="tourism" v="museum"/>
	<tag k="operator" v="Janusz Biliński"/>
	<tag k="operator:type" v="private"/>
	<tag k="source:tourism" v="Wykaz Muzeów, wypis na dzień 2026-04-09"/>
	<nd ref="3654194628"/>
	<nd ref="10015687940"/>
	<nd ref="3654194438"/>
	<nd ref="10015687939"/>
	<nd ref="3654194417"/>
	<nd ref="3654194436"/>
	<nd ref="3654194430"/>
	<nd ref="3654194558"/>
	<nd ref="3654194564"/>
	<nd ref="3654194599"/>
	<nd ref="3654194628"/>
</way>
<node id="3654194417" lat="50.4299632" lon="21.7524949" version="1" timestamp="2015-07-16T12:59:57Z"  changeset="32673321" uid="1980824" user="wmyrda">

</node>
<node id="3654194430" lat="50.4299877" lon="21.7526409" version="1" timestamp="2015-07-16T12:59:57Z"  changeset="32673321" uid="1980824" user="wmyrda">

</node>
<node id="3654194436" lat="50.4299994" lon="21.752504" version="1" timestamp="2015-07-16T12:59:57Z"  changeset="32673321" uid="1980824" user="wmyrda">

</node>
<node id="3654194438" lat="50.4300018" lon="21.7521447" version="1" timestamp="2015-07-16T12:59:57Z"  changeset="32673321" uid="1980824" user="wmyrda">

</node>
<node id="3654194558" lat="50.4302317" lon="21.7527055" version="1" timestamp="2015-07-16T13:00:00Z"  changeset="32673321" uid="1980824" user="wmyrda">

</node>
<node id="3654194564" lat="50.4302391" lon="21.7526373" version="1" timestamp="2015-07-16T13:00:00Z"  changeset="32673321" uid="1980824" user="wmyrda">

</node>
<node id="3654194599" lat="50.4302829" lon="21.7526507" version="1" timestamp="2015-07-16T13:00:01Z"  changeset="32673321" uid="1980824" user="wmyrda">

</node>
<node id="3654194628" lat="50.430329" lon="21.7522369" version="1" timestamp="2015-07-16T13:00:02Z"  changeset="32673321" uid="1980824" user="wmyrda">

</node>
<node id="10015687939" lat="50.4299901" lon="21.7522512" version="1" timestamp="2022-09-11T12:38:16Z"  changeset="126047641" uid="55292" user="Marek_P">

</node>
<node id="10015687940" lat="50.4302129" lon="21.7522042" version="1" timestamp="2022-09-11T12:38:16Z"  changeset="126047641" uid="55292" user="Marek_P">

</node>
<way id="1408451732" version="2" timestamp="2025-06-23T22:10:02Z" action="modify" changeset="168023494" uid="16478494" user="wojtdid">
	<tag k="addr:city" v="Lipce Reymontowskie"/>
	<tag k="addr:housenumber" v="22"/>
	<tag k="addr:postcode" v="96-127"/>
	<tag k="addr:street" v="Władysława Reymonta"/>
	<tag k="name" v="Muzeum Czynu Zbrojnego w Lipcach Reymontowskich"/>
	<tag k="tourism" v="museum"/>
	<tag k="operator" v="Jerzy Murgrabia"/>
	<tag k="operator:type" v="private"/>
	<tag k="source:tourism" v="Wykaz Muzeów, wypis na dzień 2026-04-09"/>
	<nd ref="12943806257"/>
	<nd ref="12943806266"/>
	<nd ref="12943806267"/>
	<nd ref="12943806286"/>
	<nd ref="12943806271"/>
	<nd ref="12943806268"/>
	<nd ref="12943806258"/>
	<nd ref="12943806270"/>
	<nd ref="12947538547"/>
	<nd ref="12943806269"/>
	<nd ref="12943806257"/>
</way>
<node id="12943806257" lat="51.8985652" lon="19.9418616" version="1" timestamp="2025-06-21T22:27:46Z"  changeset="167932836" uid="16478494" user="wojtdid">

</node>
<node id="12943806258" lat="51.8984962" lon="19.9428141" version="1" timestamp="2025-06-21T22:27:46Z"  changeset="167932836" uid="16478494" user="wojtdid">

</node>
<node id="12943806266" lat="51.8986846" lon="19.941884" version="1" timestamp="2025-06-21T22:27:46Z"  changeset="167932836" uid="16478494" user="wojtdid">

</node>
<node id="12943806267" lat="51.8987502" lon="19.9419239" version="1" timestamp="2025-06-21T22:27:46Z"  changeset="167932836" uid="16478494" user="wojtdid">

</node>
<node id="12943806268" lat="51.898689" lon="19.9428488" version="1" timestamp="2025-06-21T22:27:46Z"  changeset="167932836" uid="16478494" user="wojtdid">

</node>
<node id="12943806269" lat="51.8985637" lon="19.9418822" version="1" timestamp="2025-06-21T22:27:46Z"  changeset="167932836" uid="16478494" user="wojtdid">

</node>
<node id="12943806270" lat="51.8984971" lon="19.9428018" version="1" timestamp="2025-06-21T22:27:46Z"  changeset="167932836" uid="16478494" user="wojtdid">

</node>
<node id="12943806271" lat="51.8986897" lon="19.9428374" version="1" timestamp="2025-06-21T22:27:46Z"  changeset="167932836" uid="16478494" user="wojtdid">

</node>
<node id="12943806286" lat="51.8987319" lon="19.9421999" version="1" timestamp="2025-06-21T22:27:46Z"  changeset="167932836" uid="16478494" user="wojtdid">

</node>
<node id="12947538547" lat="51.8985553" lon="19.9419981" version="1" timestamp="2025-06-23T22:10:02Z"  changeset="168023494" uid="16478494" user="wojtdid">

</node>
<way id="240437724" version="8" timestamp="2019-05-08T22:52:24Z" action="modify" changeset="70051506" uid="6529331" user="edc22">
	<tag k="addr:city" v="Żywiec"/>
	<tag k="addr:housenumber" v="4"/>
	<tag k="addr:postcode" v="34-300"/>
	<tag k="addr:street" v="Zamkowa"/>
	<tag k="building" v="yes"/>
	<tag k="heritage" v="2"/>
	<tag k="heritage:operator" v="nid"/>
	<tag k="historic" v="castle"/>
	<tag k="name" v="Muzeum Czynu Zbrojnego Żywiecczyzny w Żywcu"/>
	<tag k="ref:nid" v="A-486/86"/>
	<tag k="tourism" v="museum"/>
	<tag k="wikidata" v="Q11793951"/>
	<tag k="wikipedia" v="pl:Nowy Zamek w Żywcu"/>
	<tag k="operator" v="Artur Caputa"/>
	<tag k="operator:type" v="private"/>
	<tag k="source:tourism" v="Wykaz Muzeów, wypis na dzień 2026-04-09"/>
	<nd ref="6460153740"/>
	<nd ref="6460153739"/>
	<nd ref="6460153738"/>
	<nd ref="3842931755"/>
	<nd ref="3842931369"/>
	<nd ref="3842931370"/>
	<nd ref="3842933464"/>
	<nd ref="3842931754"/>
	<nd ref="3842935270"/>
	<nd ref="3842935272"/>
	<nd ref="6460154110"/>
	<nd ref="3842935269"/>
	<nd ref="3842931753"/>
	<nd ref="3842936967"/>
	<nd ref="3842936964"/>
	<nd ref="3842933461"/>
	<nd ref="3842931751"/>
	<nd ref="3842935268"/>
	<nd ref="3842931752"/>
	<nd ref="3842935267"/>
	<nd ref="3842933460"/>
	<nd ref="3842931749"/>
	<nd ref="3842930960"/>
	<nd ref="6460153751"/>
	<nd ref="3842930958"/>
	<nd ref="3842931745"/>
	<nd ref="3842930959"/>
	<nd ref="3842953357"/>
	<nd ref="3842931744"/>
	<nd ref="3842933459"/>
	<nd ref="3842931746"/>
	<nd ref="3842931747"/>
	<nd ref="3842931366"/>
	<nd ref="3842931748"/>
	<nd ref="3842933462"/>
	<nd ref="3842931750"/>
	<nd ref="3842931367"/>
	<nd ref="3842933463"/>
	<nd ref="3842936965"/>
	<nd ref="3842936966"/>
	<nd ref="6460154109"/>
	<nd ref="6460154108"/>
	<nd ref="3842936968"/>
	<nd ref="3842931821"/>
	<nd ref="3842935281"/>
	<nd ref="6460153746"/>
	<nd ref="6460153744"/>
	<nd ref="6460153743"/>
	<nd ref="6460153742"/>
	<nd ref="6460153741"/>
	<nd ref="6460153740"/>
</way>
<node id="3842930958" lat="49.6870587" lon="19.2011305" version="1" timestamp="2015-11-18T16:54:09Z"  changeset="35411886" uid="693154" user="Władysław Komorek">

</node>
<node id="3842930959" lat="49.6870683" lon="19.2011751" version="1" timestamp="2015-11-18T16:54:09Z"  changeset="35411886" uid="693154" user="Władysław Komorek">

</node>
<node id="3842930960" lat="49.6871646" lon="19.2008042" version="1" timestamp="2015-11-18T16:54:10Z"  changeset="35411886" uid="693154" user="Władysław Komorek">

</node>
<node id="3842931366" lat="49.6871319" lon="19.2011856" version="1" timestamp="2015-11-18T16:54:10Z"  changeset="35411886" uid="693154" user="Władysław Komorek">

</node>
<node id="3842931367" lat="49.6872559" lon="19.2009172" version="1" timestamp="2015-11-18T16:54:11Z"  changeset="35411886" uid="693154" user="Władysław Komorek">

</node>
<node id="3842931369" lat="49.6874837" lon="19.2006514" version="1" timestamp="2015-11-18T16:54:14Z"  changeset="35411886" uid="693154" user="Władysław Komorek">

</node>
<node id="3842931370" lat="49.6874854" lon="19.2006436" version="1" timestamp="2015-11-18T16:54:14Z"  changeset="35411886" uid="693154" user="Władysław Komorek">

</node>
<node id="3842931744" lat="49.687071" lon="19.2011961" version="1" timestamp="2015-11-18T16:54:09Z"  changeset="35411886" uid="693154" user="Władysław Komorek">

</node>
<node id="3842931745" lat="49.6870777" lon="19.2011439" version="1" timestamp="2015-11-18T16:54:09Z"  changeset="35411886" uid="693154" user="Władysław Komorek">

</node>
<node id="3842931746" lat="49.6871169" lon="19.2012253" version="1" timestamp="2015-11-18T16:54:09Z"  changeset="35411886" uid="693154" user="Władysław Komorek">

</node>
<node id="3842931747" lat="49.6871223" lon="19.201217" version="1" timestamp="2015-11-18T16:54:10Z"  changeset="35411886" uid="693154" user="Władysław Komorek">

</node>
<node id="3842931748" lat="49.6871566" lon="19.2012047" version="1" timestamp="2015-11-18T16:54:10Z"  changeset="35411886" uid="693154" user="Władysław Komorek">

</node>
<node id="3842931749" lat="49.6871724" lon="19.2008122" version="1" timestamp="2015-11-18T16:54:10Z"  changeset="35411886" uid="693154" user="Władysław Komorek">

</node>
<node id="3842931750" lat="49.6872489" lon="19.2009374" version="1" timestamp="2015-11-18T16:54:11Z"  changeset="35411886" uid="693154" user="Władysław Komorek">

</node>
<node id="3842931751" lat="49.687264" lon="19.2004346" version="1" timestamp="2015-11-18T16:54:11Z"  changeset="35411886" uid="693154" user="Władysław Komorek">

</node>
<node id="3842931752" lat="49.6872773" lon="19.2004558" version="1" timestamp="2015-11-18T16:54:12Z"  changeset="35411886" uid="693154" user="Władysław Komorek">

</node>
<node id="3842931753" lat="49.6873146" lon="19.2002788" version="1" timestamp="2015-11-18T16:54:12Z"  changeset="35411886" uid="693154" user="Władysław Komorek">

</node>
<node id="3842931754" lat="49.6874376" lon="19.2006299" version="1" timestamp="2015-11-18T16:54:13Z"  changeset="35411886" uid="693154" user="Władysław Komorek">

</node>
<node id="3842931755" lat="49.6876191" lon="19.2007161" version="1" timestamp="2015-11-18T16:54:14Z"  changeset="35411886" uid="693154" user="Władysław Komorek">

</node>
<node id="3842931821" lat="49.6880399" lon="19.2011278" version="1" timestamp="2015-11-18T16:54:20Z"  changeset="35411886" uid="693154" user="Władysław Komorek">

</node>
<node id="3842933459" lat="49.6871088" lon="19.2012264" version="1" timestamp="2015-11-18T16:54:09Z"  changeset="35411886" uid="693154" user="Władysław Komorek">

</node>
<node id="3842933460" lat="49.6871949" lon="19.2007463" version="1" timestamp="2015-11-18T16:54:10Z"  changeset="35411886" uid="693154" user="Władysław Komorek">

</node>
<node id="3842933461" lat="49.6872382" lon="19.2004128" version="1" timestamp="2015-11-18T16:54:11Z"  changeset="35411886" uid="693154" user="Władysław Komorek">

</node>
<node id="3842933462" lat="49.6872448" lon="19.2009341" version="1" timestamp="2015-11-18T16:54:11Z"  changeset="35411886" uid="693154" user="Władysław Komorek">

</node>
<node id="3842933463" lat="49.6872514" lon="19.2009135" version="1" timestamp="2015-11-18T16:54:11Z"  changeset="35411886" uid="693154" user="Władysław Komorek">

</node>
<node id="3842933464" lat="49.6874392" lon="19.2006219" version="1" timestamp="2015-11-18T16:54:13Z"  changeset="35411886" uid="693154" user="Władysław Komorek">

</node>
<node id="3842935267" lat="49.6871857" lon="19.200739" version="1" timestamp="2015-11-18T16:54:10Z"  changeset="35411886" uid="693154" user="Władysław Komorek">

</node>
<node id="3842935268" lat="49.6872615" lon="19.2004437" version="1" timestamp="2015-11-18T16:54:11Z"  changeset="35411886" uid="693154" user="Władysław Komorek">

</node>
<node id="3842935269" lat="49.6873294" lon="19.2002928" version="1" timestamp="2015-11-18T16:54:13Z"  changeset="35411886" uid="693154" user="Władysław Komorek">

</node>
<node id="3842935270" lat="49.6873551" lon="19.2005909" version="1" timestamp="2015-11-18T16:54:13Z"  changeset="35411886" uid="693154" user="Władysław Komorek">

</node>
<node id="3842935272" lat="49.6875638" lon="19.1999471" version="1" timestamp="2015-11-18T16:54:14Z"  changeset="35411886" uid="693154" user="Władysław Komorek">

</node>
<node id="3842935281" lat="49.6880495" lon="19.2010782" version="2" timestamp="2019-05-08T22:52:22Z"  changeset="70051506" uid="6529331" user="edc22">

</node>
<node id="3842936964" lat="49.6872855" lon="19.200268" version="1" timestamp="2015-11-18T16:54:12Z"  changeset="35411886" uid="693154" user="Władysław Komorek">

</node>
<node id="3842936965" lat="49.6872968" lon="19.2007741" version="1" timestamp="2015-11-18T16:54:12Z"  changeset="35411886" uid="693154" user="Władysław Komorek">

</node>
<node id="3842936966" lat="49.6873054" lon="19.2007745" version="1" timestamp="2015-11-18T16:54:12Z"  changeset="35411886" uid="693154" user="Władysław Komorek">

</node>
<node id="3842936967" lat="49.6873112" lon="19.2002884" version="1" timestamp="2015-11-18T16:54:12Z"  changeset="35411886" uid="693154" user="Władysław Komorek">

</node>
<node id="3842936968" lat="49.6876332" lon="19.2009324" version="1" timestamp="2015-11-18T16:54:15Z"  changeset="35411886" uid="693154" user="Władysław Komorek">

</node>
<node id="3842953357" lat="49.6870673" lon="19.2011836" version="1" timestamp="2015-11-18T16:54:09Z"  changeset="35411886" uid="693154" user="Władysław Komorek">

</node>
<node id="6460153738" lat="49.6876378" lon="19.2006223" version="1" timestamp="2019-05-08T22:52:16Z"  changeset="70051506" uid="6529331" user="edc22">

</node>
<node id="6460153739" lat="49.687768" lon="19.2006848" version="1" timestamp="2019-05-08T22:52:16Z"  changeset="70051506" uid="6529331" user="edc22">

</node>
<node id="6460153740" lat="49.6877497" lon="19.2007783" version="1" timestamp="2019-05-08T22:52:16Z"  changeset="70051506" uid="6529331" user="edc22">

</node>
<node id="6460153741" lat="49.6878858" lon="19.200842" version="1" timestamp="2019-05-08T22:52:16Z"  changeset="70051506" uid="6529331" user="edc22">

</node>
<node id="6460153742" lat="49.6878877" lon="19.2008341" version="1" timestamp="2019-05-08T22:52:16Z"  changeset="70051506" uid="6529331" user="edc22">

</node>
<node id="6460153743" lat="49.6879329" lon="19.2008561" version="1" timestamp="2019-05-08T22:52:16Z"  changeset="70051506" uid="6529331" user="edc22">

</node>
<node id="6460153744" lat="49.6879313" lon="19.2008641" version="1" timestamp="2019-05-08T22:52:16Z"  changeset="70051506" uid="6529331" user="edc22">

</node>
<node id="6460153746" lat="49.6880778" lon="19.2009305" version="1" timestamp="2019-05-08T22:52:16Z"  changeset="70051506" uid="6529331" user="edc22">

</node>
<node id="6460153751" lat="49.687132" lon="19.2009042" version="1" timestamp="2019-05-08T22:52:16Z"  changeset="70051506" uid="6529331" user="edc22">
	<tag k="amenity" v="clock"/>
	<tag k="display" v="sundial"/>
	<tag k="location" v="wall"/>
	<tag k="support" v="wall_mounted"/>
</node>
<node id="6460154108" lat="49.6874266" lon="19.200835" version="1" timestamp="2019-05-08T22:52:17Z"  changeset="70051506" uid="6529331" user="edc22">

</node>
<node id="6460154109" lat="49.6873949" lon="19.2008194" version="1" timestamp="2019-05-08T22:52:17Z"  changeset="70051506" uid="6529331" user="edc22">

</node>
<node id="6460154110" lat="49.6874649" lon="19.1998746" version="1" timestamp="2019-05-08T22:52:17Z"  changeset="70051506" uid="6529331" user="edc22">

</node>
<way id="752670236" version="13" timestamp="2026-03-31T15:15:15Z" action="modify" changeset="180679204" uid="434339" user="moi90">
	<tag k="addr:city" v="Szczecin"/>
	<tag k="addr:city:simc" v="0977976"/>
	<tag k="addr:housenumber" v="1"/>
	<tag k="addr:postcode" v="70-655"/>
	<tag k="addr:street" v="Nad Duńczycą"/>
	<tag k="building" v="public"/>
	<tag k="building:levels" v="4"/>
	<tag k="building:usage:pl" v="budynek muzeum i biblioteki"/>
	<tag k="email" v="info@centrumnauki.eu"/>
	<tag k="fee" v="yes"/>
	<tag k="height" v="18"/>
	<tag k="name" v="Muzeum Dziedzictwa Kulturowego"/>
	<tag k="opening_hours" v="Tu-Fr 09:00-17:00; Sa,Su 10:00-18:00; Mo off"/>
	<tag k="operator" v="Wojciech Lizak"/>
	<tag k="phone" v="+48 574 980 190"/>
	<tag k="ref:ckkp" v="ZP00403"/>
	<tag k="source" v="MODGiK Szczecin"/>
	<tag k="source:addr" v="gugik.gov.pl"/>
	<tag k="tourism" v="museum"/>
	<tag k="website" v="https://centrumnauki.eu/"/>
	<tag k="wikidata" v="Q97276903"/>
	<tag k="wikipedia" v="pl:Morskie Centrum Nauki im. prof. Jerzego Stelmacha w Szczecinie"/>
	<tag k="operator:type" v="private"/>
	<tag k="source:tourism" v="Wykaz Muzeów, wypis na dzień 2026-04-09"/>
	<nd ref="7033569793"/>
	<nd ref="7033569792"/>
	<nd ref="7033569791"/>
	<nd ref="7033569790"/>
	<nd ref="7033569789"/>
	<nd ref="7033569786"/>
	<nd ref="7033569788"/>
	<nd ref="7033569787"/>
	<nd ref="7033543984"/>
	<nd ref="7033569785"/>
	<nd ref="7033543983"/>
	<nd ref="7033543982"/>
	<nd ref="7033543981"/>
	<nd ref="7033543979"/>
	<nd ref="7033543980"/>
	<nd ref="7033543978"/>
	<nd ref="7033543969"/>
	<nd ref="7033569798"/>
	<nd ref="7033569795"/>
	<nd ref="7033569794"/>
	<nd ref="7033569793"/>
</way>
<node id="7033543969" lat="53.4255074" lon="14.5673016" version="4" timestamp="2022-10-08T13:06:32Z"  changeset="127200484" uid="603523" user="maciek-szn">

</node>
<node id="7033543978" lat="53.4257175" lon="14.5679658" version="2" timestamp="2022-03-31T07:40:33Z"  changeset="119145841" uid="3214275" user="pio2_122">

</node>
<node id="7033543979" lat="53.4257734" lon="14.5680634" version="2" timestamp="2022-03-31T07:40:33Z"  changeset="119145841" uid="3214275" user="pio2_122">

</node>
<node id="7033543980" lat="53.4257217" lon="14.5679621" version="2" timestamp="2022-03-31T07:40:33Z"  changeset="119145841" uid="3214275" user="pio2_122">

</node>
<node id="7033543981" lat="53.4257601" lon="14.5680752" version="2" timestamp="2022-03-31T07:40:33Z"  changeset="119145841" uid="3214275" user="pio2_122">

</node>
<node id="7033543982" lat="53.4258522" lon="14.5683677" version="2" timestamp="2022-03-31T07:40:33Z"  changeset="119145841" uid="3214275" user="pio2_122">

</node>
<node id="7033543983" lat="53.4258457" lon="14.5683735" version="2" timestamp="2022-03-31T07:40:33Z"  changeset="119145841" uid="3214275" user="pio2_122">

</node>
<node id="7033543984" lat="53.4259266" lon="14.5686036" version="2" timestamp="2022-03-31T07:40:33Z"  changeset="119145841" uid="3214275" user="pio2_122">

</node>
<node id="7033569785" lat="53.4259197" lon="14.5686096" version="2" timestamp="2022-03-31T07:40:33Z"  changeset="119145841" uid="3214275" user="pio2_122">

</node>
<node id="7033569786" lat="53.4260204" lon="14.5685225" version="2" timestamp="2022-03-31T07:40:33Z"  changeset="119145841" uid="3214275" user="pio2_122">

</node>
<node id="7033569787" lat="53.4259363" lon="14.5686347" version="2" timestamp="2022-03-31T07:40:33Z"  changeset="119145841" uid="3214275" user="pio2_122">

</node>
<node id="7033569788" lat="53.4260297" lon="14.5685522" version="2" timestamp="2022-03-31T07:40:33Z"  changeset="119145841" uid="3214275" user="pio2_122">

</node>
<node id="7033569789" lat="53.4260246" lon="14.5685189" version="2" timestamp="2022-03-31T07:40:33Z"  changeset="119145841" uid="3214275" user="pio2_122">

</node>
<node id="7033569790" lat="53.4260223" lon="14.5684304" version="2" timestamp="2022-03-31T07:40:33Z"  changeset="119145841" uid="3214275" user="pio2_122">

</node>
<node id="7033569791" lat="53.4261094" lon="14.5683528" version="2" timestamp="2022-03-31T07:40:33Z"  changeset="119145841" uid="3214275" user="pio2_122">

</node>
<node id="7033569792" lat="53.4259116" lon="14.5677918" version="2" timestamp="2022-03-31T07:40:33Z"  changeset="119145841" uid="3214275" user="pio2_122">

</node>
<node id="7033569793" lat="53.4259331" lon="14.5677727" version="2" timestamp="2022-03-31T07:40:33Z"  changeset="119145841" uid="3214275" user="pio2_122">

</node>
<node id="7033569794" lat="53.425711" lon="14.5672452" version="2" timestamp="2022-03-31T07:40:33Z"  changeset="119145841" uid="3214275" user="pio2_122">

</node>
<node id="7033569795" lat="53.4256242" lon="14.5671445" version="2" timestamp="2022-03-31T07:40:33Z"  changeset="119145841" uid="3214275" user="pio2_122">

</node>
<node id="7033569798" lat="53.4255639" lon="14.5672257" version="4" timestamp="2022-10-08T13:06:32Z"  changeset="127200484" uid="603523" user="maciek-szn">

</node>
<node id="10777626162" lat="50.7056984" lon="22.4121898" version="5" timestamp="2025-10-25T16:29:39Z" action="modify" changeset="173763923" uid="21758575" user="qumil">
	<tag k="addr:city" v="Janów Lubelski"/>
	<tag k="addr:housenumber" v="20"/>
	<tag k="addr:postcode" v="23-300"/>
	<tag k="addr:street" v="Jana Zamoyskiego"/>
	<tag k="email" v="muzeum-fotografii@wp.pl"/>
	<tag k="image" v="https://photos.app.goo.gl/VcSQdGEm36HMEKH78"/>
	<tag k="museum" v="art"/>
	<tag k="name" v="Muzeum Fotografii w Janowie Lubelskim"/>
	<tag k="opening_hours" v="Mo-We 09:00-18:00, Th 09:00-17:00, Fr 09:00-18:00"/>
	<tag k="phone" v="+48 602 74 61 66"/>
	<tag k="tourism" v="museum"/>
	<tag k="url" v="https://youtu.be/x56CoWYmXz4?si=FvCCDit3-L_mjz12"/>
	<tag k="website" v="http://muzeum-fotografii.pl/"/>
	<tag k="wikidata" v="Q48850322"/>
	<tag k="wikipedia" v="pl:Muzeum Fotografii w Janowie Lubelskim"/>
	<tag k="operator" v="Antoni Florczak"/>
	<tag k="operator:type" v="private"/>
	<tag k="source:tourism" v="Wykaz Muzeów, wypis na dzień 2026-04-09"/>
</node>
<way id="244668634" version="8" timestamp="2023-05-22T08:34:21Z" action="modify" changeset="136400248" uid="19157592" user="Mikołaj | Yanosik">
	<tag k="addr:city" v="Poznań"/>
	<tag k="addr:city:simc" v="0969400"/>
	<tag k="addr:housenumber" v="11"/>
	<tag k="addr:postcode" v="60-603"/>
	<tag k="addr:street" v="Aleja Wielkopolska"/>
	<tag k="building" v="yes"/>
	<tag k="building:levels" v="2"/>
	<tag k="name" v="Muzeum Humoru i Absurdu w Poznaniu"/>
	<tag k="source:addr" v="EMUiA (emuia.geoportal.gov.pl)"/>
	<tag k="tourism" v="museum"/>
	<tag k="website" v="http://www.nowowiejski.pl/"/>
	<tag k="wikidata" v="Q9332988"/>
	<tag k="wikipedia" v="pl:Salon Muzyczny-Muzeum Feliksa Nowowiejskiego w Poznaniu"/>
	<tag k="operator" v="Malwina Łukowska"/>
	<tag k="operator:type" v="private"/>
	<tag k="source:tourism" v="Wykaz Muzeów, wypis na dzień 2026-04-09"/>
	<nd ref="2519622985"/>
	<nd ref="5695289357"/>
	<nd ref="5695289358"/>
	<nd ref="5695289356"/>
	<nd ref="5695289359"/>
	<nd ref="2519622989"/>
	<nd ref="5695289363"/>
	<nd ref="5695289362"/>
	<nd ref="9110726205"/>
	<nd ref="5695289361"/>
	<nd ref="5695289360"/>
	<nd ref="2519622987"/>
	<nd ref="2519622983"/>
	<nd ref="5695289355"/>
	<nd ref="5695289352"/>
	<nd ref="5695289353"/>
	<nd ref="5695289354"/>
	<nd ref="2519622985"/>
</way>
<node id="2519622983" lat="52.4164384" lon="16.9175313" version="2" timestamp="2018-06-16T18:49:28Z"  changeset="59900137" uid="3193876" user="srflp">

</node>
<node id="2519622985" lat="52.416487" lon="16.9173411" version="2" timestamp="2018-06-16T18:49:28Z"  changeset="59900137" uid="3193876" user="srflp">

</node>
<node id="2519622987" lat="52.4165328" lon="16.9175963" version="2" timestamp="2018-06-16T18:49:28Z"  changeset="59900137" uid="3193876" user="srflp">

</node>
<node id="2519622989" lat="52.416582" lon="16.9174051" version="2" timestamp="2018-06-16T18:49:28Z"  changeset="59900137" uid="3193876" user="srflp">

</node>
<node id="5695289352" lat="52.4164485" lon="16.9174435" version="1" timestamp="2018-06-16T18:49:21Z"  changeset="59900137" uid="3193876" user="srflp">

</node>
<node id="5695289353" lat="52.4164564" lon="16.9174122" version="1" timestamp="2018-06-16T18:49:21Z"  changeset="59900137" uid="3193876" user="srflp">

</node>
<node id="5695289354" lat="52.4164715" lon="16.9174028" version="1" timestamp="2018-06-16T18:49:21Z"  changeset="59900137" uid="3193876" user="srflp">

</node>
<node id="5695289355" lat="52.4164548" lon="16.9174674" version="1" timestamp="2018-06-16T18:49:21Z"  changeset="59900137" uid="3193876" user="srflp">

</node>
<node id="5695289356" lat="52.4165409" lon="16.9173206" version="1" timestamp="2018-06-16T18:49:22Z"  changeset="59900137" uid="3193876" user="srflp">

</node>
<node id="5695289357" lat="52.416482" lon="16.9173377" version="1" timestamp="2018-06-16T18:49:22Z"  changeset="59900137" uid="3193876" user="srflp">

</node>
<node id="5695289358" lat="52.4164945" lon="16.9172887" version="1" timestamp="2018-06-16T18:49:22Z"  changeset="59900137" uid="3193876" user="srflp">

</node>
<node id="5695289359" lat="52.4165287" lon="16.9173684" version="1" timestamp="2018-06-16T18:49:22Z"  changeset="59900137" uid="3193876" user="srflp">

</node>
<node id="5695289360" lat="52.4165507" lon="16.9175263" version="1" timestamp="2018-06-16T18:49:22Z"  changeset="59900137" uid="3193876" user="srflp">

</node>
<node id="5695289361" lat="52.4165562" lon="16.9175301" version="1" timestamp="2018-06-16T18:49:22Z"  changeset="59900137" uid="3193876" user="srflp">

</node>
<node id="5695289362" lat="52.4165695" lon="16.9174783" version="1" timestamp="2018-06-16T18:49:22Z"  changeset="59900137" uid="3193876" user="srflp">

</node>
<node id="5695289363" lat="52.4165642" lon="16.9174746" version="1" timestamp="2018-06-16T18:49:22Z"  changeset="59900137" uid="3193876" user="srflp">

</node>
<node id="9110726205" lat="52.4165667" lon="16.9174892" version="1" timestamp="2021-09-21T11:31:56Z"  changeset="111491548" uid="1202050" user="TomaszWójcik">
	<tag k="artist_name" v="Józef Stasiński"/>
	<tag k="historic" v="memorial"/>
	<tag k="memorial" v="plaque"/>
	<tag k="name" v="Feliks Nowowiejski"/>
	<tag k="start_date" v="2010"/>
</node>
<way id="268380521" version="3" timestamp="2017-09-19T12:45:50Z" action="modify" changeset="52177477" uid="1980824" user="wmyrda">
	<tag k="addr:city" v="Pilzno"/>
	<tag k="addr:city:simc" v="0982345"/>
	<tag k="addr:housenumber" v="24"/>
	<tag k="addr:postcode" v="39-220"/>
	<tag k="addr:street" v="Grodzka"/>
	<tag k="alt_name" v="Muzeum Lalek w Pilźnie"/>
	<tag k="building" v="yes"/>
	<tag k="email" v="info@muzeumlalek.pl"/>
	<tag k="image" v="http://www.muzeumlalek.pl/pilzno/zdjecia/mona.jpg"/>
	<tag k="name" v="Muzeum Lalek w Pilźnie"/>
	<tag k="opening_hours" v="Mo-Fr 08:00-16:00"/>
	<tag k="phone" v="+48 14 672 13 21"/>
	<tag k="source:addr" v="emuia.gugik.gov.pl"/>
	<tag k="start_date" v="1981"/>
	<tag k="tourism" v="museum"/>
	<tag k="website" v="http://www.muzeumlalek.pl/"/>
	<tag k="wikidata" v="Q16474421"/>
	<tag k="wikipedia" v="pl:Muzeum Lalek w Pilźnie"/>
	<tag k="operator" v="Zofia Gągała-Bohaczyk"/>
	<tag k="operator:type" v="private"/>
	<tag k="source:tourism" v="Wykaz Muzeów, wypis na dzień 2026-04-09"/>
	<nd ref="2737205671"/>
	<nd ref="2737205665"/>
	<nd ref="2737205662"/>
	<nd ref="2737205656"/>
	<nd ref="2737205651"/>
	<nd ref="2737205659"/>
	<nd ref="2737205654"/>
	<nd ref="2737205668"/>
	<nd ref="2737205671"/>
</way>
<node id="2737205651" lat="49.9766909" lon="21.2916792" version="1" timestamp="2014-03-23T17:06:46Z"  changeset="21268479" uid="1093250" user="Wojciech syn Jana (c)">

</node>
<node id="2737205654" lat="49.9766995" lon="21.2917142" version="1" timestamp="2014-03-23T17:06:46Z"  changeset="21268479" uid="1093250" user="Wojciech syn Jana (c)">

</node>
<node id="2737205656" lat="49.976702" lon="21.291635" version="1" timestamp="2014-03-23T17:06:46Z"  changeset="21268479" uid="1093250" user="Wojciech syn Jana (c)">

</node>
<node id="2737205659" lat="49.976706" lon="21.2916884" version="1" timestamp="2014-03-23T17:06:46Z"  changeset="21268479" uid="1093250" user="Wojciech syn Jana (c)">

</node>
<node id="2737205662" lat="49.9767168" lon="21.291644" version="1" timestamp="2014-03-23T17:06:46Z"  changeset="21268479" uid="1093250" user="Wojciech syn Jana (c)">

</node>
<node id="2737205665" lat="49.9767291" lon="21.291595" version="1" timestamp="2014-03-23T17:06:46Z"  changeset="21268479" uid="1093250" user="Wojciech syn Jana (c)">

</node>
<node id="2737205668" lat="49.9767931" lon="21.291771" version="1" timestamp="2014-03-23T17:06:46Z"  changeset="21268479" uid="1093250" user="Wojciech syn Jana (c)">

</node>
<node id="2737205671" lat="49.976823" lon="21.291652" version="1" timestamp="2014-03-23T17:06:46Z"  changeset="21268479" uid="1093250" user="Wojciech syn Jana (c)">

</node>
<node id="6003217182" lat="51.1109042" lon="15.586274" version="1" timestamp="2018-10-21T17:25:03Z" action="modify" changeset="63733310" uid="8977320" user="Rakowice_Wielkie">
	<tag k="addr:city" v="Lwówek Śląski"/>
	<tag k="addr:housenumber" v="22"/>
	<tag k="addr:postcode" v="59-602"/>
	<tag k="addr:street" v="Plac Wolności"/>
	<tag k="construction" v="yes"/>
	<tag k="email" v="muzeumlwoweckie@op.pl"/>
	<tag k="name" v="Muzeum Lwóweckie w Lwówku Śląskim"/>
	<tag k="tourism" v="museum"/>
	<tag k="website" v="muzeumlwoweckie.pl"/>
	<tag k="operator" v="Dorota Zawadzka"/>
	<tag k="operator:type" v="private"/>
	<tag k="source:tourism" v="Wykaz Muzeów, wypis na dzień 2026-04-09"/>
</node>
<node id="4119419889" lat="54.4784448" lon="17.0536477" version="3" timestamp="2021-04-06T06:35:42Z" action="modify" changeset="102376214" uid="6751278" user="G_P_J">
	<tag k="addr:city" v="Słupsk"/>
	<tag k="addr:housenumber" v="14"/>
	<tag k="addr:postcode" v="76-200"/>
	<tag k="addr:street" v="Jana Bauera"/>
	<tag k="name" v="Muzeum Miasta Słupska"/>
	<tag k="phone" v="+48598448933"/>
	<tag k="tourism" v="museum"/>
	<tag k="website" v="http://www.lesnykot.pl/"/>
	<tag k="operator" v="Grzegorz Rataj"/>
	<tag k="operator:type" v="private"/>
	<tag k="source:tourism" v="Wykaz Muzeów, wypis na dzień 2026-04-09"/>
</node>
<way id="298827238" version="8" timestamp="2024-03-08T15:23:47Z" action="modify" changeset="148389116" uid="10159422" user="Mamutinka">
	<tag k="addr:city" v="Szklarska Poręba"/>
	<tag k="addr:housenumber" v="20"/>
	<tag k="addr:postcode" v="58-580"/>
	<tag k="addr:street" v="Jana Kilińskiego"/>
	<tag k="building" v="yes"/>
	<tag k="building:levels" v="2"/>
	<tag k="historic" v="yes"/>
	<tag k="name" v="Muzeum Mineralogiczne ze zbiorów Renaty Sokołowskiej w Szklarskiej Porębie"/>
	<tag k="opening_hours" v="Jan-Feb: Mo-Su 10:00-18:00; Mar-May: Mo off, Tu-Su 10:00-18:00; Jun-Aug: Mo-Su 10:00-18:00; Aug-Dec: Mo off, Tu-Su 10:00-18:00"/>
	<tag k="source:addr" v="szklarskaporeba.e-mapa.net"/>
	<tag k="source:building" v="BDOT"/>
	<tag k="tourism" v="museum"/>
	<tag k="website" v="http://www.sokolowski-muzea.pl/"/>
	<tag k="wikidata" v="Q17155408"/>
	<tag k="wikipedia" v="pl:Muzeum Mineralogiczne w Szklarskiej Porębie"/>
	<tag k="operator" v="Renata Sokołowska"/>
	<tag k="operator:type" v="private"/>
	<tag k="source:tourism" v="Wykaz Muzeów, wypis na dzień 2026-04-09"/>
	<nd ref="3027797913"/>
	<nd ref="3027797918"/>
	<nd ref="3027797923"/>
	<nd ref="3027799035"/>
	<nd ref="3027797929"/>
	<nd ref="3027799036"/>
	<nd ref="11165338260"/>
	<nd ref="11165338259"/>
	<nd ref="11165338258"/>
	<nd ref="11165338257"/>
	<nd ref="11165338256"/>
	<nd ref="3027797920"/>
	<nd ref="3027797919"/>
	<nd ref="3027797916"/>
	<nd ref="3027797917"/>
	<nd ref="3027797915"/>
	<nd ref="3027797914"/>
	<nd ref="3027797911"/>
	<nd ref="11165338255"/>
	<nd ref="11165338254"/>
	<nd ref="3027797913"/>
</way>
<node id="3027797911" lat="50.8171036" lon="15.5260102" version="2" timestamp="2023-09-03T16:18:04Z"  changeset="140766312" uid="11496679" user="ptarac">

</node>
<node id="3027797913" lat="50.8171358" lon="15.5259582" version="2" timestamp="2023-09-03T16:18:04Z"  changeset="140766312" uid="11496679" user="ptarac">

</node>
<node id="3027797914" lat="50.8171128" lon="15.5260202" version="2" timestamp="2023-09-03T16:18:04Z"  changeset="140766312" uid="11496679" user="ptarac">

</node>
<node id="3027797915" lat="50.817088" lon="15.5260861" version="2" timestamp="2023-09-03T16:18:04Z"  changeset="140766312" uid="11496679" user="ptarac">

</node>
<node id="3027797916" lat="50.8171392" lon="15.5261152" version="2" timestamp="2023-09-03T16:18:04Z"  changeset="140766312" uid="11496679" user="ptarac">

</node>
<node id="3027797917" lat="50.8171345" lon="15.5261264" version="2" timestamp="2023-09-03T16:18:04Z"  changeset="140766312" uid="11496679" user="ptarac">

</node>
<node id="3027797918" lat="50.8171634" lon="15.5259837" version="2" timestamp="2023-09-03T16:18:04Z"  changeset="140766312" uid="11496679" user="ptarac">

</node>
<node id="3027797919" lat="50.8171851" lon="15.526159" version="2" timestamp="2023-09-03T16:18:04Z"  changeset="140766312" uid="11496679" user="ptarac">

</node>
<node id="3027797920" lat="50.8171892" lon="15.5261808" version="2" timestamp="2023-09-03T16:18:04Z"  changeset="140766312" uid="11496679" user="ptarac">

</node>
<node id="3027797923" lat="50.8171743" lon="15.5259527" version="2" timestamp="2023-09-03T16:18:04Z"  changeset="140766312" uid="11496679" user="ptarac">

</node>
<node id="3027797929" lat="50.8172259" lon="15.5260581" version="2" timestamp="2023-09-03T16:18:04Z"  changeset="140766312" uid="11496679" user="ptarac">

</node>
<node id="3027799035" lat="50.8172412" lon="15.5260158" version="2" timestamp="2023-09-03T16:18:04Z"  changeset="140766312" uid="11496679" user="ptarac">

</node>
<node id="3027799036" lat="50.8172431" lon="15.5260739" version="2" timestamp="2023-09-03T16:18:04Z"  changeset="140766312" uid="11496679" user="ptarac">

</node>
<node id="11165338254" lat="50.8171257" lon="15.5259846" version="1" timestamp="2023-09-03T16:18:04Z"  changeset="140766312" uid="11496679" user="ptarac">

</node>
<node id="11165338255" lat="50.8171162" lon="15.525977" version="1" timestamp="2023-09-03T16:18:04Z"  changeset="140766312" uid="11496679" user="ptarac">

</node>
<node id="11165338256" lat="50.8172003" lon="15.5261917" version="1" timestamp="2023-09-03T16:18:04Z"  changeset="140766312" uid="11496679" user="ptarac">

</node>
<node id="11165338257" lat="50.8172139" lon="15.5261864" version="1" timestamp="2023-09-03T16:18:04Z"  changeset="140766312" uid="11496679" user="ptarac">

</node>
<node id="11165338258" lat="50.8172205" lon="15.526168" version="1" timestamp="2023-09-03T16:18:04Z"  changeset="140766312" uid="11496679" user="ptarac">

</node>
<node id="11165338259" lat="50.817217" lon="15.526147" version="1" timestamp="2023-09-03T16:18:04Z"  changeset="140766312" uid="11496679" user="ptarac">

</node>
<node id="11165338260" lat="50.8172152" lon="15.5261461" version="1" timestamp="2023-09-03T16:18:04Z"  changeset="140766312" uid="11496679" user="ptarac">

</node>
<node id="5422071403" lat="50.1167832" lon="18.9779849" version="3" timestamp="2024-08-14T14:37:14Z" action="modify" changeset="155244733" uid="12914377" user="Patryk2710">
	<tag k="addr:city" v="Tychy"/>
	<tag k="addr:housenumber" v="8"/>
	<tag k="addr:postcode" v="43-100"/>
	<tag k="addr:street" v="Żwakowska"/>
	<tag k="email" v="arhen-dominiak@hotmail.com"/>
	<tag k="name" v="Muzeum Miniaturowej Sztuki Profesjonalnej Henryk Jan Dominiak w Tychach"/>
	<tag k="phone" v="+48 32 2181524"/>
	<tag k="tourism" v="museum"/>
	<tag k="website" v="http://muzeumminiaturowejsztukiprofesjonalnejhenrykjandominiak.eu"/>
	<tag k="wikidata" v="Q48851673"/>
	<tag k="wikimedia_commons" v="File:Muzeum Miniaturowej Sztuki Profesjonalnej Henryk Jan Dominiak in Tychy. Ulica Żwakowska 8 mieszkania 66, Tychy - najmniejsze Muzeum świata.jpg"/>
	<tag k="wikipedia" v="pl:Muzeum Miniaturowej Sztuki Profesjonalnej Henryk Jan Dominiak w Tychach"/>
	<tag k="operator" v="Henryk Jan Dominiak"/>
	<tag k="operator:type" v="private"/>
	<tag k="source:tourism" v="Wykaz Muzeów, wypis na dzień 2026-04-09"/>
</node>
<way id="1311757881" version="3" timestamp="2025-08-17T09:56:51Z" action="modify" changeset="170557516" uid="3610826" user="km2bp">
	<tag k="addr:city" v="Wschowa"/>
	<tag k="addr:housenumber" v="3"/>
	<tag k="addr:postcode" v="67-400"/>
	<tag k="addr:street" v="Plac Farny"/>
	<tag k="building" v="yes"/>
	<tag k="image" v="https://photos.app.goo.gl/5WuN3BjQNZamtxnV8"/>
	<tag k="museum" v="local"/>
	<tag k="name" v="Muzeum Operacji i Działań Specjalnych"/>
	<tag k="name:en" v="The Wschowa Land Museum in Jesuit Residence"/>
	<tag k="tourism" v="museum"/>
	<tag k="url" v="https://fotopolska.eu/Plac_Farny_3_Wschowa?map_z=19"/>
	<tag k="url:0" v="https://polska-org.pl/4934659,Wschowa,Muzeum_Ziemi_Wschowskiej_i_Biblioteka_Miejska.html"/>
	<tag k="website" v="https://muzeum.wschowa.pl/siedziby/kolegium-jezuickie/"/>
	<tag k="operator" v="Piotr Makała"/>
	<tag k="operator:type" v="private"/>
	<tag k="source:tourism" v="Wykaz Muzeów, wypis na dzień 2026-04-09"/>
	<nd ref="3698475541"/>
	<nd ref="3698475534"/>
	<nd ref="3698475547"/>
	<nd ref="3698475567"/>
	<nd ref="3698475564"/>
	<nd ref="3698475551"/>
	<nd ref="3698475541"/>
</way>
<node id="3698475534" lat="51.8048053" lon="16.3152863" version="2" timestamp="2024-08-28T12:02:41Z"  changeset="155876943" uid="21882317" user="Olsza8">

</node>
<node id="3698475541" lat="51.8048614" lon="16.3151984" version="1" timestamp="2015-08-15T12:18:07Z"  changeset="33351463" uid="91056" user="Yarl">

</node>
<node id="3698475547" lat="51.8048991" lon="16.3154658" version="1" timestamp="2015-08-15T12:18:08Z"  changeset="33351463" uid="91056" user="Yarl">

</node>
<node id="3698475551" lat="51.8049162" lon="16.3152957" version="1" timestamp="2015-08-15T12:18:08Z"  changeset="33351463" uid="91056" user="Yarl">

</node>
<node id="3698475564" lat="51.8050015" lon="16.3151935" version="1" timestamp="2015-08-15T12:18:08Z"  changeset="33351463" uid="91056" user="Yarl">

</node>
<node id="3698475567" lat="51.8050604" lon="16.3153247" version="1" timestamp="2015-08-15T12:18:08Z"  changeset="33351463" uid="91056" user="Yarl">

</node>
<node id="3863280078" lat="53.8506528" lon="21.2946324" version="1" timestamp="2015-11-27T19:31:57Z" action="modify" changeset="35617334" uid="3401320" user="NMiRek">
	<tag k="addr:city" v="Mrągowo"/>
	<tag k="addr:housenumber" v="11C"/>
	<tag k="addr:postcode" v="11-700"/>
	<tag k="addr:street" v="Przemysłowa"/>
	<tag k="name" v="Muzeum Sprzętu Wojskowego w Mrągowie"/>
	<tag k="tourism" v="museum"/>
	<tag k="operator" v="Sławomir Trzeciakiewicz"/>
	<tag k="operator:type" v="private"/>
	<tag k="source:tourism" v="Wykaz Muzeów, wypis na dzień 2026-04-09"/>
</node>
<node id="2085249672" lat="50.3033679" lon="18.7860506" version="2" timestamp="2014-06-07T18:02:08Z" action="modify" changeset="22796995" uid="278187" user="dzamper">
	<tag k="addr:city" v="Zabrze"/>
	<tag k="addr:housenumber" v="6"/>
	<tag k="addr:postcode" v="41-800"/>
	<tag k="addr:street" v="3 Maja"/>
	<tag k="name" v="Muzeum Techniki Militarnej i Użytkowej w Zabrzu"/>
	<tag k="tourism" v="museum"/>
	<tag k="operator" v="Rafał Siech"/>
	<tag k="operator:type" v="private"/>
	<tag k="source:tourism" v="Wykaz Muzeów, wypis na dzień 2026-04-09"/>
</node>
<node id="7638604059" lat="50.7799044" lon="16.0298151" version="3" timestamp="2026-01-21T21:40:12Z" action="modify" changeset="177541432" uid="15471149" user="blind_gienia">
	<tag k="addr:city" v="Kamienna Góra"/>
	<tag k="addr:housenumber" v="1a"/>
	<tag k="addr:postcode" v="58-400"/>
	<tag k="addr:street" v="Parkowa"/>
	<tag k="email" v="projekt@projektarado.pl"/>
	<tag k="museum" v="history"/>
	<tag k="name" v="Muzeum Techniki Uzbrojenia w Kamiennej Górze"/>
	<tag k="opening_hours" v="10:00-18:00"/>
	<tag k="operator" v="Maciej Wyszkowski"/>
	<tag k="operator:type" v="private"/>
	<tag k="phone" v="+48512561292"/>
	<tag k="tourism" v="museum"/>
	<tag k="website" v="projektarado.pl"/>
	<tag k="source:tourism" v="Wykaz Muzeów, wypis na dzień 2026-04-09"/>
</node>
<way id="354659116" version="4" timestamp="2025-01-20T20:21:33Z" action="modify" changeset="161577235" uid="8396056" user="TWMICHAL">
	<tag k="addr:city" v="Busko-Zdrój"/>
	<tag k="addr:city:simc" v="0946651"/>
	<tag k="addr:housenumber" v="24"/>
	<tag k="addr:postcode" v="28-100"/>
	<tag k="addr:street" v="Stefana Żeromskiego"/>
	<tag k="addr:street:sym_ul" v="26469"/>
	<tag k="building" v="yes"/>
	<tag k="museum" v="military"/>
	<tag k="name" v="Muzeum Techniki Wojskowej i Obrony Przeciwlotniczej w Busku - Zdroju"/>
	<tag k="opening_hours" v="Mo-Sa 09:00-17:00"/>
	<tag k="source:addr" v="buskozdroj.e-mapa.net"/>
	<tag k="tourism" v="museum"/>
	<tag k="operator" v="Zbigniew Wach"/>
	<tag k="operator:type" v="private"/>
	<tag k="source:tourism" v="Wykaz Muzeów, wypis na dzień 2026-04-09"/>
	<nd ref="3603390550"/>
	<nd ref="3603390855"/>
	<nd ref="3603388155"/>
	<nd ref="3603390861"/>
	<nd ref="3603390550"/>
</way>
<node id="3603388155" lat="50.4748929" lon="20.7127805" version="2" timestamp="2020-04-25T10:09:54Z"  changeset="84098881" uid="8396056" user="TWMICHAL">

</node>
<node id="3603390550" lat="50.4749822" lon="20.7125397" version="1" timestamp="2015-06-18T19:09:41Z"  changeset="32058654" uid="693154" user="Władysław Komorek">

</node>
<node id="3603390855" lat="50.4748868" lon="20.7125435" version="2" timestamp="2020-04-25T10:09:54Z"  changeset="84098881" uid="8396056" user="TWMICHAL">

</node>
<node id="3603390861" lat="50.4749861" lon="20.7127768" version="1" timestamp="2015-06-18T19:09:42Z"  changeset="32058654" uid="693154" user="Władysław Komorek">

</node>
<way id="160269048" version="8" timestamp="2025-02-08T23:46:42Z" action="modify" changeset="162298195" uid="22350636" user="mtbar">
	<tag k="addr:city" v="Kępno"/>
	<tag k="addr:city:simc" v="0936871"/>
	<tag k="addr:housenumber" v="2"/>
	<tag k="addr:postcode" v="63-600"/>
	<tag k="addr:street" v="Ratuszowa"/>
	<tag k="addr:street:sym_ul" v="18489"/>
	<tag k="building" v="yes"/>
	<tag k="contact:facebook" v="https://www.facebook.com/muzeumziemikepinskiej"/>
	<tag k="email" v="muzeum@muzeumkepno.pl"/>
	<tag k="mobile" v="+48 791 329 646"/>
	<tag k="museum" v="history"/>
	<tag k="name" v="Muzeum Wiosna 1812 w Olszowej"/>
	<tag k="opening_hours" v="Tu-Fr 10:00-16:00"/>
	<tag k="source" v="https://zabytek.pl/pl/obiekty/zabytek?rejestr=rejestr-zabytkow&inspire_id=PL.1.9.ZIPOZ.NID_N_30_BK.157148;https://pl.wikipedia.org/wiki/Muzeum_Ziemi_K%C4%99pi%C5%84skiej"/>
	<tag k="source:addr" v="kepno.e-mapa.net"/>
	<tag k="start_date" v="1846"/>
	<tag k="tourism" v="museum"/>
	<tag k="website" v="https://www.muzeumkepno.pl/"/>
	<tag k="wikidata" v="Q32981498"/>
	<tag k="operator" v="Piotr Kowalewski"/>
	<tag k="operator:type" v="private"/>
	<tag k="source:tourism" v="Wykaz Muzeów, wypis na dzień 2026-04-09"/>
	<nd ref="1723233267"/>
	<nd ref="1723233265"/>
	<nd ref="1723233262"/>
	<nd ref="1723233266"/>
	<nd ref="1723233267"/>
</way>
<node id="1723233262" lat="51.2787642" lon="17.9876292" version="2" timestamp="2012-05-28T19:45:55Z"  changeset="11730957" uid="600967" user="geobral">

</node>
<node id="1723233265" lat="51.2788097" lon="17.9873633" version="2" timestamp="2012-05-28T19:45:55Z"  changeset="11730957" uid="600967" user="geobral">

</node>
<node id="1723233266" lat="51.2789056" lon="17.9876911" version="2" timestamp="2012-05-28T19:45:55Z"  changeset="11730957" uid="600967" user="geobral">

</node>
<node id="1723233267" lat="51.2789511" lon="17.9874251" version="2" timestamp="2012-05-28T19:45:55Z"  changeset="11730957" uid="600967" user="geobral">

</node>
<node id="12182287080" lat="52.2609952" lon="21.0392895" version="2" timestamp="2025-11-13T11:36:06Z" action="modify" changeset="174600765" uid="1682993" user="szedar">
	<tag k="addr:city" v="Warszawa"/>
	<tag k="addr:housenumber" v="8"/>
	<tag k="addr:postcode" v="03-433"/>
	<tag k="addr:street" v="Strzelecka"/>
	<tag k="museum" v="history"/>
	<tag k="name" v="Prywatne Muzeum Artylerii i Broni Pancernej 1939-1945 w Warszawie"/>
	<tag k="opening_hours" v="Mo-Fr 09:00-17:00"/>
	<tag k="operator" v="Jan Olszański"/>
	<tag k="operator:type" v="private"/>
	<tag k="phone" v="+48 22 270 15 41"/>
	<tag k="tourism" v="museum"/>
	<tag k="website" v="https://ipn.gov.pl/pl"/>
	<tag k="source:tourism" v="Wykaz Muzeów, wypis na dzień 2026-04-09"/>
</node>
<way id="125826754" version="11" timestamp="2024-01-16T19:24:04Z" action="modify" changeset="146336069" uid="11306447" user="starsep">
	<tag k="addr:city" v="Warszawa"/>
	<tag k="addr:housenumber" v="84"/>
	<tag k="addr:postcode" v="02-749"/>
	<tag k="addr:street" v="Przy Grobli"/>
	<tag k="building" v="commercial"/>
	<tag k="building:levels" v="1"/>
	<tag k="fee" v="no"/>
	<tag k="height" v="6"/>
	<tag k="name" v="Prywatne Muzeum Kowalstwa w Warszawie"/>
	<tag k="tourism" v="museum"/>
	<tag k="website" v="https://www.muzeumkowalstwa.pl/"/>
	<tag k="wikidata" v="Q1425940"/>
	<tag k="wikipedia" v="pl:Muzeum Kowalstwa w Warszawie"/>
	<tag k="operator" v="Kamil Gałecki"/>
	<tag k="operator:type" v="private"/>
	<tag k="source:tourism" v="Wykaz Muzeów, wypis na dzień 2026-04-09"/>
	<nd ref="1396537160"/>
	<nd ref="1396537158"/>
	<nd ref="1396537157"/>
	<nd ref="1396537159"/>
	<nd ref="1396537160"/>
</way>
<node id="1396537157" lat="52.174191" lon="21.0462645" version="3" timestamp="2022-11-20T17:12:44Z"  changeset="129163785" uid="6668641" user="syntex">

</node>
<node id="1396537158" lat="52.1742191" lon="21.0463363" version="3" timestamp="2022-11-20T17:12:44Z"  changeset="129163785" uid="6668641" user="syntex">

</node>
<node id="1396537159" lat="52.1742345" lon="21.0462193" version="3" timestamp="2022-11-20T17:12:44Z"  changeset="129163785" uid="6668641" user="syntex">

</node>
<node id="1396537160" lat="52.1742626" lon="21.0462911" version="3" timestamp="2022-11-20T17:12:44Z"  changeset="129163785" uid="6668641" user="syntex">

</node>
<way id="1161742332" version="2" timestamp="2024-03-27T08:23:06Z" action="modify" changeset="149213238" uid="2027953" user="Adam_Piszczek">
	<tag k="addr:city" v="Alwernia"/>
	<tag k="addr:housenumber" v="10"/>
	<tag k="addr:postcode" v="32-566"/>
	<tag k="addr:street" v="Krzysztofa Korycińskiego"/>
	<tag k="building" v="yes"/>
	<tag k="museum" v="history"/>
	<tag k="name" v="Małopolskie Muzeum Pożarnictwa im. Z. Gęsikowskiego w Alwerni"/>
	<tag k="opening_hours" v="Mo-Sa 09:00-15:00"/>
	<tag k="operator" v="Ochotnicza Straż Pożarna w Alwerni"/>
	<tag k="tourism" v="museum"/>
	<tag k="operator:type" v="ngo"/>
	<tag k="source:tourism" v="Wykaz Muzeów, wypis na dzień 2026-04-09"/>
	<nd ref="10804955996"/>
	<nd ref="10804955997"/>
	<nd ref="10804955998"/>
	<nd ref="10804955999"/>
	<nd ref="10804955996"/>
</way>
<node id="10804955996" lat="50.069285" lon="19.5364952" version="1" timestamp="2023-04-12T16:37:55Z"  changeset="134826407" uid="2027953" user="Adam_Piszczek">

</node>
<node id="10804955997" lat="50.0692227" lon="19.5365028" version="1" timestamp="2023-04-12T16:37:55Z"  changeset="134826407" uid="2027953" user="Adam_Piszczek">

</node>
<node id="10804955998" lat="50.069228" lon="19.5366089" version="1" timestamp="2023-04-12T16:37:55Z"  changeset="134826407" uid="2027953" user="Adam_Piszczek">

</node>
<node id="10804955999" lat="50.0692903" lon="19.5366014" version="1" timestamp="2023-04-12T16:37:55Z"  changeset="134826407" uid="2027953" user="Adam_Piszczek">

</node>
<node id="1201315460" lat="51.1644095" lon="17.0002766" version="9" timestamp="2022-04-11T14:20:51Z" action="modify" changeset="119581842" uid="1946262" user="Mirosław Żylewicz">
	<tag k="addr:city" v="Wrocław"/>
	<tag k="addr:housenumber" v="33"/>
	<tag k="addr:postcode" v="51-180"/>
	<tag k="addr:street" v="Pełczyńska"/>
	<tag k="addr:street:sym_ul" v="15922"/>
	<tag k="email" v="fortwroclaw9@gmail.com"/>
	<tag k="facebook" v="https://www.facebook.com/FORT-Wroc%C5%82aw-Nr-9-Muzeum-Militarne-1634778163474816"/>
	<tag k="museum" v="military"/>
	<tag k="name" v="Mobilne Muzeum Militarne we Wrocławiu"/>
	<tag k="phone" v="+48 603 634 446"/>
	<tag k="source:addr" v="WroclawGIS"/>
	<tag k="start_date" v="2015-02-17"/>
	<tag k="tourism" v="museum"/>
	<tag k="operator" v="Fundacja Inicjatyw Społecznych i Kulturalnych JEDYNKA"/>
	<tag k="operator:type" v="ngo"/>
	<tag k="source:tourism" v="Wykaz Muzeów, wypis na dzień 2026-04-09"/>
</node>
<node id="9937507485" lat="52.2554921" lon="21.0443763" version="3" timestamp="2026-02-20T01:47:25Z" action="modify" changeset="178798228" uid="6668641" user="syntex">
	<tag k="addr:city" v="Warszawa"/>
	<tag k="addr:housenumber" v="5"/>
	<tag k="addr:postcode" v="03-736"/>
	<tag k="addr:street" v="Plac Konesera"/>
	<tag k="check_date" v="2025-12-27"/>
	<tag k="email" v="info@gamaconcept.co"/>
	<tag k="name" v="Muzeum Akademii Sztuk Pięknych w Warszawie"/>
	<tag k="opening_hours" v="Mo-Fr 10:00-18:00"/>
	<tag k="phone" v="+48793777177"/>
	<tag k="tourism" v="museum"/>
	<tag k="website" v="https://gamaconcept.co/"/>
	<tag k="wheelchair" v="yes"/>
	<tag k="operator" v="Akademia Sztuk Pięknych"/>
	<tag k="operator:type" v="ngo"/>
	<tag k="source:tourism" v="Wykaz Muzeów, wypis na dzień 2026-04-09"/>
</node>
<way id="293800754" version="8" timestamp="2026-02-28T19:37:20Z" action="modify" changeset="179184431" uid="10122757" user="ZuquetuPlexis">
	<tag k="addr:city" v="Świnoujście"/>
	<tag k="addr:city:simc" v="0979722"/>
	<tag k="addr:housenumber" v="1"/>
	<tag k="addr:postcode" v="72-600"/>
	<tag k="addr:street" v="plac Rybaka"/>
	<tag k="addr:street:sym_ul" v="19147"/>
	<tag k="alt_name" v="Muzeum Rybołówstwa Morskiego w Świnoujściu"/>
	<tag k="building" v="public"/>
	<tag k="building:fireproof" v="yes"/>
	<tag k="building:levels" v="2"/>
	<tag k="building:levels:underground" v="0"/>
	<tag k="building:usage:pl" v="budynek muzeum i biblioteki"/>
	<tag k="email" v="muzeum@fornet.com.pl"/>
	<tag k="fee" v="yes"/>
	<tag k="name" v="Muzeum Historii Twierdzy Świnoujście"/>
	<tag k="name:de" v="Fischereimuseum Swinemünde"/>
	<tag k="opening_hours" v="Jan-May: Tu-Su 09:00-17:00; Jun: Mo-Su 09:00-17:00; Jul-Aug: Mo-Fr 09:00-20:00; Sa-Su 09:00-17:00; Sep: Mo-Su 09:00-17:00; Oct-Dec Tu-Su 09:00-17:00"/>
	<tag k="phone" v="+48 91 321 24 26"/>
	<tag k="roof:levels" v="1"/>
	<tag k="roof:shape" v="gabled"/>
	<tag k="source" v="UM Świnoujście"/>
	<tag k="tourism" v="museum"/>
	<tag k="website" v="https://muzeum.swi.pl/"/>
	<tag k="wheelchair" v="no"/>
	<tag k="operator" v="Stowarzyszenie Miłośników Fortów w Świnoujściu Reduta"/>
	<tag k="operator:type" v="ngo"/>
	<tag k="source:tourism" v="Wykaz Muzeów, wypis na dzień 2026-04-09"/>
	<nd ref="2973824109"/>
	<nd ref="2973824443"/>
	<nd ref="2973824550"/>
	<nd ref="5852192325"/>
	<nd ref="2973824130"/>
	<nd ref="2973824533"/>
	<nd ref="10197801811"/>
	<nd ref="2973824121"/>
	<nd ref="2973824120"/>
	<nd ref="2973824446"/>
	<nd ref="2973824109"/>
</way>
<node id="2973824109" lat="53.9078545" lon="14.2521457" version="3" timestamp="2023-02-16T20:06:20Z"  changeset="132646040" uid="3214275" user="pio2_122">

</node>
<node id="2973824120" lat="53.9080026" lon="14.2520699" version="3" timestamp="2023-02-16T20:06:20Z"  changeset="132646040" uid="3214275" user="pio2_122">

</node>
<node id="2973824121" lat="53.9080065" lon="14.252071" version="3" timestamp="2023-02-16T20:06:20Z"  changeset="132646040" uid="3214275" user="pio2_122">

</node>
<node id="2973824130" lat="53.9080255" lon="14.2519802" version="3" timestamp="2023-02-16T20:06:20Z"  changeset="132646040" uid="3214275" user="pio2_122">

</node>
<node id="2973824443" lat="53.9079554" lon="14.2517457" version="3" timestamp="2023-02-16T20:06:20Z"  changeset="132646040" uid="3214275" user="pio2_122">

</node>
<node id="2973824446" lat="53.9079641" lon="14.2522236" version="3" timestamp="2023-02-16T20:06:20Z"  changeset="132646040" uid="3214275" user="pio2_122">

</node>
<node id="2973824533" lat="53.908029" lon="14.2519829" version="3" timestamp="2023-02-16T20:06:20Z"  changeset="132646040" uid="3214275" user="pio2_122">

</node>
<node id="2973824550" lat="53.9080648" lon="14.2518244" version="3" timestamp="2023-02-16T20:06:20Z"  changeset="132646040" uid="3214275" user="pio2_122">

</node>
<node id="5852192325" lat="53.9080602" lon="14.2518427" version="3" timestamp="2023-02-16T20:06:20Z"  changeset="132646040" uid="3214275" user="pio2_122">
	<tag k="description" v="plakietka na dole, przy samym chodniku"/>
	<tag k="flood_date" v="1913-12-31"/>
	<tag k="flood_mark" v="plaque"/>
	<tag k="historic" v="flood_mark"/>
	<tag k="inscription" v="HOCHWASSER / 31.DEZ.1913"/>
	<tag k="location" v="outdoor"/>
	<tag k="source" v="https://fotopolska.eu/378782,foto.html"/>
</node>
<node id="10197801811" lat="53.9080178" lon="14.2520269" version="2" timestamp="2023-02-16T20:06:20Z"  changeset="132646040" uid="3214275" user="pio2_122">
	<tag k="entrance" v="main"/>
</node>
<way id="181601280" version="11" timestamp="2026-02-16T22:12:36Z" action="modify" changeset="178651366" uid="2044927" user="Mariusz Staniszewski">
	<tag k="addr:city" v="Police"/>
	<tag k="addr:housenumber" v="31"/>
	<tag k="addr:last_update" v="2010-12-03 14:33:31"/>
	<tag k="addr:street" v="Spółdzielcza"/>
	<tag k="building" v="bunker"/>
	<tag k="building:levels" v="1"/>
	<tag k="name" v="Muzeum Historyczne Skarb w Policach"/>
	<tag k="source" v="Gmina Police"/>
	<tag k="tourism" v="museum"/>
	<tag k="website" v="https://skarbpolice.pl/"/>
	<tag k="wikidata" v="Q19401267"/>
	<tag k="wikipedia" v="pl:Muzeum Historyczne „Skarb” w Policach"/>
	<tag k="addr:postcode" v="72-010"/>
	<tag k="operator" v="Stowarzyszenie Przyjaciół Ziemi Polickiej Skarb z siedzibą w Policach"/>
	<tag k="operator:type" v="ngo"/>
	<tag k="source:tourism" v="Wykaz Muzeów, wypis na dzień 2026-04-09"/>
	<nd ref="3075822227"/>
	<nd ref="3075822228"/>
	<nd ref="3075822230"/>
	<nd ref="3075822226"/>
	<nd ref="3075822223"/>
	<nd ref="3075822224"/>
	<nd ref="3075822213"/>
	<nd ref="3075822212"/>
	<nd ref="3075822211"/>
	<nd ref="3075822214"/>
	<nd ref="3075822216"/>
	<nd ref="3075822215"/>
	<nd ref="3075822227"/>
</way>
<node id="3075822211" lat="53.5531701" lon="14.5423425" version="1" timestamp="2014-09-13T21:29:05Z"  changeset="25416506" uid="603523" user="maciek-szn">

</node>
<node id="3075822212" lat="53.5532089" lon="14.5422591" version="1" timestamp="2014-09-13T21:29:05Z"  changeset="25416506" uid="603523" user="maciek-szn">

</node>
<node id="3075822213" lat="53.5532347" lon="14.5422929" version="1" timestamp="2014-09-13T21:29:05Z"  changeset="25416506" uid="603523" user="maciek-szn">

</node>
<node id="3075822214" lat="53.553286" lon="14.5424946" version="1" timestamp="2014-09-13T21:29:05Z"  changeset="25416506" uid="603523" user="maciek-szn">

</node>
<node id="3075822215" lat="53.5532986" lon="14.5423773" version="1" timestamp="2014-09-13T21:29:05Z"  changeset="25416506" uid="603523" user="maciek-szn">

</node>
<node id="3075822216" lat="53.5533248" lon="14.5424116" version="1" timestamp="2014-09-13T21:29:05Z"  changeset="25416506" uid="603523" user="maciek-szn">

</node>
<node id="3075822223" lat="53.5534733" lon="14.541691" version="1" timestamp="2014-09-13T21:29:05Z"  changeset="25416506" uid="603523" user="maciek-szn">

</node>
<node id="3075822224" lat="53.5534998" lon="14.5417259" version="1" timestamp="2014-09-13T21:29:05Z"  changeset="25416506" uid="603523" user="maciek-szn">

</node>
<node id="3075822226" lat="53.5535118" lon="14.5416082" version="1" timestamp="2014-09-13T21:29:06Z"  changeset="25416506" uid="603523" user="maciek-szn">

</node>
<node id="3075822227" lat="53.5535627" lon="14.541809" version="1" timestamp="2014-09-13T21:29:06Z"  changeset="25416506" uid="603523" user="maciek-szn">

</node>
<node id="3075822228" lat="53.5535892" lon="14.5418437" version="1" timestamp="2014-09-13T21:29:06Z"  changeset="25416506" uid="603523" user="maciek-szn">

</node>
<node id="3075822230" lat="53.5536274" lon="14.5417606" version="1" timestamp="2014-09-13T21:29:06Z"  changeset="25416506" uid="603523" user="maciek-szn">

</node>
<node id="4758640489" lat="51.7634643" lon="18.0888003" version="2" timestamp="2022-05-15T22:03:09Z" action="modify" changeset="121026641" uid="462341" user="czupirek">
	<tag k="addr:city" v="Kalisz"/>
	<tag k="addr:housenumber" v="2"/>
	<tag k="addr:postcode" v="62-800"/>
	<tag k="addr:street" v="Garbarska"/>
	<tag k="name" v="Muzeum im. G. i. J. Osiakowskich"/>
	<tag k="tourism" v="museum"/>
	<tag k="wikidata" v="Q112036648"/>
	<tag k="operator" v="Fundacja ,,Króla Salomona"/>
	<tag k="operator:type" v="ngo"/>
	<tag k="source:tourism" v="Wykaz Muzeów, wypis na dzień 2026-04-09"/>
</node>
<node id="2980111364" lat="52.2213603" lon="21.0406926" version="8" timestamp="2026-03-17T09:48:38Z" action="modify" changeset="179995038" uid="21828911" user="Yukiroshi">
	<tag k="addr:city" v="Warszawa"/>
	<tag k="addr:housenumber" v="3"/>
	<tag k="addr:postcode" v="00-449"/>
	<tag k="addr:street" v="Łazienkowska"/>
	<tag k="check_date" v="2024-08-14"/>
	<tag k="museum" v="history"/>
	<tag k="name" v="Muzeum Kolejnictwa"/>
	<tag k="opening_hours" v="closed"/>
	<tag k="tourism" v="museum"/>
	<tag k="website" v="https://legia.com/muzeum-legii"/>
	<tag k="wheelchair" v="yes"/>
	<tag k="wikidata" v="Q15709891"/>
	<tag k="wikipedia" v="pl:Muzeum Legii Warszawa im. Wiktora Bołby"/>
	<tag k="operator" v="Stacja Muzeum"/>
	<tag k="operator:type" v="ngo"/>
	<tag k="source:tourism" v="Wykaz Muzeów, wypis na dzień 2026-04-09"/>
</node>
<node id="12993910783" lat="51.3934333" lon="21.201684" version="1" timestamp="2025-07-11T09:28:44Z" action="modify" changeset="168785858" uid="1744629" user="voltairovicz">
	<tag k="addr:city" v="Radom"/>
	<tag k="addr:housenumber" v="1"/>
	<tag k="addr:postcode" v="26-600"/>
	<tag k="addr:street" v="Profesora Tadeusza Sołtyka"/>
	<tag k="email" v="recepcja@flyport.pl"/>
	<tag k="museum" v="technology"/>
	<tag k="name" v="Muzeum Kolekcja Sztuki Współczesnej"/>
	<tag k="operator" v="Samorządowa instytucja kultury - Mazowieckie Centrum Sztuki Współczesnej Elektrownia w Radomiu, dla której organizatorem jest Województwo Mazowieckie"/>
	<tag k="tourism" v="museum"/>
	<tag k="website" v="https://www.flyport.pl"/>
	<tag k="operator:type" v="ngo"/>
	<tag k="source:tourism" v="Wykaz Muzeów, wypis na dzień 2026-04-09"/>
</node>
<node id="9993295947" lat="52.2170113" lon="21.0043681" version="4" timestamp="2025-08-19T09:19:11Z" action="modify" changeset="170658176" uid="19743347" user="Sylabowy Kot">
	<tag k="addr:city" v="Warszawa"/>
	<tag k="addr:door" v="1"/>
	<tag k="addr:housenumber" v="208A"/>
	<tag k="addr:street" v="Aleja Niepodległości"/>
	<tag k="charge" v="35 PLN"/>
	<tag k="contact:facebook" v="wmkig"/>
	<tag k="contact:instagram" v="wmkigpl"/>
	<tag k="description" v="Muzueum funkcjonuje w obrębie lokali 1-8 Warszawskiej Giełdy elektronicznej"/>
	<tag k="email" v="kontakt@wmkig.pl"/>
	<tag k="fee" v="yes"/>
	<tag k="layer" v="-1"/>
	<tag k="leisure" v="amusement_arcade"/>
	<tag k="level" v="-1"/>
	<tag k="location" v="underground"/>
	<tag k="name" v="Muzeum Komputerów i Gier w Warszawie"/>
	<tag k="name:en" v="Warsaw Museum of Computers and Games"/>
	<tag k="opening_hours" v="Su, Tu-Fr 12:00-18:00; Sa 10:00-20:00"/>
	<tag k="phone" v="+48 570 519 000;+48 515 663 386"/>
	<tag k="short_name" v="WMKiG"/>
	<tag k="tourism" v="museum"/>
	<tag k="website" v="http://wmkig.pl/"/>
	<tag k="addr:postcode" v="00-609"/>
	<tag k="operator" v="Warszawskie Muzeum Komputerów i Gier sp. z o.o."/>
	<tag k="operator:type" v="ngo"/>
	<tag k="source:tourism" v="Wykaz Muzeów, wypis na dzień 2026-04-09"/>
</node>
<way id="236556469" version="13" timestamp="2026-03-30T20:07:58Z" action="modify" changeset="180645926" uid="20395362" user="mаrаf24">
	<tag k="addr:city" v="Jarocin"/>
	<tag k="addr:city:simc" v="0936776"/>
	<tag k="addr:housenumber" v="1"/>
	<tag k="addr:postcode" v="63-200"/>
	<tag k="addr:street" v="Rynek"/>
	<tag k="building" v="office"/>
	<tag k="heritage" v="2"/>
	<tag k="heritage:operator" v="nid"/>
	<tag k="name" v="Muzeum Parowozownia Jarocin w Jarocinie"/>
	<tag k="name:de" v="Rathaus"/>
	<tag k="name:pl" v="Ratusz"/>
	<tag k="ref:nid" v="10/64"/>
	<tag k="source" v="zVID & Bing"/>
	<tag k="source:addr" v="EMUiA@iMPA (jarocin.e-mapa.net)"/>
	<tag k="tourism" v="museum"/>
	<tag k="website" v="https://www.muzeumjarocin.pl/"/>
	<tag k="wikidata" v="Q11833856"/>
	<tag k="wikipedia" v="pl:Ratusz w Jarocinie"/>
	<tag k="operator" v="Towarzystwo Kolei Wielkopolskiej z siedzibą w Jarocinie"/>
	<tag k="operator:type" v="ngo"/>
	<tag k="source:tourism" v="Wykaz Muzeów, wypis na dzień 2026-04-09"/>
	<nd ref="2445783261"/>
	<nd ref="2445783250"/>
	<nd ref="2445783248"/>
	<nd ref="2445783259"/>
	<nd ref="2445783261"/>
</way>
<node id="2445783248" lat="51.9721467" lon="17.5014742" version="4" timestamp="2026-03-30T20:07:57Z"  changeset="180645926" uid="20395362" user="mаrаf24">

</node>
<node id="2445783250" lat="51.9723051" lon="17.5017892" version="4" timestamp="2026-03-30T20:07:57Z"  changeset="180645926" uid="20395362" user="mаrаf24">

</node>
<node id="2445783259" lat="51.9723386" lon="17.5012118" version="4" timestamp="2026-03-30T20:07:57Z"  changeset="180645926" uid="20395362" user="mаrаf24">

</node>
<node id="2445783261" lat="51.9725002" lon="17.50153" version="4" timestamp="2026-03-30T20:07:57Z"  changeset="180645926" uid="20395362" user="mаrаf24">

</node>
<way id="291814334" version="8" timestamp="2024-05-25T19:47:18Z" action="modify" changeset="151826323" uid="7354698" user="mickul">
	<tag k="addr:city" v="Zakopane"/>
	<tag k="addr:housenumber" v="6"/>
	<tag k="addr:street" v="Droga do Rojów"/>
	<tag k="alt_name" v="Chałupa Łukaszczyka"/>
	<tag k="building" v="public"/>
	<tag k="fee" v="yes"/>
	<tag k="fee:conditional" v="no @ Th"/>
	<tag k="heritage" v="2"/>
	<tag k="heritage:operator" v="nid"/>
	<tag k="historic" v="yes"/>
	<tag k="image" v="https://commons.wikimedia.org/wiki/File:Zakopane_Droga-do_Rojow_6_dom_drewniany_02_A-1100_M.JPG"/>
	<tag k="name" v="Muzeum Pod Kuźniczym Młotem"/>
	<tag k="opening_hours" v="Mo-Su 09:00-17:00; Fr-Sa 11:00-19:00; Tu off"/>
	<tag k="operator" v="Zakopiańska Fundacja Narodowa Skansen"/>
	<tag k="operator:type" v="ngo"/>
	<tag k="ref:nid" v="137/V-114/13/57"/>
	<tag k="source" v="emuia.gugik.gov.pl"/>
	<tag k="start_date" v="~1830"/>
	<tag k="tourism" v="museum"/>
	<tag k="website" v="https://muzeumtatrzanskie.pl/filie/chalupa-gasienicow-sobczakow/"/>
	<tag k="addr:postcode" v="34-500"/>
	<tag k="source:tourism" v="Wykaz Muzeów, wypis na dzień 2026-04-09"/>
	<nd ref="2953236035"/>
	<nd ref="2953236037"/>
	<nd ref="2953236038"/>
	<nd ref="2953236036"/>
	<nd ref="3297345616"/>
	<nd ref="3297345614"/>
	<nd ref="3297345613"/>
	<nd ref="3297345615"/>
	<nd ref="2953236035"/>
</way>
<node id="2953236035" lat="49.2919192" lon="19.9368824" version="4" timestamp="2015-01-18T20:06:24Z"  changeset="28239114" uid="67255" user="Rogoyski">

</node>
<node id="2953236036" lat="49.2919338" lon="19.9370549" version="4" timestamp="2015-01-18T20:06:24Z"  changeset="28239114" uid="67255" user="Rogoyski">

</node>
<node id="2953236037" lat="49.2919915" lon="19.936868" version="4" timestamp="2015-01-18T20:06:24Z"  changeset="28239114" uid="67255" user="Rogoyski">

</node>
<node id="2953236038" lat="49.2920062" lon="19.9370405" version="4" timestamp="2015-01-18T20:06:24Z"  changeset="28239114" uid="67255" user="Rogoyski">

</node>
<node id="3297345613" lat="49.2919109" lon="19.9369534" version="1" timestamp="2015-01-18T20:05:57Z"  changeset="28239114" uid="67255" user="Rogoyski">

</node>
<node id="3297345614" lat="49.2919142" lon="19.9369919" version="1" timestamp="2015-01-18T20:05:57Z"  changeset="28239114" uid="67255" user="Rogoyski">

</node>
<node id="3297345615" lat="49.291925" lon="19.9369506" version="1" timestamp="2015-01-18T20:05:57Z"  changeset="28239114" uid="67255" user="Rogoyski">

</node>
<node id="3297345616" lat="49.2919282" lon="19.9369891" version="1" timestamp="2015-01-18T20:05:57Z"  changeset="28239114" uid="67255" user="Rogoyski">

</node>
<node id="4563414052" lat="54.3766223" lon="18.2875896" version="3" timestamp="2017-04-26T00:05:01Z" action="modify" changeset="48145164" uid="69607" user="rmikke">
	<tag k="addr:city" v="Przodkowo"/>
	<tag k="addr:country" v="PL"/>
	<tag k="addr:housenumber" v="23"/>
	<tag k="addr:postcode" v="83-304"/>
	<tag k="addr:street" v="Kartuska"/>
	<tag k="image" v="https://upload.wikimedia.org/wikipedia/commons/thumb/0/0c/Przodkowo_%28OSP%29.JPG/1280px-Przodkowo_%28OSP%29.JPG"/>
	<tag k="name" v="Muzeum Pożarnictwa w Przodkowie"/>
	<tag k="official_name" v="Muzeum Pożarnictwa im. Leona Deyka"/>
	<tag k="operator" v="Stowarzyszenie Ochotnicza Straż Pożarna w Przodkowie"/>
	<tag k="short_name" v="Muzeum"/>
	<tag k="tourism" v="museum"/>
	<tag k="wheelchair" v="no"/>
	<tag k="wikidata" v="Q17619161"/>
	<tag k="wikipedia" v="pl:Muzeum Pożarnictwa w Przodkowie"/>
	<tag k="operator:type" v="ngo"/>
	<tag k="source:tourism" v="Wykaz Muzeów, wypis na dzień 2026-04-09"/>
</node>
<node id="1779004018" lat="50.2872417" lon="18.8329487" version="7" timestamp="2024-11-05T00:00:55Z" action="modify" changeset="158760606" uid="7965463" user="Bezi_">
	<tag k="addr:city" v="Ruda Śląska"/>
	<tag k="addr:housenumber" v="42"/>
	<tag k="addr:postcode" v="41-711"/>
	<tag k="addr:street" v="Zajęcza"/>
	<tag k="loc_name" v="Muzeum PRLu"/>
	<tag k="museum" v="history"/>
	<tag k="name" v="Muzeum PRL-u w Rudzie Śląskiej"/>
	<tag k="name:en" v="Museum of Communist Poland"/>
	<tag k="operator" v="Fundacja Minionej Epoki"/>
	<tag k="operator:type" v="ngo"/>
	<tag k="tourism" v="museum"/>
	<tag k="website" v="https://muzeumprl-u.pl/"/>
	<tag k="wheelchair" v="yes"/>
	<tag k="wikidata" v="Q16580010"/>
	<tag k="wikipedia" v="pl:Muzeum PRL-u w Rudzie Śląskiej"/>
	<tag k="source:tourism" v="Wykaz Muzeów, wypis na dzień 2026-04-09"/>
</node>
<way id="405633904" version="8" timestamp="2025-06-29T09:15:21Z" action="modify" changeset="168256461" uid="290680" user="wheelmap_visitor">
	<tag k="addr:city" v="Wałbrzych"/>
	<tag k="addr:housenumber" v="29"/>
	<tag k="addr:postcode" v="58-304"/>
	<tag k="addr:street" v="Piotra Wysockiego"/>
	<tag k="building" v="yes"/>
	<tag k="contact:facebook" v="https://www.facebook.com/starakopalnia/"/>
	<tag k="description" v="http://openpoimap.org/?map=various&zoom=18&lat=50.77194&lon=16.26086&layers=B00FFFFFFFFFFFFFTFFFFFF"/>
	<tag k="image" v="https://photos.app.goo.gl/2s79JQZQHJ3pEqxa6"/>
	<tag k="name" v="Muzeum Przemysłu i Techniki w Wałbrzychu"/>
	<tag k="phone" v="+48 74 667 09 70"/>
	<tag k="source:addr" v="EMUiA (emuia.gugik.gov.pl)"/>
	<tag k="tourism" v="museum"/>
	<tag k="url" v="https://youtu.be/oCzARb6nx9s"/>
	<tag k="url:0" v="https://polska-org.pl/3209177,Walbrzych,Walbrzyski_Osrodek_Kultury_Stara_Kopalnia.html"/>
	<tag k="url:1" v="https://fotopolska.eu/Park_Wielokulturowy_Stara_Kopalnia_Walbrzyski_Osrodek_Kultury?map_z=18"/>
	<tag k="website" v="https://starakopalnia.pl/"/>
	<tag k="wheelchair" v="yes"/>
	<tag k="operator" v="Samorządowa instytucja kultury pn. Park Wielokulturowy – Stara Kopalnia w Wałbrzychu, dla której organizatorem jest Gmina Wałbrzych"/>
	<tag k="operator:type" v="ngo"/>
	<tag k="source:tourism" v="Wykaz Muzeów, wypis na dzień 2026-04-09"/>
	<nd ref="4077990095"/>
	<nd ref="9200953939"/>
	<nd ref="9200953940"/>
	<nd ref="4938078807"/>
	<nd ref="9200953941"/>
	<nd ref="9200953942"/>
	<nd ref="4077990141"/>
	<nd ref="9200953946"/>
	<nd ref="9200953945"/>
	<nd ref="9200953944"/>
	<nd ref="9200953943"/>
	<nd ref="4077990131"/>
	<nd ref="9200953950"/>
	<nd ref="9200953947"/>
	<nd ref="9200953948"/>
	<nd ref="9200953949"/>
	<nd ref="9200953918"/>
	<nd ref="4077990145"/>
	<nd ref="9200953917"/>
	<nd ref="9200953932"/>
	<nd ref="9200953933"/>
	<nd ref="9200953934"/>
	<nd ref="9200953931"/>
	<nd ref="9200953930"/>
	<nd ref="9200953923"/>
	<nd ref="9200953921"/>
	<nd ref="9200953922"/>
	<nd ref="9200953928"/>
	<nd ref="9200953924"/>
	<nd ref="9200953925"/>
	<nd ref="9200953926"/>
	<nd ref="9200953929"/>
	<nd ref="9200953927"/>
	<nd ref="4077990201"/>
	<nd ref="9200953936"/>
	<nd ref="9200953935"/>
	<nd ref="9200953938"/>
	<nd ref="9200953937"/>
	<nd ref="3575352065"/>
	<nd ref="9021051645"/>
	<nd ref="4077990090"/>
	<nd ref="9400671619"/>
	<nd ref="4077990095"/>
</way>
<node id="3575352065" lat="50.7723702" lon="16.2610172" version="4" timestamp="2021-10-25T19:39:08Z"  changeset="112964313" uid="1381079" user="d3mol3k">

</node>
<node id="4077990090" lat="50.772158" lon="16.2612553" version="5" timestamp="2022-01-07T20:20:16Z"  changeset="115891004" uid="1744629" user="voltairovicz">

</node>
<node id="4077990095" lat="50.7721672" lon="16.2613918" version="5" timestamp="2022-01-07T20:20:16Z"  changeset="115891004" uid="1744629" user="voltairovicz">

</node>
<node id="4077990131" lat="50.7722946" lon="16.2617884" version="4" timestamp="2021-10-25T19:39:08Z"  changeset="112964313" uid="1381079" user="d3mol3k">

</node>
<node id="4077990141" lat="50.7723359" lon="16.2617514" version="4" timestamp="2021-10-25T19:39:08Z"  changeset="112964313" uid="1381079" user="d3mol3k">

</node>
<node id="4077990145" lat="50.7723367" lon="16.2618805" version="4" timestamp="2021-10-25T19:39:08Z"  changeset="112964313" uid="1381079" user="d3mol3k">

</node>
<node id="4077990201" lat="50.7726246" lon="16.2615688" version="4" timestamp="2021-10-25T19:39:08Z"  changeset="112964313" uid="1381079" user="d3mol3k">

</node>
<node id="4938078807" lat="50.7722852" lon="16.2616357" version="2" timestamp="2021-08-19T18:32:52Z"  changeset="109949063" uid="3610826" user="km2bp">

</node>
<node id="9021051645" lat="50.7723319" lon="16.2610602" version="2" timestamp="2021-10-25T19:39:08Z"  changeset="112964313" uid="1381079" user="d3mol3k">

</node>
<node id="9200953917" lat="50.7723399" lon="16.2618876" version="1" timestamp="2021-10-25T19:39:08Z"  changeset="112964313" uid="1381079" user="d3mol3k">

</node>
<node id="9200953918" lat="50.7723386" lon="16.2618783" version="1" timestamp="2021-10-25T19:39:08Z"  changeset="112964313" uid="1381079" user="d3mol3k">

</node>
<node id="9200953921" lat="50.7725951" lon="16.2616048" version="1" timestamp="2021-10-25T19:39:08Z"  changeset="112964313" uid="1381079" user="d3mol3k">

</node>
<node id="9200953922" lat="50.7725978" lon="16.2616116" version="1" timestamp="2021-10-25T19:39:08Z"  changeset="112964313" uid="1381079" user="d3mol3k">

</node>
<node id="9200953923" lat="50.7725898" lon="16.2616112" version="1" timestamp="2021-10-25T19:39:08Z"  changeset="112964313" uid="1381079" user="d3mol3k">

</node>
<node id="9200953924" lat="50.7725978" lon="16.261602" version="1" timestamp="2021-10-25T19:39:08Z"  changeset="112964313" uid="1381079" user="d3mol3k">

</node>
<node id="9200953925" lat="50.7726115" lon="16.2615849" version="1" timestamp="2021-10-25T19:39:08Z"  changeset="112964313" uid="1381079" user="d3mol3k">

</node>
<node id="9200953926" lat="50.7726151" lon="16.261593" version="1" timestamp="2021-10-25T19:39:08Z"  changeset="112964313" uid="1381079" user="d3mol3k">

</node>
<node id="9200953927" lat="50.772614" lon="16.2615822" version="1" timestamp="2021-10-25T19:39:08Z"  changeset="112964313" uid="1381079" user="d3mol3k">

</node>
<node id="9200953928" lat="50.7726005" lon="16.2616086" version="1" timestamp="2021-10-25T19:39:08Z"  changeset="112964313" uid="1381079" user="d3mol3k">

</node>
<node id="9200953929" lat="50.7726179" lon="16.2615896" version="1" timestamp="2021-10-25T19:39:08Z"  changeset="112964313" uid="1381079" user="d3mol3k">

</node>
<node id="9200953930" lat="50.7725912" lon="16.2616154" version="1" timestamp="2021-10-25T19:39:08Z"  changeset="112964313" uid="1381079" user="d3mol3k">

</node>
<node id="9200953931" lat="50.7724779" lon="16.261748" version="1" timestamp="2021-10-25T19:39:08Z"  changeset="112964313" uid="1381079" user="d3mol3k">

</node>
<node id="9200953932" lat="50.7724107" lon="16.2618065" version="1" timestamp="2021-10-25T19:39:08Z"  changeset="112964313" uid="1381079" user="d3mol3k">

</node>
<node id="9200953933" lat="50.7724136" lon="16.2618115" version="1" timestamp="2021-10-25T19:39:08Z"  changeset="112964313" uid="1381079" user="d3mol3k">

</node>
<node id="9200953934" lat="50.772475" lon="16.261743" version="1" timestamp="2021-10-25T19:39:08Z"  changeset="112964313" uid="1381079" user="d3mol3k">

</node>
<node id="9200953935" lat="50.7725888" lon="16.2615031" version="1" timestamp="2021-10-25T19:39:08Z"  changeset="112964313" uid="1381079" user="d3mol3k">

</node>
<node id="9200953936" lat="50.7725929" lon="16.2614984" version="1" timestamp="2021-10-25T19:39:08Z"  changeset="112964313" uid="1381079" user="d3mol3k">

</node>
<node id="9200953937" lat="50.7724425" lon="16.2611858" version="1" timestamp="2021-10-25T19:39:08Z"  changeset="112964313" uid="1381079" user="d3mol3k">

</node>
<node id="9200953938" lat="50.7724457" lon="16.2611818" version="1" timestamp="2021-10-25T19:39:08Z"  changeset="112964313" uid="1381079" user="d3mol3k">

</node>
<node id="9200953939" lat="50.7722005" lon="16.2614592" version="1" timestamp="2021-10-25T19:39:08Z"  changeset="112964313" uid="1381079" user="d3mol3k">

</node>
<node id="9200953940" lat="50.772204" lon="16.2614597" version="1" timestamp="2021-10-25T19:39:08Z"  changeset="112964313" uid="1381079" user="d3mol3k">

</node>
<node id="9200953941" lat="50.7722882" lon="16.2616415" version="1" timestamp="2021-10-25T19:39:08Z"  changeset="112964313" uid="1381079" user="d3mol3k">

</node>
<node id="9200953942" lat="50.7722881" lon="16.2616491" version="1" timestamp="2021-10-25T19:39:08Z"  changeset="112964313" uid="1381079" user="d3mol3k">

</node>
<node id="9200953943" lat="50.7722993" lon="16.2617824" version="1" timestamp="2021-10-25T19:39:08Z"  changeset="112964313" uid="1381079" user="d3mol3k">

</node>
<node id="9200953944" lat="50.7722984" lon="16.2617794" version="1" timestamp="2021-10-25T19:39:08Z"  changeset="112964313" uid="1381079" user="d3mol3k">

</node>
<node id="9200953945" lat="50.7723115" lon="16.2617626" version="1" timestamp="2021-10-25T19:39:08Z"  changeset="112964313" uid="1381079" user="d3mol3k">

</node>
<node id="9200953946" lat="50.7723174" lon="16.2617744" version="1" timestamp="2021-10-25T19:39:08Z"  changeset="112964313" uid="1381079" user="d3mol3k">

</node>
<node id="9200953947" lat="50.7723068" lon="16.2618078" version="1" timestamp="2021-10-25T19:39:08Z"  changeset="112964313" uid="1381079" user="d3mol3k">

</node>
<node id="9200953948" lat="50.7723207" lon="16.2618367" version="1" timestamp="2021-10-25T19:39:08Z"  changeset="112964313" uid="1381079" user="d3mol3k">

</node>
<node id="9200953949" lat="50.7723183" lon="16.2618396" version="1" timestamp="2021-10-25T19:39:08Z"  changeset="112964313" uid="1381079" user="d3mol3k">

</node>
<node id="9200953950" lat="50.772305" lon="16.2618099" version="1" timestamp="2021-10-25T19:39:08Z"  changeset="112964313" uid="1381079" user="d3mol3k">

</node>
<node id="9400671619" lat="50.7722018" lon="16.2613534" version="1" timestamp="2022-01-07T20:20:16Z"  changeset="115891004" uid="1744629" user="voltairovicz">

</node>
<node id="6505977917" lat="50.2791064" lon="19.5609731" version="3" timestamp="2026-04-07T16:24:40Z" action="modify" changeset="181009097" uid="14681038" user="Maciej_123">
	<tag k="addr:city" v="Olkusz"/>
	<tag k="addr:housenumber" v="20"/>
	<tag k="addr:postcode" v="32-300"/>
	<tag k="addr:street" v="Rynek"/>
	<tag k="description" v="W muzeum jest miecz z przełomu XIII i XIV wieku zwany „katowskim”, średniowieczne rzeźby, groty strzał z XV wieku, włócznia Longobardów, drewniane rury wodociągowe z XVI-XVII wieku, kolekcja archeologiczna, etnograficzna oraz górnictwa kruszcowego."/>
	<tag k="level" v="1"/>
	<tag k="name" v="Muzeum Regionalne PTTK im. Antoniego Minkiewicza w Olkuszu"/>
	<tag k="opening_hours" v="Mo-Fr 09:00-16:00"/>
	<tag k="operator" v="Polskie Towarzystwo Turystyczno-Krajoznawcze im. Aleksandra Janowskiego Oddział w Olkuszu"/>
	<tag k="payment:cash" v="yes"/>
	<tag k="phone" v="+ 48 32 643 42 27"/>
	<tag k="source" v="local knowledge"/>
	<tag k="start_date" v="1911"/>
	<tag k="tourism" v="museum"/>
	<tag k="website" v="http://www.pttkolkusz.pl/"/>
	<tag k="wheelchair" v="no"/>
	<tag k="operator:type" v="ngo"/>
	<tag k="source:tourism" v="Wykaz Muzeów, wypis na dzień 2026-04-09"/>
</node>
<way id="633974278" version="5" timestamp="2025-11-18T15:16:09Z" action="modify" changeset="174820543" uid="1682993" user="szedar">
	<tag k="addr:city" v="Krokowa"/>
	<tag k="addr:housenumber" v="1"/>
	<tag k="addr:postcode" v="84-110"/>
	<tag k="addr:street" v="Zamkowa"/>
	<tag k="building" v="yes"/>
	<tag k="email" v="muzeum@zamekkrokowa.pl"/>
	<tag k="fax" v="+48 58 774 21 11 x117"/>
	<tag k="name" v="Muzeum Regionalne w Krokowej"/>
	<tag k="phone" v="+48 58 774 21 11 x115; +48 669 790 700"/>
	<tag k="tourism" v="museum"/>
	<tag k="website" v="http://zamekkrokowa.pl/pl/muzeum/"/>
	<tag k="operator" v="Fundacja Europejskie Spotkania Kaszubskie Centrum Kultury Krokowa"/>
	<tag k="operator:type" v="ngo"/>
	<tag k="source:tourism" v="Wykaz Muzeów, wypis na dzień 2026-04-09"/>
	<nd ref="5983809486"/>
	<nd ref="2353780397"/>
	<nd ref="2353780394"/>
	<nd ref="5998159900"/>
	<nd ref="5983809488"/>
	<nd ref="5983809489"/>
	<nd ref="5983809486"/>
</way>
<node id="2353780394" lat="54.7780729" lon="18.1648426" version="6" timestamp="2018-10-14T19:28:20Z"  changeset="63518186" uid="8023523" user="Constrado">

</node>
<node id="2353780397" lat="54.7781261" lon="18.1646633" version="6" timestamp="2018-10-14T19:28:20Z"  changeset="63518186" uid="8023523" user="Constrado">

</node>
<node id="5983809486" lat="54.7781437" lon="18.1646031" version="2" timestamp="2018-10-14T19:28:20Z"  changeset="63518186" uid="8023523" user="Constrado">

</node>
<node id="5983809488" lat="54.7779656" lon="18.1648145" version="2" timestamp="2018-10-14T19:28:20Z"  changeset="63518186" uid="8023523" user="Constrado">

</node>
<node id="5983809489" lat="54.7780512" lon="18.1645218" version="2" timestamp="2018-10-14T19:28:20Z"  changeset="63518186" uid="8023523" user="Constrado">

</node>
<node id="5998159900" lat="54.7780576" lon="18.1648954" version="1" timestamp="2018-10-19T13:13:34Z"  changeset="63678233" uid="8023523" user="Constrado">

</node>
<node id="9448089639" lat="49.9796281" lon="21.2910522" version="2" timestamp="2023-06-02T17:59:47Z" action="modify" changeset="136878584" uid="15803602" user="michalgwo">
	<tag k="addr:city" v="Pilzno"/>
	<tag k="addr:housenumber" v="8"/>
	<tag k="addr:postcode" v="39-220"/>
	<tag k="addr:street" v="Petrycego"/>
	<tag k="museum" v="history"/>
	<tag k="name" v="Muzeum Regionalne w Pilźnie"/>
	<tag k="phone" v="+48 14 672 11 90"/>
	<tag k="tourism" v="museum"/>
	<tag k="website" v="http://www.muzeumpilzno.pl/"/>
	<tag k="wikidata" v="Q112042320"/>
	<tag k="operator" v="Dom Kultury w Pilźnie"/>
	<tag k="operator:type" v="ngo"/>
	<tag k="source:tourism" v="Wykaz Muzeów, wypis na dzień 2026-04-09"/>
</node>
<way id="124812372" version="16" timestamp="2025-03-04T13:43:32Z" action="modify" changeset="163202433" uid="145231" user="woodpeck_repair">
	<tag k="addr:city" v="Gdańsk"/>
	<tag k="addr:housenumber" v="6"/>
	<tag k="addr:postcode" v="80-864"/>
	<tag k="addr:street" v="Księdza Jerzego Popiełuszki"/>
	<tag k="building" v="yes"/>
	<tag k="email" v="salabhp@solidarnosc.org.pl"/>
	<tag k="name" v="Muzeum Sali BHP Stoczni Gdańskiej"/>
	<tag k="name:de" v="Arbeits- und Gesundheitsschutzhalle"/>
	<tag k="name:pl" v="Sala BHP"/>
	<tag k="old_name:de" v="Torpedohalle"/>
	<tag k="opening_hours" v="10:00-18:00"/>
	<tag k="phone" v="+48583084210"/>
	<tag k="ref:ckkp" v="PM00847"/>
	<tag k="tourism" v="museum"/>
	<tag k="website" v="http://www.salabhp.pl/"/>
	<tag k="wikidata" v="Q16019849"/>
	<tag k="wikipedia" v="pl:Sala BHP"/>
	<tag k="operator" v="Fundacja Promocji Solidarności z siedzibą w Gdańsku"/>
	<tag k="operator:type" v="ngo"/>
	<tag k="source:tourism" v="Wykaz Muzeów, wypis na dzień 2026-04-09"/>
	<nd ref="2670087941"/>
	<nd ref="2670087916"/>
	<nd ref="2670087894"/>
	<nd ref="2670087892"/>
	<nd ref="2670087889"/>
	<nd ref="2670087891"/>
	<nd ref="2670087890"/>
	<nd ref="2670087897"/>
	<nd ref="2670087900"/>
	<nd ref="2670087907"/>
	<nd ref="2670087917"/>
	<nd ref="2670087906"/>
	<nd ref="6744533322"/>
	<nd ref="2670087941"/>
</way>
<node id="2670087889" lat="54.3612534" lon="18.6520653" version="2" timestamp="2022-05-04T23:21:41Z"  changeset="120563857" uid="11437083" user="czebureks">

</node>
<node id="2670087890" lat="54.3612598" lon="18.652164" version="2" timestamp="2022-05-04T23:21:41Z"  changeset="120563857" uid="11437083" user="czebureks">

</node>
<node id="2670087891" lat="54.3612855" lon="18.6521101" version="2" timestamp="2022-05-04T23:21:41Z"  changeset="120563857" uid="11437083" user="czebureks">

</node>
<node id="2670087892" lat="54.3613334" lon="18.6518969" version="2" timestamp="2022-05-04T23:21:41Z"  changeset="120563857" uid="11437083" user="czebureks">

</node>
<node id="2670087894" lat="54.361357" lon="18.6519298" version="2" timestamp="2022-05-04T23:21:41Z"  changeset="120563857" uid="11437083" user="czebureks">

</node>
<node id="2670087897" lat="54.3614216" lon="18.6523851" version="2" timestamp="2022-05-04T23:21:41Z"  changeset="120563857" uid="11437083" user="czebureks">

</node>
<node id="2670087900" lat="54.3614448" lon="18.6523373" version="2" timestamp="2022-05-04T23:21:41Z"  changeset="120563857" uid="11437083" user="czebureks">

</node>
<node id="2670087906" lat="54.3614774" lon="18.6520991" version="2" timestamp="2022-05-04T23:21:41Z"  changeset="120563857" uid="11437083" user="czebureks">

</node>
<node id="2670087907" lat="54.3614795" lon="18.6523859" version="2" timestamp="2022-05-04T23:21:41Z"  changeset="120563857" uid="11437083" user="czebureks">

</node>
<node id="2670087916" lat="54.3615503" lon="18.6515227" version="2" timestamp="2022-05-04T23:21:41Z"  changeset="120563857" uid="11437083" user="czebureks">

</node>
<node id="2670087917" lat="54.3615605" lon="18.6522153" version="2" timestamp="2022-05-04T23:21:41Z"  changeset="120563857" uid="11437083" user="czebureks">

</node>
<node id="2670087941" lat="54.361671" lon="18.6516914" version="2" timestamp="2022-05-04T23:21:41Z"  changeset="120563857" uid="11437083" user="czebureks">

</node>
<node id="6744533322" lat="54.3614918" lon="18.6520689" version="2" timestamp="2022-05-04T23:21:41Z"  changeset="120563857" uid="11437083" user="czebureks">
	<tag k="entrance" v="main"/>
</node>
<node id="12425547068" lat="52.2353751" lon="21.0076505" version="2" timestamp="2026-02-20T01:09:32Z" action="modify" changeset="178797738" uid="6668641" user="syntex">
	<tag k="addr:city" v="Warszawa"/>
	<tag k="addr:housenumber" v="107"/>
	<tag k="addr:postcode" v="00-110"/>
	<tag k="addr:street" v="Marszałkowska"/>
	<tag k="check_date" v="2024-12-17"/>
	<tag k="email" v="przystanek.historia@ipn.gov.pl"/>
	<tag k="museum" v="history"/>
	<tag k="name" v="Muzeum Techniki Militarnej w Warszawie"/>
	<tag k="official_name" v="Centralny Przystanek Historia im. Prezydenta Lecha Kaczyńskiego"/>
	<tag k="opening_hours" v="Mo-Sa 10:00-18:00"/>
	<tag k="operator" v="Fundacja Ochrony Zabytków Techniki Wojskowej"/>
	<tag k="operator:type" v="ngo"/>
	<tag k="phone" v="+48 22 576 30 20"/>
	<tag k="tourism" v="museum"/>
	<tag k="website" v="https://cph.ipn.gov.pl/"/>
	<tag k="source:tourism" v="Wykaz Muzeów, wypis na dzień 2026-04-09"/>
</node>
<node id="8599017270" lat="52.4373911" lon="20.6763523" version="4" timestamp="2025-07-11T20:15:03Z" action="modify" changeset="168812909" uid="18089394" user="Mrksmlk">
	<tag k="addr:city" v="Nowy Dwór Mazowiecki"/>
	<tag k="addr:housenumber" v="200C"/>
	<tag k="addr:postcode" v="05-160"/>
	<tag k="addr:street" v="Generała Józefa Bema"/>
	<tag k="museum" v="history"/>
	<tag k="name" v="Muzeum Twierdzy Modlin w Nowym Dworze Mazowieckim"/>
	<tag k="opening_hours" v="We-Th 12:00-17:00; Fr-Sa 11:00-18:00"/>
	<tag k="start_date" v="2020-09-12"/>
	<tag k="tourism" v="museum"/>
	<tag k="website" v="https://twierdzamodlin.com/"/>
	<tag k="wheelchair" v="yes"/>
	<tag k="operator" v="Fundacja Nasza Historia"/>
	<tag k="operator:type" v="ngo"/>
	<tag k="source:tourism" v="Wykaz Muzeów, wypis na dzień 2026-04-09"/>
</node>
<node id="3107550049" lat="50.2994395" lon="19.1341281" version="4" timestamp="2024-02-23T13:11:49Z" action="modify" changeset="147811552" uid="4325881" user="stimoroll">
	<tag k="addr:city" v="Sosnowiec"/>
	<tag k="addr:housenumber" v="60"/>
	<tag k="addr:postcode" v="41-200"/>
	<tag k="addr:street" v="Będzińska"/>
	<tag k="name" v="Muzeum Wydziału Nauk o Ziemi Uniwersytetu Śląskiego w Katowicach"/>
	<tag k="operator" v="Uniwersytet Śląski w Katowicach"/>
	<tag k="tourism" v="museum"/>
	<tag k="wikidata" v="Q19401440"/>
	<tag k="wikimedia_commons" v="File:Ekspozycja Muzeum Gelolgicznego w Sosnowcu.jpg"/>
	<tag k="wikipedia" v="pl:Muzeum Nauk o Ziemi w Sosnowcu"/>
	<tag k="operator:type" v="ngo"/>
	<tag k="source:tourism" v="Wykaz Muzeów, wypis na dzień 2026-04-09"/>
</node>
<way id="883024899" version="2" timestamp="2024-03-02T18:38:27Z" action="modify" changeset="148142649" uid="3610826" user="km2bp">
	<tag k="addr:city" v="Wolsztyn"/>
	<tag k="addr:city:simc" v="0988632"/>
	<tag k="addr:housenumber" v="34"/>
	<tag k="addr:postcode" v="64-200"/>
	<tag k="addr:street" v="5 Stycznia"/>
	<tag k="building" v="yes"/>
	<tag k="contact:facebook" v="https://www.facebook.com/MuzeumRegionalneWolsztyn/?locale=pl_PL"/>
	<tag k="email" v="rozek@muzea-wolsztyn.com.pl"/>
	<tag k="image" v="https://photos.app.goo.gl/GezfGncgJ3amPrQk6"/>
	<tag k="name" v="Muzeum Regionalne w Wolsztynie"/>
	<tag k="opening_hours" v="Tu-Sa 10:00-16:00 Su 10:00-15:00"/>
	<tag k="phone" v="+48 68 384 26 48"/>
	<tag k="source" v="www.geoportal.gov.pl"/>
	<tag k="source:addr" v="EMUiA (wolsztyn.e-mapa.net)"/>
	<tag k="tourism" v="museum"/>
	<tag k="url" v="https://polska-org.pl/8414131,Wolsztyn,Muzeum_im_Marcina_Rozka.html"/>
	<tag k="url:0" v="https://fotopolska.eu/33663,obiekt.html?map_z=19"/>
	<tag k="website" v="https://muzea-wolsztyn.com.pl/muzeum-marcina-rozka/"/>
	<tag k="operator" v="Gmina Wolsztyn"/>
	<tag k="operator:type" v="government"/>
	<tag k="source:tourism" v="Wykaz Muzeów, wypis na dzień 2026-04-09"/>
	<nd ref="8211626519"/>
	<nd ref="8211624166"/>
	<nd ref="8211624167"/>
	<nd ref="2861120887"/>
	<nd ref="8211623537"/>
	<nd ref="8211623536"/>
	<nd ref="8211623535"/>
	<nd ref="8211626518"/>
	<nd ref="8211626519"/>
</way>
<node id="2861120887" lat="52.1175207" lon="16.1107685" version="5" timestamp="2024-03-02T18:38:27Z"  changeset="148142649" uid="3610826" user="km2bp">

</node>
<node id="8211623535" lat="52.1174951" lon="16.1107506" version="1" timestamp="2020-12-10T01:33:36Z"  changeset="95581177" uid="5308017" user="SamosaBelz">

</node>
<node id="8211623536" lat="52.1174937" lon="16.1107558" version="1" timestamp="2020-12-10T01:33:36Z"  changeset="95581177" uid="5308017" user="SamosaBelz">

</node>
<node id="8211623537" lat="52.1175194" lon="16.1107739" version="1" timestamp="2020-12-10T01:33:36Z"  changeset="95581177" uid="5308017" user="SamosaBelz">

</node>
<node id="8211624166" lat="52.1175915" lon="16.110662" version="1" timestamp="2020-12-10T01:33:36Z"  changeset="95581177" uid="5308017" user="SamosaBelz">

</node>
<node id="8211624167" lat="52.117555" lon="16.1107928" version="1" timestamp="2020-12-10T01:33:36Z"  changeset="95581177" uid="5308017" user="SamosaBelz">

</node>
<node id="8211626518" lat="52.1174612" lon="16.1107277" version="1" timestamp="2020-12-10T01:33:38Z"  changeset="95581177" uid="5308017" user="SamosaBelz">

</node>
<node id="8211626519" lat="52.1174949" lon="16.110595" version="1" timestamp="2020-12-10T01:33:38Z"  changeset="95581177" uid="5308017" user="SamosaBelz">

</node>
<way id="168320423" version="4" timestamp="2022-02-28T08:03:42Z" action="modify" changeset="117933166" uid="1213571" user="mcliquid">
	<tag k="addr:city" v="Zamość"/>
	<tag k="addr:city:simc" v="0987510"/>
	<tag k="addr:housenumber" v="6"/>
	<tag k="addr:postcode" v="22-400"/>
	<tag k="addr:street" v="Weteranów"/>
	<tag k="addr:street:sym_ul" v="23901"/>
	<tag k="building" v="yes"/>
	<tag k="facebook" v="https://www.facebook.com/roztoczanskiemuzeumprl/"/>
	<tag k="museum" v="history"/>
	<tag k="name" v="Roztoczańskie Muzeum PRL w Zamościu"/>
	<tag k="phone" v="+48 517 787 627"/>
	<tag k="source:addr" v="mzamosc.e-mapa.net"/>
	<tag k="start_date" v="2020-07-18"/>
	<tag k="tourism" v="museum"/>
	<tag k="operator" v="Tomasz Pakuła"/>
	<tag k="operator:type" v="private"/>
	<tag k="source:tourism" v="Wykaz Muzeów, wypis na dzień 2026-04-09"/>
	<nd ref="1796081779"/>
	<nd ref="1796081728"/>
	<nd ref="1796081649"/>
	<nd ref="1796081667"/>
	<nd ref="1796081779"/>
</way>
<node id="1796081649" lat="50.7070148" lon="23.2693247" version="1" timestamp="2012-06-20T17:33:21Z"  changeset="11961111" uid="382229" user="MilyMichas">

</node>
<node id="1796081667" lat="50.7070419" lon="23.2692228" version="1" timestamp="2012-06-20T17:33:21Z"  changeset="11961111" uid="382229" user="MilyMichas">

</node>
<node id="1796081728" lat="50.7071195" lon="23.2693943" version="1" timestamp="2012-06-20T17:33:22Z"  changeset="11961111" uid="382229" user="MilyMichas">

</node>
<node id="1796081779" lat="50.7071466" lon="23.2692924" version="1" timestamp="2012-06-20T17:33:22Z"  changeset="11961111" uid="382229" user="MilyMichas">

</node>
<node id="9453511249" lat="53.6366258" lon="22.4690569" version="1" timestamp="2022-01-27T17:32:54Z" action="modify" changeset="116676088" uid="10693459" user="Kacperocik">
	<tag k="addr:city" v="Grajewo"/>
	<tag k="addr:housenumber" v="9"/>
	<tag k="addr:postcode" v="19-200"/>
	<tag k="addr:street" v="Legionistów"/>
	<tag k="email" v="poczta@gih.grajewo.pl"/>
	<tag k="museum" v="history"/>
	<tag k="name" v="Muzeum Historyczne w Grajewie (Grajewska Izba Historyczna)"/>
	<tag k="opening_hours" v="Mo 09:00-15:00; Tu 10:00-18:00; We-Th 09:00-15:00; Fr 10:00-18:00; Sa 10:00-15:00; Su off"/>
	<tag k="operator" v="Grajewskie Centrum Kultury"/>
	<tag k="phone" v="+48862722004"/>
	<tag k="tourism" v="museum"/>
	<tag k="website" v="http://gih.grajewo.pl/"/>
	<tag k="operator:type" v="ngo"/>
	<tag k="source:tourism" v="Wykaz Muzeów, wypis na dzień 2026-04-09"/>
</node>
<way id="145639762" version="21" timestamp="2025-11-25T22:11:42Z" action="modify" changeset="175130380" uid="145231" user="woodpeck_repair">
	<tag k="addr:city" v="Nowogród"/>
	<tag k="addr:housenumber" v="25"/>
	<tag k="addr:postcode" v="18-414"/>
	<tag k="addr:street" v="Zamkowa"/>
	<tag k="barrier" v="fence"/>
	<tag k="fee" v="yes"/>
	<tag k="historic" v="farm"/>
	<tag k="museum" v="open_air"/>
	<tag k="name" v="Muzeum - Skansen Kurpiowski im. Adama Chętnika w Nowogrodzie"/>
	<tag k="ref:ckkp" v="PD00441"/>
	<tag k="start_date" v="1927-06-19"/>
	<tag k="tourism" v="museum"/>
	<tag k="wikidata" v="Q9337622"/>
	<tag k="wikipedia" v="pl:Skansen Kurpiowski im. Adama Chętnika w Nowogrodzie"/>
	<tag k="operator" v="Samorząd Województwa Podlaskiego"/>
	<tag k="operator:type" v="government"/>
	<tag k="source:tourism" v="Wykaz Muzeów, wypis na dzień 2026-04-09"/>
	<nd ref="1590144576"/>
	<nd ref="2897392170"/>
	<nd ref="8575398153"/>
	<nd ref="2897392166"/>
	<nd ref="8575397861"/>
	<nd ref="8575397635"/>
	<nd ref="2897392163"/>
	<nd ref="1590144573"/>
	<nd ref="2897392140"/>
	<nd ref="2897392138"/>
	<nd ref="2897392134"/>
	<nd ref="2897392122"/>
	<nd ref="8575398162"/>
	<nd ref="2897392125"/>
	<nd ref="8575397745"/>
	<nd ref="8593141612"/>
	<nd ref="8575398163"/>
	<nd ref="8575369814"/>
	<nd ref="10582550162"/>
	<nd ref="2897392132"/>
	<nd ref="2897392126"/>
	<nd ref="2897392123"/>
	<nd ref="2897392127"/>
	<nd ref="8575397780"/>
	<nd ref="8575397809"/>
	<nd ref="8589752721"/>
	<nd ref="2897392136"/>
	<nd ref="8593687991"/>
	<nd ref="8575398165"/>
	<nd ref="2897392152"/>
	<nd ref="8575397797"/>
	<nd ref="8575398124"/>
	<nd ref="2897392161"/>
	<nd ref="2897392155"/>
	<nd ref="8575398156"/>
	<nd ref="8754068916"/>
	<nd ref="2897392162"/>
	<nd ref="2897392160"/>
	<nd ref="8575398166"/>
	<nd ref="8575398152"/>
	<nd ref="1590144576"/>
</way>
<node id="1590144573" lat="53.2276873" lon="21.8719703" version="1" timestamp="2012-01-15T00:01:57Z"  changeset="10393904" uid="583354" user="Michal Z">

</node>
<node id="1590144576" lat="53.2289728" lon="21.8737279" version="3" timestamp="2021-03-30T13:48:51Z"  changeset="101990238" uid="68689" user="jawojx">

</node>
<node id="2897392122" lat="53.2267938" lon="21.8719046" version="2" timestamp="2021-03-30T13:48:51Z"  changeset="101990238" uid="68689" user="jawojx">

</node>
<node id="2897392123" lat="53.2271084" lon="21.8739948" version="3" timestamp="2021-05-21T18:08:05Z"  changeset="105104845" uid="553541" user="B_KSL">

</node>
<node id="2897392125" lat="53.2268834" lon="21.8722551" version="2" timestamp="2021-03-30T13:48:51Z"  changeset="101990238" uid="68689" user="jawojx">

</node>
<node id="2897392126" lat="53.2272707" lon="21.8735564" version="2" timestamp="2021-03-30T13:48:51Z"  changeset="101990238" uid="68689" user="jawojx">

</node>
<node id="2897392127" lat="53.2268625" lon="21.8747778" version="4" timestamp="2021-05-21T18:08:05Z"  changeset="105104845" uid="553541" user="B_KSL">

</node>
<node id="2897392132" lat="53.2273598" lon="21.8733125" version="2" timestamp="2021-03-30T13:48:51Z"  changeset="101990238" uid="68689" user="jawojx">

</node>
<node id="2897392134" lat="53.2270684" lon="21.8717131" version="3" timestamp="2021-05-21T18:08:05Z"  changeset="105104845" uid="553541" user="B_KSL">

</node>
<node id="2897392136" lat="53.2274002" lon="21.8755524" version="3" timestamp="2021-04-05T00:24:52Z"  changeset="102291315" uid="68689" user="jawojx">

</node>
<node id="2897392138" lat="53.2273346" lon="21.8715274" version="2" timestamp="2021-03-30T13:48:51Z"  changeset="101990238" uid="68689" user="jawojx">

</node>
<node id="2897392140" lat="53.2274711" lon="21.8716864" version="2" timestamp="2021-03-30T13:48:51Z"  changeset="101990238" uid="68689" user="jawojx">

</node>
<node id="2897392152" lat="53.2277299" lon="21.8759044" version="2" timestamp="2021-03-30T13:48:51Z"  changeset="101990238" uid="68689" user="jawojx">

</node>
<node id="2897392155" lat="53.2278138" lon="21.8746919" version="4" timestamp="2021-05-21T20:05:55Z"  changeset="105109395" uid="68689" user="jawojx">

</node>
<node id="2897392160" lat="53.2286623" lon="21.8742016" version="2" timestamp="2021-03-30T13:48:51Z"  changeset="101990238" uid="68689" user="jawojx">

</node>
<node id="2897392161" lat="53.227964" lon="21.8754899" version="3" timestamp="2021-05-21T18:08:05Z"  changeset="105104845" uid="553541" user="B_KSL">

</node>
<node id="2897392162" lat="53.2284579" lon="21.8737396" version="2" timestamp="2021-03-30T13:48:51Z"  changeset="101990238" uid="68689" user="jawojx">

</node>
<node id="2897392163" lat="53.228083" lon="21.8724576" version="2" timestamp="2021-03-30T13:48:51Z"  changeset="101990238" uid="68689" user="jawojx">

</node>
<node id="2897392166" lat="53.2284624" lon="21.8730122" version="1" timestamp="2014-06-03T16:08:38Z"  changeset="22717589" uid="2039700" user="zbyszek63">

</node>
<node id="2897392170" lat="53.228838" lon="21.8735501" version="1" timestamp="2014-06-03T16:08:38Z"  changeset="22717589" uid="2039700" user="zbyszek63">

</node>
<node id="8575369814" lat="53.2271044" lon="21.8725153" version="2" timestamp="2021-05-21T18:08:05Z"  changeset="105104845" uid="553541" user="B_KSL">

</node>
<node id="8575397635" lat="53.2282479" lon="21.8726986" version="1" timestamp="2021-03-30T13:48:51Z"  changeset="101990238" uid="68689" user="jawojx">

</node>
<node id="8575397745" lat="53.2269583" lon="21.8723601" version="1" timestamp="2021-03-30T13:48:51Z"  changeset="101990238" uid="68689" user="jawojx">

</node>
<node id="8575397780" lat="53.2271375" lon="21.8751743" version="2" timestamp="2021-04-05T00:24:52Z"  changeset="102291315" uid="68689" user="jawojx">

</node>
<node id="8575397797" lat="53.2278485" lon="21.8756924" version="2" timestamp="2021-05-21T18:08:05Z"  changeset="105104845" uid="553541" user="B_KSL">

</node>
<node id="8575397809" lat="53.2271988" lon="21.8752629" version="3" timestamp="2021-05-21T18:08:05Z"  changeset="105104845" uid="553541" user="B_KSL">

</node>
<node id="8575397861" lat="53.2282547" lon="21.8727086" version="1" timestamp="2021-03-30T13:48:51Z"  changeset="101990238" uid="68689" user="jawojx">

</node>
<node id="8575398124" lat="53.227894" lon="21.8756126" version="2" timestamp="2021-05-21T18:08:05Z"  changeset="105104845" uid="553541" user="B_KSL">
	<tag k="barrier" v="gate"/>
</node>
<node id="8575398152" lat="53.228935" lon="21.8738198" version="1" timestamp="2021-03-30T13:48:51Z"  changeset="101990238" uid="68689" user="jawojx">
	<tag k="barrier" v="gate"/>
</node>
<node id="8575398153" lat="53.2286579" lon="21.8732965" version="1" timestamp="2021-03-30T13:48:51Z"  changeset="101990238" uid="68689" user="jawojx">

</node>
<node id="8575398156" lat="53.2278679" lon="21.8746698" version="1" timestamp="2021-03-30T13:48:51Z"  changeset="101990238" uid="68689" user="jawojx">

</node>
<node id="8575398162" lat="53.2268595" lon="21.8722156" version="2" timestamp="2021-05-21T18:08:05Z"  changeset="105104845" uid="553541" user="B_KSL">

</node>
<node id="8575398163" lat="53.2270739" lon="21.872524" version="2" timestamp="2021-05-21T18:08:05Z"  changeset="105104845" uid="553541" user="B_KSL">

</node>
<node id="8575398165" lat="53.227456" lon="21.8755147" version="1" timestamp="2021-03-30T13:48:51Z"  changeset="101990238" uid="68689" user="jawojx">

</node>
<node id="8575398166" lat="53.2288831" lon="21.8739463" version="1" timestamp="2021-03-30T13:48:51Z"  changeset="101990238" uid="68689" user="jawojx">

</node>
<node id="8589752721" lat="53.2273073" lon="21.8754188" version="2" timestamp="2021-05-21T18:08:05Z"  changeset="105104845" uid="553541" user="B_KSL">

</node>
<node id="8593141612" lat="53.2270327" lon="21.8724655" version="1" timestamp="2021-04-04T19:58:51Z"  changeset="102286141" uid="68689" user="jawojx">

</node>
<node id="8593687991" lat="53.2274159" lon="21.8755227" version="1" timestamp="2021-04-05T00:24:52Z"  changeset="102291315" uid="68689" user="jawojx">

</node>
<node id="8754068916" lat="53.2281651" lon="21.8742013" version="1" timestamp="2021-05-21T20:13:05Z"  changeset="105109613" uid="68689" user="jawojx">

</node>
<node id="10582550162" lat="53.2276282" lon="21.8730408" version="1" timestamp="2023-01-25T20:20:40Z"  changeset="131709968" uid="18089394" user="Mrksmlk">

</node>
<node id="13661011920" lat="50.5909541" lon="21.0016308" version="1" timestamp="2026-03-19T09:58:52Z" action="modify" changeset="180099684" uid="21758575" user="qumil">
	<tag k="addr:city" v="Szydłów"/>
	<tag k="addr:housenumber" v="21"/>
	<tag k="addr:postcode" v="28-225"/>
	<tag k="addr:street" v="Rynek"/>
	<tag k="email" v="rezerwacje@muzeumsliwki.pl"/>
	<tag k="name" v="Muzeum Śliwki w Szydłowie"/>
	<tag k="opening_hours" v="Mo-Fr 09:00-16:00; Sa-Su 09:00-19:00"/>
	<tag k="phone" v="+48 518 921 980"/>
	<tag k="tourism" v="museum"/>
	<tag k="website" v="https://muzeumsliwki.pl/"/>
	<tag k="operator" v="Business Republic Agnieszka Wierzbicka- Baxter"/>
	<tag k="operator:type" v="ngo"/>
	<tag k="source:tourism" v="Wykaz Muzeów, wypis na dzień 2026-04-09"/>
</node>
<node id="4450208060" lat="51.7762288" lon="19.4542896" version="2" timestamp="2024-08-03T19:52:10Z" action="modify" changeset="154787933" uid="277387" user="rogal">
	<tag k="addr:city" v="Łódź"/>
	<tag k="addr:housenumber" v="2"/>
	<tag k="addr:postcode" v="91-415"/>
	<tag k="addr:street" v="Plac Wolności"/>
	<tag k="fee" v="yes"/>
	<tag k="name" v="Muzeum Księży Młyn w Łodzi"/>
	<tag k="opening_hours" v="Tu, Th 9:00-16:00"/>
	<tag k="phone" v="+48 42 6321715"/>
	<tag k="tourism" v="museum"/>
	<tag k="website" v="http://www.muzeumfarmacji.eu"/>
	<tag k="operator" v="Stowarzyszenie Tylko Księży Młyn"/>
	<tag k="operator:type" v="ngo"/>
	<tag k="source:tourism" v="Wykaz Muzeów, wypis na dzień 2026-04-09"/>
</node>
<node id="1599381625" lat="54.3444414" lon="18.8289436" version="5" timestamp="2025-03-19T20:53:22Z" action="modify" changeset="163836264" uid="11437083" user="czebureks">
	<tag k="addr:city" v="Gdańsk"/>
	<tag k="addr:housenumber" v="3"/>
	<tag k="addr:postcode" v="80-680"/>
	<tag k="addr:street" v="Turystyczna"/>
	<tag k="name" v="Pomorskie Muzeum Techniki Użytkowej w Gdańsku"/>
	<tag k="phone" v="+48 58 323 91 15"/>
	<tag k="source" v="Im working there"/>
	<tag k="tourism" v="museum"/>
	<tag k="website" v="http://wyspaskarbow.gak.gda.pl"/>
	<tag k="operator" v="Łukasz Sławiński"/>
	<tag k="operator:type" v="private"/>
	<tag k="source:tourism" v="Wykaz Muzeów, wypis na dzień 2026-04-09"/>
</node>
<way id="1210945487" version="3" timestamp="2025-04-06T08:43:35Z" action="modify" changeset="164579680" uid="408964" user="Lesnydzban">
	<tag k="addr:city" v="Wilamowice"/>
	<tag k="addr:city:simc" v="0926996"/>
	<tag k="addr:housenumber" v="19"/>
	<tag k="addr:postcode" v="43-330"/>
	<tag k="addr:street" v="Więźniów Oświęcimia"/>
	<tag k="building" v="yes"/>
	<tag k="name" v="Muzeum Kultury Wilamowskiej w Wilamowicach"/>
	<tag k="source:addr" v="gugik.gov.pl"/>
	<tag k="tourism" v="museum"/>
	<tag k="operator" v="Gmina Wilamowice"/>
	<tag k="operator:type" v="government"/>
	<tag k="source:tourism" v="Wykaz Muzeów, wypis na dzień 2026-04-09"/>
	<nd ref="11449377498"/>
	<nd ref="11219561804"/>
	<nd ref="12732730977"/>
	<nd ref="11219561805"/>
	<nd ref="11219561806"/>
	<nd ref="12732730978"/>
	<nd ref="11219561807"/>
	<nd ref="11219561808"/>
	<nd ref="12732730976"/>
	<nd ref="12732730979"/>
	<nd ref="12732730980"/>
	<nd ref="11219561809"/>
	<nd ref="11219561810"/>
	<nd ref="11219561811"/>
	<nd ref="11219561812"/>
	<nd ref="11449377498"/>
</way>
<node id="11219561804" lat="49.9205606" lon="19.1492856" version="2" timestamp="2025-04-06T08:43:35Z"  changeset="164579680" uid="408964" user="Lesnydzban">

</node>
<node id="11219561805" lat="49.9207098" lon="19.1493978" version="2" timestamp="2025-04-06T08:43:35Z"  changeset="164579680" uid="408964" user="Lesnydzban">

</node>
<node id="11219561806" lat="49.9206896" lon="19.1494625" version="2" timestamp="2025-04-06T08:43:35Z"  changeset="164579680" uid="408964" user="Lesnydzban">
	<tag k="entrance" v="yes"/>
</node>
<node id="11219561807" lat="49.9206143" lon="19.1494801" version="2" timestamp="2025-04-06T08:43:35Z"  changeset="164579680" uid="408964" user="Lesnydzban">

</node>
<node id="11219561808" lat="49.9205889" lon="19.1495615" version="2" timestamp="2025-04-06T08:43:35Z"  changeset="164579680" uid="408964" user="Lesnydzban">

</node>
<node id="11219561809" lat="49.9208671" lon="19.1497474" version="2" timestamp="2025-04-06T08:43:35Z"  changeset="164579680" uid="408964" user="Lesnydzban">

</node>
<node id="11219561810" lat="49.9209216" lon="19.1495729" version="2" timestamp="2025-04-06T08:43:35Z"  changeset="164579680" uid="408964" user="Lesnydzban">

</node>
<node id="11219561811" lat="49.9208617" lon="19.1495278" version="2" timestamp="2025-04-06T08:43:35Z"  changeset="164579680" uid="408964" user="Lesnydzban">

</node>
<node id="11219561812" lat="49.9208938" lon="19.1494247" version="2" timestamp="2025-04-06T08:43:35Z"  changeset="164579680" uid="408964" user="Lesnydzban">

</node>
<node id="11449377498" lat="49.9205888" lon="19.1491952" version="3" timestamp="2025-04-06T08:43:35Z"  changeset="164579680" uid="408964" user="Lesnydzban">

</node>
<node id="12732730976" lat="49.9206621" lon="19.1496166" version="1" timestamp="2025-04-06T08:43:35Z"  changeset="164579680" uid="408964" user="Lesnydzban">
	<tag k="entrance" v="yes"/>
</node>
<node id="12732730977" lat="49.9206375" lon="19.1493434" version="1" timestamp="2025-04-06T08:43:35Z"  changeset="164579680" uid="408964" user="Lesnydzban">
	<tag k="entrance" v="yes"/>
</node>
<node id="12732730978" lat="49.9206709" lon="19.1495226" version="1" timestamp="2025-04-06T08:43:35Z"  changeset="164579680" uid="408964" user="Lesnydzban">

</node>
<node id="12732730979" lat="49.9207305" lon="19.149668" version="1" timestamp="2025-04-06T08:43:35Z"  changeset="164579680" uid="408964" user="Lesnydzban">

</node>
<node id="12732730980" lat="49.9207364" lon="19.149649" version="1" timestamp="2025-04-06T08:43:35Z"  changeset="164579680" uid="408964" user="Lesnydzban">

</node>
<way id="264867022" version="6" timestamp="2024-11-12T18:07:10Z" action="modify" changeset="159061796" uid="12901812" user="Alicja1">
	<tag k="addr:city" v="Puszczykowo"/>
	<tag k="addr:city:simc" v="0971376"/>
	<tag k="addr:housenumber" v="1"/>
	<tag k="addr:postcode" v="62-040"/>
	<tag k="addr:street" v="Juliusza Słowackiego"/>
	<tag k="barrier" v="fence"/>
	<tag k="name" v="Muzeum Polskiej Motoryzacji w Puszczykowie"/>
	<tag k="phone" v="+48601688196"/>
	<tag k="ref:ckkp" v="WP00556"/>
	<tag k="source:addr" v="EMUiA (puszczykowo.e-mapa.net)"/>
	<tag k="tourism" v="museum"/>
	<tag k="website" v="http://www.fiedler.pl/"/>
	<tag k="wikidata" v="Q11786892"/>
	<tag k="wikipedia" v="pl:Muzeum – Pracownia Literacka Arkadego Fiedlera w Puszczykowie"/>
	<tag k="operator" v="Fundacja Romanowscy"/>
	<tag k="operator:type" v="ngo"/>
	<tag k="source:tourism" v="Wykaz Muzeów, wypis na dzień 2026-04-09"/>
	<nd ref="2705250206"/>
	<nd ref="6641797711"/>
	<nd ref="2705250207"/>
	<nd ref="2705250203"/>
	<nd ref="2705250205"/>
	<nd ref="2705250206"/>
</way>
<node id="2705250203" lat="52.2755662" lon="16.8678818" version="3" timestamp="2024-11-12T18:07:10Z"  changeset="159061796" uid="12901812" user="Alicja1">

</node>
<node id="2705250205" lat="52.2749394" lon="16.8677205" version="3" timestamp="2024-11-12T18:07:10Z"  changeset="159061796" uid="12901812" user="Alicja1">

</node>
<node id="2705250206" lat="52.2751133" lon="16.8668706" version="3" timestamp="2024-11-12T18:07:10Z"  changeset="159061796" uid="12901812" user="Alicja1">

</node>
<node id="2705250207" lat="52.2760074" lon="16.8673733" version="3" timestamp="2024-11-12T18:07:10Z"  changeset="159061796" uid="12901812" user="Alicja1">

</node>
<node id="6641797711" lat="52.275523" lon="16.8671133" version="1" timestamp="2019-07-23T20:52:17Z"  changeset="72575846" uid="9473159" user="dobry_login">
	<tag k="barrier" v="gate"/>
</node>
<node id="8869757642" lat="52.2076601" lon="21.010965" version="4" timestamp="2024-07-10T18:35:27Z" action="modify" changeset="153796503" uid="67255" user="Rogoyski">
	<tag k="addr:city" v="Warszawa"/>
	<tag k="addr:housenumber" v="37"/>
	<tag k="addr:postcode" v="02-521"/>
	<tag k="addr:street" v="Rakowiecka"/>
	<tag k="check_date" v="2024-07-10"/>
	<tag k="fee" v="no"/>
	<tag k="name" v="Muzeum Żołnierzy Wyklętych i Więźniów Politycznych PRL"/>
	<tag k="opening_hours" v="Tu-Fr 10:00-16:00 "on appointment"; Sa-Su 10:00-16:00"/>
	<tag k="tourism" v="museum"/>
	<tag k="website" v="https://rakowiecka37.pl/"/>
	<tag k="operator" v="Prezes Instytutu Pamięci Narodowej- Komisja Ścigania Zbrodni przeciwko Narodowi Polskiemu"/>
	<tag k="operator:type" v="government"/>
	<tag k="source:tourism" v="Wykaz Muzeów, wypis na dzień 2026-04-09"/>
</node>
<way id="190001732" version="10" timestamp="2026-02-21T20:46:43Z" action="modify" changeset="178876346" uid="2044927" user="Mariusz Staniszewski">
	<tag k="addr:city" v="Bydgoszcz"/>
	<tag k="addr:housenumber" v="10"/>
	<tag k="addr:postcode" v="85-209"/>
	<tag k="addr:street" v="Staroszkolna"/>
	<tag k="building" v="yes"/>
	<tag k="museum" v="history"/>
	<tag k="name" v="Muzeum Diecezjalne Diecezji Bydgoskiej"/>
	<tag k="name:de" v="Museum des Bromberger Kanals"/>
	<tag k="tourism" v="museum"/>
	<tag k="website" v="https://kanalbydgoski.pl/"/>
	<tag k="operator" v="Diecezja Bydgoska"/>
	<tag k="operator:type" v="religious"/>
	<tag k="source:tourism" v="Wykaz Muzeów, wypis na dzień 2026-04-09"/>
	<nd ref="2006046244"/>
	<nd ref="2006046176"/>
	<nd ref="2006046300"/>
	<nd ref="10942189742"/>
	<nd ref="2006046244"/>
</way>
<node id="2006046176" lat="53.129317" lon="17.9751231" version="3" timestamp="2023-05-31T13:59:58Z"  changeset="136791042" uid="6765127" user="Cristoffs">

</node>
<node id="2006046244" lat="53.1291787" lon="17.9749827" version="3" timestamp="2023-05-31T13:59:58Z"  changeset="136791042" uid="6765127" user="Cristoffs">

</node>
<node id="2006046300" lat="53.1293622" lon="17.9749906" version="3" timestamp="2023-05-31T13:59:58Z"  changeset="136791042" uid="6765127" user="Cristoffs">

</node>
<node id="10942189742" lat="53.1292223" lon="17.9748555" version="1" timestamp="2023-05-31T13:59:58Z"  changeset="136791042" uid="6765127" user="Cristoffs">

</node></osm>